tree
version=v4
num_class=1
num_tree_per_iteration=1
label_index=0
max_feature_idx=58
objective=regression
feature_names=object_id label display_x display_y anchor_x anchor_y hour minute day_of_week source_temp people_count_total people_count_within_1m people_count_within_2m people_count_within_3m nearest_person_distance mean_person_distance nearest_person_dx nearest_person_dy temp_lag_1 temp_lag_2 temp_lag_3 temp_lag_4 temp_lag_5 temp_lag_6 temp_lag_7 temp_lag_8 temp_lag_9 temp_lag_10 temp_lag_11 temp_lag_12 temp_lag_13 temp_lag_14 temp_lag_15 temp_lag_16 temp_lag_17 temp_lag_18 temp_lag_19 temp_lag_20 temp_lag_21 temp_lag_22 temp_lag_23 temp_lag_24 temp_lag_25 temp_lag_26 temp_lag_27 temp_lag_28 temp_lag_29 temp_lag_30 temp_roll_mean_5 temp_roll_mean_10 temp_roll_mean_20 temp_roll_mean_30 temp_roll_std_5 temp_roll_std_10 temp_roll_std_20 temp_roll_std_30 temp_delta_1 seconds_since_previous target_minutes_ahead
feature_infos=-1:3:1:9:0:11:5:6:12:7:2:4:10 -1:1:0:2:3 [0.65677700000000006:10.635484999999999] [0.181031:3.755376] [0.65677700000000006:10.635484999999999] [0.181031:3.755376] [8:22] [0:59] [1:4] [20.767314910888672:34.357685089111328] [0:8] [0:3] [0:6] [0:8] [-1:12.555159157760208] [-1:12.555159157760208] [-12.092689999999999:7.2496249999999991] [-3.7595900000000002:2.7911589999999999] [20.767314910888672:34.357685089111328] [20.767314910888672:34.357685089111328] [20.767314910888672:34.357685089111328] [20.767314910888672:34.357685089111328] [20.767314910888672:34.357685089111328] [20.767314910888672:34.357685089111328] [20.740428924560547:34.357685089111328] [20.740428924560547:34.357685089111328] [20.740428924560547:34.357685089111328] [20.740428924560547:34.357685089111328] [20.740428924560547:34.357685089111328] [20.740428924560547:34.357685089111328] [20.740428924560547:34.357685089111328] [20.740428924560547:34.357685089111328] [20.740428924560547:34.357685089111328] [20.740428924560547:34.357685089111328] [20.740428924560547:34.357685089111328] [20.60832405090332:34.357685089111328] [20.60832405090332:34.357685089111328] [20.60832405090332:34.357685089111328] [20.52905273:34.357685089111328] [20.52905273:34.357685089111328] [20.52905273:34.357685089111328] [20.52905273:34.357685089111328] [20.52905273:34.357685089111328] [20.52905273:34.357685089111328] [20.52905273:34.357685089111328] [20.52905273:34.357685089111328] [20.52905273:34.357685089111328] [20.52905273:34.357685089111328] [20.844284439086913:34.301384736044916] [20.86952991474805:34.27119560288574] [20.957993888854979:34.165245819326174] [21.013332176208497:34.119628524778321] [0.0046546274530860493:4.1595707097818613] [0.013041314038002714:3.345309931681534] [0.027526308275021994:3.0383026114688216] [0.036703725052626479:3.1220182675991532] [-8.6861438751220703:7.9542140960693359] [60:5400] [10:15]
tree_sizes=819 867 867 867 865 863 866 870 858 865 865 866 861 863 867 859 868 860 862 867 867 862 871 871 868 869 874 864 866 870 866 866 867 862 869 866 870 878 874 866 871 869 871 869 859 872 874 875 865 868 867 871 879 871 872 874 870 866 872 879 879 873 868 867 864 875 869 873 870 871 872 871 872 867 871 881 868 876 868 879 872 867 871 876 874 878 877 874 873 878 875 876 874 876 876 876 875 876 875 880 878 883 877 877 882 880 874 876 881 880 902 873 878 877 881 896 879 887 875 882 875 868 884 899 896 875 878 878 887 900 883 879 882 889 880 894 901 877 880 898 895 796 816 879 880 883 816 886 876 901 881 879 902 884 902 813 900 900 892 886 908 896 907 796 880 879 887 901 881 905 881 797 880 813 890 881 895 878 898 903 800 882 906 895 801 884 906 884 891 882 882 886 880 879 890 892 904 806 903 814 878 886 881 888 809 879 884 906 897 898 817 901 885 883 818 813 800 903 789 880 885 799 797 881 821 906 883 818 894 731 802 886 809 822 889 807 731 814 897 710 891 889 712 908 793 910 892 803 798 818 885 802 805 889 814 622 798 820 889 910 818 821 910 903 800 806 733 622 892 635 729 887 635 819 909 804 913 905 622 903 899 798 879 914 806 896 714 893 729 797 728 645 880 707 727 799 739 888 645 618 619 892 730 823 804 813 800 887 822 894 625 624 822 614 630 622 816 619 882 708 713 618 908 822 804 910 536 800 730 891 625 729 797 826 642 803 735 530 712 622 892 804 895 730 825 905 638 914 820 621 637 707 624 826 712 732 805 911 887 624 892 531 715 893 623 531 827 714 710 800 622 645 912 705 910 616 889 819 888 622 804 817 728 711 882 531 606 618 627 624 710 893 641 885 622 800 528 820 532 826 710 883 619 620 893 897 710 620 736 531 895 735 532 805 531 614 528 706 713 712 805 805 892 531 918 908 706 618 890 706 798 620 893 795 801 620 818

Tree=0
num_leaves=8
num_cat=0
split_feature=48 48 48 48 9 9 49
split_gain=45910.8 15061.3 8862.21 2589.42 1576.86 1151.82 981.731
threshold=24.80167026519776 29.325242233276374 23.107831573486333 25.856956862951662 22.069253921508793 31.602984428405765 23.805935382843021
decision_type=2 2 2 2 2 2 2
left_child=2 3 4 -2 -1 -3 -4
right_child=1 5 6 -5 -6 -7 -8
leaf_value=23.892511258510677 23.954464862731275 24.037118739458947 23.923216436468973 23.980755265530856 23.908958930115848 24.090968471145676 23.937380059821287
leaf_weight=3353 2685 240 3083 2328 4606 307 3449
leaf_count=3353 2685 240 3083 2328 4606 307 3449
internal_value=23.932 23.9766 23.9149 23.9667 23.902 24.0674 23.9307
internal_weight=20051 5560 14491 5013 7959 547 6532
internal_count=20051 5560 14491 5013 7959 547 6532
is_linear=0
shrinkage=1


Tree=1
num_leaves=8
num_cat=0
split_feature=48 48 48 48 49 48 48
split_gain=44567.3 16132.6 7445.22 3065.94 1180.96 1083.58 962.867
threshold=24.618556976318363 29.325242233276374 22.787166213989263 25.856956862951662 23.718981742867438 31.602084732055669 21.88026332855225
decision_type=2 2 2 2 2 2 2
left_child=2 3 6 -2 -4 -3 -1
right_child=1 5 4 -5 -6 -7 -8
leaf_value=-0.041615278866528854 0.01999257305621677 0.10344324799921509 -0.011910066725753654 0.047367717420187798 0.0028505618173601606 0.15533638518433501 -0.026991961476055704
leaf_weight=2317 3227 233 4088 2355 3226 330 4253
leaf_count=2317 3227 233 4088 2355 3226 330 4253
internal_value=4.13285e-05 0.0409367 -0.0180595 0.0315447 -0.00539979 0.133958 -0.0321515
internal_weight=20029 6145 13884 5582 7314 563 6570
internal_count=20029 6145 13884 5582 7314 563 6570
is_linear=0
shrinkage=0.0182397


Tree=2
num_leaves=8
num_cat=0
split_feature=48 48 48 48 49 9 9
split_gain=43029.3 15338.4 7260.18 3024.35 1162.17 1068.54 927.634
threshold=24.618556976318363 29.325242233276374 22.787166213989263 25.856956862951662 23.628423500232913 31.602984428405765 21.957931518554691
decision_type=2 2 2 2 2 2 2
left_child=2 3 6 -2 -4 -3 -1
right_child=1 5 4 -5 -6 -7 -8
leaf_value=-0.039448424754461323 0.019645892664612839 0.10170332184889579 -0.012453538015391693 0.046826940558839791 0.0020548085323159231 0.15317501793410784 -0.025631407044184745
leaf_weight=2853 3237 239 3698 2352 3649 320 3741
leaf_count=2853 3237 239 3698 2352 3649 320 3741
internal_value=8.63074e-06 0.0402045 -0.0177185 0.0310872 -0.00524805 0.131266 -0.0316118
internal_weight=20089 6148 13941 5589 7347 559 6594
internal_count=20089 6148 13941 5589 7347 559 6594
is_linear=0
shrinkage=0.0182397


Tree=3
num_leaves=8
num_cat=0
split_feature=48 48 48 48 9 9 49
split_gain=41578.9 14144.1 7834.27 2419.85 1310.82 1097.35 925.257
threshold=24.774865722656255 29.325242233276374 23.059317207336431 25.856956862951662 22.069253921508793 31.602984428405765 23.854276275596437
decision_type=2 2 2 2 2 2 2
left_child=2 3 4 -2 -1 -3 -4
right_child=1 5 6 -5 -6 -7 -8
leaf_value=-0.037576036558573278 0.020630729881386693 0.09900036586456247 -0.008614729941436753 0.045811692953586496 -0.022427929037067668 0.15061406787704654 0.0049480277138021778
leaf_weight=3355 2778 248 3460 2340 4391 319 3240
leaf_count=3355 2778 248 3460 2340 4391 319 3240
internal_value=-5.48106e-05 0.0417292 -0.016499 0.0321467 -0.0289907 0.128133 -0.00205613
internal_weight=20131 5685 14446 5118 7746 567 6700
internal_count=20131 5685 14446 5118 7746 567 6700
is_linear=0
shrinkage=0.0182397


Tree=4
num_leaves=8
num_cat=0
split_feature=48 48 9 48 49 9 48
split_gain=40242.9 14226 6527.44 2869.21 1081.14 1032.21 902.278
threshold=24.568722534415532 29.325242233276374 22.754701614379886 25.897714042663576 23.471683883769291 31.602984428405765 21.88026332855225
decision_type=2 2 2 2 2 2 2
left_child=2 3 6 -2 -4 -3 -1
right_child=1 5 4 -5 -6 -7 -8
leaf_value=-0.039691900265664368 0.019037693733017901 0.097151774405158445 -0.01361563189213982 0.045259053298234868 0.00066077108709518013 0.14757903371174103 -0.025569003161690734
leaf_weight=2324 3468 243 3082 2316 4128 317 4285
leaf_count=2324 3468 243 3082 2316 4128 317 4285
internal_value=1.44733e-05 0.0380442 -0.0174448 0.0295398 -0.00544231 0.125791 -0.0305375
internal_weight=20163 6344 13819 5784 7210 560 6609
internal_count=20163 6344 13819 5784 7210 560 6609
is_linear=0
shrinkage=0.0182397


Tree=5
num_leaves=8
num_cat=0
split_feature=48 48 48 48 48 9 48
split_gain=38409.9 12605 7496.6 2192.98 1354.11 949.033 798.871
threshold=24.80167026519776 29.325242233276374 22.748831367492681 25.856956862951662 23.686778449932621 31.602984428405765 21.74398593902588
decision_type=2 2 2 2 2 2 2
left_child=2 3 6 -2 -4 -3 -1
right_child=1 5 4 -5 -6 -7 -8
leaf_value=-0.040728071964224337 0.020175999064204142 0.096215988272515832 -0.011138522711843171 0.044230925495905196 0.003803701270064143 0.14479968032980808 -0.026347406073381346
leaf_weight=1774 2685 246 4189 2379 3892 306 4686
leaf_count=1774 2685 246 4189 2379 3892 306 4686
internal_value=-4.63258e-06 0.0405079 -0.0156521 0.0314795 -0.00394218 0.123242 -0.030299
internal_weight=20157 5616 14541 5064 8081 552 6460
internal_count=20157 5616 14541 5064 8081 552 6460
is_linear=0
shrinkage=0.0182397


Tree=6
num_leaves=8
num_cat=0
split_feature=49 49 9 49 9 49 9
split_gain=36908.3 13419.1 5599.11 2547.66 1329.11 928.332 784.294
threshold=24.478421306610112 28.939923953846684 22.713953971862797 25.747661876678468 31.602984428405765 23.422259235625003 21.957931518554691
decision_type=2 2 2 2 2 2 2
left_child=2 3 6 -2 -3 -4 -1
right_child=1 4 5 -5 -6 -7 -8
leaf_value=-0.036756722772495441 0.016719824842936135 0.089050469133672705 -0.013733675809604037 0.04074203959542208 0.14227577962270294 -0.00037081550370500401 -0.023898967094691154
leaf_weight=2853 3490 323 3020 2537 309 4047 3543
leaf_count=2853 3490 323 3020 2537 309 4047 3543
internal_value=0.00010029 0.0352234 -0.0172727 0.026834 0.115154 -0.00608178 -0.0296364
internal_weight=20122 6659 13463 6027 632 7067 6396
internal_count=20122 6659 13463 6027 632 7067 6396
is_linear=0
shrinkage=0.0182397


Tree=7
num_leaves=8
num_cat=0
split_feature=48 48 48 48 9 49 48
split_gain=35489.9 12148.7 5866.72 2183.39 1524.36 930.334 778.667
threshold=24.568722534415532 28.433867073059087 22.787166213989263 25.856956862951662 31.602984428405765 23.742674064245609 21.864699364020996
decision_type=2 2 2 2 2 2 2
left_child=2 3 6 -2 -3 -4 -1
right_child=1 4 5 -5 -6 -7 -8
leaf_value=-0.037596449012310379 0.017610326476941808 0.083866863584859022 -0.010680791364229081 0.040873921368779535 0.13868076922642339 0.0025996121584617679 -0.024391803096303722
leaf_weight=2265 3392 392 4196 2222 301 3016 4334
leaf_count=2265 3392 392 4196 2222 301 3016 4334
internal_value=-0.000128169 0.0357195 -0.0164992 0.0268205 0.107748 -0.00512721 -0.0289263
internal_weight=20118 6307 13811 5614 693 7212 6599
internal_count=20118 6307 13811 5614 693 7212 6599
is_linear=0
shrinkage=0.0182397


Tree=8
num_leaves=8
num_cat=0
split_feature=48 48 48 48 49 48 48
split_gain=34709.1 10411.1 8031.15 1491.8 1340 958.033 837.982
threshold=25.11644191741944 29.325242233276374 23.193091392517093 26.7697572711084 22.305402183619389 24.06515808105469 31.602084732055669
decision_type=2 2 2 2 2 2 2
left_child=2 3 4 -2 -1 -4 -3
right_child=1 6 5 -5 -6 -7 -8
leaf_value=-0.032369091634474288 0.027398366066715592 0.090731652168850041 -0.005243934658960509 0.053316825307757366 -0.017674454374169694 0.0082665811475587814 0.13628858156628926
leaf_weight=4342 3272 239 3686 955 3940 3317 321
leaf_count=4342 3272 239 3686 955 3940 3317 321
internal_value=0.000200295 0.0430572 -0.0132226 0.033259 -0.0253797 0.00115549 0.116932
internal_weight=20072 4787 15285 4227 8282 7003 560
internal_count=20072 4787 15285 4227 8282 7003 560
is_linear=0
shrinkage=0.0182397


Tree=9
num_leaves=8
num_cat=0
split_feature=48 48 48 9 9 9 9
split_gain=33658.6 10134.1 7782.15 1404.22 1201.04 1075.67 831.582
threshold=25.11644191741944 29.325242233276374 23.141640472412114 26.634457588195804 22.145884513854984 23.953875541687015 32.32448387395997
decision_type=2 2 2 2 2 2 2
left_child=2 3 4 -2 -1 -4 -3
right_child=1 6 5 -5 -6 -7 -8
leaf_value=-0.033170216231586988 0.026251422434015112 0.095925507602799776 -0.0061292476652657487 0.050121321208664582 -0.019051647519740436 0.0079722752702698248 0.14119627198599619
leaf_weight=3627 3053 330 3726 1122 4487 3480 236
leaf_count=3627 3053 330 3726 1122 4487 3480 236
internal_value=2.93135e-05 0.0424971 -0.0131138 0.0326709 -0.0253642 0.000680884 0.114897
internal_weight=20061 4741 15320 4175 8114 7206 566
internal_count=20061 4741 15320 4175 8114 7206 566
is_linear=0
shrinkage=0.0182397


Tree=10
num_leaves=8
num_cat=0
split_feature=48 48 48 9 9 9 9
split_gain=32109.7 9847.53 7379.1 1406.26 1158.93 1021.51 821.726
threshold=25.083059120178227 29.325242233276374 23.124342537159183 26.779591562863775 22.069253921508793 23.953875541687015 31.602984428405765
decision_type=2 2 2 2 2 2 2
left_child=2 3 4 -2 -1 -4 -3
right_child=1 6 5 -5 -6 -7 -8
leaf_value=-0.033177839456755426 0.025845757080087798 0.088036875072964774 -0.0061375550622356926 0.050616371328607621 -0.019123679471238546 0.0075630067099314111 0.13310308773229432
leaf_weight=3342 3260 246 3792 996 4700 3464 310
leaf_count=3342 3260 246 3792 996 4700 3464 310
internal_value=-6.8772e-06 0.0410854 -0.0129333 0.0316473 -0.0249656 0.000403128 0.113249
internal_weight=20110 4812 15298 4256 8042 7256 556
internal_count=20110 4812 15298 4256 8042 7256 556
is_linear=0
shrinkage=0.0182397


Tree=11
num_leaves=8
num_cat=0
split_feature=48 48 48 48 49 48 19
split_gain=30956.2 9399.96 7133.02 1443.17 1346.78 749.576 733.192
threshold=25.083059120178227 29.325242233276374 23.247495269275394 26.7697572711084 22.290875434875492 24.146084022521975 32.339450836181648
decision_type=2 2 2 2 2 2 2
left_child=2 3 4 -2 -1 -4 -3
right_child=1 6 5 -5 -6 -7 -8
leaf_value=-0.031011423367479293 0.025470973849646091 0.092514142471003244 -0.0040128291724104304 0.050899519772040547 -0.016541010534043249 0.0082710706529283123 0.13548834097711421
leaf_weight=4274 3285 306 3793 960 4289 2928 241
leaf_count=4274 3285 306 3793 960 4289 2928 241
internal_value=-4.3712e-05 0.0404036 -0.012726 0.0312263 -0.0237648 0.00133884 0.111542
internal_weight=20076 4792 15284 4245 8563 6721 547
internal_count=20076 4792 15284 4245 8563 6721 547
is_linear=0
shrinkage=0.0182397


Tree=12
num_leaves=8
num_cat=0
split_feature=48 48 9 9 48 48 9
split_gain=29740 9827.14 5599.18 1867.7 902.894 748.216 736.292
threshold=24.774865722656255 29.325242233276374 22.811860084533695 26.383757591247562 23.73083934783936 21.74398593902588 31.602984428405765
decision_type=2 2 2 2 2 2 2
left_child=2 3 5 -2 -4 -1 -3
right_child=1 6 4 -5 -6 -7 -8
leaf_value=-0.036307580189381843 0.020577277824272145 0.084744077596163467 -0.00919343518668592 0.044952125190466492 0.0034018379982144191 -0.02244863805810143 0.12802055463045423
leaf_weight=1748 3665 237 3991 1464 3602 5031 305
leaf_count=1748 3665 237 3991 1464 3602 5031 305
internal_value=-1.95581e-05 0.0353488 -0.0139761 0.027538 -0.00321858 -0.0260244 0.109181
internal_weight=20043 5671 14372 5129 7593 6779 542
internal_count=20043 5671 14372 5129 7593 6779 542
is_linear=0
shrinkage=0.0182397


Tree=13
num_leaves=8
num_cat=0
split_feature=48 48 9 48 49 9 48
split_gain=28844.8 10340.1 4784 2208.67 764.015 753.219 705.907
threshold=24.568722534415532 29.325242233276374 22.772413254011234 25.817503356714848 23.718981742867438 31.602984428405765 21.88026332855225
decision_type=2 2 2 2 2 2 2
left_child=2 3 6 -2 -4 -3 -1
right_child=1 5 4 -5 -6 -7 -8
leaf_value=-0.034032182432811121 0.015326297437393785 0.08259471435099662 -0.009509739626739613 0.038104611668619413 0.0025276013290896392 0.1253706391634847 -0.021512246836870176
leaf_weight=2282 3343 249 4069 2458 3083 317 4376
leaf_count=2282 3343 249 4069 2458 3083 317 4376
internal_value=0.000128434 0.0322454 -0.0146794 0.0249801 -0.00432099 0.106631 -0.0258054
internal_weight=20177 6367 13810 5801 7152 566 6658
internal_count=20177 6367 13810 5801 7152 566 6658
is_linear=0
shrinkage=0.0182397


Tree=14
num_leaves=8
num_cat=0
split_feature=49 48 9 48 49 9 48
split_gain=27716.9 9131.22 5023.88 1815.35 929.664 709.223 672.353
threshold=24.71224575042725 29.325242233276374 22.754701614379886 26.120580100763188 23.628423500232913 31.602984428405765 21.77449989318848
decision_type=2 2 2 2 2 2 2
left_child=2 3 6 -2 -4 -3 -1
right_child=1 5 4 -5 -6 -7 -8
leaf_value=-0.034817762498426427 0.01803470681161759 0.080677362424137214 -0.010105554212490793 0.040251497076153137 0.0025862177126318386 0.12283148584631862 -0.021802138102164734
leaf_weight=1826 3398 243 3810 1913 3870 305 4787
leaf_count=1826 3398 243 3810 1913 3870 305 4787
internal_value=-4.95887e-05 0.0333592 -0.0137452 0.0260398 -0.00371031 0.104219 -0.0253981
internal_weight=20152 5859 14293 5311 7680 548 6613
internal_count=20152 5859 14293 5311 7680 548 6613
is_linear=0
shrinkage=0.0182397


Tree=15
num_leaves=8
num_cat=0
split_feature=48 48 48 9 49 9 9
split_gain=27007 7623.29 7158.66 1367.1 1180.97 903.795 450.139
threshold=25.270292090917973 29.918395614624028 23.247495269275394 27.359121322631839 22.342526435852054 24.226724624633793 32.32448387395997
decision_type=2 2 2 2 2 2 2
left_child=2 3 4 -2 -1 -4 -3
right_child=1 6 5 -5 -6 -7 -8
leaf_value=-0.028483634931268917 0.026962442210365475 0.090777972553264127 -0.0031317012283315075 0.055653823193710955 -0.01490425712097922 0.0098180384326275617 0.12641999056162004
leaf_weight=4557 3158 245 4168 670 4005 3146 242
leaf_count=4557 3158 245 4168 670 4005 3146 242
internal_value=0.000184664 0.0406451 -0.0108131 0.03199 -0.0221328 0.00243868 0.108587
internal_weight=20191 4315 15876 3828 8562 7314 487
internal_count=20191 4315 15876 3828 8562 7314 487
is_linear=0
shrinkage=0.0182397


Tree=16
num_leaves=8
num_cat=0
split_feature=49 48 9 48 18 48 49
split_gain=26131.4 9508.09 4124.1 1611.53 1345.26 631.939 589.045
threshold=24.499453353881837 28.180988121032716 22.772413254011234 25.732396697998052 30.685413360595707 21.818694496609378 23.471683883769291
decision_type=2 2 2 2 2 2 2
left_child=2 3 5 -2 -3 -1 -4
right_child=1 4 6 -5 -6 -7 -8
leaf_value=-0.033176317079339192 0.013706886921217328 0.065521997513125735 -0.010473391868973881 0.033241346340909111 0.11311061840185035 -0.020916960985764725 0.00025445462606591492
leaf_weight=1992 3419 405 3047 2386 391 4715 3859
leaf_count=1992 3419 405 3047 2386 391 4715 3859
internal_value=6.77809e-05 0.029848 -0.0143733 0.0217379 0.0889474 -0.02456 -0.00447915
internal_weight=20214 6601 13613 5805 796 6707 6906
internal_count=20214 6601 13613 5805 796 6707 6906
is_linear=0
shrinkage=0.0182397


Tree=17
num_leaves=8
num_cat=0
split_feature=48 48 48 9 48 9 9
split_gain=24770.4 7495.57 5838.49 1444.43 1089.6 707.56 401.259
threshold=25.11644191741944 29.918395614624028 23.228897476196291 27.064710614650885 22.2969196323501 24.001169204711918 32.32448387395997
decision_type=2 2 2 2 2 2 2
left_child=2 3 4 -2 -1 -4 -3
right_child=1 6 5 -5 -6 -7 -8
leaf_value=-0.027712657764652711 0.023690197002918745 0.088460879388321492 -0.0044557991017860907 0.050605200289467127 -0.014598723095834206 0.0072266039949509487 0.12271253616161205
leaf_weight=4367 3425 237 3542 823 4078 3361 234
leaf_count=4367 3425 237 3542 823 4078 3361 234
internal_value=2.62416e-05 0.0365706 -0.0112107 0.0289094 -0.0213812 0.00123234 0.105576
internal_weight=20067 4719 15348 4248 8445 6903 471
internal_count=20067 4719 15348 4248 8445 6903 471
is_linear=0
shrinkage=0.0182397


Tree=18
num_leaves=8
num_cat=0
split_feature=48 48 48 9 49 9 9
split_gain=23929 6539.29 6443.68 1202.34 1072.26 849.144 413.602
threshold=25.298513603446292 29.918395614624028 23.247495269275394 27.359121322631839 22.305402183619389 24.226724624633793 32.32448387395997
decision_type=2 2 2 2 2 2 2
left_child=2 3 4 -2 -1 -4 -3
right_child=1 6 5 -5 -6 -7 -8
leaf_value=-0.027249914741331475 0.025785347349848775 0.086301932520116906 -0.0030844978591189299 0.052397005230992909 -0.014296695740767645 0.0093556699216741229 0.12106906457879274
leaf_weight=4370 3005 247 4224 696 4144 3214 224
leaf_count=4370 3005 247 4224 696 4144 3214 224
internal_value=6.02275e-05 0.0389496 -0.0101115 0.0307955 -0.0209463 0.0022912 0.102934
internal_weight=20124 4172 15952 3701 8514 7438 471
internal_count=20124 4172 15952 3701 8514 7438 471
is_linear=0
shrinkage=0.0182397


Tree=19
num_leaves=8
num_cat=0
split_feature=49 49 9 49 9 49 9
split_gain=23178.9 8311.6 3670.56 1748.2 876.771 666.843 503.305
threshold=24.499453353881837 28.939923953846684 22.660907745361332 25.826785850688236 30.665832519531254 23.440530013796636 21.740428925412601
decision_type=2 2 2 2 2 2 2
left_child=2 3 6 -2 -3 -4 -1
right_child=1 4 5 -5 -6 -7 -8
leaf_value=-0.031674855218747598 0.013375075663700229 0.064912751026120499 -0.010895054297773906 0.033616750904412698 0.1086131087247087 0.00013052718252587017 -0.020411180531743039
leaf_weight=1902 3559 262 3320 2362 376 4052 4330
leaf_count=1902 3559 262 3320 2362 376 4052 4330
internal_value=3.22885e-05 0.0281956 -0.0135468 0.0214518 0.0907243 -0.00483523 -0.0238508
internal_weight=20163 6559 13604 5921 638 7372 6232
internal_count=20163 6559 13604 5921 638 7372 6232
is_linear=0
shrinkage=0.0182397


Tree=20
num_leaves=8
num_cat=0
split_feature=48 48 48 48 9 49 48
split_gain=22466 8097.34 3754.85 1420.98 1022.98 594.7 529.651
threshold=24.568722534415532 28.433867073059087 22.748831367492681 25.817503356714848 31.602984428405765 23.527176189422608 21.77449989318848
decision_type=2 2 2 2 2 2 2
left_child=2 3 6 -2 -3 -4 -1
right_child=1 4 5 -5 -6 -7 -8
leaf_value=-0.031381863531251525 0.013400490255674037 0.066546504646350424 -0.0097237145525402042 0.032061046376077755 0.11052346547228609 0.00066989120890987739 -0.019863960165240595
leaf_weight=1869 3330 403 3415 2293 317 3949 4609
leaf_count=1869 3330 403 3415 2293 317 3949 4609
internal_value=-3.47573e-05 0.0283902 -0.0130608 0.021012 0.0859643 -0.00415036 -0.023189
internal_weight=20185 6343 13842 5623 720 7364 6478
internal_count=20185 6343 13842 5623 720 7364 6478
is_linear=0
shrinkage=0.0182397


Tree=21
num_leaves=8
num_cat=0
split_feature=48 9 49 9 9 9 9
split_gain=21896.6 5949.67 5773.31 1118.83 888.625 653.296 552.999
threshold=25.298513603446292 29.563299179077152 23.358171939849857 22.215206146240238 27.359121322631839 24.199960708618168 32.32448387395997
decision_type=2 2 2 2 2 2 2
left_child=2 4 3 -1 -2 -4 -3
right_child=1 6 5 -5 -6 -7 -8
leaf_value=-0.0265146404578454 0.024480066687133515 0.076321798246162739 -0.0024225095455188764 -0.013621623492237051 0.048529145610168106 0.008825805756584695 0.11336407585918845
leaf_weight=4016 3038 312 3697 5065 615 3208 243
leaf_count=4016 3038 312 3697 5065 615 3208 243
internal_value=-2.19194e-05 0.036995 -0.00976665 -0.0193245 0.0285342 0.00280358 0.0926173
internal_weight=20194 4208 15986 9081 3653 6905 555
internal_count=20194 4208 15986 9081 3653 6905 555
is_linear=0
shrinkage=0.0182397


Tree=22
num_leaves=8
num_cat=0
split_feature=9 48 9 19 48 9 48
split_gain=20720.9 6828.31 3943.77 1104.33 983.364 661.731 582.511
threshold=24.776408195495609 28.180988121032716 22.920759201276859 30.731120109558109 25.732396697998052 22.069253921508793 23.830648422258303
decision_type=2 2 2 2 2 2 2
left_child=2 4 5 -3 -2 -1 -4
right_child=1 3 6 -5 -6 -7 -8
leaf_value=-0.027007680563825572 0.013811859784462081 0.058440177091677654 -0.0068172914134386944 0.10216942657283717 0.030177321566302453 -0.016011780084134685 0.0036607068717007338
leaf_weight=3358 2601 397 3821 377 2305 3984 3280
leaf_count=3358 2601 397 3821 377 2305 3984 3280
internal_value=-6.22537e-05 0.0294505 -0.0116693 0.0797858 0.0215029 -0.0210423 -0.00197751
internal_weight=20123 5680 14443 774 4906 7342 7101
internal_count=20123 5680 14443 774 4906 7342 7101
is_linear=0
shrinkage=0.0182397


Tree=23
num_leaves=8
num_cat=0
split_feature=49 48 49 9 48 48 48
split_gain=20116.4 7247.34 3104.59 1238.22 1169.86 480.839 475.72
threshold=24.478421306610112 27.960660361948246 22.7152853012085 30.665832519531254 25.557925224304203 23.493920707750981 21.74398593902588
decision_type=2 2 2 2 2 2 2
left_child=2 4 6 -3 -2 -4 -1
right_child=1 3 5 -5 -6 -7 -8
leaf_value=-0.030246776631276426 0.010913875808766391 0.055606654501619092 -0.0095172628759343965 0.099618161862966417 0.027388210039604947 -5.3495782508730551e-05 -0.019064793346429385
leaf_weight=1760 3082 482 3456 384 2683 3696 4526
leaf_count=1760 3082 482 3456 384 2683 3696 4526
internal_value=-1.87745e-05 0.0259763 -0.0128465 0.0751628 0.0185824 -0.0046269 -0.0221975
internal_weight=20069 6631 13438 866 5765 7152 6286
internal_count=20069 6631 13438 866 5765 7152 6286
is_linear=0
shrinkage=0.0182397


Tree=24
num_leaves=8
num_cat=0
split_feature=9 49 9 49 49 9 9
split_gain=19226.6 6230.59 3753.59 1343.21 730.612 484.635 472.051
threshold=24.776408195495609 29.331502723475101 22.713953971862797 26.223674297332767 23.761725234985356 32.32448387395997 21.740428925412601
decision_type=2 2 2 2 2 2 2
left_child=2 3 6 -2 -4 -3 -1
right_child=1 5 4 -5 -6 -7 -8
leaf_value=-0.029148081184189895 0.01559024545204653 0.072503235539092034 -0.0079580227114023853 0.035418008778959779 0.0031321615609831714 0.10790647855214668 -0.018373525286774738
leaf_weight=1930 3437 316 4320 1699 3642 224 4540
leaf_count=1930 3437 316 4320 1699 3642 224 4540
internal_value=-8.56942e-05 0.0283528 -0.0112709 0.0221518 -0.00288523 0.0872649 -0.0215893
internal_weight=20108 5676 14432 5136 7962 540 6470
internal_count=20108 5676 14432 5136 7962 540 6470
is_linear=0
shrinkage=0.0182397


Tree=25
num_leaves=8
num_cat=0
split_feature=48 49 48 48 9 9 48
split_gain=18870.8 6090.38 3672.16 1024.86 708.246 642.335 453.768
threshold=24.80167026519776 28.939923953846684 22.787166213989263 26.079782485961918 30.665832519531254 23.809475898742679 21.706225586125004
decision_type=2 2 2 2 2 2 2
left_child=2 3 6 -2 -3 -4 -1
right_child=1 4 5 -5 -6 -7 -8
leaf_value=-0.029198072402255925 0.01508457716179132 0.058056465553703238 -0.0070037631545180057 0.032161923923126119 0.097114408566112684 0.0035498845729856066 -0.018229263864970466
leaf_weight=1690 3087 265 4592 1883 380 3295 4892
leaf_count=1690 3087 265 4592 1883 380 3295 4892
internal_value=2.46663e-05 0.0284046 -0.0109893 0.021557 0.0811179 -0.00259475 -0.0210474
internal_weight=20084 5615 14469 4970 645 7887 6582
internal_count=20084 5615 14469 4970 645 7887 6582
is_linear=0
shrinkage=0.0182397


Tree=26
num_leaves=8
num_cat=0
split_feature=49 18 49 19 49 50 49
split_gain=18111.4 6515.56 2800.84 1274.94 951.223 481.529 374.388
threshold=24.499453353881837 27.930052757263187 22.694250583648685 30.731120109558109 25.668809413909916 23.696928167343142 21.757398223876958
decision_type=2 2 2 2 2 2 2
left_child=2 4 6 -3 -2 -4 -1
right_child=1 3 5 -5 -6 -7 -8
leaf_value=-0.028216637223865065 0.011044252787132914 0.051655787500348181 -0.0083757261891844858 0.094974932048250429 0.026178203329468276 0.0010975941821368346 -0.018251176054980969
leaf_weight=1759 3264 559 4268 382 2397 3068 4391
leaf_count=1759 3264 559 4268 382 2397 3068 4391
internal_value=9.24264e-05 0.0248445 -0.0120252 0.0692774 0.0174539 -0.00441405 -0.0211033
internal_weight=20088 6602 13486 941 5661 7336 6150
internal_count=20088 6602 13486 941 5661 7336 6150
is_linear=0
shrinkage=0.0182397


Tree=27
num_leaves=8
num_cat=0
split_feature=48 48 9 9 48 48 9
split_gain=17715.7 5282.78 4053.6 1067.73 664.888 612.391 307.939
threshold=25.11644191741944 29.918395614624028 23.005092620849613 27.064710614650885 24.085049057006838 22.2969196323501 32.32448387395997
decision_type=2 2 2 2 2 2 2
left_child=2 3 5 -2 -4 -1 -3
right_child=1 6 4 -5 -6 -7 -8
leaf_value=-0.023469618195010821 0.019774038481876661 0.073226171908083115 -0.0046607988826137545 0.042784495146184591 0.0062293187800778992 -0.013033089799807723 0.1027787586273345
leaf_weight=4340 3435 246 4582 834 3145 3291 238
leaf_count=4340 3435 246 4582 834 3145 3291 238
internal_value=-1.7101e-05 0.0307537 -0.00954068 0.0242734 -0.000228262 -0.0189697 0.0878384
internal_weight=20111 4753 15358 4269 7727 7631 484
internal_count=20111 4753 15358 4269 7727 7631 484
is_linear=0
shrinkage=0.0182397


Tree=28
num_leaves=8
num_cat=0
split_feature=9 21 9 49 49 9 9
split_gain=16879.9 5459.92 3405.36 1039.49 628.611 481.994 433.057
threshold=24.855451583862308 29.599962234497074 22.811860084533695 26.271829700680176 23.761725234985356 21.957931518554691 32.32448387395997
decision_type=2 2 2 2 2 2 2
left_child=2 3 5 -2 -4 -1 -3
right_child=1 6 4 -5 -6 -7 -8
leaf_value=-0.025289861517331882 0.015315633205356727 0.067768156822663211 -0.0070147104603963412 0.033080202859060645 0.0033209709636868134 -0.015451666683180742 0.1007800272409855
leaf_weight=2881 3278 321 4018 1647 3817 3907 232
leaf_count=2881 3278 321 4018 1647 3817 3907 232
internal_value=5.76819e-05 0.027365 -0.0101726 0.0212588 -0.00197954 -0.0196286 0.0816867
internal_weight=20101 5478 14623 4925 7835 6788 553
internal_count=20101 5478 14623 4925 7835 6788 553
is_linear=0
shrinkage=0.0182397


Tree=29
num_leaves=8
num_cat=0
split_feature=48 48 48 9 9 50 48
split_gain=16363.6 5945.21 2665.73 1035.38 871.073 417.001 398.081
threshold=24.568722534415532 27.960660361948246 22.748831367492681 30.665832519531254 25.723391532897953 23.696928167343142 21.706225586125004
decision_type=2 2 2 2 2 2 2
left_child=2 4 6 -3 -2 -4 -1
right_child=1 3 5 -5 -6 -7 -8
leaf_value=-0.027354761987104799 0.011013995113392724 0.05049429729919204 -0.007533853583941234 0.090547491417980144 0.025808821669564306 0.0012431983265507858 -0.017012782455995388
leaf_weight=1675 3148 480 4012 392 2286 3267 4768
leaf_count=1675 3148 480 4012 392 2286 3267 4768
internal_value=1.78955e-05 0.0243372 -0.0111586 0.0685365 0.0172395 -0.00359465 -0.0197031
internal_weight=20028 6306 13722 872 5434 7279 6443
internal_count=20028 6306 13722 872 5434 7279 6443
is_linear=0
shrinkage=0.0182397


Tree=30
num_leaves=8
num_cat=0
split_feature=9 48 9 48 9 49 18
split_gain=15701.4 5299.2 2983.76 1226.14 545.042 395.217 269.534
threshold=24.776408195495609 29.918395614624028 23.005092620849613 26.69601631145801 22.069253921508793 23.854276275596437 32.775291442871101
decision_type=2 2 2 2 2 2 2
left_child=2 3 4 -2 -1 -4 -3
right_child=1 6 5 -5 -6 -7 -8
leaf_value=-0.023552242261733289 0.015759524358910624 0.073515109844019891 -0.0056977323586956509 0.037693983208993559 -0.01372808170621558 0.0031120127938588983 0.10277431877180095
leaf_weight=3343 4145 310 3476 1066 4296 3304 166
leaf_count=3343 4145 310 3476 1066 4296 3304 166
internal_value=-8.92955e-05 0.025575 -0.010212 0.0202494 -0.0180285 -0.00140468 0.0838045
internal_weight=20106 5687 14419 5211 7639 6780 476
internal_count=20106 5687 14419 5211 7639 6780 476
is_linear=0
shrinkage=0.0182397


Tree=31
num_leaves=8
num_cat=0
split_feature=9 48 50 9 48 9 48
split_gain=15045.6 4887.62 3071.89 769.548 661.075 491.243 436.556
threshold=24.855451583862308 28.180988121032716 22.938887739255374 31.602984428405765 25.694284629696785 23.7708883262085 21.74398593902588
decision_type=2 2 2 2 2 2 2
left_child=2 4 6 -3 -2 -4 -1
right_child=1 3 5 -5 -6 -7 -8
leaf_value=-0.026350558915862073 0.011920839702206754 0.053197010595885642 -0.0058144245767610221 0.090235288880573528 0.025620570409017111 0.0034880382258510633 -0.015745355402515055
leaf_weight=1716 2327 470 4166 313 2363 3454 5235
leaf_count=1716 2327 470 4166 313 2363 3454 5235
internal_value=8.81957e-05 0.0258717 -0.0095968 0.0680452 0.018825 -0.00159784 -0.018365
internal_weight=20044 5473 14571 783 4690 7620 6951
internal_count=20044 5473 14571 783 4690 7620 6951
is_linear=0
shrinkage=0.0182397


Tree=32
num_leaves=8
num_cat=0
split_feature=48 49 48 48 48 18 18
split_gain=14542.7 3953.33 3865.42 792.943 787.134 394.03 268.182
threshold=25.298513603446292 23.358171939849857 29.918395614624028 27.208563995861333 22.31487808272998 24.233662605285648 32.330232622739267
decision_type=2 2 2 2 2 2 2
left_child=1 4 3 -2 -1 -3 -4
right_child=2 5 6 -5 -6 -7 -8
leaf_value=-0.0213737251136756 0.019875547709627666 -0.0015883584727647887 0.066024431918358856 0.041390343609220226 -0.010625137024668031 0.0071788683540931824 0.093973036622748696
leaf_weight=4477 2963 3742 245 706 4594 3133 226
leaf_count=4477 2963 3742 245 706 4594 3133 226
internal_value=-0.000116587 -0.00802473 0.0303408 0.02402 -0.0159309 0.00240715 0.0795102
internal_weight=20086 15946 4140 3669 9071 6875 471
internal_count=20086 15946 4140 3669 9071 6875 471
is_linear=0
shrinkage=0.0182397


Tree=33
num_leaves=8
num_cat=0
split_feature=48 49 49 49 48 18 18
split_gain=14252.7 4198.21 3352.24 742.14 615.279 483.315 315.482
threshold=25.11644191741944 28.939923953846684 23.358171939849857 22.342526435852054 26.7697572711084 32.330232622739267 24.233662605285648
decision_type=2 2 2 2 2 2 2
left_child=2 4 3 -1 -2 -3 -4
right_child=1 5 6 -5 -6 -7 -8
leaf_value=-0.020822314693832542 0.017143799189426625 0.058923046074139535 -0.001736201824402663 -0.010365709828026506 0.0342767524882341 0.092050065985213161 0.0065372150359145325
leaf_weight=4556 3229 408 3724 4480 890 233 2606
leaf_count=4556 3229 408 3724 4480 890 233 2606
internal_value=3.4526e-05 0.0276111 -0.00850855 -0.0156387 0.020849 0.0710194 0.0016701
internal_weight=20126 4760 15366 9036 4119 641 6330
internal_count=20126 4760 15366 9036 4119 641 6330
is_linear=0
shrinkage=0.0182397


Tree=34
num_leaves=8
num_cat=0
split_feature=9 48 18 9 48 9 9
split_gain=13583.1 4578.77 2658.35 708.282 677.184 468.081 358.784
threshold=24.776408195495609 28.180988121032716 22.964241027832035 30.665832519531254 25.776381111301273 22.069253921508793 23.809475898742679
decision_type=2 2 2 2 2 2 2
left_child=2 4 5 -3 -2 -1 -4
right_child=1 3 6 -5 -6 -7 -8
leaf_value=-0.022073098185726409 0.011160298337566855 0.047661815681372066 -0.0050023177512586543 0.082283177148632078 0.024818541307758901 -0.012862279431064353 0.0032983344605657544
leaf_weight=3308 2671 405 3891 387 2206 4130 3122
leaf_count=3308 2671 405 3891 387 2206 4130 3122
internal_value=2.27003e-05 0.0239492 -0.00936389 0.0646154 0.01734 -0.0169598 -0.00130711
internal_weight=20120 5669 14451 792 4877 7438 7013
internal_count=20120 5669 14451 792 4877 7438 7013
is_linear=0
shrinkage=0.0182397


Tree=35
num_leaves=8
num_cat=0
split_feature=48 9 48 48 19 9 9
split_gain=12968.6 3469.81 3467.44 719.953 537.734 403.117 384.777
threshold=25.298513603446292 28.810048104199222 23.364006805715334 22.2969196323501 31.631899833679203 26.779591562863775 24.4079704284668
decision_type=2 2 2 2 2 2 2
left_child=2 5 3 -1 -3 -2 -4
right_child=1 4 6 -5 -6 -7 -8
leaf_value=-0.020277213750045656 0.017671129622699046 0.051468212214209171 -0.0011830468409639433 -0.010037569037688978 0.084226763505142369 0.032244725559896728 0.0077336766516258714
leaf_weight=4389 2703 380 4188 4767 302 825 2615
leaf_count=4389 2703 380 4188 4767 302 825 2615
internal_value=-0.000106311 0.0283683 -0.00761852 -0.0149468 0.0660192 0.0210827 0.00224472
internal_weight=20169 4210 15959 9156 682 3528 6803
internal_count=20169 4210 15959 9156 682 3528 6803
is_linear=0
shrinkage=0.0182397


Tree=36
num_leaves=8
num_cat=0
split_feature=9 49 9 49 9 49 9
split_gain=12681.3 4170.27 2612.01 783.268 468.812 360.576 353.517
threshold=24.855451583862308 29.331502723475101 23.005092620849613 26.271829700680176 21.957931518554691 24.174598884582522 32.32448387395997
decision_type=2 2 2 2 2 2 2
left_child=2 3 4 -2 -1 -4 -3
right_child=1 6 5 -5 -6 -7 -8
leaf_value=-0.022077091728292839 0.013231484434751483 0.058259742254761875 -0.0037394143010643908 0.028671554598688389 -0.012696794259081375 0.0050021783142865737 0.087805525752427976
leaf_weight=2849 3281 323 4617 1640 4699 2378 238
leaf_count=2849 3281 323 4617 1640 4699 2378 238
internal_value=0.000114248 0.0237544 -0.00879739 0.0183792 -0.0162385 -0.00076752 0.0708533
internal_weight=20025 5482 14543 4921 7548 6995 561
internal_count=20025 5482 14543 4921 7548 6995 561
is_linear=0
shrinkage=0.0182397


Tree=37
num_leaves=8
num_cat=0
split_feature=49 48 51 48 18 48 48
split_gain=12212.3 4447.61 1871.19 722.921 701.445 397.952 249.554
threshold=24.478421306610112 27.960660361948246 22.54094756453101 25.694284629696785 30.685413360595707 23.395466995568849 21.706225586125004
decision_type=2 2 2 2 2 2 2
left_child=2 3 6 -2 -3 -4 -1
right_child=1 4 5 -5 -6 -7 -8
leaf_value=-0.024287293066670074 0.0091068293062385158 0.043929410463507387 -0.0086053666336657619 0.022258574151500551 0.077188228296554307 -0.00051270547974575453 -0.015733993764793376
leaf_weight=1624 3403 468 3934 2352 388 4158 3787
leaf_count=1624 3403 468 3934 2352 388 4158 3787
internal_value=-5.55003e-05 0.0202555 -0.00999998 0.0144831 0.0590366 -0.00444728 -0.0183029
internal_weight=20114 6611 13503 5755 856 8092 5411
internal_count=20114 6611 13503 5755 856 8092 5411
is_linear=0
shrinkage=0.0182397


Tree=38
num_leaves=8
num_cat=0
split_feature=48 48 49 48 50 18 18
split_gain=11859.3 3243.15 3158.95 687.892 642.912 333.329 211.833
threshold=25.298513603446292 29.918395614624028 23.358171939849857 27.208563995861333 22.303516339978028 24.259856224060062 32.330232622739267
decision_type=2 2 2 2 2 2 2
left_child=2 3 4 -2 -1 -4 -3
right_child=1 6 5 -5 -6 -7 -8
leaf_value=-0.019426152250433246 0.017738332714271603 0.060002319575012522 -0.0015214976647319124 0.037610471977600708 -0.0096768510090689767 0.0065246296705450679 0.084920993157721308
leaf_weight=4300 2993 234 3866 719 4724 3075 234
leaf_count=4300 2993 234 3866 719 4724 3075 234
internal_value=-4.67812e-05 0.0273017 -0.00720778 0.0215915 -0.0143232 0.00204328 0.0725297
internal_weight=20145 4180 15965 3712 9024 6941 468
internal_count=20145 4180 15965 3712 9024 6941 468
is_linear=0
shrinkage=0.0182397


Tree=39
num_leaves=8
num_cat=0
split_feature=48 48 9 9 49 48 9
split_gain=11396.3 3095.51 3051.75 641.848 514.135 443.53 200.249
threshold=25.298513603446292 29.918395614624028 23.042264938354496 27.359121322631839 24.197216987609867 22.283022880585452 32.32448387395997
decision_type=2 2 2 2 2 2 2
left_child=2 3 5 -2 -4 -1 -3
right_child=1 6 4 -5 -6 -7 -8
leaf_value=-0.019195363455293529 0.01764325348192804 0.05898834904722914 -0.0030648948419919543 0.037285187871926868 0.0062458528913266389 -0.010396373300628016 0.083097846483340732
leaf_weight=4247 3000 242 4797 679 3351 3461 231
leaf_count=4247 3000 242 4797 679 3351 3461 231
internal_value=2.57522e-05 0.0269249 -0.00701851 0.0212724 0.000764435 -0.0152453 0.0708291
internal_weight=20008 4152 15856 3679 8148 7708 473
internal_count=20008 4152 15856 3679 8148 7708 473
is_linear=0
shrinkage=0.0182397


Tree=40
num_leaves=8
num_cat=0
split_feature=49 9 51 19 9 48 9
split_gain=11011.3 4000.68 1725.65 708.626 640.293 303.146 296.357
threshold=24.499453353881837 28.131484985351566 22.745525646209718 30.731120109558109 25.723391532897953 21.706225586125004 23.468993186950687
decision_type=2 2 2 2 2 2 2
left_child=2 4 5 -3 -2 -1 -4
right_child=1 3 6 -5 -6 -7 -8
leaf_value=-0.023054866871805343 0.0087859057357948817 0.04086394510145587 -0.0070196489936280911 0.074210817414137847 0.021187558768453421 -0.013960351840211556 0.00033690844571869125
leaf_weight=1656 3381 468 3619 391 2347 4641 3668
leaf_count=1656 3381 468 3619 391 2347 4641 3668
internal_value=2.3822e-05 0.0193758 -0.00936045 0.056073 0.0138686 -0.0163535 -0.00331684
internal_weight=20171 6587 13584 859 5728 6297 7287
internal_count=20171 6587 13584 859 5728 6297 7287
is_linear=0
shrinkage=0.0182397


Tree=41
num_leaves=8
num_cat=0
split_feature=48 48 49 48 18 18 18
split_gain=10562.5 2845.25 2801.1 595.531 581.809 285.076 177.979
threshold=25.298513603446292 29.918395614624028 23.358171939849857 27.208563995861333 22.145510673522953 24.233662605285648 32.330232622739267
decision_type=2 2 2 2 2 2 2
left_child=2 3 4 -2 -1 -4 -3
right_child=1 6 5 -5 -6 -7 -8
leaf_value=-0.019133712783960911 0.016850044019360619 0.05697626759130954 -0.0014546043872632152 0.035448053713919958 -0.0097153025239254103 0.00602939825850911 0.07993904833974326
leaf_weight=3658 2988 236 3719 709 5412 3108 228
leaf_count=3658 2988 236 3719 709 5412 3108 228
internal_value=-0.000100454 0.0257691 -0.00687226 0.0204205 -0.0135146 0.00195267 0.0683248
internal_weight=20058 4161 15897 3697 9070 6827 464
internal_count=20058 4161 15897 3697 9070 6827 464
is_linear=0
shrinkage=0.0182397


Tree=42
num_leaves=8
num_cat=0
split_feature=9 18 9 19 9 50 49
split_gain=10423.3 3361.19 2093.36 739.979 406.971 361.323 264.257
threshold=24.855451583862308 27.706545829772953 23.042264938354496 30.731120109558109 21.878433227539066 25.912921190261844 24.197216987609867
decision_type=2 2 2 2 2 2 2
left_child=2 5 4 -3 -1 -2 -4
right_child=1 3 6 -5 -6 -7 -8
leaf_value=-0.020612760213587093 0.010385185382158657 0.038906209503304048 -0.003187663583554089 0.07077029261118567 -0.011629673232365478 0.021005316860019514 0.0043878892608439348
leaf_weight=2458 2638 624 4601 399 5295 1790 2296
leaf_count=2458 2638 624 4601 399 5295 1790 2296
internal_value=3.59053e-05 0.0215672 -0.00797592 0.0513592 -0.0144787 0.01468 -0.000665655
internal_weight=20101 5451 14650 1023 7753 4428 6897
internal_count=20101 5451 14650 1023 7753 4428 6897
is_linear=0
shrinkage=0.0182397


Tree=43
num_leaves=8
num_cat=0
split_feature=48 9 48 49 9 9 19
split_gain=9840.44 2785.87 2633.07 471.185 470.607 377.287 245.58
threshold=25.298513603446292 29.563299179077152 23.228897476196291 22.305402183619389 26.779591562863775 23.953875541687015 32.339450836181648
decision_type=2 2 2 2 2 2 2
left_child=2 4 3 -1 -2 -4 -3
right_child=1 6 5 -5 -6 -7 -8
leaf_value=-0.017706575432062312 0.015111934422530383 0.05222591589532459 -0.0031429019069645278 -0.0090921261674609538 0.029887018532042727 0.0051258144394126029 0.077139822069484623
leaf_weight=4361 2637 300 3369 4100 986 4033 243
leaf_count=4361 2637 300 3369 4100 986 4033 243
internal_value=-3.06939e-05 0.0249153 -0.00658262 -0.0135329 0.0191361 0.00136237 0.0634287
internal_weight=20029 4166 15863 8461 3623 7402 543
internal_count=20029 4166 15863 8461 3623 7402 543
is_linear=0
shrinkage=0.0182397


Tree=44
num_leaves=8
num_cat=0
split_feature=9 9 18 18 9 9 18
split_gain=9517 3042.22 1961.92 612.105 356.074 287.334 260.292
threshold=24.879459381103519 29.563299179077152 22.773268699646 27.19608306884766 23.930653572082523 21.740428925412601 32.330232622739267
decision_type=2 2 2 2 2 2 2
left_child=2 3 5 -2 -4 -1 -3
right_child=1 6 4 -5 -6 -7 -8
leaf_value=-0.0209370669515422 0.013531204594701321 0.05061873324936942 -0.0044785362339376366 0.032291433580003151 0.0034661774971370316 -0.012542614968333815 0.076317515295153043
leaf_weight=1903 4125 314 5127 673 2960 4738 232
leaf_count=1903 4125 314 5127 673 2960 4738 232
internal_value=-3.79909e-05 0.0208112 -0.00760345 0.0161654 -0.00157059 -0.0149493 0.061591
internal_weight=20072 5344 14728 4798 8087 6641 546
internal_count=20072 5344 14728 4798 8087 6641 546
is_linear=0
shrinkage=0.0182397


Tree=45
num_leaves=8
num_cat=0
split_feature=48 9 9 19 9 50 9
split_gain=9083.52 3184.59 1581.94 558.782 553.883 298.809 239.273
threshold=24.568722534415532 28.131484985351566 22.644634246826175 30.731120109558109 25.922722816467289 23.696928167343142 21.579690933227543
decision_type=2 2 2 2 2 2 2
left_child=2 4 6 -3 -2 -4 -1
right_child=1 3 5 -5 -6 -7 -8
leaf_value=-0.021537774471896604 0.0087392185345705649 0.037695353077578604 -0.0060044036347168487 0.067995015305677489 0.020859820230339166 0.0012687822805619905 -0.013214221855887109
leaf_weight=1532 3578 448 4357 373 1932 3304 4615
leaf_count=1532 3578 448 4357 373 1932 3304 4615
internal_value=-0.000103613 0.0179863 -0.0083982 0.0514903 0.0129905 -0.00286777 -0.0152901
internal_weight=20139 6331 13808 821 5510 7661 6147
internal_count=20139 6331 13808 821 5510 7661 6147
is_linear=0
shrinkage=0.0182397


Tree=46
num_leaves=8
num_cat=0
split_feature=9 48 18 19 49 9 48
split_gain=8797.9 3163.73 1501.71 562.549 515.346 247.269 228.584
threshold=24.505189895629886 27.960660361948246 22.714739800678718 31.631899833679203 25.588709831230716 21.610940933227543 23.446559333801272
decision_type=2 2 2 2 2 2 2
left_child=2 4 5 -3 -2 -1 -4
right_child=1 3 6 -5 -6 -7 -8
leaf_value=-0.021050199002058609 0.0073193865978733834 0.038613885882663776 -0.0064758251661373159 0.069202327393130314 0.018358750593489129 -0.01275470861879492 7.6407347347038883e-05
leaf_weight=1592 3077 555 3073 315 2593 4817 4181
leaf_count=1592 3077 555 3073 315 2593 4817 4181
internal_value=-5.62088e-05 0.0173405 -0.00838367 0.0497184 0.0123689 -0.0148166 -0.00269953
internal_weight=20203 6540 13663 870 5670 6409 7254
internal_count=20203 6540 13663 870 5670 6409 7254
is_linear=0
shrinkage=0.0182397


Tree=47
num_leaves=8
num_cat=0
split_feature=9 48 51 19 49 49 48
split_gain=8517.44 2827.47 1681.4 687.185 304.86 294.582 253.833
threshold=24.776408195495609 27.377808380126954 22.807548840866705 30.731120109558109 25.588709831230716 23.761725234985356 21.706225586125004
decision_type=2 2 2 2 2 2 2
left_child=2 4 6 -3 -2 -4 -1
right_child=1 3 5 -5 -6 -7 -8
leaf_value=-0.020470499777864835 0.0079860691976682361 0.034507835670560365 -0.0050941612056756074 0.064821753343958843 0.017405652180632523 0.0019503106596065526 -0.012215167526630688
leaf_weight=1666 2310 696 4256 389 2265 3684 4852
leaf_count=1666 2310 696 4256 389 2265 3684 4852
internal_value=-3.59766e-05 0.0189313 -0.00746162 0.045398 0.0126508 -0.00182574 -0.0143265
internal_weight=20118 5660 14458 1085 4575 7940 6518
internal_count=20118 5660 14458 1085 4575 7940 6518
is_linear=0
shrinkage=0.0182397


Tree=48
num_leaves=8
num_cat=0
split_feature=9 49 18 9 49 49 9
split_gain=8275 2749.2 1602.66 518.127 387.283 281.188 260.363
threshold=24.776408195495609 27.908863449167729 22.773268699646 30.665832519531254 25.668809413909916 23.761725234985356 21.740428925412601
decision_type=2 2 2 2 2 2 2
left_child=2 4 6 -3 -2 -4 -1
right_child=1 3 5 -5 -6 -7 -8
leaf_value=-0.019625731797963439 0.0081111024799134686 0.035967991923600055 -0.0049573970590993787 0.064442985975109959 0.018432962632720349 0.0019909418326080606 -0.011641334582456383
leaf_weight=1902 2448 488 4183 380 2392 3609 4770
leaf_count=1902 2448 488 4183 380 2392 3609 4770
internal_value=-1.882e-05 0.0185767 -0.00735762 0.0484603 0.0132135 -0.00173922 -0.0139186
internal_weight=20172 5708 14464 868 4840 7792 6672
internal_count=20172 5708 14464 868 4840 7792 6672
is_linear=0
shrinkage=0.0182397


Tree=49
num_leaves=8
num_cat=0
split_feature=9 49 9 9 50 9 9
split_gain=7919.57 2611.58 1681.11 446.127 354.02 299.204 231.538
threshold=24.879459381103519 28.939923953846684 22.660907745361332 26.327013015747074 23.696928167343142 32.32448387395997 21.610940933227543
decision_type=2 2 2 2 2 2 2
left_child=2 3 6 -2 -4 -3 -1
right_child=1 5 4 -5 -6 -7 -8
leaf_value=-0.020065866869404356 0.010446171644286524 0.043727251402360674 -0.0054250273294103053 0.022414887452792982 0.0020030343098695869 0.069666896963327243 -0.012029384507100029
leaf_weight=1608 3272 397 4197 1517 4343 240 4634
leaf_count=1608 3272 397 4197 1517 4343 240 4634
internal_value=1.14815e-05 0.0188572 -0.00690653 0.0142392 -0.00164759 0.0535418 -0.0141009
internal_weight=20208 5426 14782 4789 8540 637 6242
internal_count=20208 5426 14782 4789 8540 637 6242
is_linear=0
shrinkage=0.0182397


Tree=50
num_leaves=8
num_cat=0
split_feature=48 9 48 9 48 9 20
split_gain=7743.06 2150.34 2061.04 441.054 381.262 236.378 184.933
threshold=25.324805831909185 29.563299179077152 23.364006805715334 22.145884513854984 26.7697572711084 23.930653572082523 32.384786604584967
decision_type=2 2 2 2 2 2 2
left_child=2 4 3 -1 -2 -4 -3
right_child=1 6 5 -5 -6 -7 -8
leaf_value=-0.016292718929598032 0.013596287259698791 0.046874751190124277 -0.0023100078277793401 -0.0080766933623354752 0.026915924784768664 0.0046160979854023097 0.068661642873129244
leaf_weight=3635 2607 308 2710 5411 986 4148 232
leaf_count=3635 2607 308 2710 5411 986 4148 232
internal_value=0.000118326 0.0223592 -0.0056619 -0.0113788 0.0172543 0.00187921 0.0562833
internal_weight=20037 4133 15904 9046 3593 6858 540
internal_count=20037 4133 15904 9046 3593 6858 540
is_linear=0
shrinkage=0.0182397


Tree=51
num_leaves=8
num_cat=0
split_feature=49 9 51 9 19 9 48
split_gain=7491.55 2812.58 1219.47 483.157 464.514 241.424 161.28
threshold=24.499453353881837 28.131484985351566 22.583959992913659 25.723391532897953 30.731120109558109 23.468993186950687 21.706225586125004
decision_type=2 2 2 2 2 2 2
left_child=2 3 6 -2 -3 -4 -1
right_child=1 4 5 -5 -6 -7 -8
leaf_value=-0.019140793911535357 0.0071028762448715459 0.03460931003222141 -0.006164474302808573 0.017897730653477939 0.061780613941142912 0.00017482820497048985 -0.012293153891609251
leaf_weight=1620 3466 464 4228 2292 385 3790 3916
leaf_count=1620 3466 464 4228 2292 385 3790 3916
internal_value=4.82357e-05 0.0159726 -0.00771447 0.0114009 0.0469564 -0.00316813 -0.0142983
internal_weight=20161 6607 13554 5758 849 8018 5536
internal_count=20161 6607 13554 5758 849 8018 5536
is_linear=0
shrinkage=0.0182397


Tree=52
num_leaves=8
num_cat=0
split_feature=49 48 51 20 48 48 48
split_gain=7096.88 2613.08 1173.06 597.492 327.105 232.557 163.343
threshold=24.499453353881837 27.377808380126954 22.599044767953046 30.763505935512701 25.517454147728031 23.380317115533696 21.706225586125004
decision_type=2 2 2 2 2 2 2
left_child=2 4 6 -3 -2 -4 -1
right_child=1 3 5 -5 -6 -7 -8
leaf_value=-0.018847341391651607 0.0062306717360352338 0.031239338796356333 -0.0064537211415353008 0.059458370585526117 0.01513020314500896 -0.00015733391378554794 -0.011971720873917544
leaf_weight=1614 2977 719 3596 384 2553 4267 4013
leaf_count=1614 2977 719 3596 384 2553 4267 4013
internal_value=8.00113e-06 0.0154548 -0.00758741 0.0410833 0.0103401 -0.00303707 -0.0139452
internal_weight=20123 6633 13490 1103 5530 7863 5627
internal_count=20123 6633 13490 1103 5530 7863 5627
is_linear=0
shrinkage=0.0182397


Tree=53
num_leaves=8
num_cat=0
split_feature=48 48 48 48 50 18 48
split_gain=7099.57 1930.35 1860.21 422.791 405.335 192.121 172.472
threshold=25.298513603446292 29.918395614624028 23.364006805715334 27.377808380126954 22.257131147384648 24.233662605285648 32.786179351806645
decision_type=2 2 2 2 2 2 2
left_child=2 3 4 -2 -1 -4 -3
right_child=1 6 5 -5 -6 -7 -8
leaf_value=-0.015217974107261651 0.01387239428409281 0.047479380311853212 -0.0011596223641912066 0.030139440633992102 -0.007463782452744018 0.0049928098522917224 0.070789807707571969
leaf_weight=4052 3118 315 3636 641 5026 3152 164
leaf_count=4052 3118 315 3636 641 5026 3152 164
internal_value=7.69437e-05 0.0210479 -0.00552509 0.0166495 -0.0109255 0.00169739 0.0555181
internal_weight=20104 4238 15866 3759 9078 6788 479
internal_count=20104 4238 15866 3759 9078 6788 479
is_linear=0
shrinkage=0.0182397


Tree=54
num_leaves=8
num_cat=0
split_feature=9 18 51 9 49 9 48
split_gain=6578.21 2376.55 1125.42 488.026 347.822 199.001 153.853
threshold=24.505189895629886 27.706545829772953 22.599044767953046 31.602984428405765 25.588709831230716 23.468993186950687 21.706225586125004
decision_type=2 2 2 2 2 2 2
left_child=2 4 6 -3 -2 -4 -1
right_child=1 3 5 -5 -6 -7 -8
leaf_value=-0.018323010411973317 0.0062694014456486837 0.032467311528883117 -0.0056277735420532694 0.060244982523884986 0.01553202406710311 0.00014006633694805734 -0.011646079750788156
leaf_weight=1618 3058 681 4222 306 2414 3764 3972
leaf_count=1618 3058 681 4222 306 2414 3764 3972
internal_value=-9.44316e-05 0.0150573 -0.00730337 0.0411022 0.0103566 -0.00290939 -0.01358
internal_weight=20035 6459 13576 987 5472 7986 5590
internal_count=20035 6459 13576 987 5472 7986 5590
is_linear=0
shrinkage=0.0182397


Tree=55
num_leaves=8
num_cat=0
split_feature=9 48 51 20 48 9 9
split_gain=6363.44 2314.19 1057.64 502.46 288.05 187.555 170.747
threshold=24.505189895629886 27.377808380126954 22.786702219746505 30.763505935512701 25.557925224304203 21.514192581176761 23.468993186950687
decision_type=2 2 2 2 2 2 2
left_child=2 4 5 -3 -2 -1 -4
right_child=1 3 6 -5 -6 -7 -8
leaf_value=-0.01865803303454313 0.0061297855248803341 0.030027686231938473 -0.0052336382286768532 0.056173529882021511 0.014615868203232454 -0.010969235314767654 0.00040148075940092432
leaf_weight=1335 2981 702 3518 377 2405 5061 3639
leaf_count=1335 2981 702 3518 377 2405 5061 3639
internal_value=-8.30192e-05 0.0148061 -0.00718562 0.0391822 0.00991994 -0.0125752 -0.0023686
internal_weight=20018 6465 13553 1079 5386 6396 7157
internal_count=20018 6465 13553 1079 5386 6396 7157
is_linear=0
shrinkage=0.0182397


Tree=56
num_leaves=8
num_cat=0
split_feature=9 19 9 48 18 49 22
split_gain=6359.69 1754.71 1690.95 386.578 303.317 255.446 138.751
threshold=25.322278976440433 30.041202546955571 23.15745830535889 26.7697572711084 22.068250656127933 24.359889316558839 32.826742172241218
decision_type=2 2 2 2 2 2 2
left_child=2 3 4 -2 -1 -4 -3
right_child=1 6 5 -5 -6 -7 -8
leaf_value=-0.015140934978126365 0.012208234937911025 0.045655042417639055 -0.0016158003325435401 0.025464208200196899 -0.0080292056670246328 0.0052461112523030425 0.066621061641606777
leaf_weight=3346 2720 320 4767 1002 4947 2904 162
leaf_count=3346 2720 320 4767 1002 4947 2904 162
internal_value=6.60086e-05 0.020024 -0.00519019 0.0157795 -0.0108992 0.000982056 0.0527561
internal_weight=20168 4204 15964 3722 8293 7671 482
internal_count=20168 4204 15964 3722 8293 7671 482
is_linear=0
shrinkage=0.0182397


Tree=57
num_leaves=8
num_cat=0
split_feature=9 9 18 9 9 9 6
split_gain=5929.34 1938.88 1254.91 433.013 236.405 198.486 182.868
threshold=24.855451583862308 29.563299179077152 22.773268699646 26.508200645446781 23.809475898742679 21.514192581176761 9.5000000000000018
decision_type=2 2 2 2 2 2 2
left_child=2 3 5 -2 -4 -1 -3
right_child=1 6 4 -5 -6 -7 -8
leaf_value=-0.01819033421683499 0.0092644674150157719 0.061043202290129148 -0.0039299793502663629 0.021513174096656353 0.0024127421250315874 -0.010380824403018629 0.039512850467727047
leaf_weight=1365 3504 238 4649 1323 3373 5253 303
leaf_count=1365 3504 238 4649 1323 3373 5253 303
internal_value=-0.000101093 0.0162958 -0.0061136 0.0126233 -0.00126308 -0.0119927 0.0490265
internal_weight=20008 5368 14640 4827 8022 6618 541
internal_count=20008 5368 14640 4827 8022 6618 541
is_linear=0
shrinkage=0.0182397


Tree=58
num_leaves=8
num_cat=0
split_feature=9 18 51 18 49 50 48
split_gain=5916.17 2005.67 1255.45 365.845 223.703 212.667 178.351
threshold=24.879459381103519 27.930052757263187 22.807548840866705 32.775291442871101 23.761725234985356 25.912921190261844 21.706225586125004
decision_type=2 2 2 2 2 2 2
left_child=2 5 6 -3 -4 -2 -1
right_child=1 3 4 -5 -6 -7 -8
leaf_value=-0.0170279152682884 0.007855662601819741 0.035262525974803914 -0.0040870582270694433 0.065345226533335632 0.0019223515875400438 0.015937371672566796 -0.010127276649308117
leaf_weight=1678 2584 785 4288 163 3967 1867 4856
leaf_count=1678 2584 785 4288 163 3967 1867 4856
internal_value=3.85403e-05 0.0163797 -0.00592741 0.0404629 -0.00119924 0.0112468 -0.0119005
internal_weight=20188 5399 14789 948 8255 4451 6534
internal_count=20188 5399 14789 948 8255 4451 6534
is_linear=0
shrinkage=0.0182397


Tree=59
num_leaves=8
num_cat=0
split_feature=49 18 51 48 48 50 18
split_gain=5513.37 2077.91 900.659 420.166 276.797 179.16 127.903
threshold=24.499453353881837 27.706545829772953 22.583959992913659 30.606389427185061 25.557925224304203 23.696928167343142 21.462190628051761
decision_type=2 2 2 2 2 2 2
left_child=2 4 6 -3 -2 -4 -1
right_child=1 3 5 -5 -6 -7 -8
leaf_value=-0.017753269030481675 0.0055109410505046119 0.028238461762879717 -0.0049717288420829016 0.052339052177835001 0.013707764258744303 0.00063964683662506958 -0.010940389098378869
leaf_weight=1161 2991 619 4883 396 2531 3091 4384
leaf_count=1161 2991 619 4883 396 2531 3091 4384
internal_value=-7.28535e-05 0.0136793 -0.0067228 0.0376599 0.00926874 -0.00279665 -0.0123682
internal_weight=20056 6537 13519 1015 5522 7974 5545
internal_count=20056 6537 13519 1015 5522 7974 5545
is_linear=0
shrinkage=0.0182397


Tree=60
num_leaves=8
num_cat=0
split_feature=49 48 19 19 48 48 50
split_gain=5405.69 2064.16 878.45 420.264 249.427 143.098 139.705
threshold=24.449986934545414 27.377808380126954 22.645387649536136 32.339450836181648 25.663103294247563 21.706225586125004 23.696928167343142
decision_type=2 2 2 2 2 2 2
left_child=2 4 5 -3 -2 -1 -4
right_child=1 3 6 -5 -6 -7 -8
leaf_value=-0.016348720176570158 0.0057738266364451962 0.030194939000276106 -0.0044970455198384569 0.05750415175897846 0.013617649682046531 -0.010093569504216766 0.00063985729334619008
leaf_weight=1684 3422 854 4438 241 2227 4402 2920
leaf_count=1684 3422 854 4438 241 2227 4402 2920
internal_value=-1.43314e-05 0.0133112 -0.00669912 0.0362261 0.00886691 -0.0118254 -0.00245856
internal_weight=20188 6744 13444 1095 5649 6086 7358
internal_count=20188 6744 13444 1095 5649 6086 7358
is_linear=0
shrinkage=0.0182397


Tree=61
num_leaves=8
num_cat=0
split_feature=49 9 51 19 9 49 9
split_gain=5299.38 2072.09 833.781 338.799 320.963 164.412 123.991
threshold=24.449986934545414 27.930052757263187 22.54094756453101 30.731120109558109 25.922722816467289 23.471683883769291 21.514192581176761
decision_type=2 2 2 2 2 2 2
left_child=2 4 6 -3 -2 -4 -1
right_child=1 3 5 -5 -6 -7 -8
leaf_value=-0.016984286828103226 0.0063036985668528034 0.028918589145794701 -0.005280308912964605 0.051098009245584976 0.015538376344821855 -3.9274354962766351e-05 -0.01049915014436823
leaf_weight=1289 3930 537 4158 403 1838 3821 4124
leaf_count=1289 3930 537 4158 403 1838 3821 4124
internal_value=0.000108874 0.0133414 -0.00651944 0.0384469 0.00924733 -0.00277061 -0.0120447
internal_weight=20100 6708 13392 940 5768 7979 5413
internal_count=20100 6708 13392 940 5768 7979 5413
is_linear=0
shrinkage=0.0182397


Tree=62
num_leaves=8
num_cat=0
split_feature=48 9 9 9 48 49 6
split_gain=5057.39 1364.89 1332.52 282.323 262.273 204.391 152.745
threshold=25.298513603446292 23.15745830535889 29.563299179077152 27.359121322631839 22.334550666840332 24.197216987609867 9.5000000000000018
decision_type=2 2 2 2 2 2 2
left_child=1 4 3 -2 -1 -3 -4
right_child=2 5 6 -5 -6 -7 -8
leaf_value=-0.012811159223002879 0.011675474427397662 -0.0017440164120002251 0.056439668144734383 0.025280475496656411 -0.0062612832812110756 0.0042666420644780489 0.036436784197016452
leaf_weight=4488 3048 4343 223 609 3722 3321 306
leaf_count=4488 3048 4343 223 609 3722 3321 306
internal_value=2.80397e-05 -0.004675 0.0178614 0.0139439 -0.00984227 0.000860645 0.0449089
internal_weight=20060 15874 4186 3657 8210 7664 529
internal_count=20060 15874 4186 3657 8210 7664 529
is_linear=0
shrinkage=0.0182397


Tree=63
num_leaves=8
num_cat=0
split_feature=9 9 9 9 19 9 19
split_gain=4909.6 1412.31 1298.94 243.921 226.053 177.169 161.751
threshold=25.322278976440433 29.563299179077152 23.15745830535889 22.069253921508793 27.204222679138187 24.17874908447266 32.788452148437507
decision_type=2 2 2 2 2 2 2
left_child=2 4 3 -1 -2 -4 -3
right_child=1 6 5 -5 -6 -7 -8
leaf_value=-0.013433903755028795 0.011235815378164723 0.038062634917647567 -0.0016222053306261402 -0.0070364241006876512 0.023010713726281072 0.0039773634597000205 0.059735807070470853
leaf_weight=3339 2970 404 4334 4886 664 3319 163
leaf_count=3339 2970 404 4334 4886 664 3319 163
internal_value=3.72682e-05 0.0175706 -0.00460206 -0.00963411 0.0133898 0.000806339 0.0443347
internal_weight=20079 4201 15878 8225 3634 7653 567
internal_count=20079 4201 15878 8225 3634 7653 567
is_linear=0
shrinkage=0.0182397


Tree=64
num_leaves=8
num_cat=0
split_feature=9 9 9 19 9 49 18
split_gain=4651.08 1461.85 1124.13 275.774 234.203 150.89 150.49
threshold=25.115983009338382 29.563299179077152 23.15745830535889 27.204222679138187 22.069253921508793 24.174598884582522 32.775291442871101
decision_type=2 2 2 2 2 2 2
left_child=2 3 4 -2 -1 -4 -3
right_child=1 6 5 -5 -6 -7 -8
leaf_value=-0.013211892698837584 0.01006034509684603 0.037440111506525785 -0.0018355622594856879 0.022775089504908638 -0.00692760213811674 0.0035446221863922448 0.058489507583235671
leaf_weight=3322 3512 392 4107 677 4863 3001 162
leaf_count=3322 3512 392 4107 677 4863 3001 162
internal_value=2.35056e-05 0.0158027 -0.0048706 0.0121174 -0.00947875 0.000436032 0.0436369
internal_weight=20036 4743 15293 4189 8185 7108 554
internal_count=20036 4743 15293 4189 8185 7108 554
is_linear=0
shrinkage=0.0182397


Tree=65
num_leaves=8
num_cat=0
split_feature=9 18 9 9 9 51 9
split_gain=4492.66 1627.97 794.827 330.996 223.327 170.46 106.082
threshold=24.525965690612797 27.706545829772953 22.427556991577152 31.602984428405765 25.922722816467289 23.412658246316571 21.462049484252933
decision_type=2 2 2 2 2 2 2
left_child=2 4 6 -3 -2 -4 -1
right_child=1 3 5 -5 -6 -7 -8
leaf_value=-0.016389057592838385 0.0058440058492981537 0.026765826028382556 -0.0052592420654910378 0.049407813379699107 0.013634004877444494 -0.00011825594354688145 -0.010195951336123296
leaf_weight=1204 3527 697 4115 312 1876 4483 3926
leaf_count=1204 3527 697 4115 312 1876 4483 3926
internal_value=-8.16965e-05 0.0125229 -0.00596919 0.0337856 0.0085497 -0.00257887 -0.0116507
internal_weight=20140 6412 13728 1009 5403 8598 5130
internal_count=20140 6412 13728 1009 5403 8598 5130
is_linear=0
shrinkage=0.0182397


Tree=66
num_leaves=8
num_cat=0
split_feature=48 9 9 9 49 6 9
split_gain=4513.06 1252.49 1204.63 200.132 198.446 193.678 148.447
threshold=25.324805831909185 28.810048104199222 23.042264938354496 22.069253921508793 24.217086982727057 9.5000000000000018 26.779591562863775
decision_type=2 2 2 2 2 2 2
left_child=2 6 3 -1 -4 -3 -2
right_child=1 5 4 -5 -6 -7 -8
leaf_value=-0.012807911153413407 0.010398350710393561 0.052193637054186774 -0.0017952243252004462 -0.0069033435479932473 0.0039702567215719603 0.032081595102769964 0.019277817322005668
leaf_weight=3366 2602 251 4877 4419 3350 447 826
leaf_count=3366 2602 251 4877 4419 3350 447 826
internal_value=6.90838e-05 0.017078 -0.00431414 -0.00945688 0.000552542 0.0393422 0.0125401
internal_weight=20138 4126 16012 7785 8227 698 3428
internal_count=20138 4126 16012 7785 8227 698 3428
is_linear=0
shrinkage=0.0182397


Tree=67
num_leaves=8
num_cat=0
split_feature=49 20 51 9 9 50 9
split_gain=4255.64 1604.28 705.45 324.296 249.215 131.632 111.659
threshold=24.478421306610112 27.727675437927253 22.599044767953046 30.025896072387699 25.723391532897953 23.696928167343142 21.462049484252933
decision_type=2 2 2 2 2 2 2
left_child=2 4 6 -3 -2 -4 -1
right_child=1 3 5 -5 -6 -7 -8
leaf_value=-0.015788460769124355 0.0050305963952241902 0.023693604266831182 -0.0042228624481656972 0.044355233082254357 0.012877133459890352 0.00064565478847228774 -0.0094873064627448
leaf_weight=1185 3456 573 4796 455 2207 3005 4468
leaf_count=1185 3456 573 4796 455 2207 3005 4468
internal_value=8.81115e-06 0.011896 -0.00590318 0.0328537 0.00808933 -0.00234754 -0.0108093
internal_weight=20145 6691 13454 1028 5663 7801 5653
internal_count=20145 6691 13454 1028 5663 7801 5653
is_linear=0
shrinkage=0.0182397


Tree=68
num_leaves=8
num_cat=0
split_feature=49 20 50 20 9 9 9
split_gain=4113.77 1147.63 1057.4 295.189 201.016 152.159 85.9646
threshold=25.264171695858398 30.098149299621586 22.938887739255374 27.083062171936039 23.930653572082523 21.579690933227543 32.32448387395997
decision_type=2 2 2 2 2 2 2
left_child=2 3 5 -2 -4 -1 -3
right_child=1 6 4 -5 -6 -7 -8
leaf_value=-0.014722119534964752 0.0098425650439415181 0.035055313724735165 -0.0026224854822667577 0.02209278569143568 0.0029313638375843697 -0.0081712675756436034 0.05099849182954113
leaf_weight=1494 2953 233 4726 841 4005 5620 229
leaf_count=1494 2953 233 4726 841 4005 5620 229
internal_value=-5.16116e-05 0.0158686 -0.00432813 0.0125603 -7.4858e-05 -0.00954783 0.0429989
internal_weight=20101 4256 15845 3794 8731 7114 462
internal_count=20101 4256 15845 3794 8731 7114 462
is_linear=0
shrinkage=0.0182397


Tree=69
num_leaves=8
num_cat=0
split_feature=49 9 9 18 9 9 9
split_gain=3978.79 1350.14 801.434 248.562 177.067 167.648 123.284
threshold=24.84694156664624 28.131484985351566 22.660907745361332 32.775291442871101 25.962282180786136 23.809475898742679 21.4884786605835
decision_type=2 2 2 2 2 2 2
left_child=2 4 6 -3 -2 -4 -1
right_child=1 3 5 -5 -6 -7 -8
leaf_value=-0.014945759542682156 0.0065419658019553765 0.029495791766265805 -0.0033435470989925547 0.054441159886950967 0.013830368069328658 0.0018836591803139144 -0.0085488888488138032
leaf_weight=1260 2792 697 5004 165 1841 3447 4919
leaf_count=1260 2792 697 5004 165 1841 3447 4919
internal_value=0.000108389 0.0133409 -0.00486197 0.0342961 0.00943917 -0.00121148 -0.00985429
internal_weight=20125 5495 14630 862 4633 8451 6179
internal_count=20125 5495 14630 862 4633 8451 6179
is_linear=0
shrinkage=0.0182397


Tree=70
num_leaves=8
num_cat=0
split_feature=9 20 51 48 9 48 19
split_gain=3832.52 1210.26 907.302 261.376 197.479 119.176 95.9662
threshold=25.115983009338382 30.098149299621586 22.786702219746505 26.69601631145801 23.953875541687015 21.706225586125004 32.788452148437507
decision_type=2 2 2 2 2 2 2
left_child=2 3 5 -2 -4 -1 -3
right_child=1 6 4 -5 -6 -7 -8
leaf_value=-0.013886878759970221 0.0086462868863709692 0.03589688208098156 -0.0028082953166952197 0.0190274646884547 0.0027496459338879342 -0.0081787902836143733 0.053353399758911631
leaf_weight=1632 3212 312 5468 1078 3480 4799 163
leaf_count=1632 3212 312 5468 1078 3480 4799 163
internal_value=2.58751e-05 0.014318 -0.00440264 0.0112566 -0.000646707 -0.00962819 0.0419311
internal_weight=20144 4765 15379 4290 8948 6431 475
internal_count=20144 4765 15379 4290 8948 6431 475
is_linear=0
shrinkage=0.0182397


Tree=71
num_leaves=8
num_cat=0
split_feature=49 49 18 50 9 9 18
split_gain=3764.71 1142.12 905.082 255.486 197.363 137.676 111.835
threshold=25.588709831230716 23.440530013796636 30.029041290283207 22.303516339978028 27.359121322631839 24.199960708618168 32.775291442871101
decision_type=2 2 2 2 2 2 2
left_child=1 3 4 -1 -2 -3 -4
right_child=2 5 6 -5 -6 -7 -8
leaf_value=-0.010991460298134539 0.01093017428751991 -0.00082797678078523618 0.033956168640269117 -0.0049898931595896883 0.022096752637583254 0.0042543783823672686 0.052576634623566973
leaf_weight=4336 2306 3273 330 5180 683 3869 163
leaf_count=4336 2306 3273 330 5180 683 3869 163
internal_value=1.80376e-05 -0.00358749 0.0172653 -0.00772491 0.0134847 0.00192535 0.040154
internal_weight=20140 16658 3482 9516 2989 7142 493
internal_count=20140 16658 3482 9516 2989 7142 493
is_linear=0
shrinkage=0.0182397


Tree=72
num_leaves=8
num_cat=0
split_feature=9 18 18 9 6 18 49
split_gain=3593.32 1048.48 939.019 179.594 168.114 156.248 105.414
threshold=25.408536911010746 23.008403778076175 28.810048104199222 24.17874908447266 9.5000000000000018 21.923958778381351 26.271829700680176
decision_type=2 2 2 2 2 2 2
left_child=1 5 6 -3 -4 -1 -2
right_child=2 3 4 -5 -6 -7 -8
leaf_value=-0.012168698766221458 0.0084996888992334187 -0.0016135615055837159 0.046828963197296687 0.0037657053730379875 0.028075348638122888 -0.0067461794410626904 0.015118609757736564
leaf_weight=2759 1785 5030 249 3502 450 4928 1455
leaf_count=2759 1785 5030 249 3502 450 4928 1455
internal_value=-1.2278e-05 -0.00380745 0.0156132 0.000594465 0.0347811 -0.008693 0.0114737
internal_weight=20158 16219 3939 8532 699 7687 3240
internal_count=20158 16219 3939 8532 699 7687 3240
is_linear=0
shrinkage=0.0182397


Tree=73
num_leaves=8
num_cat=0
split_feature=9 9 9 18 50 50 9
split_gain=3459.19 1117.34 721.096 216.976 196.762 155.93 81.4121
threshold=24.879459381103519 28.131484985351566 22.427556991577152 30.685413360595707 23.696928167343142 25.912921190261844 21.462049484252933
decision_type=2 2 2 2 2 2 2
left_child=2 5 6 -3 -4 -2 -1
right_child=1 3 4 -5 -6 -7 -8
leaf_value=-0.014224174016138902 0.005874869637845382 0.023228442466714749 -0.0039495088056886981 0.04144813102306405 0.0012874621780387312 0.012728682779548875 -0.008793242490662238
leaf_weight=1203 2539 497 5313 390 4333 1956 3902
leaf_count=1203 2539 497 5313 390 4333 1956 3902
internal_value=3.577e-05 0.0125518 -0.00453104 0.0312559 -0.0015971 0.00885826 -0.0100742
internal_weight=20133 5382 14751 887 9646 4495 5105
internal_count=20133 5382 14751 887 9646 4495 5105
is_linear=0
shrinkage=0.0182397


Tree=74
num_leaves=8
num_cat=0
split_feature=48 48 20 48 50 6 19
split_gain=3302.92 1005.77 832.109 199.382 191.823 138.568 102.94
threshold=25.517454147728031 23.284481430258303 30.098149299621586 27.377808380126954 22.257131147384648 10.500000000000002 32.788452148437507
decision_type=2 2 2 2 2 2 2
left_child=1 4 3 -2 -1 -3 -4
right_child=2 5 6 -5 -6 -7 -8
leaf_value=-0.010567458473453251 0.010098339189046733 0.0050523337980167109 0.032108771662669108 0.021473261343949075 -0.0051447466147237038 -0.00025449459419499623 0.050192277655444026
leaf_weight=4068 2519 2355 307 644 4655 5366 163
leaf_count=4068 2519 2355 307 644 4655 5366 163
internal_value=4.71152e-05 -0.0034303 0.0157854 0.012417 -0.00767405 0.00136435 0.0384214
internal_weight=20077 16444 3633 3163 8723 7721 470
internal_count=20077 16444 3633 3163 8723 7721 470
is_linear=0
shrinkage=0.0182397


Tree=75
num_leaves=8
num_cat=0
split_feature=18 18 51 18 50 18 18
split_gain=3070.41 1093.55 542.18 259.441 146.827 110.405 83.7166
threshold=24.528878211975101 27.522985458374027 22.583959992913659 31.617796897888187 25.798842763939088 23.404399871826175 21.462190628051761
decision_type=2 2 2 2 2 2 2
left_child=2 4 6 -3 -2 -4 -1
right_child=1 3 5 -5 -6 -7 -8
leaf_value=-0.013734948806053386 0.0046280714285834084 0.021612269108847098 -0.004156053410890587 0.041731155315687565 0.010891920202402745 8.5837943458890492e-05 -0.0082231373045742965
leaf_weight=1162 3322 763 3990 297 1992 4179 4366
leaf_count=1162 3322 763 3990 297 1992 4179 4366
internal_value=-0.000104997 0.0103523 -0.00497156 0.0272643 0.00697684 -0.00198615 -0.00938274
internal_weight=20071 6374 13697 1060 5314 8169 5528
internal_count=20071 6374 13697 1060 5314 8169 5528
is_linear=0
shrinkage=0.0182397


Tree=76
num_leaves=8
num_cat=0
split_feature=9 50 21 9 18 9 9
split_gain=3046.85 874.8 803.387 174.03 132.543 112.404 94.6812
threshold=25.438990592956547 22.938887739255374 29.599962234497074 23.930653572082523 27.070193290710453 21.579690933227543 32.32448387395997
decision_type=2 2 2 2 2 2 2
left_child=1 5 4 -3 -2 -1 -4
right_child=2 3 6 -5 -6 -7 -8
leaf_value=-0.012790168287993602 0.0091729603351631273 -0.002209871990127163 0.028374379899935132 0.0028019169167526007 0.017853847716964317 -0.0071392279701541494 0.043891915383391669
leaf_weight=1484 2586 4788 309 4444 757 5568 233
leaf_count=1484 2586 4788 309 4444 757 5568 233
internal_value=-2.94829e-05 -0.00349226 0.0144835 0.000202667 0.0111408 -0.00832912 0.0350754
internal_weight=20169 16284 3885 9232 3343 7052 542
internal_count=20169 16284 3885 9232 3343 7052 542
is_linear=0
shrinkage=0.0182397


Tree=77
num_leaves=8
num_cat=0
split_feature=9 18 9 18 50 51 9
split_gain=2998.94 1133.55 535.058 240.919 144.273 134.462 72.268
threshold=24.505189895629886 27.363266946049809 22.410684585571293 30.685413360595707 25.837377119130377 23.412658246316571 21.462049484252933
decision_type=2 2 2 2 2 2 2
left_child=2 4 6 -3 -2 -4 -1
right_child=1 3 5 -5 -6 -7 -8
leaf_value=-0.013470902875098258 0.0044680493754812181 0.020449375144261046 -0.004461891581273668 0.037914832538901246 0.010789878972789525 9.3633142846362048e-05 -0.0083540522546691493
leaf_weight=1213 3507 765 4160 402 1827 4473 3801
leaf_count=1213 3507 765 4160 402 1827 4473 3801
internal_value=2.5987e-06 0.0101978 -0.00485425 0.0264778 0.00663411 -0.00210166 -0.00959301
internal_weight=20148 6501 13647 1167 5334 8633 5014
internal_count=20148 6501 13647 1167 5334 8633 5014
is_linear=0
shrinkage=0.0182397


Tree=78
num_leaves=8
num_cat=0
split_feature=9 21 9 9 51 9 9
split_gain=2837.4 990.642 531.34 268.457 132.908 90.973 62.6575
threshold=24.556193351745609 29.599962234497074 22.410684585571293 26.327013015747074 23.412658246316571 32.32448387395997 21.367027282714847
decision_type=2 2 2 2 2 2 2
left_child=2 3 6 -2 -4 -3 -1
right_child=1 5 4 -5 -6 -7 -8
leaf_value=-0.013811312408715356 0.0054813690360453662 0.026980771040715522 -0.0042870643199495158 0.01426252816498815 0.00021870734533468994 0.042131194715714478 -0.0084335733525023517
leaf_weight=875 4176 304 4144 1603 4590 239 4123
leaf_count=875 4176 304 4144 1603 4590 239 4123
internal_value=2.16319e-05 0.0101327 -0.00463354 0.00791802 -0.00191924 0.0336779 -0.00937619
internal_weight=20054 6322 13732 5779 8734 543 4998
internal_count=20054 6322 13732 5779 8734 543 4998
is_linear=0
shrinkage=0.0182397


Tree=79
num_leaves=8
num_cat=0
split_feature=49 9 51 19 9 6 48
split_gain=2842.99 1062.85 452.269 251.587 138.788 88.5139 70.0538
threshold=24.426166152954107 27.359121322631839 22.54094756453101 30.731120109558109 25.683939933776859 10.500000000000002 21.706225586125004
decision_type=2 2 2 2 2 2 2
left_child=2 4 6 -3 -2 -4 -1
right_child=1 3 5 -5 -6 -7 -8
leaf_value=-0.012138813044050931 0.0041084129703597132 0.019446296403228792 0.0016462118399581398 0.037464488141968309 0.010042441349040653 -0.0031140732302775828 -0.0076094207749299574
leaf_weight=1624 3544 778 1639 387 2082 6269 3797
leaf_count=1624 3544 778 1639 387 2082 6269 3797
internal_value=-1.55015e-05 0.00958969 -0.00490941 0.0254436 0.00630502 -0.00212743 -0.00896719
internal_weight=20120 6791 13329 1165 5626 7908 5421
internal_count=20120 6791 13329 1165 5626 7908 5421
is_linear=0
shrinkage=0.0182397


Tree=80
num_leaves=8
num_cat=0
split_feature=48 9 18 6 50 9 9
split_gain=2689.9 793.556 661.276 150.491 150.057 98.7722 80.6038
threshold=25.168600082397464 28.131484985351566 22.661672592163089 9.5000000000000018 23.793409824086552 26.572516441345218 21.462049484252933
decision_type=2 2 2 2 2 2 2
left_child=2 5 6 -3 -4 -2 -1
right_child=1 3 4 -5 -6 -7 -8
leaf_value=-0.012568275029997888 0.0069952276848758198 0.038829363748289464 -0.0028462477095238079 0.02260384322799526 0.0017894195169206202 0.013924076684163178 -0.0072396902956833207
leaf_weight=1165 2855 291 4679 558 4613 901 5009
leaf_count=1165 2855 291 4679 558 4613 901 5009
internal_value=2.42966e-05 0.0122606 -0.00361931 0.0281825 -0.000544902 0.00865878 -0.00824599
internal_weight=20071 4605 15466 849 9292 3756 6174
internal_count=20071 4605 15466 849 9292 3756 6174
is_linear=0
shrinkage=0.0182397


Tree=81
num_leaves=8
num_cat=0
split_feature=48 9 9 48 18 9 53
split_gain=2575.4 773.835 653.453 149.355 127.65 117.24 66.1993
threshold=25.517454147728031 23.005092620849613 30.025896072387699 24.06515808105469 27.363266946049809 21.740428925412601 0.12489443595018419
decision_type=2 2 2 2 2 2 2
left_child=1 5 4 -3 -2 -1 -4
right_child=2 3 6 -5 -6 -7 -8
leaf_value=-0.011279329350633305 0.0089618796502750793 -0.001801050587850309 0.04318945430926685 0.0029333320248649164 0.017801495498005228 -0.0060667431734566877 0.028738500042285984
leaf_weight=1923 2463 4472 172 4395 698 5672 288
leaf_count=1923 2463 4472 172 4395 698 5672 288
internal_value=-5.09323e-05 -0.00311437 0.0138749 0.000545613 0.010916 -0.00738711 0.034178
internal_weight=20083 16462 3621 8867 3161 7595 460
internal_count=20083 16462 3621 8867 3161 7595 460
is_linear=0
shrinkage=0.0182397


Tree=82
num_leaves=8
num_cat=0
split_feature=9 18 19 19 51 6 9
split_gain=2629.96 739.099 675.201 149.835 143.513 117.267 85.6766
threshold=25.438990592956547 23.263258934021 30.041202546955571 27.204222679138187 22.28114802032227 10.500000000000002 32.761945724487312
decision_type=2 2 2 2 2 2 2
left_child=1 4 3 -2 -1 -3 -4
right_child=2 5 6 -5 -6 -7 -8
leaf_value=-0.0093207543350631392 0.0085832609479129709 0.0044669697906655169 0.028056270903650819 0.017804908838090328 -0.0046204085615244557 -0.00050343341171168944 0.044399056233037359
leaf_weight=4069 2677 2256 323 751 4612 5261 163
leaf_count=4069 2677 2256 323 751 4612 5261 163
internal_value=4.37865e-05 -0.00319851 0.0134608 0.0106055 -0.00682394 0.000988457 0.0335727
internal_weight=20112 16198 3914 3428 8681 7517 486
internal_count=20112 16198 3914 3428 8681 7517 486
is_linear=0
shrinkage=0.0182397


Tree=83
num_leaves=8
num_cat=0
split_feature=48 20 51 9 9 6 18
split_gain=2445.43 881.881 419.198 187.814 134.35 91.9807 59.1763
threshold=24.568722534415532 27.727675437927253 22.54094756453101 32.32448387395997 25.683939933776859 10.500000000000002 21.41526031494141
decision_type=2 2 2 2 2 2 2
left_child=2 4 6 -3 -2 -4 -1
right_child=1 3 5 -5 -6 -7 -8
leaf_value=-0.012192313246985222 0.0039557037710333514 0.020698027432133791 0.0019252289765037108 0.039342060905849914 0.0098206055842542765 -0.0027160212192319866 -0.0073047199143911465
leaf_weight=1015 3048 774 1812 235 2266 6571 4409
leaf_count=1015 3048 774 1812 235 2266 6571 4409
internal_value=3.27625e-05 0.00942661 -0.00426937 0.0250556 0.00645723 -0.00171276 -0.00822026
internal_weight=20130 6323 13807 1009 5314 8383 5424
internal_count=20130 6323 13807 1009 5314 8383 5424
is_linear=0
shrinkage=0.0182397


Tree=84
num_leaves=8
num_cat=0
split_feature=50 51 18 18 6 9 6
split_gain=2311.84 788.931 505.031 157.484 119.087 103.885 62.0616
threshold=25.798842763939088 23.412658246316571 30.029041290283207 22.068250656127933 9.5000000000000018 27.359121322631839 9.5000000000000018
decision_type=2 2 2 2 2 2 2
left_child=1 3 5 -1 -3 -2 -4
right_child=2 4 6 -5 -6 -7 -8
leaf_value=-0.0094670751569822589 0.0092710993374291069 0.0066347882294318025 0.039150589642754148 -0.0045105851373471416 0.00055798035450810551 0.017642611833506829 0.025575754051706388
leaf_weight=3360 1986 1282 219 5842 6566 657 239
leaf_count=3360 1986 1282 219 5842 6566 657 239
internal_value=-6.26847e-05 -0.00269751 0.0144225 -0.00632075 0.00155097 0.0113547 0.0320981
internal_weight=20151 17050 3101 9202 7848 2643 458
internal_count=20151 17050 3101 9202 7848 2643 458
is_linear=0
shrinkage=0.0182397


Tree=85
num_leaves=8
num_cat=0
split_feature=18 9 9 54 50 50 9
split_gain=2288.07 763.66 472.652 133.215 121.489 87.4717 74.1492
threshold=24.778981208801273 28.131484985351566 22.644634246826175 0.26336631919670089 25.837377119130377 23.696928167343142 21.462049484252933
decision_type=2 2 2 2 2 2 2
left_child=2 4 6 -3 -2 -4 -1
right_child=1 3 5 -5 -6 -7 -8
leaf_value=-0.011707600994528916 0.0044787410795881421 0.036470126784721897 -0.0027995228072460795 0.020871562726377933 0.010314884358273711 0.00095237534959455143 -0.0066812832284378326
leaf_weight=1221 2691 270 4309 569 2124 3973 4893
leaf_count=1221 2691 270 4309 569 2124 3973 4893
internal_value=2.19917e-05 0.00985344 -0.00383947 0.0259079 0.0070539 -0.000999726 -0.00768584
internal_weight=20050 5654 14396 839 4815 8282 6114
internal_count=20050 5654 14396 839 4815 8282 6114
is_linear=0
shrinkage=0.0182397


Tree=86
num_leaves=8
num_cat=0
split_feature=48 20 19 9 9 9 6
split_gain=2254.72 609.013 593.952 169.771 117.314 95.0506 84.2569
threshold=25.298513603446292 27.727675437927253 22.889492034912113 30.665832519531254 23.953875541687015 22.069253921508793 10.500000000000002
decision_type=2 2 2 2 2 2 2
left_child=2 6 5 -3 -4 -1 -2
right_child=1 3 4 -5 -6 -7 -8
leaf_value=-0.0092497122559769395 0.010978687040129408 0.018410676667845918 -0.0018855772153048862 0.033842681234831605 0.0023394698185307252 -0.0050503552982451233 0.0050512471080592699
leaf_weight=3307 1579 637 4682 380 4101 3922 1615
leaf_count=3307 1579 637 4682 380 4101 3922 1615
internal_value=2.34623e-05 0.0118988 -0.00309987 0.024189 8.72201e-05 -0.00697185 0.00798267
internal_weight=20223 4211 16012 1017 8783 7229 3194
internal_count=20223 4211 16012 1017 8783 7229 3194
is_linear=0
shrinkage=0.0182397


Tree=87
num_leaves=8
num_cat=0
split_feature=48 9 9 9 6 48 9
split_gain=2148.15 772.385 392.958 146.253 126.182 84.1576 56.5221
threshold=24.568722534415532 28.131484985351566 22.427556991577152 26.22662448883057 9.5000000000000018 23.411087036132816 21.462049484252933
decision_type=2 2 2 2 2 2 2
left_child=2 3 6 -2 -3 -4 -1
right_child=1 4 5 -5 -6 -7 -8
leaf_value=-0.011487564118919245 0.0045368023414869545 0.034692534605882001 -0.0034748433113885539 0.011406424867453536 0.019880437080819532 0.00010406140632970928 -0.0069609561765363957
leaf_weight=1202 4070 287 4307 1381 583 4438 3900
leaf_count=1202 4070 287 4307 1381 583 4438 3900
internal_value=1.61358e-05 0.00882633 -0.00400577 0.00627799 0.0247818 -0.00165867 -0.0080283
internal_weight=20168 6321 13847 5451 870 8745 5102
internal_count=20168 6321 13847 5451 870 8745 5102
is_linear=0
shrinkage=0.0182397


Tree=88
num_leaves=8
num_cat=0
split_feature=9 9 19 19 9 48 20
split_gain=2055.33 594.865 547.888 127.435 103.326 89.7198 69.6705
threshold=25.322278976440433 30.025896072387699 22.944904328884281 27.204222679138187 23.953875541687015 21.706225586125004 32.815729140126962
decision_type=2 2 2 2 2 2 2
left_child=2 3 5 -2 -4 -1 -3
right_child=1 6 4 -5 -6 -7 -8
leaf_value=-0.010381897306712238 0.0071507345332898929 0.025273592937799412 -0.0017531614710695786 0.01555384634175434 0.0022547699881862999 -0.0055538524068459664 0.039965559995749633
leaf_weight=1652 2983 325 4519 752 4064 5705 164
leaf_count=1652 2983 325 4519 752 4064 5705 164
internal_value=1.15322e-05 0.0113232 -0.00298621 0.00884424 0.000144589 -0.00663854 0.0302325
internal_weight=20164 4224 15940 3735 8583 7357 489
internal_count=20164 4224 15940 3735 8583 7357 489
is_linear=0
shrinkage=0.0182397


Tree=89
num_leaves=8
num_cat=0
split_feature=9 20 9 18 50 54 9
split_gain=1893.56 645.031 418.632 162.217 117.043 51.6945 49.3134
threshold=24.908310890197757 30.098149299621586 22.410684585571293 26.512299535385747 23.696928167343142 0.26336631919670089 21.462049484252933
decision_type=2 2 2 2 2 2 2
left_child=2 3 6 -2 -4 -3 -1
right_child=1 5 4 -5 -6 -7 -8
leaf_value=-0.010898010535327686 0.0052301837666090143 0.035457326649184356 -0.003004462849079432 0.012697931017010002 0.00099845587730924097 0.023247905635765675 -0.0066650714861366646
leaf_weight=1207 3452 247 5418 1345 4406 225 3813
leaf_count=1207 3452 247 5418 1345 4406 225 3813
internal_value=-6.46153e-05 0.00932846 -0.00339894 0.00732499 -0.00120922 0.0296642 -0.0076837
internal_weight=20113 5269 14844 4797 9824 472 5020
internal_count=20113 5269 14844 4797 9824 472 5020
is_linear=0
shrinkage=0.0182397


Tree=90
num_leaves=8
num_cat=0
split_feature=9 21 51 3 9 53 9
split_gain=1894.68 571.117 456.424 123.913 115.058 57.8851 52.5922
threshold=25.115983009338382 29.599962234497074 22.583959992913659 2.8888675000000004 23.809475898742679 0.12489443595018419 21.367027282714847
decision_type=2 2 2 2 2 2 2
left_child=2 3 6 -2 -4 -3 -1
right_child=1 5 4 -5 -6 -7 -8
leaf_value=-0.011427962265769807 0.0085285437120803786 0.036560405172539646 -0.0023928580277417445 -0.0057063908136364789 0.0016163323416900502 0.023612975607637646 -0.0065245887016393833
leaf_weight=863 4017 171 5779 214 4050 367 4669
leaf_count=863 4017 171 5779 214 4050 367 4669
internal_value=1.82534e-05 0.0100606 -0.00309971 0.00780804 -0.000740889 0.0277548 -0.00729037
internal_weight=20130 4769 15361 4231 9829 538 5532
internal_count=20130 4769 15361 4231 9829 538 5532
is_linear=0
shrinkage=0.0182397


Tree=91
num_leaves=8
num_cat=0
split_feature=9 19 9 21 6 51 9
split_gain=1874.5 682.301 316.603 152.415 130.752 67.7866 50.9679
threshold=24.505189895629886 27.712713241577152 22.492177963256839 32.817869185151373 10.500000000000002 23.412658246316571 21.367027282714847
decision_type=2 2 2 2 2 2 2
left_child=2 4 6 -3 -2 -4 -1
right_child=1 3 5 -5 -6 -7 -8
leaf_value=-0.011253450518894157 0.0086042836610663812 0.018671176670345995 -0.0033593192014619868 0.03797064902452587 0.0029231058609990512 -2.7480121700571015e-05 -0.0064708871266579392
leaf_weight=886 2475 862 3789 162 2960 4379 4566
leaf_count=886 2475 862 3789 162 2960 4379 4566
internal_value=-7.51611e-06 0.00808488 -0.0038453 0.0217394 0.0055107 -0.00157316 -0.00724894
internal_weight=20079 6459 13620 1024 5435 8168 5452
internal_count=20079 6459 13620 1024 5435 8168 5452
is_linear=0
shrinkage=0.0182397


Tree=92
num_leaves=8
num_cat=0
split_feature=49 9 18 6 9 18 53
split_gain=1722.07 500.913 458.191 109.106 102.34 90.4969 67.2308
threshold=25.241372203991702 29.563299179077152 23.008403778076175 10.500000000000002 27.359121322631839 22.068250656127933 0.14760278008898589
decision_type=2 2 2 2 2 2 2
left_child=2 4 5 -4 -2 -1 -3
right_child=1 6 3 -5 -6 -7 -8
leaf_value=-0.0082620932394852423 0.0064881208228453544 0.03478693281648669 0.0035695132868214783 -0.0011261443070159627 0.014632440070630571 -0.0042629222106089545 0.021455919720937418
leaf_weight=3363 3241 204 2291 5846 610 4280 339
leaf_count=3363 3241 204 2291 5846 610 4280 339
internal_value=-4.11027e-06 0.0100941 -0.0028162 0.000196056 0.00777971 -0.00602297 0.0264884
internal_weight=20174 4394 15780 8137 3851 7643 543
internal_count=20174 4394 15780 8137 3851 7643 543
is_linear=0
shrinkage=0.0182397


Tree=93
num_leaves=8
num_cat=0
split_feature=18 19 19 51 6 51 6
split_gain=1765.98 571.208 357.582 128.736 95.9818 72.1182 56.1287
threshold=24.85787391662598 27.712713241577152 22.889492034912113 32.943840535404142 10.500000000000002 21.97322308213835 10.500000000000002
decision_type=2 2 2 2 2 2 2
left_child=2 4 5 -3 -2 -1 -4
right_child=1 3 6 -5 -6 -7 -8
leaf_value=-0.0085425313314810916 0.009012615138705285 0.018509899192370192 0.0022296455461689253 0.03629943669097984 0.0036595825278495381 -0.0047384000906409741 -0.0013630638755354838
leaf_weight=2608 2083 834 1950 162 2398 4558 5601
leaf_count=2608 2083 834 1950 162 2398 4558 5601
internal_value=8.5553e-05 0.00892687 -0.00320495 0.0214181 0.00614859 -0.00612332 -0.000435193
internal_weight=20194 5477 14717 996 4481 7166 7551
internal_count=20194 5477 14717 996 4481 7166 7551
is_linear=0
shrinkage=0.0182397


Tree=94
num_leaves=8
num_cat=0
split_feature=49 18 9 9 49 21 9
split_gain=1653.32 539.466 389.069 100.375 87.0095 85.0407 55.4195
threshold=25.747661876678468 23.280637741088871 28.810048104199222 22.145884513854984 24.359889316558839 32.817869185151373 26.572516441345218
decision_type=2 2 2 2 2 2 2
left_child=1 3 6 -1 -3 -4 -2
right_child=2 4 5 -5 -6 -7 -8
leaf_value=-0.0077303759548598867 0.0064290808535789612 -0.0006676518840654091 0.020589868297642994 -0.0037673712484836766 0.003106089220471469 0.035724615044888594 0.012000280248437321
leaf_weight=3630 1464 4319 535 5136 3839 162 1002
leaf_count=3630 1464 4319 535 5136 3839 162 1002
internal_value=-5.05123e-06 -0.00226736 0.0120983 -0.00540876 0.00110827 0.0241279 0.00869454
internal_weight=20087 16924 3163 8766 8158 697 2466
internal_count=20087 16924 3163 8766 8158 697 2466
is_linear=0
shrinkage=0.0182397


Tree=95
num_leaves=8
num_cat=0
split_feature=49 20 51 6 6 6 18
split_gain=1584.49 605.284 245.093 135.097 114.613 55.6295 49.0004
threshold=24.359889316558839 27.545369148254398 22.54094756453101 9.5000000000000018 10.500000000000002 10.500000000000002 21.391393660561526
decision_type=2 2 2 2 2 2 2
left_child=2 4 6 -3 -2 -4 -1
right_child=1 3 5 -5 -6 -7 -8
leaf_value=-0.010499411775084668 0.007573993518059474 0.028750355996117777 0.0014426174015665855 0.015020215955033134 0.0024626383722831996 -0.0024242728931355545 -0.0059130231844695836
leaf_weight=937 2576 350 1553 754 3368 6091 4503
leaf_count=937 2576 350 1553 754 3368 6091 4503
internal_value=1.08537e-05 0.00698258 -0.00374474 0.0193828 0.00467818 -0.00163861 -0.00670378
internal_weight=20132 7048 13084 1104 5944 7644 5440
internal_count=20132 7048 13084 1104 5944 7644 5440
is_linear=0
shrinkage=0.0182397


Tree=96
num_leaves=8
num_cat=0
split_feature=49 9 9 9 49 9 53
split_gain=1534.41 472.169 370.401 108.521 94.0583 55.3897 37.3311
threshold=25.16162910461426 30.025896072387699 22.644634246826175 26.327013015747074 23.854276275596437 21.579690933227543 0.12983739157948285
decision_type=2 2 2 2 2 2 2
left_child=2 3 5 -2 -4 -1 -3
right_child=1 6 4 -5 -6 -7 -8
leaf_value=-0.0092908764097219196 0.0049356569919699741 0.033272557337727368 -0.0021761435045106561 0.011007084579948796 0.001491863120344063 -0.0052663851725512304 0.022507625571887804
leaf_weight=1513 2548 179 5062 1592 4302 4600 283
leaf_count=1513 2548 179 5062 1592 4302 4600 283
internal_value=-2.14386e-05 0.00922475 -0.00277092 0.00727129 -0.000491 -0.00626307 0.0267061
internal_weight=20079 4602 15477 4140 9364 6113 462
internal_count=20079 4602 15477 4140 9364 6113 462
is_linear=0
shrinkage=0.0182397


Tree=97
num_leaves=8
num_cat=0
split_feature=9 9 21 29 6 51 9
split_gain=1519.99 441.235 409.392 97.3946 94.6625 80.5605 61.1274
threshold=25.408536911010746 23.042264938354496 30.098149299621586 23.899018287658695 10.500000000000002 22.28114802032227 32.761945724487312
decision_type=2 2 2 2 2 2 2
left_child=1 5 3 -2 -3 -1 -4
right_child=2 4 6 -5 -6 -7 -8
leaf_value=-0.0073075025989809963 -0.0054768811591503425 0.0034987644551663058 0.021248557949742571 0.0087043385399703504 -0.00074106307036419128 -0.0035866841552871891 0.035069976264334522
leaf_weight=4035 169 2477 318 3339 5982 3724 163
leaf_count=4035 169 2477 318 3339 5982 3724 163
internal_value=0.000100215 -0.00238079 0.0101864 0.00802055 0.000500579 -0.00552197 0.0259601
internal_weight=20207 16218 3989 3508 8459 7759 481
internal_count=20207 16218 3989 3508 8459 7759 481
is_linear=0
shrinkage=0.0182397


Tree=98
num_leaves=8
num_cat=0
split_feature=9 9 49 6 9 6 6
split_gain=1424.43 396.88 366.936 91.3118 90.3395 85.0248 54.5755
threshold=25.408536911010746 23.228299140930179 28.939923953846684 10.500000000000002 21.923859597729496 10.500000000000002 9.5000000000000018
decision_type=2 2 2 2 2 2 2
left_child=1 4 5 -3 -1 -2 -4
right_child=2 3 6 -5 -6 -7 -8
leaf_value=-0.0078902360809430493 0.010273288147448245 0.0036294008852984206 0.02984756693982411 -0.00072977849331114317 -0.0038686856622970459 0.0044789575972887363 0.018492786795484561
leaf_weight=2728 1684 2274 228 5380 5834 1688 379
leaf_count=2728 1684 2274 228 5380 5834 1688 379
internal_value=-5.29253e-05 -0.00245253 0.00972561 0.000565466 -0.00515036 0.00737365 0.0227764
internal_weight=20195 16216 3979 7654 8562 3372 607
internal_count=20195 16216 3979 7654 8562 3372 607
is_linear=0
shrinkage=0.0182397


Tree=99
num_leaves=8
num_cat=0
split_feature=48 50 20 50 19 6 6
split_gain=1464.4 414.628 336.084 129.122 115.538 83.2541 53.8426
threshold=25.557925224304203 23.696928167343142 27.727675437927253 22.285977697474003 32.788452148437507 9.5000000000000018 10.500000000000002
decision_type=2 2 2 2 2 2 2
left_child=1 3 6 -1 -4 -3 -2
right_child=2 5 4 -5 -6 -7 -8
leaf_value=-0.0068968412326172396 0.0097075784797558372 0.0062462833672827503 0.016766460662832876 -0.002774138287540839 0.033562330367058142 0.00058008317328614803 0.0043939292664928551
leaf_weight=4234 1278 1041 868 6272 162 5027 1262
leaf_count=4234 1278 1041 868 6272 162 5027 1262
internal_value=3.90555e-05 -0.00224342 0.0106346 -0.00443584 0.0194213 0.00155253 0.00706871
internal_weight=20144 16574 3570 10506 1030 6068 2540
internal_count=20144 16574 3570 10506 1030 6068 2540
is_linear=0
shrinkage=0.0182397


Tree=100
num_leaves=8
num_cat=0
split_feature=9 20 51 6 9 6 29
split_gain=1329.31 363.592 362.615 110.684 106.105 56.8872 53.7437
threshold=25.322278976440433 27.545369148254398 22.807548840866705 10.500000000000002 32.32448387395997 15.500000000000002 23.899018287658695
decision_type=2 2 2 2 2 2 2
left_child=2 6 5 -4 -3 -1 -2
right_child=1 4 3 -5 -6 -7 -8
leaf_value=-0.0045329751781328798 -0.0041579806574420144 0.015263390127406422 0.0032626983891692429 -0.0012572413356574312 0.029103852349480118 -0.0082055079489892352 0.0065898040641995245
leaf_weight=4432 163 826 2426 7008 238 2055 2972
leaf_count=4432 163 826 2426 7008 238 2055 2972
internal_value=3.02871e-05 0.00915884 -0.00237746 -9.48184e-05 0.01837 -0.00569687 0.00603048
internal_weight=20120 4199 15921 9434 1064 6487 3135
internal_count=20120 4199 15921 9434 1064 6487 3135
is_linear=0
shrinkage=0.0182397


Tree=101
num_leaves=8
num_cat=0
split_feature=49 48 51 3 6 6 18
split_gain=1309.71 527.761 201.134 139.179 89.6099 57.7785 39.7387
threshold=24.359889316558839 27.208563995861333 22.465978272661705 0.27658100000000008 10.500000000000002 10.500000000000002 21.462190628051761
decision_type=2 2 2 2 2 2 2
left_child=2 4 6 -3 -2 -4 -1
right_child=1 3 5 -5 -6 -7 -8
leaf_value=-0.0091680408848976921 0.0067264806938480241 0.021030507375305943 0.0015099777840148136 0.0066472084558427975 0.0021648010164187969 -0.0023510802801883684 -0.0053331527677066299
leaf_weight=1176 2520 896 1608 299 3321 6502 3832
leaf_count=1176 2520 896 1608 299 3321 6502 3832
internal_value=4.48184e-05 0.00639343 -0.00336044 0.0174354 0.00413322 -0.00158549 -0.0062344
internal_weight=20154 7036 13118 1195 5841 8110 5008
internal_count=20154 7036 13118 1195 5841 8110 5008
is_linear=0
shrinkage=0.0182397


Tree=102
num_leaves=8
num_cat=0
split_feature=49 51 18 6 6 6 53
split_gain=1239.89 396.621 288.497 88.326 73.0812 66.5457 34.8015
threshold=25.588709831230716 23.39664300271102 30.029041290283207 15.500000000000002 10.500000000000002 10.500000000000002 0.12489443595018419
decision_type=2 2 2 2 2 2 2
left_child=1 3 5 -1 -3 -2 -4
right_child=2 4 6 -5 -6 -7 -8
leaf_value=-0.003590790617914836 0.010530227270993038 0.0038032954503980829 0.029763518645569257 -0.0077038391249338702 -0.00014657745057578028 0.0051279079519342095 0.019340919793167249
leaf_weight=6795 1492 2214 170 2334 5260 1546 300
leaf_count=6795 1492 2214 170 2334 5260 1546 300
internal_value=-1.01746e-05 -0.00209198 0.00984182 -0.00464269 0.00102364 0.0077822 0.0231351
internal_weight=20111 16603 3508 9129 7474 3038 470
internal_count=20111 16603 3508 9129 7474 3038 470
is_linear=0
shrinkage=0.0182397


Tree=103
num_leaves=8
num_cat=0
split_feature=9 19 9 18 6 6 9
split_gain=1217.96 507.741 190.991 117.146 102.998 64.7837 33.5679
threshold=24.226724624633793 27.712713241577152 22.395135879516605 32.775291442871101 10.500000000000002 15.500000000000002 21.462049484252933
decision_type=2 2 2 2 2 2 2
left_child=2 4 6 -3 -2 -4 -1
right_child=1 3 5 -5 -6 -7 -8
leaf_value=-0.0088772979653155438 0.0066916122598642417 0.015171720217896272 -0.0010422612067878614 0.032062756644275492 0.0019901744209542128 -0.0062248062150784831 -0.005360030910352219
leaf_weight=1191 2705 850 6997 163 3632 906 3748
leaf_count=1191 2705 850 6997 163 3632 906 3748
internal_value=-6.3476e-06 0.00591474 -0.00339531 0.0179024 0.00399735 -0.0016367 -0.00620891
internal_weight=20192 7350 12842 1013 6337 7903 4939
internal_count=20192 7350 12842 1013 6337 7903 4939
is_linear=0
shrinkage=0.0182397


Tree=104
num_leaves=8
num_cat=0
split_feature=49 20 19 19 6 6 6
split_gain=1194.02 460.893 203.366 106.475 90.0347 61.7134 32.7503
threshold=24.499453353881837 27.727675437927253 22.427412986755375 32.788452148437507 10.500000000000002 10.500000000000002 15.500000000000002
decision_type=2 2 2 2 2 2 2
left_child=2 4 6 -3 -2 -4 -1
right_child=1 3 5 -5 -6 -7 -8
leaf_value=-0.0049422041598164834 0.0069004842404954197 0.015008913202654777 0.0014890205008323942 0.031088587045334688 0.0022115875871086431 -0.0022330527590207999 -0.0080286084832423173
leaf_weight=3296 2436 867 1916 163 3092 6538 1755
leaf_count=3296 2436 867 1916 163 3092 6538 1755
internal_value=-1.89505e-05 0.00636619 -0.00311967 0.0175658 0.00427821 -0.00138945 -0.0060152
internal_weight=20063 6558 13505 1030 5528 8454 5051
internal_count=20063 6558 13505 1030 5528 8454 5051
is_linear=0
shrinkage=0.0182397


Tree=105
num_leaves=8
num_cat=0
split_feature=18 19 18 6 6 6 6
split_gain=1141.37 446.072 206.638 110.321 87.3533 56.0692 34.761
threshold=24.507459640502933 27.712713241577152 22.409682275356449 9.5000000000000018 10.500000000000002 15.500000000000002 15.500000000000002
decision_type=2 2 2 2 2 2 2
left_child=2 4 6 -3 -2 -4 -1
right_child=1 3 5 -5 -6 -7 -8
leaf_value=-0.0048473680142216112 0.0067800527653889891 0.025856659528672193 -0.00078745502375550597 0.013089181500141815 0.0021574217295060941 -0.0054700667312194634 -0.0080409296408490306
leaf_weight=3245 2466 342 7698 664 3033 956 1746
leaf_count=3245 2466 342 7698 664 3033 956 1746
internal_value=-1.24302e-05 0.00627449 -0.00300971 0.017439 0.00423079 -0.00130499 -0.00596518
internal_weight=20150 6505 13645 1006 5499 8654 4991
internal_count=20150 6505 13645 1006 5499 8654 4991
is_linear=0
shrinkage=0.0182397


Tree=106
num_leaves=8
num_cat=0
split_feature=9 9 21 6 29 9 9
split_gain=1129.74 327.543 296.426 81.3366 79.853 66.6368 57.7967
threshold=25.408536911010746 23.228299140930179 29.599962234497074 10.500000000000002 23.94248199462891 21.923859597729496 32.761945724487312
decision_type=2 2 2 2 2 2 2
left_child=1 5 4 -3 -2 -1 -4
right_child=2 3 6 -5 -6 -7 -8
leaf_value=-0.0068808631536055546 -0.0054404942488361814 0.0035960685764725312 0.017347561898099269 -0.00052987557490954138 0.0074444035120538165 -0.0034119073708025927 0.03032983073438961
leaf_weight=2691 168 2266 385 5322 3249 5846 164
leaf_count=2691 168 2266 385 5322 3249 5846 164
internal_value=9.01245e-05 -0.00205495 0.00881083 0.00070239 0.00681029 -0.00450568 0.0212469
internal_weight=20091 16125 3966 7588 3417 8537 549
internal_count=20091 16125 3966 7588 3417 8537 549
is_linear=0
shrinkage=0.0182397


Tree=107
num_leaves=8
num_cat=0
split_feature=9 18 21 18 6 29 53
split_gain=1048.44 341.1 241.904 77.8386 69.9295 65.6545 32.9329
threshold=25.683939933776859 23.293936729431156 29.599962234497074 22.068250656127933 10.500000000000002 24.193593025207523 0.12489443595018419
decision_type=2 2 2 2 2 2 2
left_child=1 3 5 -1 -3 -2 -4
right_child=2 4 6 -5 -6 -7 -8
leaf_value=-0.0064609073324673107 -0.0038566422162270532 0.0034990296139813101 0.027609024270950883 -0.0029374972825511303 -0.0002077449371443878 0.0079976453130185237 0.01767210733011667
leaf_weight=3346 165 2455 165 5542 5454 2616 355
leaf_count=3346 165 2455 165 5542 5454 2616 355
internal_value=3.4476e-05 -0.00181238 0.00943114 -0.00426418 0.00094299 0.00729382 0.0208458
internal_weight=20098 16797 3301 8888 7909 2781 520
internal_count=20098 16797 3301 8888 7909 2781 520
is_linear=0
shrinkage=0.0182397


Tree=108
num_leaves=8
num_cat=0
split_feature=18 19 19 21 6 55 18
split_gain=1100.75 388.859 186.726 91.024 72.054 63.0845 33.1494
threshold=24.507459640502933 27.712713241577152 22.427412986755375 32.817869185151373 10.500000000000002 0.60450686222261985 21.41526031494141
decision_type=2 2 2 2 2 2 2
left_child=2 4 6 -3 -2 -4 -1
right_child=1 3 5 -5 -6 -7 -8
leaf_value=-0.0085574858467633141 0.006634250718843447 0.014227049144524698 -0.0021216047716539205 0.029159029789802862 0.0024248030953609077 0.0015410937000012845 -0.0049046915217990468
leaf_weight=1039 2460 849 6509 162 3007 2059 4060
leaf_count=1039 2460 849 6509 162 3007 2059 4060
internal_value=4.91614e-05 0.00624182 -0.00288619 0.0166314 0.00431932 -0.00124138 -0.00564968
internal_weight=20145 6478 13667 1011 5467 8568 5099
internal_count=20145 6478 13667 1011 5467 8568 5099
is_linear=0
shrinkage=0.0182397


Tree=109
num_leaves=8
num_cat=0
split_feature=9 20 9 47 6 55 9
split_gain=1012.84 407.924 150.915 90.8384 80.5782 46.096 33.7593
threshold=24.17874908447266 27.387870788503424 22.44335270106934 33.175825119018562 10.500000000000002 0.60907446420840772 21.462049484252933
decision_type=2 2 2 2 2 2 2
left_child=2 4 6 -3 -2 -4 -1
right_child=1 3 5 -5 -6 -7 -8
leaf_value=-0.0081895116229933809 0.0059160766856859509 0.013173741018660385 -0.0022307379507364332 0.027856946822892345 0.0017559853015982629 0.0011862001425361186 -0.0046957634073287258
leaf_weight=1197 2681 1008 5773 163 3669 1700 3993
leaf_count=1197 2681 1008 5773 163 3669 1700 3993
internal_value=3.58836e-05 0.0053374 -0.00311295 0.0152273 0.00351268 -0.00145341 -0.00550217
internal_weight=20184 7521 12663 1171 6350 7473 5190
internal_count=20184 7521 12663 1171 6350 7473 5190
is_linear=0
shrinkage=0.0182397


Tree=110
num_leaves=8
num_cat=1
split_feature=49 50 18 51 0 6 53
split_gain=1001.32 295.344 231.029 81.8527 57.0306 47.6619 30.3655
threshold=25.588709831230716 23.696928167343142 30.029041290283207 22.28114802032227 0 10.500000000000002 0.12489443595018419
decision_type=2 2 2 2 9 2 2
left_child=1 3 4 -1 -2 -3 -4
right_child=2 5 6 -5 -6 -7 -8
leaf_value=-0.0057860454149766547 0.0095815003525053701 0.0035650049541047237 0.026787056133775019 -0.002483647758134777 0.004442638513115247 0.00013714267231629894 0.017119324869495276
leaf_weight=4130 1451 1989 173 6317 1555 4195 301
leaf_count=4130 1451 1989 173 6317 1555 4195 301
internal_value=-5.75592e-05 -0.00191935 0.00883908 -0.00378937 0.00697086 0.00123984 0.0206694
internal_weight=20111 16631 3480 10447 3006 6184 474
internal_count=20111 16631 3480 10447 3006 6184 474
cat_boundaries=0 1
cat_threshold=7184
is_linear=0
shrinkage=0.0182397


Tree=111
num_leaves=8
num_cat=0
split_feature=48 50 18 50 20 45 18
split_gain=929.83 370.039 178.48 86.0563 42.0805 40.5933 36.8692
threshold=26.120580100763188 23.696928167343142 30.029041290283207 22.257131147384648 27.083062171936039 23.029387474060062 32.775291442871101
decision_type=2 2 2 2 2 2 2
left_child=1 3 4 -1 -2 -3 -4
right_child=2 5 6 -5 -6 -7 -8
leaf_value=-0.0056949706874925201 0.0058366620664523361 0.0084905305808882312 0.016845380364933937 -0.0022920991439411725 0.01120354213943278 0.0014726045272264042 0.027587972033658908
leaf_weight=4046 1143 285 317 6359 848 6982 163
leaf_count=4046 1143 285 317 6359 848 6982 163
internal_value=5.56446e-05 -0.00140982 0.0105347 -0.0036155 0.00812448 0.00174833 0.0205153
internal_weight=20143 17672 2471 10405 1991 7267 480
internal_count=20143 17672 2471 10405 1991 7267 480
is_linear=0
shrinkage=0.0182397


Tree=112
num_leaves=8
num_cat=0
split_feature=9 51 9 6 41 6 54
split_gain=912.836 276.751 218.189 81.124 64.1714 48.8114 29.1269
threshold=25.683939933776859 23.39664300271102 30.025896072387699 15.500000000000002 24.001547813415531 10.500000000000002 0.26336631919670089
decision_type=2 2 2 2 2 2 2
left_child=1 3 4 -1 -2 -3 -4
right_child=2 5 6 -5 -6 -7 -8
leaf_value=-0.0028768087067689236 -0.0042908670344902009 0.0030554847049140063 0.024593729665869972 -0.0068167890220439051 0.0074864267032147564 -0.00012844034020796524 0.015483468817347919
leaf_weight=6809 163 2266 243 2335 2685 5463 232
leaf_count=6809 163 2266 243 2335 2685 5463 232
internal_value=-1.47146e-05 -0.00173565 0.00872263 -0.0038832 0.00681182 0.000805148 0.0201625
internal_weight=20196 16873 3323 9144 2848 7729 475
internal_count=20196 16873 3323 9144 2848 7729 475
is_linear=0
shrinkage=0.0182397


Tree=113
num_leaves=8
num_cat=0
split_feature=18 19 9 16 55 9 9
split_gain=858.97 305.854 188.595 68.2884 60.671 46.9431 30.9869
threshold=24.804330825805668 27.712713241577152 22.427556991577152 -1.5896934999999999 0.59952272817427532 26.383757591247562 21.367027282714847
decision_type=2 2 2 2 2 2 2
left_child=2 5 6 -3 -4 -2 -1
right_child=1 3 4 -5 -6 -7 -8
leaf_value=-0.008262729140264 0.0031208656928514095 0.019667357795054019 -0.0016514823847976975 0.0099593751414748903 0.0017287331801282555 0.0075403640109505312 -0.0045099686421153883
leaf_weight=887 3564 542 7093 437 2352 1031 4206
leaf_count=887 3564 542 7093 437 2352 1031 4206
internal_value=-1.24174e-06 0.00608609 -0.00233529 0.0153404 -0.000809698 0.00411311 -0.00516421
internal_weight=20112 5574 14538 979 9445 4595 5093
internal_count=20112 5574 14538 979 9445 4595 5093
is_linear=0
shrinkage=0.0182397


Tree=114
num_leaves=8
num_cat=0
split_feature=48 50 3 6 9 6 6
split_gain=854.896 322.978 153.405 136.598 78.585 52.9014 29.3522
threshold=26.035845184701174 23.696928167343142 0.27658100000000008 10.500000000000002 22.215206146240238 9.5000000000000018 9.5000000000000018
decision_type=2 2 2 2 2 2 2
left_child=1 4 3 -2 -1 -3 -4
right_child=2 5 6 -5 -6 -7 -8
leaf_value=-0.0055606370403019634 0.019822572649126291 0.0049008943118887651 0.0095879108824751761 0.0070744084008211652 -0.0023019451081178325 0.00078049420040680276 0.0040268674151740262
leaf_weight=3944 684 1261 457 474 6554 5818 1024
leaf_count=3944 684 1261 457 474 6554 5818 1024
internal_value=-4.26975e-05 -0.00149613 0.00963649 0.0146091 -0.00352639 0.00151473 0.00574521
internal_weight=20216 17577 2639 1158 10498 7079 1481
internal_count=20216 17577 2639 1158 10498 7079 1481
is_linear=0
shrinkage=0.0182397


Tree=115
num_leaves=8
num_cat=1
split_feature=9 9 9 9 55 19 0
split_gain=819.662 319.164 142.637 87.437 53.5575 42.3432 30.3022
threshold=24.505189895629886 29.563299179077152 22.427556991577152 26.383757591247562 0.59952272817427532 32.788452148437507 0
decision_type=2 2 2 2 2 2 9
left_child=2 3 6 -2 -4 -3 -1
right_child=1 5 4 -5 -6 -7 -8
leaf_value=-0.0071207413350795586 0.0028090609306373562 0.015282971102801902 -0.0019221977097898029 0.0079205343366363784 0.0014262905857184839 0.02639483498685637 -0.003987160153471986
leaf_weight=1535 4396 397 6471 1491 2106 162 3549
leaf_count=1535 4396 397 6471 1491 2106 162 3549
internal_value=-5.33202e-06 0.00535559 -0.002535 0.00410414 -0.00109998 0.0185215 -0.00495566
internal_weight=20107 6446 13661 5887 8577 559 5084
internal_count=20107 6446 13661 5887 8577 559 5084
cat_boundaries=0 1
cat_threshold=4132
is_linear=0
shrinkage=0.0182397


Tree=116
num_leaves=8
num_cat=0
split_feature=9 18 9 6 32 6 53
split_gain=810.859 215.974 200.606 63.5292 56.1448 47.9846 23.1526
threshold=25.408536911010746 23.404399871826175 30.025896072387699 15.500000000000002 23.980022430419925 10.500000000000002 0.12983739157948285
decision_type=2 2 2 2 2 2 2
left_child=1 3 4 -1 -2 -3 -4
right_child=2 5 6 -5 -6 -7 -8
leaf_value=-0.0027610169101362132 -0.0043796136212749005 0.002897527052469723 0.023926410828596256 -0.0061815124244168403 0.0063898709272247316 -0.00041098973770132343 0.015431012692063102
leaf_weight=6969 169 2115 174 2439 3305 4695 289
leaf_count=6969 169 2115 174 2439 3305 4695 289
internal_value=-5.47282e-05 -0.00185729 0.0073701 -0.00364802 0.00586548 0.000616666 0.0186434
internal_weight=20155 16218 3937 9408 3474 6810 463
internal_count=20155 16218 3937 9408 3474 6810 463
is_linear=0
shrinkage=0.0182397


Tree=117
num_leaves=8
num_cat=2
split_feature=9 9 51 0 0 9 55
split_gain=768.571 298.883 126.411 95.9612 59.553 30.3683 26.3446
threshold=24.359519958496097 27.359121322631839 22.583959992913659 0 1 21.367027282714847 0.6238929016818402
decision_type=2 2 2 9 9 2 2
left_child=2 4 5 -3 -2 -1 -4
right_child=1 3 6 -5 -6 -7 -8
leaf_value=-0.0078432996606802464 -0.0060768338724994445 0.01574144693409063 -0.0017324687918810074 0.0020690664227608151 0.0035355207376404252 -0.0041357548179869422 0.00072110972058227088
leaf_weight=873 215 949 5584 226 5542 4665 1969
leaf_count=873 215 949 5584 226 5542 4665 1969
internal_value=-2.73411e-05 0.00488327 -0.00262771 0.013265 0.00317169 -0.00472078 -0.00109284
internal_weight=20023 6932 13091 1175 5757 5538 7553
internal_count=20023 6932 13091 1175 5757 5538 7553
cat_boundaries=0 1 2
cat_threshold=7168 512
is_linear=0
shrinkage=0.0182397


Tree=118
num_leaves=8
num_cat=0
split_feature=9 18 21 53 18 6 53
split_gain=702.962 237.015 170.8 56.1777 54.7327 50.1791 26.4375
threshold=25.683939933776859 23.280637741088871 29.599962234497074 1.5984034883671894 21.740749359982914 9.5000000000000018 0.12489443595018419
decision_type=2 2 2 2 2 2 2
left_child=1 4 5 -3 -1 -2 -4
right_child=2 3 6 -5 -6 -7 -8
leaf_value=-0.0063449329518706276 0.0097937410795719444 0.00049597638293258839 0.023094171155615507 0.010817979492878525 -0.0028528414825212543 0.0043211654889314536 0.014313536500136064
leaf_weight=1904 774 7827 171 179 6924 1995 356
leaf_count=1904 774 7827 171 179 6924 1995 356
internal_value=-3.70579e-05 -0.00154531 0.00766538 0.00072734 -0.00360629 0.00585219 0.0171796
internal_weight=20130 16834 3296 8006 8828 2769 527
internal_count=20130 16834 3296 8006 8828 2769 527
is_linear=0
shrinkage=0.0182397


Tree=119
num_leaves=8
num_cat=0
split_feature=18 19 19 19 3 18 55
split_gain=708.396 326.802 93.6123 71.4686 60.8476 27.1312 24.4973
threshold=24.233662605285648 27.712713241577152 22.443038942219243 32.788452148437507 2.9426885000000005 21.462190628051761 0.2863775149862004
decision_type=2 2 2 2 2 2 2
left_child=2 4 5 -3 -2 -1 -4
right_child=1 3 6 -5 -6 -7 -8
leaf_value=-0.0069853652498076142 0.003564799998842314 0.011939080634299959 -0.0028656229322064409 0.0251351296365225 -0.0019782153145545414 -0.0038331987637698428 -0.00065355119046445914
leaf_weight=1180 5623 848 2464 163 746 3959 5139
leaf_count=1180 5623 848 2464 163 746 3959 5139
internal_value=-5.15179e-05 0.0044452 -0.00265602 0.0140766 0.00291546 -0.00455752 -0.00137057
internal_weight=20122 7380 12742 1011 6369 5139 7603
internal_count=20122 7380 12742 1011 6369 5139 7603
is_linear=0
shrinkage=0.0182397


Tree=120
num_leaves=8
num_cat=0
split_feature=9 9 6 18 6 28 48
split_gain=696.262 209.492 165.556 95.5252 66.9781 53.0111 14.1986
threshold=25.088553428649906 28.131484985351566 15.500000000000002 23.42179107666016 9.5000000000000018 23.774934768676761 21.462136650099612
decision_type=2 2 2 2 2 2 2
left_child=2 5 3 -1 -3 -2 -4
right_child=1 4 6 -5 -6 -7 -8
leaf_value=-0.0023770185810862475 -0.0052833589730881432 0.021371118734583902 -0.008645924940332634 0.00084358501038674148 0.0105992003721698 0.0047575039854594664 -0.0052709528606834158
leaf_weight=6994 183 288 509 5452 581 3807 2269
leaf_count=6994 183 288 509 5452 581 3807 2269
internal_value=5.37163e-05 0.00606486 -0.00186496 -0.000966246 0.0141782 0.00429645 -0.0058906
internal_weight=20083 4859 15224 12446 869 3990 2778
internal_count=20083 4859 15224 12446 869 3990 2778
is_linear=0
shrinkage=0.0182397


Tree=121
num_leaves=8
num_cat=0
split_feature=9 9 6 2 6 6 45
split_gain=688.483 268.994 128.182 146.583 71.322 50.3117 45.989
threshold=26.22662448883057 23.468993186950687 10.500000000000002 0.9565760000000002 15.500000000000002 10.500000000000002 25.326395988464359
decision_type=2 2 2 2 2 2 2
left_child=1 4 3 -2 -1 -3 -4
right_child=2 5 6 -5 -6 -7 -8
leaf_value=-0.0022650343286439241 0.020857677392810477 0.0033505899334303054 0.011691002391563274 0.0085355837035524258 -0.0058718552771294232 0.00030448867479995534 0.0018114086167695369
leaf_weight=7278 500 2737 203 900 2434 5290 684
leaf_count=7278 500 2737 203 900 2434 5290 684
internal_value=8.71019e-05 -0.0011273 0.00950496 0.0129415 -0.00316919 0.00134326 0.00407714
internal_weight=20026 17739 2287 1400 9712 8027 887
internal_count=20026 17739 2287 1400 9712 8027 887
is_linear=0
shrinkage=0.0182397


Tree=122
num_leaves=8
num_cat=0
split_feature=18 20 6 6 6 20 48
split_gain=644.765 264.703 103.008 67.6659 62.8887 55.2948 13.0312
threshold=24.233662605285648 27.224102973937992 15.500000000000002 9.5000000000000018 10.500000000000002 22.274477005004886 21.462136650099612
decision_type=2 2 2 2 2 2 2
left_child=2 4 5 -3 -2 -1 -4
right_child=1 3 6 -5 -6 -7 -8
leaf_value=-0.0038705643787715436 0.0049110187064289792 0.018108655175362913 -0.0083407834452994181 0.0089950339591854007 0.001162764811660425 -0.00083626775406705242 -0.0050809629735362296
leaf_weight=2743 2569 407 506 816 3543 7355 2134
leaf_count=2743 2569 407 506 816 3543 7355 2134
internal_value=-1.8833e-05 0.00428888 -0.00249943 0.0120334 0.00273847 -0.00166063 -0.00570705
internal_weight=20073 7335 12738 1223 6112 10098 2640
internal_count=20073 7335 12738 1223 6112 10098 2640
is_linear=0
shrinkage=0.0182397


Tree=123
num_leaves=8
num_cat=1
split_feature=51 51 6 2 0 6 43
split_gain=633.733 205.934 151.976 153.607 65.6972 56.8373 47.821
threshold=25.757380517472008 23.39664300271102 10.500000000000002 0.9565760000000002 0 15.500000000000002 25.571038246154789
decision_type=2 2 2 2 9 2 2
left_child=1 5 3 -2 -3 -1 -4
right_child=2 4 6 -5 -6 -7 -8
leaf_value=-0.0023841591194180864 0.019843976857797263 -0.0015583571392443652 0.012105521087641671 0.0077711097311376175 0.0019930235525680985 -0.0056957454312685446 0.0018575311460703784
leaf_weight=6725 486 2589 172 1260 5198 2319 1249
leaf_count=6725 486 2589 172 1260 5198 2319 1249
internal_value=4.70288e-05 -0.00136149 0.00753172 0.0111358 0.000812807 -0.00323353 0.00310133
internal_weight=19998 16831 3167 1746 7787 9044 1421
internal_count=19998 16831 3167 1746 7787 9044 1421
cat_boundaries=0 1
cat_threshold=556
is_linear=0
shrinkage=0.0182397


Tree=124
num_leaves=8
num_cat=1
split_feature=9 9 19 6 0 6 20
split_gain=608.755 218.868 111.558 62.7634 56.9139 37.9177 25.3944
threshold=25.922722816467289 23.468993186950687 30.731120109558109 15.500000000000002 0 10.500000000000002 32.815729140126962
decision_type=2 2 2 2 9 2 2
left_child=1 3 4 -1 -2 -3 -4
right_child=2 5 6 -5 -6 -7 -8
leaf_value=-0.0022095917851134585 -0.0012903892162718219 0.0029245974573719621 0.012939148786592752 -0.0055773841055126666 0.0074057998121358432 0.00017084794284909528 0.022365878139863283
leaf_weight=7222 287 2475 235 2471 2145 5072 163
leaf_count=7222 287 2475 235 2471 2145 5072 163
internal_value=3.21013e-05 -0.00125499 0.00787186 -0.00306834 0.00640466 0.00107404 0.0168203
internal_weight=20070 17240 2830 9693 2432 7547 398
internal_count=20070 17240 2830 9693 2432 7547 398
cat_boundaries=0 1
cat_threshold=544
is_linear=0
shrinkage=0.0182397


Tree=125
num_leaves=8
num_cat=0
split_feature=51 50 18 6 51 6 44
split_gain=614.823 235.689 121.513 75.1941 61.6921 45.131 43.2705
threshold=26.105808957425868 23.696928167343142 28.810048104199222 9.5000000000000018 22.28114802032227 9.5000000000000018 25.741160392761234
decision_type=2 2 2 2 2 2 2
left_child=1 4 6 -3 -1 -4 -2
right_child=2 3 5 -5 -6 -7 -8
leaf_value=-0.0045826938878775992 0.014906955892871219 0.0053389686582486799 0.021478337106308726 0.00055046628278342092 -0.0017168162568355837 0.01160627827434906 0.0052268332184628704
leaf_weight=4126 169 1346 243 5751 6338 427 1666
leaf_count=4126 169 1346 243 5751 6338 427 1666
internal_value=9.9078e-05 -0.00110683 0.00855168 0.00145892 -0.00284699 0.0151985 0.00612171
internal_weight=20066 17561 2505 7097 10464 670 1835
internal_count=20066 17561 2505 7097 10464 670 1835
is_linear=0
shrinkage=0.0182397


Tree=126
num_leaves=8
num_cat=0
split_feature=9 18 19 6 6 6 42
split_gain=580.494 209.093 110.277 49.1449 46.1982 45.9289 25.3642
threshold=25.922722816467289 23.293936729431156 30.731120109558109 10.500000000000002 15.500000000000002 10.500000000000002 33.095565795898445
decision_type=2 2 2 2 2 2 2
left_child=1 4 5 -3 -1 -2 -4
right_child=2 3 6 -5 -6 -7 -8
leaf_value=-0.0024040157340330082 0.0085280017375762851 0.0028829144191792173 0.01271108495593452 -0.00011887165150835178 -0.0054017982689742745 0.0035088270042116557 0.022164161408835991
leaf_weight=6487 1321 2647 233 5767 2323 1123 162
leaf_count=6487 1321 2647 233 5767 2323 1123 162
internal_value=2.88545e-05 -0.0012308 0.00767011 0.000825576 -0.00319469 0.00622277 0.0166084
internal_weight=20063 17224 2839 8414 8810 2444 395
internal_count=20063 17224 2839 8414 8810 2444 395
is_linear=0
shrinkage=0.0182397


Tree=127
num_leaves=8
num_cat=0
split_feature=9 18 6 6 6 51 49
split_gain=548.623 235.062 94.8877 68.4812 55.286 49.1246 10.7563
threshold=24.17874908447266 27.706545829772953 15.500000000000002 10.500000000000002 10.500000000000002 22.599044767953046 21.541770935089847
decision_type=2 2 2 2 2 2 2
left_child=2 3 5 -2 -3 -1 -4
right_child=1 4 6 -5 -6 -7 -8
leaf_value=-0.0031469448836290836 0.0048547104441914292 0.015036241676529696 -0.007638661701260676 0.0010750409406074602 0.0059675370066047638 -0.00049093439706555388 -0.004763206177671616
leaf_weight=3669 2747 686 548 3802 333 6285 2087
leaf_count=3669 2747 686 548 3802 333 6285 2087
internal_value=4.81996e-05 0.00392909 -0.00228489 0.00266066 0.0120765 -0.00147002 -0.00536239
internal_weight=20157 7568 12589 6549 1019 9954 2635
internal_count=20157 7568 12589 6549 1019 9954 2635
is_linear=0
shrinkage=0.0182397


Tree=128
num_leaves=8
num_cat=2
split_feature=49 51 9 6 16 0 0
split_gain=526.47 170.38 125.754 58.5169 37.8121 36.1078 32.6341
threshold=25.588709831230716 22.852911694852626 28.810048104199222 10.500000000000002 -1.0001379999999995 0 1
decision_type=2 2 2 2 2 9 9
left_child=1 6 5 -3 -4 -2 -1
right_child=2 3 4 -5 -6 -7 -8
leaf_value=-0.0057700355093688888 0.011422753228136079 0.0024998687453140927 0.016432612555463254 -0.00065836632012967284 0.0070455977341528685 0.0040806946613324074 -0.0028115788674618922
leaf_weight=1687 244 2676 467 7208 207 2550 5034
leaf_count=1687 244 2676 467 7208 207 2550 5034
internal_value=2.31852e-05 -0.0013268 0.00648637 0.000196769 0.0135561 0.00477905 -0.00356726
internal_weight=20073 16605 3468 9884 674 2794 6721
internal_count=20073 16605 3468 9884 674 2794 6721
cat_boundaries=0 1 2
cat_threshold=1040 4132
is_linear=0
shrinkage=0.0182397


Tree=129
num_leaves=8
num_cat=1
split_feature=9 9 0 6 6 3 53
split_gain=522.624 236.864 83.0409 65.8657 64.1542 41.5848 33.8114
threshold=26.508200645446781 23.809475898742679 0 10.500000000000002 15.500000000000002 3.3205010000000006 0.69457274497023258
decision_type=2 2 9 2 2 2 2
left_child=1 4 3 -2 -1 -3 -4
right_child=2 5 6 -5 -6 -7 -8
leaf_value=-0.0018448444478952452 0.014220222220830548 0.0023157099065785496 0.0059909783792392287 0.0061355999583312384 -0.0051425110568234294 -0.0014887266461734295 -0.0042325689837379782
leaf_weight=8764 920 5829 286 529 2529 1143 172
leaf_count=8764 920 5829 286 529 2529 1143 172
internal_value=-2.78563e-06 -0.000951506 0.00908206 0.0111942 -0.00258351 0.00169195 0.00210527
internal_weight=20172 18265 1907 1449 11293 6972 458
internal_count=20172 18265 1907 1449 11293 6972 458
cat_boundaries=0 1
cat_threshold=7186
is_linear=0
shrinkage=0.0182397


Tree=130
num_leaves=8
num_cat=0
split_feature=48 51 20 6 6 6 7
split_gain=472.459 150.211 136.444 79.0152 58.6269 27.3579 26.2373
threshold=25.557925224304203 22.54094756453101 27.545369148254398 10.500000000000002 9.5000000000000018 14.500000000000002 28.500000000000004
decision_type=2 2 2 2 2 2 2
left_child=1 6 5 -3 -4 -2 -1
right_child=2 3 4 -5 -6 -7 -8
leaf_value=-0.0024519394683983702 0.0043832291062804304 0.0025123884914307285 0.017352281265102631 -0.00098925814136259179 0.0083969100758146658 -0.0013786386116212978 -0.0049983451783520748
leaf_weight=2571 2150 2895 365 8259 733 314 2829
leaf_count=2571 2150 2895 365 8259 733 314 2829
internal_value=7.37905e-06 -0.00128931 0.00603301 -8.0349e-05 0.0113796 0.00364885 -0.00378627
internal_weight=20116 16554 3562 11154 1098 2464 5400
internal_count=20116 16554 3562 11154 1098 2464 5400
is_linear=0
shrinkage=0.0182397


Tree=131
num_leaves=8
num_cat=0
split_feature=18 20 51 6 29 6 9
split_gain=473.476 161.97 100.692 57.1253 56.6805 53.4954 23.9539
threshold=24.910711288452152 27.545369148254398 22.54094756453101 10.500000000000002 23.724605560302738 9.5000000000000018 21.272090911865238
decision_type=2 2 2 2 2 2 2
left_child=2 4 6 -3 -2 -4 -1
right_child=1 3 5 -5 -6 -7 -8
leaf_value=-0.0073824570483896294 -0.0061243983273916273 0.013980756111238073 0.003201596645281289 0.0051183972784061404 0.0035466412101665809 -0.0010561257382197848 -0.0032831978629338375
leaf_weight=526 212 714 1113 367 3973 8300 4819
leaf_count=526 212 714 1113 367 3973 8300 4819
internal_value=-1.25199e-05 0.00468256 -0.00168792 0.0109753 0.00305614 -0.000552563 -0.00368718
internal_weight=20024 5266 14758 1081 4185 9413 5345
internal_count=20024 5266 14758 1081 4185 9413 5345
is_linear=0
shrinkage=0.0182397


Tree=132
num_leaves=8
num_cat=2
split_feature=9 9 0 6 3 0 4
split_gain=472.474 187.769 93.7388 68.768 53.4389 49.259 27.7138
threshold=26.22662448883057 23.15745830535889 0 10.500000000000002 3.3205010000000006 1 6.5827470000000003
decision_type=2 2 9 2 2 9 2
left_child=1 5 3 -2 -3 -1 -4
right_child=2 4 6 -5 -6 -7 -8
leaf_value=-0.0055070392350565567 0.013051524765512846 0.001513111066303441 0.0046878964772253829 0.005351099685306236 -0.0017076243675402964 -0.0021957824151349146 -0.0031557862280756303
leaf_weight=1980 1028 7303 409 619 2239 6269 236
leaf_count=1980 1028 7303 409 619 2239 6269 236
internal_value=1.93061e-05 -0.000984907 0.00781292 0.0100983 0.000757332 -0.00300017 0.00179003
internal_weight=20083 17791 2292 1647 9542 8249 645
internal_count=20083 17791 2292 1647 9542 8249 645
cat_boundaries=0 1 2
cat_threshold=7186 4132
is_linear=0
shrinkage=0.0182397


Tree=133
num_leaves=8
num_cat=2
split_feature=9 9 0 6 0 9 49
split_gain=460.898 188.724 79.2541 75.6717 52.3011 40.9123 11.2723
threshold=24.17874908447266 27.359121322631839 0 15.500000000000002 1 22.244246482849125 21.541770935089847
decision_type=2 2 9 2 9 2 2
left_child=3 4 -3 5 -2 -1 -5
right_child=1 2 -4 6 -6 -7 -8
leaf_value=-0.003343434846483024 -0.0054677263882529437 0.012515388060329459 0.00022709380225970817 -0.0071866879011204627 0.0026982952851532759 -0.00068082024965640227 -0.0042286882537307443
leaf_weight=2589 264 957 224 538 6089 7426 2129
leaf_count=2589 264 957 224 538 6089 7426 2129
internal_value=2.6247e-05 0.00359929 0.0102935 -0.00209644 0.00235424 -0.00136926 -0.00482648
internal_weight=20216 7534 1181 12682 6353 10015 2667
internal_count=20216 7534 1181 12682 6353 10015 2667
cat_boundaries=0 1 2
cat_threshold=7168 512
is_linear=0
shrinkage=0.0182397


Tree=134
num_leaves=8
num_cat=0
split_feature=9 9 9 6 40 6 53
split_gain=425.021 133.389 97.337 52.5676 47.0882 37.4333 19.2092
threshold=25.683939933776859 23.531886100769047 30.025896072387699 15.500000000000002 23.999310493469242 10.500000000000002 0.13973859069098243
decision_type=2 2 2 2 2 2 2
left_child=1 3 4 -1 -2 -3 -4
right_child=2 5 6 -5 -6 -7 -8
leaf_value=-0.0017564801504180187 -0.004785817523113303 0.0027625651520920389 0.018213237210296915 -0.0048149265496054243 0.0053018751182076461 -0.00014075595204930509 0.010589746643211492
leaf_weight=7550 163 2192 191 2485 2678 4530 266
leaf_count=7550 163 2192 191 2485 2678 4530 266
internal_value=-4.16347e-06 -0.00118218 0.00598066 -0.00251403 0.00472245 0.000806117 0.0137904
internal_weight=20055 16757 3298 10035 2841 6722 457
internal_count=20055 16757 3298 10035 2841 6722 457
is_linear=0
shrinkage=0.0182397


Tree=135
num_leaves=8
num_cat=1
split_feature=9 9 20 6 6 0 53
split_gain=438.201 134.64 92.9512 49.4195 42.613 40.2645 20.777
threshold=25.683939933776859 23.15745830535889 29.599962234497074 10.500000000000002 9.5000000000000018 0 0.12489443595018419
decision_type=2 2 2 2 2 9 2
left_child=1 5 4 -3 -2 -1 -4
right_child=2 3 6 -5 -6 -7 -8
leaf_value=-0.0050783837810928177 0.0083205437084953454 0.0025230955199199911 0.018404598703880296 -0.00049514318283967892 0.0033028768949121003 -0.002110684516028707 0.010588351093437474
leaf_weight=2029 782 2582 164 5993 2013 6273 375
leaf_count=2029 782 2582 164 5993 2013 6273 375
internal_value=4.49893e-06 -0.00118924 0.00604666 0.000413755 0.00470784 -0.00284488 0.0129797
internal_weight=20211 16877 3334 8575 2795 8302 539
internal_count=20211 16877 3334 8575 2795 8302 539
cat_boundaries=0 1
cat_threshold=4132
is_linear=0
shrinkage=0.0182397


Tree=136
num_leaves=8
num_cat=1
split_feature=9 18 6 6 0 6 54
split_gain=410.191 164.018 79.0764 61.0878 51.1942 43.7484 10.8332
threshold=24.17874908447266 27.363266946049809 15.500000000000002 10.500000000000002 0 12.500000000000002 0.62091997908856233
decision_type=2 2 2 2 9 2 2
left_child=2 4 5 -3 -2 -1 -4
right_child=1 3 6 -5 -6 -7 -8
leaf_value=-0.002318952314061198 -0.0054060355856412464 0.012611965920758724 -0.0044588706285555082 0.0039171253622852578 0.0025612857732084482 0.00010462867287585334 -0.0091044017904708015
leaf_weight=5605 272 776 2509 412 6058 4441 179
leaf_count=5605 272 776 2509 412 6058 4441 179
internal_value=3.31486e-06 0.00338157 -0.00199122 0.00959915 0.00221408 -0.00124761 -0.00476967
internal_weight=20252 7518 12734 1188 6330 10046 2688
internal_count=20252 7518 12734 1188 6330 10046 2688
cat_boundaries=0 1
cat_threshold=512
is_linear=0
shrinkage=0.0182397


Tree=137
num_leaves=8
num_cat=0
split_feature=51 51 9 3 44 9 18
split_gain=391.033 145.773 84.1425 46.8498 34.7943 30.5516 28.3776
threshold=26.0075818061696 22.807548840866705 28.810048104199222 3.3205010000000006 25.741160392761234 32.761945724487312 21.462190628051761
decision_type=2 2 2 2 2 2 2
left_child=1 6 4 -3 -2 -4 -1
right_child=2 3 5 -5 -6 -7 -8
leaf_value=-0.0056464175074267013 0.011610025685365294 0.001077792636215854 0.0099435716744490244 -0.0016151121530498611 0.003865174030519856 0.019067042322183231 -0.0025310275655167289
leaf_weight=1190 216 7937 495 2947 1794 163 5331
leaf_count=1190 216 7937 495 2947 1794 163 5331
internal_value=5.33135e-05 -0.000943456 0.00655494 0.000348614 0.00469982 0.0122149 -0.00309989
internal_weight=20073 17405 2668 10884 2010 658 6521
internal_count=20073 17405 2668 10884 2010 658 6521
is_linear=0
shrinkage=0.0182397


Tree=138
num_leaves=8
num_cat=0
split_feature=9 20 6 6 3 6 48
split_gain=367.284 157.082 69.3592 54.9933 53.243 37.7125 9.263
threshold=24.17874908447266 27.083062171936039 15.500000000000002 10.500000000000002 2.8888675000000004 12.500000000000002 21.462136650099612
decision_type=2 2 2 2 2 2 2
left_child=2 4 5 -3 -2 -1 -4
right_child=1 3 6 -5 -6 -7 -8
leaf_value=-0.0022545504084073259 0.0026840613646600298 0.011699411714549537 -0.0067653663023802225 0.003916341070686574 -0.0018654427235338647 3.1987812823060929e-07 -0.0040428617623993598
leaf_weight=5578 5150 835 518 474 1026 4425 2131
leaf_count=5578 5150 835 518 474 1026 4425 2131
internal_value=-5.75274e-05 0.00314498 -0.00195219 0.00888336 0.00192819 -0.00125711 -0.00457627
internal_weight=20137 7485 12652 1309 6176 10003 2649
internal_count=20137 7485 12652 1309 6176 10003 2649
is_linear=0
shrinkage=0.0182397


Tree=139
num_leaves=8
num_cat=1
split_feature=9 9 0 6 9 3 53
split_gain=393.094 142.005 103.616 48.1296 41.9755 38.94 16.5896
threshold=26.327013015747074 23.468993186950687 0 10.500000000000002 21.678122520446781 3.3205010000000006 0.69457274497023258
decision_type=2 2 9 2 2 2 2
left_child=1 4 6 -4 -1 -3 -2
right_child=2 5 3 -5 -6 -7 -8
leaf_value=-0.0049577665287307837 0.0019419542836016676 0.0014947206303127679 0.011319508588856522 0.0050517922171155723 -0.0018413161461114231 -0.0016225944408233273 -0.0062526163795667356
leaf_weight=1753 164 6510 1167 628 7996 1676 164
leaf_count=1753 164 6510 1167 628 7996 1676 164
internal_value=-3.61575e-05 -0.000914726 0.0073846 0.0090779 -0.00240189 0.000856429 -0.00209445
internal_weight=20058 17935 2123 1795 9749 8186 328
internal_count=20058 17935 2123 1795 9749 8186 328
cat_boundaries=0 1
cat_threshold=673
is_linear=0
shrinkage=0.0182397


Tree=140
num_leaves=8
num_cat=2
split_feature=18 24 6 0 0 9 48
split_gain=354.313 144.54 67.7629 59.059 49.5012 32.8214 8.94025
threshold=24.233662605285648 26.801321029663089 15.500000000000002 0 1 22.145884513854984 21.462136650099612
decision_type=2 2 2 9 9 2 2
left_child=2 4 5 -3 -2 -1 -4
right_child=1 3 6 -5 -6 -7 -8
leaf_value=-0.0031429801391834791 -0.0058638526781235531 0.0017546240957706605 -0.0066611128943879529 0.010182184784739907 0.0021848266591945574 -0.00064921458222130758 -0.0039694756955865286
leaf_weight=2266 257 387 509 1140 5595 7795 2147
leaf_count=2266 257 387 509 1140 5595 7795 2147
internal_value=-5.03523e-05 0.00312897 -0.00189519 0.00812559 0.00182466 -0.00121099 -0.00448632
internal_weight=20096 7379 12717 1527 5852 10061 2656
internal_count=20096 7379 12717 1527 5852 10061 2656
cat_boundaries=0 1 2
cat_threshold=2720 512
is_linear=0
shrinkage=0.0182397


Tree=141
num_leaves=7
num_cat=0
split_feature=9 9 21 6 29 7
split_gain=348.423 109.116 90.148 53.0362 51.4659 19.773
threshold=25.683939933776859 22.395135879516605 32.817869185151373 10.500000000000002 24.102570533752445 23.500000000000004
decision_type=2 2 2 2 2 2
left_child=1 5 4 -3 -2 -1
right_child=2 3 -4 -5 -6 -7
leaf_value=-0.0019627872714602541 -0.0053175928961277244 0.001865366718635803 0.018620289774766225 -0.00087846471423609249 0.0052243435748223583 -0.0043171564605375577
leaf_weight=1997 162 3218 162 8622 3022 2929
leaf_count=1997 162 3218 162 8622 3022 2929
internal_value=-9.30682e-06 -0.00108182 0.00536425 -0.000132676 0.00468732 -0.00336296
internal_weight=20112 16766 3346 11840 3184 4926
internal_count=20112 16766 3346 11840 3184 4926
is_linear=0
shrinkage=0.0182397


Tree=142
num_leaves=7
num_cat=1
split_feature=9 51 18 0 6 6
split_gain=358.564 121.157 73.8732 46.3245 43.1027 38.9303
threshold=26.013193130493168 23.412658246316571 32.775291442871101 0 12.500000000000002 10.500000000000002
decision_type=2 2 2 9 2 2
left_child=1 5 3 -2 -3 -1
right_child=2 4 -4 -5 -6 -7
leaf_value=0.00010758111754655463 -0.0016238073737618452 -0.00037068382358548856 0.018093533870632894 0.0062811233704669458 0.0023233108158034182 -0.0029115862600062369
leaf_weight=1752 278 4984 163 2285 3273 7516
leaf_count=1752 278 4984 163 2285 3273 7516
internal_value=4.78047e-05 -0.000909459 0.00620105 0.00544174 0.000697258 -0.00234087
internal_weight=20251 17525 2726 2563 8257 9268
internal_count=20251 17525 2726 2563 8257 9268
cat_boundaries=0 1
cat_threshold=544
is_linear=0
shrinkage=0.0182397


Tree=143
num_leaves=8
num_cat=0
split_feature=9 18 6 6 5 6 22
split_gain=307 126.204 60.5716 51.8943 37.1996 33.3042 10.1587
threshold=23.953875541687015 26.786277770996097 10.500000000000002 15.500000000000002 3.7002795000000006 12.500000000000002 23.49344635009766
decision_type=2 2 2 2 2 2 2
left_child=3 4 -3 5 -2 -1 -5
right_child=1 2 -4 6 -6 -7 -8
leaf_value=-0.0022859658804964614 0.0021068487155158147 0.010023793137615991 0.0025787261474928681 -0.0039320212446564877 -0.0017007152988391108 -7.1937147082628709e-05 -0.0086348009283568408
leaf_weight=5121 5754 990 575 2437 1002 4046 163
leaf_count=5121 5754 990 575 2437 1002 4046 163
internal_value=-5.79003e-05 0.00262343 0.00728988 -0.00195402 0.00154206 -0.00130882 -0.00422826
internal_weight=20088 8321 1565 11767 6756 9167 2600
internal_count=20088 8321 1565 11767 6756 9167 2600
is_linear=0
shrinkage=0.0182397


Tree=144
num_leaves=8
num_cat=0
split_feature=9 51 19 6 46 6 17
split_gain=324.137 101.778 68.7823 35.9957 34.4162 33.1094 11.4232
threshold=25.683939933776859 23.412658246316571 30.731120109558109 10.500000000000002 23.966776846362308 12.500000000000002 -1.1626754999999998
decision_type=2 2 2 2 2 2 2
left_child=1 4 3 -2 -1 -3 -4
right_child=2 5 6 -5 -6 -7 -8
leaf_value=-0.0025300440674970635 0.0061935173560692131 -0.00048557786085139766 0.01530064037203894 0.0021427207189847054 0.0049857789860833779 0.0019709291661422221 0.0089955143283968857
leaf_weight=8945 1497 4574 208 1425 207 3037 182
leaf_count=8945 1497 4574 208 1425 207 3037 182
internal_value=-3.35547e-05 -0.00106379 0.00518021 0.00421865 -0.00235982 0.000494694 0.0123717
internal_weight=20075 16763 3312 2922 9152 7611 390
internal_count=20075 16763 3312 2922 9152 7611 390
is_linear=0
shrinkage=0.0182397


Tree=145
num_leaves=8
num_cat=0
split_feature=18 18 6 50 18 6 7
split_gain=292.225 89.5568 84.9982 48.7385 39.1423 26.8811 14.0421
threshold=25.324930191040043 27.706545829772953 15.500000000000002 23.731276035363528 32.775291442871101 9.5000000000000018 48.500000000000007
decision_type=2 2 2 2 2 2 2
left_child=2 5 3 -1 -3 -2 -4
right_child=1 4 6 -5 -6 -7 -8
leaf_value=-0.0014298385447262282 0.0054866789433152931 0.0073586871889717428 -0.0035286002197235842 0.00084905593360461108 0.017097998483343861 0.0016885382413035503 -0.007239798973030202
leaf_weight=8146 849 872 2410 5062 163 2297 395
leaf_count=8146 849 872 2410 5062 163 2297 395
internal_value=-4.77237e-05 0.00424601 -0.0011689 -0.000556447 0.00889913 0.00271415 -0.00405226
internal_weight=20194 4181 16013 13208 1035 3146 2805
internal_count=20194 4181 16013 13208 1035 3146 2805
is_linear=0
shrinkage=0.0182397


Tree=146
num_leaves=7
num_cat=1
split_feature=48 50 0 37 43 18
split_gain=311.54 128.941 91.1542 62.2193 42.7566 40.9231
threshold=26.120580100763188 23.770239448547368 0 25.453625679016117 23.177139284484866 21.488626480102543
decision_type=2 2 9 2 2 2
left_child=1 5 -2 -4 -3 -1
right_child=2 4 3 -5 -6 -7
leaf_value=-0.0051365232244474516 -0.0043877162015089231 0.0077187201833037074 0.017562052050694891 0.0063786930153976228 0.00081162630179741841 -0.0016621807273006135
leaf_weight=1280 245 312 180 2027 6528 9476
leaf_count=1280 245 312 180 2027 6528 9476
internal_value=1.80684e-05 -0.000830752 0.00610841 0.00726122 0.00112716 -0.00207583
internal_weight=20048 17596 2452 2207 6840 10756
internal_count=20048 17596 2452 2207 6840 10756
cat_boundaries=0 1
cat_threshold=544
is_linear=0
shrinkage=0.0182397


Tree=147
num_leaves=8
num_cat=0
split_feature=9 23 18 17 5 55 7
split_gain=270.09 122.539 45.1716 44.1622 40.3254 36.8844 21.4443
threshold=24.199960708618168 27.087221145629886 22.213934899470221 -1.0257004999999999 2.8888675000000004 0.63460975328392621 25.500000000000004
decision_type=2 2 2 2 2 2 2
left_child=2 4 6 -3 -2 -4 -1
right_child=1 3 5 -5 -6 -7 -8
leaf_value=-0.0016923356341563549 0.0023164585751879029 0.011708818282986911 -0.0014978470648164418 0.0048971338767672843 -0.0016804525479033935 0.0014819483746104801 -0.00440483603580434
leaf_weight=1684 5125 558 6976 734 1004 1723 2288
leaf_count=1684 5125 558 6976 734 1004 1723 2288
internal_value=-2.51912e-05 0.00273805 -0.00164357 0.00784201 0.00166165 -0.000907598 -0.00325514
internal_weight=20092 7421 12671 1292 6129 8699 3972
internal_count=20092 7421 12671 1292 6129 8699 3972
is_linear=0
shrinkage=0.0182397


Tree=148
num_leaves=8
num_cat=0
split_feature=9 19 6 3 6 46 54
split_gain=267.875 111.784 72.7014 84.3818 48.5989 31.2212 26.9508
threshold=26.22662448883057 23.103665353344731 10.500000000000002 0.19302850000000002 9.5000000000000018 25.326395988464359 1.1146025523964955
decision_type=2 2 2 2 2 2 2
left_child=1 6 3 -2 -3 -4 -1
right_child=2 4 5 -5 -6 -7 -8
leaf_value=-0.0025040841112181416 0.014682684465669345 0.0034469210135271667 0.0082148157642190599 0.0052349112179334994 5.8672633283893335e-07 6.6377254913524185e-06 0.0040662056574501029
leaf_weight=7800 482 1634 198 906 8145 691 213
leaf_count=7800 482 1634 198 906 8145 691 213
internal_value=2.17687e-05 -0.000732137 0.00591163 0.00851938 0.000576573 0.00183794 -0.00232922
internal_weight=20069 17792 2277 1388 9779 889 8013
internal_count=20069 17792 2277 1388 9779 889 8013
is_linear=0
shrinkage=0.0182397


Tree=149
num_leaves=8
num_cat=1
split_feature=51 19 6 2 6 34 0
split_gain=278.71 108.53 57.5512 78.927 54.0618 34.617 30.3275
threshold=26.105808957425868 22.96635723114014 10.500000000000002 0.9565760000000002 9.5000000000000018 26.251137733459476 0
decision_type=2 2 2 2 2 2 9
left_child=1 6 3 -2 -3 -4 -1
right_child=2 4 5 -5 -6 -7 -8
leaf_value=-0.0044821324140277277 0.01402629012571505 0.0034000399989729006 0.0084818205095923849 0.0050900351721054728 -0.00012889258912214112 0.00060478572481611993 -0.0017530077474821573
leaf_weight=1802 488 1745 241 1009 8369 803 5614
leaf_count=1802 488 1745 241 1009 8369 803 5614
internal_value=6.95203e-05 -0.000748839 0.00571442 0.00800639 0.000480087 0.00242595 -0.00242479
internal_weight=20071 17530 2541 1497 10114 1044 7416
internal_count=20071 17530 2541 1497 10114 1044 7416
cat_boundaries=0 1
cat_threshold=4132
is_linear=0
shrinkage=0.0182397


Tree=150
num_leaves=8
num_cat=0
split_feature=9 23 16 3 44 55 7
split_gain=263.002 106.827 46.4161 41.5337 40.3719 24.8754 22.9194
threshold=24.199960708618168 27.23324012756348 -1.0357330000000007 2.9426885000000005 21.963932037353519 0.6238929016818402 29.500000000000004
decision_type=2 2 2 2 2 2 2
left_child=4 3 -3 -2 6 -6 -1
right_child=1 2 -4 -5 5 -7 -8
leaf_value=-0.0018788793363184115 0.0021786893118981355 0.010716479834754686 0.003676131177349498 -0.0023656008495883184 -0.0016051108574066347 0.00071444131364651697 -0.005118231654105322
leaf_weight=1373 5470 673 581 762 7811 1915 1545
leaf_count=1373 5470 673 581 762 7811 1915 1545
internal_value=-0.000108845 0.00260058 0.007457 0.00162292 -0.00171302 -0.00114839 -0.00359454
internal_weight=20130 7486 1254 6232 12644 9726 2918
internal_count=20130 7486 1254 6232 12644 9726 2918
is_linear=0
shrinkage=0.0182397


Tree=151
num_leaves=8
num_cat=0
split_feature=18 20 6 6 6 6 7
split_gain=239.224 106.032 63.1377 38.6418 37.204 33.2516 8.139
threshold=24.314029693603519 27.224102973937992 15.500000000000002 12.500000000000002 9.5000000000000018 10.500000000000002 53.500000000000007
decision_type=2 2 2 2 2 2 2
left_child=2 5 3 -1 -3 -2 -4
right_child=1 4 6 -5 -6 -7 -8
leaf_value=-0.0018166510543536211 0.0032737074595351086 0.012084490131242831 -0.003695413417840774 0.00042777448333419516 0.0053430429177628571 0.00048342118409057405 -0.00761488262673078
leaf_weight=5739 2491 407 2451 4595 826 3307 190
leaf_count=5739 2491 407 2451 4595 826 3307 190
internal_value=6.22458e-06 0.00271559 -0.00146199 -0.000818694 0.00757184 0.00168237 -0.00397861
internal_weight=20006 7031 12975 10334 1233 5798 2641
internal_count=20006 7031 12975 10334 1233 5798 2641
is_linear=0
shrinkage=0.0182397


Tree=152
num_leaves=8
num_cat=1
split_feature=18 19 6 6 0 6 23
split_gain=231.724 102.065 49.6057 48.029 36.3561 32.6054 9.4306
threshold=24.207190513610843 27.074131965480959 15.500000000000002 9.5000000000000018 0 12.500000000000002 23.526389122009281
decision_type=2 2 2 2 9 2 2
left_child=2 4 5 -3 -2 -1 -4
right_child=1 3 6 -5 -6 -7 -8
leaf_value=-0.0018749497079267228 -0.0050520674811051301 0.012093367492099747 -0.0034471941228068539 0.0046754534512258913 0.0018388722736757794 0.00021239212910033166 -0.0075315853457961542
leaf_weight=5600 257 437 2408 867 5833 4482 204
leaf_count=5600 257 437 2408 867 5833 4482 204
internal_value=-3.23874e-05 0.00253434 -0.00152749 0.00716461 0.00154245 -0.000947043 -0.0037674
internal_weight=20088 7394 12694 1304 6090 10082 2612
internal_count=20088 7394 12694 1304 6090 10082 2612
cat_boundaries=0 1
cat_threshold=512
is_linear=0
shrinkage=0.0182397


Tree=153
num_leaves=8
num_cat=0
split_feature=9 19 6 6 17 6 21
split_gain=243.513 90.5708 49.7439 42.6519 41.8032 31.2944 9.27771
threshold=24.199960708618168 27.712713241577152 15.500000000000002 10.500000000000002 -1.0704609999999999 12.500000000000002 23.427951812744144
decision_type=2 2 2 2 2 2 2
left_child=2 3 5 -2 -3 -1 -4
right_child=1 4 6 -5 -6 -7 -8
leaf_value=-0.001831706696887508 0.0035678036526948578 0.011735046823544999 -0.0034169999259460902 0.00057228473554018166 0.0043386839912764397 0.00022511507172703291 -0.0073157519069479782
leaf_weight=5555 2751 463 2385 3719 565 4418 222
leaf_count=5555 2751 463 2385 3719 565 4418 222
internal_value=4.36931e-05 0.00264547 -0.00150707 0.00184612 0.00767352 -0.000920573 -0.00375018
internal_weight=20078 7498 12580 6470 1028 9973 2607
internal_count=20078 7498 12580 6470 1028 9973 2607
is_linear=0
shrinkage=0.0182397


Tree=154
num_leaves=8
num_cat=1
split_feature=9 18 1 28 3 55 18
split_gain=216.035 97.0692 54.5557 40.885 35.9302 26.65 10.3974
threshold=23.953875541687015 27.522985458374027 0 21.904134752155766 3.7002795000000006 0.62897801429499434 21.216260910034183
decision_type=2 2 1 2 2 2 2
left_child=3 4 -3 6 -2 -5 -1
right_child=1 2 -4 5 -6 -7 -8
leaf_value=-0.0064698889636203155 0.0020005799573559815 0.0089597973636062027 -0.0025258204174292316 -0.0014892901569726659 -0.0016961873259709172 0.0010389039228683406 -0.0031444443602802884
leaf_weight=364 6237 930 162 7452 1017 1704 2233
leaf_count=364 6237 930 162 7452 1017 1704 2233
internal_value=1.71236e-06 0.00224567 0.00731445 -0.00159178 0.00148223 -0.00101875 -0.00361156
internal_weight=20099 8346 1092 11753 7254 9156 2597
internal_count=20099 8346 1092 11753 7254 9156 2597
cat_boundaries=0 1
cat_threshold=12
is_linear=0
shrinkage=0.0182397


Tree=155
num_leaves=7
num_cat=1
split_feature=48 51 0 6 34 7
split_gain=221.049 94.45 78.2925 56.6916 53.8516 27.6543
threshold=26.173090171748537 22.465978272661705 0 10.500000000000002 25.546833038330082 28.500000000000004
decision_type=2 2 9 2 2 2
left_child=1 5 -2 -3 -4 -1
right_child=2 3 4 -5 -6 -7
leaf_value=-0.0013866691757489105 -0.004566981632523762 0.0021231050677783239 0.016329961113502003 -0.00059212962332869654 0.0055468173261407887 -0.0041181955658220297
leaf_weight=2367 238 3536 167 9248 1955 2575
leaf_count=2367 238 3536 167 9248 1955 2575
internal_value=2.9327e-05 -0.000668891 0.0052728 0.00015894 0.00636865 -0.00281015
internal_weight=20086 17726 2360 12784 2122 4942
internal_count=20086 17726 2360 12784 2122 4942
cat_boundaries=0 1
cat_threshold=544
is_linear=0
shrinkage=0.0182397


Tree=156
num_leaves=8
num_cat=1
split_feature=6 2 6 47 0 34 40
split_gain=202.863 170.218 87.0461 110.278 51.55 49.6606 39.3174
threshold=10.500000000000002 0.9565760000000002 11.500000000000002 21.983031272888187 0 28.689177513122562 32.188402175903327
decision_type=2 2 2 2 9 2 2
left_child=1 6 5 -4 -3 -2 -1
right_child=2 4 3 -5 -6 -7 -8
leaf_value=0.019286529055265941 -0.0049363175732393422 -0.0003322351920238628 -0.0040459253815858329 0.00039201597125191668 0.0033403957191222937 0.0040000171410397838 0.0088691212734806537
leaf_weight=198 2408 2099 2329 9298 3225 226 311
leaf_count=198 2408 2099 2329 9298 3225 226 311
internal_value=-3.3056e-06 0.00286216 -0.00117538 -0.000497066 0.00189819 -0.00416903 0.0129346
internal_weight=20094 5833 14261 11627 5324 2634 509
internal_count=20094 5833 14261 11627 5324 2634 509
cat_boundaries=0 1
cat_threshold=556
is_linear=0
shrinkage=0.0182397


Tree=157
num_leaves=8
num_cat=1
split_feature=23 9 53 9 41 55 0
split_gain=207.132 92.7449 38.9189 36.1226 32.22 24.2032 18.126
threshold=24.152008058132328 26.779591562863775 1.5984034883671894 22.287342071533207 25.564819335937504 0.57864301980951749 0
decision_type=2 2 2 2 2 2 9
left_child=3 2 -2 6 -3 -5 -1
right_child=1 4 -4 5 -6 -7 -8
leaf_value=-0.004183916569326253 0.0011290243540653759 0.013681709298243418 0.010124132832916936 -0.0012880755758200814 0.0054392208511013715 0.0010510640033312758 -0.001775410187564624
leaf_weight=1808 5971 179 164 6121 1325 1937 2570
leaf_count=1808 5971 179 164 6121 1325 1937 2570
internal_value=1.64768e-06 0.0023655 0.00137019 -0.00145042 0.00642392 -0.000725761 -0.00278399
internal_weight=20075 7639 6135 12436 1504 8058 4378
internal_count=20075 7639 6135 12436 1504 8058 4378
cat_boundaries=0 1
cat_threshold=4196
is_linear=0
shrinkage=0.0182397


Tree=158
num_leaves=8
num_cat=2
split_feature=18 18 0 8 27 18 0
split_gain=215.025 95.1455 53.2712 37.8105 33.3381 25.4557 10.6276
threshold=24.233662605285648 27.706545829772953 0 1.5000000000000002 23.645477294921879 21.367829322814945 1
decision_type=2 2 9 2 2 2 9
left_child=3 4 -3 6 -2 -5 -1
right_child=1 2 -4 5 -6 -7 -8
leaf_value=-0.00044024023819726383 -0.0034463371518123633 0.0093696834302040496 -0.0020462044148518471 -0.004896106386417156 0.0020237086391248263 -0.001657433666925831 0.0017783316457798855
leaf_weight=1992 395 873 163 889 5929 8771 1111
leaf_count=1992 395 873 163 889 5929 8771 1111
internal_value=3.87192e-05 0.00252149 0.00764411 -0.00139305 0.00168183 -0.00195569 0.00035855
internal_weight=20123 7360 1036 12763 6324 9660 3103
internal_count=20123 7360 1036 12763 6324 9660 3103
cat_boundaries=0 1 2
cat_threshold=6160 4685
is_linear=0
shrinkage=0.0182397


Tree=159
num_leaves=8
num_cat=0
split_feature=18 19 6 17 6 6 23
split_gain=207.379 100.122 43.8758 40.7272 37.5831 21.3736 8.23195
threshold=23.772361755371097 27.712713241577152 10.500000000000002 -1.1626754999999998 15.500000000000002 12.500000000000002 23.413367271423343
decision_type=2 2 2 2 2 2 2
left_child=4 2 -2 -3 5 -1 -6
right_child=1 3 -4 -5 6 -7 -8
leaf_value=-0.0018600413866908629 0.0031226879676389198 0.011964223634514434 0.00033669535647048955 0.0045133367141468013 -0.0032859681584978045 -2.7915863891360313e-05 -0.0075328454296813008
leaf_weight=4723 3077 407 4836 611 2402 3841 162
leaf_count=4723 3077 407 4836 611 2402 3841 162
internal_value=4.29535e-05 0.00211306 0.00142015 0.00749611 -0.00161847 -0.00103837 -0.00355554
internal_weight=20059 8931 7913 1018 11128 8564 2564
internal_count=20059 8931 7913 1018 11128 8564 2564
is_linear=0
shrinkage=0.0182397


Tree=160
num_leaves=8
num_cat=1
split_feature=49 6 6 3 6 0 32
split_gain=189.001 64.6581 92.2105 56.0137 57.6681 29.9959 16.5017
threshold=25.241372203991702 10.500000000000002 11.500000000000002 0.27658100000000008 10.500000000000002 0 27.877727508544925
decision_type=2 2 2 2 2 9 2
left_child=1 5 -3 4 -2 -1 -5
right_child=3 2 -4 6 -6 -7 -8
leaf_value=-0.00026519056618288123 0.010028897409260541 -0.0052984400744323784 -0.00090763892870001804 0.0022692562033880177 0.0026503608311638093 0.0031268766205004646 -0.0032729141750380982
leaf_weight=1975 704 1877 10439 2704 706 1538 191
leaf_count=1975 704 1877 10439 2704 706 1538 191
internal_value=-3.2775e-05 -0.000954392 -0.00157698 0.00335566 0.00633638 0.00122822 0.00190317
internal_weight=20134 15829 12316 4305 1410 3513 2895
internal_count=20134 15829 12316 4305 1410 3513 2895
cat_boundaries=0 1
cat_threshold=556
is_linear=0
shrinkage=0.0182397


Tree=161
num_leaves=8
num_cat=2
split_feature=51 20 6 2 43 0 0
split_gain=180.738 66.5099 61.3843 65.077 48.7952 46.2892 22.5618
threshold=25.757380517472008 22.492774009704593 10.500000000000002 0.9565760000000002 25.571038246154789 0 1
decision_type=2 2 2 2 2 9 9
left_child=1 6 3 -2 -4 -3 -1
right_child=2 5 4 -5 -6 -7 -8
leaf_value=-0.0055116883906917271 0.011951999554030781 -0.00091148574932310873 0.010320551448722213 0.0040851830298624736 -7.5935734423471932e-05 0.0014545524776974923 -0.0019753644795603115
leaf_weight=690 482 7046 170 1276 1264 4498 4709
leaf_count=690 482 7046 170 1276 1264 4498 4709
internal_value=-2.05443e-05 -0.000770641 0.00396049 0.00624452 0.00115935 1.09073e-05 -0.00244159
internal_weight=20135 16943 3192 1758 1434 11544 5399
internal_count=20135 16943 3192 1758 1434 11544 5399
cat_boundaries=0 1 2
cat_threshold=621 4100
is_linear=0
shrinkage=0.0182397


Tree=162
num_leaves=8
num_cat=1
split_feature=23 9 9 41 10 55 0
split_gain=178.232 95.9489 36.7143 29.5808 26.6989 20.7635 17.6743
threshold=24.152008058132328 27.359121322631839 22.333166122436527 26.597666740417484 2.5000000000000004 0.60907446420840772 0
decision_type=2 2 2 2 2 2 9
left_child=2 4 6 -3 -2 -4 -1
right_child=1 3 5 -5 -6 -7 -8
leaf_value=-0.0042443072369805317 0.00073186786403502872 0.012871377081238859 -0.0010557593505069443 0.005592749129656756 0.0035420438884929731 0.0012069247344175355 -0.0018089894157573034
leaf_weight=1489 5047 233 6150 919 1447 1728 3129
leaf_count=1489 5047 233 6150 919 1447 1728 3129
internal_value=2.56802e-05 0.00221905 -0.00131642 0.00706926 0.00135823 -0.000559411 -0.00260765
internal_weight=20142 7646 12496 1152 6494 7878 4618
internal_count=20142 7646 12496 1152 6494 7878 4618
cat_boundaries=0 1
cat_threshold=4132
is_linear=0
shrinkage=0.0182397


Tree=163
num_leaves=7
num_cat=0
split_feature=9 6 6 46 41 7
split_gain=176.376 77.5203 56.5109 39.9887 36.3649 17.4215
threshold=26.634457588195804 15.500000000000002 12.500000000000002 33.167459487915046 25.669751167297367 45.500000000000007
decision_type=2 2 2 2 2 2
left_child=1 2 -1 4 -2 -3
right_child=3 5 -4 -5 -6 -7
leaf_value=-0.00093860505644089614 0.010828187414071863 -0.0026316254740218182 0.0013092456780140198 0.014130783209386091 0.0033962183459720031 -0.0063509384461841352
leaf_weight=9252 263 2392 6223 163 1305 508
leaf_count=9252 263 2392 6223 163 1305 508
internal_value=-2.31656e-05 -0.000547549 -3.46598e-05 0.00554202 0.00464547 -0.00328401
internal_weight=20106 18375 15475 1731 1568 2900
internal_count=20106 18375 15475 1731 1568 2900
is_linear=0
shrinkage=0.0182397


Tree=164
num_leaves=8
num_cat=0
split_feature=50 6 2 6 9 47 50
split_gain=162.491 84.3575 95.8094 91.3581 29.8588 24.1355 5.30541
threshold=23.793409824086552 10.500000000000002 0.9565760000000002 12.500000000000002 21.326193809509281 24.039796829223636 21.238812160546633
decision_type=2 2 2 2 2 2 2
left_child=4 2 -2 -3 6 -6 -1
right_child=1 3 -4 -5 5 -7 -8
leaf_value=-0.0076566550125579331 0.011400833849816865 -0.0024648645914632358 0.0027387785734615676 0.0023285611557094868 -0.0015284571070312925 0.0018525596716123802 -0.0041426316068196318
leaf_weight=196 488 2285 3266 3140 9366 759 537
leaf_count=196 488 2285 3266 3140 9366 759 537
internal_value=-2.22432e-05 0.00176417 0.003866 0.000309543 -0.00153243 -0.00127494 -0.00508629
internal_weight=20037 9179 3754 5425 10858 10125 733
internal_count=20037 9179 3754 5425 10858 10125 733
is_linear=0
shrinkage=0.0182397


Tree=165
num_leaves=8
num_cat=0
split_feature=6 3 6 6 52 29 29
split_gain=176.391 136.277 95.8569 94.6361 42.964 38.1421 35.2693
threshold=10.500000000000002 0.22337950000000004 11.500000000000002 14.500000000000002 0.83472446786191534 28.585008621215824 30.353062629699711
decision_type=2 2 2 2 2 2 2
left_child=1 6 5 -4 -3 -2 -1
right_child=2 4 3 -5 -6 -7 -8
leaf_value=0.017042995155647604 -0.0047810810115968133 0.0022470519770556208 0.0011785590228001663 -0.0021222103882474752 -0.0042796893076763624 0.0034424608976750281 0.0077687413446793458
leaf_weight=205 2434 4864 6460 5228 360 203 411
leaf_count=205 2434 4864 6460 5228 360 203 411
internal_value=8.25672e-05 0.0027542 -0.00100665 -0.000297887 0.00179695 -0.00414755 0.0108651
internal_weight=20165 5840 14325 11688 5224 2637 616
internal_count=20165 5840 14325 11688 5224 2637 616
is_linear=0
shrinkage=0.0182397


Tree=166
num_leaves=8
num_cat=0
split_feature=20 6 6 55 16 6 49
split_gain=158.898 88.4886 100.797 40.3564 40.2515 19.6551 15.8345
threshold=26.797800064086918 10.500000000000002 11.500000000000002 0.27777422619954223 -1.0117775000000002 9.5000000000000018 27.655028915342779
decision_type=2 2 2 2 2 2 2
left_child=1 3 -3 -1 5 -2 -6
right_child=4 2 -4 -5 6 -7 -8
leaf_value=-0.00055821404289962246 0.011921119758523675 -0.0047499843294622687 -0.00056383236901868324 0.0028759442924202482 0.0051536082837701832 0.0060570997249537765 -7.9680687032820821e-05
leaf_weight=1815 319 2300 11381 3053 388 475 381
leaf_count=1815 319 2300 11381 3053 388 475 381
internal_value=-4.55844e-05 -0.000516251 -0.00126772 0.00159561 0.00553865 0.00841835 0.00256222
internal_weight=20112 18549 13681 4868 1563 794 769
internal_count=20112 18549 13681 4868 1563 794 769
is_linear=0
shrinkage=0.0182397


Tree=167
num_leaves=8
num_cat=1
split_feature=6 2 6 6 34 0 42
split_gain=151.245 127.101 88.7487 95.0799 42.2209 39.6426 39.2371
threshold=10.500000000000002 0.9565760000000002 11.500000000000002 14.500000000000002 28.689177513122562 0 32.21049880981446
decision_type=2 2 2 2 2 9 2
left_child=1 6 4 -4 -2 -3 -1
right_child=2 5 3 -5 -6 -7 -8
leaf_value=0.017736339457119072 -0.0046661443114498109 -0.00024894199538748573 0.0012122850147042279 -0.0020981343763886032 0.0036228842860640564 0.0029647201838126553 0.0072384279765621683
leaf_weight=194 2417 2099 6477 5206 223 3263 306
leaf_count=194 2417 2099 6477 5206 223 3263 306
internal_value=6.46293e-05 0.00253248 -0.000945439 -0.000262877 -0.00396549 0.00171185 0.0113236
internal_weight=20185 5862 14323 11683 2640 5362 500
internal_count=20185 5862 14323 11683 2640 5362 500
cat_boundaries=0 1
cat_threshold=556
is_linear=0
shrinkage=0.0182397


Tree=168
num_leaves=8
num_cat=0
split_feature=9 3 54 9 9 55 54
split_gain=161.38 71.9887 47.536 44.595 36.8729 31.9547 11.2423
threshold=23.930653572082523 0.27658100000000008 1.4897552637418774 26.383757591247562 21.740428925412601 0.6238929016818402 0.58596935540209183
decision_type=2 2 2 2 2 2 2
left_child=4 3 -3 -2 6 -6 -1
right_child=1 2 -4 -5 5 -7 -8
leaf_value=-0.0031893367891393724 0.0021765795476910202 0.0012880165888402072 -0.0085610440283020589 0.0075952823050642864 -0.0013517710659111625 0.0014063287830965773 -0.0080103875920278581
leaf_weight=1757 978 6196 167 1046 8111 1688 177
leaf_count=1757 978 6196 167 1046 8111 1688 177
internal_value=5.01269e-05 0.00198217 0.00102895 0.004978 -0.00133096 -0.000876612 -0.00363228
internal_weight=20120 8387 6363 2024 11733 9799 1934
internal_count=20120 8387 6363 2024 11733 9799 1934
is_linear=0
shrinkage=0.0182397


Tree=169
num_leaves=8
num_cat=1
split_feature=18 0 9 6 6 6 25
split_gain=156.435 70.1788 44.8281 32.2052 29.8077 25.3635 9.36653
threshold=23.95517730712891 0 28.131484985351566 9.5000000000000018 15.500000000000002 12.500000000000002 23.497374534606937
decision_type=2 9 2 2 2 2 2
left_child=4 2 -2 -3 5 -1 -6
right_child=1 3 -4 -5 6 -7 -8
leaf_value=-0.0017153242824387211 0.0027688039824214795 0.0032556040577619281 0.007692807754720179 -0.0002021323228477675 -0.0027928997605765112 0.00020483249556874363 -0.007258151052872603
leaf_weight=5151 2401 1159 827 3946 2394 4118 167
leaf_count=5151 2401 1159 827 3946 2394 4118 167
internal_value=4.75577e-06 0.00191895 0.00401874 0.000581959 -0.00134361 -0.000862274 -0.00308527
internal_weight=20163 8333 3228 5105 11830 9269 2561
internal_count=20163 8333 3228 5105 11830 9269 2561
cat_boundaries=0 1
cat_threshold=7184
is_linear=0
shrinkage=0.0182397


Tree=170
num_leaves=8
num_cat=0
split_feature=31 51 3 6 6 6 18
split_gain=141.769 54.2125 50.834 39.95 37.1734 19.5594 18.4762
threshold=25.67392730712891 22.583959992913659 0.55585200000000012 10.500000000000002 9.5000000000000018 10.500000000000002 21.274491310119632
decision_type=2 2 2 2 2 2 2
left_child=1 6 3 -2 -3 -4 -1
right_child=2 4 5 -5 -6 -7 -8
leaf_value=-0.0053117062570411525 0.0089596738313408933 0.002579406245758563 0.0028623975695213364 0.00312449506567922 -0.00041217526185407085 -0.00088574317058423937 -0.0018275237899349427
leaf_weight=563 710 1619 1133 868 9419 783 5013
leaf_count=563 710 1619 1133 868 9419 783 5013
internal_value=-1.14926e-05 -0.000713853 0.00332791 0.00575172 2.67007e-05 0.00133082 -0.00217971
internal_weight=20108 16614 3494 1578 11038 1916 5576
internal_count=20108 16614 3494 1578 11038 1916 5576
is_linear=0
shrinkage=0.0182397


Tree=171
num_leaves=7
num_cat=0
split_feature=9 6 6 51 29 7
split_gain=140.727 51.1054 49.7491 44.6955 38.7102 12.1343
threshold=25.291764259338382 15.500000000000002 12.500000000000002 32.943840535404142 23.899018287658695 44.500000000000007
decision_type=2 2 2 2 2 2
left_child=1 2 -1 4 -2 -3
right_child=3 5 -4 -5 -6 -7
leaf_value=-0.0012800306526434923 -0.0056564354945248373 -0.0024598784644422589 0.0010010671873787948 0.012256759133360827 0.0029392460099128175 -0.0055539078609925588
leaf_weight=7540 182 2291 5501 164 3926 517
leaf_count=7540 182 2291 5501 164 3926 517
internal_value=-6.50285e-06 -0.000798461 -0.000317809 0.00293142 0.00255786 -0.00303032
internal_weight=20121 15849 13041 4272 4108 2808
internal_count=20121 15849 13041 4272 4108 2808
is_linear=0
shrinkage=0.0182397


Tree=172
num_leaves=8
num_cat=0
split_feature=18 3 6 6 6 9 22
split_gain=140.222 48.7581 45.4599 37.7392 28.2015 19.3805 9.81652
threshold=24.233662605285648 2.9426885000000005 10.500000000000002 15.500000000000002 12.500000000000002 24.879459381103519 23.49344635009766
decision_type=2 2 2 2 2 2 2
left_child=3 2 -2 4 -1 -3 -5
right_child=1 5 -4 6 -6 -7 -8
leaf_value=-0.0015062935580251993 0.0042127835230295141 -0.00075914837586928087 0.0011557054087788425 -0.0027724536660377157 0.00042911654881816778 -0.0076847967524200332 -0.0068839337376162
leaf_weight=5620 2936 565 3606 2395 4518 176 210
leaf_count=5620 2936 565 3606 2395 4518 176 210
internal_value=6.8116e-06 0.00202561 0.00252789 -0.00114702 -0.000643797 -0.00240769 -0.003105
internal_weight=20026 7283 6542 12743 10138 741 2605
internal_count=20026 7283 6542 12743 10138 741 2605
is_linear=0
shrinkage=0.0182397


Tree=173
num_leaves=7
num_cat=1
split_feature=9 9 0 41 6 9
split_gain=137.904 63.4885 37.2402 59.7999 34.7625 22.8862
threshold=26.383757591247562 23.468993186950687 0 25.500864028930668 12.500000000000002 21.367027282714847
decision_type=2 2 9 2 2 2
left_child=1 5 -2 -4 -3 -1
right_child=2 4 3 -5 -6 -7
leaf_value=-0.0043158279678809659 -0.0021629762863348105 -0.00029456506832519825 0.015001126257211759 0.0042254898734347696 0.002116887760997839 -0.0012360124973821377
leaf_weight=882 250 5065 191 1641 3274 8897
leaf_count=882 250 5065 191 1641 3274 8897
internal_value=-6.03485e-06 -0.000516948 0.00443921 0.00532322 0.000652264 -0.00151397
internal_weight=20200 18118 2082 1832 8339 9779
internal_count=20200 18118 2082 1832 8339 9779
cat_boundaries=0 1
cat_threshold=672
is_linear=0
shrinkage=0.0182397


Tree=174
num_leaves=8
num_cat=0
split_feature=23 9 10 52 40 55 7
split_gain=119.564 54.3377 41.3606 33.4795 28.9592 16.2987 11.5907
threshold=24.152008058132328 26.779591562863775 3.5000000000000004 0.86063684159986531 21.48317909240723 0.60907446420840772 29.500000000000004
decision_type=2 2 2 2 2 2 2
left_child=4 2 -2 -3 6 -6 -1
right_child=1 3 -4 -5 5 -7 -8
leaf_value=-0.0020139131402169014 0.00042868133848337673 0.0057717999791506514 0.0052191005469776081 -0.0024936821411441026 -0.0012074981838285693 0.00057952379376714064 -0.0054884066981682467
leaf_weight=633 5471 1359 673 185 9065 2089 646
leaf_count=633 5471 1359 673 185 9065 2089 646
internal_value=-6.53531e-05 0.00172262 0.000953749 0.00478101 -0.00117097 -0.000872802 -0.0037701
internal_weight=20121 7688 6144 1544 12433 11154 1279
internal_count=20121 7688 6144 1544 12433 11154 1279
is_linear=0
shrinkage=0.0182397


Tree=175
num_leaves=8
num_cat=0
split_feature=6 3 6 6 37 52 34
split_gain=134.431 100.355 74.5309 81.9475 39.0636 37.5378 34.2336
threshold=10.500000000000002 0.19302850000000002 11.500000000000002 14.500000000000002 32.090600967407234 0.83472446786191534 28.689177513122562
decision_type=2 2 2 2 2 2 2
left_child=1 4 6 -4 -1 -3 -2
right_child=2 5 3 -5 -6 -7 -8
leaf_value=0.017163605577557545 -0.0043733335137879073 0.0020550211888520661 0.0010620169285184544 -0.0020027948470154565 0.0063370998390578784 -0.0039715251736463274 0.0030966001377407768
leaf_weight=177 2373 4970 6455 5273 298 369 223
leaf_count=177 2373 4970 6455 5273 298 369 223
internal_value=1.44054e-05 0.00235343 -0.000935029 -0.00031597 0.0103836 0.00163821 -0.00373124
internal_weight=20138 5814 14324 11728 475 5339 2596
internal_count=20138 5814 14324 11728 475 5339 2596
is_linear=0
shrinkage=0.0182397


Tree=176
num_leaves=8
num_cat=2
split_feature=9 0 9 29 0 8 9
split_gain=128.193 51.8462 33.2312 27.9904 21.7335 14.0101 8.93963
threshold=23.953875541687015 0 27.359121322631839 21.903488159179691 1 1.5000000000000002 21.272090911865238
decision_type=2 9 2 2 9 2 2
left_child=3 4 -3 6 -2 -5 -1
right_child=1 2 -4 5 -6 -7 -8
leaf_value=-0.004961937981179108 -0.0041575374086430007 0.0021367037915424854 0.0057002977603594438 0.00040513609268296976 0.00053652807904949426 -0.0011740026137956178 -0.0023237282957259734
leaf_weight=538 357 3684 1140 2598 3058 6660 2082
leaf_count=538 357 3684 1140 2598 3058 6660 2082
internal_value=1.06713e-05 0.00175887 0.00297313 -0.00120196 3.46403e-05 -0.000730863 -0.00286621
internal_weight=20117 8239 4824 11878 3415 9258 2620
internal_count=20117 8239 4824 11878 3415 9258 2620
cat_boundaries=0 1 2
cat_threshold=651 512
is_linear=0
shrinkage=0.0182397


Tree=177
num_leaves=8
num_cat=0
split_feature=9 6 2 6 6 6 23
split_gain=120.848 52.8266 85.78 81.5154 24.5675 22.7531 9.05982
threshold=23.7708883262085 10.500000000000002 0.9565760000000002 12.500000000000002 15.500000000000002 12.500000000000002 23.385035514831547
decision_type=2 2 2 2 2 2 2
left_child=4 2 -2 -3 5 -1 -6
right_child=1 3 -4 -5 6 -7 -8
leaf_value=-0.0016639588098497199 0.010243415552023787 -0.002337642124550753 0.0021278945406309831 0.0022857994464990749 -0.0025698817866960932 0.0002288982526586178 -0.0068923835041354142
leaf_weight=4731 498 2170 3319 3053 2348 3817 173
leaf_count=4731 498 2170 3319 3053 2348 3817 173
internal_value=-7.6958e-06 0.00155689 0.00318778 0.000364863 -0.0012855 -0.000818759 -0.00286766
internal_weight=20109 9040 3817 5223 11069 8548 2521
internal_count=20109 9040 3817 5223 11069 8548 2521
is_linear=0
shrinkage=0.0182397


Tree=178
num_leaves=8
num_cat=1
split_feature=6 2 6 6 37 0 34
split_gain=118.067 96.9022 81.1175 144.544 49.8505 34.8463 27.8429
threshold=10.500000000000002 0.9565760000000002 12.500000000000002 14.500000000000002 32.090600967407234 0 28.689177513122562
decision_type=2 2 2 2 2 9 2
left_child=1 4 6 -4 -1 -3 -2
right_child=2 5 3 -5 -6 -7 -8
leaf_value=0.017272210413111014 -0.0031076508846149785 4.1342551458504415e-05 0.0026030375712119422 -0.0019392400453255257 0.0052888915650672347 0.0030096683366740169 0.0034848879456455626
leaf_weight=190 4656 2729 4214 5214 295 2540 223
leaf_count=190 4656 2729 4214 5214 295 2540 223
internal_value=-9.5968e-06 0.00219676 -0.00089699 9.10325e-05 0.00999479 0.00147819 -0.00280604
internal_weight=20061 5754 14307 9428 485 5269 4879
internal_count=20061 5754 14307 9428 485 5269 4879
cat_boundaries=0 1
cat_threshold=557
is_linear=0
shrinkage=0.0182397


Tree=179
num_leaves=8
num_cat=1
split_feature=6 2 6 51 38 34 0
split_gain=109.414 93.1722 74.6315 85.1029 45.7909 29.6609 29.3008
threshold=10.500000000000002 0.9565760000000002 11.500000000000002 23.20500609082886 32.134086608886726 28.689177513122562 0
decision_type=2 2 2 2 2 2 9
left_child=1 4 5 -4 -1 -2 -3
right_child=2 6 3 -5 -6 -7 -8
leaf_value=0.016741275385078233 -0.0042444133547080171 -0.00028588437139358887 -0.0017124372473400445 0.0014103755610177305 0.0053139679615468562 0.002793991447591509 0.0024822288624867061
leaf_weight=188 2390 2101 6176 5478 308 217 3223
leaf_count=188 2390 2101 6176 5478 308 217 3223
internal_value=-8.58103e-06 0.00209886 -0.000868678 -0.000244551 0.00965629 -0.00365818 0.00139405
internal_weight=20081 5820 14261 11654 496 2607 5324
internal_count=20081 5820 14261 11654 496 2607 5324
cat_boundaries=0 1
cat_threshold=556
is_linear=0
shrinkage=0.0182397


Tree=180
num_leaves=7
num_cat=0
split_feature=9 9 19 54 44 7
split_gain=103.129 43.0016 35.7849 32.8406 21.2118 15.1239
threshold=25.683939933776859 22.395135879516605 32.788452148437507 1.6290940475938933 24.007183074951175 23.500000000000004
decision_type=2 2 2 2 2 2
left_child=1 5 4 -3 -2 -1
right_child=2 3 -4 -5 -6 -7
leaf_value=-0.00078409236146988821 -0.0035618838923624787 -0.00011793881442505693 0.011273908341433788 0.0073648926122490939 0.0028621792078006836 -0.0028419671909067673
leaf_weight=1984 181 11680 162 198 2991 2963
leaf_count=1984 181 11680 162 198 2991 2963
internal_value=-7.29025e-06 -0.000588042 0.00292316 7.06428e-06 0.00249517 -0.0020168
internal_weight=20159 16825 3334 11878 3172 4947
internal_count=20159 16825 3334 11878 3172 4947
is_linear=0
shrinkage=0.0182397


Tree=181
num_leaves=8
num_cat=0
split_feature=6 2 6 43 37 55 34
split_gain=126.581 82.5043 70.9388 81.971 43.8693 35.1701 31.8978
threshold=10.500000000000002 0.9565760000000002 11.500000000000002 21.982161521911625 32.090600967407234 0.2802169882445163 28.689177513122562
decision_type=2 2 2 2 2 2 2
left_child=1 4 6 -4 -1 -3 -2
right_child=2 5 3 -5 -6 -7 -8
leaf_value=0.016191631740585213 -0.0043049653940075731 -0.00043495807392930332 -0.00336799486659167 0.0004282295379566055 0.0050910444873145735 0.0026605697601801829 0.0029668321086982661
leaf_weight=190 2363 1887 2377 9273 315 3459 219
leaf_count=190 2363 1887 2377 9273 315 3459 219
internal_value=-2.42464e-05 0.00223408 -0.00095272 -0.000346429 0.00927796 0.00156798 -0.00368779
internal_weight=20083 5851 14232 11650 505 5346 2582
internal_count=20083 5851 14232 11650 505 5346 2582
is_linear=0
shrinkage=0.0182397


Tree=182
num_leaves=8
num_cat=1
split_feature=6 2 6 51 37 0 46
split_gain=113.923 79.2867 71.6195 78.8578 38.8938 36.5551 28.9825
threshold=10.500000000000002 0.9565760000000002 11.500000000000002 23.174053891458662 32.090600967407234 0 24.562876701354984
decision_type=2 2 2 2 2 9 2
left_child=1 4 6 -4 -1 -3 -2
right_child=2 5 3 -5 -6 -7 -8
leaf_value=0.015338588272949615 -0.0057970257769512168 -0.00038314219043905602 -0.0017037097249456166 0.0012922699866260469 0.0050081210568370463 0.0027037996878705841 -0.001900419821560261
leaf_weight=197 1148 2119 6149 5570 316 3204 1422
leaf_count=197 1148 2119 6149 5570 316 3204 1422
internal_value=-7.48169e-06 0.00213975 -0.000884508 -0.000279736 0.00898493 0.00147937 -0.0036417
internal_weight=20125 5836 14289 11719 513 5323 2570
internal_count=20125 5836 14289 11719 513 5323 2570
cat_boundaries=0 1
cat_threshold=556
is_linear=0
shrinkage=0.0182397


Tree=183
num_leaves=8
num_cat=2
split_feature=9 0 19 0 6 6 6
split_gain=104.153 52.9866 42.5145 23.3362 21.3014 18.8431 17.4227
threshold=23.809475898742679 0 32.788452148437507 1 9.5000000000000018 10.500000000000002 15.500000000000002
decision_type=2 9 2 9 2 2 2
left_child=3 4 -3 5 -2 -1 -5
right_child=1 2 -4 6 -6 -7 -8
leaf_value=0.00027266014125738598 0.0020680602333309956 0.0020563206960271538 0.011481351001736376 -0.00020585654547909768 -0.0018588578063370889 -0.0031406055961330881 -0.0022660261614891905
leaf_weight=667 614 6210 163 6043 1823 2782 1764
leaf_count=667 614 6210 163 6043 1823 2782 1764
internal_value=-6.33176e-05 0.00142199 0.00229456 -0.00122587 -0.000865728 -0.0024734 -0.000670597
internal_weight=20066 8810 6373 11256 2437 3449 7807
internal_count=20066 8810 6373 11256 2437 3449 7807
cat_boundaries=0 1 2
cat_threshold=649 4196
is_linear=0
shrinkage=0.0182397


Tree=184
num_leaves=7
num_cat=0
split_feature=18 29 9 6 6 29
split_gain=103.28 49.7981 46.5291 33.9286 36.1267 9.43147
threshold=24.804330825805668 23.595578193664554 26.779591562863775 15.500000000000002 12.500000000000002 24.038630485534672
decision_type=2 2 2 2 2 2
left_child=3 -2 -3 4 -1 -5
right_child=1 2 -4 5 -6 -7
leaf_value=-0.0013000912909057704 -0.0064311744765116006 0.0013651624714866126 0.0051438661579001916 -0.0023629588255409109 0.00073935619650345623 -0.0064548405544708146
leaf_weight=6666 220 3909 1500 2556 5100 202
leaf_count=6666 220 3909 1500 2556 5100 202
internal_value=-3.00705e-05 0.00206724 0.00241339 -0.000842953 -0.000416093 -0.00266364
internal_weight=20153 5629 5409 14524 11766 2758
internal_count=20153 5629 5409 14524 11766 2758
is_linear=0
shrinkage=0.0182397


Tree=185
num_leaves=8
num_cat=0
split_feature=6 3 6 47 52 34 55
split_gain=100.268 71.7878 65.4537 74.9395 51.4191 29.1416 25.117
threshold=10.500000000000002 0.27658100000000008 11.500000000000002 21.964903831481937 0.83472446786191534 28.689177513122562 0.80630398854677321
decision_type=2 2 2 2 2 2 2
left_child=1 6 5 -4 -3 -2 -1
right_child=2 4 3 -5 -6 -7 -8
leaf_value=0.0053790644629822882 -0.0040178899892516435 0.0016789747277275169 -0.003151492723177982 0.00051580789233650977 -0.0062424453031291348 0.0026867319811859562 0.013202756701551722
leaf_weight=663 2366 4693 2310 9378 289 237 172
leaf_count=663 2366 4693 2310 9378 289 237 172
internal_value=3.00722e-05 0.00204879 -0.000791664 -0.000209084 0.00121895 -0.00340709 0.00699676
internal_weight=20108 5817 14291 11688 4982 2603 835
internal_count=20108 5817 14291 11688 4982 2603 835
is_linear=0
shrinkage=0.0182397


Tree=186
num_leaves=8
num_cat=1
split_feature=6 3 6 6 41 0 46
split_gain=101.032 71.8325 62.8108 69.4895 35.137 32.1089 25.4842
threshold=10.500000000000002 0.19302850000000002 11.500000000000002 14.500000000000002 32.199876785278327 0 24.292465209960941
decision_type=2 2 2 2 2 9 2
left_child=1 4 6 -4 -1 -3 -2
right_child=2 5 3 -5 -6 -7 -8
leaf_value=0.014768319732193658 -0.0056468171538230204 -0.00035692179124961905 0.0010153067560738605 -0.0018088640237008834 0.0047909273036680806 0.0025441729421660157 -0.0019368331317776851
leaf_weight=192 1017 2089 6437 5272 303 3230 1563
leaf_count=192 1017 2089 6437 5272 303 3230 1563
internal_value=8.01292e-07 0.00202783 -0.000824005 -0.000256302 0.00867063 0.00140896 -0.00339997
internal_weight=20103 5814 14289 11709 495 5319 2580
internal_count=20103 5814 14289 11709 495 5319 2580
cat_boundaries=0 1
cat_threshold=556
is_linear=0
shrinkage=0.0182397


Tree=187
num_leaves=8
num_cat=0
split_feature=6 6 47 2 38 55 31
split_gain=92.2823 70.0869 72.4982 66.0681 36.7048 34.8445 26.126
threshold=10.500000000000002 11.500000000000002 21.983031272888187 0.9565760000000002 32.134086608886726 0.2802169882445163 28.644954681396488
decision_type=2 2 2 2 2 2 2
left_child=3 6 -3 4 -1 -5 -2
right_child=1 2 -4 5 -6 -7 -8
leaf_value=0.014754141631564115 -0.0039725213303562611 -0.0029684564939031844 0.00060018283564346772 -0.00058030718399225021 0.0045087379688243685 0.0024989729181072468 0.0029170727706386689
leaf_weight=186 2389 2378 9296 1899 311 3431 198
leaf_count=186 2389 2378 9296 1899 311 3431 198
internal_value=6.1419e-05 -0.000728816 -0.000126835 0.00199535 0.00835269 0.00140191 -0.00344481
internal_weight=20088 14261 11674 5827 497 5330 2587
internal_count=20088 14261 11674 5827 497 5330 2587
is_linear=0
shrinkage=0.0182397


Tree=188
num_leaves=8
num_cat=0
split_feature=23 3 6 52 40 58 7
split_gain=89.8018 39.5259 25.3179 24.8297 22.8885 17.2634 9.3883
threshold=24.152008058132328 0.27658100000000008 10.500000000000002 0.41679334829505482 21.48317909240723 11.500000000000002 29.500000000000004
decision_type=2 2 2 2 2 2 2
left_child=4 2 -2 -3 6 -6 -1
right_child=1 3 -4 -5 5 -7 -8
leaf_value=-0.0017226835756223252 0.0061557083831664345 -1.278662646084518e-05 0.0019523243692758571 0.0026249586377068601 -0.00083430869043017123 0.0038476779848543598 -0.0048642948665407106
leaf_weight=628 840 4051 1103 1679 10938 268 639
leaf_count=628 840 4051 1103 1679 10938 268 639
internal_value=-2.98693e-05 0.00152271 0.00377052 0.000760266 -0.000984988 -0.000722189 -0.00330827
internal_weight=20146 7673 1943 5730 12473 11206 1267
internal_count=20146 7673 1943 5730 12473 11206 1267
is_linear=0
shrinkage=0.0182397


Tree=189
num_leaves=8
num_cat=0
split_feature=6 2 6 47 37 55 34
split_gain=87.1524 72.9458 62.2904 70.7406 35.5712 30.0529 26.481
threshold=10.500000000000002 0.9565760000000002 11.500000000000002 21.964903831481937 32.090600967407234 0.27777422619954223 28.689177513122562
decision_type=2 2 2 2 2 2 2
left_child=1 4 6 -4 -1 -3 -2
right_child=2 5 3 -5 -6 -7 -8
leaf_value=0.014767340387416016 -0.003814680694190475 -0.00054421804337670735 -0.0030056541483921705 0.00056699101682260221 0.004722345018662282 0.0023169207738719471 0.0026349864863833648
leaf_weight=192 2397 1880 2296 9355 302 3485 232
leaf_count=192 2397 1880 2296 9355 302 3485 232
internal_value=5.9154e-05 0.0019323 -0.000709421 -0.000137138 0.00863614 0.00131436 -0.00324517
internal_weight=20139 5859 14280 11651 494 5365 2629
internal_count=20139 5859 14280 11651 494 5365 2629
is_linear=0
shrinkage=0.0182397


Tree=190
num_leaves=8
num_cat=0
split_feature=6 2 6 6 38 52 8
split_gain=80.3984 63.8871 58.5779 112.431 35.6477 26.1273 22.4784
threshold=10.500000000000002 0.9565760000000002 12.500000000000002 14.500000000000002 32.134086608886726 0.83472446786191534 1.5000000000000002
decision_type=2 2 2 2 2 2 2
left_child=1 4 6 -4 -1 -3 -2
right_child=2 5 3 -5 -6 -7 -8
leaf_value=0.014019929001553411 -0.00072231517624932564 0.0015852058609907285 0.0023509332740835041 -0.0016643265117313991 0.0041003141039419695 -0.0033864177081231227 -0.0032831782387375934
leaf_weight=199 1810 4976 4185 5205 306 378 3083
leaf_count=199 1810 4976 4185 5205 306 378 3083
internal_value=2.00923e-05 0.00181925 -0.000717968 0.000125248 0.00801804 0.00123395 -0.00233602
internal_weight=20142 5859 14283 9390 505 5354 4893
internal_count=20142 5859 14283 9390 505 5354 4893
is_linear=0
shrinkage=0.0182397


Tree=191
num_leaves=8
num_cat=0
split_feature=6 6 6 3 50 55 44
split_gain=82.5606 58.2578 69.5067 52.377 35.207 25.7457 20.6958
threshold=10.500000000000002 11.500000000000002 14.500000000000002 0.22337950000000004 30.105615758966191 0.2802169882445163 24.434641838073734
decision_type=2 2 2 2 2 2 2
left_child=3 6 -3 4 -1 -5 -2
right_child=1 2 -4 5 -6 -7 -8
leaf_value=0.013258302883959686 -0.0050493006632634351 0.0011283181031774901 -0.0016885894550187322 -0.00040761442753029523 0.0038537202753161125 0.0022646048901276794 -0.0017518049311417943
leaf_weight=200 1099 6521 5268 1859 392 3380 1495
leaf_count=200 1099 6521 5268 1859 392 3380 1495
internal_value=6.71886e-05 -0.000675019 -0.000130453 0.00189786 0.00703843 0.00131644 -0.00314947
internal_weight=20214 14383 11789 5831 592 5239 2594
internal_count=20214 14383 11789 5831 592 5239 2594
is_linear=0
shrinkage=0.0182397


Tree=192
num_leaves=8
num_cat=0
split_feature=6 6 6 3 52 54 55
split_gain=85.575 60.2481 110.389 52.8266 36.5514 28.6992 27.8413
threshold=10.500000000000002 12.500000000000002 14.500000000000002 0.27658100000000008 0.83472446786191534 0.58596935540209183 0.82891593201400793
decision_type=2 2 2 2 2 2 2
left_child=3 5 -3 6 -5 -2 -1
right_child=1 2 -4 4 -6 -7 -8
leaf_value=0.0044530614597429576 -0.0016929474123302669 0.0022860119801840664 -0.0016674960806609064 0.0015316408374772799 -0.0052918152253548581 -0.0051747460448314164 0.012817415915696951
leaf_weight=685 3820 4236 5275 4733 276 992 164
leaf_count=685 3820 4236 5275 4733 276 992 164
internal_value=1.14666e-05 -0.00074812 9.33378e-05 0.0018686 0.00115523 -0.00241113 0.00607459
internal_weight=20181 14323 9511 5858 5009 4812 849
internal_count=20181 14323 9511 5858 5009 4812 849
is_linear=0
shrinkage=0.0182397


Tree=193
num_leaves=8
num_cat=0
split_feature=50 6 6 7 46 18 27
split_gain=84.3944 50.1348 71.3396 35.9873 31.094 19.3707 12.8355
threshold=23.770239448547368 14.500000000000002 12.500000000000002 14.500000000000002 23.989026069641117 21.326662063598636 23.629422187805179
decision_type=2 2 2 2 2 2 2
left_child=4 2 -2 -3 5 -1 -6
right_child=1 3 -4 -5 6 -7 -8
leaf_value=-0.0041711606100432652 0.00098883385741649951 0.0021102078413847134 0.0051096026408381017 -0.0040581927025774714 0.003807347942638371 -0.001046960587255213 -0.0017946306114812671
leaf_weight=710 6190 489 1805 881 596 9358 176
leaf_count=710 6190 489 1805 881 596 9358 176
internal_value=9.87406e-05 0.00136696 0.00191939 -0.00185651 -0.000996921 -0.00126745 0.00252992
internal_weight=20205 9365 7995 1370 10840 10068 772
internal_count=20205 9365 7995 1370 10840 10068 772
is_linear=0
shrinkage=0.0182397


Tree=194
num_leaves=8
num_cat=0
split_feature=23 10 54 6 39 47 6
split_gain=85.2966 46.9562 45.1389 39.1658 25.6717 17.6833 9.89024
threshold=24.152008058132328 3.5000000000000004 0.96135254084488364 9.5000000000000018 21.459921836853031 24.466193199157718 10.500000000000002
decision_type=2 2 2 2 2 2 2
left_child=4 3 -3 -2 6 -6 -1
right_child=1 2 -4 -5 5 -7 -8
leaf_value=-0.00013628233030883128 0.0033843431061906701 0.0034484185777356553 0.013870508110501063 0.00018947470843095254 -0.00089046474545647909 0.0016389017626075744 -0.0043066182030520352
leaf_weight=236 1703 735 170 5094 10226 1010 954
leaf_count=236 1703 735 170 5094 10226 1010 954
internal_value=1.86726e-06 0.00150997 0.00541195 0.000990122 -0.000932922 -0.000663046 -0.00347992
internal_weight=20128 7702 905 6797 12426 11236 1190
internal_count=20128 7702 905 6797 12426 11236 1190
is_linear=0
shrinkage=0.0182397


Tree=195
num_leaves=8
num_cat=0
split_feature=29 39 3 6 6 52 7
split_gain=73.8434 31.2604 29.8611 31.3112 25.1431 16.859 8.29947
threshold=25.698167800903324 21.483633995056156 0.55585200000000012 9.5000000000000018 14.500000000000002 0.37272304802647022 27.500000000000004
decision_type=2 2 2 2 2 2 2
left_child=1 6 3 -2 -3 -4 -1
right_child=2 4 5 -5 -6 -7 -8
leaf_value=-0.0016592524246279764 0.0087106719081667863 0.00014499469536283791 -0.00028040226971651585 0.0027595009161180406 -0.0014946632542076552 0.0035866869118921997 -0.0045985516216656506
leaf_weight=585 395 11124 1298 1151 4319 527 706
leaf_count=585 395 11124 1298 1151 4319 527 706
internal_value=-4.54351e-05 -0.000541585 0.00241725 0.00428206 -0.000313604 0.000836881 -0.00326767
internal_weight=20105 16734 3371 1546 15443 1825 1291
internal_count=20105 16734 3371 1546 15443 1825 1291
is_linear=0
shrinkage=0.0182397


Tree=196
num_leaves=8
num_cat=1
split_feature=47 20 34 8 55 0 50
split_gain=69.4964 34.9953 46.0554 28.6901 24.1697 20.1798 18.0584
threshold=24.060979843139652 27.083062171936039 26.510259628295902 1.5000000000000002 0.80630398854677321 0 23.134084749221802
decision_type=2 2 2 2 2 9 2
left_child=3 6 -3 4 -1 -5 -2
right_child=1 2 -4 5 -6 -7 -8
leaf_value=8.42169387492339e-05 0.0063987561037444395 0.012575424716374873 0.0026730896904452431 -0.0030337172915935219 0.0050714926932996099 -0.00091909535499554553 0.00064320008290223284
leaf_weight=2327 186 182 1092 1896 375 7247 6665
leaf_count=2327 186 182 1092 1896 375 7247 6665
internal_value=1.70662e-05 0.00131619 0.00409156 -0.000874077 0.000777095 -0.00136206 0.00079986
internal_weight=19970 8125 1274 11845 2702 9143 6851
internal_count=19970 8125 1274 11845 2702 9143 6851
cat_boundaries=0 1
cat_threshold=36
is_linear=0
shrinkage=0.0182397


Tree=197
num_leaves=7
num_cat=2
split_feature=47 30 0 56 0 51
split_gain=71.0761 35.1877 34.04 22.0395 21.5 14.0891
threshold=24.168337821960453 25.739681243896488 0 0.032416343688964851 1 23.632627646216882
decision_type=2 2 9 2 9 2
left_child=1 4 5 -4 -1 -2
right_child=2 -3 3 -5 -6 -7
leaf_value=-0.0019412018249352003 0.0052535591406587014 0.0075595544274372163 0.001574636629419704 0.004518622939634444 -0.00035629929551697393 2.8344635984823272e-05
leaf_weight=4597 179 163 2242 1359 7496 3968
leaf_count=4597 179 163 2242 1359 7496 3968
internal_value=1.72978e-05 -0.000847145 0.00138467 0.00267866 -0.000960728 0.000253806
internal_weight=20004 12256 7748 3601 12093 4147
internal_count=20004 12256 7748 3601 12093 4147
cat_boundaries=0 1 2
cat_threshold=715 4644
is_linear=0
shrinkage=0.0182397


Tree=198
num_leaves=8
num_cat=1
split_feature=6 6 6 0 52 49 34
split_gain=72.9005 62.7929 62.225 51.229 67.8968 31.2203 25.1942
threshold=10.500000000000002 11.500000000000002 14.500000000000002 0 0.83472446786191534 22.522789287442141 28.689177513122562
decision_type=2 2 2 9 2 2 2
left_child=3 6 -3 4 -1 -5 -2
right_child=1 2 -4 5 -6 -7 -8
leaf_value=0.0006829316240827242 -0.0038242532473893734 0.0010379819222201807 -0.001634792766574207 -0.001806036101678541 -0.01049663800039524 0.004005622128070623 0.0025553983535994973
leaf_weight=2563 2396 6499 5229 347 194 2687 225
leaf_count=2563 2396 6499 5229 347 194 2687 225
internal_value=-2.70196e-05 -0.000724157 -0.000153708 0.00170028 -0.000104903 0.0033298 -0.00327625
internal_weight=20140 14349 11728 5791 2757 3034 2621
internal_count=20140 14349 11728 5791 2757 3034 2621
cat_boundaries=0 1
cat_threshold=557
is_linear=0
shrinkage=0.0182397


Tree=199
num_leaves=7
num_cat=1
split_feature=51 0 55 45 46 26
split_gain=69.7185 47.0659 55.4249 29.4176 21.8759 15.0351
threshold=23.412658246316571 0 1.4421271190102307 23.029387474060062 23.918985366821293 21.302151679992679
decision_type=2 9 2 2 2 2
left_child=4 2 -2 -3 5 -1
right_child=1 3 -4 -5 -6 -7
leaf_value=-0.004061215435274019 0.0020523783122911761 0.0057956362410362646 0.011292315144381091 -0.00014992930198879794 0.004315770796710406 -0.0011458789104439313
leaf_weight=633 3449 288 230 6894 232 8318
leaf_count=633 3449 288 230 6894 232 8318
internal_value=-3.89899e-05 0.000950129 0.00262418 8.87064e-05 -0.00120884 -0.00135224
internal_weight=20044 10861 3679 7182 9183 8951
internal_count=20044 10861 3679 7182 9183 8951
cat_boundaries=0 1
cat_threshold=7184
is_linear=0
shrinkage=0.0182397


Tree=200
num_leaves=8
num_cat=0
split_feature=6 6 6 2 52 8 38
split_gain=62.2515 51.7828 95.5794 49.1914 30.1641 22.4359 22.1543
threshold=10.500000000000002 12.500000000000002 14.500000000000002 0.9565760000000002 1.2743513464849165 1.5000000000000002 32.134086608886726
decision_type=2 2 2 2 2 2 2
left_child=3 5 -3 6 -5 -2 -1
right_child=1 2 -4 4 -6 -7 -8
leaf_value=0.011885561634775287 -0.00064048135839935656 0.0021172353727396524 -0.0015649565772977336 0.0012700671263030897 -0.006047852744027471 -0.0032085924560874847 0.0039670447440371083
leaf_weight=190 1805 4211 5292 5175 194 3035 309
leaf_count=190 1805 4211 5292 5175 194 3035 309
internal_value=-6.7952e-05 -0.000715426 6.67307e-05 0.00151459 0.00100517 -0.002251 0.00698993
internal_weight=20211 14343 9503 5868 5369 4840 499
internal_count=20211 14343 9503 5868 5369 4840 499
is_linear=0
shrinkage=0.0182397


Tree=201
num_leaves=8
num_cat=0
split_feature=6 6 45 4 55 42 32
split_gain=71.5866 55.237 54.7588 47.6317 27.4298 26.6711 21.8476
threshold=10.500000000000002 11.500000000000002 22.038203239440922 0.9565760000000002 0.27777422619954223 32.21049880981446 25.006676673889164
decision_type=2 2 2 2 2 2 2
left_child=3 6 -3 5 -5 -1 -2
right_child=1 2 -4 4 -6 -7 -8
leaf_value=0.012300030673832332 -0.0044873285111269113 -0.0025311600722717495 0.00049301605828791267 -0.00057703090816729882 0.0021620275954770305 0.0036707811539952043 -0.001079603700450064
leaf_weight=197 1544 2546 9147 1881 3441 302 1053
leaf_count=197 1544 2546 9147 1881 3441 302 1053
internal_value=-5.45812e-06 -0.000700001 -0.00016553 0.0016995 0.00119397 0.00708536 -0.00310602
internal_weight=20111 14290 11693 5821 5322 499 2597
internal_count=20111 14290 11693 5821 5322 499 2597
is_linear=0
shrinkage=0.0182397


Tree=202
num_leaves=8
num_cat=0
split_feature=6 6 6 3 53 55 9
split_gain=65.7485 51.6984 59.922 48.3034 31.6664 22.4911 20.1019
threshold=10.500000000000002 11.500000000000002 14.500000000000002 0.27658100000000008 1.2300366531636111 0.79618011187391946 26.634457588195804
decision_type=2 2 2 2 2 2 2
left_child=3 6 -3 5 -5 -1 -2
right_child=1 2 -4 4 -6 -7 -8
leaf_value=0.0041168944759066182 -0.0035745807196591291 0.0010411970305163874 -0.0015883336366772196 0.001228322111941287 -0.0069109473907354307 0.011371844657626409 0.0014019176638295603
leaf_weight=662 2284 6430 5226 4833 164 181 306
leaf_count=662 2284 6430 5226 4833 164 181 306
internal_value=1.23866e-05 -0.000655763 -0.000137776 0.00164219 0.000960609 0.00567972 -0.00298649
internal_weight=20086 14246 11656 5840 4997 843 2590
internal_count=20086 14246 11656 5840 4997 843 2590
is_linear=0
shrinkage=0.0182397


Tree=203
num_leaves=8
num_cat=0
split_feature=46 6 8 6 18 50 3
split_gain=60.2504 28.4577 43.1302 29.2226 21.6418 15.4596 3.49289
threshold=23.989026069641117 9.5000000000000018 2.5000000000000004 12.500000000000002 21.326662063598636 23.793409824086552 0.87008850000000015
decision_type=2 2 2 2 2 2 2
left_child=4 2 -2 -3 6 -6 -1
right_child=1 3 -4 -5 5 -7 -8
leaf_value=-0.0055548454130182117 0.0022400453870331095 -0.0003976260536343482 0.011826298771776711 0.0020758060398829744 -0.00098766396029654883 0.0009525970852787693 -0.0029353120548688758
leaf_weight=286 1570 4035 173 2621 9405 1598 420
leaf_count=286 1570 4035 173 2621 9405 1598 420
internal_value=-5.89793e-05 0.00111984 0.00319427 0.000576435 -0.000904569 -0.000705847 -0.00399928
internal_weight=20108 8399 1743 6656 11709 11003 706
internal_count=20108 8399 1743 6656 11709 11003 706
is_linear=0
shrinkage=0.0182397


Tree=204
num_leaves=7
num_cat=2
split_feature=9 55 6 0 42 0
split_gain=62.8921 35.339 35.4457 27.4169 52.6044 10.5152
threshold=26.634457588195804 0.28214013599619397 10.500000000000002 0 25.505457878112797 1
decision_type=2 2 2 9 2 9
left_child=1 5 -3 -2 -5 -1
right_child=3 2 -4 4 -6 -7
leaf_value=-0.00075894278549803584 -0.0033059950554073744 0.0020307586557355545 -0.00028334318508076075 0.013748099411264102 0.0029508550936003051 -0.0022415316111354926
leaf_weight=3917 181 2935 8814 168 1385 2715
leaf_count=3917 181 2935 8814 168 1385 2715
internal_value=7.20145e-06 -0.000306081 0.000294794 0.00332734 0.00409607 -0.00137052
internal_weight=20115 18381 11749 1734 1553 6632
internal_count=20115 18381 11749 1734 1553 6632
cat_boundaries=0 1 2
cat_threshold=544 6171
is_linear=0
shrinkage=0.0182397


Tree=205
num_leaves=8
num_cat=0
split_feature=6 6 6 2 54 38 52
split_gain=63.8299 56.4065 89.5047 47.1611 33.3169 31.2687 27.0745
threshold=10.500000000000002 12.500000000000002 14.500000000000002 0.9565760000000002 0.58596935540209183 32.134086608886726 0.83472446786191534
decision_type=2 2 2 2 2 2 2
left_child=3 4 -3 5 -2 -1 -5
right_child=1 2 -4 6 -6 -7 -8
leaf_value=0.012713075583395949 -0.0014597007340701746 0.0021720568755991608 -0.0013897747130827995 0.0014870790367033611 -0.0052174962634500676 0.0034060876458945309 -0.0036056072442304907
leaf_weight=193 3861 4226 5278 4965 985 318 373
leaf_count=193 3861 4226 5278 4965 985 318 373
internal_value=3.20566e-05 -0.000622549 0.000194038 0.001638 -0.00222392 0.00692917 0.00113095
internal_weight=20199 14350 9504 5849 4846 511 5338
internal_count=20199 14350 9504 5849 4846 511 5338
is_linear=0
shrinkage=0.0182397


Tree=206
num_leaves=8
num_cat=0
split_feature=9 3 48 6 6 18 50
split_gain=60.2246 32.2874 25.2994 17.2841 21.7866 14.6588 11.0046
threshold=24.17874908447266 2.9426885000000005 32.786179351806645 15.500000000000002 12.500000000000002 24.8813591003418 23.674540328988041
decision_type=2 2 2 2 2 2 2
left_child=3 2 -2 4 -1 -3 -5
right_child=1 5 -4 6 -6 -7 -8
leaf_value=-0.0012422249478794727 0.0014611325178341846 -0.00095661284080143663 0.0087483512449961932 -0.0018385532139974217 0.0004713774832537392 -0.0070007363659403297 -0.0067256042334980243
leaf_weight=5578 6567 604 162 2490 4427 171 163
leaf_count=5578 6567 604 162 2490 4427 171 163
internal_value=-6.35915e-05 0.00123108 0.00163713 -0.000831123 -0.000484005 -0.00229344 -0.00213988
internal_weight=20162 7504 6729 12658 10005 775 2653
internal_count=20162 7504 6729 12658 10005 775 2653
is_linear=0
shrinkage=0.0182397


Tree=207
num_leaves=8
num_cat=1
split_feature=47 20 34 8 55 20 0
split_gain=63.1556 40.2627 60.359 21.2061 30.0488 24.2488 16.6955
threshold=23.992632865905765 27.083062171936039 26.94432353973389 1.5000000000000002 0.80630398854677321 25.069766046108402 0
decision_type=2 2 2 2 2 2 9
left_child=3 6 -3 4 -1 -5 -2
right_child=1 2 -4 5 -6 -7 -8
leaf_value=-0.00016020987868895829 -0.00060897017540187338 0.01224130892700114 0.0022587926275611887 -0.0011054002515256281 0.0056121637079005748 -0.0070250876973065686 0.0012926408401312129
leaf_weight=2239 2232 250 1033 8768 346 236 4893
leaf_count=2239 2232 250 1033 8768 346 236 4893
internal_value=3.02388e-05 0.00123362 0.00420747 -0.000842849 0.000613241 -0.00126089 0.000697895
internal_weight=19997 8408 1283 11589 2585 9004 7125
internal_count=19997 8408 1283 11589 2585 9004 7125
cat_boundaries=0 1
cat_threshold=649
is_linear=0
shrinkage=0.0182397


Tree=208
num_leaves=8
num_cat=2
split_feature=9 0 55 55 9 20 0
split_gain=53.2121 35.1849 25.8271 18.0607 14.8838 12.8961 3.78478
threshold=23.531886100769047 0 1.4421271190102307 1.1033972485514625 21.326193809509281 24.467039108276371 1
decision_type=2 9 2 2 2 2 9
left_child=4 3 -3 -2 6 -6 -1
right_child=1 2 -4 -5 5 -7 -8
leaf_value=-0.0042380772971048839 -0.00034137263738605268 0.0013741895178240925 0.0066594439597506636 -0.005740677268764453 -0.00068076069161429327 -0.0058498015945200989 -0.001094621285483807
leaf_weight=538 2808 6700 322 222 9186 163 199
leaf_count=538 2808 6700 322 222 9186 163 199
internal_value=-3.19878e-05 0.000907169 0.00161465 -0.000735315 -0.000967978 -0.000771154 -0.00346277
internal_weight=20138 10052 7022 3030 10086 9349 737
internal_count=20138 10052 7022 3030 10086 9349 737
cat_boundaries=0 1 2
cat_threshold=653 4132
is_linear=0
shrinkage=0.0182397


Tree=209
num_leaves=8
num_cat=0
split_feature=29 56 55 43 6 7 15
split_gain=58.6366 24.8345 26.5103 23.5288 25.7586 21.8115 15.2637
threshold=25.698167800903324 0.062436103820799012 0.75246596294525048 21.982161521911625 12.500000000000002 28.500000000000004 2.4347795992564571
decision_type=2 2 2 2 2 2 2
left_child=3 6 -3 5 -5 -1 -2
right_child=1 2 -4 4 -6 -7 -8
leaf_value=-0.00021060399354645853 -0.00061536680350820995 0.0024457259366977755 0.0084043442234380643 -0.00091273063884668437 0.00066771333766018606 -0.0033127076211543986 0.0024112005699465323
leaf_weight=1374 1004 773 366 7026 6704 1671 1237
leaf_count=1374 1004 773 366 7026 6704 1671 1237
internal_value=-2.11422e-05 0.00217041 0.00436294 -0.000462763 -0.000141045 -0.00191317 0.0010554
internal_weight=20155 3380 1139 16775 13730 3045 2241
internal_count=20155 3380 1139 16775 13730 3045 2241
is_linear=0
shrinkage=0.0182397


Tree=210
num_leaves=7
num_cat=1
split_feature=6 6 6 52 0 7
split_gain=55.3475 50.3317 52.8765 44.9046 41.6477 17.878
threshold=10.500000000000002 11.500000000000002 14.500000000000002 1.2743513464849165 0 7.5000000000000009
decision_type=2 2 2 2 9 2
left_child=3 5 -3 4 -1 -2
right_child=1 2 -4 -5 -6 -7
leaf_value=0.0053489256057286444 0.00088489123034765226 0.00099199689205277061 -0.0014749160757575762 -0.0071792186989456264 0.0010851058152591216 -0.0035184921469723265
leaf_weight=903 355 6446 5240 192 4723 2249
leaf_count=903 355 6446 5240 192 4723 2249
internal_value=-1.46125e-05 -0.000625206 -0.00011418 0.00148504 0.00178127 -0.00291814
internal_weight=20108 14290 11686 5818 5626 2604
internal_count=20108 14290 11686 5818 5626 2604
cat_boundaries=0 1
cat_threshold=4240
is_linear=0
shrinkage=0.0182397


Tree=211
num_leaves=8
num_cat=1
split_feature=50 6 8 6 47 0 52
split_gain=57.33 43.7674 100.934 35.9125 20.2254 16.9488 16.209
threshold=23.770239448547368 9.5000000000000018 2.5000000000000004 12.500000000000002 23.992632865905765 0 0.21255323309858445
decision_type=2 2 2 2 2 9 2
left_child=4 2 -2 -3 5 -1 -6
right_child=1 3 -4 -5 6 -7 -8
leaf_value=-0.0022812954216651841 0.0018324757126271971 -0.00076274864458698388 0.013952567972110029 0.001821247687377765 0.0035943562473231437 -0.00064518113469732468 -0.002012815729723011
leaf_weight=3045 1774 4084 262 3184 554 6877 248
leaf_count=3045 1774 4084 262 3184 554 6877 248
internal_value=-1.61586e-05 0.00103151 0.00339481 0.000369302 -0.000925103 -0.00115032 0.00186031
internal_weight=20028 9304 2036 7268 10724 9922 802
internal_count=20028 9304 2036 7268 10724 9922 802
cat_boundaries=0 1
cat_threshold=4196
is_linear=0
shrinkage=0.0182397


Tree=212
num_leaves=8
num_cat=0
split_feature=6 6 47 2 52 37 47
split_gain=57.1847 56.4518 49.966 42.8387 31.6336 27.2057 17.4074
threshold=10.500000000000002 11.500000000000002 21.897820472717289 0.9565760000000002 0.83472446786191534 32.090600967407234 24.244711875915531
decision_type=2 2 2 2 2 2 2
left_child=3 6 -3 5 -5 -1 -2
right_child=1 2 -4 4 -6 -7 -8
leaf_value=0.012192595107625149 -0.004866446293080303 -0.0026363218113165505 0.00050245395856806903 0.0014613733862499738 -0.0041507486825493592 0.0033681841899516366 -0.0018141033781431965
leaf_weight=186 1024 2044 9658 4932 358 310 1583
leaf_count=186 1024 2044 9658 4932 358 310 1583
internal_value=3.20651e-05 -0.000586661 -4.58777e-05 0.00156213 0.00108126 0.00668521 -0.00301365
internal_weight=20095 14309 11702 5786 5290 496 2607
internal_count=20095 14309 11702 5786 5290 496 2607
is_linear=0
shrinkage=0.0182397


Tree=213
num_leaves=8
num_cat=0
split_feature=6 6 6 2 54 41 55
split_gain=50.1181 49.2992 80.6211 39.1065 30.5444 26.3804 24.8541
threshold=10.500000000000002 12.500000000000002 14.500000000000002 0.9565760000000002 0.59229930755838567 32.199876785278327 0.27777422619954223
decision_type=2 2 2 2 2 2 2
left_child=3 4 -3 5 -2 -1 -5
right_child=1 2 -4 6 -6 -7 -8
leaf_value=0.011550445073897702 -0.0013370287755393266 0.0020844769232679985 -0.0013165231114055341 -0.00069399699648640218 -0.0049693752012477674 0.002955020277406514 0.0019013632007973404
leaf_weight=195 3891 4204 5170 1897 960 304 3477
leaf_count=195 3891 4204 5170 1897 960 304 3477
internal_value=2.15641e-05 -0.000563687 0.000208765 0.00143904 -0.00205625 0.00632117 0.00098523
internal_weight=20098 14225 9374 5873 4851 499 5374
internal_count=20098 14225 9374 5873 4851 499 5374
is_linear=0
shrinkage=0.0182397


Tree=214
num_leaves=7
num_cat=1
split_feature=47 0 30 48 10 38
split_gain=45.4753 25.726 24.7873 28.9726 23.8573 14.415
threshold=24.168337821960453 0 25.560621262917483 25.408304596151861 3.5000000000000004 23.524770736694339
decision_type=2 9 2 2 2 2
left_child=2 5 3 -1 -3 -2
right_child=1 4 -4 -5 -6 -7
leaf_value=-0.00075991722610108938 0.0043793990561689236 0.0012491687336049166 0.0058528739047163259 -0.0083337351003043361 0.0052270940774508719 -0.0012429163349996146
leaf_weight=11921 165 5269 185 170 554 1829
leaf_count=11921 165 5269 185 170 554 1829
internal_value=-7.28166e-05 0.00101455 -0.000765234 -0.000866705 0.0016252 -0.00077294
internal_weight=20093 7817 12276 12091 5823 1994
internal_count=20093 7817 12276 12091 5823 1994
cat_boundaries=0 1
cat_threshold=649
is_linear=0
shrinkage=0.0182397


Tree=215
num_leaves=7
num_cat=1
split_feature=51 0 55 43 47 26
split_gain=40.3818 35.6012 48.0059 36.114 21.4353 14.6696
threshold=23.39664300271102 0 1.4421271190102307 22.963694572448734 23.922436714172367 21.302151679992679
decision_type=2 9 2 2 2 2
left_child=4 3 -3 -2 5 -1
right_child=1 2 -4 -5 -6 -7
leaf_value=-0.0038223059603011626 0.0071747956804687017 0.001229536738343342 0.0099277567172902439 -0.00094335321571224458 0.0042927056231993046 -0.00092513519202177912
leaf_weight=625 190 6285 218 4268 249 8278
leaf_count=625 190 6285 218 4268 249 8278
internal_value=-8.6609e-05 0.00066018 0.00151944 -0.000595348 -0.000980998 -0.0011287
internal_weight=20113 10961 6503 4458 9152 8903
internal_count=20113 10961 6503 4458 9152 8903
cat_boundaries=0 1
cat_threshold=685
is_linear=0
shrinkage=0.0182397


Tree=216
num_leaves=7
num_cat=0
split_feature=46 10 52 33 24 54
split_gain=43.5001 24.1717 40.4381 19.037 18.343 16.2068
threshold=23.989026069641117 3.5000000000000004 0.41679334829505482 25.263874053955082 23.054808617504886 0.84123698023072102
decision_type=2 2 2 2 2 2
left_child=3 4 -3 5 -2 -1
right_child=1 2 -4 -5 -6 -7
leaf_value=-0.00065285852431269328 0.0050149165170208093 0.00093710644180231885 0.0092607944547053248 0.0047462549231166908 0.00046667693841147766 -0.0033320018129167311
leaf_weight=10612 307 546 301 206 7294 808
leaf_count=10612 307 546 301 206 7294 808
internal_value=-1.95646e-05 0.000976462 0.00389838 -0.000743334 0.000650657 -0.000842537
internal_weight=20074 8448 847 11626 7601 11420
internal_count=20074 8448 847 11626 7601 11420
is_linear=0
shrinkage=0.0182397


Tree=217
num_leaves=8
num_cat=1
split_feature=6 6 6 52 54 0 54
split_gain=47.3226 52.8138 86.8055 37.5148 41.5907 34.0755 22.794
threshold=10.500000000000002 12.500000000000002 14.500000000000002 0.83472446786191534 0.96135254084488364 0 0.53600300300111137
decision_type=2 2 2 2 2 9 2
left_child=3 6 -3 4 -1 -5 -2
right_child=1 2 -4 5 -6 -7 -8
leaf_value=0.0014398369253885131 -0.0014360101721327984 0.0021662737671166942 -0.0013513227469549255 -0.0093758159664359027 0.0097482660778378093 0.0015614849178952677 -0.0044026939799288057
leaf_weight=5238 3756 4220 5221 189 208 181 1118
leaf_count=5238 3756 4220 5221 189 208 181 1118
internal_value=-1.13361e-05 -0.00057502 0.000221023 0.001376 0.00175792 -0.00424086 -0.00211685
internal_weight=20131 14315 9441 5816 5446 370 4874
internal_count=20131 14315 9441 5816 5446 370 4874
cat_boundaries=0 1
cat_threshold=544
is_linear=0
shrinkage=0.0182397


Tree=218
num_leaves=7
num_cat=0
split_feature=6 53 6 17 53 6
split_gain=45.7151 48.4089 45.6161 33.6981 44.6415 23.1199
threshold=10.500000000000002 1.5984034883671894 11.500000000000002 -1.092309 1.2300366531636111 9.5000000000000018
decision_type=2 2 2 2 2 2
left_child=3 2 -2 5 -5 -1
right_child=1 -3 -4 4 -6 -7
leaf_value=0.0064940360811709553 -0.0028648355368694691 0.0074100240898716287 -0.00017449320122938893 0.001100004629853585 -0.0080263010415037063 0.00085904328165857698
leaf_weight=645 2563 251 11516 4641 185 388
leaf_count=645 2563 251 11516 4641 185 388
internal_value=3.23044e-05 -0.000522677 -0.000664329 0.00138962 0.000749457 0.00437877
internal_weight=20189 14330 14079 5859 4826 1033
internal_count=20189 14330 14079 5859 4826 1033
is_linear=0
shrinkage=0.0182397


Tree=219
num_leaves=8
num_cat=0
split_feature=6 6 6 2 54 52 37
split_gain=41.3795 49.2137 79.5501 41.4337 26.6421 26.2818 22.2391
threshold=10.500000000000002 12.500000000000002 14.500000000000002 0.9565760000000002 0.58596935540209183 1.2743513464849165 32.090600967407234
decision_type=2 2 2 2 2 2 2
left_child=3 4 -3 6 -2 -5 -1
right_child=1 2 -4 5 -6 -7 -8
leaf_value=0.011073284029106078 -0.0013462341187965806 0.002092447127861921 -0.001272496318741661 0.0010528581448260874 -0.0046775143322373407 -0.0057613500135241785 0.0032023099000241481
leaf_weight=196 3858 4202 5266 5161 1007 195 306
leaf_count=196 3858 4202 5266 5161 1007 195 306
internal_value=-1.73342e-05 -0.000545216 0.00022093 0.0012742 -0.00203613 0.000804315 0.00628245
internal_weight=20191 14333 9468 5858 4865 5356 502
internal_count=20191 14333 9468 5858 4865 5356 502
is_linear=0
shrinkage=0.0182397


Tree=220
num_leaves=8
num_cat=0
split_feature=29 44 9 6 34 6 55
split_gain=47.2919 22.5867 23.4375 22.3995 21.9922 19.8766 8.72806
threshold=25.851758003234867 25.741160392761234 26.508200645446781 10.500000000000002 21.46130466461182 14.500000000000002 0.48892921389853944
decision_type=2 2 2 2 2 2 2
left_child=4 2 -2 -3 6 -6 -1
right_child=1 3 -4 -5 5 -7 -8
leaf_value=-0.0021905271428450139 0.0029719965168554254 0.0027036866965897397 0.011017502931504299 -0.00085138507284650332 0.00014418203193031792 -0.00130564965250164 -0.0067242718174957685
leaf_weight=1050 438 1442 166 997 11458 4336 163
leaf_count=1050 438 1442 166 997 11458 4336 163
internal_value=-6.09616e-05 0.00203306 0.00518959 0.00125057 -0.00043568 -0.000253872 -0.00280198
internal_weight=20050 3043 604 2439 17007 15794 1213
internal_count=20050 3043 604 2439 17007 15794 1213
is_linear=0
shrinkage=0.0182397


Tree=221
num_leaves=7
num_cat=0
split_feature=51 55 45 55 46 53
split_gain=50.2889 35.4008 32.9663 33.9124 27.7695 17.6735
threshold=25.757380517472008 1.598522680713639 26.096856117248539 0.58284030630536687 33.167459487915046 0.35929237007011938
decision_type=2 2 2 2 2 2
left_child=2 4 3 -1 -2 -4
right_child=1 -3 5 -5 -6 -7
leaf_value=-0.00072839460346921789 0.0011641999235327432 0.0093031609252242006 -0.0018194890717594648 0.0012351784433030605 0.008923277717085067 -0.010262700002430144
leaf_weight=12879 2780 212 163 3786 162 167
leaf_count=12879 2780 212 163 3786 162 167
internal_value=-2.84374e-06 0.00211221 -0.000395409 -0.000282284 0.00159272 -0.00610024
internal_weight=20149 3154 16995 16665 2942 330
internal_count=20149 3154 16995 16665 2942 330
is_linear=0
shrinkage=0.0182397


Tree=222
num_leaves=7
num_cat=0
split_feature=6 6 47 52 55 34
split_gain=44.7081 46.3201 44.2484 41.5132 61.9089 19.8024
threshold=10.500000000000002 11.500000000000002 21.983031272888187 1.2743513464849165 0.962331275081722 28.689177513122562
decision_type=2 2 2 2 2 2
left_child=3 5 -3 4 -1 -2
right_child=1 2 -4 -5 -6 -7
leaf_value=0.001126185687938726 -0.0032031204197285278 -0.0022682837225637274 0.00053688833258243741 -0.0071304600435880862 0.0084842196148495978 0.0024543743311813753
leaf_weight=5205 2379 2338 9353 184 410 225
leaf_count=5205 2379 2338 9353 184 410 225
internal_value=3.37706e-05 -0.000514207 -2.41624e-05 0.00138452 0.00166408 -0.00271395
internal_weight=20094 14295 11691 5799 5615 2604
internal_count=20094 14295 11691 5799 5615 2604
is_linear=0
shrinkage=0.0182397


Tree=223
num_leaves=8
num_cat=0
split_feature=6 6 6 3 52 54 40
split_gain=39.091 52.2154 81.1343 33.5849 24.8169 23.3482 17.605
threshold=10.500000000000002 12.500000000000002 14.500000000000002 0.19302850000000002 0.83472446786191534 0.60941745965553629 32.188402175903327
decision_type=2 2 2 2 2 2 2
left_child=3 5 -3 6 -5 -2 -1
right_child=1 2 -4 4 -6 -7 -8
leaf_value=0.010177853445592943 -0.0013548031935219696 0.0022361069727659211 -0.0011667666761601362 0.0012648168892789003 -0.0036031815426451263 -0.0046071939370345922 0.0031453579727720496
leaf_weight=193 3908 4249 5163 5013 374 904 307
leaf_count=193 3908 4249 5163 5013 374 904 307
internal_value=9.66264e-05 -0.000420714 0.000369476 0.00134655 0.000926583 -0.00196617 0.00586646
internal_weight=20111 14224 9412 5887 5387 4812 500
internal_count=20111 14224 9412 5887 5387 4812 500
is_linear=0
shrinkage=0.0182397


Tree=224
num_leaves=7
num_cat=1
split_feature=44 47 55 50 37 0
split_gain=38.4412 27.659 27.9368 18.3037 25.8704 15.11
threshold=23.934123039245609 33.175825119018562 0.66407621557146668 23.714054966199466 23.276963233947757 0
decision_type=2 2 2 2 2 9
left_child=3 2 -2 5 -5 -1
right_child=1 -3 -4 4 -6 -7
leaf_value=-0.0023100067800616536 0.00014543293962916413 0.0083360269880971838 0.0024781520199587937 0.0068909804816041512 0.00021020268722827062 -0.00057970267299616701
leaf_weight=2148 6040 165 2381 223 1408 7678
leaf_count=2148 6040 165 2381 223 1408 7678
internal_value=2.75363e-05 0.000950238 0.000805094 -0.000663956 0.00112525 -0.000960981
internal_weight=20043 8586 8421 11457 1631 9826
internal_count=20043 8586 8421 11457 1631 9826
cat_boundaries=0 1
cat_threshold=4132
is_linear=0
shrinkage=0.0182397


Tree=225
num_leaves=8
num_cat=1
split_feature=6 6 55 52 55 0 45
split_gain=39.3323 44.3517 45.4237 28.6394 65.2309 32.7139 17.7054
threshold=10.500000000000002 11.500000000000002 0.65647915607827068 0.83472446786191534 0.962331275081722 0 24.289530754089359
decision_type=2 2 2 2 2 9 2
left_child=3 6 -3 4 -1 -5 -2
right_child=1 2 -4 5 -6 -7 -8
leaf_value=0.0011205685290135397 -0.0044798527531709842 -0.0005676211576915789 0.0022320960218406203 -0.0088580172691001755 0.0093170953444194366 0.0019906703928058815 -0.0014055692875987161
leaf_weight=5198 1024 9208 2438 181 344 177 1593
leaf_count=5198 1024 9208 2438 181 344 177 1593
internal_value=5.44866e-05 -0.00046364 1.85402e-05 0.00130698 0.00163004 -0.00369001 -0.00260905
internal_weight=20163 14263 11646 5900 5542 358 2617
internal_count=20163 14263 11646 5900 5542 358 2617
cat_boundaries=0 1
cat_threshold=544
is_linear=0
shrinkage=0.0182397


Tree=226
num_leaves=8
num_cat=0
split_feature=6 6 6 3 38 52 54
split_gain=40.6607 38.8556 71.1474 34.0562 25.4837 20.2844 19.4882
threshold=10.500000000000002 12.500000000000002 14.500000000000002 0.19302850000000002 32.134086608886726 0.83472446786191534 0.60273151542669956
decision_type=2 2 2 2 2 2 2
left_child=3 6 -3 4 -1 -5 -2
right_child=1 2 -4 5 -6 -7 -8
leaf_value=0.01102940524505828 -0.0013479585988758829 0.0018736341242650506 -0.0013198249501916845 0.0011204857478752824 0.0025013975209519108 -0.0032605566760454101 -0.0043087884594951303
leaf_weight=191 3890 4192 5199 4959 299 378 913
leaf_count=191 3890 4192 5199 4959 299 378 913
internal_value=-5.01302e-05 -0.000576791 0.000105708 0.00123271 0.00583249 0.000809949 -0.00191112
internal_weight=20021 14194 9391 5827 490 5337 4803
internal_count=20021 14194 9391 5827 490 5337 4803
is_linear=0
shrinkage=0.0182397


Tree=227
num_leaves=7
num_cat=1
split_feature=44 19 55 29 6 0
split_gain=38.2799 29.9617 32.1006 15.727 9.80854 4.92029
threshold=23.934123039245609 32.788452148437507 0.64554498517708547 21.302664756774906 15.500000000000002 0
decision_type=2 2 2 2 2 9
left_child=3 2 -2 5 -5 -1
right_child=1 -3 -4 4 -6 -7
leaf_value=-0.0046248132800299022 3.3400517620742308e-05 0.0086769174361796507 0.0024859120172790144 -0.00024660314227910595 -0.0016028118398363285 -0.0011637843983291641
leaf_weight=411 5924 162 2535 8658 2231 238
leaf_count=411 5924 162 2535 8658 2231 238
internal_value=-1.97178e-06 0.000917508 0.000768462 -0.000689 -0.000524524 -0.00344637
internal_weight=20159 8621 8459 11538 10889 649
internal_count=20159 8621 8459 11538 10889 649
cat_boundaries=0 1
cat_threshold=36
is_linear=0
shrinkage=0.0182397


Tree=228
num_leaves=8
num_cat=0
split_feature=44 55 44 49 29 9 55
split_gain=39.1322 24.2014 46.091 27.9575 18.0449 14.3223 3.2627
threshold=23.956682205200199 0.66407621557146668 25.741160392761234 32.810062789917005 21.325341224670414 25.649531364057619 0.34362746842010883
decision_type=2 2 2 2 2 2 2
left_child=4 3 -3 -2 6 -6 -1
right_child=1 2 -4 -5 5 -7 -8
leaf_value=-0.0028472042743038287 0.00011129767610918641 0.0049155270002730978 -0.00018632260332417406 0.0077794959624886851 -0.00044524005971114484 -0.0054787963070684785 -0.0057502533462167535
leaf_weight=519 6029 1235 1126 162 10666 191 172
leaf_count=519 6029 1235 1126 162 10666 191 172
internal_value=-2.34219e-05 0.000911754 0.00248279 0.00031249 -0.000715985 -0.000534011 -0.00357302
internal_weight=20100 8552 2361 6191 11548 10857 691
internal_count=20100 8552 2361 6191 11548 10857 691
is_linear=0
shrinkage=0.0182397


Tree=229
num_leaves=6
num_cat=1
split_feature=0 53 9 48 39
split_gain=34.6209 37.0812 28.8336 22.6005 30.0858
threshold=0 1.5984034883671894 26.327013015747074 26.943069838994631 26.886772155761722
decision_type=9 2 2 2 2
left_child=3 2 -2 4 -1
right_child=1 -3 -4 -5 -6
leaf_value=-0.00071487015451549994 0.00014587817979006627 0.0092774277200040039 0.0029400111940184998 -0.0069496143442371516 0.0058170552177724769
leaf_weight=11595 6439 170 1518 188 239
leaf_count=11595 6439 170 1518 188 239
internal_value=-6.06038e-05 0.00085836 0.000679063 -0.000681988 -0.00058274
internal_weight=20149 8127 7957 12022 11834
internal_count=20149 8127 7957 12022 11834
cat_boundaries=0 1
cat_threshold=621
is_linear=0
shrinkage=0.0182397


Tree=230
num_leaves=7
num_cat=0
split_feature=6 52 6 17 53 46
split_gain=34.9409 52.0602 40.2666 26.2451 36.5458 20.4159
threshold=10.500000000000002 1.7296507965995647 11.500000000000002 -1.0163579999999999 1.2300366531636111 23.726792335510257
decision_type=2 2 2 2 2 2
left_child=3 2 -2 5 -5 -1
right_child=1 -3 -4 4 -6 -7
leaf_value=0.0095530972259486365 -0.0027010098562028862 0.0087397058090073598 -0.00018301972348193084 0.00087436314326044969 -0.0074967335366783617 0.0026287955182249727
leaf_weight=165 2587 199 11520 4514 180 991
leaf_count=165 2587 199 11520 4514 180 991
internal_value=-2.84184e-05 -0.000514043 -0.000644849 0.00115911 0.000552685 0.00362039
internal_weight=20156 14306 14107 5850 4694 1156
internal_count=20156 14306 14107 5850 4694 1156
is_linear=0
shrinkage=0.0182397


Tree=231
num_leaves=8
num_cat=0
split_feature=6 6 54 6 15 7 6
split_gain=31.6648 48.7409 71.437 39.0792 20.9812 19.8759 14.4324
threshold=14.500000000000002 13.500000000000002 0.61543456773582239 10.500000000000002 3.182787292658082 13.500000000000002 15.500000000000002
decision_type=2 2 2 2 2 2 2
left_child=1 3 -3 -1 6 -6 -2
right_child=4 2 -4 -5 5 -7 -8
leaf_value=0.0011518255898397593 0.00094825851401028334 0.0010663744147003992 0.008787730717011567 -0.00087857337283723505 0.00022604284657624598 -0.0046771121422084627 -0.0013541493746581112
leaf_weight=5807 1427 1544 537 6901 395 905 2478
leaf_count=5807 1427 1544 537 6901 395 905 2478
internal_value=4.23874e-05 0.000473011 0.0030603 4.92379e-05 -0.00118108 -0.00318774 -0.000512771
internal_weight=19994 14789 2081 12708 5205 1300 3905
internal_count=19994 14789 2081 12708 5205 1300 3905
is_linear=0
shrinkage=0.0182397


Tree=232
num_leaves=7
num_cat=2
split_feature=47 0 55 6 30 0
split_gain=40.0884 22.6967 28.7311 21.858 20.8132 18.9845
threshold=23.922436714172367 0 1.8291982800973254 8.5000000000000018 25.457508087158207 1
decision_type=2 9 2 2 2 9
left_child=4 3 -3 -2 5 -1
right_child=1 2 -4 -5 -6 -7
leaf_value=-0.0022297638744421034 0.0062408304083081201 0.0016365072995762925 0.0094722540864131139 -0.00016296631484554556 0.0057480112538672527 -0.00041182281733136952
leaf_weight=2436 184 3755 162 4596 163 8807
leaf_count=2436 184 3755 162 4596 163 8807
internal_value=-2.99839e-06 0.000929753 0.00195661 8.3916e-05 -0.000714224 -0.000808134
internal_weight=20103 8697 3917 4780 11406 11243
internal_count=20103 8697 3917 4780 11406 11243
cat_boundaries=0 1 2
cat_threshold=715 4132
is_linear=0
shrinkage=0.0182397


Tree=233
num_leaves=7
num_cat=1
split_feature=0 55 52 6 54 55
split_gain=32.3973 37.284 25.7795 20.5661 41.3014 26.4227
threshold=0 1.4421271190102307 0.35448640313413265 9.5000000000000018 1.7646728911732963 1.0263217621186491
decision_type=9 2 2 2 2 2
left_child=1 2 -1 5 -5 -2
right_child=3 -3 -4 4 -6 -7
leaf_value=0.00015788983056847129 0.0006114843985212964 0.0084403351228817744 0.0033345062782993975 -0.00057385678985751368 -0.0091100177868647936 0.0081397360342539953
leaf_weight=3407 2279 232 1132 12593 191 166
leaf_count=3407 2279 232 1132 12593 191 166
internal_value=2.68832e-06 0.00131258 0.000950366 -0.000408298 -0.000701701 0.00112398
internal_weight=20000 4771 4539 15229 12784 2445
internal_count=20000 4771 4539 15229 12784 2445
cat_boundaries=0 1
cat_threshold=7184
is_linear=0
shrinkage=0.0182397


Tree=234
num_leaves=8
num_cat=0
split_feature=23 17 46 55 10 7 14
split_gain=35.7406 22.6473 22.589 20.1339 19.4633 19.442 10.9094
threshold=26.797231674194339 -1.1561544999999998 21.965652465820316 0.6238929016818402 3.5000000000000004 29.500000000000004 4.4212727237514677
decision_type=2 2 2 2 2 2 2
left_child=2 6 5 -4 -3 -1 -2
right_child=1 4 3 -5 -6 -7 -8
leaf_value=-8.1097652102312876e-05 0.0088467899116053596 -4.2168329953690381e-05 -0.00031166603671854313 0.0012352277876126019 0.0064724308632030329 -0.0030447100615104178 0.0035224223600875434
leaf_weight=1362 216 883 11845 3665 184 1603 316
leaf_count=1362 216 883 11845 3665 184 1603 316
internal_value=1.45904e-06 0.00261714 -0.000224983 5.38884e-05 0.00108345 -0.00168356 0.00568972
internal_weight=20074 1599 18475 15510 1067 2965 532
internal_count=20074 1599 18475 15510 1067 2965 532
is_linear=0
shrinkage=0.0182397


Tree=235
num_leaves=7
num_cat=2
split_feature=47 50 0 29 20 0
split_gain=31.1866 23.3227 29.3555 15.5716 11.6985 3.70358
threshold=23.992632865905765 23.134084749221802 0 21.302664756774906 25.559575080871586 1
decision_type=2 2 9 2 2 9
left_child=3 -2 -3 5 -5 -1
right_child=1 2 -4 4 -6 -7
leaf_value=-0.0044031750363905569 0.0066760887512501083 -0.001155823825952894 0.0013113584932078867 -0.00038623191410869321 -0.0045484346659882572 -0.0012659110751548186
leaf_weight=415 220 2168 6100 10785 229 218
leaf_count=415 220 2168 6100 10785 229 218
internal_value=-2.0113e-05 0.000820735 0.000664585 -0.000632907 -0.00047295 -0.00341385
internal_weight=20135 8488 8268 11647 11014 633
internal_count=20135 8488 8268 11647 11014 633
cat_boundaries=0 1 2
cat_threshold=649 36
is_linear=0
shrinkage=0.0182397


Tree=236
num_leaves=6
num_cat=1
split_feature=46 43 0 19 50
split_gain=30.677 23.6793 27.0359 22.3729 22.3873
threshold=24.037199974060062 23.532554626464847 0 25.483462333679203 23.770239448547368
decision_type=2 2 9 2 2
left_child=3 -2 -3 4 -1
right_child=1 2 -4 -5 -6
leaf_value=-0.00080990351170514511 0.0059897207053186009 -0.0011505428588003 0.0012743089141159017 -0.0061428386775396531 0.001576491343428933
leaf_weight=10008 286 2051 5942 238 1504
leaf_count=10008 286 2051 5942 238 1504
internal_value=-1.34634e-05 0.000836913 0.000652219 -0.000612644 -0.000498082
internal_weight=20029 8279 7993 11750 11512
internal_count=20029 8279 7993 11750 11512
cat_boundaries=0 1
cat_threshold=649
is_linear=0
shrinkage=0.0182397


Tree=237
num_leaves=7
num_cat=1
split_feature=0 10 54 39 48 51
split_gain=30.9109 34.0061 38.6346 25.0502 26.3867 22.4246
threshold=0 3.5000000000000004 0.81199721857467699 26.886772155761722 26.320545577985843 23.161299196844976
decision_type=9 2 2 2 2 2
left_child=3 5 -3 4 -1 -2
right_child=1 2 -4 -5 -6 -7
leaf_value=-0.00073614857653966524 -0.0010556254374541885 0.0020116804976227647 0.011267898302507172 0.006318125666202175 -0.0070222401316692154 0.00091443505654624632
leaf_weight=9578 2692 636 196 163 227 6719
leaf_count=9578 2692 636 196 163 227 6719
internal_value=-4.0551e-05 0.000662808 0.00419704 -0.000763211 -0.000881989 0.00035088
internal_weight=20211 10243 832 9968 9805 9411
internal_count=20211 10243 832 9968 9805 9411
cat_boundaries=0 1
cat_threshold=557
is_linear=0
shrinkage=0.0182397


Tree=238
num_leaves=8
num_cat=2
split_feature=6 6 0 0 52 16 55
split_gain=32.777 35.803 41.5083 26.6318 48.6526 17.2894 15.8951
threshold=10.500000000000002 11.500000000000002 0 1 0.86063684159986531 -1.1017904999999997 0.82891593201400793
decision_type=2 2 9 9 2 2 2
left_child=3 5 -3 6 -5 -2 -1
right_child=1 2 -4 4 -6 -7 -8
leaf_value=0.0023372653702155026 0.00023261821920860258 0.0083385483535674022 -0.00015986690535199239 0.00081685950720635078 -0.0085534997663530513 -0.0032255608603564364 0.007161337621509339
leaf_weight=1429 636 184 11473 3920 193 1972 270
leaf_count=1429 636 184 11473 3920 193 1972 270
internal_value=1.97685e-05 -0.000450645 -1.8398e-05 0.0011743 0.000375381 -0.00238233 0.00308738
internal_weight=20077 14265 11657 5812 4113 2608 1699
internal_count=20077 14265 11657 5812 4113 2608 1699
cat_boundaries=0 1 2
cat_threshold=16 5328
is_linear=0
shrinkage=0.0182397


Tree=239
num_leaves=6
num_cat=0
split_feature=55 9 58 21 7
split_gain=36.2087 34.9343 25.7158 24.3478 13.6516
threshold=0.58793959071482427 21.740428925412601 10.500000000000002 32.817869185151373 45.500000000000007
decision_type=2 2 2 2 2
left_child=3 -2 -3 4 -1
right_child=1 2 -4 -5 -6
leaf_value=-0.0001853605011507961 -0.0052973890626580424 0.0012720245776299923 0.0058510251855906636 0.0065875256555502134 -0.0014998131184129472
leaf_weight=11290 250 4535 448 163 3426
leaf_count=11290 250 4535 448 163 3426
internal_value=4.53049e-05 0.00135023 0.00168418 -0.000413669 -0.000491411
internal_weight=20112 5233 4983 14879 14716
internal_count=20112 5233 4983 14879 14716
is_linear=0
shrinkage=0.0182397


Tree=240
num_leaves=8
num_cat=0
split_feature=6 52 55 6 6 18 54
split_gain=28.6597 37.8542 48.5643 31.6072 60.2798 27.4553 22.1399
threshold=10.500000000000002 0.83472446786191534 0.94651461988800845 12.500000000000002 14.500000000000002 25.118584632873539 0.53600300300111137
decision_type=2 2 2 2 2 2 2
left_child=1 2 -1 6 -5 -3 -2
right_child=3 5 -4 4 -6 -7 -8
leaf_value=0.00099604736781655728 -0.00098694455421489036 -1.7141005386880501e-05 0.0081034219706644268 0.0017755541548690459 -0.0011487402976938306 -0.010230084405142005 -0.0039306920245407518
leaf_weight=5060 3760 190 341 4235 5254 162 1098
leaf_count=5060 3760 190 341 4235 5254 162 1098
internal_value=-2.00234e-05 0.00106758 0.00144541 -0.000456159 0.000156412 -0.00472432 -0.00165258
internal_weight=20100 5753 5401 14347 9489 352 4858
internal_count=20100 5753 5401 14347 9489 352 4858
is_linear=0
shrinkage=0.0182397


Tree=241
num_leaves=8
num_cat=0
split_feature=6 6 54 6 14 6 55
split_gain=32.4537 46.9667 69.5152 35.9717 22.3335 31.007 18.4587
threshold=14.500000000000002 13.500000000000002 0.75707089610805889 10.500000000000002 1.0578827302576586 15.500000000000002 1.0069823284439103
decision_type=2 2 2 2 2 2 2
left_child=1 3 -3 -1 5 -2 -6
right_child=4 2 -4 -5 6 -7 -8
leaf_value=0.0010960198421424417 0.0024250856987011143 0.0013174555644438436 0.0095887148066683657 -0.00084793523820309122 -0.0021340769204023853 -0.0014373870049276432 -0.0077846084619071238
leaf_weight=5803 978 1693 422 6970 1735 2357 216
leaf_count=5803 978 1693 422 6970 1735 2357 216
internal_value=1.62422e-05 0.000452156 0.00296945 3.52453e-05 -0.00121144 -0.000304533 -0.00276128
internal_weight=20174 14888 2115 12773 5286 3335 1951
internal_count=20174 14888 2115 12773 5286 3335 1951
is_linear=0
shrinkage=0.0182397


Tree=242
num_leaves=6
num_cat=0
split_feature=47 21 43 30 48
split_gain=28.4053 19.9547 19.161 17.3563 29.8038
threshold=24.148874282836918 32.817869185151373 23.532554626464847 25.701913833618168 25.442433166503907
decision_type=2 2 2 2 2
left_child=3 2 -2 4 -1
right_child=1 -3 -4 -5 -6
leaf_value=-0.00057145518437559564 0.0055140845445894619 0.0071096747107487505 0.00050009627852792208 0.0052526510674191194 -0.0083664455646348338
leaf_weight=11977 262 163 7503 166 165
leaf_count=11977 262 163 7503 166 165
internal_value=-4.90649e-05 0.000802373 0.000669577 -0.000597514 -0.000677682
internal_weight=20236 7928 7765 12308 12142
internal_count=20236 7928 7765 12308 12142
is_linear=0
shrinkage=0.0182397


Tree=243
num_leaves=8
num_cat=1
split_feature=0 10 53 51 52 41 19
split_gain=30.3099 32.6071 38.6814 17.8848 16.9174 24.0358 18.9137
threshold=0 3.5000000000000004 0.60676123518252323 23.272832775157635 1.1892482201511803 26.889251708984379 25.181020736694339
decision_type=9 2 2 2 2 2 2
left_child=4 3 -3 -2 5 -1 -6
right_child=1 2 -4 -5 6 -7 -8
leaf_value=-0.00057533995397699193 -0.00091094682365479426 0.0022301055386587209 0.012401083251596627 0.0010807908174986359 -0.00075009488346078454 0.0051040166579977564 -0.0089978677778959903
leaf_weight=11368 2086 512 164 5335 210 253 165
leaf_count=11368 2086 512 164 5335 210 253 165
internal_value=7.67793e-06 0.000869311 0.00470408 0.000520904 -0.00057416 -0.000451506 -0.00438541
internal_weight=20093 8097 676 7421 11996 11621 375
internal_count=20093 8097 676 7421 11996 11621 375
cat_boundaries=0 1
cat_threshold=621
is_linear=0
shrinkage=0.0182397


Tree=244
num_leaves=7
num_cat=0
split_feature=6 52 6 7 55 17
split_gain=32.2508 48.3515 40.3152 24.0802 25.278 16.6944
threshold=10.500000000000002 1.5626805193017568 11.500000000000002 46.500000000000007 0.29077156518075215 -1.092309
decision_type=2 2 2 2 2 2
left_child=3 2 -2 4 -1 -5
right_child=1 -3 -4 5 -6 -7
leaf_value=3.3719426033962212e-05 -0.0026575744852996405 0.007546312068035999 -0.0001277826763422599 0.0031546004553474733 0.0029148658373119299 -0.0017706273549665471
leaf_weight=1609 2560 247 11547 282 2735 1209
leaf_count=1609 2560 247 11547 282 2735 1209
internal_value=1.80473e-05 -0.000446751 -0.000586933 0.00116139 0.00184781 -0.000838439
internal_weight=20189 14354 14107 5835 4344 1491
internal_count=20189 14354 14107 5835 4344 1491
is_linear=0
shrinkage=0.0182397


Tree=245
num_leaves=8
num_cat=1
split_feature=0 52 13 28 48 6 36
split_gain=26.6794 29.3639 39.077 17.3411 18.0738 13.8434 2.60139
threshold=0 0.36779760435636627 1.5000000000000002 21.346254348754886 26.943069838994631 10.500000000000002 21.173850059509281
decision_type=9 2 2 2 2 2 2
left_child=3 5 -3 6 -5 -2 -1
right_child=1 2 -4 4 -6 -7 -8
leaf_value=-0.0051151652537430878 0.0014673178936990344 0.001486543205960345 0.0078197249387585016 -0.00023472688643704707 -0.0061186035640118696 -0.00038403969216551964 -0.0026039919572408052
leaf_weight=188 2002 1602 406 11117 176 4084 515
leaf_count=188 2002 1602 406 11117 176 4084 515
internal_value=4.65267e-05 0.000855084 0.00276849 -0.000499335 -0.000326661 0.00022503 -0.00327832
internal_weight=20090 8094 2008 11996 11293 6086 703
internal_count=20090 8094 2008 11996 11293 6086 703
cat_boundaries=0 1
cat_threshold=621
is_linear=0
shrinkage=0.0182397


Tree=246
num_leaves=8
num_cat=0
split_feature=47 10 53 8 53 55 53
split_gain=27.2308 16.7688 24.1082 15.5437 22.0826 19.603 15.4094
threshold=24.148874282836918 3.5000000000000004 0.47035055749566929 1.5000000000000002 0.85652248775697792 0.80630398854677321 0.19310341685298885
decision_type=2 2 2 2 2 2 2
left_child=3 6 -3 5 -5 -1 -2
right_child=1 2 -4 4 -6 -7 -8
leaf_value=7.4463684008900215e-05 0.0017227897762813063 0.00090797037705320671 0.0075453491116359087 -0.00064852194656558958 -0.0046360243749548127 0.0044445227317536761 -3.6756756130112609e-05
leaf_weight=2464 2594 480 293 8875 487 396 4577
leaf_count=2464 2594 480 293 8875 487 396 4577
internal_value=4.37138e-05 0.000875047 0.00342668 -0.000496644 -0.000856155 0.000680139 0.000599799
internal_weight=20166 7944 773 12222 9362 2860 7171
internal_count=20166 7944 773 12222 9362 2860 7171
is_linear=0
shrinkage=0.0182397


Tree=247
num_leaves=7
num_cat=0
split_feature=8 10 3 52 50 52
split_gain=26.5953 27.0207 22.8659 18.3837 27.2569 23.4288
threshold=1.5000000000000002 4.5000000000000009 0.55585200000000012 0.86063684159986531 24.170678329467776 0.40556062280394495
decision_type=2 2 2 2 2 2
left_child=1 2 -1 5 -5 -2
right_child=3 -3 -4 4 -6 -7
leaf_value=0.0026048764318369988 -0.00064472562121599181 0.0073696685249194293 0.0001244105459079441 0.00033273860784033065 -0.007538050384563043 0.0014317374437902229
leaf_weight=1661 10695 212 4833 293 292 2175
leaf_count=1661 10695 212 4833 293 292 2175
internal_value=3.01087e-05 0.000968441 0.000758984 -0.000437574 -0.00359864 -0.000293771
internal_weight=20161 6706 6494 13455 585 12870
internal_count=20161 6706 6494 13455 585 12870
is_linear=0
shrinkage=0.0182397


Tree=248
num_leaves=7
num_cat=0
split_feature=8 6 6 54 52 17
split_gain=26.458 33.9261 47.2887 39.808 24.1823 17.1046
threshold=1.5000000000000002 9.5000000000000018 8.5000000000000018 0.92825756469940146 1.7296507965995647 0.53204499999999999
decision_type=2 2 2 2 2 2
left_child=4 2 -2 -3 5 -1
right_child=1 3 -4 -5 -6 -7
leaf_value=0.0013272851799749129 -0.00208946299605876 -0.0005867869747902167 0.003828426960312463 -0.0051871481613940248 0.0076528732920030373 -0.0007647418425863801
leaf_weight=4728 694 10759 1272 664 173 1793
leaf_count=4728 694 10759 1272 664 173 1793
internal_value=-5.36893e-06 -0.000473478 0.00173941 -0.000854388 0.00093089 0.000752053
internal_weight=20083 13389 1966 11423 6694 6521
internal_count=20083 13389 1966 11423 6694 6521
is_linear=0
shrinkage=0.0182397


Tree=249
num_leaves=7
num_cat=1
split_feature=0 10 53 22 48 55
split_gain=28.8965 26.6131 32.9695 19.1537 17.9724 23.1882
threshold=0 3.5000000000000004 0.60676123518252323 22.628312110900882 26.943069838994631 0.60907446420840772
decision_type=9 2 2 2 2 2
left_child=4 3 -3 -2 5 -1
right_child=1 2 -4 -5 -6 -7
leaf_value=-0.00088900746298774486 -0.0012810244651435896 0.0020598869621203672 0.011460619837173436 0.0010206343710742962 -0.0061938692692848595 0.0010465980493390978
leaf_weight=9204 1512 517 163 5876 184 2652
leaf_count=9204 1512 517 163 5876 184 2652
internal_value=2.23807e-05 0.000866407 0.00431925 0.000549537 -0.00054348 -0.00045602
internal_weight=20108 8068 680 7388 12040 11856
internal_count=20108 8068 680 7388 12040 11856
cat_boundaries=0 1
cat_threshold=621
is_linear=0
shrinkage=0.0182397


Tree=250
num_leaves=8
num_cat=0
split_feature=6 6 47 17 53 42 7
split_gain=31.5812 31.1214 34.4651 25.4751 54.3248 21.6789 17.3692
threshold=10.500000000000002 11.500000000000002 21.884971618652347 -1.0163579999999999 1.1104330557436375 23.73540019989014 6.5000000000000009
decision_type=2 2 2 2 2 2 2
left_child=3 6 -3 5 -5 -1 -2
right_child=1 2 -4 4 -6 -7 -8
leaf_value=0.0097583624072610422 0.0018697300979318206 -0.0022556679090973771 0.00039634391842454124 0.00094028135933437449 -0.0092674386657525948 0.0025603599265330594 -0.0027940052811393158
leaf_weight=162 300 1960 9680 4478 180 978 2303
leaf_count=162 300 1960 9680 4478 180 978 2303
internal_value=8.46667e-06 -0.0004535 -5.02832e-05 0.00114325 0.000544984 0.0035866 -0.00225628
internal_weight=20041 14243 11640 5798 4658 1140 2603
internal_count=20041 14243 11640 5798 4658 1140 2603
is_linear=0
shrinkage=0.0182397


Tree=251
num_leaves=7
num_cat=0
split_feature=6 6 55 6 55 15
split_gain=29.4319 48.9014 79.412 35.4212 28.2416 17.0658
threshold=14.500000000000002 13.500000000000002 0.66407621557146668 10.500000000000002 1.0069823284439103 3.2287573090701001
decision_type=2 2 2 2 2 2
left_child=1 3 -3 -1 5 -2
right_child=4 2 -4 -5 -6 -7
leaf_value=0.0010438488010779895 -0.00021424264480896803 0.00093609970428188782 0.0090662423538261077 -0.00088250870533382385 -0.0064193358443282531 -0.0027231977809796717
leaf_weight=5868 3722 1577 535 6920 319 1190
leaf_count=5868 3722 1577 535 6920 319 1190
internal_value=1.28945e-05 0.000426127 0.00299704 1.44001e-06 -0.0011641 -0.000822261
internal_weight=20131 14900 2112 12788 5231 4912
internal_count=20131 14900 2112 12788 5231 4912
is_linear=0
shrinkage=0.0182397


Tree=252
num_leaves=7
num_cat=0
split_feature=47 55 43 45 20 50
split_gain=29.8984 22.9847 34.4496 28.3169 17.9095 17.9382
threshold=23.922436714172367 0.63460975328392621 25.602771759033207 33.167459487915046 25.700372695922855 23.770239448547368
decision_type=2 2 2 2 2 2
left_child=4 3 -3 -2 5 -1
right_child=1 2 -4 -5 -6 -7
leaf_value=-0.00078525292823350998 -1.0354739046644876e-05 0.0041995798943173313 2.9002021967410182e-05 0.0076631419637760208 -0.006470809278145904 0.0014341880495664994
leaf_weight=9901 5912 1398 1246 164 170 1380
leaf_count=9901 5912 1398 1246 164 170 1380
internal_value=1.03962e-05 0.000815087 0.0022345 0.000197304 -0.000602388 -0.000513704
internal_weight=20171 8720 2644 6076 11451 11281
internal_count=20171 8720 2644 6076 11451 11281
is_linear=0
shrinkage=0.0182397


Tree=253
num_leaves=8
num_cat=0
split_feature=31 3 34 45 55 8 34
split_gain=29.8036 18.3133 23.0894 16.9093 22.0579 21.9421 14.2252
threshold=25.705564498901371 0.55585200000000012 26.29428863525391 26.096856117248539 0.60907446420840772 1.5000000000000002 27.892557142687991
decision_type=2 2 2 2 2 2 2
left_child=3 2 -2 4 -1 -5 -3
right_child=1 6 -4 5 -6 -7 -8
leaf_value=-0.00053640708038404548 0.0070891588035178615 0.00083910208720716997 0.001816947552448723 -0.0080776261533979012 0.0011475325649749682 0.00012438894261750834 -0.0048127864491429679
leaf_weight=13043 358 1684 1209 210 3228 224 162
leaf_count=13043 358 1684 1209 210 3228 224 162
internal_value=2.01986e-05 0.00157324 0.0030231 -0.000297136 -0.000202309 -0.00384849 0.000342079
internal_weight=20118 3413 1567 16705 16271 434 1846
internal_count=20118 3413 1567 16705 16271 434 1846
is_linear=0
shrinkage=0.0182397


Tree=254
num_leaves=7
num_cat=1
split_feature=0 10 54 6 42 55
split_gain=25.7594 23.2446 26.0235 15.982 15.896 13.066
threshold=0 3.5000000000000004 0.73687071357302747 15.500000000000002 27.206485748291019 1.598522680713639
decision_type=9 2 2 2 2 2
left_child=4 3 -3 -2 5 -1
right_child=1 2 -4 -5 -6 -7
leaf_value=-0.00055232964154526012 0.00080719880788925925 0.0018938153589971207 0.010069554580881816 -0.0017470436082370367 0.0046097271525363682 -0.0050857653319173243
leaf_weight=11605 6518 496 175 931 195 215
leaf_count=11605 6518 496 175 931 195 215
internal_value=-1.30914e-05 0.000779931 0.00403129 0.000487877 -0.000549234 -0.000634977
internal_weight=20135 8120 671 7449 12015 11820
internal_count=20135 8120 671 7449 12015 11820
cat_boundaries=0 1
cat_threshold=621
is_linear=0
shrinkage=0.0182397


Tree=255
num_leaves=5
num_cat=0
split_feature=19 40 6 7
split_gain=22.7531 21.2977 18.9802 7.58317
threshold=32.788452148437507 21.48317909240723 14.500000000000002 29.500000000000004
decision_type=2 2 2 2
left_child=1 3 -3 -1
right_child=-2 2 -4 -5
leaf_value=-0.00095632414067086584 0.0067323414736405133 0.00037301590100107505 -0.00097074735707317484 -0.0037401829720527051
leaf_weight=639 162 13944 4667 664
leaf_count=639 162 13944 4667 664
internal_value=-6.63686e-05 -0.000121823 3.60312e-05 -0.00237574
internal_weight=20076 19914 18611 1303
internal_count=20076 19914 18611 1303
is_linear=0
shrinkage=0.0182397


Tree=256
num_leaves=7
num_cat=0
split_feature=44 22 10 47 9 36
split_gain=21.3757 18.2929 16.4618 12.8648 15.2134 8.33047
threshold=23.956682205200199 22.873094558715824 3.5000000000000004 24.192938804626468 25.511318206787113 23.877317428588871
decision_type=2 2 2 2 2 2
left_child=3 -2 -3 4 -1 -5
right_child=1 2 -4 5 -6 -7
leaf_value=-0.00057982607899100284 0.0056573160088198536 0.00024522995243785191 0.0029033167047874337 0.0046505862443366221 -0.0060717263471564351 -0.00020156809564513437
leaf_weight=10899 237 7429 865 254 170 219
leaf_count=10899 237 7429 865 254 170 219
internal_value=-2.67886e-05 0.00066552 0.000522587 -0.000538498 -0.00066441 0.00240593
internal_weight=20073 8531 8294 11542 11069 473
internal_count=20073 8531 8294 11542 11069 473
is_linear=0
shrinkage=0.0182397


Tree=257
num_leaves=7
num_cat=1
split_feature=0 20 50 52 10 24
split_gain=24.0805 25.9795 34.1486 25.1819 35.7592 19.5409
threshold=0 26.108407020568851 25.477088403658453 0.37272304802647022 3.5000000000000004 32.868570327758796
decision_type=9 2 2 2 2 2
left_child=1 2 -1 5 -5 -2
right_child=3 -3 -4 4 -6 -7
leaf_value=-0.00085750741055560012 -0.00016054914653547322 -0.0065602832497436555 0.0074038437835150881 0.0011003133808613048 0.0069148519227848221 0.0062217020607481851
leaf_weight=7130 9125 257 170 2904 400 162
leaf_count=7130 9125 257 170 2904 400 162
internal_value=-5.11714e-05 -0.00086441 -0.000664685 0.000437279 0.00180508 -4.89293e-05
internal_weight=20148 7557 7300 12591 3304 9287
internal_count=20148 7557 7300 12591 3304 9287
cat_boundaries=0 1
cat_threshold=556
is_linear=0
shrinkage=0.0182397


Tree=258
num_leaves=8
num_cat=0
split_feature=6 19 8 8 53 45 6
split_gain=22.9476 29.7607 56.6624 24.8795 30.2629 21.6848 6.10762
threshold=9.5000000000000018 23.177871704101566 2.5000000000000004 1.5000000000000002 0.83589669682689538 25.74745273489258 8.5000000000000018
decision_type=2 2 2 2 2 2 2
left_child=1 6 -3 5 -5 -2 -1
right_child=3 2 -4 4 -6 -7 -8
leaf_value=-0.0029870258297777586 0.001375292679794773 0.0011055216496680788 0.0084680882053195274 -0.00058461777212865263 -0.0046503506324958475 -0.0013313677229204021 -6.8298950404263484e-05
leaf_weight=436 3953 1968 422 10814 645 1311 526
leaf_count=436 3953 1968 422 10814 645 1311 526
internal_value=-6.07164e-05 0.00131659 0.00240684 -0.000336815 -0.000813638 0.000701144 -0.00139189
internal_weight=20075 3352 2390 16723 11459 5264 962
internal_count=20075 3352 2390 16723 11459 5264 962
is_linear=0
shrinkage=0.0182397


Tree=259
num_leaves=8
num_cat=1
split_feature=6 0 52 39 29 55 14
split_gain=22.807 21.6084 27.7636 21.3871 19.1516 15.5898 4.9292
threshold=15.500000000000002 0 0.37272304802647022 26.886772155761722 24.06029319591309 0.60450686222261985 1.4892134225176707
decision_type=2 9 2 2 2 2 2
left_child=1 3 -3 -1 5 -2 -6
right_child=4 2 -4 -5 6 -7 -8
leaf_value=-0.00046306874464503467 -0.0013749481675286879 0.00034135018158618487 0.0029674441236412228 0.0044938005114467496 -0.0079427721866329893 0.0043040737726019029 -0.0034368375624811019
leaf_weight=9758 2388 5370 1784 298 162 172 163
leaf_count=9758 2388 5370 1784 298 162 172 163
internal_value=-2.20448e-05 0.000229554 0.000994973 -0.000315673 -0.00152272 -0.000992715 -0.00569058
internal_weight=20095 17210 7154 10056 2885 2560 325
internal_count=20095 17210 7154 10056 2885 2560 325
cat_boundaries=0 1
cat_threshold=621
is_linear=0
shrinkage=0.0182397


Tree=260
num_leaves=7
num_cat=1
split_feature=0 6 6 48 54 37
split_gain=23.048 26.3054 35.062 21.6366 20.0503 13.1314
threshold=0 10.500000000000002 12.500000000000002 26.515684890747075 0.75707089610805889 26.52201175649903
decision_type=9 2 2 2 2 2
left_child=3 4 -3 5 -2 -1
right_child=1 2 -4 -5 -6 -7
leaf_value=-0.00065672807214841851 0.0014706602160929776 -0.0017744070807732834 0.00089448499285070451 -0.0065177385815461614 0.0064388960551573036 0.0042964606017215513
leaf_weight=9586 2778 2555 4559 207 299 181
leaf_count=9586 2778 2555 4559 207 299 181
internal_value=-6.49631e-05 0.000544841 -6.41007e-05 -0.000687888 0.00195429 -0.000564747
internal_weight=20165 10191 7114 9974 3077 9767
internal_count=20165 10191 7114 9974 3077 9767
cat_boundaries=0 1
cat_threshold=557
is_linear=0
shrinkage=0.0182397


Tree=261
num_leaves=7
num_cat=1
split_feature=0 55 52 55 19 55
split_gain=24.7803 45.8829 23.3035 18.2812 55.2127 16.8557
threshold=0 1.4421271190102307 0.35448640313413265 1.5355497297555496 23.934123039245609 0.2863775149862004
decision_type=9 2 2 2 2 2
left_child=1 2 -1 5 -5 -2
right_child=3 -3 -4 4 -6 -7
leaf_value=6.7427602704946704e-05 -0.00093454939260630534 0.0091861733351174448 0.0030877455563953888 0.0023561111172445684 -0.012069052918003626 0.00031430406193634988
leaf_weight=3388 5975 229 1134 189 165 9027
leaf_count=3388 5975 229 1134 189 165 9027
internal_value=7.66715e-05 0.00122631 0.000825072 -0.000279658 -0.00437412 -0.000183102
internal_weight=20107 4751 4522 15356 354 15002
internal_count=20107 4751 4522 15356 354 15002
cat_boundaries=0 1
cat_threshold=7184
is_linear=0
shrinkage=0.0182397


Tree=262
num_leaves=8
num_cat=1
split_feature=6 6 44 0 52 34 51
split_gain=23.4574 34.6667 32.3639 24.341 28.3556 15.0982 13.8116
threshold=10.500000000000002 11.500000000000002 22.037485122680668 0 0.83472446786191534 28.689177513122562 22.028011035948083
decision_type=2 2 2 9 2 2 2
left_child=3 5 -3 4 -1 -2 -5
right_child=1 2 -4 6 -6 -7 -8
leaf_value=0.00039175337090246749 -0.002729506340216003 -0.0017839245190127942 0.00053922376565733769 -0.002455296465538671 -0.0069997247230560019 0.0022117918729053767 0.0028096039185277048
leaf_weight=3223 2364 2551 9147 179 182 225 2191
leaf_count=3223 2364 2551 9147 179 182 225 2191
internal_value=6.38387e-06 -0.000390146 3.25634e-05 0.00098733 -4.16838e-06 -0.00229977 0.00240145
internal_weight=20062 14287 11698 5775 3405 2589 2370
internal_count=20062 14287 11698 5775 3405 2589 2370
cat_boundaries=0 1
cat_threshold=2605
is_linear=0
shrinkage=0.0182397


Tree=263
num_leaves=8
num_cat=1
split_feature=6 52 55 0 6 6 53
split_gain=21.2141 32.6614 59.4968 37.2596 32.3204 51.5987 22.1102
threshold=10.500000000000002 0.83472446786191534 0.962331275081722 0 12.500000000000002 14.500000000000002 0.57027473080499258
decision_type=2 2 2 9 2 2 2
left_child=1 2 -1 -3 6 -6 -2
right_child=4 3 -4 -5 5 -7 -8
leaf_value=0.0007705818794791386 -0.001061903554099535 -0.0096503337271668811 0.0086017155691235185 0.001734301576665696 0.0017409969142179748 -0.00097946597515180533 -0.0043964207538404031
leaf_weight=5130 4087 191 344 182 4171 5224 789
leaf_count=5130 4087 191 344 182 4171 5224 789
internal_value=-1.78886e-05 0.000907403 0.00126336 -0.00431184 -0.000397008 0.000228334 -0.00160182
internal_weight=20118 5847 5474 373 14271 9395 4876
internal_count=20118 5847 5474 373 14271 9395 4876
cat_boundaries=0 1
cat_threshold=544
is_linear=0
shrinkage=0.0182397


Tree=264
num_leaves=7
num_cat=0
split_feature=3 19 28 53 55 47
split_gain=22.1041 20.3494 17.7216 15.5604 22.4334 5.66758
threshold=0.27658100000000008 28.151098251342777 21.346254348754886 0.15060581219586691 1.4421271190102307 25.035175323486332
decision_type=2 2 2 2 2 2
left_child=3 2 -2 5 -5 -1
right_child=1 -3 -4 4 -6 -7
leaf_value=0.0017938432639338258 -0.0029700173363546084 -0.0066587184915097046 -5.2310971027804068e-05 0.00018778298231900121 0.0068612514731830471 0.0058256693560753163
leaf_weight=177 722 162 16742 1657 186 339
leaf_count=177 722 162 16742 1657 186 339
internal_value=-1.08528e-05 -0.000232782 -0.000173007 0.00164709 0.000862763 0.00444537
internal_weight=19985 17626 17464 2359 1843 516
internal_count=19985 17626 17464 2359 1843 516
is_linear=0
shrinkage=0.0182397


Tree=265
num_leaves=7
num_cat=0
split_feature=46 55 44 21 19 54
split_gain=21.2587 21.6854 41.859 16.6213 14.4217 23.8091
threshold=23.989026069641117 0.64554498517708547 25.741160392761234 32.817869185151373 25.483462333679203 1.3730359512129169
decision_type=2 2 2 2 2 2
left_child=4 3 -3 -2 5 -1
right_child=1 2 -4 -5 -6 -7
leaf_value=-0.00046677689251110795 -2.0003639389454592e-06 0.004375510619274923 -0.00038739967197434045 0.0059127322766432903 -0.0049019540084913179 0.0061579570682045778
leaf_weight=11206 5866 1335 1136 162 237 183
leaf_count=11206 5866 1335 1136 162 237 183
internal_value=5.39861e-05 0.000747309 0.00218616 0.000157376 -0.000452865 -0.000360096
internal_weight=20125 8499 2471 6028 11626 11389
internal_count=20125 8499 2471 6028 11626 11389
is_linear=0
shrinkage=0.0182397


Tree=266
num_leaves=6
num_cat=1
split_feature=0 53 13 48 50
split_gain=23.1573 25.7986 18.9319 13.6402 17.8507
threshold=0 1.5984034883671894 1.5000000000000002 26.943069838994631 26.607065915948493
decision_type=9 2 2 2 2
left_child=3 2 -2 4 -1
right_child=1 -3 -4 -5 -6
leaf_value=-0.00054949906865205903 0.00020576343883680354 0.0077215950567756254 0.002756236812723448 -0.0054493307143858053 0.0053790330694564407
leaf_weight=11715 6785 171 1129 185 171
leaf_count=11715 6785 171 1129 185 171
internal_value=-3.43798e-05 0.000720528 0.000569743 -0.000540165 -0.000464011
internal_weight=20156 8085 7914 12071 11886
internal_count=20156 8085 7914 12071 11886
cat_boundaries=0 1
cat_threshold=621
is_linear=0
shrinkage=0.0182397


Tree=267
num_leaves=5
num_cat=0
split_feature=18 46 7 6
split_gain=21.1898 17.9528 17.6914 15.6713
threshold=32.775291442871101 21.965652465820316 27.500000000000004 12.500000000000002
decision_type=2 2 2 2
left_child=1 2 -1 -3
right_child=-2 3 -4 -5
leaf_value=0.0002452762940039682 0.0065197982657233186 -0.00036046021562289671 -0.0026354831677449808 0.00075092462438762465
leaf_weight=1227 162 9554 1680 7561
leaf_count=1227 162 9554 1680 7561
internal_value=-4.13466e-05 -9.45756e-05 -0.00141971 0.00013053
internal_weight=20184 20022 2907 17115
internal_count=20184 20022 2907 17115
is_linear=0
shrinkage=0.0182397


Tree=268
num_leaves=8
num_cat=0
split_feature=6 6 54 17 55 15 10
split_gain=22.453 40.1946 57.1309 28.686 28.3163 17.8923 4.96728
threshold=14.500000000000002 13.500000000000002 0.61543456773582239 -1.0163579999999999 1.0069823284439103 3.182787292658082 1.5000000000000002
decision_type=2 2 2 2 2 2 2
left_child=1 3 -3 -1 5 -2 -6
right_child=4 2 -4 -5 6 -7 -8
leaf_value=0.0019985062539452088 -6.7994812819538862e-05 0.00091751545417915808 0.0077893526764253656 -0.00040349286235366442 -0.0039821767396947738 -0.0026217965389368856 -0.008516312335799631
leaf_weight=1952 3720 1569 541 10824 162 1209 162
leaf_count=1952 3720 1569 541 10824 162 1209 162
internal_value=-1.30242e-05 0.000348763 0.0026807 -3.64437e-05 -0.0010382 -0.000694577 -0.00625772
internal_weight=20139 14886 2110 12776 5253 4929 324
internal_count=20139 14886 2110 12776 5253 4929 324
is_linear=0
shrinkage=0.0182397


Tree=269
num_leaves=5
num_cat=1
split_feature=0 47 6 33
split_gain=25.5305 20.4014 16.7039 14.7357
threshold=0 33.175825119018562 15.500000000000002 25.06634616851807
decision_type=9 2 2 2
left_child=3 2 -2 -1
right_child=1 -3 -4 -5
leaf_value=0.0072477854353916503 8.7395796646088113e-05 0.0063570895922823532 -0.0014191772757613239 0.00067497025000629854
leaf_weight=254 16683 162 2869 205
leaf_count=254 16683 162 2869 205
internal_value=1.98904e-05 -8.01815e-05 -0.000133701 0.00422374
internal_weight=20173 19714 19552 459
internal_count=20173 19714 19552 459
cat_boundaries=0 1
cat_threshold=16
is_linear=0
shrinkage=0.0182397


Tree=270
num_leaves=6
num_cat=1
split_feature=46 50 0 32 19
split_gain=19.166 21.2957 19.2385 12.4077 19.575
threshold=23.989026069641117 23.163593959846683 0 25.435978889465336 25.483462333679203
decision_type=2 2 9 2 2
left_child=3 -2 -3 4 -1
right_child=1 2 -4 -5 -6
leaf_value=-0.00050803325615314933 0.0062129957787308001 -0.0025931452572418409 0.00070846724575478811 0.0044087408574372024 -0.006330472383889763
leaf_weight=11253 219 626 7637 166 195
leaf_count=11253 219 626 7637 166 195
internal_value=-5.42185e-05 0.000604892 0.000455934 -0.000535588 -0.00060745
internal_weight=20096 8482 8263 11614 11448
internal_count=20096 8482 8263 11614 11448
cat_boundaries=0 1
cat_threshold=640
is_linear=0
shrinkage=0.0182397


Tree=271
num_leaves=8
num_cat=0
split_feature=6 6 47 52 55 19 34
split_gain=20.2993 29.6461 26.5607 25.6471 51.8337 28.8257 19.5077
threshold=10.500000000000002 11.500000000000002 21.884971618652347 0.83472446786191534 0.94651461988800845 25.121869087219242 28.689177513122562
decision_type=2 2 2 2 2 2 2
left_child=3 6 -3 4 -1 -5 -2
right_child=1 2 -4 5 -6 -7 -8
leaf_value=0.00079724510505223484 -0.0025563213078003705 -0.001857166227858119 0.0004623967487357319 0.00074885772723266863 0.0079705994789037934 -0.0094506907123210263 0.0030794496347889004
leaf_weight=5154 2397 1976 9715 213 358 162 223
leaf_count=5154 2397 1976 9715 213 358 162 223
internal_value=4.81352e-05 -0.000322731 7.02916e-05 0.000949649 0.00126375 -0.00366326 -0.0020762
internal_weight=20198 14311 11691 5887 5512 375 2620
internal_count=20198 14311 11691 5887 5512 375 2620
is_linear=0
shrinkage=0.0182397


Tree=272
num_leaves=5
num_cat=1
split_feature=0 37 46 6
split_gain=17.446 26.5557 17.2123 14.5722
threshold=0 24.768232346120609 33.167459487915046 14.500000000000002
decision_type=9 2 2 2
left_child=1 -1 3 -2
right_child=2 -3 -4 -5
leaf_value=0.0094021830505352094 0.00014103966260525986 0.00017939079031816798 0.0058040085397717441 -0.00098824009553190469
leaf_weight=164 14358 282 162 5170
leaf_count=164 14358 282 162 5170
internal_value=-2.70634e-05 0.0034983 -0.000108714 -0.00015795
internal_weight=20136 446 19690 19528
internal_count=20136 446 19690 19528
cat_boundaries=0 1
cat_threshold=16
is_linear=0
shrinkage=0.0182397


Tree=273
num_leaves=7
num_cat=1
split_feature=0 55 12 6 55 55
split_gain=18.6359 33.5405 19.8134 14.61 31.7391 27.6394
threshold=0 1.4421271190102307 1.5000000000000002 9.5000000000000018 1.0263217621186491 1.5355497297555496
decision_type=9 2 2 2 2 2
left_child=1 2 -1 4 -2 -5
right_child=3 -3 -4 5 -6 -7
leaf_value=0.00037297801206955618 0.00042399693791608361 0.0077026864407383992 0.0057527933698371756 -0.00041494851952627904 0.0086051105386451537 -0.005977157794682381
leaf_weight=4317 2290 236 240 12528 169 304
leaf_count=4317 2290 236 240 12528 169 304
internal_value=1.12317e-05 0.00100235 0.000656841 -0.000299916 0.000987701 -0.000546922
internal_weight=20084 4793 4557 15291 2459 12832
internal_count=20084 4793 4557 15291 2459 12832
cat_boundaries=0 1
cat_threshold=7184
is_linear=0
shrinkage=0.0182397


Tree=274
num_leaves=8
num_cat=1
split_feature=6 6 6 54 7 17 0
split_gain=20.45 35.9541 43.8184 30.6766 22.3924 20.0346 19.4261
threshold=10.500000000000002 12.500000000000002 14.500000000000002 0.59229930755838567 46.500000000000007 -1.1008819999999997 0
decision_type=2 2 2 2 2 2 9
left_child=4 3 -3 -2 6 -6 -1
right_child=1 2 -4 -5 5 -7 -8
leaf_value=0.0043262170674514908 -0.00093635911956148159 0.0016689624409604075 -0.00084212854224930355 -0.0045817547831848186 0.0031576594315145044 -0.0020459082689158864 0.0010215068075320115
leaf_weight=704 3883 4176 5178 957 308 1219 3599
leaf_count=704 3883 4176 5178 957 308 1219 3599
internal_value=-7.82364e-06 -0.000381392 0.000278949 -0.0016575 0.000901643 -0.000995727 0.00157499
internal_weight=20024 14194 9354 4840 5830 1527 4303
internal_count=20024 14194 9354 4840 5830 1527 4303
cat_boundaries=0 1
cat_threshold=4240
is_linear=0
shrinkage=0.0182397


Tree=275
num_leaves=7
num_cat=0
split_feature=8 52 6 6 55 56
split_gain=19.5792 31.7329 25.201 43.4062 38.9112 13.4571
threshold=1.5000000000000002 1.7296507965995647 9.5000000000000018 8.5000000000000018 1.0713506379605058 -0.025174140930175778
decision_type=2 2 2 2 2 2
left_child=1 5 3 -2 -4 -1
right_child=2 -3 4 -5 -6 -7
leaf_value=-0.00033808324424003904 -0.0022562699239775229 0.0084518022962999251 -0.00048590253125416118 0.0034871538550792567 -0.0052490878871706247 0.0013263238977564548
leaf_weight=2894 667 175 10791 1272 602 3659
leaf_count=2894 667 175 10791 1272 602 3659
internal_value=-5.82009e-06 0.000796295 -0.000410621 0.0015114 -0.00073778 0.000591299
internal_weight=20060 6728 13332 1939 11393 6553
internal_count=20060 6728 13332 1939 11393 6553
is_linear=0
shrinkage=0.0182397


Tree=276
num_leaves=8
num_cat=1
split_feature=52 0 12 52 6 55 10
split_gain=18.6772 32.9946 23.7424 23.6515 22.7562 35.8256 23.4131
threshold=0.40556062280394495 0 1.5000000000000002 0.96255105645410344 10.500000000000002 1.0713506379605058 1.5000000000000002
decision_type=2 9 2 2 2 2 2
left_child=4 2 -2 -3 5 -1 -6
right_child=1 3 -4 -5 6 -7 -8
leaf_value=0.00040834005944348977 0.0026441850004656087 0.0008598646512484046 0.0099737501037362418 -0.0031438328325108186 -0.00024332116278192502 0.0080870515458344831 -0.0021405687956646225
leaf_weight=4597 886 2773 176 596 7949 211 2973
leaf_count=4597 886 2773 176 596 7949 211 2973
internal_value=-4.88646e-06 0.00104105 0.00382649 0.000150816 -0.000299539 0.000746031 -0.000759823
internal_weight=20161 4431 1062 3369 15730 4808 10922
internal_count=20161 4431 1062 3369 15730 4808 10922
cat_boundaries=0 1
cat_threshold=3216
is_linear=0
shrinkage=0.0182397


Tree=277
num_leaves=8
num_cat=1
split_feature=52 1 6 55 10 53 9
split_gain=17.4827 35.4148 23.3242 32.2881 24.314 18.8573 16.8576
threshold=0.39460040090771537 0 10.500000000000002 1.0713506379605058 1.5000000000000002 0.79590052366101027 25.115983009338382
decision_type=2 1 2 2 2 2 2
left_child=2 6 3 -1 -4 -3 -2
right_child=1 5 4 -5 -6 -7 -8
leaf_value=0.00045891145947469088 0.001916123909337617 0.0012631229082492824 -0.00021799459958520768 0.0076995626339219896 -0.0021645192376374758 -0.0014248997652134652 0.0085854085630051175
leaf_weight=4603 229 2805 7893 214 2926 1257 281
leaf_count=4603 229 2805 7893 214 2926 1257 281
internal_value=1.56571e-05 0.00100773 -0.000274448 0.000781259 -0.000744499 0.000430182 0.0054875
internal_weight=20208 4572 15636 4817 10819 4062 510
internal_count=20208 4572 15636 4817 10819 4062 510
cat_boundaries=0 1
cat_threshold=4
is_linear=0
shrinkage=0.0182397


Tree=278
num_leaves=5
num_cat=0
split_feature=19 55 27 7
split_gain=17.5324 18.1144 28.5371 12.1427
threshold=32.788452148437507 0.62897801429499434 21.633701324462894 45.500000000000007
decision_type=2 2 2 2
left_child=1 3 -3 -1
right_child=-2 2 -4 -5
leaf_value=-6.570736231262169e-05 0.0058958422259431723 -0.0061474684428084042 0.0012543101802601853 -0.0012786012507133378
leaf_weight=11805 166 180 4377 3578
leaf_count=11805 166 180 4377 3578
internal_value=5.7793e-07 -4.8629e-05 0.000961377 -0.000347848
internal_weight=20106 19940 4557 15383
internal_count=20106 19940 4557 15383
is_linear=0
shrinkage=0.0182397


Tree=279
num_leaves=8
num_cat=2
split_feature=0 52 7 52 0 53 55
split_gain=18.7491 21.836 36.2329 21.0232 19.3321 16.6897 16.0428
threshold=0 1.0012710611674029 44.500000000000007 0.36779760435636627 1 0.15060581219586691 0.58793959071482427
decision_type=9 2 2 2 9 2 2
left_child=3 6 -3 5 -5 -1 -2
right_child=1 2 -4 4 -6 -7 -8
leaf_value=0.0014244404587749144 -0.00060847776678751462 -0.0010672458144432488 -0.011016251643173288 0.0052819661867929846 0.0010853572966333064 -0.00062813460370955481 0.00097658621467329758
leaf_weight=2213 9545 447 167 558 1072 3257 2732
leaf_count=2213 9545 447 167 558 1072 3257 2732
internal_value=-8.88866e-06 -0.000423349 -0.0037792 0.000743149 0.00256208 0.000202324 -0.000255731
internal_weight=19991 12891 614 7100 1630 5470 12277
internal_count=19991 12891 614 7100 1630 5470 12277
cat_boundaries=0 1 2
cat_threshold=7186 3072
is_linear=0
shrinkage=0.0182397


Tree=280
num_leaves=8
num_cat=0
split_feature=40 7 55 6 54 52 6
split_gain=16.4176 18.9829 18.0281 33.3741 14.9667 10.9748 7.0363
threshold=22.077984809875492 28.500000000000004 0.62897801429499434 12.500000000000002 0.64126431125727812 0.43964944381009635 14.500000000000002
decision_type=2 2 2 2 2 2 2
left_child=1 5 4 -4 -2 -1 -3
right_child=2 6 3 -5 -6 -7 -8
leaf_value=-0.00023736293728840018 -3.7338137443710859e-05 -0.0034457140802983404 -0.00027785979441357305 0.0029524153054170071 -0.0047497175849968397 0.0047160141890084245 -0.0011416454738204834
leaf_weight=1480 12144 1021 2249 2019 228 165 777
leaf_count=1480 12144 1021 2249 2019 228 165 777
internal_value=-8.94344e-06 -0.00115534 0.000228282 0.00125039 -0.000124347 0.000260609 -0.00245054
internal_weight=20083 3443 16640 4268 12372 1645 1798
internal_count=20083 3443 16640 4268 12372 1645 1798
is_linear=0
shrinkage=0.0182397


Tree=281
num_leaves=7
num_cat=0
split_feature=10 55 52 42 55 16
split_gain=17.743 26.2714 19.3894 38.5393 19.9166 19.2291
threshold=3.5000000000000004 1.3332055861132257 0.86063684159986531 25.672144889831547 0.6238929016818402 1.5510040000000005
decision_type=2 2 2 2 2 2
left_child=2 5 4 -4 -1 -2
right_child=1 -3 3 -5 -6 -7
leaf_value=-0.00029208987069241177 0.0019044725483996266 0.0088206445620335836 -0.0005417629713043965 -0.008881347030028762 0.0013049905562207108 -0.0043836405919754793
leaf_weight=14422 1224 162 732 246 3168 186
leaf_count=14422 1224 162 732 246 3168 186
internal_value=1.41039e-05 0.00187445 -0.000143437 -0.0026425 -4.42651e-06 0.00107387
internal_weight=20140 1572 18568 978 17590 1410
internal_count=20140 1572 18568 978 17590 1410
is_linear=0
shrinkage=0.0182397


Tree=282
num_leaves=8
num_cat=0
split_feature=10 7 53 16 53 43 55
split_gain=18.691 35.72 42.2533 30.302 18.4224 45.0746 25.9739
threshold=3.5000000000000004 24.500000000000004 0.7637254968067323 0.18741449999999962 0.97800635207471609 26.053094863891605 0.64002716168356932
decision_type=2 2 2 2 2 2 2
left_child=4 3 -3 -2 6 -6 -1
right_child=1 2 -4 -5 5 -7 -8
leaf_value=-0.00030983824052077831 0.0011482670656781603 0.0023899771468458191 0.012559274423588377 -0.007838934258600742 -0.00044358128639543733 -0.0099892104912279161 0.0015713531467451316
leaf_weight=14743 415 786 164 178 719 213 2926
leaf_count=14743 415 786 164 178 719 213 2926
internal_value=2.98961e-05 0.00195866 0.00415052 -0.00155322 -0.000130143 -0.00262883 1.71988e-06
internal_weight=20144 1543 950 593 18601 932 17669
internal_count=20144 1543 950 593 18601 932 17669
is_linear=0
shrinkage=0.0182397


Tree=283
num_leaves=8
num_cat=1
split_feature=0 53 14 42 7 6 53
split_gain=16.8739 17.6495 48.4569 22.7883 16.8039 22.8986 9.66192
threshold=0 0.97800635207471609 1.6788755312873276 26.809333801269535 45.500000000000007 10.500000000000002 0.48259137129914775
decision_type=9 2 2 2 2 2 2
left_child=1 3 -3 -1 5 -2 -6
right_child=4 2 -4 -5 6 -7 -8
leaf_value=-0.00043334849787005791 0.0028029248450827365 -0.0089367995397210964 0.00082148880009398899 0.0050870704718171339 -0.0016143596294061536 0.00035138472844007274 0.0014447150505491123
leaf_weight=11171 1778 293 400 254 1468 4413 448
leaf_count=11171 1778 293 400 254 1468 4413 448
internal_value=-5.07926e-05 -0.000481532 -0.00330736 -0.000310428 0.000592912 0.00105559 -0.000898918
internal_weight=20225 12118 693 11425 8107 6191 1916
internal_count=20225 12118 693 11425 8107 6191 1916
cat_boundaries=0 1
cat_threshold=621
is_linear=0
shrinkage=0.0182397


Tree=284
num_leaves=7
num_cat=0
split_feature=46 55 6 54 54 53
split_gain=16.365 15.311 33.6104 13.3895 5.9707 6.38112
threshold=21.965652465820316 0.62897801429499434 12.500000000000002 0.64126431125727812 0.82747352233978699 0.55036792904149567
decision_type=2 2 2 2 2 2
left_child=4 3 -3 -2 5 -1
right_child=1 2 -4 -5 -6 -7
leaf_value=-0.0013100958006543942 -5.676702719398853e-05 -0.00042748117943120184 0.0028151961068936461 -0.0044195171795236837 -0.0046919101926162837 0.0024149541282704992
leaf_weight=2641 12665 2223 2038 238 162 162
leaf_count=2641 12665 2223 2038 238 162 162
internal_value=-4.04904e-05 0.000175675 0.00112359 -0.000137387 -0.00129168 -0.00109446
internal_weight=20129 17164 4261 12903 2965 2803
internal_count=20129 17164 4261 12903 2965 2803
is_linear=0
shrinkage=0.0182397


Tree=285
num_leaves=8
num_cat=0
split_feature=8 6 54 51 5 51 53
split_gain=16.9617 22.7999 44.6744 40.1128 19.9857 22.5274 20.6655
threshold=1.5000000000000002 9.5000000000000018 0.94309342093251747 22.583959992913659 0.55585200000000012 25.116120783372889 0.20346503447919045
decision_type=2 2 2 2 2 2 2
left_child=4 3 -3 -2 6 -6 -1
right_child=1 2 -4 -5 5 -7 -8
leaf_value=0.0052976435926635566 -0.0016871222540278594 -0.00042442154199366839 -0.0054043442657610999 0.0035843443325077641 0.00088626042586086094 -0.0018946789205196218 0.0010246448665492149
leaf_weight=564 815 10824 634 1168 3688 1314 1132
leaf_count=564 815 10824 634 1168 3688 1314 1132
internal_value=-1.39768e-05 -0.000387645 -0.00070017 0.00141791 0.000735847 0.000155619 0.00244662
internal_weight=20139 13441 11458 1983 6698 5002 1696
internal_count=20139 13441 11458 1983 6698 5002 1696
is_linear=0
shrinkage=0.0182397


Tree=286
num_leaves=6
num_cat=0
split_feature=47 55 49 55 56
split_gain=15.4268 23.1366 18.0285 36.232 14.1467
threshold=24.148874282836918 1.8291982800973254 25.549672508395997 1.3787832903696273 -0.015892982482910153
decision_type=2 2 2 2 2
left_child=2 4 3 -1 -2
right_child=1 -3 -4 -5 -6
leaf_value=-0.00043554278091746472 -0.0003105800021769108 0.0067492912901604913 -0.0061235386628740633 0.0079614134144763236 0.0012495345022231605
leaf_weight=11937 3852 200 180 173 3882
leaf_count=11937 3852 200 180 173 3882
internal_value=4.16383e-06 0.00063112 -0.000400585 -0.000315301 0.00047253
internal_weight=20224 7934 12290 12110 7734
internal_count=20224 7934 12290 12110 7734
is_linear=0
shrinkage=0.0182397


Tree=287
num_leaves=8
num_cat=0
split_feature=6 6 53 14 53 6 55
split_gain=16.0177 36.6889 51.904 30.3097 29.3926 22.3859 21.3367
threshold=14.500000000000002 13.500000000000002 0.6171650085904451 1.0578827302576586 0.87813131684815759 15.500000000000002 0.94651461988800845
decision_type=2 2 2 2 2 2 2
left_child=1 4 -3 5 -1 -2 -5
right_child=3 2 -4 6 -6 -7 -8
leaf_value=0.00014938632665816739 0.0024505522368430503 0.0010025562649671107 0.0079256402517739102 -0.0019799641075855458 -0.0032956979673807348 -0.0008111359662348372 -0.0077483009143613293
leaf_weight=11853 996 1670 459 1682 885 2353 244
leaf_count=11853 996 1670 459 1682 885 2353 244
internal_value=-2.59965e-05 0.000280389 0.00249646 -0.000889461 -9.00739e-05 0.000159092 -0.00271234
internal_weight=20142 14867 2129 5275 12738 3349 1926
internal_count=20142 14867 2129 5275 12738 3349 1926
is_linear=0
shrinkage=0.0182397


Tree=288
num_leaves=6
num_cat=1
split_feature=0 53 48 39 46
split_gain=18.8254 30.7434 16.236 17.0199 14.5083
threshold=0 1.5984034883671894 26.943069838994631 26.886772155761722 33.167459487915046
decision_type=9 2 2 2 2
left_child=2 4 3 -1 -2
right_child=1 -3 -4 -5 -6
leaf_value=-0.00042016215087611246 0.0004495888029207072 0.0083256042890189515 -0.0056797010014564405 0.0047190302520926427 0.0059574918062715873
leaf_weight=11563 7755 173 191 218 162
leaf_count=11563 7755 173 191 218 162
internal_value=4.90205e-05 0.000728169 -0.000410185 -0.000324892 0.000562618
internal_weight=20062 8090 11972 11781 7917
internal_count=20062 8090 11972 11781 7917
cat_boundaries=0 1
cat_threshold=621
is_linear=0
shrinkage=0.0182397


Tree=289
num_leaves=7
num_cat=0
split_feature=6 53 52 54 54 6
split_gain=15.5527 28.277 27.611 35.0312 26.8826 26.3048
threshold=10.500000000000002 1.4854043561016457 0.83472446786191534 0.96135254084488364 1.1146025523964955 11.500000000000002
decision_type=2 2 2 2 2 2
left_child=2 5 3 -1 -4 -2
right_child=1 -3 4 -5 -6 -7
leaf_value=0.00083614780755941493 -0.0021264451574778275 0.0052941890905398407 0.0009493691071200274 0.0084955794606037961 -0.0088499107770113588 -6.50021126752326e-05
leaf_weight=5273 2512 292 184 206 188 11419
leaf_count=5273 2512 292 184 206 188 11419
internal_value=6.67548e-06 -0.000318954 0.000798201 0.00112479 -0.00400756 -0.000436771
internal_weight=20074 14223 5851 5479 372 13931
internal_count=20074 14223 5851 5479 372 13931
is_linear=0
shrinkage=0.0182397


Tree=290
num_leaves=6
num_cat=1
split_feature=0 48 52 53 53
split_gain=16.44 40.8451 25.2636 19.7021 11.6736
threshold=0 24.353345870596684 1.8956635199422684 0.97800635207471609 0.75022653245630766
decision_type=9 2 2 2 2
left_child=1 4 3 -2 -1
right_child=2 -3 -4 -5 -6
leaf_value=-0.0010190893165239535 0.00027502306337563471 -0.0086639342922581533 0.00686778912614834 -0.0030166430385458807 0.0028884616115377377
leaf_weight=2558 16181 227 188 628 282
leaf_count=2558 16181 227 188 628 282
internal_value=4.31953e-06 -0.00122244 0.000226293 0.000151968 -0.000630699
internal_weight=20064 3067 16997 16809 2840
internal_count=20064 3067 16997 16809 2840
cat_boundaries=0 1
cat_threshold=516
is_linear=0
shrinkage=0.0182397


Tree=291
num_leaves=5
num_cat=1
split_feature=19 52 0 6
split_gain=18.0652 17.3448 41.4918 13.8911
threshold=32.788452148437507 0.37272304802647022 0 10.500000000000002
decision_type=2 2 9 2
left_child=1 3 -3 -1
right_child=-2 2 -4 -5
leaf_value=0.00051663291497563275 0.0060789676035819164 0.0046706712563015489 0.00016204995965379281 -0.00069791906318804125
leaf_weight=4461 162 805 4080 10520
leaf_count=4461 162 805 4080 10520
internal_value=2.10444e-05 -2.84893e-05 0.000915272 -0.000336249
internal_weight=20028 19866 4885 14981
internal_count=20028 19866 4885 14981
cat_boundaries=0 1
cat_threshold=3088
is_linear=0
shrinkage=0.0182397


Tree=292
num_leaves=8
num_cat=0
split_feature=40 58 55 6 7 7 6
split_gain=13.3811 12.6847 12.4274 12.0131 8.80522 8.74387 4.89147
threshold=21.48317909240723 11.500000000000002 0.43007343043338536 15.500000000000002 29.500000000000004 9.5000000000000018 13.500000000000002
decision_type=2 2 2 2 2 2 2
left_child=4 3 -3 -2 5 -1 -6
right_child=1 2 -4 -5 6 -7 -8
leaf_value=-0.003643601195751169 0.00023508205682256053 -0.00011502851516891194 0.0060718129963242256 -0.0011543257526785732 -0.0048414036357165308 0.0011330301052255058 -0.0016713143106534551
leaf_weight=179 16070 201 233 2376 331 440 318
leaf_count=179 16070 201 233 2376 331 440 318
internal_value=6.81414e-06 0.000128647 0.00320926 5.60914e-05 -0.00180665 -0.000249865 -0.00329029
internal_weight=20148 18880 434 18446 1268 619 649
internal_count=20148 18880 434 18446 1268 619 649
is_linear=0
shrinkage=0.0182397


Tree=293
num_leaves=6
num_cat=0
split_feature=9 58 53 51 55
split_gain=13.5309 13.2932 18.4159 15.8709 0.248599
threshold=21.167119026184086 11.500000000000002 1.061869092541851 22.964233080595303 0.22240740841058268
decision_type=2 2 2 2 2
left_child=4 2 -2 -3 -1
right_child=1 3 -4 -5 -6
leaf_value=-0.0032235914100505877 5.0658135606887375e-05 -0.00072228263525755943 -0.0026884077173804271 0.0059927328413152967 -0.0042697527326410753
leaf_weight=162 18451 210 854 264 162
leaf_count=162 18451 210 854 264 162
internal_value=-5.70482e-05 3.55692e-06 -7.05691e-05 0.00301982 -0.00375175
internal_weight=20103 19779 19305 474 324
internal_count=20103 19779 19305 474 324
is_linear=0
shrinkage=0.0182397


Tree=294
num_leaves=6
num_cat=1
split_feature=6 54 0 54 52
split_gain=16.17 35.627 23.9665 15.278 13.1465
threshold=9.5000000000000018 1.077511767669433 0 1.7646728911732963 0.36779760435636627
decision_type=2 2 9 2 2
left_child=1 2 -1 4 -2
right_child=3 -3 -4 -5 -6
leaf_value=-0.0010601416854178192 -0.0005128171865104612 0.0091710364139337506 0.0021022102216913317 -0.004573909415457808 0.00068535867459924989
leaf_weight=1461 12422 172 1734 272 4036
leaf_count=1461 12422 172 1734 272 4036
internal_value=-5.77909e-05 0.0010954 0.000659454 -0.0002899 -0.000218978
internal_weight=20097 3367 3195 16730 16458
internal_count=20097 3367 3195 16730 16458
cat_boundaries=0 1
cat_threshold=2604
is_linear=0
shrinkage=0.0182397


Tree=295
num_leaves=7
num_cat=0
split_feature=18 7 52 6 3 7
split_gain=13.8852 14.5658 52.0975 17.2498 2.80497 0.997914
threshold=21.326662063598636 45.500000000000007 1.048733127663839 10.500000000000002 0.87008850000000015 22.500000000000004
decision_type=2 2 2 2 2 2
left_child=4 3 -3 -2 -1 -6
right_child=1 2 -4 -5 5 -7
leaf_value=-0.0039226512555710601 0.0013352840583028063 -0.00043102361962912188 -0.010036920698037827 -5.0621930346639011e-05 -0.00061568147912548655 -0.0023632560662399859
leaf_weight=284 4134 4289 196 10773 194 248
leaf_count=284 4134 4289 196 10773 194 248
internal_value=-3.31946e-05 5.95477e-05 -0.000851757 0.000333745 -0.00250895 -0.0015976
internal_weight=20118 19392 4485 14907 726 442
internal_count=20118 19392 4485 14907 726 442
is_linear=0
shrinkage=0.0182397


Tree=296
num_leaves=6
num_cat=1
split_feature=0 12 40 52 56
split_gain=13.9615 24.3039 15.8804 17.543 14.1052
threshold=0 1.5000000000000002 27.374622344118656 0.96255105645410344 -0.032109260559083801
decision_type=9 2 2 2 2
left_child=1 4 3 -2 -1
right_child=2 -3 -4 -5 -6
leaf_value=-0.00063375492724996327 -0.00019914866921097969 0.0061295093690466197 0.0052830146803880713 -0.0032301061662297417 0.0014254454716828393
leaf_weight=1943 14487 274 169 664 2570
leaf_count=1943 14487 274 169 664 2570
internal_value=-1.07778e-06 0.000857653 -0.000269804 -0.000332072 0.000538914
internal_weight=20107 4787 15320 15151 4513
internal_count=20107 4787 15320 15151 4513
cat_boundaries=0 1
cat_threshold=7184
is_linear=0
shrinkage=0.0182397


Tree=297
num_leaves=8
num_cat=0
split_feature=6 6 6 54 53 55 50
split_gain=16.8313 28.0755 38.0662 23.3334 21.121 62.3156 42.4461
threshold=10.500000000000002 12.500000000000002 14.500000000000002 0.53600300300111137 0.87813131684815759 0.962331275081722 24.26463341712952
decision_type=2 2 2 2 2 2 2
left_child=4 3 -3 -2 5 -1 -6
right_child=1 2 -4 -5 6 -7 -8
leaf_value=0.00064069857808473599 -0.00080129535499952114 0.0015150629232764917 -0.00082218842523228391 -0.0038037811563843161 0.0039142266909118692 0.0094852472722272985 -0.0081655284660519366
leaf_weight=5138 3778 4178 5207 1115 163 279 237
leaf_count=5138 3778 4178 5207 1115 163 279 237
internal_value=-2.87511e-05 -0.000365687 0.000218328 -0.00148577 0.000798232 0.00109697 -0.00324414
internal_weight=20095 14278 9385 4893 5817 5417 400
internal_count=20095 14278 9385 4893 5817 5417 400
is_linear=0
shrinkage=0.0182397


Tree=298
num_leaves=5
num_cat=1
split_feature=46 52 0 17
split_gain=18.7068 14.0129 30.9571 11.0123
threshold=33.167459487915046 0.36779760435636627 0 0.71859600000000001
decision_type=2 2 9 2
left_child=1 3 -3 -1
right_child=-2 2 -4 -5
leaf_value=-8.2444122332085947e-05 0.0060441418927430143 0.00479716701945921 0.00027686864808184448 -0.0013511487884808461
leaf_weight=12138 169 560 4367 2801
leaf_count=12138 169 560 4367 2801
internal_value=9.31783e-06 -4.21532e-05 0.000801323 -0.000320354
internal_weight=20035 19866 4927 14939
internal_count=20035 19866 4927 14939
cat_boundaries=0 1
cat_threshold=3072
is_linear=0
shrinkage=0.0182397


Tree=299
num_leaves=5
num_cat=0
split_feature=55 39 6 28
split_gain=18.9155 14.3511 13.4914 10.0233
threshold=1.8291982800973254 23.476844786262212 9.5000000000000018 21.302395820617679
decision_type=2 2 2 2
left_child=1 3 -3 -1
right_child=-2 2 -4 -5
leaf_value=-0.0027348520632381784 0.004593167316777026 0.0017734903070334423 0.00012795054471694 -0.00036304254892298557
leaf_weight=635 301 2082 8125 8832
leaf_count=635 301 2082 8125 8832
internal_value=5.87231e-05 -1.07522e-05 0.000463666 -0.000522252
internal_weight=19975 19674 10207 9467
internal_count=19975 19674 10207 9467
is_linear=0
shrinkage=0.0182397


Tree=300
num_leaves=5
num_cat=0
split_feature=55 9 7 35
split_gain=17.3077 13.2421 13.5118 0.774442
threshold=1.8291982800973254 21.167119026184086 45.500000000000007 21.276329994201664
decision_type=2 2 2 2
left_child=1 3 -3 -1
right_child=-2 2 -4 -5
leaf_value=-0.0045549668376247722 0.0042146236215938552 0.00028154486002917017 -0.00085275304929727876 -0.002772684334487914
leaf_weight=164 322 14926 4561 167
leaf_count=164 322 14926 4561 167
internal_value=2.27585e-05 -4.54424e-05 1.60452e-05 -0.00366062
internal_weight=20140 19818 19487 331
internal_count=20140 19818 19487 331
is_linear=0
shrinkage=0.0182397


Tree=301
num_leaves=8
num_cat=0
split_feature=6 6 54 55 14 43 6
split_gain=16.3721 34.018 45.7259 25.1396 23.6873 21.7115 21.5497
threshold=14.500000000000002 13.500000000000002 0.61543456773582239 1.8291982800973254 1.0578827302576586 26.178544998168949 15.500000000000002
decision_type=2 2 2 2 2 2 2
left_child=1 3 -3 -1 6 -6 -2
right_child=4 2 -4 -5 5 -7 -8
leaf_value=-8.6295365542918037e-05 0.0024166537322982871 0.00093740253981170949 0.0071091439167050756 0.0063775121769650608 -0.0017547219327850696 -0.0080425151684067851 -0.00082423913686520715
leaf_weight=12484 964 1547 538 203 1723 204 2335
leaf_count=12484 964 1547 538 203 1723 204 2335
internal_value=6.17999e-05 0.000372214 0.00253108 1.73473e-05 -0.000815587 -0.00242206 0.000122977
internal_weight=19998 14772 2085 12687 5226 1927 3299
internal_count=19998 14772 2085 12687 5226 1927 3299
is_linear=0
shrinkage=0.0182397


Tree=302
num_leaves=6
num_cat=1
split_feature=0 19 49 52 6
split_gain=17.1875 35.5955 36.5583 20.5576 16.9883
threshold=0 26.099332809448246 25.215360736846929 1.5626805193017568 10.500000000000002
decision_type=9 2 2 2 2
left_child=1 2 -1 4 -2
right_child=3 -3 -4 -5 -6
leaf_value=-0.000887770616679955 0.0011758928291102828 -0.0072829574466050503 0.0071215235564545485 0.006341655306067116 -0.00018497493134943778
leaf_weight=4774 4318 277 197 184 10404
leaf_count=4774 4318 277 197 184 10404
internal_value=-2.62969e-05 -0.00092292 -0.000569761 0.000289822 0.000214194
internal_weight=20154 5248 4971 14906 14722
internal_count=20154 5248 4971 14906 14722
cat_boundaries=0 1
cat_threshold=548
is_linear=0
shrinkage=0.0182397


Tree=303
num_leaves=7
num_cat=1
split_feature=8 10 17 0 50 54
split_gain=16.6348 22.964 17.1743 17.0215 27.4836 11.0122
threshold=1.5000000000000002 4.5000000000000009 0.53204499999999999 0 24.147856187868047 1.429517265749465
decision_type=2 2 2 9 2 2
left_child=1 2 -1 4 -2 -5
right_child=3 -3 -4 5 -6 -7
leaf_value=0.001144040296938388 -0.0012242977605220907 0.0068346318813655264 -0.00096686590666815355 -5.8903908596740904e-06 -0.0085936333432033319 -0.0045237485184991188
leaf_weight=4678 1935 200 1766 11103 184 182
leaf_count=4678 1935 200 1766 11103 184 182
internal_value=8.43284e-06 0.000754668 0.000565513 -0.000361468 -0.00185709 -7.88563e-05
internal_weight=20048 6644 6444 13404 2119 11285
internal_count=20048 6644 6444 13404 2119 11285
cat_boundaries=0 1
cat_threshold=36
is_linear=0
shrinkage=0.0182397


Tree=304
num_leaves=7
num_cat=0
split_feature=7 52 55 6 52 55
split_gain=15.272 49.6654 25.6926 22.7094 32.6253 22.432
threshold=45.500000000000007 1.048733127663839 0.57864301980951749 10.500000000000002 1.5626805193017568 0.31172449894621507
decision_type=2 2 2 2 2 2
left_child=3 2 -2 5 -5 -1
right_child=1 -3 -4 4 -6 -7
leaf_value=-0.00017638863102142967 -0.0013440930545204274 -0.009974219440628377 0.001860722984833756 -0.00032431500514539403 0.0070832222804756307 0.0025169587716112806
leaf_weight=1780 3395 194 1102 10968 201 2437
leaf_count=1780 3395 194 1102 10968 201 2437
internal_value=-3.79201e-05 -0.000948928 -0.00055864 0.000239854 -0.000190733 0.00138019
internal_weight=20077 4691 4497 15386 11169 4217
internal_count=20077 4691 4497 15386 11169 4217
is_linear=0
shrinkage=0.0182397


Tree=305
num_leaves=7
num_cat=2
split_feature=0 52 0 48 53 24
split_gain=15.2273 21.1783 20.698 17.114 14.1762 13.7418
threshold=0 0.36779760435636627 1 26.943069838994631 0.076821956660732063 26.801321029663089
decision_type=9 2 9 2 2 2
left_child=3 4 -3 5 -2 -1
right_child=1 2 -4 -5 -6 -7
leaf_value=-0.00043046228862365644 0.0020658862780365238 0.0044238504490152191 0.00065789642815187056 -0.0059641075939951115 -0.00033343335039917111 0.0044465738511477431
leaf_weight=11623 975 817 1206 183 5116 195
leaf_count=11623 975 817 1206 183 5116 195
internal_value=-2.2796e-05 0.000587107 0.00220454 -0.000435291 5.07526e-05 -0.000349827
internal_weight=20115 8114 2023 12001 6091 11818
internal_count=20115 8114 2023 12001 6091 11818
cat_boundaries=0 1 2
cat_threshold=621 3088
is_linear=0
shrinkage=0.0182397


Tree=306
num_leaves=7
num_cat=0
split_feature=8 10 17 52 20 6
split_gain=15.9267 27.4277 21.4889 16.9613 22.3262 15.0526
threshold=1.5000000000000002 4.5000000000000009 0.53204499999999999 0.86063684159986531 23.365571022033695 9.5000000000000018
decision_type=2 2 2 2 2 2
left_child=1 2 -1 5 -5 -2
right_child=3 -3 -4 4 -6 -7
leaf_value=0.001193662757446669 0.001306897624185549 0.0072656898401523085 -0.0011571235002903009 0.0020943129689106285 -0.0058053996612834283 -0.00045926708749482591
leaf_weight=4676 1880 208 1788 170 395 10976
leaf_count=4676 1880 208 1788 170 395 10976
internal_value=2.51226e-05 0.000753414 0.00054338 -0.000336947 -0.00342871 -0.000200956
internal_weight=20093 6672 6464 13421 565 12856
internal_count=20093 6672 6464 13421 565 12856
is_linear=0
shrinkage=0.0182397


Tree=307
num_leaves=8
num_cat=0
split_feature=10 7 54 47 53 41 55
split_gain=13.0753 41.2461 35.2094 26.593 14.7899 39.7595 19.8723
threshold=3.5000000000000004 24.500000000000004 0.92825756469940146 24.566896438129888 0.79590052366101027 25.779008865356449 0.64554498517708547
decision_type=2 2 2 2 2 2 2
left_child=4 3 -3 -2 6 -6 -1
right_child=1 2 -4 -5 5 -7 -8
leaf_value=-0.00028918814956422988 -0.0058507947593239591 0.0022663424159192081 0.011434490320015343 0.001984551833265341 -0.00036325386886904807 -0.0076711942106642787 0.001489844355499031
leaf_weight=14716 315 787 169 265 1140 316 2434
leaf_count=14716 315 787 169 265 1140 316 2434
internal_value=-5.29902e-05 0.00156418 0.00389159 -0.00227206 -0.000186528 -0.00195116 -3.66686e-05
internal_weight=20142 1536 956 580 18606 1456 17150
internal_count=20142 1536 956 580 18606 1456 17150
is_linear=0
shrinkage=0.0182397


Tree=308
num_leaves=7
num_cat=1
split_feature=7 52 6 6 0 54
split_gain=14.7529 31.9693 20.4982 30.8546 17.0843 14.8714
threshold=45.500000000000007 0.88854701235937883 10.500000000000002 12.500000000000002 0 0.53600300300111137
decision_type=2 2 2 2 9 2
left_child=2 5 4 -4 -1 -2
right_child=1 -3 3 -5 -6 -7
leaf_value=0.0044536705673259768 -0.0010036394204380981 -0.0067029402630465742 -0.0014389526720375253 0.00058621817324800319 0.00094970887102122645 0.0016061794342242732
leaf_weight=523 3532 291 3769 7448 3686 914
leaf_count=523 3532 291 3769 7448 3686 914
internal_value=3.96077e-05 -0.00085068 0.000313013 -9.42849e-05 0.00139836 -0.000467012
internal_weight=20163 4737 15426 11217 4209 4446
internal_count=20163 4737 15426 11217 4209 4446
cat_boundaries=0 1
cat_threshold=4224
is_linear=0
shrinkage=0.0182397


Tree=309
num_leaves=8
num_cat=0
split_feature=6 6 54 55 53 15 17
split_gain=13.8114 32.4723 47.5772 25.791 23.8129 13.9396 8.54457
threshold=14.500000000000002 13.500000000000002 0.61543456773582239 0.962331275081722 0.97800635207471609 3.2287573090701001 -0.99970549999999991
decision_type=2 2 2 2 2 2 2
left_child=1 4 -3 5 -1 -2 -5
right_child=3 2 -4 6 -6 -7 -8
leaf_value=0.00015668616173681815 0.00012292126485426874 0.00079323883233336058 0.0070297873505791109 -0.0029230762662466039 -0.0033120935368238617 -0.0021695480139073062 -0.0085971229511174543
leaf_weight=12055 3673 1578 548 195 696 1161 162
leaf_count=12055 3673 1578 548 195 696 1161 162
internal_value=3.25727e-05 0.000315225 0.0024019 -0.000777445 -3.27613e-05 -0.000427817 -0.00550527
internal_weight=20068 14877 2126 5191 12751 4834 357
internal_count=20068 14877 2126 5191 12751 4834 357
is_linear=0
shrinkage=0.0182397


Tree=310
num_leaves=5
num_cat=0
split_feature=19 55 6 54
split_gain=16.7396 13.1189 17.622 8.13723
threshold=32.788452148437507 0.2863775149862004 14.500000000000002 0.14268825486466166
decision_type=2 2 2 2
left_child=1 3 -3 -1
right_child=-2 2 -4 -5
leaf_value=5.3126069594205323e-05 0.0058097323258203357 0.00068328702492751825 -0.00089855823996044402 -0.0012002114073549023
leaf_weight=2999 164 9930 3066 4051
leaf_count=2999 164 9930 3066 4051
internal_value=1.39573e-05 -3.35855e-05 0.000310082 -0.000667084
internal_weight=20210 20046 12996 7050
internal_count=20210 20046 12996 7050
is_linear=0
shrinkage=0.0182397


Tree=311
num_leaves=5
num_cat=0
split_feature=47 40 55 55
split_gain=13.0759 12.0644 13.9592 8.25123
threshold=33.175825119018562 21.48317909240723 0.63460975328392621 0.57398991655872045
decision_type=2 2 2 2
left_child=1 3 -3 -1
right_child=-2 2 -4 -5
leaf_value=-0.0011615871549600552 0.0051694084931870462 -0.00016893124833045593 0.0010062461503249297 -0.0055394563543944234
leaf_weight=1114 163 14365 4390 164
leaf_count=1114 163 14365 4390 164
internal_value=3.1221e-05 -1.06989e-05 0.000106161 -0.00172509
internal_weight=20196 20033 18755 1278
internal_count=20196 20033 18755 1278
is_linear=0
shrinkage=0.0182397


Tree=312
num_leaves=7
num_cat=1
split_feature=0 10 52 39 53 7
split_gain=13.3654 20.8264 29.8425 15.0803 10.6053 10.1088
threshold=0 3.5000000000000004 0.52177575987870017 26.886772155761722 0.69457274497023258 45.500000000000007
decision_type=9 2 2 2 2 2
left_child=3 5 -3 4 -1 -2
right_child=1 2 -4 -5 -6 -7
leaf_value=-0.00029246021319222779 0.00067899182569249614 0.0014783130196579723 0.010438276571535779 0.0036120077732138406 -0.002082322641552847 -0.00090599865441388342
leaf_weight=10498 5670 509 163 307 1230 1752
leaf_count=10498 5670 509 163 307 1230 1752
internal_value=9.91312e-06 0.000582597 0.00365705 -0.000375418 -0.000480247 0.000304815
internal_weight=20129 8094 672 12035 11728 7422
internal_count=20129 8094 672 12035 11728 7422
cat_boundaries=0 1
cat_threshold=621
is_linear=0
shrinkage=0.0182397


Tree=313
num_leaves=5
num_cat=0
split_feature=53 53 41 55
split_gain=12.8836 13.8239 44.5796 16.32
threshold=1.8331585692957177 1.061869092541851 25.738018989562992 0.62897801429499434
decision_type=2 2 2 2
left_child=1 3 -3 -1
right_child=-2 2 -4 -5
leaf_value=-0.00021737695013562258 0.0042565508967004149 0.00019701502266923252 -0.01004970440893679 0.0011404254571787541
leaf_weight=15542 233 531 192 3633
leaf_count=15542 233 531 192 3633
internal_value=-3.50275e-06 -5.34798e-05 -0.00252856 3.99e-05
internal_weight=20131 19898 723 19175
internal_count=20131 19898 723 19175
is_linear=0
shrinkage=0.0182397


Tree=314
num_leaves=5
num_cat=2
split_feature=46 52 0 0
split_gain=14.9017 12.03 27.3366 9.66806
threshold=33.167459487915046 0.37272304802647022 0 1
decision_type=2 2 9 9
left_child=1 3 -3 -1
right_child=-2 2 -4 -5
leaf_value=-0.00082200653479350193 0.0055084375006373022 0.0045439795439201035 0.0002559890603506832 0.00011288771527130206
leaf_weight=6528 162 548 4365 8418
leaf_count=6528 162 548 4365 8418
internal_value=6.45423e-06 -3.85493e-05 0.000744408 -0.000295935
internal_weight=20021 19859 4913 14946
internal_count=20021 19859 4913 14946
cat_boundaries=0 1 2
cat_threshold=3072 3717
is_linear=0
shrinkage=0.0182397


Tree=315
num_leaves=5
num_cat=0
split_feature=18 6 6 26
split_gain=12.4525 11.4627 19.221 15.998
threshold=32.775291442871101 15.500000000000002 12.500000000000002 23.77098369364014
decision_type=2 2 2 2
left_child=1 2 -1 -3
right_child=-2 3 -4 -5
leaf_value=-0.00038289798050857395 0.0049880499082912864 -0.00061612776025386155 0.00087672363520595851 -0.0046283961771255624
leaf_weight=10563 162 2526 6516 380
leaf_count=10563 162 2526 6516 380
internal_value=-4.16321e-05 -8.25121e-05 9.76845e-05 -0.00114141
internal_weight=20147 19985 17079 2906
internal_count=20147 19985 17079 2906
is_linear=0
shrinkage=0.0182397


Tree=316
num_leaves=7
num_cat=1
split_feature=29 55 47 53 0 51
split_gain=10.875 12.5266 25.2248 11.6692 3.06576 1.09248
threshold=21.271916389465336 0.6238929016818402 26.28277110937012 0.71939993377055178 0 21.328281752268477
decision_type=2 2 2 2 9 2
left_child=4 3 -3 -2 5 -1
right_child=1 2 -4 -5 -6 -7
leaf_value=-0.0026425244897695832 -0.00013110224513411246 0.0015875087907484316 -0.001764607918169547 -0.0043682281710635245 -0.0004844285295861827 -0.0046408799593442313
leaf_weight=212 14825 3628 940 219 191 163
leaf_count=212 14825 3628 940 219 191 163
internal_value=-1.08535e-05 6.11071e-05 0.000897609 -0.000192909 -0.00250241 -0.00342436
internal_weight=20178 19612 4568 15044 566 375
internal_count=20178 19612 4568 15044 566 375
cat_boundaries=0 1
cat_threshold=36
is_linear=0
shrinkage=0.0182397


Tree=317
num_leaves=5
num_cat=0
split_feature=52 52 22 55
split_gain=12.2006 14.5044 37.7234 13.8006
threshold=1.8956635199422684 1.1892482201511803 25.219370841979984 0.64554498517708547
decision_type=2 2 2 2
left_child=1 3 -3 -1
right_child=-2 2 -4 -5
leaf_value=-0.00022685326728305095 0.0040474791384381478 0.0013038377102291899 -0.010218423141717224 0.0010081724328227216
leaf_weight=15783 243 224 163 3719
leaf_count=15783 243 224 163 3719
internal_value=-1.10685e-05 -6.07435e-05 -0.0035553 8.68158e-06
internal_weight=20132 19889 387 19502
internal_count=20132 19889 387 19502
is_linear=0
shrinkage=0.0182397


Tree=318
num_leaves=8
num_cat=0
split_feature=6 6 6 53 52 55 19
split_gain=13.6411 19.1956 28.3262 20.0515 18.114 38.6175 20.4918
threshold=10.500000000000002 12.500000000000002 14.500000000000002 1.2300366531636111 0.83472446786191534 0.962331275081722 25.066755294799808
decision_type=2 2 2 2 2 2 2
left_child=4 3 -3 -2 5 -1 -6
right_child=1 2 -4 -5 6 -7 -8
leaf_value=0.00062726390545240855 -0.0014375138299401876 0.0013192651301549519 -0.00069450520627833327 0.0048960929806720213 0.0006502790742150586 0.0068685128396573925 -0.0079939138108526386
leaf_weight=5141 4679 4180 5232 172 208 352 162
leaf_count=5141 4679 4180 5232 172 208 352 162
internal_value=2.39221e-05 -0.00028053 0.000199858 -0.00121252 0.000764533 0.00102773 -0.00313948
internal_weight=20126 14263 9412 4851 5863 5493 370
internal_count=20126 14263 9412 4851 5863 5493 370
is_linear=0
shrinkage=0.0182397


Tree=319
num_leaves=6
num_cat=0
split_feature=58 51 8 10 6
split_gain=17.5646 20.6435 13.1328 25.2146 13.2831
threshold=11.500000000000002 22.964233080595303 1.5000000000000002 4.5000000000000009 9.5000000000000018
decision_type=2 2 2 2 2
left_child=2 -2 3 -1 -4
right_child=1 -3 4 -5 -6
leaf_value=0.00042745359505243181 -0.00067049155157642359 0.006893522981779112 0.0010217891981330826 0.0071127427719959628 -0.00062029219335062418
leaf_weight=6320 219 265 1923 193 11078
leaf_count=6320 219 265 1923 193 11078
internal_value=4.26908e-05 0.00347346 -4.2478e-05 0.000626026 -0.000377383
internal_weight=19998 484 19514 6513 13001
internal_count=19998 484 19514 6513 13001
is_linear=0
shrinkage=0.0182397


Tree=320
num_leaves=6
num_cat=0
split_feature=9 7 52 52 55
split_gain=11.6862 10.8743 31.1797 13.2855 0.312162
threshold=21.167119026184086 45.500000000000007 0.83472446786191534 1.5626805193017568 0.22628730749636802
decision_type=2 2 2 2 2
left_child=4 3 -3 -2 -1
right_child=1 2 -4 -5 -6
leaf_value=-0.0028825619162762121 0.00017672708284126955 -0.00034100639263301961 -0.0061465403667024269 0.0040571835711626005 -0.0040399755105950249
leaf_weight=162 14865 4310 331 299 163
leaf_count=162 14865 4310 331 299 163
internal_value=-3.94242e-05 1.69101e-05 -0.000755605 0.000253356 -0.00346773
internal_weight=20130 19805 4641 15164 325
internal_count=20130 19805 4641 15164 325
is_linear=0
shrinkage=0.0182397


Tree=321
num_leaves=5
num_cat=0
split_feature=52 53 51 55
split_gain=14.7584 15.508 50.317 17.5779
threshold=1.8956635199422684 1.061869092541851 24.909766165601976 0.62897801429499434
decision_type=2 2 2 2
left_child=1 3 -3 -1
right_child=-2 2 -4 -5
leaf_value=-0.00022635388316476001 0.0046463843111041511 0.0014145887252598186 -0.0084088766443449793 0.0011807221292473873
leaf_weight=15547 224 414 298 3646
leaf_count=15547 224 414 298 3646
internal_value=-4.68168e-06 -5.71238e-05 -0.00269957 4.09624e-05
internal_weight=20129 19905 712 19193
internal_count=20129 19905 712 19193
is_linear=0
shrinkage=0.0182397


Tree=322
num_leaves=8
num_cat=1
split_feature=8 0 53 7 6 55 54
split_gain=15.2163 18.6632 21.6246 20.0037 15.5078 59.3735 36.2181
threshold=1.5000000000000002 0 0.078474538215668813 34.500000000000007 9.5000000000000018 0.97401156030698688 1.1872358270521344
decision_type=2 9 2 2 2 2 2
left_child=1 3 -3 -1 5 -2 -6
right_child=4 2 -4 -5 6 -7 -8
leaf_value=0.0055426328674151966 4.9297603301733839e-05 0.0037657414228930686 1.0942629150057315e-05 5.2715415609367091e-05 -0.00036818291141316574 0.0099782396349225068 -0.0060276757583765384
leaf_weight=521 1740 565 5231 383 11058 226 389
leaf_count=521 1740 565 5231 383 11058 226 389
internal_value=5.08733e-05 0.000760683 0.000376573 0.00318267 -0.000303701 0.00119265 -0.000560732
internal_weight=20113 6700 5796 904 13413 1966 11447
internal_count=20113 6700 5796 904 13413 1966 11447
cat_boundaries=0 1
cat_threshold=48
is_linear=0
shrinkage=0.0182397


Tree=323
num_leaves=7
num_cat=1
split_feature=0 53 7 52 14 42
split_gain=13.6871 19.1438 12.7986 11.4578 27.7817 20.2426
threshold=0 1.5984034883671894 45.500000000000007 0.96255105645410344 1.6788755312873276 26.809333801269535
decision_type=9 2 2 2 2 2
left_child=3 2 -2 5 -5 -1
right_child=1 -3 -4 4 -6 -7
leaf_value=-0.00039746036776652701 0.00084552542790389685 0.0064647570078353823 -0.00089027682213659986 -0.0084039981919313035 0.00012964070215071212 0.0045130405336618528
leaf_weight=11184 6044 179 1844 199 349 286
leaf_count=11184 6044 179 1844 199 349 286
internal_value=-7.7044e-06 0.000573041 0.000439715 -0.000397678 -0.00297351 -0.00027485
internal_weight=20085 8067 7888 12018 548 11470
internal_count=20085 8067 7888 12018 548 11470
cat_boundaries=0 1
cat_threshold=621
is_linear=0
shrinkage=0.0182397


Tree=324
num_leaves=7
num_cat=0
split_feature=39 55 6 54 55 7
split_gain=11.7228 13.2301 20.6279 13.3815 7.08277 6.32738
threshold=21.459921836853031 0.6190888189598881 12.500000000000002 0.64126431125727812 0.52815674186969119 29.500000000000004
decision_type=2 2 2 2 2 2
left_child=4 3 -3 -2 5 -1
right_child=1 2 -4 -5 -6 -7
leaf_value=0.00026283259004896412 -2.4932602565626255e-05 -0.00013058073825004133 0.002308140886365875 -0.0048308538134829541 -0.0052041969158025643 -0.0025528513811505687
leaf_weight=543 13985 2420 2205 195 162 519
leaf_count=543 13985 2420 2205 195 162 519
internal_value=7.25421e-05 0.000185136 0.00103221 -9.11704e-05 -0.00165675 -0.00111368
internal_weight=20029 18805 4625 14180 1224 1062
internal_count=20029 18805 4625 14180 1224 1062
is_linear=0
shrinkage=0.0182397


Tree=325
num_leaves=8
num_cat=1
split_feature=52 0 53 36 6 6 55
split_gain=11.7171 26.8593 24.0029 21.9107 13.3181 26.5968 21.1802
threshold=0.3887781305626557 0 0.81484770342887403 26.720034599304203 10.500000000000002 11.500000000000002 1.1626008536777124
decision_type=2 9 2 2 2 2 2
left_child=4 3 -3 -2 6 -6 -1
right_child=1 2 -4 -5 5 -7 -8
leaf_value=0.00035119704839283431 0.0056228247125114216 0.0010680629693768091 -0.0021545941380265868 -0.0018856530315041603 -0.002366376353800811 -0.0001129647786354424 0.0069742383924669459
leaf_weight=4611 594 2891 1047 165 2194 8462 166
leaf_count=4611 594 2891 1047 165 2194 8462 166
internal_value=2.45096e-05 0.000822129 0.000210572 0.00393854 -0.000218261 -0.000577006 0.000581968
internal_weight=20130 4697 3938 759 15433 10656 4777
internal_count=20130 4697 3938 759 15433 10656 4777
cat_boundaries=0 1
cat_threshold=3088
is_linear=0
shrinkage=0.0182397


Tree=326
num_leaves=4
num_cat=0
split_feature=19 41 55
split_gain=13.4417 11.9847 13.9041
threshold=32.788452148437507 32.199876785278327 0.64554498517708547
decision_type=2 2 2
left_child=1 2 -1
right_child=-2 -3 -4
leaf_value=-0.00027137583083304236 0.0051053964396503221 -0.0049574650216261942 0.00089487591836191272
leaf_weight=15342 169 164 4369
leaf_count=15342 169 164 4369
internal_value=-1.01578e-05 -5.37682e-05 -1.28586e-05
internal_weight=20044 19875 19711
internal_count=20044 19875 19711
is_linear=0
shrinkage=0.0182397


Tree=327
num_leaves=7
num_cat=0
split_feature=6 52 55 6 41 52
split_gain=12.3309 23.892 39.8878 20.6402 18.9011 14.4442
threshold=10.500000000000002 1.2743513464849165 0.94651461988800845 11.500000000000002 27.543843269348148 0.79012833114409486
decision_type=2 2 2 2 2 2
left_child=1 2 -1 5 -5 -2
right_child=3 -3 -4 4 -6 -7
leaf_value=0.0005335992443743717 -0.0020518971584041015 -0.0057547261421608412 0.006380904455218623 0.00018466769393599906 -0.0057010603355691983 0.0035169611611342265
leaf_weight=5199 2454 181 419 11460 184 165
leaf_count=5199 2454 181 419 11460 184 165
internal_value=5.06989e-05 0.000759847 0.000970167 -0.000237639 9.14487e-05 -0.00170052
internal_weight=20062 5799 5618 14263 11644 2619
internal_count=20062 5799 5618 14263 11644 2619
is_linear=0
shrinkage=0.0182397


Tree=328
num_leaves=6
num_cat=1
split_feature=46 43 0 19 49
split_gain=11.766 24.4102 16.7986 12.5163 14.2604
threshold=24.037199974060062 23.30062294006348 0 25.851758003234867 24.589773559648442
decision_type=2 2 9 2 2
left_child=3 -2 -3 4 -1
right_child=1 2 -4 -5 -6
leaf_value=-0.00039959338481216814 0.0073003966355815403 -0.0025988577024068345 0.00063260868729071555 -0.0053607167289066084 0.0030826484383624478
leaf_weight=11176 174 566 7531 163 405
leaf_count=11176 174 566 7531 163 405
internal_value=2.26734e-05 0.000549623 0.000404164 -0.000348451 -0.000277703
internal_weight=20015 8271 8097 11744 11581
internal_count=20015 8271 8097 11744 11581
cat_boundaries=0 1
cat_threshold=640
is_linear=0
shrinkage=0.0182397


Tree=329
num_leaves=8
num_cat=0
split_feature=8 6 55 44 53 38 52
split_gain=13.2818 20.3764 38.8313 32.4295 19.8908 28.5685 11.6421
threshold=1.5000000000000002 14.500000000000002 1.2650590720051402 26.053094863891605 0.81484770342887403 22.619023323059086 0.41118097268647874
decision_type=2 2 2 2 2 2 2
left_child=1 2 -1 -3 6 -6 -2
right_child=4 3 -4 -5 5 -7 -8
leaf_value=0.00067444682193446264 -0.00041938481819972913 -9.4407173637833447e-05 0.0071608373204438231 -0.0083616530560422127 0.0030536826663236441 -0.0049233979963792156 0.0010955180430112395
leaf_weight=5437 10624 743 325 200 194 645 2006
leaf_count=5437 10624 743 325 200 194 645 2006
internal_value=-2.92522e-05 0.000634036 0.00104082 -0.00185088 -0.000359454 -0.00307824 -0.000178746
internal_weight=20174 6705 5762 943 13469 839 12630
internal_count=20174 6705 5762 943 13469 839 12630
is_linear=0
shrinkage=0.0182397


Tree=330
num_leaves=5
num_cat=0
split_feature=18 39 55 55
split_gain=12.0441 11.2203 11.7003 7.9373
threshold=32.775291442871101 21.459921836853031 0.63460975328392621 0.52815674186969119
decision_type=2 2 2 2
left_child=1 3 -3 -1
right_child=-2 2 -4 -5
leaf_value=-0.0010931971121261373 0.0050066528364330022 -0.00012248551602414223 0.00095299533241697881 -0.0054015352780800918
leaf_weight=1058 162 14306 4400 164
leaf_count=1058 162 14306 4400 164
internal_value=6.01896e-05 1.98688e-05 0.000130504 -0.00167314
internal_weight=20090 19928 18706 1222
internal_count=20090 19928 18706 1222
is_linear=0
shrinkage=0.0182397


Tree=331
num_leaves=6
num_cat=1
split_feature=6 55 0 54 8
split_gain=11.732 40.6729 24.7372 19.1253 15.296
threshold=9.5000000000000018 1.0263217621186491 0 1.882414355890208 1.5000000000000002
decision_type=2 2 9 2 2
left_child=1 2 -1 4 -2
right_child=3 -3 -4 -5 -6
leaf_value=-0.0018514040583856863 0.00072214187740964053 0.0084026069001091122 0.0015891251281888192 -0.0055860439331941961 -0.00047853083378722851
leaf_weight=1025 5133 230 2109 214 11300
leaf_count=1025 5133 230 2109 214 11300
internal_value=2.44323e-05 0.0010068 0.000462934 -0.000174105 -0.00010348
internal_weight=20011 3364 3134 16647 16433
internal_count=20011 3364 3134 16647 16433
cat_boundaries=0 1
cat_threshold=2596
is_linear=0
shrinkage=0.0182397


Tree=332
num_leaves=7
num_cat=2
split_feature=26 0 53 7 0 7
split_gain=11.9183 11.1528 17.7698 10.4621 5.34415 2.97326
threshold=21.302151679992679 0 1.3100828263867654 46.500000000000007 1 25.500000000000004
decision_type=2 9 2 2 9 2
left_child=4 2 -2 -3 -1 -6
right_child=1 3 -4 -5 5 -7
leaf_value=-0.0048451465458881349 0.00027435322351618502 0.00024434613605182258 0.0077780026565114676 -0.00079171429638451535 0.0002051065112076724 -0.0027658935523672524
leaf_weight=199 297 14938 162 4141 230 218
leaf_count=199 297 14938 162 4141 230 218
internal_value=7.16807e-06 8.78461e-05 0.00286525 1.94512e-05 -0.00242754 -0.00121481
internal_weight=20185 19538 459 19079 647 448
internal_count=20185 19538 459 19079 647 448
cat_boundaries=0 1 2
cat_threshold=16 32
is_linear=0
shrinkage=0.0182397


Tree=333
num_leaves=7
num_cat=1
split_feature=0 55 52 53 14 38
split_gain=11.8223 27.8285 14.0011 12.8194 40.1018 15.3516
threshold=0 1.4421271190102307 0.36779760435636627 0.85652248775697792 1.6788755312873276 26.591135978698734
decision_type=9 2 2 2 2 2
left_child=1 2 -1 5 -5 -2
right_child=3 -3 -4 4 -6 -7
leaf_value=-6.3832753696318675e-05 -0.00029420923929647188 0.0067150191825204415 0.001943313874412073 -0.0066621080568986394 0.0005565444795909355 0.0035032654227386468
leaf_weight=5424 11473 237 1469 419 657 365
leaf_count=5424 11473 237 1469 419 657 365
internal_value=-2.09573e-05 0.000574718 0.000364017 -0.000350021 -0.00225601 -0.000176996
internal_weight=20044 7130 6893 12914 1076 11838
internal_count=20044 7130 6893 12914 1076 11838
cat_boundaries=0 1
cat_threshold=7186
is_linear=0
shrinkage=0.0182397


Tree=334
num_leaves=5
num_cat=1
split_feature=9 0 9 55
split_gain=10.2051 10.9038 11.3364 10.4823
threshold=21.167119026184086 0 23.025376319885257 1.4421271190102307
decision_type=2 9 2 2
left_child=-1 3 -3 -2
right_child=1 2 -4 -5
leaf_value=-0.0032118642017435776 -0.00026527431108175575 -0.00047178962812603948 0.00089591918157836575 -0.0048958277528148922
leaf_weight=316 9613 2799 7206 165
leaf_count=316 9613 2799 7206 165
internal_value=3.77679e-05 8.97456e-05 0.000512772 -0.000343279
internal_weight=20099 19783 10005 9778
internal_count=20099 19783 10005 9778
cat_boundaries=0 1
cat_threshold=589
is_linear=0
shrinkage=0.0182397


Tree=335
num_leaves=7
num_cat=0
split_feature=58 55 53 41 50 56
split_gain=10.1638 19.9207 11.7757 43.8693 13.6915 1.04649
threshold=11.500000000000002 0.67686679074211498 0.97800635207471609 26.014547348022464 25.837377119130377 -0.004991531372072088
decision_type=2 2 2 2 2 2
left_child=2 5 4 -4 -1 -2
right_child=1 -3 3 -5 -6 -7
leaf_value=-0.00017459193636672481 -0.0011252089615680317 0.0075931639363689754 -2.7646778147159382e-05 -0.0093200541590219167 0.0012562765158676324 0.00093888715932226796
leaf_weight=16024 162 171 798 214 2583 164
leaf_count=16024 162 171 798 214 2583 164
internal_value=-1.48886e-05 0.00255987 -8.017e-05 -0.00199584 2.40644e-05 -8.69634e-05
internal_weight=20116 497 19619 1012 18607 326
internal_count=20116 497 19619 1012 18607 326
is_linear=0
shrinkage=0.0182397


Tree=336
num_leaves=6
num_cat=1
split_feature=0 53 7 30 19
split_gain=13.2964 14.4935 13.8879 12.4059 11.2928
threshold=0 1.5984034883671894 45.500000000000007 27.161549568176273 26.336836814880375
decision_type=9 2 2 2 2
left_child=3 2 -2 4 -1
right_child=1 -3 -4 -5 -6
leaf_value=-0.00036470942866386938 0.00086778764354234665 0.0056822109617684115 -0.00093040676711597908 0.0041219348190431621 -0.0033060512349276151
leaf_weight=11415 6001 179 1875 198 451
leaf_count=11415 6001 179 1875 198 451
internal_value=-1.76534e-05 0.000555787 0.000439672 -0.000400668 -0.000476622
internal_weight=20119 8055 7876 12064 11866
internal_count=20119 8055 7876 12064 11866
cat_boundaries=0 1
cat_threshold=621
is_linear=0
shrinkage=0.0182397


Tree=337
num_leaves=4
num_cat=0
split_feature=47 42 44
split_gain=11.2501 11.5486 12.0467
threshold=33.175825119018562 32.21049880981446 30.039946556091312
decision_type=2 2 2
left_child=1 2 -1
right_child=-2 -3 -4
leaf_value=-6.5930580840328065e-05 0.0047633132670250001 -0.0048997649341486864 0.004075928924888627
leaf_weight=19591 162 162 236
leaf_count=19591 162 162 236
internal_value=-1.73748e-05 -5.62237e-05 -1.65408e-05
internal_weight=20151 19989 19827
internal_count=20151 19989 19827
is_linear=0
shrinkage=0.0182397


Tree=338
num_leaves=6
num_cat=0
split_feature=58 51 6 32 6
split_gain=9.49863 12.4448 10.4957 16.1283 13.2073
threshold=11.500000000000002 23.006844552412435 15.500000000000002 24.114537239074711 12.500000000000002
decision_type=2 2 2 2 2
left_child=2 -2 4 -4 -1
right_child=1 -3 3 -5 -6
leaf_value=-0.00031729493202470815 -0.00059657388777253754 0.0051708057380979349 -0.00063153618328083108 -0.0050115855013300519 0.00073785548079917753
leaf_weight=10447 235 264 2469 315 6342
leaf_count=10447 235 264 2469 315 6342
internal_value=-2.7331e-05 0.00245657 -9.07102e-05 -0.00112784 8.12942e-05
internal_weight=20072 499 19573 2784 16789
internal_count=20072 499 19573 2784 16789
is_linear=0
shrinkage=0.0182397


Tree=339
num_leaves=5
num_cat=0
split_feature=52 53 41 55
split_gain=10.9904 17.6392 41.7269 15.6091
threshold=1.8956635199422684 0.97800635207471609 26.094876289367679 0.64002716168356932
decision_type=2 2 2 2
left_child=1 3 -3 -1
right_child=-2 2 -4 -5
leaf_value=-0.00019035293287414325 0.0039251250871818171 -0.0004638155218620022 -0.010049002033229275 0.0011738331311989911
leaf_weight=15723 232 678 194 3392
leaf_count=15723 232 678 194 3392
internal_value=-1.81552e-05 -6.40124e-05 -0.00260029 5.17464e-05
internal_weight=20219 19987 872 19115
internal_count=20219 19987 872 19115
is_linear=0
shrinkage=0.0182397


Tree=340
num_leaves=8
num_cat=0
split_feature=46 7 6 6 6 56 55
split_gain=11.6291 15.6697 10.6725 43.1325 23.4134 6.37607 5.4737
threshold=21.965652465820316 28.500000000000004 12.500000000000002 14.500000000000002 9.5000000000000018 0.25202178955078131 0.11302318327047363
decision_type=2 2 2 2 2 2 2
left_child=1 6 4 -4 -2 -3 -1
right_child=2 5 3 -5 -6 -7 -8
leaf_value=-0.0014587952334032014 0.0012387410729590232 -0.0017564998457909112 0.0022276941603197498 -0.00053693330925708507 -0.00073297316048040581 -0.0053553963875809796 0.0012210211468848906
leaf_weight=344 2851 1474 3562 3969 6738 184 961
leaf_count=344 2851 1474 3562 3969 6738 184 961
internal_value=7.42736e-05 -0.000980662 0.000256874 0.000770729 -0.000146713 -0.00215721 0.000514364
internal_weight=20083 2963 17120 7531 9589 1658 1305
internal_count=20083 2963 17120 7531 9589 1658 1305
is_linear=0
shrinkage=0.0182397


Tree=341
num_leaves=7
num_cat=0
split_feature=7 52 55 6 55 52
split_gain=11.3004 41.4166 18.684 16.1191 26.8088 15.6757
threshold=45.500000000000007 1.1074545177776149 0.58284030630536687 9.5000000000000018 0.97401156030698688 0.3887781305626557
decision_type=2 2 2 2 2 2
left_child=3 2 -2 4 -1 -5
right_child=1 -3 -4 5 -6 -7
leaf_value=0.0010894271875239799 -0.0010946277561042093 -0.0092718346986995163 0.0016221811519354825 -0.00035702351562319213 0.0086201092204502457 0.0011390320487156833
leaf_weight=2193 3456 183 1113 9983 169 3039
leaf_count=2193 3456 183 1113 9983 169 3039
internal_value=3.46348e-06 -0.000773948 -0.000432726 0.000243615 0.00162975 -7.85592e-06
internal_weight=20136 4752 4569 15384 2362 13022
internal_count=20136 4752 4569 15384 2362 13022
is_linear=0
shrinkage=0.0182397


Tree=342
num_leaves=8
num_cat=0
split_feature=6 6 54 55 17 17 55
split_gain=10.6867 30.3662 53.5518 27.1929 19.8614 19.5078 16.2944
threshold=14.500000000000002 13.500000000000002 0.61543456773582239 0.91171476782896876 -0.80292449999999993 -1.0163579999999999 0.68910710295645894
decision_type=2 2 2 2 2 2 2
left_child=1 5 -3 6 -5 -1 -2
right_child=3 2 -4 4 -6 -7 -8
leaf_value=0.001606553272882503 -0.00058902697869029242 0.0005885017738212258 0.0072544740967224065 -0.0019573669417001947 -0.010037101860394944 -0.00037727547986108381 0.0037184823792017333
leaf_weight=1943 4501 1579 537 259 166 10886 312
leaf_count=1943 4501 1579 537 259 166 10886 312
internal_value=8.68729e-06 0.000257162 0.00228135 -0.00070022 -0.00512033 -7.67724e-05 -0.000309481
internal_weight=20183 14945 2116 5238 425 12829 4813
internal_count=20183 14945 2116 5238 425 12829 4813
is_linear=0
shrinkage=0.0182397


Tree=343
num_leaves=6
num_cat=1
split_feature=0 52 48 24 53
split_gain=11.489 20.1303 19.2118 16.475 10.3115
threshold=0 1.5626805193017568 26.943069838994631 26.801321029663089 1.061869092541851
decision_type=9 2 2 2 2
left_child=2 4 3 -1 -2
right_child=1 -3 -4 -5 -6
leaf_value=-0.00036037280140294349 0.00049537935208078857 0.0065518082394766209 -0.0063537221832972732 0.0050624334953616396 -0.0037362715121474809
leaf_weight=11564 7739 180 175 189 196
leaf_count=11564 7739 180 175 189 196
internal_value=-2.04382e-06 0.000527013 -0.000362123 -0.000272982 0.000390653
internal_weight=20043 8115 11928 11753 7935
internal_count=20043 8115 11928 11753 7935
cat_boundaries=0 1
cat_threshold=621
is_linear=0
shrinkage=0.0182397


Tree=344
num_leaves=7
num_cat=1
split_feature=0 53 53 14 41 7
split_gain=11.0845 31.0719 18.2449 29.1342 21.7766 13.6085
threshold=0 1.5984034883671894 0.69457274497023258 1.7722431720333629 26.889251708984379 45.500000000000007
decision_type=9 2 2 2 2 2
left_child=2 5 4 -4 -1 -2
right_child=1 -3 3 -5 -6 -7
leaf_value=-0.00030465753072239231 0.00063939258593581714 0.0078433263893133588 -0.0058792719217621676 -8.1748907688468866e-05 0.0057359885485013303 -0.00092185448515196184
leaf_weight=8251 7846 183 507 668 203 2433
leaf_count=8251 7846 183 507 668 203 2433
internal_value=-8.58562e-06 0.000402242 -0.000454897 -0.00258458 -0.000159317 0.000269828
internal_weight=20091 10462 9629 1175 8454 10279
internal_count=20091 10462 9629 1175 8454 10279
cat_boundaries=0 1
cat_threshold=620
is_linear=0
shrinkage=0.0182397


Tree=345
num_leaves=8
num_cat=1
split_feature=52 0 7 53 55 9 55
split_gain=10.0558 25.7453 18.4131 14.289 23.4556 14.0246 10.6936
threshold=0.36779760435636627 0 11.500000000000002 0.18909724549232473 0.47162992451245761 25.115983009338382 0.48233183543748576
decision_type=2 9 2 2 2 2 2
left_child=3 5 -3 4 -1 -2 -5
right_child=1 2 -4 6 -6 -7 -8
leaf_value=-0.00011609968161491628 0.0012542975522027351 0.002703784079838352 -0.000319256274432286 -0.00027835707573943124 0.0026463407989739331 0.007071960149690611 -0.00174820831195263
leaf_weight=6836 251 824 3585 4398 1202 306 2632
leaf_count=6836 251 824 3585 4398 1202 306 2632
internal_value=6.4346e-06 0.00071821 0.000245378 -0.000228161 0.000297117 0.00437493 -0.000828738
internal_weight=20034 4966 4409 15068 8038 557 7030
internal_count=20034 4966 4409 15068 8038 557 7030
cat_boundaries=0 1
cat_threshold=3072
is_linear=0
shrinkage=0.0182397


Tree=346
num_leaves=5
num_cat=1
split_feature=55 26 6 0
split_gain=12.4376 10.2657 9.8866 2.67425
threshold=1.8291982800973254 21.302151679992679 12.500000000000002 0
decision_type=2 2 2 9
left_child=1 3 -3 -1
right_child=-2 2 -4 -5
leaf_value=-0.0031224814559096931 0.0036350750981976299 -0.00034884139610010889 0.00048179901104979057 -0.00058089721284804716
leaf_weight=423 311 10233 8924 228
leaf_count=423 311 10233 8924 228
internal_value=1.83966e-05 -3.84674e-05 3.81021e-05 -0.00229018
internal_weight=20119 19808 19157 651
internal_count=20119 19808 19157 651
cat_boundaries=0 1
cat_threshold=36
is_linear=0
shrinkage=0.0182397


Tree=347
num_leaves=8
num_cat=1
split_feature=6 6 0 14 17 6 43
split_gain=12.0643 34.3257 46.281 24.8627 20.2412 17.8715 17.7956
threshold=14.500000000000002 13.500000000000002 0 1.0578827302576586 -1.0163579999999999 15.500000000000002 26.178544998168949
decision_type=2 2 9 2 2 2 2
left_child=1 4 -3 5 -1 -2 -5
right_child=3 2 -4 6 -6 -7 -8
leaf_value=0.0016783396850837402 0.0023634315941021521 0.0080362961014937041 0.0011455614930905595 -0.0017282638334674629 -0.00033786095569913376 -0.00059710996049540572 -0.0073606330699206969
leaf_weight=1954 959 394 1695 1719 10868 2315 209
leaf_count=1954 959 394 1695 1719 10868 2315 209
internal_value=5.88572e-05 0.000322711 0.00249057 -0.000697415 -3.05564e-05 0.000270275 -0.00234037
internal_weight=20113 14911 2089 5202 12822 3274 1928
internal_count=20113 14911 2089 5202 12822 3274 1928
cat_boundaries=0 1
cat_threshold=2192
is_linear=0
shrinkage=0.0182397


Tree=348
num_leaves=7
num_cat=1
split_feature=30 6 6 55 0 51
split_gain=9.08177 8.97291 31.4581 30.8229 4.73943 2.15856
threshold=21.303610801696781 14.500000000000002 13.500000000000002 1.0069823284439103 0 21.352157497172126
decision_type=2 2 2 2 9 2
left_child=4 2 -2 -3 5 -1
right_child=1 3 -4 -5 -6 -7
leaf_value=-0.0022714697621729527 -0.00010759681542091093 -0.00028795431224225027 0.0023421651880930275 -0.0061537010778623417 3.0568576578302073e-05 -0.0049766037878294324
leaf_weight=226 12507 4651 2026 318 213 175
leaf_count=226 12507 4651 2026 318 213 175
internal_value=-6.35852e-05 5.20496e-06 0.000233977 -0.000663855 -0.00224695 -0.00337217
internal_weight=20116 19502 14533 4969 614 401
internal_count=20116 19502 14533 4969 614 401
cat_boundaries=0 1
cat_threshold=164
is_linear=0
shrinkage=0.0182397


Tree=349
num_leaves=5
num_cat=0
split_feature=52 53 41 55
split_gain=13.0861 16.6903 29.3701 13.1131
threshold=1.7296507965995647 1.061869092541851 25.738018989562992 0.62897801429499434
decision_type=2 2 2 2
left_child=1 3 -3 -1
right_child=-2 2 -4 -5
leaf_value=-0.00021474127749564344 0.0036757861667245646 -0.00059585239410404032 -0.0093862161602617858 0.001007113905086437
leaf_weight=15418 313 467 173 3605
leaf_count=15418 313 467 173 3605
internal_value=-2.17366e-05 -8.06755e-05 -0.00297681 1.68273e-05
internal_weight=19976 19663 640 19023
internal_count=19976 19663 640 19023
is_linear=0
shrinkage=0.0182397


Tree=350
num_leaves=5
num_cat=1
split_feature=46 0 33 56
split_gain=12.039 12.3343 26.3016 10.0618
threshold=33.167459487915046 0 24.840209960937504 1.7514553070068362
decision_type=2 9 2 2
left_child=1 2 -1 -3
right_child=-2 3 -4 -5
leaf_value=0.0085832443892173548 0.0048832006643478093 -8.6290206424686022e-05 -0.00042793210592197763 -0.0042353223276971087
leaf_weight=171 165 19232 290 196
leaf_count=171 165 19232 290 196
internal_value=-1.67772e-05 -5.75348e-05 0.00285768 -0.000128177
internal_weight=20054 19889 461 19428
internal_count=20054 19889 461 19428
cat_boundaries=0 1
cat_threshold=16
is_linear=0
shrinkage=0.0182397


Tree=351
num_leaves=6
num_cat=0
split_feature=58 51 53 14 9
split_gain=11.0629 13.1538 10.4666 32.657 13.4161
threshold=11.500000000000002 22.964233080595303 0.97800635207471609 1.6509264101175301 26.44217681884766
decision_type=2 2 2 2 2
left_child=2 -2 4 -4 -1
right_child=1 -3 3 -5 -6
leaf_value=-0.00013040695914018233 -0.00049955286478548877 0.0055367505144477309 -0.0058129156400343997 0.00086472659008090202 0.001582261558546358
leaf_weight=16979 225 257 414 591 1671
leaf_count=16979 225 257 414 591 1671
internal_value=-7.67182e-06 0.00272109 -7.46487e-05 -0.0018874 2.30782e-05
internal_weight=20137 482 19655 1005 18650
internal_count=20137 482 19655 1005 18650
is_linear=0
shrinkage=0.0182397


Tree=352
num_leaves=5
num_cat=0
split_feature=52 53 41 55
split_gain=11.4047 20.1953 51.4969 14.4901
threshold=1.8956635199422684 0.85652248775697792 26.094876289367679 0.62897801429499434
decision_type=2 2 2 2
left_child=1 3 -3 -1
right_child=-2 2 -4 -5
leaf_value=-8.7430853756899495e-05 0.0039777576489472043 -0.00050943377997904706 -0.010058243691843162 0.0012741401892459206
leaf_weight=15476 241 1038 229 3125
leaf_count=15476 241 1038 229 3125
internal_value=3.74322e-05 -1.04513e-05 -0.0022382 0.00014134
internal_weight=20109 19868 1267 18601
internal_count=20109 19868 1267 18601
is_linear=0
shrinkage=0.0182397


Tree=353
num_leaves=7
num_cat=1
split_feature=6 55 0 6 53 6
split_gain=8.7577 45.4847 25.8151 14.9595 33.5759 28.3096
threshold=9.5000000000000018 0.97401156030698688 0 12.500000000000002 0.57773532487889245 14.500000000000002
decision_type=2 2 9 2 2 2
left_child=1 2 -1 4 -2 -5
right_child=3 -3 -4 5 -6 -7
leaf_value=-0.0021507755777150266 -0.00028458668077337932 0.0082265569660989954 0.0013786680022504041 0.0014081412076921258 -0.0037092926651256406 -0.00060701338965526335
leaf_weight=1017 6225 255 2086 4180 1124 5209
leaf_count=1017 6225 255 2086 4180 1124 5209
internal_value=-2.17059e-05 0.000828329 0.000219273 -0.000192258 -0.000808572 0.000290161
internal_weight=20096 3358 3103 16738 7349 9389
internal_count=20096 3358 3103 16738 7349 9389
cat_boundaries=0 1
cat_threshold=2596
is_linear=0
shrinkage=0.0182397


Tree=354
num_leaves=6
num_cat=0
split_feature=58 51 53 15 55
split_gain=9.40016 12.9947 10.5786 27.0776 12.2994
threshold=11.500000000000002 22.964233080595303 0.97800635207471609 1.0668520273391735 0.6238929016818402
decision_type=2 2 2 2 2
left_child=2 -2 4 -4 -1
right_child=1 -3 3 -5 -6
leaf_value=-0.00016630293683052142 -0.00067833938869601897 0.0052043900003693813 -0.0068850136576348708 -7.6737080712893977e-05 0.0010338389014691379
leaf_weight=15114 232 270 263 741 3498
leaf_count=15114 232 270 263 741 3498
internal_value=2.39763e-05 0.00248747 -3.91221e-05 -0.00186242 5.92747e-05
internal_weight=20118 502 19616 1004 18612
internal_count=20118 502 19616 1004 18612
is_linear=0
shrinkage=0.0182397


Tree=355
num_leaves=6
num_cat=1
split_feature=0 48 53 52 53
split_gain=9.87228 51.4315 17.6138 24.7896 13.9895
threshold=0 24.353345870596684 1.5984034883671894 1.2743513464849165 0.77997736678812191
decision_type=9 2 2 2 2
left_child=1 4 3 -2 -1
right_child=2 -3 -4 -5 -6
leaf_value=-0.00069948001814698548 0.0001547294020549104 -0.0092675654333790047 0.0045315003749484386 -0.0067769166150332691 0.0036862410355394332
leaf_weight=2634 16582 229 301 173 266
leaf_count=2634 16582 229 301 173 266
internal_value=-1.14215e-05 -0.00095142 0.000161509 8.29821e-05 -0.000296705
internal_weight=20185 3129 17056 16755 2900
internal_count=20185 3129 17056 16755 2900
cat_boundaries=0 1
cat_threshold=516
is_linear=0
shrinkage=0.0182397


Tree=356
num_leaves=7
num_cat=0
split_feature=7 53 6 6 55 55
split_gain=10.5995 18.5451 16.169 24.9738 16.6949 13.7474
threshold=45.500000000000007 0.90196933834286785 10.500000000000002 12.500000000000002 0.34655209295257133 0.44252968605635984
decision_type=2 2 2 2 2 2
left_child=2 5 4 -4 -1 -2
right_child=1 -3 3 -5 -6 -7
leaf_value=5.7370507983455201e-05 -0.0011963034822698505 -0.0050194979108633877 -0.00130254085617554 0.00052690386775671783 0.0023736556815029059 0.00089667093933341879
leaf_weight=2012 2773 310 3730 7420 2132 1674
leaf_count=2012 2773 310 3730 7420 2132 1674
internal_value=4.25522e-05 -0.000709354 0.000276436 -8.5126e-05 0.00124918 -0.000408427
internal_weight=20051 4757 15294 11150 4144 4447
internal_count=20051 4757 15294 11150 4144 4447
is_linear=0
shrinkage=0.0182397


Tree=357
num_leaves=8
num_cat=1
split_feature=52 0 7 54 7 53 54
split_gain=10.5649 29.9598 17.7851 17.1412 13.2527 16.1508 12.138
threshold=0.36779760435636627 0 12.500000000000002 0.74607760889089192 13.500000000000002 0.16067050639412231 0.84123698023072102
decision_type=2 9 2 2 2 2 2
left_child=4 3 -3 -2 6 -6 -1
right_child=1 2 -4 -5 5 -7 -8
leaf_value=-0.00091974193854928545 0.0024637529340872672 0.0025669535799579452 -0.00031650510997799385 0.0091697402051051854 0.00086387153788562384 -0.00050395291999438851 -0.0057502245822866269
leaf_weight=3376 366 891 3528 194 5173 6455 182
leaf_count=3376 366 891 3528 194 5173 6455 182
internal_value=4.55593e-05 0.000774645 0.000264484 0.00470826 -0.0001935 0.000104567 -0.00116751
internal_weight=20165 4979 4419 560 15186 11628 3558
internal_count=20165 4979 4419 560 15186 11628 3558
cat_boundaries=0 1
cat_threshold=3072
is_linear=0
shrinkage=0.0182397


Tree=358
num_leaves=8
num_cat=0
split_feature=40 6 29 6 7 47 6
split_gain=9.36983 8.25386 18.437 14.5021 6.54884 7.42845 6.0725
threshold=21.48317909240723 15.500000000000002 24.06029319591309 12.500000000000002 29.500000000000004 21.244297027587894 14.500000000000002
decision_type=2 2 2 2 2 2 2
left_child=4 3 -3 -2 5 -1 -6
right_child=1 2 -4 -5 6 -7 -8
leaf_value=0.0026996045450712936 -0.00021653213161723585 -0.00030066824868964253 -0.0049241191599098573 0.00090219424035944094 -0.0043818348130488967 -0.0015986683073846417 -0.00084976338244374943
leaf_weight=198 10212 2097 332 6192 367 410 290
leaf_count=198 10212 2097 332 6192 367 410 290
internal_value=-4.32601e-05 5.88238e-05 -0.000933387 0.000205765 -0.00156255 -0.000197962 -0.00282439
internal_weight=20098 18833 2429 16404 1265 608 657
internal_count=20098 18833 2429 16404 1265 608 657
is_linear=0
shrinkage=0.0182397


Tree=359
num_leaves=5
num_cat=0
split_feature=55 7 55 6
split_gain=13.1591 8.99522 18.5874 14.3731
threshold=1.8291982800973254 45.500000000000007 1.0263217621186491 9.5000000000000018
decision_type=2 2 2 2
left_child=1 3 -3 -1
right_child=-2 2 -4 -5
leaf_value=0.0015023889926206206 0.0037532252777634314 -0.00045386764913638223 -0.0054967404777920593 -5.5797979279257553e-05
leaf_weight=2328 310 4387 257 12774
leaf_count=2328 310 4387 257 12774
internal_value=2.71328e-05 -3.14469e-05 -0.000733436 0.000184436
internal_weight=20056 19746 4644 15102
internal_count=20056 19746 4644 15102
is_linear=0
shrinkage=0.0182397


Tree=360
num_leaves=8
num_cat=0
split_feature=6 8 53 6 53 14 55
split_gain=9.2195 16.5229 13.1282 11.0516 25.5244 24.8043 8.39805
threshold=15.500000000000002 3.5000000000000004 0.20346503447919045 12.500000000000002 0.85652248775697792 1.2955346469771876 0.54496086522772835
decision_type=2 2 2 2 2 2 2
left_child=3 6 -3 4 -1 -5 -2
right_child=1 2 -4 5 -6 -7 -8
leaf_value=6.3455268582436641e-05 -0.0005271009631914299 0.0010283085853975437 -0.0049475441034805443 0.0020617595696464761 -0.0033301160136032823 -0.00021206978224079051 0.0035477890246336263
leaf_weight=9939 2033 162 497 2796 796 3718 183
leaf_count=9939 2033 162 497 2796 796 3718 183
internal_value=1.19457e-05 -0.000944235 -0.00347881 0.000171338 -0.000188304 0.000763998 -0.000189954
internal_weight=20124 2875 659 17249 10735 6514 2216
internal_count=20124 2875 659 17249 10735 6514 2216
is_linear=0
shrinkage=0.0182397


Tree=361
num_leaves=4
num_cat=0
split_feature=46 9 55
split_gain=10.5491 9.04378 8.25672
threshold=33.167459487915046 21.167119026184086 1.8291982800973254
decision_type=2 2 2
left_child=1 -1 -3
right_child=-2 2 -4
leaf_value=-0.0031110309175532342 0.0045268660806674701 -5.4822440156341162e-05 0.0029531338391983377
leaf_weight=317 168 19339 308
leaf_count=317 168 19339 308
internal_value=-1.85984e-05 -5.69481e-05 -7.60254e-06
internal_weight=20132 19964 19647
internal_count=20132 19964 19647
is_linear=0
shrinkage=0.0182397


Tree=362
num_leaves=6
num_cat=0
split_feature=58 53 41 51 52
split_gain=9.10614 11.4324 27.5967 10.7835 9.70497
threshold=11.500000000000002 0.97800635207471609 25.738018989562992 22.964233080595303 0.41118097268647874
decision_type=2 2 2 2 2
left_child=1 4 -3 -2 -1
right_child=3 2 -4 -5 -6
leaf_value=-0.00019057970866793582 -0.00050506042418710969 -0.00023162964227270688 -0.0071157489559472362 0.0049750208958915122 0.00089721820769323661
leaf_weight=15243 222 765 259 258 3323
leaf_count=15243 222 765 259 258 3323
internal_value=-3.85268e-05 -9.93673e-05 -0.00197514 0.00244234 4.13437e-06
internal_weight=20070 19590 1024 480 18566
internal_count=20070 19590 1024 480 18566
is_linear=0
shrinkage=0.0182397


Tree=363
num_leaves=8
num_cat=0
split_feature=43 7 58 52 6 23 13
split_gain=11.3225 13.1508 12.3152 13.0679 9.30314 8.38134 5.4138
threshold=21.982161521911625 29.500000000000004 11.500000000000002 0.36417667000357379 12.500000000000002 22.665119171142582 1.0000000180025095e-35
decision_type=2 2 2 2 2 2 2
left_child=1 6 4 -4 -2 -3 -1
right_child=2 5 3 -5 -6 -7 -8
leaf_value=-0.00028978842793101969 -0.0002878760416594354 -0.0016931711283106005 0.00019004569157248419 0.0070229349545957971 0.00057917653454743468 -0.0057778649400854658 0.0026571204012951232
leaf_weight=1162 9498 1427 196 177 7266 189 252
leaf_count=1162 9498 1427 196 177 7266 189 252
internal_value=-2.08205e-05 -0.00104855 0.000160914 0.00343692 8.79348e-05 -0.00217234 0.000236067
internal_weight=20167 3030 17137 373 16764 1616 1414
internal_count=20167 3030 17137 373 16764 1616 1414
is_linear=0
shrinkage=0.0182397


Tree=364
num_leaves=5
num_cat=0
split_feature=55 7 55 6
split_gain=13.8745 8.39744 18.6384 14.1916
threshold=1.8291982800973254 45.500000000000007 1.0263217621186491 10.500000000000002
decision_type=2 2 2 2
left_child=1 3 -3 -1
right_child=-2 2 -4 -5
leaf_value=0.0010697617244686331 0.0037879735793111464 -0.00045900264303599904 -0.0055757488303101368 -0.00018882006959184438
leaf_weight=4089 317 4364 250 10992
leaf_count=4089 317 4364 250 10992
internal_value=5.0922e-06 -5.58783e-05 -0.000736748 0.000152448
internal_weight=20012 19695 4614 15081
internal_count=20012 19695 4614 15081
is_linear=0
shrinkage=0.0182397


Tree=365
num_leaves=4
num_cat=0
split_feature=46 30 44
split_gain=9.81168 11.7401 8.87627
threshold=33.167459487915046 30.369392394636233 29.138185501098636
decision_type=2 2 2
left_child=1 2 -1
right_child=-2 -3 -4
leaf_value=-7.5255892028298636e-05 0.0044141209587379888 -0.003533547700236618 0.0032954754307863592
leaf_weight=19375 162 323 263
leaf_count=19375 162 323 263
internal_value=-5.04793e-05 -8.68097e-05 -3.00409e-05
internal_weight=20123 19961 19638
internal_count=20123 19961 19638
is_linear=0
shrinkage=0.0182397


Tree=366
num_leaves=7
num_cat=1
split_feature=0 19 56 6 53 6
split_gain=10.277 35.5083 10.9503 14.5516 10.3526 10.2263
threshold=0 24.731605529401858 -0.025174140930175778 9.5000000000000018 0.75022653245630766 12.500000000000002
decision_type=9 2 2 2 2 2
left_child=1 4 5 -4 -1 -2
right_child=2 -3 3 -5 -6 -7
leaf_value=-0.00089298027102315079 -0.00096208602052593904 -0.0092348809581457216 0.0021240249627505173 0.00024150852338932063 0.0026717460955914033 0.00040192369651187958
leaf_weight=2611 4185 164 1652 7883 302 3247
leaf_count=2611 4185 164 1652 7883 302 3247
internal_value=-1.74759e-05 -0.000985446 0.000158576 0.00056775 -0.000523066 -0.000366169
internal_weight=20044 3077 16967 9535 2913 7432
internal_count=20044 3077 16967 9535 2913 7432
cat_boundaries=0 1
cat_threshold=516
is_linear=0
shrinkage=0.0182397


Tree=367
num_leaves=6
num_cat=0
split_feature=9 7 52 6 31
split_gain=9.45136 8.87624 25.025 10.0124 0.748058
threshold=21.167119026184086 45.500000000000007 1.1074545177776149 10.500000000000002 21.275311470031742
decision_type=2 2 2 2 2
left_child=4 3 -3 -2 -1
right_child=1 2 -4 -5 -6
leaf_value=-0.0039439401820466511 0.00095763966254097644 -0.00044962698435725218 -0.0073796900784975352 -9.4700954634162137e-05 -0.0022154685910125392
leaf_weight=171 4142 4417 180 10982 167
leaf_count=171 4142 4417 180 10982 167
internal_value=-7.16861e-05 -1.98198e-05 -0.000721661 0.000193522 -0.00309392
internal_weight=20059 19721 4597 15124 338
internal_count=20059 19721 4597 15124 338
is_linear=0
shrinkage=0.0182397


Tree=368
num_leaves=6
num_cat=0
split_feature=18 7 52 54 7
split_gain=9.12643 7.55775 14.8931 9.24544 0.603842
threshold=21.167732238769535 45.500000000000007 0.88854701235937883 1.882414355890208 32.500000000000007
decision_type=2 2 2 2 2
left_child=4 3 -3 -2 -1
right_child=1 2 -4 -5 -6
leaf_value=-0.0038168721630454172 0.00029513043397131489 -0.00033238439224635944 -0.0046483132894504457 -0.003847052948126949 -0.0022308789377019499
leaf_weight=163 14986 4323 283 181 162
leaf_count=163 14986 4323 283 181 162
internal_value=-7.87696e-07 4.90751e-05 -0.000597981 0.000245588 -0.0030304
internal_weight=20098 19773 4606 15167 325
internal_count=20098 19773 4606 15167 325
is_linear=0
shrinkage=0.0182397


Tree=369
num_leaves=7
num_cat=0
split_feature=7 36 51 19 41 6
split_gain=8.84067 15.2728 16.5765 11.4335 23.1378 7.50248
threshold=50.500000000000007 27.360423089238285 26.0075818061696 26.583355903625492 25.701913833618168 12.500000000000002
decision_type=2 2 2 2 2 2
left_child=3 2 -2 5 -5 -1
right_child=1 -3 -4 4 -6 -7
leaf_value=-0.00037152681628795683 -0.0009141907573884645 -0.0055690036380209142 0.0045664364116109564 0.0068578439357750388 0.00070877722990811333 0.00042941919097816731
leaf_weight=7696 2619 215 197 242 1271 7868
leaf_count=7696 2619 215 197 242 1271 7868
internal_value=1.94124e-05 -0.000888309 -0.000530127 0.000180543 0.00169401 3.33726e-05
internal_weight=20108 3031 2816 17077 1513 15564
internal_count=20108 3031 2816 17077 1513 15564
is_linear=0
shrinkage=0.0182397


Tree=370
num_leaves=5
num_cat=0
split_feature=9 6 52 53
split_gain=8.58367 7.15396 22.8384 20.0658
threshold=21.167119026184086 10.500000000000002 1.5626805193017568 1.3741556482490884
decision_type=2 2 2 2
left_child=-1 3 -3 -2
right_child=1 2 -4 -5
leaf_value=-0.0029691688844115825 0.00079040058000131208 -0.00027755277996879796 0.0052805062528775305 -0.0050838378097272244
leaf_weight=319 5557 13730 250 200
leaf_count=319 5557 13730 250 200
internal_value=-3.15829e-06 4.48451e-05 -0.000177997 0.000585955
internal_weight=20056 19737 13980 5757
internal_count=20056 19737 13980 5757
is_linear=0
shrinkage=0.0182397


Tree=371
num_leaves=5
num_cat=1
split_feature=56 52 0 53
split_gain=10.3903 11.4708 27.6782 12.7252
threshold=-1.4963693618774412 0.37272304802647022 0 0.18909724549232473
decision_type=2 2 9 2
left_child=-1 3 -3 -2
right_child=1 2 -4 -5
leaf_value=-0.0032633975951187068 0.0002921831010586615 0.0046911326150525477 0.00032015036695280685 -0.0007653640728271107
leaf_weight=321 8128 536 4128 7084
leaf_count=321 8128 536 4128 7084
internal_value=-1.02896e-05 4.23196e-05 0.000833615 -0.000200309
internal_weight=20197 19876 4664 15212
internal_count=20197 19876 4664 15212
cat_boundaries=0 1
cat_threshold=3072
is_linear=0
shrinkage=0.0182397


Tree=372
num_leaves=8
num_cat=1
split_feature=6 55 6 0 55 15 17
split_gain=9.12552 30.6671 21.5945 39.9768 18.3281 14.801 12.4064
threshold=14.500000000000002 0.962331275081722 13.500000000000002 0 1.8291982800973254 2.1221206250330669 -0.92220649999999993
decision_type=2 2 2 9 2 2 2
left_child=2 5 4 -4 -1 -2 -3
right_child=1 6 3 -5 -6 -7 -8
leaf_value=-0.00017685513090078919 0.00036425999251937688 -0.0026898225881249118 0.0068896058283841781 0.00064066611505850701 0.0052634239129954801 -0.001829000333450704 -0.0094093613367742315
leaf_weight=12616 3358 201 416 1728 209 1472 168
leaf_count=12616 3358 201 416 1728 209 1472 168
internal_value=-3.3401e-05 -0.000691709 0.000195255 0.00188943 -8.80212e-05 -0.000304268 -0.00575669
internal_weight=20168 5199 14969 2144 12825 4830 369
internal_count=20168 5199 14969 2144 12825 4830 369
cat_boundaries=0 1
cat_threshold=2192
is_linear=0
shrinkage=0.0182397


Tree=373
num_leaves=6
num_cat=0
split_feature=58 51 54 17 18
split_gain=10.017 14.7888 11.8003 29.2506 10.6856
threshold=11.500000000000002 22.964233080595303 1.2823806037734666 -1.0052239999999999 26.096968650817875
decision_type=2 2 2 2 2
left_child=2 -2 4 -4 -1
right_child=1 -3 3 -5 -6
leaf_value=-8.9358068508880393e-05 -0.00080251913568613227 0.0055690086768996295 0.0045626742399579971 -0.0041979293475425646 0.0012603965686988174
leaf_weight=16644 225 262 162 578 2210
leaf_count=16644 225 262 162 578 2210
internal_value=4.4431e-05 0.00262722 -1.98206e-05 -0.0022785 6.88812e-05
internal_weight=20081 487 19594 740 18854
internal_count=20081 487 19594 740 18854
is_linear=0
shrinkage=0.0182397


Tree=374
num_leaves=8
num_cat=1
split_feature=52 0 7 16 17 28 7
split_gain=10.5071 25.8737 18.8319 16.9032 12.0309 12.4744 9.78427
threshold=0.36779760435636627 0 12.500000000000002 -1.0001379999999995 0.53204499999999999 26.554395675659183 10.500000000000002
decision_type=2 9 2 2 2 2 2
left_child=4 3 -3 -2 6 -6 -1
right_child=1 2 -4 -5 5 -7 -8
leaf_value=-0.0010221065246755934 0.0083469644159620132 0.0025838865512769638 -0.00044131244180955641 0.0022576567885652372 -0.00091836942665283767 -0.0060597202816081806 0.00032168509719161982
leaf_weight=2214 201 862 3319 616 3086 165 9692
leaf_count=2214 201 862 3319 616 3086 165 9692
internal_value=4.2379e-05 0.000767572 0.000182166 0.00371401 -0.000196768 -0.0011801 7.17696e-05
internal_weight=20155 4998 4181 817 15157 3251 11906
internal_count=20155 4998 4181 817 15157 3251 11906
cat_boundaries=0 1
cat_threshold=3088
is_linear=0
shrinkage=0.0182397


Tree=375
num_leaves=5
num_cat=0
split_feature=55 10 7 55
split_gain=11.0729 9.3067 24.7819 16.4127
threshold=1.8291982800973254 3.5000000000000004 24.500000000000004 1.5355497297555496
decision_type=2 2 2 2
left_child=1 3 -3 -1
right_child=-2 2 -4 -5
leaf_value=-4.9828530794911799e-05 0.0034111365465891155 -0.0015981627267591255 0.0033006943100939894 -0.0052849424940874194
leaf_weight=18190 322 559 890 201
leaf_count=18190 322 559 890 201
internal_value=5.82211e-05 3.72936e-06 0.00141089 -0.00010717
internal_weight=20162 19840 1449 18391
internal_count=20162 19840 1449 18391
is_linear=0
shrinkage=0.0182397


Tree=376
num_leaves=8
num_cat=0
split_feature=10 7 7 47 56 44 42
split_gain=10.9656 25.8557 29.3873 27.6825 8.50397 10.3611 8.04703
threshold=3.5000000000000004 24.500000000000004 46.500000000000007 24.566896438129888 -0.025174140930175778 23.934123039245609 25.738530158996586
decision_type=2 2 2 2 2 2 2
left_child=4 3 -3 -2 6 -6 -1
right_child=1 2 -4 -5 5 -7 -8
leaf_value=-0.00021055968683605781 -0.0050735492564463356 0.0056085997648297808 -0.0012843391345153676 0.0028488898157881149 -0.00015309281891333839 0.0010233372479758508 -0.001699195181774965
leaf_weight=6607 319 649 301 271 6402 4076 1478
leaf_count=6607 319 649 301 271 6402 4076 1478
internal_value=8.43583e-05 0.00156313 0.00342504 -0.00143519 -3.83557e-05 0.000304569 -0.000482771
internal_weight=20103 1540 950 590 18563 10478 8085
internal_count=20103 1540 950 590 18563 10478 8085
is_linear=0
shrinkage=0.0182397


Tree=377
num_leaves=7
num_cat=1
split_feature=7 52 55 0 10 36
split_gain=8.06688 40.3418 20.3845 12.6382 23.4375 9.5286
threshold=45.500000000000007 1.1074545177776149 0.6190888189598881 0 3.5000000000000004 26.877029418945316
decision_type=2 2 2 9 2 2
left_child=3 2 -2 5 -5 -1
right_child=1 -3 -4 4 -6 -7
leaf_value=-0.00031626026206982771 -0.00096379374682726844 -0.0091673137610715806 0.0020194337049280406 0.00049317895285525123 0.0044705109817993298 0.0036854740149506438
leaf_weight=8938 3561 178 969 5606 540 202
leaf_count=8938 3561 178 969 5606 540 202
internal_value=-5.17849e-07 -0.000660641 -0.000325525 0.00020281 0.000841561 -0.000227397
internal_weight=19994 4708 4530 15286 6146 9140
internal_count=19994 4708 4530 15286 6146 9140
cat_boundaries=0 1
cat_threshold=621
is_linear=0
shrinkage=0.0182397


Tree=378
num_leaves=8
num_cat=0
split_feature=8 53 40 53 6 55 45
split_gain=8.15959 15.2969 26.8947 14.6507 14.4494 31.4691 29.977
threshold=1.5000000000000002 0.81484770342887403 22.795201301574711 0.48259137129914775 14.500000000000002 1.2650590720051402 25.785798072814945
decision_type=2 2 2 2 2 2 2
left_child=4 3 -3 -2 5 -1 -6
right_child=1 2 -4 -5 6 -7 -8
leaf_value=0.00056791493187098618 -0.00032782312684331556 0.0031912929853973454 -0.0045319214840763133 0.0014344772465086785 0.0003947269085173104 0.0064335162440263575 -0.0070368413406694053
leaf_weight=5410 10690 198 615 1839 691 322 244
leaf_count=5410 10690 198 615 1839 691 322 244
internal_value=3.38916e-05 -0.000226479 -0.00265028 -6.91123e-05 0.000554926 0.000897889 -0.00154703
internal_weight=20009 13342 813 12529 6667 5732 935
internal_count=20009 13342 813 12529 6667 5732 935
is_linear=0
shrinkage=0.0182397


Tree=379
num_leaves=5
num_cat=0
split_feature=55 10 54 53
split_gain=12.1489 8.15449 28.9094 16.0548
threshold=1.8291982800973254 3.5000000000000004 0.96135254084488364 0.97800635207471609
decision_type=2 2 2 2
left_child=1 3 -3 -1
right_child=-2 2 -4 -5
leaf_value=5.9075556287952374e-05 0.0036538582494434926 0.00041889730029967336 0.0083560909495353584 -0.0026630433207684573
leaf_weight=17688 316 1275 173 751
leaf_count=17688 316 1275 173 751
internal_value=0.000108082 5.16606e-05 0.00136945 -5.18542e-05
internal_weight=20203 19887 1448 18439
internal_count=20203 19887 1448 18439
is_linear=0
shrinkage=0.0182397


Tree=380
num_leaves=7
num_cat=0
split_feature=6 55 6 7 6 15
split_gain=9.35139 28.1299 22.4586 36.7372 18.4864 13.4108
threshold=14.500000000000002 1.0069823284439103 12.500000000000002 30.500000000000004 10.500000000000002 3.182787292658082
decision_type=2 2 2 2 2 2
left_child=2 5 4 -4 -1 -2
right_child=1 -3 3 -5 -6 -7
leaf_value=0.00049339836479909407 0.00022454425245201047 -0.0059583824045930777 0.0030317559573912667 -0.00037646564014683282 -0.0010312850093947433 -0.0019940044305957168
leaf_weight=5814 3730 312 2161 2050 4854 1197
leaf_count=5814 3730 312 2161 2050 4854 1197
internal_value=1.15254e-05 -0.000651155 0.000244872 0.0013727 -0.000200355 -0.000314576
internal_weight=20118 5239 14879 4211 10668 4927
internal_count=20118 5239 14879 4211 10668 4927
is_linear=0
shrinkage=0.0182397


Tree=381
num_leaves=7
num_cat=1
split_feature=31 55 9 53 0 50
split_gain=9.37505 8.08534 21.6968 10.4969 3.51914 1.56725
threshold=21.304433822631839 0.6190888189598881 21.740428925412601 0.71939993377055178 0 21.312775993253421
decision_type=2 2 2 2 9 2
left_child=4 3 -3 -2 5 -1
right_child=1 2 -4 -5 -6 -7
leaf_value=-0.0022373520261230015 -6.4614588580396066e-05 -0.0053491116220835081 0.0010012487659585407 -0.004206394498047699 -0.00016660091104218823 -0.0044941168500525876
leaf_weight=259 14664 186 4484 206 217 171
leaf_count=259 14664 186 4484 206 217 171
internal_value=1.42675e-05 8.58141e-05 0.000747842 -0.000122115 -0.0021451 -0.00306723
internal_weight=20187 19540 4670 14870 647 430
internal_count=20187 19540 4670 14870 647 430
cat_boundaries=0 1
cat_threshold=164
is_linear=0
shrinkage=0.0182397


Tree=382
num_leaves=6
num_cat=1
split_feature=53 18 52 0 52
split_gain=9.5263 24.0739 14.6134 30.5269 12.1092
threshold=1.5984034883671894 25.514599800109867 0.86063684159986531 0 0.40556062280394495
decision_type=2 2 2 9 2
left_child=2 -2 4 -4 -1
right_child=1 -3 3 -5 -6
leaf_value=-0.00015019879699052031 0.0069698225571193312 -0.0020423384515833184 0.00016128482675464224 -0.0069698328186619286 0.0010818316847357951
leaf_weight=15664 213 183 574 298 3195
leaf_count=15664 213 183 574 298 3195
internal_value=8.03016e-06 0.00280747 -4.82158e-05 -0.00235605 5.85462e-05
internal_weight=20127 396 19731 872 18859
internal_count=20127 396 19731 872 18859
cat_boundaries=0 1
cat_threshold=2753
is_linear=0
shrinkage=0.0182397


Tree=383
num_leaves=6
num_cat=0
split_feature=58 51 51 27 47
split_gain=9.70605 13.1042 8.40147 21.843 14.8717
threshold=11.500000000000002 22.964233080595303 26.154037634518392 25.922722816467289 25.862066268920902
decision_type=2 2 2 2 2
left_child=2 -2 4 -4 -1
right_child=1 -3 3 -5 -6
leaf_value=-0.00010890177816559426 -0.00083451210180927654 0.0052429303375126522 0.0064941746589265098 0.00036758134516765489 -0.0024001708380250236
leaf_weight=16250 213 264 212 2184 1000
leaf_count=16250 213 264 212 2184 1000
internal_value=-3.8762e-05 0.00253084 -0.000101206 0.00091076 -0.000241787
internal_weight=20123 477 19646 2396 17250
internal_count=20123 477 19646 2396 17250
is_linear=0
shrinkage=0.0182397


Tree=384
num_leaves=8
num_cat=0
split_feature=10 7 54 10 52 43 40
split_gain=8.53616 34.5224 34.5553 21.0858 10.9746 27.9923 8.28732
threshold=3.5000000000000004 24.500000000000004 0.92825756469940146 4.5000000000000009 0.83472446786191534 23.026160240173343 21.45935153961182
decision_type=2 2 2 2 2 2 2
left_child=4 3 -3 -2 6 -6 -1
right_child=1 2 -4 -5 5 -7 -8
leaf_value=-0.0015032556007501807 0.00030976924237960201 0.0018659704486121169 0.010995668438456587 -0.0068991263887521383 0.0038657660052269691 -0.0035351356725948921 0.00010995997472542918
leaf_weight=1132 405 784 167 202 216 793 16427
leaf_count=1132 405 784 167 202 216 793 16427
internal_value=8.42639e-06 0.00130502 0.00347353 -0.0020925 -0.000100396 -0.00194981 5.92354e-06
internal_weight=20126 1558 951 607 18568 1009 17559
internal_count=20126 1558 951 607 18568 1009 17559
is_linear=0
shrinkage=0.0182397


Tree=385
num_leaves=4
num_cat=0
split_feature=52 56 52
split_gain=13.2756 11.8305 7.97353
threshold=1.7296507965995647 -1.4963693618774412 0.83472446786191534
decision_type=2 2 2
left_child=1 -1 -3
right_child=-2 2 -4
leaf_value=-0.0039489235633770508 0.0037817480492482389 0.00010190669796667137 -0.001735079968930774
leaf_weight=252 309 18776 820
leaf_count=252 309 18776 820
internal_value=3.29047e-05 -2.55411e-05 2.50002e-05
internal_weight=20157 19848 19596
internal_count=20157 19848 19596
is_linear=0
shrinkage=0.0182397


Tree=386
num_leaves=5
num_cat=0
split_feature=47 22 17 22
split_gain=10.0842 8.39829 26.2314 11.2178
threshold=33.175825119018562 29.188103673725589 -1.0350035 27.083062171936039
decision_type=2 2 2 2
left_child=1 3 -3 -1
right_child=-2 2 -4 -5
leaf_value=-8.1612972741604501e-05 0.004467251549470844 0.0017591220189138769 -0.0067811229558511488 0.002245686887679487
leaf_weight=18663 165 243 235 715
leaf_count=18663 165 243 235 715
internal_value=-1.727e-05 -5.46337e-05 -0.00244191 4.30765e-06
internal_weight=20021 19856 478 19378
internal_count=20021 19856 478 19378
is_linear=0
shrinkage=0.0182397


Tree=387
num_leaves=5
num_cat=0
split_feature=44 30 22 54
split_gain=10.2072 10.516 10.5111 4.78555
threshold=33.136613845825202 30.369392394636233 27.216163635637212 0.335073686271878
decision_type=2 2 2 2
left_child=1 2 -1 -3
right_child=-2 3 -4 -5
leaf_value=-0.00011246902084311734 0.0044295871195763944 -0.0011062078290322817 0.0020269682938127034 -0.0055336253640004699
leaf_weight=18744 168 162 796 163
leaf_count=18744 168 162 796 163
internal_value=-4.15205e-05 -7.94303e-05 -2.52712e-05 -0.00333121
internal_weight=20033 19865 19540 325
internal_count=20033 19865 19540 325
is_linear=0
shrinkage=0.0182397


Tree=388
num_leaves=5
num_cat=0
split_feature=56 56 6 6
split_gain=10.2531 9.34016 17.775 13.6625
threshold=1.7514553070068362 -0.025174140930175778 10.500000000000002 12.500000000000002
decision_type=2 2 2 2
left_child=1 3 -3 -1
right_child=-2 2 -4 -5
leaf_value=-0.0010963615021715579 -0.0039143580727977198 0.0014952310146267424 -0.00011517606179360566 0.00035443138753871281
leaf_weight=4838 225 3200 7930 3900
leaf_count=4838 225 3200 7930 3900
internal_value=-4.64178e-05 -2.52867e-06 0.000347875 -0.000448849
internal_weight=20093 19868 11130 8738
internal_count=20093 19868 11130 8738
is_linear=0
shrinkage=0.0182397


Tree=389
num_leaves=5
num_cat=0
split_feature=58 51 56 56
split_gain=14.866 18.7341 11.9583 9.43548
threshold=11.500000000000002 22.964233080595303 1.7514553070068362 -0.013087271323241721
decision_type=2 2 2 2
left_child=2 -2 3 -1
right_child=1 -3 -4 -5
leaf_value=-0.00043632503639575489 -0.00073709908303702773 0.0063477138566911707 -0.0042982684051491036 0.00036838952205377721
leaf_weight=9289 228 272 219 10137
leaf_count=9289 228 272 219 10137
internal_value=1.48464e-05 0.00311923 -6.42338e-05 -1.64049e-05
internal_weight=20145 500 19645 19426
internal_count=20145 500 19645 19426
is_linear=0
shrinkage=0.0182397


Tree=390
num_leaves=6
num_cat=0
split_feature=6 55 19 54 10
split_gain=7.64789 39.3772 21.233 15.2249 9.15022
threshold=9.5000000000000018 1.0263217621186491 23.177871704101566 1.882414355890208 1.5000000000000002
decision_type=2 2 2 2 2
left_child=1 2 -1 4 -2
right_child=3 -3 -4 -5 -6
leaf_value=-0.0020843802206283067 0.00021457307327524136 0.0082432751343957545 0.0012314292773318316 -0.0049360536279928827 -0.000687532798030075
leaf_weight=906 10734 220 2206 219 5741
leaf_count=906 10734 220 2206 219 5741
internal_value=-4.11542e-06 0.00079367 0.000265936 -0.000163364 -9.97914e-05
internal_weight=20026 3332 3112 16694 16475
internal_count=20026 3332 3112 16694 16475
is_linear=0
shrinkage=0.0182397


Tree=391
num_leaves=8
num_cat=0
split_feature=56 21 35 54 52 16 6
split_gain=9.78476 15.2677 23.3435 10.2631 27.2089 8.9037 6.47374
threshold=-0.025174140930175778 26.877029418945316 26.718588829040531 1.2823806037734666 1.2743513464849165 -2.0046370000000002 12.500000000000002
decision_type=2 2 2 2 2 2 2
left_child=3 5 -3 6 -5 -2 -1
right_child=1 2 -4 4 -6 -7 -8
leaf_value=-0.00085799685135673639 -0.00087469879105756638 0.0083495752096829461 0.00091010113006628225 -0.0079503539663989334 0.0018220500562207728 0.00038527486595734897 0.00016263504668746588
leaf_weight=4663 2421 188 550 206 175 8132 3714
leaf_count=4663 2421 188 550 206 175 8132 3714
internal_value=-8.12584e-05 0.000273618 0.0028091 -0.000538764 -0.00346479 9.61956e-05 -0.000405508
internal_weight=20049 11291 738 8758 381 10553 8377
internal_count=20049 11291 738 8758 381 10553 8377
is_linear=0
shrinkage=0.0182397


Tree=392
num_leaves=5
num_cat=1
split_feature=55 28 53 0
split_gain=9.07619 7.41891 8.80892 3.51727
threshold=1.8291982800973254 21.302395820617679 0.10149268249101215 0
decision_type=2 2 2 9
left_child=1 3 -3 -1
right_child=-2 2 -4 -5
leaf_value=-0.0029567118510492132 0.0030873085516473333 0.00084950613368357103 -0.00015038647421480666 -8.2437635195679946e-05
leaf_weight=404 316 3610 15581 227
leaf_count=404 316 3610 15581 227
internal_value=2.26357e-05 -2.62884e-05 3.77175e-05 -0.00197161
internal_weight=20138 19822 19191 631
internal_count=20138 19822 19191 631
cat_boundaries=0 1
cat_threshold=36
is_linear=0
shrinkage=0.0182397


Tree=393
num_leaves=8
num_cat=0
split_feature=10 7 7 47 53 42 55
split_gain=10.087 24.9348 31.2467 27.2641 10.2186 49.4183 11.4356
threshold=3.5000000000000004 24.500000000000004 46.500000000000007 24.566896438129888 0.79590052366101027 25.672144889831547 0.64002716168356932
decision_type=2 2 2 2 2 2 2
left_child=4 3 -3 -2 6 -6 -1
right_child=1 2 -4 -5 5 -7 -8
leaf_value=-0.00019305888042071381 -0.0050715010714343211 0.0055581552951180979 -0.001443699606599491 0.0026981844664732664 0.00026626808838822188 -0.0076496795566066362 0.001140885402652696
leaf_weight=14546 326 639 317 278 1122 342 2506
leaf_count=14546 326 639 317 278 1122 342 2506
internal_value=-3.87941e-06 0.00140445 0.00323681 -0.00149603 -0.000122564 -0.00158469 3.00493e-06
internal_weight=20076 1560 956 604 18516 1464 17052
internal_count=20076 1560 956 604 18516 1464 17052
is_linear=0
shrinkage=0.0182397


Tree=394
num_leaves=5
num_cat=0
split_feature=52 53 41 55
split_gain=7.37037 15.9347 38.5832 11.0876
threshold=1.8956635199422684 0.97800635207471609 26.139274597167972 0.6190888189598881
decision_type=2 2 2 2
left_child=1 3 -3 -1
right_child=-2 2 -4 -5
leaf_value=-0.00014819822822355848 0.0031634623940738843 -0.00043065283708549858 -0.0097895029522783866 0.00096726057433564367
leaf_weight=15363 241 672 187 3673
leaf_count=15363 241 672 187 3673
internal_value=-4.19179e-06 -4.26326e-05 -0.002472 6.70472e-05
internal_weight=20136 19895 859 19036
internal_count=20136 19895 859 19036
is_linear=0
shrinkage=0.0182397


Tree=395
num_leaves=7
num_cat=0
split_feature=45 58 56 24 40 20
split_gain=9.21141 8.16774 10.0241 7.63766 6.33951 5.97079
threshold=21.964903831481937 11.500000000000002 -1.4963693618774412 22.893448829650882 23.864022254943851 22.717425346374515
decision_type=2 2 2 2 2 2
left_child=3 2 -2 5 -3 -1
right_child=1 4 -4 -5 -6 -7
leaf_value=-0.00089209018957150628 -0.0033048162858985127 0.0050740869870351327 0.00017287792403234808 -0.0044488840986685483 0.00029632882529196861 0.002711377510529914
leaf_weight=2630 280 198 16445 191 173 162
leaf_count=2630 280 198 16445 191 173 162
internal_value=1.07921e-05 0.000173986 0.000114571 -0.000924385 0.00284917 -0.000682612
internal_weight=20079 17096 16725 2983 371 2792
internal_count=20079 17096 16725 2983 371 2792
is_linear=0
shrinkage=0.0182397


Tree=396
num_leaves=4
num_cat=0
split_feature=19 42 45
split_gain=7.62403 10.1724 13.4357
threshold=32.788452148437507 32.21049880981446 30.064847946166996
decision_type=2 2 2
left_child=1 2 -1
right_child=-2 -3 -4
leaf_value=-6.1518482862933289e-05 0.0038626300300806551 -0.0045914771460078734 0.004259009360391891
leaf_weight=19440 167 162 242
leaf_count=19440 167 162 242
internal_value=-1.31161e-05 -4.5818e-05 -8.3014e-06
internal_weight=20011 19844 19682
internal_count=20011 19844 19682
is_linear=0
shrinkage=0.0182397


Tree=397
num_leaves=7
num_cat=1
split_feature=0 54 34 53 18 39
split_gain=7.62812 11.6632 33.7058 10.1108 8.47668 12.2504
threshold=0 0.75707089610805889 27.062473297119144 0.16067050639412231 27.19608306884766 26.886772155761722
decision_type=9 2 2 2 2 2
left_child=4 3 -3 -2 5 -1
right_child=1 2 -4 -5 -6 -7
leaf_value=-0.00036866887564864767 0.0010024436056994502 0.0049733979871193698 -0.003259321375833033 -0.00028338312047947336 -0.0041166205096901474 0.003450013656040024
leaf_weight=10100 3207 551 236 5563 193 287
leaf_count=10100 3207 551 236 5563 193 287
internal_value=4.08316e-06 0.000377383 0.00250419 0.000186843 -0.000333165 -0.000263014
internal_weight=20137 9557 787 8770 10580 10387
internal_count=20137 9557 787 8770 10580 10387
cat_boundaries=0 1
cat_threshold=741
is_linear=0
shrinkage=0.0182397


Tree=398
num_leaves=4
num_cat=0
split_feature=47 42 52
split_gain=10.1779 11.2068 8.94766
threshold=33.175825119018562 32.21049880981446 0.41118097268647874
decision_type=2 2 2
left_child=1 2 -1
right_child=-2 -3 -4
leaf_value=-0.0001758802435221074 0.0045756112111326333 -0.0047798583102536454 0.00075899755080527777
leaf_weight=15420 162 162 4371
leaf_count=15420 162 162 4371
internal_value=2.84649e-05 -8.55387e-06 3.06073e-05
internal_weight=20115 19953 19791
internal_count=20115 19953 19791
is_linear=0
shrinkage=0.0182397


Tree=399
num_leaves=7
num_cat=1
split_feature=43 55 6 30 6 0
split_gain=9.13383 14.6406 8.83749 19.2136 19.1834 4.60067
threshold=21.982161521911625 0.79618011187391946 15.500000000000002 24.019099235534672 12.500000000000002 0
decision_type=2 2 2 2 2 9
left_child=1 5 4 -4 -2 -1
right_child=2 -3 3 -5 -6 -7
leaf_value=0.00027765493995393582 -0.00013472749036913214 -0.0055144022544224803 -0.00010213832314558493 -0.004962783594019032 0.0012059353668468626 -0.0012076823875835543
leaf_weight=1285 9610 210 1493 330 5631 1495
leaf_count=1285 9610 210 1493 330 5631 1495
internal_value=5.41059e-05 -0.000875744 0.000217055 -0.000982999 0.00036062 -0.000524524
internal_weight=20054 2990 17064 1823 15241 2780
internal_count=20054 2990 17064 1823 15241 2780
cat_boundaries=0 1
cat_threshold=545
is_linear=0
shrinkage=0.0182397


Tree=400
num_leaves=6
num_cat=0
split_feature=58 51 53 17 52
split_gain=8.9318 14.9397 8.59339 25.0969 11.3291
threshold=11.500000000000002 23.006844552412435 0.97800635207471609 1.5799965000000002 0.41118097268647874
decision_type=2 2 2 2 2
left_child=2 -2 4 -4 -1
right_child=1 -3 3 -5 -6
leaf_value=-0.0002382563888912826 -0.0010794195692307826 0.005326215890064637 -0.0030405521969130295 0.0044284884366929513 0.00093615599455676413
leaf_weight=15246 224 263 855 181 3329
leaf_count=15246 224 263 855 181 3329
internal_value=-5.73337e-05 0.00238157 -0.000117951 -0.00173431 -2.77617e-05
internal_weight=20098 487 19611 1036 18575
internal_count=20098 487 19611 1036 18575
is_linear=0
shrinkage=0.0182397


Tree=401
num_leaves=8
num_cat=0
split_feature=10 7 7 10 52 42 52
split_gain=7.48393 31.3546 25.2509 18.0169 15.94 23.6336 9.302
threshold=3.5000000000000004 24.500000000000004 46.500000000000007 4.5000000000000009 0.83472446786191534 25.672144889831547 0.45048694382713411
decision_type=2 2 2 2 2 2 2
left_child=4 3 -3 -2 6 -6 -1
right_child=1 2 -4 -5 5 -7 -8
leaf_value=-0.00017095172146238031 0.00012847377592487583 0.0052959996606861716 -0.0009723994264317252 -0.006596550987141233 -0.00077382830439677369 -0.0072333854847615791 0.0010764857072694922
leaf_weight=15228 399 643 320 198 771 249 2287
leaf_count=15228 399 643 320 198 771 249 2287
internal_value=-3.50244e-05 0.0011781 0.00321355 -0.00210515 -0.000137153 -0.00235316 -8.04613e-06
internal_weight=20095 1560 963 597 18535 1020 17515
internal_count=20095 1560 963 597 18535 1020 17515
is_linear=0
shrinkage=0.0182397


Tree=402
num_leaves=5
num_cat=0
split_feature=55 53 10 55
split_gain=8.26568 11.524 31.4111 9.8634
threshold=1.8291982800973254 0.97800635207471609 2.5000000000000004 0.64554498517708547
decision_type=2 2 2 2
left_child=1 3 -3 -1
right_child=-2 2 -4 -5
leaf_value=-0.0001183868955442615 0.0029554661667488603 -0.0042834172937272061 0.0034935140137191717 0.00099693430835945721
leaf_weight=15754 314 614 240 3168
leaf_count=15754 314 614 240 3168
internal_value=2.14531e-05 -2.51974e-05 -0.00209719 6.83637e-05
internal_weight=20090 19776 854 18922
internal_count=20090 19776 854 18922
is_linear=0
shrinkage=0.0182397


Tree=403
num_leaves=5
num_cat=0
split_feature=55 53 10 55
split_gain=8.29447 8.32541 44.4954 9.87906
threshold=1.8291982800973254 0.97800635207471609 2.5000000000000004 0.64554498517708547
decision_type=2 2 2 2
left_child=1 3 -3 -1
right_child=-2 2 -4 -5
leaf_value=-0.00015534366395024947 0.0029156430535154181 -0.004412286800176299 0.0049365217037949218 0.00095899179968135983
leaf_weight=15749 319 610 234 3181
leaf_count=15749 319 610 234 3181
internal_value=-1.7203e-08 -4.71173e-05 -0.0018191 3.19274e-05
internal_weight=20093 19774 844 18930
internal_count=20093 19774 844 18930
is_linear=0
shrinkage=0.0182397


Tree=404
num_leaves=8
num_cat=0
split_feature=6 14 43 6 6 7 17
split_gain=7.29787 23.9946 20.3554 19.0004 17.5719 35.8552 14.6038
threshold=14.500000000000002 1.0578827302576586 26.015615463256839 15.500000000000002 13.500000000000002 32.500000000000007 -1.0163579999999999
decision_type=2 2 2 2 2 2 2
left_child=4 3 -3 -2 6 -6 -1
right_child=1 2 -4 -5 5 -7 -8
leaf_value=0.0014350093113961243 0.0025303629145299392 -0.0014720443227335845 -0.0071844421477424243 -0.00050296007136724642 0.003970451431218199 -0.00078520361568463332 -0.00028180859881395831
leaf_weight=1943 971 1701 236 2346 1140 981 10856
leaf_count=1943 971 1701 236 2346 1140 981 10856
internal_value=2.78319e-05 -0.00055674 -0.0021695 0.000385216 0.000233696 0.00177117 -2.11403e-05
internal_weight=20174 5254 1937 3317 14920 2121 12799
internal_count=20174 5254 1937 3317 14920 2121 12799
is_linear=0
shrinkage=0.0182397


Tree=405
num_leaves=8
num_cat=0
split_feature=6 10 6 54 7 53 6
split_gain=7.238 23.3334 20.7156 42.8161 20.5244 14.6013 14.3487
threshold=14.500000000000002 1.0000000180025095e-35 13.500000000000002 0.73687071357302747 14.500000000000002 0.7637254968067323 15.500000000000002
decision_type=2 2 2 2 2 2 2
left_child=2 6 5 -4 -3 -1 -2
right_child=1 4 3 -5 -6 -7 -8
leaf_value=8.0794931463970109e-05 0.0023120338375001073 0.00051609968244716422 0.00050607307997812146 0.0069431527950736356 -0.0033994333285981494 -0.0020250959477535239 -0.00041699057981414494
leaf_weight=11520 889 654 1662 433 1395 1210 2294
leaf_count=11520 889 654 1662 433 1395 1210 2294
internal_value=-4.86603e-05 -0.000631884 0.000157182 0.00183768 -0.00214983 -0.000119435 0.00034543
internal_weight=20057 5232 14825 2095 2049 12730 3183
internal_count=20057 5232 14825 2095 2049 12730 3183
is_linear=0
shrinkage=0.0182397


Tree=406
num_leaves=6
num_cat=0
split_feature=6 52 6 52 55
split_gain=7.82648 22.475 24.8882 18.2452 35.5152
threshold=10.500000000000002 1.5626805193017568 11.500000000000002 1.2743513464849165 0.9888065534418049
decision_type=2 2 2 2 2
left_child=3 2 -2 4 -1
right_child=1 -3 -4 -5 -6
leaf_value=0.00034233542780682212 -0.0019807966692281681 0.005227884929104888 2.0122921330847682e-05 -0.0050814598288603319 0.0060776507441731966
leaf_weight=5277 2521 245 11502 185 385
leaf_count=5277 2521 245 11502 185 385
internal_value=-1.3569e-05 -0.000243885 -0.000339645 0.000548431 0.000732763
internal_weight=20115 14268 14023 5847 5662
internal_count=20115 14268 14023 5847 5662
is_linear=0
shrinkage=0.0182397


Tree=407
num_leaves=5
num_cat=0
split_feature=47 21 54 55
split_gain=9.29206 14.4346 21.5411 12.8714
threshold=33.175825119018562 29.166178703862307 0.4745339235302875 1.8291982800973254
decision_type=2 2 2 2
left_child=1 3 -3 -1
right_child=-2 2 -4 -5
leaf_value=-8.5291007112911965e-05 0.0042617880118219157 -2.6361486400297142e-05 -0.0079532008377859141 0.003850785057747109
leaf_weight=19174 163 280 192 280
leaf_count=19174 163 280 192 280
internal_value=-6.95317e-05 -0.000105056 -0.00325524 -2.85535e-05
internal_weight=20089 19926 472 19454
internal_count=20089 19926 472 19454
is_linear=0
shrinkage=0.0182397


Tree=408
num_leaves=6
num_cat=1
split_feature=0 19 39 53 53
split_gain=9.05801 52.2824 34.3127 14.9553 10.0554
threshold=0 26.099332809448246 25.161625862121586 1.5984034883671894 0.10149268249101215
decision_type=9 2 2 2 2
left_child=1 2 -1 4 -2
right_child=3 -3 -4 -5 -6
leaf_value=-0.00065324144411072675 0.0011889834187931673 -0.0084665557028555972 0.0052459057462845154 0.0051504462744905513 -6.0979501855046046e-05
leaf_weight=4562 2598 270 353 202 12165
leaf_count=4562 2598 270 353 202 12165
internal_value=-1.27249e-06 -0.000657491 -0.000229127 0.000226392 0.000159018
internal_weight=20150 5185 4915 14965 14763
internal_count=20150 5185 4915 14965 14763
cat_boundaries=0 1
cat_threshold=548
is_linear=0
shrinkage=0.0182397


Tree=409
num_leaves=4
num_cat=0
split_feature=56 52 56
split_gain=9.34468 8.94178 13.5524
threshold=1.7514553070068362 1.8956635199422684 -1.4963693618774412
decision_type=2 2 2
left_child=1 2 -1
right_child=-2 -3 -4
leaf_value=-0.0040511352866497916 -0.0036817503186361397 0.0037496708648286441 5.292424795718912e-05
leaf_weight=271 227 213 19342
leaf_count=271 227 213 19342
internal_value=-5.63514e-06 3.65357e-05 -3.87267e-06
internal_weight=20053 19826 19613
internal_count=20053 19826 19613
is_linear=0
shrinkage=0.0182397


Tree=410
num_leaves=8
num_cat=0
split_feature=7 53 55 6 6 53 55
split_gain=8.6376 16.039 24.3252 18.0127 10.1574 20.55 16.7528
threshold=45.500000000000007 0.19098875099390952 0.44252968605635984 15.500000000000002 10.500000000000002 1.3741556482490884 0.29077156518075215
decision_type=2 2 2 2 2 2 2
left_child=4 2 -2 -3 6 -6 -1
right_child=1 3 -4 -5 5 -7 -8
leaf_value=-0.00052378061567609317 -0.00032876779304414158 -0.0011675000518788442 0.0051490837590690494 -0.0069131194197667055 -0.00020125950861866391 0.0047143098274194523 0.001854523541929963
leaf_weight=1564 1598 2556 324 195 10961 290 2662
leaf_count=1564 1598 2556 324 195 10961 290 2662
internal_value=4.49488e-06 -0.000682729 0.000595625 -0.00157581 0.000212003 -7.43789e-05 0.000974374
internal_weight=20150 4673 1922 2751 15477 11251 4226
internal_count=20150 4673 1922 2751 15477 11251 4226
is_linear=0
shrinkage=0.0182397


Tree=411
num_leaves=6
num_cat=1
split_feature=6 55 0 54 10
split_gain=7.31125 34.9393 27.6926 18.2251 12.7388
threshold=9.5000000000000018 1.0263217621186491 0 1.7646728911732963 1.5000000000000002
decision_type=2 2 9 2 2
left_child=1 2 -1 4 -2
right_child=3 -3 -4 -5 -6
leaf_value=-0.0030358413868305585 0.00023418636204322469 0.0076530913207830667 0.0011139197279900006 -0.0049023675832709631 -0.00083127303069668889
leaf_weight=672 10708 225 2467 271 5731
leaf_count=672 10708 225 2467 271 5731
internal_value=-5.84882e-05 0.000717267 0.000219112 -0.000214675 -0.000137269
internal_weight=20074 3364 3139 16710 16439
internal_count=20074 3364 3139 16710 16439
cat_boundaries=0 1
cat_threshold=2084
is_linear=0
shrinkage=0.0182397


Tree=412
num_leaves=4
num_cat=0
split_feature=52 54 6
split_gain=8.53813 13.0379 7.80655
threshold=1.8956635199422684 1.7646728911732963 10.500000000000002
decision_type=2 2 2
left_child=1 2 -1
right_child=-2 -3 -4
leaf_value=0.00058308712142112439 0.0034440162425658939 -0.0048102599614479021 -0.00022035503795685062
leaf_weight=5644 237 188 14008
leaf_count=5644 237 188 14008
internal_value=5.76128e-06 -3.53861e-05 1.03992e-05
internal_weight=20077 19840 19652
internal_count=20077 19840 19652
is_linear=0
shrinkage=0.0182397


Tree=413
num_leaves=7
num_cat=0
split_feature=53 41 47 17 27 9
split_gain=8.49948 32.9517 41.8256 9.66915 12.7605 9.83084
threshold=0.81484770342887403 26.094876289367679 24.442741394042972 0.53204499999999999 26.750474929809574 26.779591562863775
decision_type=2 2 2 2 2 2
left_child=3 2 -2 5 -5 -1
right_child=1 -3 -4 4 -6 -7
leaf_value=0.00020743562591179658 -0.0022649945926953301 -0.0065817268071162718 0.0045389400237499751 -0.00044997820332518586 -0.0056232555444573496 0.0019539391010316926
leaf_weight=13277 903 311 450 3854 165 1166
leaf_count=13277 903 311 450 3854 165 1166
internal_value=1.57535e-05 -0.00123259 -1.3051e-06 0.000128295 -0.000662959 0.000348488
internal_weight=20126 1664 1353 18462 4019 14443
internal_count=20126 1664 1353 18462 4019 14443
is_linear=0
shrinkage=0.0182397


Tree=414
num_leaves=4
num_cat=0
split_feature=55 46 37
split_gain=9.54403 7.75987 10.3859
threshold=1.8291982800973254 33.167459487915046 32.090600967407234
decision_type=2 2 2
left_child=1 2 -1
right_child=-2 -3 -4
leaf_value=-2.8976712855500508e-05 0.0031242335097481978 0.0039357148135379634 -0.0046602244530295324
leaf_weight=19468 323 162 162
leaf_count=19468 323 162 162
internal_value=1.63398e-05 -3.44485e-05 -6.73005e-05
internal_weight=20115 19792 19630
internal_count=20115 19792 19630
is_linear=0
shrinkage=0.0182397


Tree=415
num_leaves=5
num_cat=0
split_feature=9 58 30 56
split_gain=7.54755 6.67302 15.0172 8.44315
threshold=21.167119026184086 11.500000000000002 24.223340988159183 1.7514553070068362
decision_type=2 2 2 2
left_child=-1 3 -3 -2
right_child=1 2 -4 -5
leaf_value=-0.0027743328932047693 4.2640738193214114e-05 0.004398723104375943 -0.0023378873713747906 -0.0036308333712592638
leaf_weight=318 19161 329 165 210
leaf_count=318 19161 329 165 210
internal_value=1.14877e-05 5.61438e-05 0.00214856 2.73522e-06
internal_weight=20183 19865 494 19371
internal_count=20183 19865 494 19371
is_linear=0
shrinkage=0.0182397


Tree=416
num_leaves=4
num_cat=0
split_feature=19 30 44
split_gain=7.54779 8.37634 13.6304
threshold=32.788452148437507 31.060811995280766 30.039946556091312
decision_type=2 2 2
left_child=1 2 -1
right_child=-2 -3 -4
leaf_value=-2.9677625586812022e-05 0.0039215855709217283 -0.0034242401232744239 0.0051659780860425211
leaf_weight=19509 162 238 169
leaf_count=19509 162 238 169
internal_value=5.821e-06 -2.61164e-05 1.50586e-05
internal_weight=20078 19916 19678
internal_count=20078 19916 19678
is_linear=0
shrinkage=0.0182397


Tree=417
num_leaves=6
num_cat=0
split_feature=29 52 56 51 49
split_gain=7.47196 7.35027 13.7335 3.68479 1.41078
threshold=21.271916389465336 1.8956635199422684 -1.4963693618774412 21.411935933431483 21.229917812416996
decision_type=2 2 2 2 2
left_child=3 2 -2 4 -1
right_child=1 -3 -4 -5 -6
leaf_value=-0.0022605436608292124 -0.004134076665623483 0.0032878304520589431 7.509890357285203e-05 -0.0042732345642304444 -7.0185785588732676e-05
leaf_weight=182 261 231 18947 174 211
leaf_count=182 261 231 18947 174 211
internal_value=-3.48002e-06 5.67431e-05 1.78108e-05 -0.00206661 -0.00108594
internal_weight=20006 19439 19208 567 393
internal_count=20006 19439 19208 567 393
is_linear=0
shrinkage=0.0182397


Tree=418
num_leaves=6
num_cat=0
split_feature=7 52 55 54 53
split_gain=8.41229 26.992 17.5634 11.9193 15.9252
threshold=45.500000000000007 0.83472446786191534 0.63460975328392621 1.882414355890208 1.4854043561016457
decision_type=2 2 2 2 2
left_child=3 2 -2 4 -1
right_child=1 -3 -4 -5 -6
leaf_value=0.00015552399147429803 -0.00086388660721767156 -0.0058391856268926907 0.0022109640067921352 -0.0044643484538282622 0.0051845898745673941
leaf_weight=15040 3615 318 745 182 212
leaf_count=15040 3615 318 745 182 212
internal_value=-3.52285e-05 -0.000712763 -0.000338312 0.000170145 0.000225575
internal_weight=20112 4678 4360 15434 15252
internal_count=20112 4678 4360 15434 15252
is_linear=0
shrinkage=0.0182397


Tree=419
num_leaves=6
num_cat=0
split_feature=17 30 21 55 53
split_gain=6.73216 27.5846 19.9112 17.6413 31.1622
threshold=0.71859600000000001 26.843494415283207 25.524065017700199 1.8291982800973254 0.85652248775697792
decision_type=2 2 2 2 2
left_child=3 2 -2 4 -1
right_child=1 -3 -4 -5 -6
leaf_value=0.00028215514072961912 -0.00069143707134626347 -0.00783909347760498 0.0049229443026246123 0.0051247499644575204 -0.00321119822687034
leaf_weight=15024 3533 171 223 234 900
leaf_count=15024 3533 171 223 234 900
internal_value=-6.86691e-06 -0.000684187 -0.000357564 0.000157761 8.46329e-05
internal_weight=20085 3927 3756 16158 15924
internal_count=20085 3927 3756 16158 15924
is_linear=0
shrinkage=0.0182397


Tree=420
num_leaves=7
num_cat=0
split_feature=56 23 23 52 56 22
split_gain=7.49061 21.8649 22.1273 10.9986 15.2498 10.5552
threshold=-0.025174140930175778 26.797231674194339 28.506537437438968 1.5626805193017568 -1.4963693618774412 26.720379829406742
decision_type=2 2 2 2 2 2
left_child=3 5 -3 4 -1 -2
right_child=1 2 -4 -5 -6 -7
leaf_value=-0.0051621561450519325 0.00015915797178416073 0.0064162616554245874 0.00029981515741432012 0.0038520400963733981 -0.00037510555354742722 -0.0045263973941116918
leaf_weight=227 10424 378 410 197 8333 162
leaf_count=227 10424 378 410 197 8333 162
internal_value=-3.19712e-06 0.000305518 0.00323579 -0.000404165 -0.000502311 8.72687e-05
internal_weight=20131 11374 788 8757 8560 10586
internal_count=20131 11374 788 8757 8560 10586
is_linear=0
shrinkage=0.0182397


Tree=421
num_leaves=7
num_cat=0
split_feature=7 52 53 6 32 6
split_gain=7.96159 29.3606 12.7704 11.4144 23.6646 10.4865
threshold=45.500000000000007 0.88854701235937883 0.19098875099390952 9.5000000000000018 23.30321025848389 12.500000000000002
decision_type=2 2 2 2 2 2
left_child=3 2 -2 4 -1 -5
right_child=1 -3 -4 5 -6 -7
leaf_value=-0.0011568651783793668 0.00079872644407613246 -0.0062776964010484984 -0.0011883171849548198 -0.00064172896267956686 0.0026724130356250331 0.0004058644035825641
leaf_weight=825 1915 293 2455 5574 1536 7397
leaf_count=825 1915 293 2455 5574 1536 7397
internal_value=-3.27024e-05 -0.000692634 -0.000317572 0.00016802 0.00133439 -4.43221e-05
internal_weight=19995 4663 4370 15332 2361 12971
internal_count=19995 4663 4370 15332 2361 12971
is_linear=0
shrinkage=0.0182397


Tree=422
num_leaves=8
num_cat=0
split_feature=56 46 50 46 20 47 15
split_gain=6.32202 10.357 10.3266 9.53337 12.8169 10.4459 6.7663
threshold=-0.029146194458009585 23.940322875976566 23.247429752470584 27.56803131103516 27.083062171936039 28.884852409362797 3.3947538584533956
decision_type=2 2 2 2 2 2 2
left_child=3 6 -3 4 -1 -5 -2
right_child=1 2 -4 5 -6 -7 -8
leaf_value=-0.00035386269158816942 0.00015604834694566051 0.005375417560827574 0.00076134609491776092 -0.0057037194288686198 0.0039931299496207238 -0.0007262364758981166 -0.0011368891265572151
leaf_weight=7728 5086 167 4464 226 232 369 1831
leaf_count=7728 5086 167 4464 226 232 369 1831
internal_value=-1.77017e-05 0.000260696 0.000928231 -0.000393492 -0.000226953 -0.00261966 -0.000186256
internal_weight=20103 11548 4631 8555 7960 595 6917
internal_count=20103 11548 4631 8555 7960 595 6917
is_linear=0
shrinkage=0.0182397


Tree=423
num_leaves=4
num_cat=0
split_feature=56 45 30
split_gain=8.21155 7.88686 11.9026
threshold=1.7514553070068362 33.167459487915046 31.060811995280766
decision_type=2 2 2
left_child=1 2 -1
right_child=-2 -3 -4
leaf_value=4.7969207030474626e-05 -0.0034383714349323184 0.0040346667686834313 -0.0041039785225086911
leaf_weight=19533 229 162 232
leaf_count=19533 229 162 232
internal_value=-7.46333e-06 3.20395e-05 -8.56317e-07
internal_weight=20156 19927 19765
internal_count=20156 19927 19765
is_linear=0
shrinkage=0.0182397


Tree=424
num_leaves=8
num_cat=1
split_feature=6 46 55 47 8 6 0
split_gain=7.82221 17.0036 19.8417 19.6257 14.4817 43.4403 19.9558
threshold=10.500000000000002 25.750041007995609 1.0069823284439103 24.49366664886475 2.5000000000000004 8.5000000000000018 0
decision_type=2 2 2 2 2 2 9
left_child=4 3 -3 -2 6 -6 -1
right_child=1 2 -4 -5 5 -7 -8
leaf_value=-0.0022107812736876175 -0.00035919384824743139 -0.00093892571737111278 -0.0057716175923094486 0.0015054901238062033 -0.0032288261301776392 0.0027953514806477926 0.0007657572866126796
leaf_weight=1123 10300 1324 359 2296 497 1997 2202
leaf_count=1123 10300 1324 359 2296 497 1997 2202
internal_value=-1.96475e-05 -0.000249358 -0.00197102 -1.92584e-05 0.000544005 0.00159451 -0.000244057
internal_weight=20098 14279 1683 12596 5819 2494 3325
internal_count=20098 14279 1683 12596 5819 2494 3325
cat_boundaries=0 1
cat_threshold=2708
is_linear=0
shrinkage=0.0182397


Tree=425
num_leaves=8
num_cat=1
split_feature=52 1 55 9 17 22 53
split_gain=8.28945 25.792 19.8708 14.0196 10.2747 11.9481 8.09778
threshold=0.37272304802647022 0 0.5931584652893932 27.698343275798344 0.71859600000000001 25.047892570495609 0.18727866540298485
decision_type=2 1 2 2 2 2 2
left_child=4 2 -2 -3 6 -6 -1
right_child=1 3 -4 -5 5 -7 -8
leaf_value=0.00048762096849148425 0.0003752307510942037 0.00045684640401701283 0.0074025463120793774 -0.0044591133447732436 -0.00075699628212798418 -0.004734775764316016 -0.00044592015576374038
leaf_weight=6875 230 4138 320 202 2573 278 5616
leaf_count=6875 230 4138 320 202 2573 278 5616
internal_value=5.08173e-05 0.000704736 0.0043868 0.000227087 -0.000157622 -0.00114554 6.78965e-05
internal_weight=20232 4890 550 4340 15342 2851 12491
internal_count=20232 4890 550 4340 15342 2851 12491
cat_boundaries=0 1
cat_threshold=4
is_linear=0
shrinkage=0.0182397


Tree=426
num_leaves=6
num_cat=0
split_feature=53 9 53 41 6
split_gain=10.477 28.9891 11.0828 22.2849 7.98056
threshold=1.5984034883671894 25.031370162963871 0.97800635207471609 25.887962341308597 10.500000000000002
decision_type=2 2 2 2 2
left_child=2 -2 4 -4 -1
right_child=1 -3 3 -5 -6
leaf_value=0.00062430848795966515 0.0077116227739471603 -0.002016186416700962 -0.00052670684693163447 -0.0082129996213533476 -0.00019945120932360024
leaf_weight=5510 206 201 552 162 13493
leaf_count=5510 206 201 552 162 13493
internal_value=1.53885e-05 0.00291048 -4.44359e-05 -0.00227464 3.94103e-05
internal_weight=20124 407 19717 714 19003
internal_count=20124 407 19717 714 19003
is_linear=0
shrinkage=0.0182397


Tree=427
num_leaves=5
num_cat=0
split_feature=58 55 54 52
split_gain=9.8099 16.0553 10.8217 7.67832
threshold=11.500000000000002 0.67686679074211498 1.882414355890208 0.41118097268647874
decision_type=2 2 2 2
left_child=2 -2 3 -1
right_child=1 -3 -4 -5
leaf_value=-0.0002044297658425021 0.00014033258919012614 0.0071341770917025295 -0.0041666233149027614 0.000687514685630394
leaf_weight=15346 314 167 211 4060
leaf_count=15346 314 167 211 4060
internal_value=5.98318e-07 0.00257285 -6.25285e-05 -1.78115e-05
internal_weight=20098 481 19617 19406
internal_count=20098 481 19617 19406
is_linear=0
shrinkage=0.0182397


Tree=428
num_leaves=8
num_cat=0
split_feature=56 23 39 53 6 15 23
split_gain=6.37429 13.6062 23.9629 11.4243 7.5805 17.1937 12.6941
threshold=-0.015892982482910153 27.087221145629886 27.084923744201664 1.061869092541851 12.500000000000002 1.0668520273391735 26.526425361633304
decision_type=2 2 2 2 2 2 2
left_child=4 3 -3 -2 5 -1 -6
right_child=1 2 -4 -5 6 -7 -8
leaf_value=-0.0019815228678117312 0.00022117094046533956 0.008845168962170389 0.00077224487733534907 -0.0030332459098439393 0.00039944142998967857 0.00013883625684546892 -0.0046691816240575952
leaf_weight=2400 9838 164 478 372 3993 2707 171
leaf_count=2400 9838 164 478 372 3993 2707 171
internal_value=-3.55669e-05 0.00026448 0.00283913 0.000102471 -0.000386777 -0.000857697 0.00019082
internal_weight=20123 10852 642 10210 9271 5107 4164
internal_count=20123 10852 642 10210 9271 5107 4164
is_linear=0
shrinkage=0.0182397


Tree=429
num_leaves=6
num_cat=0
split_feature=55 41 16 52 52
split_gain=7.72907 30.1611 32.3275 15.3181 7.61917
threshold=1.3787832903696273 25.701913833618168 -0.1756380000000006 1.2743513464849165 0.41118097268647874
decision_type=2 2 2 2 2
left_child=3 2 -2 4 -1
right_child=1 -3 -4 -5 -6
leaf_value=-0.00013111547216230945 0.0008750417535946034 -0.0027157156855827968 0.011003217007315994 -0.0044329379313968317 0.00079366456590175311
leaf_weight=15468 263 284 174 257 3666
leaf_count=15468 263 284 174 257 3666
internal_value=5.55885e-05 0.00190933 0.00491478 -1.33793e-05 4.6083e-05
internal_weight=20112 721 437 19391 19134
internal_count=20112 721 437 19391 19134
is_linear=0
shrinkage=0.0182397


Tree=430
num_leaves=7
num_cat=0
split_feature=29 45 49 31 53 47
split_gain=7.03617 17.4613 16.5964 14.7453 9.75991 9.16692
threshold=25.851758003234867 25.823324203491214 26.356887054443362 26.194141387939457 0.85652248775697792 25.753576278686527
decision_type=2 2 2 2 2 2
left_child=2 3 5 -2 -3 -1
right_child=1 4 -4 -5 -6 -7
leaf_value=3.1163467221061095e-05 0.0011879325541083309 0.00043873740997009127 -0.0056777159506219942 0.0067030227648581676 -0.003824767006185521 -0.0018494653983088377
leaf_weight=15989 398 2196 177 271 194 911
leaf_count=15989 398 2196 177 271 194 911
internal_value=1.57881e-05 0.000821314 -0.000128523 0.00342494 9.20217e-05 -7.0258e-05
internal_weight=20136 3059 17077 669 2390 16900
internal_count=20136 3059 17077 669 2390 16900
is_linear=0
shrinkage=0.0182397


Tree=431
num_leaves=5
num_cat=0
split_feature=53 7 55 18
split_gain=6.571 7.21129 22.7587 8.6241
threshold=1.8331585692957177 45.500000000000007 1.0263217621186491 21.167732238769535
decision_type=2 2 2 2
left_child=1 3 -3 -1
right_child=-2 2 -4 -5
leaf_value=-0.0034170050279515472 0.0029747174572871595 -0.00033990795353737192 -0.0058009580239822989 0.00021713058840350447
leaf_weight=220 245 4398 269 14983
leaf_count=220 245 4398 269 14983
internal_value=8.55849e-06 -2.80798e-05 -0.000655193 0.000164444
internal_weight=20115 19870 4667 15203
internal_count=20115 19870 4667 15203
is_linear=0
shrinkage=0.0182397


Tree=432
num_leaves=8
num_cat=0
split_feature=6 55 17 6 7 55 53
split_gain=8.03024 27.5104 25.3822 23.4796 45.6712 20.2194 17.2589
threshold=14.500000000000002 0.9292231608278968 -0.8364474999999999 12.500000000000002 30.500000000000004 0.71023208536421212 0.85652248775697792
decision_type=2 2 2 2 2 2 2
left_child=3 5 -3 6 -5 -2 -1
right_child=1 2 -4 4 -6 -7 -8
leaf_value=-5.6551233279066509e-05 -0.0005471718915301346 -0.0015368550289912304 -0.010772066874025748 0.0031931510774103646 -0.00061011663208978629 0.0045167608452316189 -0.0028237166974188744
leaf_weight=9880 4530 254 162 2158 2046 278 811
leaf_count=9880 4530 254 162 2158 2046 278 811
internal_value=-2.82565e-05 -0.00064354 -0.00514084 0.000187549 0.00134231 -0.000253987 -0.000266571
internal_weight=20119 5224 416 14895 4204 4808 10691
internal_count=20119 5224 416 14895 4204 4808 10691
is_linear=0
shrinkage=0.0182397


Tree=433
num_leaves=7
num_cat=0
split_feature=40 58 35 54 55 7
split_gain=7.76494 8.75559 12.7493 6.54428 4.61786 3.16391
threshold=21.45935153961182 11.500000000000002 24.102570533752445 1.7646728911732963 0.52815674186969119 28.500000000000004
decision_type=2 2 2 2 2 2
left_child=4 3 -3 -2 5 -1
right_child=1 2 -4 -5 -6 -7
leaf_value=9.1539076023069369e-05 7.243725793881176e-05 0.0050392642418855991 -0.0013450676784207106 -0.0028617020353132374 -0.0042386662683142539 -0.0019481908842209352
leaf_weight=487 18276 275 167 256 167 526
leaf_count=487 18276 275 167 256 167 526
internal_value=3.08263e-06 9.23789e-05 0.00262815 3.18382e-05 -0.00143227 -0.000967976
internal_weight=20154 18974 442 18532 1180 1013
internal_count=20154 18974 442 18532 1180 1013
is_linear=0
shrinkage=0.0182397


Tree=434
num_leaves=7
num_cat=0
split_feature=28 7 53 6 51 18
split_gain=6.22053 7.00948 16.3968 10.7334 3.67224 2.03216
threshold=21.346254348754886 45.500000000000007 0.19098875099390952 9.5000000000000018 21.49524676014185 21.167732238769535
decision_type=2 2 2 2 2 2
left_child=4 3 -3 -2 5 -1
right_child=1 2 -4 -5 -6 -7
leaf_value=-0.0026134947390422112 0.0014106899600705336 0.00079519976304965874 -0.0014356110249549657 5.0172649947394753e-05 -0.003805002167361282 -0.00025642024636626472
leaf_weight=166 2282 1810 2778 12463 187 453
leaf_count=166 2282 1810 2778 12463 187 453
internal_value=1.56757e-06 6.70363e-05 -0.000555548 0.000260768 -0.00156797 -0.000889935
internal_weight=20139 19333 4588 14745 806 619
internal_count=20139 19333 4588 14745 806 619
is_linear=0
shrinkage=0.0182397


Tree=435
num_leaves=5
num_cat=0
split_feature=55 55 52 52
split_gain=9.99052 24.3382 12.0365 8.15029
threshold=1.8291982800973254 2.0824737922017778 1.3790156286716782 0.41118097268647874
decision_type=2 2 2 2
left_child=2 -2 3 -1
right_child=1 -3 -4 -5
leaf_value=-0.00015210020178502137 0.0081776345819589407 -0.0017194345136326433 -0.0035934496067684778 0.00078693869308260828
leaf_weight=15657 163 167 309 3826
leaf_count=15657 163 167 309 3826
internal_value=2.81461e-05 0.0031735 -2.43671e-05 3.23184e-05
internal_weight=20122 330 19792 19483
internal_count=20122 330 19792 19483
is_linear=0
shrinkage=0.0182397


Tree=436
num_leaves=7
num_cat=1
split_feature=29 53 7 6 0 7
split_gain=6.81832 6.31373 8.90142 8.15255 3.34107 1.78645
threshold=21.302664756774906 0.10149268249101215 12.500000000000002 9.5000000000000018 0 25.500000000000004
decision_type=2 2 2 2 9 2
left_child=4 2 -2 -3 -1 -6
right_child=1 3 -4 -5 5 -7
leaf_value=-0.0037713388468415495 -0.00098358527887838798 0.00083275818575265551 0.0012363015634198971 -0.00027013999339028526 0.00027150680812267606 -0.0020672659245609443
leaf_weight=196 763 2684 2824 13164 217 217
leaf_count=196 763 2684 2824 13164 217 217
internal_value=1.25177e-05 7.30726e-05 0.000764041 -8.33364e-05 -0.0018543 -0.000878566
internal_weight=20065 19435 3587 15848 630 434
internal_count=20065 19435 3587 15848 630 434
cat_boundaries=0 1
cat_threshold=32
is_linear=0
shrinkage=0.0182397


end of trees

feature_importances:
hour=418
source_temp=360
temp_roll_mean_5=201
temp_roll_std_30=172
object_id=139
temp_lag_1=118
temp_roll_std_5=114
temp_roll_std_10=114
temp_roll_mean_10=101
minute=83
temp_roll_mean_30=77
temp_lag_2=75
temp_roll_std_20=65
temp_roll_mean_20=55
temp_lag_30=43
people_count_total=38
temp_lag_3=38
display_y=33
temp_lag_29=30
nearest_person_dy=29
temp_delta_1=27
day_of_week=25
temp_lag_12=24
temp_lag_24=23
display_x=20
temp_lag_17=20
temp_lag_4=19
temp_lag_27=19
target_minutes_ahead=19
temp_lag_26=17
temp_lag_6=16
temp_lag_23=15
temp_lag_25=15
temp_lag_28=14
nearest_person_distance=13
temp_lag_13=13
temp_lag_22=13
temp_lag_20=12
temp_lag_5=11
mean_person_distance=10
nearest_person_dx=10
temp_lag_21=9
temp_lag_11=8
temp_lag_7=6
temp_lag_14=6
temp_lag_15=6
temp_lag_9=5
temp_lag_10=5
temp_lag_19=5
label=3
anchor_y=3
people_count_within_2m=3
people_count_within_3m=3
temp_lag_16=3
temp_lag_18=3
anchor_x=2
temp_lag_8=1

parameters:
[boosting: gbdt]
[objective: regression]
[metric: rmse,l2]
[tree_learner: serial]
[device_type: cpu]
[data_sample_strategy: bagging]
[data: ]
[valid: ]
[num_iterations: 2000]
[learning_rate: 0.0182397]
[num_leaves: 101]
[num_threads: 8]
[seed: 42]
[deterministic: 0]
[force_col_wise: 0]
[force_row_wise: 0]
[histogram_pool_size: -1]
[max_depth: 3]
[min_data_in_leaf: 162]
[min_sum_hessian_in_leaf: 0.001]
[bagging_fraction: 0.85]
[pos_bagging_fraction: 1]
[neg_bagging_fraction: 1]
[bagging_freq: 1]
[bagging_seed: 400]
[bagging_by_query: 0]
[feature_fraction: 0.85]
[feature_fraction_bynode: 1]
[feature_fraction_seed: 30056]
[extra_trees: 0]
[extra_seed: 12879]
[early_stopping_round: 0]
[early_stopping_min_delta: 0]
[first_metric_only: 0]
[max_delta_step: 0]
[lambda_l1: 0]
[lambda_l2: 0.440086]
[linear_lambda: 0]
[min_gain_to_split: 0]
[drop_rate: 0.1]
[max_drop: 50]
[skip_drop: 0.5]
[xgboost_dart_mode: 0]
[uniform_drop: 0]
[drop_seed: 17869]
[top_rate: 0.2]
[other_rate: 0.1]
[min_data_per_group: 100]
[max_cat_threshold: 32]
[cat_l2: 10]
[cat_smooth: 10]
[max_cat_to_onehot: 4]
[top_k: 20]
[monotone_constraints: ]
[monotone_constraints_method: basic]
[monotone_penalty: 0]
[feature_contri: ]
[forcedsplits_filename: ]
[refit_decay_rate: 0.9]
[cegb_tradeoff: 1]
[cegb_penalty_split: 0]
[cegb_penalty_feature_lazy: ]
[cegb_penalty_feature_coupled: ]
[path_smooth: 0]
[interaction_constraints: ]
[verbosity: -1]
[saved_feature_importance_type: 0]
[use_quantized_grad: 0]
[num_grad_quant_bins: 4]
[quant_train_renew_leaf: 0]
[stochastic_rounding: 1]
[linear_tree: 0]
[max_bin: 255]
[max_bin_by_feature: ]
[min_data_in_bin: 3]
[bin_construct_sample_cnt: 200000]
[data_random_seed: 175]
[is_enable_sparse: 1]
[enable_bundle: 1]
[use_missing: 1]
[zero_as_missing: 0]
[feature_pre_filter: 1]
[pre_partition: 0]
[two_round: 0]
[header: 0]
[label_column: ]
[weight_column: ]
[group_column: ]
[ignore_column: ]
[categorical_feature: 0,1]
[forcedbins_filename: ]
[precise_float_parser: 0]
[parser_config_file: ]
[objective_seed: 16083]
[num_class: 1]
[is_unbalance: 0]
[scale_pos_weight: 1]
[sigmoid: 1]
[boost_from_average: 1]
[reg_sqrt: 0]
[alpha: 0.9]
[fair_c: 1]
[poisson_max_delta_step: 0.7]
[tweedie_variance_power: 1.5]
[lambdarank_truncation_level: 30]
[lambdarank_norm: 1]
[label_gain: ]
[lambdarank_position_bias_regularization: 0]
[eval_at: ]
[multi_error_top_k: 1]
[auc_mu_weights: ]
[num_machines: 1]
[local_listen_port: 12400]
[time_out: 120]
[machine_list_filename: ]
[machines: ]
[gpu_platform_id: -1]
[gpu_device_id: -1]
[gpu_use_dp: 0]
[num_gpu: 1]

end of parameters

pandas_categorical:[["light_1", "light_2", "light_3", "light_4", "machine_1", "machine_2", "machine_3", "machine_4", "machine_5", "machine_6", "screen_1", "screen_2", "window_1"], ["Light", "Machine", "Screen", "Window"]]
