tree
version=v4
num_class=1
num_tree_per_iteration=1
label_index=0
max_feature_idx=59
objective=regression
feature_names=object_id canonical_label display_x display_y anchor_x anchor_y hour minute day_of_week source_temp people_count_total people_count_within_1m people_count_within_2m people_count_within_3m nearest_person_distance mean_person_distance nearest_person_dx nearest_person_dy temp_lag_1 temp_lag_2 temp_lag_3 temp_lag_4 temp_lag_5 temp_lag_6 temp_lag_7 temp_lag_8 temp_lag_9 temp_lag_10 temp_lag_11 temp_lag_12 temp_lag_13 temp_lag_14 temp_lag_15 temp_lag_16 temp_lag_17 temp_lag_18 temp_lag_19 temp_lag_20 temp_lag_21 temp_lag_22 temp_lag_23 temp_lag_24 temp_lag_25 temp_lag_26 temp_lag_27 temp_lag_28 temp_lag_29 temp_lag_30 temp_roll_mean_5 temp_roll_mean_10 temp_roll_mean_20 temp_roll_mean_30 temp_roll_std_5 temp_roll_std_10 temp_roll_std_20 temp_roll_std_30 temp_delta_1 seconds_since_previous observations_in_frame target_minutes_ahead
feature_infos=-1:3:1:10:0:13:7:14:9:8:11:2:6:12 -1:1:0:2:3 [1.041598:11.556165999999999] [0.20951900000000001:3.5975069999999998] [1.041598:11.556165999999999] [0.20951900000000001:3.5975069999999998] [8:22] [0:59] [1:4] [20.710781097412109:33.628902435302734] [0:8] [0:4] [0:5] [0:6] [0.019167065216146285:12.151848356626656] [0.039829338759261326:12.151848356626656] [-11.833653:8.1827309999999986] [-3.9878310000000003:2.7271389999999998] [20.710781097412109:33.628902435302734] [20.710781097412109:33.628902435302734] [20.710781097412109:33.628902435302734] [20.710781097412109:33.628902435302734] [20.767314910888672:33.628902435302734] [20.767314910888672:33.628902435302734] [20.767314910888672:33.628902435302734] [20.767314910888672:33.628902435302734] [20.767314910888672:33.628902435302734] [20.767314910888672:33.628902435302734] [20.767314910888672:33.628902435302734] [20.767314910888672:33.724906921386719] [20.767314910888672:33.724906921386719] [20.767314910888672:33.731792449951172] [20.767314910888672:33.731792449951172] [20.767314910888672:33.788913726806641] [20.767314910888672:33.812648773193359] [20.767314910888672:33.812648773193359] [20.767314910888672:33.867141723632812] [20.767314910888672:33.867141723632812] [20.767314910888672:33.871669769287109] [20.778268814086911:33.904830932617188] [20.778268814086911:33.938369750976562] [20.778268814086911:33.989253997802734] [20.778268814086911:33.989253997802734] [20.778268814086911:33.989253997802734] [20.778268814086911:33.989253997802734] [20.778268814086911:34.028663635253906] [20.778268814086911:34.028663635253906] [20.778268814086911:34.083908081054688] [20.813935470296876:33.582015991210938] [20.846101379252442:33.520564270704099] [20.947070026343749:33.459170151099116] [20.974348449659669:33.602841186512045] [0.0046546274530860493:2.9087148323116554] [0.013041314038185923:3.7845282620885468] [0.027526308275102239:3.4762438326746441] [0.037683147371787282:3.0084684082892879] [-6.476531982421875:6.0934104919433594] [60:8220] none [5:7]
tree_sizes=820 871 871 873 870 873 871 873 874 873 871 877 868 873 875 873 872 872 873 874 876 874 873 870 872 872 877 875 874 874 871 876 872 878 872 877 872 879 875 874 880 878 877 871 873 874 873 876 872 875 877 878 876 877 878 874 872 875 876 875 881 874 876 875 874 875 870 876 874 874 872 872 879 873 879 874 876 877 874 876 876 870 873 881 871 878 878 874 875 877 874 870 879 880 879 881 876 872 875 874 872 883 878 880 877 880 877 881 884 881 881 879 875 879 882 873 876 872 879 880 876 872 877 885 880 878 880 879 879 877 881 876 883 880 880 877 877 876 879 876 879 878 876 881 876 881 882 878 880 876 878 875 879 873 878 883 879 879 879 879 884 875 878 882 877 873 879 878 883 882 881 881 877 880 881 877 878 880 881 881 883 880 879 883 878 881 885 876 884 876 884 881 879 884 884 876 881 882 885 880 885 876 881 882 882 884 883 882 880 880 877 883 879 885 880 880 879 883 882 882 874 885 882 883 881 879 881 880 880 884 882 878 886 884 885 881 879 881 879 886 883 881 887 884 884 884 884 882 879 879 884 886 881 886 880 884 878 881 880 882 882 877 883 888 884 885 877 885 879 880 902 884 883 900 883 876 876 881 884 882 878 884 888 878 878 883 881 881 884 884 881 887 885 881 876 879 884 880 889 882 884 903 886 907 882 909 914 885 902 879 875 888 904 887 874 887 907 882 878 886 903 886 890 886 884 882 884 886 883 887 882 886 915 882 905 880 889 893 875 879 884 911 884 881 903 788 905 911 891 888 901 885 884 894 882 887 886 910 882 888 907 884 887 880 910 893 891 874 878 886 912 906 884 904 885 891 882 796 886 883 890 807 888 817 796 876 887 909 798 885 900 884 884 874 880 796 876 887 917 883 881 891 888 889 895 891 890 877 794 886 879 800 883 885 889 896 885 876 879 892 881 879 879 799 887 903 883 883 884 879 909 867 797 822 882 885 888 797 793 910 893 880 874 879 881 883 873 794 889 888 879 886 881 795 908 798 896 793 890 817 908 873 892 881 885 883 882 887 904 796 806 791 889 797 891 803 889 885 894 797 889 885 784 896 886 883 799 881 891 890 883 881 912 883 789 878 891 882 891 888 795 879 911 880 888 788 884 788 888 895 707 886 820 901 916 804 910 790 885 889 803 915 884 874 889 817 891 822 891 893 890 870 906 814 827 886 894 823 885 876 893 891 790 798 885 904 788 892 882 882 887 902 917 818 908 910 701 706 906 878 890 901 892 916 892 885 919 911 889 895 880 883 813 709 892 905 790 817 799 884 798 820 884 895 823 886 821 794 902 800 800 906 800 800 793 800 800 795 795 903 885 642 793 880 881 917 885 798 886 800 891 803 921 915 812 895 717 799 918 913 881 905 896 905 896 794 920 792 895 804 898 800 799 796 820 878 820 803 789 823 817 797 821 813 905 525 788 800 793 809 880 898 894 892 899 897 624 886 886 826 642 815 878 805 783 801 902 643 883 784 796 828 803 891 797 889 886 798 886 797 896 907 903 802 797 790 615 793 799 800 800 798 626 885 824 828 918 889 900 829 616 879 822 799 910 728 888 823 793 896 797 614 824 784 802 637 896 800 890 892 797 616 820 795 707 801 916 818 886 891 710 789 615 804 816 808 913 892 888 796 885 885 791 639 797 791 801 886 799 887 903 823 795 623 703 908 813 626 702 794 612 900 886 702 797 799 796 892 883 618 884 620 796 795 802 795 800 626 889 624 822 711 626 619 890 622 908 893 798 799 620 623 909 795 895 622 624 798 802 883 879 798 907 708 628 797 905 880 893 894 621 890 529 796 886 891 809 904 622 805 885 915 789 893 786 615 893 618 882 891 802 622 644 800 782 886 902 891 615 803 796 887 795 626 619 890 817 799 910 798 789 895 819 886 626 796 878 702 620 527 818 911 899 797 627 702 910 883 888 802 875 917 886 617 708 808 803 624 791 622 912 804 619 883 913 529 825 890 527 876 831 793 828 889 898 802 788 708 717 889 703 624 915 803 708 801 624 619 898 619 886 916 802 798 877 893 621 627 789 526 795 897 790 914 617 704 619 794 617 891 889 910 884 887 614 618 895 906 909 801 797 884 623 823 876 621 825 626 914 529 619 890 909 789 618 799 708 902 526 615 621 897 895 646 708 915 907 798 798 900 724 909 530 882 615 796 620 889 801 896 718 896 737 908 902 892 889 798 888 531 885 891 527 910 523 785 891 924 895 889 796 619 892 888 822 714 811 914 790 889 628 892 818 898 800 824 903 892 898 799 703 807 798 526 792 798 621 891 622 827 622 901 884 797 809 531 801 529 889 704 624 613 617 881

Tree=0
num_leaves=8
num_cat=0
split_feature=48 48 48 48 9 48 9
split_gain=34973.3 11180.1 4925.71 2246.71 1853.35 912.008 583.236
threshold=24.146457862839849 27.848537445210454 22.741266251062012 25.67075347900391 31.38391208648682 21.851817512466802 23.461296082253423
decision_type=2 2 2 2 2 2 2
left_child=2 3 5 -2 -3 -1 -4
right_child=1 4 6 -5 -6 -7 -8
leaf_value=23.697341031198643 23.724897126319586 23.756797632043057 23.710656077775958 23.736937578928242 23.788596345686827 23.704181923026042 23.716700765015243
leaf_weight=2154 3563 389 2592 1548 190 3668 1946
leaf_count=2154 3563 389 2592 1548 190 3668 1946
internal_value=23.7159 23.7325 23.7067 23.7285 23.7672 23.7017 23.7132
internal_weight=16050 5690 10360 5111 579 5822 4538
internal_count=16050 5690 10360 5111 579 5822 4538
is_linear=0
shrinkage=1


Tree=1
num_leaves=8
num_cat=0
split_feature=49 48 48 48 48 48 49
split_gain=34386 10332.7 5739.85 1996.45 1452.95 904.58 721.05
threshold=24.360865974426272 28.054675483703615 22.761388969421393 25.708021354598639 31.421253967285161 21.851817512466802 23.526330470875489
decision_type=2 2 2 2 2 2 2
left_child=2 3 5 -2 -3 -1 -4
right_child=1 4 6 -5 -6 -7 -8
leaf_value=-0.018280384997513048 0.0099274445793441687 0.042399539823461702 -0.0048327180234653136 0.021423445538340236 0.071473530323582307 -0.011490038576103662 0.0015568277423036931
leaf_weight=2151 3120 318 2561 1587 192 3744 2366
leaf_count=2151 3120 318 2561 1587 192 3744 2366
internal_value=7.1497e-05 0.0176691 -0.00841186 0.0138034 0.0533462 -0.0139678 -0.00176439
internal_weight=16039 5217 10822 4707 510 5895 4927
internal_count=16039 5217 10822 4707 510 5895 4927
is_linear=0
shrinkage=0.00834467


Tree=2
num_leaves=8
num_cat=0
split_feature=48 48 48 9 9 48 9
split_gain=33614.1 9955.71 5475.45 1858.01 1715.86 860.747 699.224
threshold=24.298202324055669 27.848537445210454 22.741266251062012 25.674401283264164 31.38391208648682 21.851817512466802 23.461296082253423
decision_type=2 2 2 2 2 2 2
left_child=2 3 5 -2 -3 -1 -4
right_child=1 4 6 -5 -6 -7 -8
leaf_value=-0.018064704699772904 0.0095081410185000586 0.04021148124132784 -0.0049194329104534258 0.020528450220778826 0.071276204293357487 -0.011445400115007909 0.0013808612265546298
leaf_weight=2176 3149 383 2618 1610 183 3684 2308
leaf_count=2176 3149 383 2618 1610 183 3684 2308
internal_value=1.68724e-05 0.0171714 -0.00845225 0.0132364 0.0502564 -0.0139034 -0.00196753
internal_weight=16111 5325 10786 4759 566 5860 4926
internal_count=16111 5325 10786 4759 566 5860 4926
is_linear=0
shrinkage=0.00834467


Tree=3
num_leaves=8
num_cat=0
split_feature=49 9 9 48 18 48 49
split_gain=33094.6 10193.6 5363.36 2317.04 1155.14 930.269 672.897
threshold=24.311651325225835 28.452870368957523 22.763787267958985 25.798861885352053 31.428276062011722 21.851817512466802 23.526330470875489
decision_type=2 2 2 2 2 2 2
left_child=2 3 5 -2 -3 -1 -4
right_child=1 4 6 -5 -6 -7 -8
leaf_value=-0.018028061017007452 0.0096827960541480008 0.04359376766341385 -0.0046984787876466092 0.022074919101056176 0.070760865455291963 -0.011175509591942792 0.0015955446909727774
leaf_weight=2134 3373 254 2520 1526 191 3902 2229
leaf_count=2134 3373 254 2520 1526 191 3902 2229
internal_value=3.55397e-05 0.0170164 -0.00837855 0.0135429 0.0552555 -0.0135982 -0.00174431
internal_weight=16129 5344 10785 4899 445 6036 4749
internal_count=16129 5344 10785 4899 445 6036 4749
is_linear=0
shrinkage=0.00834467


Tree=4
num_leaves=8
num_cat=0
split_feature=49 9 48 48 48 48 49
split_gain=32700.9 9798.1 5302.09 1829.52 1617.12 870.293 692.187
threshold=24.311651325225835 27.933975219726566 22.741266251062012 25.708021354598639 30.197082900847661 21.851817512466802 23.526330470875489
decision_type=2 2 2 2 2 2 2
left_child=2 3 5 -2 -3 -1 -4
right_child=1 4 6 -5 -6 -7 -8
leaf_value=-0.017890504746837982 0.0094130368207440123 0.03689819816743907 -0.0048400196643192724 0.0204961837209327 0.065179228303326217 -0.011261095184040674 0.0014625121454501608
leaf_weight=2201 3288 316 2682 1515 254 3692 2216
leaf_count=2201 3288 316 2682 1515 254 3692 2216
internal_value=-2.93783e-05 0.016791 -0.00840452 0.012909 0.0495015 -0.0137372 -0.00198857
internal_weight=16164 5373 10791 4803 570 5893 4898
internal_count=16164 5373 10791 4803 570 5893 4898
is_linear=0
shrinkage=0.00834467


Tree=5
num_leaves=8
num_cat=0
split_feature=48 9 48 48 18 48 9
split_gain=32066.2 10046.7 4596.79 2104.93 1640.62 832.373 541.194
threshold=24.146457862839849 27.933975219726566 22.741266251062012 25.67075347900391 30.254060745239261 21.912070465087893 23.537122726440433
decision_type=2 2 2 2 2 2 2
left_child=2 3 5 -2 -3 -1 -4
right_child=1 4 6 -5 -6 -7 -8
leaf_value=-0.017201920945389665 0.0086624116282969024 0.036970220608336324 -0.0046617180670121602 0.020167422330295989 0.065732715271327249 -0.010851026043453605 0.0012454716803851583
leaf_weight=2494 3542 320 2790 1611 243 3391 1762
leaf_count=2494 3542 320 2790 1611 243 3391 1762
internal_value=2.89342e-05 0.0159161 -0.00867197 0.0122593 0.0493855 -0.0135425 -0.00237515
internal_weight=16153 5716 10437 5153 563 5885 4552
internal_count=16153 5716 10437 5153 563 5885 4552
is_linear=0
shrinkage=0.00834467


Tree=6
num_leaves=8
num_cat=0
split_feature=49 9 9 18 9 9 49
split_gain=31282.5 9482.56 5330.48 1650.09 1646.33 838.685 715.856
threshold=24.360865974426272 27.933975219726566 22.744319915771488 30.254060745239261 25.841992378234867 21.925212860107425 23.526330470875489
decision_type=2 2 2 2 2 2 2
left_child=2 4 5 -3 -2 -1 -4
right_child=1 3 6 -5 -6 -7 -8
leaf_value=-0.016777883561974918 0.0097201711490573599 0.036363769050395567 -0.0046010257897438787 0.064907521825561157 0.020693775674421173 -0.010492954661993476 0.0017701416078824974
leaf_weight=2678 3300 322 2594 251 1338 3301 2332
leaf_count=2678 3300 322 2594 251 1338 3301 2332
internal_value=2.42761e-05 0.0168426 -0.00801245 0.0488681 0.0128859 -0.013308 -0.00158488
internal_weight=16116 5211 10905 573 4638 5979 4926
internal_count=16116 5211 10905 573 4638 5979 4926
is_linear=0
shrinkage=0.00834467


Tree=7
num_leaves=8
num_cat=0
split_feature=48 48 48 9 9 48 49
split_gain=31377.9 9667.75 4989.19 1958.96 1402.97 787.075 654.187
threshold=24.298202324055669 28.054675483703615 22.741266251062012 25.841992378234867 31.38391208648682 21.814066506074223 23.526330470875489
decision_type=2 2 2 2 2 2 2
left_child=2 3 5 -2 -3 -1 -4
right_child=1 4 6 -5 -6 -7 -8
leaf_value=-0.017660336539184626 0.0094873637842673043 0.040169960686918221 -0.0046896507329462472 0.021116612181299663 0.068466356454068331 -0.011158341196238937 0.0014199660677062251
leaf_weight=1947 3429 329 2694 1429 194 3880 2231
leaf_count=1947 3429 329 2694 1429 194 3880 2231
internal_value=0.000127826 0.0165782 -0.00810503 0.0129082 0.0506672 -0.0133309 -0.00192203
internal_weight=16133 5381 10752 4858 523 5827 4925
internal_count=16133 5381 10752 4858 523 5827 4925
is_linear=0
shrinkage=0.00834467


Tree=8
num_leaves=8
num_cat=0
split_feature=49 48 48 48 48 48 49
split_gain=30145 8905.4 5141.89 1825.01 1272.88 788.835 693.294
threshold=24.360865974426272 28.054675483703615 22.741266251062012 25.708021354598639 31.421253967285161 21.758687591927735 23.526330470875489
decision_type=2 2 2 2 2 2 2
left_child=2 3 5 -2 -3 -1 -4
right_child=1 4 6 -5 -6 -7 -8
leaf_value=-0.017885085254198994 0.0093390511489177212 0.039821426096800228 -0.0046524425872095819 0.020338807896704076 0.067617117525865147 -0.011219553228686598 0.0015480850938861871
leaf_weight=1776 3169 297 2677 1571 187 4069 2365
leaf_count=1776 3169 297 2677 1571 187 4069 2365
internal_value=-1.17648e-05 0.0164664 -0.00791861 0.0129848 0.0505618 -0.0132449 -0.00174403
internal_weight=16111 5224 10887 4740 484 5845 5042
internal_count=16111 5224 10887 4740 484 5845 5042
is_linear=0
shrinkage=0.00834467


Tree=9
num_leaves=8
num_cat=0
split_feature=48 9 48 48 48 48 49
split_gain=29853.5 8983.14 4785.06 2065.33 1008.69 782.25 615.913
threshold=24.298202324055669 28.452870368957523 22.741266251062012 25.798861885352053 31.421253967285161 21.912070465087893 23.526330470875489
decision_type=2 2 2 2 2 2 2
left_child=2 3 5 -2 -3 -1 -4
right_child=1 4 6 -5 -6 -7 -8
leaf_value=-0.016689492432881013 0.0093095547494861271 0.04151948432714133 -0.0046352997600879603 0.021015480680867577 0.067320850578419911 -0.010501880945543541 0.0013083886762740604
leaf_weight=2478 3411 244 2682 1516 186 3341 2218
leaf_count=2478 3411 244 2682 1516 186 3341 2218
internal_value=1.83271e-05 0.0161038 -0.00802066 0.0129114 0.0526813 -0.0131369 -0.00194487
internal_weight=16076 5357 10719 4927 430 5819 4900
internal_count=16076 5357 10719 4927 430 5819 4900
is_linear=0
shrinkage=0.00834467


Tree=10
num_leaves=8
num_cat=0
split_feature=48 48 9 9 9 48 48
split_gain=29724.4 9241.87 4141.33 2120.66 1282.88 731.698 549.482
threshold=24.146457862839849 28.054675483703615 22.629494667053226 25.711257934882816 31.38391208648682 21.814066506074223 23.444696426391605
decision_type=2 2 2 2 2 2 2
left_child=2 3 5 -2 -3 -1 -4
right_child=1 4 6 -5 -6 -7 -8
leaf_value=-0.01734375778506831 0.0084140692782706111 0.039193416499933312 -0.0050980668796445586 0.019901405987964707 0.06682099959949489 -0.01104572941493296 0.00065873603937288672
leaf_weight=1976 3609 313 2733 1622 187 3671 1999
leaf_count=1976 3609 313 2733 1622 187 3671 1999
internal_value=-1.60388e-06 0.0152523 -0.00842437 0.011976 0.0495272 -0.0132496 -0.00266615
internal_weight=16110 5731 10379 5231 500 5647 4732
internal_count=16110 5731 10379 5231 500 5647 4732
is_linear=0
shrinkage=0.00834467


Tree=11
num_leaves=8
num_cat=0
split_feature=49 48 48 48 48 48 49
split_gain=28958.8 8863.12 4891.67 1718.28 1367.17 760.842 620.566
threshold=24.360865974426272 27.597475814819337 22.761388969421393 30.197082900847661 25.478872871475591 21.851817512466802 23.526330470875489
decision_type=2 2 2 2 2 2 2
left_child=2 4 5 -3 -2 -1 -4
right_child=1 3 6 -5 -6 -7 -8
leaf_value=-0.016813463029400722 0.0083563303931071618 0.034059431753085123 -0.0044456109431764614 0.062196426012772331 0.017604074106521227 -0.010604786887905535 0.0014660241094189446
leaf_weight=2171 2723 367 2612 257 1883 3746 2348
leaf_count=2171 2723 367 2612 257 1883 3746 2348
internal_value=-5.79391e-07 0.0161354 -0.00775926 0.0456487 0.012137 -0.0128828 -0.00164712
internal_weight=16107 5230 10877 624 4606 5917 4960
internal_count=16107 5230 10877 624 4606 5917 4960
is_linear=0
shrinkage=0.00834467


Tree=12
num_leaves=8
num_cat=0
split_feature=48 9 48 9 21 48 9
split_gain=28397.1 9076.95 4031.71 1943.34 1433.2 738.601 468.041
threshold=24.146457862839849 27.933975219726566 22.741266251062012 25.367729187409669 30.447418212890629 21.841001320385256 23.561007499694828
decision_type=2 2 2 2 2 2 2
left_child=2 3 5 -2 -3 -1 -4
right_child=1 4 6 -5 -6 -7 -8
leaf_value=-0.016780883970530808 0.0070278097824835488 0.035110817362215788 -0.0043726174069640246 0.01738753791904531 0.061962393767114307 -0.010591555502784462 0.001196198587082849
leaf_weight=2098 2943 320 2835 2206 244 3729 1670
leaf_count=2098 2943 320 2835 2206 244 3729 1670
internal_value=1.8323e-05 0.0149475 -0.00823666 0.0114663 0.0467283 -0.01282 -0.00230826
internal_weight=16045 5713 10332 5149 564 5827 4505
internal_count=16045 5713 10332 5149 564 5827 4505
is_linear=0
shrinkage=0.00834467


Tree=13
num_leaves=8
num_cat=0
split_feature=49 48 9 48 9 48 49
split_gain=28202.1 8427.8 4556.35 1808.67 1225.11 774.682 596.617
threshold=24.311651325225835 28.054675483703615 22.744319915771488 25.67075347900391 31.38391208648682 21.938918685913091 23.479647445515383
decision_type=2 2 2 2 2 2 2
left_child=2 3 5 -2 -3 -1 -4
right_child=1 4 6 -5 -6 -7 -8
leaf_value=-0.016002196413564016 0.0086503499282231007 0.038214762803929513 -0.0045517801586410101 0.019445532863779192 0.06525847913874698 -0.0099769867239725262 0.0013399075014155898
leaf_weight=2633 3215 313 2479 1628 186 3411 2314
leaf_count=2633 3215 313 2479 1628 186 3411 2314
internal_value=-4.82176e-05 0.0156437 -0.00778341 0.0122792 0.0482963 -0.0126018 -0.00170735
internal_weight=16179 5342 10837 4843 499 6044 4793
internal_count=16179 5342 10837 4843 499 6044 4793
is_linear=0
shrinkage=0.00834467


Tree=14
num_leaves=8
num_cat=0
split_feature=49 9 48 48 18 48 9
split_gain=27660.6 8522.13 4612.54 1855.97 942.081 775.292 570.162
threshold=24.360865974426272 28.452870368957523 22.806226348876958 25.798861885352053 31.428276062011722 21.938918685913091 23.537122726440433
decision_type=2 2 2 2 2 2 2
left_child=2 3 5 -2 -3 -1 -4
right_child=1 4 6 -5 -6 -7 -8
leaf_value=-0.015832261975019878 0.0090086666374475464 0.04023162846295375 -0.0040800719732068157 0.020214471687495243 0.064892928591561927 -0.0098244506873656594 0.0016901017816827934
leaf_weight=2629 3265 248 2659 1503 191 3470 2162
leaf_count=2629 3265 248 2659 1503 191 3470 2162
internal_value=-4.58922e-05 0.0157804 -0.0075924 0.0125411 0.0509625 -0.0124142 -0.00149241
internal_weight=16127 5207 10920 4768 439 6099 4821
internal_count=16127 5207 10920 4768 439 6099 4821
is_linear=0
shrinkage=0.00834467


Tree=15
num_leaves=8
num_cat=0
split_feature=48 48 9 48 9 48 49
split_gain=26969.9 7886.56 4344.08 1597.4 1461.3 763.666 538.865
threshold=24.298202324055669 27.597475814819337 22.744319915771488 30.197082900847661 25.367729187409669 21.912070465087893 23.526330470875489
decision_type=2 2 2 2 2 2 2
left_child=2 4 5 -3 -2 -1 -4
right_child=1 3 6 -5 -6 -7 -8
leaf_value=-0.015896175130256145 0.0073744341467830033 0.032546840426931394 -0.004243545823455111 0.060034426191749438 0.016687165217784121 -0.0098613633742080375 0.0013870711909470465
leaf_weight=2477 2577 376 2605 242 2154 3557 2169
leaf_count=2477 2577 376 2605 242 2154 3557 2169
internal_value=-4.8444e-05 0.0152767 -0.00763303 0.0433114 0.0116145 -0.0123387 -0.00168536
internal_weight=16157 5349 10808 618 4731 6034 4774
internal_count=16157 5349 10808 618 4731 6034 4774
is_linear=0
shrinkage=0.00834467


Tree=16
num_leaves=8
num_cat=0
split_feature=48 9 48 9 48 48 9
split_gain=26813.5 8458.9 3828.01 1635.98 1613.32 619.479 551.514
threshold=24.146457862839849 27.681832313537601 22.620424079895024 25.307363510131839 30.197082900847661 21.725830841064454 23.440654754638675
decision_type=2 2 2 2 2 2 2
left_child=2 3 5 -2 -3 -1 -4
right_child=1 4 6 -5 -6 -7 -8
leaf_value=-0.01687915674295323 0.0067187949930233425 0.032595080970872763 -0.0049288404715572337 0.016187514848211768 0.059846138111936766 -0.010820167861368295 0.00072106807505240066
leaf_weight=1709 2836 388 2906 2302 248 3761 2053
leaf_count=1709 2836 388 2906 2302 248 3761 2053
internal_value=8.78672e-05 0.0145147 -0.00789953 0.0109611 0.043222 -0.0127132 -0.00258981
internal_weight=16203 5774 10429 5138 636 5470 4959
internal_count=16203 5774 10429 5138 636 5470 4959
is_linear=0
shrinkage=0.00834467


Tree=17
num_leaves=8
num_cat=0
split_feature=49 48 48 48 9 48 9
split_gain=26209.4 8070.97 4374.75 1564.54 1312.9 671.698 588.318
threshold=24.360865974426272 27.597475814819337 22.741266251062012 30.197082900847661 25.674401283264164 21.814066506074223 23.537122726440433
decision_type=2 2 2 2 2 2 2
left_child=2 4 5 -3 -2 -1 -4
right_child=1 3 6 -5 -6 -7 -8
leaf_value=-0.016262595691417282 0.0083808442665780861 0.032545357839679101 -0.004159178962008573 0.059278038077879784 0.01786477559171696 -0.010261692850946054 0.0015917477112209429
leaf_weight=1951 3032 377 2843 256 1529 3886 2195
leaf_count=1951 3032 377 2843 256 1529 3886 2195
internal_value=1.46665e-05 0.0154355 -0.00735045 0.0433574 0.0115602 -0.0122675 -0.00165357
internal_weight=16069 5194 10875 633 4561 5837 5038
internal_count=16069 5194 10875 633 4561 5837 5038
is_linear=0
shrinkage=0.00834467


Tree=18
num_leaves=8
num_cat=0
split_feature=48 9 48 48 48 48 9
split_gain=25822.9 7844.82 4292.53 1446.93 1378.57 675.112 563.862
threshold=24.322185897452155 27.933975219726566 22.741266251062012 25.67075347900391 30.197082900847661 21.725830841064454 23.561007499694828
decision_type=2 2 2 2 2 2 2
left_child=2 3 5 -2 -3 -1 -4
right_child=1 4 6 -5 -6 -7 -8
leaf_value=-0.016581438033870296 0.0083483559066701799 0.032672299062038092 -0.0040434899622083737 0.01816390929194571 0.058783266984102904 -0.010368421913520463 0.0016350265333554136
leaf_weight=1730 3140 313 2929 1568 256 4114 2084
leaf_count=1730 3140 313 2929 1568 256 4114 2084
internal_value=1.19677e-05 0.0151546 -0.00734805 0.0116175 0.0444207 -0.0122077 -0.00168282
internal_weight=16134 5277 10857 4708 569 5844 5013
internal_count=16134 5277 10857 4708 569 5844 5013
is_linear=0
shrinkage=0.00834467


Tree=19
num_leaves=8
num_cat=0
split_feature=49 9 9 9 18 9 49
split_gain=25353.7 7637.56 4307.86 1725.45 871.747 700.659 545.143
threshold=24.360865974426272 28.452870368957523 22.744319915771488 25.841992378234867 31.428276062011722 21.925212860107425 23.549448585415043
decision_type=2 2 2 2 2 2 2
left_child=2 3 5 -2 -3 -1 -4
right_child=1 4 6 -5 -6 -7 -8
leaf_value=-0.015195029699613741 0.0086814789210217062 0.038277890722426058 -0.0040288507975530796 0.019509246524792825 0.062019465288318983 -0.0094457935074000951 0.0015557905911371976
leaf_weight=2674 3322 256 2650 1482 186 3295 2251
leaf_count=2674 3322 256 2650 1482 186 3295 2251
internal_value=9.83785e-06 0.0150759 -0.00726127 0.0120218 0.0482698 -0.0120214 -0.00146386
internal_weight=16116 5246 10870 4804 442 5969 4901
internal_count=16116 5246 10870 4804 442 5969 4901
is_linear=0
shrinkage=0.00834467


Tree=20
num_leaves=8
num_cat=0
split_feature=48 9 48 18 48 9 48
split_gain=24939.1 8062.28 3199.01 1820.51 1487.9 487.297 459.359
threshold=24.036989212036136 27.279413225681157 22.493351745571292 30.254060745239261 25.105949020385747 23.069738388061527 21.725830841064454
decision_type=2 2 2 2 2 2 2
left_child=2 4 6 -3 -2 -4 -1
right_child=1 3 5 -5 -6 -7 -8
leaf_value=-0.016290871072745614 0.0054554325018271177 0.030102388767471885 -0.0064607065408305705 0.058018204395640462 0.014303900382465776 -0.0012496227774657076 -0.010958839643427747
leaf_weight=1717 2709 505 2138 240 2587 3007 3264
leaf_count=1717 2709 505 2138 240 2587 3007 3264
internal_value=-2.48622e-05 0.0133935 -0.00803002 0.039096 0.00977777 -0.00341509 -0.0127969
internal_weight=16167 6041 10126 745 5296 5145 4981
internal_count=16167 6041 10126 745 5296 5145 4981
is_linear=0
shrinkage=0.00834467


Tree=21
num_leaves=8
num_cat=0
split_feature=9 48 18 9 48 9 49
split_gain=24718.5 7648.45 3712.06 1587.52 1307.32 738.606 417.969
threshold=24.159819602966312 27.425601768493657 22.787070274353031 31.38391208648682 25.357082939147954 22.080404281616214 23.549448585415043
decision_type=2 2 2 2 2 2 2
left_child=2 4 5 -3 -2 -1 -4
right_child=1 3 6 -5 -6 -7 -8
leaf_value=-0.014422613004742017 0.0068304785792645904 0.032581426854729187 -0.004039236489351998 0.061385931468773379 0.015525146345630543 -0.0086143786420821589 0.0011090713374808747
leaf_weight=3297 2881 513 2432 180 2069 2836 2002
leaf_count=3297 2881 513 2432 180 2069 2836 2002
internal_value=-1.23667e-06 0.0140997 -0.00753146 0.0400639 0.0104647 -0.0117368 -0.00171472
internal_weight=16210 5643 10567 693 4950 6133 4434
internal_count=16210 5643 10567 693 4950 6133 4434
is_linear=0
shrinkage=0.00834467


Tree=22
num_leaves=8
num_cat=0
split_feature=9 48 9 9 48 48 48
split_gain=23920.3 7302.36 3609.87 1428.86 1414.74 681.152 419.145
threshold=24.159819602966312 27.597475814819337 22.744319915771488 31.38391208648682 25.357082939147954 21.938918685913091 23.444696426391605
decision_type=2 2 2 2 2 2 2
left_child=2 4 5 -3 -2 -1 -4
right_child=1 3 6 -5 -6 -7 -8
leaf_value=-0.014917651577186792 0.0067205714818128117 0.032803649765034158 -0.0042750634705145049 0.0607326568610961 0.015718631515082918 -0.0092408364007409444 0.00079697851342388311
leaf_weight=2581 2876 444 2346 179 2109 3425 2197
leaf_count=2581 2876 444 2346 179 2109 3425 2197
internal_value=-3.18675e-05 0.0138937 -0.00743491 0.040829 0.0105274 -0.0116804 -0.00182222
internal_weight=16157 5608 10549 623 4985 6006 4543
internal_count=16157 5608 10549 623 4985 6006 4543
is_linear=0
shrinkage=0.00834467


Tree=23
num_leaves=8
num_cat=0
split_feature=48 48 48 48 9 9 9
split_gain=23618.5 7071 3802.01 1517.44 1017.72 625.915 486.929
threshold=24.298202324055669 28.054675483703615 22.741266251062012 25.708021354598639 31.38391208648682 22.048245429140628 23.561007499694828
decision_type=2 2 2 2 2 2 2
left_child=2 3 5 -2 -3 -1 -4
right_child=1 4 6 -5 -6 -7 -8
leaf_value=-0.014182060079538757 0.0080136774516803688 0.035274197562624489 -0.0038889305700604967 0.017988091991665692 0.060136343298388115 -0.0087382166704304178 0.0014726683669189365
leaf_weight=3155 3257 310 2875 1576 182 2755 2000
leaf_count=3155 3257 310 2875 1576 182 2755 2000
internal_value=-4.4879e-05 0.0143344 -0.00714452 0.0112663 0.0444722 -0.0116444 -0.0016893
internal_weight=16110 5325 10785 4833 492 5910 4875
internal_count=16110 5325 10785 4833 492 5910 4875
is_linear=0
shrinkage=0.00834467


Tree=24
num_leaves=8
num_cat=0
split_feature=9 9 9 49 21 9 49
split_gain=23547.6 7027.95 3643.22 1437.1 1156.45 640.943 460.081
threshold=24.209330558776859 27.933975219726566 22.744319915771488 25.605397033691407 30.447418212890629 21.770780563354496 23.618109893798831
decision_type=2 2 2 2 2 2 2
left_child=2 3 5 -2 -3 -1 -4
right_child=1 4 6 -5 -6 -7 -8
leaf_value=-0.015345752723529461 0.0075476052452098513 0.03170463813470125 -0.0039104179073079998 0.017052589085467862 0.055951387812025334 -0.0095937524352259895 0.0014150427407452891
leaf_weight=2026 3193 321 2720 1696 239 4037 1932
leaf_count=2026 3193 321 2720 1696 239 4037 1932
internal_value=-7.1261e-05 0.0140523 -0.00725368 0.0108449 0.0420536 -0.0115159 -0.00169873
internal_weight=16164 5449 10715 4889 560 6063 4652
internal_count=16164 5449 10715 4889 560 6063 4652
is_linear=0
shrinkage=0.00834467


Tree=25
num_leaves=8
num_cat=0
split_feature=9 48 9 48 48 48 49
split_gain=22821.6 6993.42 3700.25 1441.17 1122.19 636.148 443.003
threshold=24.239990234375004 27.425601768493657 22.744319915771488 30.197082900847661 25.323614501828128 22.078329277038577 23.526330470875489
decision_type=2 2 2 2 2 2 2
left_child=2 4 5 -3 -2 -1 -4
right_child=1 3 6 -5 -6 -7 -8
leaf_value=-0.014003749377173275 0.0067005579918549335 0.029938425134141959 -0.003976920258962101 0.055258886662142112 0.01491759029129356 -0.0085523991491993842 0.0011220225350608984
leaf_weight=3166 2595 440 2524 243 2089 2817 2239
leaf_count=3166 2595 440 2524 243 2089 2817 2239
internal_value=-4.97189e-05 0.0140027 -0.00706809 0.0389477 0.0103653 -0.0114371 -0.00158
internal_weight=16113 5367 10746 683 4684 5983 4763
internal_count=16113 5367 10746 683 4684 5983 4763
is_linear=0
shrinkage=0.00834467


Tree=26
num_leaves=8
num_cat=0
split_feature=49 49 18 18 49 18 49
split_gain=22784.6 6515.5 4189.69 1547.81 676.631 582.045 532.169
threshold=24.480766391543948 28.939923953846684 22.826873779296879 25.976819038391117 21.73947448730469 31.428276062011722 23.526330470875489
decision_type=2 2 2 2 2 2 2
left_child=2 3 4 -2 -1 -3 -4
right_child=1 5 6 -5 -6 -7 -8
leaf_value=-0.015581049486209458 0.0089948545429272466 0.038098047946068248 -0.0037220351720767377 0.019627065524837461 -0.0094310812169335293 0.058765395959982605 0.0017582515863692519
leaf_weight=1718 3173 195 2349 1363 4532 185 2599
leaf_count=1718 3173 195 2349 1363 4532 185 2599
internal_value=-5.53774e-06 0.0149703 -0.00658006 0.0121897 -0.0111216 0.048161 -0.000843447
internal_weight=16114 4916 11198 4536 6250 380 4948
internal_count=16114 4916 11198 4536 6250 380 4948
is_linear=0
shrinkage=0.00834467


Tree=27
num_leaves=8
num_cat=0
split_feature=48 9 9 48 23 9 48
split_gain=22238.4 7466.99 2859.7 1681.62 1094.32 538.522 338.997
threshold=24.036989212036136 27.933975219726566 22.352839469909672 25.357082939147954 30.496798515319828 23.052125930786136 21.725830841064454
decision_type=2 2 2 2 2 2 2
left_child=2 3 6 -2 -3 -4 -1
right_child=1 4 5 -5 -6 -7 -8
leaf_value=-0.015521455027652611 0.0058648593520603115 0.031518150970417491 -0.006512873301190384 0.015290887455325237 0.055048459516032287 -0.0013062899097413142 -0.010787199151074458
leaf_weight=1688 3265 321 2496 2210 241 3103 2801
leaf_count=1688 3265 321 2496 2210 241 3103 2801
internal_value=-2.47049e-05 0.0126431 -0.00760557 0.00966972 0.0416093 -0.00362736 -0.0125675
internal_weight=16125 6037 10088 5475 562 5599 4489
internal_count=16125 6037 10088 5475 562 5599 4489
is_linear=0
shrinkage=0.00834467


Tree=28
num_leaves=8
num_cat=0
split_feature=9 48 48 48 9 49 48
split_gain=21894.2 6803.15 3377.63 1342.58 1111.14 513.88 509.878
threshold=24.209330558776859 27.848537445210454 22.620424079895024 25.708021354598639 31.38391208648682 23.526330470875489 21.725830841064454
decision_type=2 2 2 2 2 2 2
left_child=2 3 6 -2 -3 -4 -1
right_child=1 4 5 -5 -6 -7 -8
leaf_value=-0.015320241609718574 0.007487624739791884 0.032926206674714652 -0.0044092106219276016 0.016946372614374716 0.058013641477916433 0.00092736026049025178 -0.0098415374062044408
leaf_weight=1729 3403 379 2979 1508 182 2173 3745
leaf_count=1729 3403 379 2979 1508 182 2173 3745
internal_value=-2.43055e-05 0.0135369 -0.00700784 0.0103921 0.0410659 -0.00215837 -0.011572
internal_weight=16098 5472 10626 4911 561 5152 5474
internal_count=16098 5472 10626 4911 561 5152 5474
is_linear=0
shrinkage=0.00834467


Tree=29
num_leaves=8
num_cat=0
split_feature=48 9 9 9 18 48 49
split_gain=21526.3 6610.9 3480.82 1584.59 707.795 629.83 439.363
threshold=24.298202324055669 28.452870368957523 22.744319915771488 26.027995109558109 31.428276062011722 21.725830841064454 23.411007022857671
decision_type=2 2 2 2 2 2 2
left_child=2 3 5 -2 -3 -1 -4
right_child=1 4 6 -5 -6 -7 -8
leaf_value=-0.015326502269358765 0.0081672669389546964 0.035648553290105148 -0.0041541955618832477 0.019086120445231506 0.057134834993440381 -0.0093312184247594417 0.00089772266395587628
leaf_weight=1710 3632 249 2288 1242 187 4260 2518
leaf_count=1710 3632 249 2288 1242 187 4260 2518
internal_value=-1.7007e-05 0.0137345 -0.00679323 0.0109497 0.0448651 -0.0110485 -0.00150736
internal_weight=16086 5310 10776 4874 436 5970 4806
internal_count=16086 5310 10776 4874 436 5970 4806
is_linear=0
shrinkage=0.00834467


Tree=30
num_leaves=8
num_cat=0
split_feature=9 48 48 48 9 49 48
split_gain=21234.1 6564.36 3375.2 1246.19 1109.6 608.77 403.186
threshold=24.239990234375004 27.848537445210454 22.493351745571292 25.444972992022951 31.38391208648682 23.411007022857671 21.725830841064454
decision_type=2 2 2 2 2 2 2
left_child=2 3 6 -2 -3 -4 -1
right_child=1 4 5 -5 -6 -7 -8
leaf_value=-0.015089153124657431 0.0068040661979571265 0.032014945458094121 -0.0048547299087532423 0.015404247718883967 0.056673538004207588 0.00061107478838960303 -0.010089051364217524
leaf_weight=1725 2869 388 3199 1985 189 2550 3218
leaf_count=1725 2869 388 3199 1985 189 2550 3218
internal_value=4.74344e-05 0.0134841 -0.00677774 0.0103211 0.0400928 -0.00243035 -0.011834
internal_weight=16123 5431 10692 4854 577 5749 4943
internal_count=16123 5431 10692 4854 577 5749 4943
is_linear=0
shrinkage=0.00834467


Tree=31
num_leaves=8
num_cat=0
split_feature=9 48 9 9 48 48 48
split_gain=20565.6 6419.24 3111.9 1305.73 1142.89 505.019 439.556
threshold=24.159819602966312 27.425601768493657 22.548346519470218 30.239335060119632 25.141686630249026 23.444696426391605 21.725830841064454
decision_type=2 2 2 2 2 2 2
left_child=2 4 6 -3 -2 -4 -1
right_child=1 3 5 -5 -6 -7 -8
leaf_value=-0.014948713223622252 0.0054383045070145368 0.028426480904886576 -0.0046074606521541665 0.05263298272402097 0.013495008466428335 0.00062698292396821042 -0.0097871154464205818
leaf_weight=1700 2395 446 3002 238 2512 2242 3544
leaf_count=1700 2395 446 3002 238 2512 2242 3544
internal_value=-2.45352e-05 0.0129011 -0.00691499 0.0368498 0.00956272 -0.00236955 -0.0114604
internal_weight=16079 5591 10488 684 4907 5244 5244
internal_count=16079 5591 10488 684 4907 5244 5244
is_linear=0
shrinkage=0.00834467


Tree=32
num_leaves=8
num_cat=0
split_feature=48 48 48 48 48 48 49
split_gain=20686 6300.9 3292.3 1321.1 980.824 548.022 416.049
threshold=24.298202324055669 27.425601768493657 22.741266251062012 30.197082900847661 25.357082939147954 21.725830841064454 23.526330470875489
decision_type=2 2 2 2 2 2 2
left_child=2 4 5 -3 -2 -1 -4
right_child=1 3 6 -5 -6 -7 -8
leaf_value=-0.01481557957609435 0.0064792181280719048 0.028188610984363524 -0.003801688006314162 0.052130643651763425 0.014164285628609665 -0.0092055802598225468 0.0010770299243212822
leaf_weight=1716 2553 439 2677 253 2114 4133 2232
leaf_count=1716 2553 439 2677 253 2114 4133 2232
internal_value=5.00048e-05 0.0134446 -0.00662238 0.0369426 0.00996033 -0.0108515 -0.00158346
internal_weight=16117 5359 10758 692 4667 5849 4909
internal_count=16117 5359 10758 692 4667 5849 4909
is_linear=0
shrinkage=0.00834467


Tree=33
num_leaves=8
num_cat=0
split_feature=49 18 48 48 48 48 49
split_gain=20330.8 6027.09 3401.17 1444.73 680.194 539.676 450.624
threshold=24.360865974426272 28.458469390869144 22.741266251062012 25.798861885352053 31.421253967285161 22.078329277038577 23.526330470875489
decision_type=2 2 2 2 2 2 2
left_child=2 3 5 -2 -3 -1 -4
right_child=1 4 6 -5 -6 -7 -8
leaf_value=-0.013104443703524798 0.0076970877929283888 0.034124906571177685 -0.0038061195240662654 0.017522428817417331 0.055155909366455064 -0.0080231273635497473 0.0012073140148008386
leaf_weight=3207 3291 249 2643 1525 188 2665 2366
leaf_count=3207 3291 249 2643 1525 188 2665 2366
internal_value=1.91803e-05 0.0135009 -0.00648937 0.0108083 0.0431736 -0.0107983 -0.00143803
internal_weight=16134 5253 10881 4816 437 5872 5009
internal_count=16134 5253 10881 4816 437 5872 5009
is_linear=0
shrinkage=0.00834467


Tree=34
num_leaves=8
num_cat=0
split_feature=9 9 9 48 48 48 48
split_gain=19810 6307.11 2671.75 1445.63 1223.33 527.439 294.535
threshold=24.039432525634769 27.279413225681157 22.352839469909672 30.197082900847661 25.105949020385747 23.174433517456059 21.725830841064454
decision_type=2 2 2 2 2 2 2
left_child=2 4 6 -3 -2 -4 -1
right_child=1 3 5 -5 -6 -7 -8
leaf_value=-0.014623576708399932 0.0048175998786041223 0.026765738837250416 -0.005786861556752539 0.051614771576460536 0.012937986088413053 -0.000720335762300906 -0.010223950356310333
leaf_weight=1707 2612 504 2915 241 2556 2810 2794
leaf_count=1707 2612 504 2915 241 2556 2810 2794
internal_value=-5.19379e-05 0.012106 -0.00708207 0.0348047 0.00883381 -0.00330007 -0.0118925
internal_weight=16139 5913 10226 745 5168 5725 4501
internal_count=16139 5913 10226 745 5168 5725 4501
is_linear=0
shrinkage=0.00834467


Tree=35
num_leaves=8
num_cat=0
split_feature=9 9 48 48 48 49 48
split_gain=19385.4 5956.7 3039.38 1135.67 1048.33 529.09 359.978
threshold=24.209330558776859 27.681832313537601 22.493351745571292 25.708021354598639 30.197082900847661 23.479647445515383 21.725830841064454
decision_type=2 2 2 2 2 2 2
left_child=2 3 6 -2 -3 -4 -1
right_child=1 4 5 -5 -6 -7 -8
leaf_value=-0.014458292656167158 0.0070292289104090478 0.028570773601185713 -0.0045690038968007642 0.015840121909388591 0.051063361709078881 0.00061091454854090871 -0.0097366578324111618
leaf_weight=1717 3447 369 3319 1446 237 2342 3258
leaf_count=1717 3447 369 3319 1446 237 2342 3258
internal_value=-3.10358e-05 0.0126896 -0.00660783 0.00963309 0.0373681 -0.00242603 -0.0113662
internal_weight=16135 5499 10636 4893 606 5661 4975
internal_count=16135 5499 10636 4893 606 5661 4975
is_linear=0
shrinkage=0.00834467


Tree=36
num_leaves=8
num_cat=0
split_feature=49 9 9 9 20 9 49
split_gain=19041.7 5479.61 3552.07 1011.24 914.055 648.14 391.131
threshold=24.480766391543948 27.933975219726566 22.88483810424805 25.880230903625492 31.479162216186527 22.080404281616214 23.549448585415043
decision_type=2 2 2 2 2 2 2
left_child=2 3 5 -2 -3 -1 -4
right_child=1 4 6 -5 -6 -7 -8
leaf_value=-0.012684414483593587 0.0079637987398431063 0.030991563789190834 -0.0031270231696806372 0.016755625974085007 0.053941371703734156 -0.007372890098086891 0.001673700138665703
leaf_weight=3300 3061 356 2230 1297 183 3105 2514
leaf_count=3300 3061 356 2230 1297 183 3105 2514
internal_value=-3.13235e-05 0.0136848 -0.00605589 0.0105804 0.0387843 -0.0101095 -0.000582965
internal_weight=16046 4897 11149 4358 539 6405 4744
internal_count=16046 4897 11149 4358 539 6405 4744
is_linear=0
shrinkage=0.00834467


Tree=37
num_leaves=8
num_cat=0
split_feature=49 48 48 48 48 48 49
split_gain=18867.7 5765.37 3171.25 1221.86 840.994 592.674 329.526
threshold=24.360865974426272 27.425601768493657 22.873467445373539 30.197082900847661 25.514639854431156 22.078329277038577 23.526330470875489
decision_type=2 2 2 2 2 2 2
left_child=2 4 5 -3 -2 -1 -4
right_child=1 3 6 -5 -6 -7 -8
leaf_value=-0.012669493966037284 0.0067508605045298268 0.027129064820875876 -0.0032747837994430893 0.050224162941558417 0.014109336875017534 -0.0075217320942608272 0.0011739054271663332
leaf_weight=3176 2798 444 2300 249 1763 3056 2338
leaf_count=3176 2798 444 2300 249 1763 3056 2338
internal_value=1.88157e-05 0.0130026 -0.00625688 0.0354279 0.00959522 -0.0101452 -0.00103222
internal_weight=16124 5254 10870 693 4561 6232 4638
internal_count=16124 5254 10870 693 4561 6232 4638
is_linear=0
shrinkage=0.00834467


Tree=38
num_leaves=8
num_cat=0
split_feature=49 48 18 48 48 48 49
split_gain=18643 5497.13 3075.26 1023.73 899.474 601.83 346.442
threshold=24.360865974426272 27.848537445210454 22.826873779296879 25.67075347900391 30.197082900847661 22.078329277038577 23.618109893798831
decision_type=2 2 2 2 2 2 2
left_child=2 3 5 -2 -3 -1 -4
right_child=1 4 6 -5 -6 -7 -8
leaf_value=-0.012599662495469597 0.0071503909659779491 0.028228254846154259 -0.003140832979226421 0.015431010041831729 0.049461337571201733 -0.0074258609291853479 0.0014273442269443742
leaf_weight=3182 3051 316 2607 1577 248 3082 2077
leaf_count=3182 3051 316 2607 1577 248 3082 2077
internal_value=-5.35528e-05 0.0129696 -0.00622966 0.00997205 0.0375655 -0.0100541 -0.00111519
internal_weight=16140 5192 10948 4628 564 6264 4684
internal_count=16140 5192 10948 4628 564 6264 4684
is_linear=0
shrinkage=0.00834467


Tree=39
num_leaves=8
num_cat=0
split_feature=9 9 18 49 18 9 49
split_gain=18226.5 5550.01 3145.14 1253.97 629.62 597.159 347.599
threshold=24.347644805908207 28.452870368957523 22.826873779296879 25.763342666735358 31.428276062011722 22.080404281616214 23.618109893798831
decision_type=2 2 2 2 2 2 2
left_child=2 3 5 -2 -3 -1 -4
right_child=1 4 6 -5 -6 -7 -8
leaf_value=-0.012466165315868692 0.0073030186394029157 0.032746229045468395 -0.0031193020298061346 0.016525468602915473 0.0530110752208783 -0.0072909048715066871 0.0014221255432411112
leaf_weight=3280 3150 249 2491 1523 187 2948 2219
leaf_count=3280 3150 249 2491 1523 187 2948 2219
internal_value=-4.71467e-05 0.0129655 -0.00612518 0.0103088 0.0414388 -0.0100165 -0.000979722
internal_weight=16047 5109 10938 4673 436 6228 4710
internal_count=16047 5109 10938 4673 436 6228 4710
is_linear=0
shrinkage=0.00834467


Tree=40
num_leaves=8
num_cat=0
split_feature=9 48 48 48 48 9 48
split_gain=17927.6 5854.18 2453.53 1169.28 1153.24 429.764 299.364
threshold=24.039432525634769 27.425601768493657 22.414015770038088 25.141686630249026 30.197082900847661 23.052125930786136 21.725830841064454
decision_type=2 2 2 2 2 2 2
left_child=2 3 6 -2 -3 -4 -1
right_child=1 4 5 -5 -6 -7 -8
leaf_value=-0.013923780138445516 0.0047157089804608695 0.026384724573739114 -0.0056339358477039483 0.012593286802288377 0.049003113281089986 -0.00096751885503860535 -0.0095509240059009608
leaf_weight=1738 2714 437 2422 2540 245 3177 2925
leaf_count=1738 2714 437 2422 2540 245 3177 2925
internal_value=-3.29243e-05 0.0115098 -0.00670975 0.00852407 0.0345107 -0.00298611 -0.0111808
internal_weight=16198 5936 10262 5254 682 5599 4663
internal_count=16198 5936 10262 5254 682 5599 4663
is_linear=0
shrinkage=0.00834467


Tree=41
num_leaves=8
num_cat=0
split_feature=48 18 48 48 19 48 49
split_gain=17802.6 5486.65 2865.33 1282.63 608.649 487.526 339.858
threshold=24.298202324055669 28.458469390869144 22.761388969421393 25.798861885352053 31.464236259460453 21.814066506074223 23.479647445515383
decision_type=2 2 2 2 2 2 2
left_child=2 3 5 -2 -3 -1 -4
right_child=1 4 6 -5 -6 -7 -8
leaf_value=-0.013453550423743302 0.0070819606703619751 0.03213092964674745 -0.0035939989451483391 0.016398868565660283 0.051845017561010169 -0.0083780971773133872 0.00083616093701750598
leaf_weight=1974 3381 258 2443 1479 189 3965 2381
leaf_count=1974 3381 258 2443 1479 189 3965 2381
internal_value=-1.7323e-05 0.0124906 -0.0061847 0.00991732 0.0404674 -0.0100651 -0.00140739
internal_weight=16070 5307 10763 4860 447 5939 4824
internal_count=16070 5307 10763 4860 447 5939 4824
is_linear=0
shrinkage=0.00834467


Tree=42
num_leaves=8
num_cat=0
split_feature=48 9 48 18 9 9 48
split_gain=17265.2 5678.08 2266.35 1297.69 1109.69 402.615 286.508
threshold=24.036989212036136 27.279413225681157 22.396785545349125 30.254060745239261 25.188035964965824 23.143629074096683 21.725830841064454
decision_type=2 2 2 2 2 2 2
left_child=2 4 6 -3 -2 -4 -1
right_child=1 3 5 -5 -6 -7 -8
leaf_value=-0.013722889922559905 0.0046204567328243873 0.02521638559196334 -0.0053510765651805722 0.048910764327170224 0.012343249444351037 -0.00084293094694826295 -0.0094248987738556247
leaf_weight=1726 2845 493 2772 239 2379 2746 2886
leaf_count=1726 2845 493 2772 239 2379 2746 2886
internal_value=-8.71628e-05 0.0111874 -0.0067161 0.0329532 0.00813742 -0.00310763 -0.0110334
internal_weight=16086 5956 10130 732 5224 5518 4612
internal_count=16086 5956 10130 732 5224 5518 4612
is_linear=0
shrinkage=0.00834467


Tree=43
num_leaves=8
num_cat=0
split_feature=49 9 9 9 9 18 9
split_gain=17196 5071.86 3198.32 1093.3 596.535 592.401 359.571
threshold=24.480766391543948 28.452870368957523 22.88483810424805 26.069210052490238 22.080404281616214 31.428276062011722 23.773359298706058
decision_type=2 2 2 2 2 2 2
left_child=2 3 4 -2 -1 -3 -4
right_child=1 5 6 -5 -6 -7 -8
leaf_value=-0.011984214466817942 0.0079226345211585673 0.031853863332958816 -0.0023511005832386181 0.017349324428237795 -0.0068987129066400464 0.051392573830484789 0.0023367344546156993
leaf_weight=3316 3269 262 2892 1161 3115 184 1880
leaf_count=3316 3269 262 2892 1161 3115 184 1880
internal_value=1.29984e-05 0.0130936 -0.00568023 0.0103932 -0.00952095 0.0399156 -0.000504258
internal_weight=16079 4876 11203 4430 6431 446 4772
internal_count=16079 4876 11203 4430 6431 446 4772
is_linear=0
shrinkage=0.00834467


Tree=44
num_leaves=8
num_cat=0
split_feature=9 9 48 48 48 9 48
split_gain=16826 5178.74 2640.92 1046.87 849.625 494.785 313.701
threshold=24.209330558776859 27.933975219726566 22.460111617777837 25.708021354598639 31.421253967285161 23.350099565473638 21.725830841064454
decision_type=2 2 2 2 2 2 2
left_child=2 3 6 -2 -3 -4 -1
right_child=1 4 5 -5 -6 -7 -8
leaf_value=-0.013529102727742107 0.0065767920295020732 0.028656681508308489 -0.0044744633336905792 0.01496852505845188 0.050452730565272573 0.00043860830940795059 -0.00909945875997175
leaf_weight=1727 3386 373 3280 1491 187 2527 3133
leaf_count=1727 3386 373 3280 1491 187 2527 3133
internal_value=-4.53201e-05 0.0119021 -0.00613494 0.00914234 0.0359357 -0.00233647 -0.0106736
internal_weight=16104 5437 10667 4877 560 5807 4860
internal_count=16104 5437 10667 4877 560 5807 4860
is_linear=0
shrinkage=0.00834467


Tree=45
num_leaves=8
num_cat=0
split_feature=9 48 48 9 48 9 9
split_gain=16707.4 5368.11 2264.96 1098.06 1073.66 397.673 266.639
threshold=24.039432525634769 27.425601768493657 22.414015770038088 30.239335060119632 25.105949020385747 23.087484359741214 21.561673164367679
decision_type=2 2 2 2 2 2 2
left_child=2 4 6 -3 -2 -4 -1
right_child=1 3 5 -5 -6 -7 -8
leaf_value=-0.013725003539900226 0.0044865449319482524 0.025215581904768813 -0.0052899415023660032 0.047137429537609112 0.01203829389917882 -0.0008143292437986549 -0.0094075339661750471
leaf_weight=1449 2636 461 2548 243 2608 3022 3187
leaf_count=1449 2636 461 2548 243 2608 3022 3187
internal_value=3.05028e-05 0.0111469 -0.00644809 0.0327829 0.00824227 -0.00286171 -0.010757
internal_weight=16154 5948 10206 704 5244 5570 4636
internal_count=16154 5948 10206 704 5244 5570 4636
is_linear=0
shrinkage=0.00834467


Tree=46
num_leaves=8
num_cat=0
split_feature=49 9 18 48 9 9 9
split_gain=16251 4730.62 3026.45 921.234 718.944 531.47 370.904
threshold=24.480766391543948 27.681832313537601 22.826873779296879 31.421253967285161 25.674401283264164 22.080404281616214 23.773359298706058
decision_type=2 2 2 2 2 2 2
left_child=2 4 5 -3 -2 -1 -4
right_child=1 3 6 -5 -6 -7 -8
leaf_value=-0.011734572968213942 0.006958268635371816 0.027515443322566408 -0.0024443667685698101 0.049758609330132035 0.014069926907681454 -0.0068616298713534566 0.0022758497400637598
leaf_weight=3282 2784 445 3130 183 1536 2968 1841
leaf_count=3282 2784 445 3130 183 1536 2968 1841
internal_value=-3.10536e-07 0.0125979 -0.0055556 0.0339978 0.00948688 -0.00942052 -0.000696243
internal_weight=16169 4948 11221 628 4320 6250 4971
internal_count=16169 4948 11221 628 4320 6250 4971
is_linear=0
shrinkage=0.00834467


Tree=47
num_leaves=8
num_cat=0
split_feature=9 48 9 9 48 9 49
split_gain=16184.8 4683.65 2948.51 1022.33 675.493 477.569 387.104
threshold=24.420802116394047 27.425601768493657 22.744319915771488 31.38391208648682 25.323614501828128 21.925212860107425 23.749592781213138
decision_type=2 2 2 2 2 2 2
left_child=2 4 5 -3 -2 -1 -4
right_child=1 3 6 -5 -6 -7 -8
leaf_value=-0.012150753329095038 0.0059746083999605249 0.026573426969177541 -0.0028327277171362841 0.049641321968301344 0.012607947902481206 -0.0074378361077689428 0.0018423026873347569
leaf_weight=2725 2185 513 3089 181 2093 3323 2053
leaf_count=2725 2185 513 3089 181 2093 3323 2053
internal_value=-4.54066e-05 0.0124821 -0.0056117 0.0325903 0.00921997 -0.00956131 -0.000966171
internal_weight=16162 4972 11190 694 4278 6048 5142
internal_count=16162 4972 11190 694 4278 6048 5142
is_linear=0
shrinkage=0.00834467


Tree=48
num_leaves=8
num_cat=0
split_feature=49 49 9 9 9 9 9
split_gain=15960.6 4542.98 2918.58 1166.3 575.878 386.939 315.167
threshold=24.480766391543948 28.939923953846684 22.88483810424805 26.069210052490238 22.080404281616214 31.38391208648682 23.773359298706058
decision_type=2 2 2 2 2 2 2
left_child=2 3 4 -2 -1 -3 -4
right_child=1 5 6 -5 -6 -7 -8
leaf_value=-0.011572909834752907 0.0076700915572901259 0.032046772088863605 -0.002313196540324415 0.017212287926314438 -0.0065903238196124217 0.049215641066564654 0.0020612357800839256
leaf_weight=3355 3295 179 2905 1223 3115 187 1895
leaf_count=3355 3295 179 2905 1223 3115 187 1895
internal_value=-5.60629e-05 0.0125439 -0.00551641 0.0102531 -0.00917404 0.0408199 -0.000586206
internal_weight=16154 4884 11270 4518 6470 366 4800
internal_count=16154 4884 11270 4518 6470 366 4800
is_linear=0
shrinkage=0.00834467


Tree=49
num_leaves=8
num_cat=0
split_feature=49 9 9 18 9 48 9
split_gain=15515.7 4564.89 2621.68 1053.54 672.62 544.943 254.812
threshold=24.360865974426272 27.279413225681157 22.88483810424805 30.254060745239261 25.215469360351566 22.119951248168949 23.648101806640629
decision_type=2 2 2 2 2 2 2
left_child=2 4 5 -3 -2 -1 -4
right_child=1 3 6 -5 -6 -7 -8
leaf_value=-0.011428593492357626 0.0052848376026426421 0.024174039400482451 -0.0025133583518824878 0.045535467474578775 0.011756878350850148 -0.0065796956675733707 0.0015056394632589482
leaf_weight=3347 2162 500 2555 237 2316 3117 1927
leaf_count=3347 2162 500 2555 237 2316 3117 1927
internal_value=-4.6182e-05 0.0117995 -0.00568982 0.0310438 0.00863216 -0.00909042 -0.000785423
internal_weight=16161 5215 10946 737 4478 6464 4482
internal_count=16161 5215 10946 737 4478 6464 4482
is_linear=0
shrinkage=0.00834467


Tree=50
num_leaves=8
num_cat=0
split_feature=9 48 18 9 49 48 49
split_gain=15471.8 4564.62 2818.27 994.985 654.734 492.851 342.829
threshold=24.420802116394047 27.425601768493657 22.826873779296879 31.38391208648682 25.605397033691407 22.078329277038577 23.618109893798831
decision_type=2 2 2 2 2 2 2
left_child=2 4 5 -3 -2 -1 -4
right_child=1 3 6 -5 -6 -7 -8
leaf_value=-0.011466514353282404 0.0065817501918398755 0.026001786094250454 -0.0028823023483613361 0.048423240290382544 0.013415060438659138 -0.0067728858730409331 0.0015416360452052767
leaf_weight=3212 2711 502 2501 190 1526 3025 2381
leaf_count=3212 2711 502 2501 190 1526 3025 2381
internal_value=-1.7939e-05 0.0122882 -0.0054732 0.0321586 0.00904286 -0.00919008 -0.000724705
internal_weight=16048 4929 11119 692 4237 6237 4882
internal_count=16048 4929 11119 692 4237 6237 4882
is_linear=0
shrinkage=0.00834467


Tree=51
num_leaves=8
num_cat=0
split_feature=49 9 9 18 9 48 49
split_gain=14912.5 4477.06 2568.61 852.023 810.881 492.253 287.187
threshold=24.360865974426272 27.681832313537601 22.825119018554691 30.254060745239261 25.277787208557132 22.078329277038577 23.549448585415043
decision_type=2 2 2 2 2 2 2
left_child=2 4 5 -3 -2 -1 -4
right_child=1 3 6 -5 -6 -7 -8
leaf_value=-0.011376329297977073 0.0052642983828551622 0.024870305458910082 -0.0028970391043280975 0.045049003969149057 0.01225928271805383 -0.0066916643311909618 0.0012421476891104034
leaf_weight=3170 2309 371 2406 240 2307 3079 2267
leaf_count=3170 2309 371 2406 240 2307 3079 2267
internal_value=-2.13138e-05 0.0115701 -0.00556867 0.0327971 0.00876029 -0.00906812 -0.000889008
internal_weight=16149 5227 10922 611 4616 6249 4673
internal_count=16149 5227 10922 611 4616 6249 4673
is_linear=0
shrinkage=0.00834467


Tree=52
num_leaves=8
num_cat=0
split_feature=49 49 48 18 48 49 20
split_gain=15147.3 4248.27 3103.71 1093.14 475.93 397.88 212.425
threshold=24.643437004330814 29.419773769378669 22.873467445373539 26.347520828247074 21.938918685913091 23.592527580511234 31.479162216186527
decision_type=2 2 2 2 2 2 2
left_child=2 3 4 -2 -1 -4 -3
right_child=1 6 5 -5 -6 -7 -8
leaf_value=-0.011704653832144925 0.0083772367248147617 0.033961306527314772 -0.0028025456353142522 0.018382782154605787 -0.0070349752078512498 0.001734133252936418 0.047644611060816931
leaf_weight=2615 3143 134 2499 1003 3629 2918 193
leaf_count=2615 3143 134 2499 1003 3629 2918 193
internal_value=2.68817e-05 0.0130818 -0.0049808 0.0107978 -0.00899066 -0.000358753 0.0420386
internal_weight=16134 4473 11661 4146 6244 5417 327
internal_count=16134 4473 11661 4146 6244 5417 327
is_linear=0
shrinkage=0.00834467


Tree=53
num_leaves=8
num_cat=0
split_feature=48 18 48 18 48 48 48
split_gain=14578.9 3862.61 3427.79 748.717 463.388 453.278 356.628
threshold=24.783003997802737 29.014486314812014 22.873467445373539 26.347520828247074 22.078329277038577 23.850394248962406 31.421253967285161
decision_type=2 2 2 2 2 2 2
left_child=2 3 4 -2 -1 -4 -3
right_child=1 6 5 -5 -6 -7 -8
leaf_value=-0.011116962769952528 0.0089027715012391893 0.030778869157862449 -0.0020404157814606148 0.017624583287210293 -0.0065773238958768878 0.0026593308140575775 0.046954771580634477
leaf_weight=3187 2740 186 3272 914 3078 2537 194
leaf_count=3187 2740 186 3272 914 3078 2537 194
internal_value=-1.65682e-05 0.0137178 -0.0046053 0.0110845 -0.00888665 1.21342e-05 0.0390381
internal_weight=16108 4034 12074 3654 6265 5809 380
internal_count=16108 4034 12074 3654 6265 5809 380
is_linear=0
shrinkage=0.00834467


Tree=54
num_leaves=8
num_cat=0
split_feature=49 9 9 9 48 49 48
split_gain=14362.5 4579.59 2421.96 813.35 721.971 422.763 333.911
threshold=24.360865974426272 27.933975219726566 22.548346519470218 25.277787208557132 31.421253967285161 23.411007022857671 21.725830841064454
decision_type=2 2 2 2 2 2 2
left_child=2 3 6 -2 -3 -4 -1
right_child=1 4 5 -5 -6 -7 -8
leaf_value=-0.012556489060399592 0.0051391124084204697 0.026833766756682864 -0.0037965846757060185 0.012131261780298953 0.046551651093319109 0.00080232431068459804 -0.0080690602282209242
leaf_weight=1704 2302 366 2963 2332 200 2625 3582
leaf_count=1704 2302 366 2963 2332 200 2625 3582
internal_value=-1.18411e-05 0.0113947 -0.00546652 0.00865784 0.0338019 -0.00163622 -0.00951565
internal_weight=16074 5200 10874 4634 566 5588 5286
internal_count=16074 5200 10874 4634 566 5588 5286
is_linear=0
shrinkage=0.00834467


Tree=55
num_leaves=8
num_cat=0
split_feature=9 48 9 18 9 18 9
split_gain=13984.9 4627.03 1911.79 894.551 889.78 359.319 235.57
threshold=24.039432525634769 27.425601768493657 22.352839469909672 25.281613349914554 31.38391208648682 23.055437088012699 21.472457885742191
decision_type=2 2 2 2 2 2 2
left_child=2 3 6 -2 -3 -4 -1
right_child=1 4 5 -5 -6 -7 -8
leaf_value=-0.013106323189562494 0.0044661907469612178 0.024862309217328824 -0.0051333217829585285 0.011457593368997756 0.046423693244142909 -0.00092746298143534249 -0.0088739239469566092
leaf_weight=1286 2951 498 2558 2243 182 3164 3181
leaf_count=1286 2951 498 2558 2243 182 3164 3181
internal_value=-8.95218e-05 0.0101652 -0.00600142 0.0074854 0.0306337 -0.00280768 -0.0100924
internal_weight=16063 5874 10189 5194 680 5722 4467
internal_count=16063 5874 10189 5194 680 5722 4467
is_linear=0
shrinkage=0.00834467


Tree=56
num_leaves=8
num_cat=0
split_feature=49 48 9 9 9 9 49
split_gain=13776.5 3784.81 2948.62 858.499 543.134 334.628 324.29
threshold=24.643437004330814 28.919541358947757 22.936331748962406 26.069210052490238 22.064377784729007 31.38391208648682 23.618109893798831
decision_type=2 2 2 2 2 2 2
left_child=2 3 4 -2 -1 -3 -4
right_child=1 5 6 -5 -6 -7 -8
leaf_value=-0.01087902986122267 0.0076878279327591333 0.030087248845804514 -0.002329282117467035 0.016072332262376882 -0.0060992312834061363 0.045985168269820402 0.0019241108578534514
leaf_weight=3229 2850 183 2247 1212 3397 186 2808
leaf_count=3229 2850 183 2247 1212 3397 186 2808
internal_value=-1.41813e-05 0.0125141 -0.00476659 0.0101896 -0.00842855 0.0381018 3.34327e-05
internal_weight=16112 4431 11681 4062 6626 369 5055
internal_count=16112 4431 11681 4062 6626 369 5055
is_linear=0
shrinkage=0.00834467


Tree=57
num_leaves=8
num_cat=0
split_feature=9 48 18 9 9 48 9
split_gain=13754.1 4013.98 2715.51 860.77 483.955 450.357 335.438
threshold=24.547800064086918 27.425601768493657 22.826873779296879 31.38391208648682 25.880230903625492 21.876921081650881 23.537122726440433
decision_type=2 2 2 2 2 2 2
left_child=2 4 5 -3 -2 -1 -4
right_child=1 3 6 -5 -6 -7 -8
leaf_value=-0.011578858783439394 0.0069829421778649431 0.024923078959710451 -0.0026197407847149776 0.045694529511027426 0.013318027518094555 -0.0069054952109725799 0.0015986285530705808
leaf_weight=2274 2749 496 2569 193 1209 3896 2684
leaf_count=2274 2749 496 2569 193 1209 3896 2684
internal_value=5.01341e-05 0.0121539 -0.00487382 0.0307421 0.00891807 -0.00862791 -0.000464382
internal_weight=16070 4647 11423 689 3958 6170 5253
internal_count=16070 4647 11423 689 3958 6170 5253
is_linear=0
shrinkage=0.00834467


Tree=58
num_leaves=8
num_cat=0
split_feature=9 48 48 48 48 9 9
split_gain=13556.6 4500.47 1827.62 876.64 855.83 367.933 210.803
threshold=24.039432525634769 27.425601768493657 22.351679992221193 25.105949020385747 30.197082900847661 23.087484359741214 21.493417739868168
decision_type=2 2 2 2 2 2 2
left_child=2 3 6 -2 -3 -4 -1
right_child=1 4 5 -5 -6 -7 -8
leaf_value=-0.012665988640038969 0.0039813447741242529 0.023010416124160098 -0.0049325207218056553 0.010813616293186262 0.042258613697823126 -0.00073874430548431682 -0.008677183087239514
leaf_weight=1312 2630 448 2797 2601 251 3040 3109
leaf_count=1312 2630 448 2797 2601 251 3040 3109
internal_value=-7.65622e-06 0.010036 -0.00581374 0.00737856 0.0299226 -0.00274834 -0.00986095
internal_weight=16188 5930 10258 5231 699 5837 4421
internal_count=16188 5930 10258 5231 699 5837 4421
is_linear=0
shrinkage=0.00834467


Tree=59
num_leaves=8
num_cat=0
split_feature=48 19 49 48 48 18 18
split_gain=13195.2 3558.97 3091.22 597.087 477.353 408.231 359.802
threshold=24.783003997802737 28.498593330383304 22.979575729370122 26.277665710449224 22.134267234802248 31.428276062011722 23.695405006408695
decision_type=2 2 2 2 2 2 2
left_child=2 3 4 -2 -1 -3 -4
right_child=1 5 6 -5 -6 -7 -8
leaf_value=-0.010428514654279158 0.0082800084924143785 0.028544088753684908 -0.0019534819833044084 0.015980249297061013 -0.0059041412479226337 0.04483009979741516 0.0023267550349380301
leaf_weight=3397 2710 255 2665 946 3111 185 2809
leaf_count=3397 2710 255 2665 946 3111 185 2809
internal_value=4.13992e-05 0.012971 -0.00437855 0.0102725 -0.00826575 0.0353924 0.000242935
internal_weight=16078 4096 11982 3656 6508 440 5474
internal_count=16078 4096 11982 3656 6508 440 5474
is_linear=0
shrinkage=0.00834467


Tree=60
num_leaves=8
num_cat=0
split_feature=49 19 18 48 18 48 49
split_gain=12926.6 3636.93 2488.63 690.639 570.397 429.623 297.716
threshold=24.506718730810061 27.711486816406254 22.826873779296879 30.197082900847661 25.720193862915043 21.841001320385256 23.526330470875489
decision_type=2 2 2 2 2 2 2
left_child=2 4 5 -3 -2 -1 -4
right_child=1 3 6 -5 -6 -7 -8
leaf_value=-0.011495550718730051 0.0063968010809813038 0.02314128203811772 -0.0027080084531883836 0.041210871681789954 0.012854668366684746 -0.0068679091853673605 0.0013395242995672886
leaf_weight=2099 2722 365 2384 247 1465 4177 2697
leaf_count=2099 2722 365 2384 247 1465 4177 2697
internal_value=-4.88463e-05 0.0114337 -0.00490092 0.0304346 0.00865639 -0.00841563 -0.000559575
internal_weight=16156 4799 11357 612 4187 6276 5081
internal_count=16156 4799 11357 612 4187 6276 5081
is_linear=0
shrinkage=0.00834467


Tree=61
num_leaves=8
num_cat=0
split_feature=9 9 9 18 49 49 9
split_gain=12891.9 4176.6 1969.55 911.157 631.032 370.463 243.048
threshold=24.209330558776859 27.279413225681157 22.42689418792725 30.254060745239261 25.194448757163091 23.411007022857671 21.493417739868168
decision_type=2 2 2 2 2 2 2
left_child=2 4 6 -3 -2 -4 -1
right_child=1 3 5 -5 -6 -7 -8
leaf_value=-0.012337709793014833 0.0044747297744026993 0.022095484373444437 -0.0038700454770829043 0.041440556404400392 0.010553289229152156 0.00038773477220525247 -0.0081327725676686013
leaf_weight=1332 2383 510 3368 254 2374 2464 3402
leaf_count=1332 2383 510 3368 254 2374 2464 3402
internal_value=8.27661e-05 0.010417 -0.00531711 0.0285274 0.00750827 -0.00207115 -0.00931593
internal_weight=16087 5521 10566 764 4757 5832 4734
internal_count=16087 5521 10566 764 4757 5832 4734
is_linear=0
shrinkage=0.00834467


Tree=62
num_leaves=8
num_cat=0
split_feature=49 9 9 9 48 18 9
split_gain=12535.9 3573.08 2465.26 756.953 473.156 400.566 261.955
threshold=24.567656040191654 28.452870368957523 22.919258117675785 26.339530944824222 22.119951248168949 31.428276062011722 23.796839714050297
decision_type=2 2 2 2 2 2 2
left_child=2 3 4 -2 -1 -3 -4
right_child=1 5 6 -5 -6 -7 -8
leaf_value=-0.010275228497106059 0.0074247431243758839 0.027418151620889213 -0.0018747270056917354 0.016266744671110785 -0.0057916767386495868 0.043692150459747114 0.0020455288838691142
leaf_weight=3335 3367 243 2846 843 3223 186 2036
leaf_count=3335 3367 243 2846 843 3223 186 2036
internal_value=-3.75116e-05 0.0115331 -0.00472949 0.00919528 -0.00807175 0.0344748 -0.000239814
internal_weight=16079 4639 11440 4210 6558 429 4882
internal_count=16079 4639 11440 4210 6558 429 4882
is_linear=0
shrinkage=0.00834467


Tree=63
num_leaves=8
num_cat=0
split_feature=9 19 9 9 9 9 50
split_gain=12453.1 3533.09 2505.28 785.804 478.928 435.409 269.753
threshold=24.547800064086918 28.498593330383304 22.919258117675785 26.069210052490238 22.080404281616214 31.38391208648682 23.748971414500737
decision_type=2 2 2 2 2 2 2
left_child=2 3 4 -2 -1 -3 -4
right_child=1 5 6 -5 -6 -7 -8
leaf_value=-0.010273506049675397 0.0069189975603751105 0.026825110514299217 -0.0021346741068593452 0.014906242932595026 -0.0057534299737240641 0.043597163619958801 0.0017821133152667891
leaf_weight=3300 3026 251 2408 1197 3230 189 2491
leaf_count=3300 3026 251 2408 1197 3230 189 2491
internal_value=3.51826e-05 0.0115276 -0.00465372 0.00918299 -0.00803771 0.0340303 -0.000143101
internal_weight=16092 4663 11429 4223 6530 440 4899
internal_count=16092 4663 11429 4223 6530 440 4899
is_linear=0
shrinkage=0.00834467


Tree=64
num_leaves=8
num_cat=0
split_feature=9 9 9 49 9 9 49
split_gain=12099.7 3454.17 2498.35 673.013 449.834 388.022 260.438
threshold=24.57852935791016 28.452870368957523 22.919258117675785 25.962950229644779 22.080404281616214 31.38391208648682 23.749592781213138
decision_type=2 2 2 2 2 2 2
left_child=2 3 4 -2 -1 -3 -4
right_child=1 5 6 -5 -6 -7 -8
leaf_value=-0.010143393873141148 0.0068820834198066424 0.026908659982083197 -0.0019652094681129333 0.014218806210659256 -0.005766422311069116 0.042787368782883903 0.0018715206771774001
leaf_weight=3307 2848 246 2554 1254 3234 190 2380
leaf_count=3307 2848 246 2554 1254 3234 190 2380
internal_value=-3.60538e-05 0.0114986 -0.00459763 0.00912498 -0.00797934 0.0338291 -0.000114496
internal_weight=16013 4538 11475 4102 6541 436 4934
internal_count=16013 4538 11475 4102 6541 436 4934
is_linear=0
shrinkage=0.00834467


Tree=65
num_leaves=8
num_cat=0
split_feature=9 9 9 18 18 18 9
split_gain=12009.3 3747.78 1818.87 726.343 693.71 359.304 233.284
threshold=24.182632446289066 27.681832313537601 22.396047592163089 25.314518928527836 30.254060745239261 23.426663398742679 21.472457885742191
decision_type=2 2 2 2 2 2 2
left_child=2 3 6 -2 -3 -4 -1
right_child=1 4 5 -5 -6 -7 -8
leaf_value=-0.012123412970066713 0.0045285372133111301 0.022196852047838826 -0.0037539180792888665 0.010979160866128249 0.040160472391115851 0.00046577697433116403 -0.0079429141953636494
leaf_weight=1283 2626 390 3644 2263 243 2287 3374
leaf_count=1283 2626 390 3644 2263 243 2287 3374
internal_value=1.1564e-05 0.00998808 -0.00519153 0.00751439 0.0290933 -0.0021268 -0.00909466
internal_weight=16110 5522 10588 4889 633 5931 4657
internal_count=16110 5522 10588 4889 633 5931 4657
is_linear=0
shrinkage=0.00834467


Tree=66
num_leaves=8
num_cat=0
split_feature=48 48 9 9 9 49 9
split_gain=11801.4 3060.95 2743.7 812.924 457.385 339.895 163.825
threshold=24.783003997802737 29.414824867200199 22.919258117675785 26.339530944824222 22.080404281616214 23.749592781213138 32.293060301655281
decision_type=2 2 2 2 2 2 2
left_child=2 3 4 -2 -1 -4 -3
right_child=1 6 5 -5 -6 -7 -8
leaf_value=-0.009975973461451227 0.0079072044302968218 0.032752877728951961 -0.00193349680787552 0.016692480813441313 -0.0055616134276789044 0.0022169146395214149 0.045274602840588603
leaf_weight=3314 2790 183 2675 995 3225 2825 121
leaf_count=3314 2790 183 2675 995 3225 2825 121
internal_value=1.46991e-05 0.0122629 -0.00414536 0.0102167 -0.00779885 0.000198306 0.0377381
internal_weight=16128 4089 12039 3785 6539 5500 304
internal_count=16128 4089 12039 3785 6539 5500 304
is_linear=0
shrinkage=0.00834467


Tree=67
num_leaves=8
num_cat=0
split_feature=49 9 48 9 48 18 9
split_gain=11683.4 3239.01 2471.41 705.025 389.626 373.872 342.131
threshold=24.643437004330814 28.452870368957523 22.850557136518557 26.339530944824222 21.725830841064454 31.428276062011722 23.773359298706058
decision_type=2 2 2 2 2 2 2
left_child=2 3 4 -2 -1 -3 -4
right_child=1 5 6 -5 -6 -7 -8
leaf_value=-0.011392763872492034 0.0073190894539082434 0.026621752880720391 -0.0020667380661461366 0.015860123701966777 -0.0067175270414744914 0.042332557178639124 0.0021631639399573663
leaf_weight=1717 3175 257 3239 854 4480 179 2261
leaf_count=1717 3175 257 3239 854 4480 179 2261
internal_value=-1.5868e-05 0.0114676 -0.00439936 0.00912951 -0.00801291 0.0330726 -0.000327863
internal_weight=16162 4465 11697 4029 6197 436 5500
internal_count=16162 4465 11697 4029 6197 436 5500
is_linear=0
shrinkage=0.00834467


Tree=68
num_leaves=8
num_cat=0
split_feature=49 49 9 9 9 49 9
split_gain=11635.9 3166.37 2428.91 886.117 433.938 275.347 170.24
threshold=24.643437004330814 29.419773769378669 22.919258117675785 26.339530944824222 22.080404281616214 23.749592781213138 32.293060301655281
decision_type=2 2 2 2 2 2 2
left_child=2 3 4 -2 -1 -4 -3
right_child=1 6 5 -5 -6 -7 -8
leaf_value=-0.0098363257349815027 0.0073770555405286778 0.031885428365857837 -0.0019351278909899901 0.016496800155892791 -0.0055567705327005815 0.0019417027098869962 0.044358124145785979
leaf_weight=3349 3134 191 2644 972 3252 2465 127
leaf_count=3349 3134 191 2644 972 3252 2465 127
internal_value=-2.87377e-05 0.0115007 -0.00438452 0.00953598 -0.007728 -6.46272e-05 0.0368679
internal_weight=16134 4424 11710 4106 6601 5109 318
internal_count=16134 4424 11710 4106 6601 5109 318
is_linear=0
shrinkage=0.00834467


Tree=69
num_leaves=8
num_cat=0
split_feature=49 49 49 9 9 9 9
split_gain=11311 3271.62 2104.5 949.302 369.192 270.779 170.333
threshold=24.506718730810061 29.419773769378669 22.902868747625984 26.069210052490238 21.954624176025394 23.561007499694828 32.293060301655281
decision_type=2 2 2 2 2 2 2
left_child=2 3 4 -2 -1 -4 -3
right_child=1 6 5 -5 -6 -7 -8
leaf_value=-0.010039403506420507 0.0064592258274174539 0.031544369451528435 -0.0024051326438639144 0.014886559309038662 -0.0059631400497680573 0.0014937811607055082 0.044015608932745372
leaf_weight=2770 3252 187 2526 1304 3505 2437 129
leaf_count=2770 3252 187 2526 1304 3505 2437 129
internal_value=5.27675e-05 0.0106722 -0.00455109 0.00887129 -0.00776256 -0.000490636 0.0366367
internal_weight=16110 4872 11238 4556 6275 4963 316
internal_count=16110 4872 11238 4556 6275 4963 316
is_linear=0
shrinkage=0.00834467


Tree=70
num_leaves=8
num_cat=0
split_feature=48 9 9 9 48 18 9
split_gain=11056.1 2974.92 2646.24 543.959 424.614 349.94 320.464
threshold=24.783003997802737 28.452870368957523 22.919258117675785 26.339530944824222 22.266011809740238 31.428276062011722 23.796839714050297
decision_type=2 2 2 2 2 2 2
left_child=2 3 4 -2 -1 -3 -4
right_child=1 5 6 -5 -6 -7 -8
leaf_value=-0.0092942654618105164 0.0075947859826612438 0.025951838002048828 -0.0016583590526558414 0.015181481773425634 -0.004937685307968097 0.040957630021870112 0.002374274754643641
leaf_weight=3982 2803 259 2880 860 2559 186 2621
leaf_count=3982 2803 259 2880 860 2559 186 2621
internal_value=3.01076e-05 0.0118512 -0.00400253 0.00937603 -0.00758987 0.0322247 0.000263026
internal_weight=16150 4108 12042 3663 6541 445 5501
internal_count=16150 4108 12042 3663 6541 445 5501
is_linear=0
shrinkage=0.00834467


Tree=71
num_leaves=8
num_cat=0
split_feature=48 49 18 9 9 9 9
split_gain=11025.2 2955.15 2642.61 711.225 404.447 322.136 174.256
threshold=24.783003997802737 29.419773769378669 22.921377182006839 26.339530944824222 22.181776046752933 23.796839714050297 32.293060301655281
decision_type=2 2 2 2 2 2 2
left_child=2 3 4 -2 -1 -4 -3
right_child=1 6 5 -5 -6 -7 -8
leaf_value=-0.0093927097644458894 0.007598585230782216 0.031010438505322112 -0.0016024735886099311 0.015813012367216616 -0.0052236595555902486 0.0024592483801252115 0.043492673970619448
leaf_weight=3677 2782 197 2905 997 2897 2556 129
leaf_count=3677 2782 197 2905 997 2897 2556 129
internal_value=3.6306e-05 0.0118454 -0.00399164 0.0097658 -0.00755552 0.000298601 0.0359509
internal_weight=16140 4105 12035 3779 6574 5461 326
internal_count=16140 4105 12035 3779 6574 5461 326
is_linear=0
shrinkage=0.00834467


Tree=72
num_leaves=8
num_cat=0
split_feature=9 48 18 9 49 48 9
split_gain=10809.6 3066.74 2107.84 678.997 423.021 367.885 263.527
threshold=24.521420478820804 27.425601768493657 22.826873779296879 30.239335060119632 25.763342666735358 21.725830841064454 23.537122726440433
decision_type=2 2 2 2 2 2 2
left_child=2 4 5 -3 -2 -1 -4
right_child=1 3 6 -5 -6 -7 -8
leaf_value=-0.010922015780063219 0.0059472623031928459 0.020703097982273929 -0.0023782111416198255 0.037954790074750881 0.011745611492455689 -0.0064092113609062846 0.0013827421665804284
leaf_weight=1747 2731 452 2564 245 1290 4493 2626
leaf_count=1747 2731 452 2564 245 1290 4493 2626
internal_value=-1.81387e-05 0.0106086 -0.00440456 0.0267676 0.00780749 -0.00767267 -0.000475271
internal_weight=16148 4718 11430 697 4021 6240 5190
internal_count=16148 4718 11430 697 4021 6240 5190
is_linear=0
shrinkage=0.00834467


Tree=73
num_leaves=8
num_cat=0
split_feature=9 9 9 9 9 18 49
split_gain=10592.6 3043.23 2155.27 620.893 410.363 347.261 228.845
threshold=24.57852935791016 28.452870368957523 22.919258117675785 26.027995109558109 21.925212860107425 31.428276062011722 23.749592781213138
decision_type=2 2 2 2 2 2 2
left_child=2 3 4 -2 -1 -3 -4
right_child=1 5 6 -5 -6 -7 -8
leaf_value=-0.0099129703614697137 0.006380571006495697 0.025094897101168089 -0.0018369516714765871 0.013359717047990332 -0.0056629446911787909 0.040080895449370109 0.001749310831365184
leaf_weight=2665 2906 247 2559 1278 3893 191 2402
leaf_count=2665 2906 247 2559 1278 3893 191 2402
internal_value=3.1435e-05 0.0107032 -0.00425062 0.00851237 -0.00739006 0.0316306 -0.000100567
internal_weight=16141 4622 11519 4184 6558 438 4961
internal_count=16141 4622 11519 4184 6558 438 4961
is_linear=0
shrinkage=0.00834467


Tree=74
num_leaves=8
num_cat=0
split_feature=48 18 18 48 48 20 49
split_gain=10345.8 2683.85 2436.02 460.134 403.212 315.04 302.496
threshold=24.783003997802737 28.458469390869144 22.921377182006839 26.277665710449224 22.078329277038577 31.479162216186527 23.749592781213138
decision_type=2 2 2 2 2 2 2
left_child=2 3 4 -2 -1 -3 -4
right_child=1 5 6 -5 -6 -7 -8
leaf_value=-0.0094788651889806449 0.0073978086256024107 0.025049847476010075 -0.0018436289405344413 0.014179609135856643 -0.0053301085317707594 0.039484647410687322 0.0020776536382811663
leaf_weight=3184 2716 250 2642 937 3345 182 2845
leaf_count=3184 2716 250 2642 937 3345 182 2845
internal_value=-8.80456e-06 0.0114634 -0.00390895 0.00913738 -0.00735335 0.0311319 0.000189549
internal_weight=16101 4085 12016 3653 6529 432 5487
internal_count=16101 4085 12016 3653 6529 432 5487
is_linear=0
shrinkage=0.00834467


Tree=75
num_leaves=8
num_cat=0
split_feature=49 49 49 18 49 18 18
split_gain=10279.9 2935.8 2143.47 747.003 381.281 242.917 146.581
threshold=24.643437004330814 29.419773769378669 22.958309555116216 26.347520828247074 21.73947448730469 23.464742660522464 32.309156419409184
decision_type=2 2 2 2 2 2 2
left_child=2 3 4 -2 -1 -4 -3
right_child=1 6 5 -5 -6 -7 -8
leaf_value=-0.010678595418819704 0.0069188717281309774 0.030421553120315928 -0.0023263376146799731 0.015259674378865851 -0.0060993723086506958 0.001363438617741663 0.041913025770071326
leaf_weight=1722 3144 187 2073 981 4783 3101 132
leaf_count=1722 3144 187 2073 981 4783 3101 132
internal_value=-1.3121e-05 0.0107887 -0.00412334 0.0089025 -0.0073116 -0.000114898 0.0351778
internal_weight=16123 4444 11679 4125 6505 5174 319
internal_count=16123 4444 11679 4125 6505 5174 319
is_linear=0
shrinkage=0.00834467


Tree=76
num_leaves=8
num_cat=0
split_feature=9 48 9 9 49 48 9
split_gain=10095 2997.01 1846.99 574.244 477.404 341.348 260.843
threshold=24.420802116394047 27.597475814819337 22.548346519470218 31.38391208648682 25.763342666735358 23.444696426391605 21.561673164367679
decision_type=2 2 2 2 2 2 2
left_child=2 4 6 -3 -2 -4 -1
right_child=1 3 5 -5 -6 -7 -8
leaf_value=-0.010937153078220867 0.0055650359545402102 0.021726604323238825 -0.0031033112495805451 0.039135167777923842 0.011528449894925583 0.00091863456734493946 -0.0068111557662813953
leaf_weight=1475 2952 432 3061 190 1368 2826 3857
leaf_count=1475 2952 432 3061 190 1368 2826 3857
internal_value=-1.76389e-05 0.00991929 -0.00439489 0.0270449 0.00745347 -0.00117261 -0.00795255
internal_weight=16161 4942 11219 622 4320 5887 5332
internal_count=16161 4942 11219 622 4320 5887 5332
is_linear=0
shrinkage=0.00834467


Tree=77
num_leaves=8
num_cat=0
split_feature=49 9 9 18 9 9 49
split_gain=9779.11 2745.73 1870.32 668.644 393.349 376.445 189.78
threshold=24.506718730810061 27.279413225681157 22.919258117675785 30.254060745239261 25.155215263366703 21.770780563354496 23.526330470875489
decision_type=2 2 2 2 2 2 2
left_child=2 4 5 -3 -2 -1 -4
right_child=1 3 6 -5 -6 -7 -8
leaf_value=-0.010189906864122838 0.0042198286095797219 0.01925263647415287 -0.0021729285921819187 0.036229730822519762 0.0094582748881829517 -0.0058300854104832156 0.0012045560678623345
leaf_weight=1969 1726 503 2037 238 2367 4603 2686
leaf_count=1969 1726 503 2037 238 2367 4603 2686
internal_value=-6.95709e-06 0.00992521 -0.0042577 0.0247059 0.00724926 -0.00713632 -0.000252133
internal_weight=16129 4834 11295 741 4093 6572 4723
internal_count=16129 4834 11295 741 4093 6572 4723
is_linear=0
shrinkage=0.00834467


Tree=78
num_leaves=8
num_cat=0
split_feature=49 9 9 9 9 49 9
split_gain=9752.76 2974.71 1777.6 656.455 407.807 286.217 272.2
threshold=24.480766391543948 27.279413225681157 22.629494667053226 31.38391208648682 25.277787208557132 23.526330470875489 21.561673164367679
decision_type=2 2 2 2 2 2 2
left_child=2 4 6 -3 -2 -4 -1
right_child=1 3 5 -5 -6 -7 -8
leaf_value=-0.010763037766267875 0.0043202086027204316 0.020511860340201075 -0.0027671563838763832 0.038405313886988021 0.0095488351220553921 0.0010219868322401801 -0.0065605835187452057
leaf_weight=1450 2001 557 2960 192 2160 2614 4131
leaf_count=1450 2001 557 2960 192 2160 2614 4131
internal_value=-9.82372e-06 0.00979017 -0.00432341 0.0250991 0.00703444 -0.00099019 -0.00765244
internal_weight=16065 4910 11155 749 4161 5574 5581
internal_count=16065 4910 11155 749 4161 5574 5581
is_linear=0
shrinkage=0.00834467


Tree=79
num_leaves=8
num_cat=0
split_feature=9 18 9 9 48 48 49
split_gain=9727.79 2709.19 2070.43 466.417 392.402 387.108 233.846
threshold=24.658596038818363 27.941645622253425 22.936331748962406 31.38391208648682 22.266011809740238 25.945590591430669 23.749592781213138
decision_type=2 2 2 2 2 2 2
left_child=2 5 4 -3 -1 -2 -4
right_child=1 3 6 -5 -6 -7 -8
leaf_value=-0.0086762521042176854 0.0063220331867868606 0.022205882772028597 -0.0017367156371400647 0.038197051760013249 -0.0045340022197246687 0.012071708122607735 0.001838393909459635
leaf_weight=3993 2634 368 2554 194 2649 1181 2542
leaf_count=3993 2634 368 2554 194 2649 1181 2542
internal_value=4.61241e-06 0.0106218 -0.00395445 0.0277265 -0.00702423 0.00810197 4.66299e-05
internal_weight=16115 4377 11738 562 6642 3815 5096
internal_count=16115 4377 11738 562 6642 3815 5096
is_linear=0
shrinkage=0.00834467


Tree=80
num_leaves=8
num_cat=0
split_feature=49 48 48 9 9 48 9
split_gain=9458.67 2885.49 1726.51 499.526 452.785 317.061 231.843
threshold=24.480766391543948 27.848537445210454 22.850557136518557 25.674401283264164 31.38391208648682 21.725830841064454 23.648101806640629
decision_type=2 2 2 2 2 2 2
left_child=2 3 5 -2 -3 -1 -4
right_child=1 4 6 -5 -6 -7 -8
leaf_value=-0.010215659886404859 0.0052189884352950308 0.022059881772157553 -0.0021386454211424358 0.011081592562680813 0.03784585777779912 -0.0059908282060981768 0.0014840399380718074
leaf_weight=1708 2769 375 2835 1595 191 4485 2173
leaf_count=1708 2769 375 2835 1595 191 4485 2173
internal_value=2.9301e-05 0.00966089 -0.00420994 0.00736173 0.0273875 -0.00715603 -0.000566742
internal_weight=16131 4930 11201 4364 566 6193 5008
internal_count=16131 4930 11201 4364 566 6193 5008
is_linear=0
shrinkage=0.00834467


Tree=81
num_leaves=8
num_cat=0
split_feature=9 49 49 18 48 9 9
split_gain=9297 2530.54 2210.64 596.352 358.335 266.389 136.043
threshold=24.813960075378422 29.419773769378669 22.979575729370122 26.347520828247074 22.119951248168949 23.773359298706058 32.293060301655281
decision_type=2 2 2 2 2 2 2
left_child=2 3 4 -2 -1 -4 -3
right_child=1 6 5 -5 -6 -7 -8
leaf_value=-0.0088485909706125434 0.0070732870806149819 0.029038228784568687 -0.0014985495879499663 0.014733737967021942 -0.0049420260724192845 0.002178774850216717 0.04014799822243198
leaf_weight=3352 2757 190 2915 952 3192 2591 129
leaf_count=3352 2757 190 2915 952 3192 2591 129
internal_value=4.11667e-06 0.0109793 -0.00366461 0.00903955 -0.00694308 0.000231918 0.033532
internal_weight=16078 4028 12050 3709 6544 5506 319
internal_count=16078 4028 12050 3709 6544 5506 319
is_linear=0
shrinkage=0.00834467


Tree=82
num_leaves=8
num_cat=0
split_feature=48 18 18 9 9 9 9
split_gain=9276.34 2438.75 2128.76 459.612 360.642 298.241 256.031
threshold=24.783003997802737 28.458469390869144 22.921377182006839 26.339530944824222 22.064377784729007 31.38391208648682 23.796839714050297
decision_type=2 2 2 2 2 2 2
left_child=2 3 4 -2 -1 -3 -4
right_child=1 5 6 -5 -6 -7 -8
leaf_value=-0.0088649753429139565 0.0069860901522856463 0.023475492244554308 -0.0014995652070244256 0.013975918987561332 -0.0049499793087471079 0.037274331719742412 0.0021251728943573124
leaf_weight=3207 2780 260 2908 857 3350 188 2544
leaf_count=3207 2780 260 2908 857 3350 188 2544
internal_value=3.37924e-05 0.0108961 -0.00366115 0.00863316 -0.0068648 0.0292668 0.000191803
internal_weight=16094 4085 12009 3637 6557 448 5452
internal_count=16094 4085 12009 3637 6557 448 5452
is_linear=0
shrinkage=0.00834467


Tree=83
num_leaves=8
num_cat=0
split_feature=9 9 9 48 48 49 9
split_gain=8966.61 2909.07 1362.34 625.047 489.055 251.644 177.838
threshold=24.159819602966312 27.279413225681157 22.352839469909672 30.197082900847661 25.105949020385747 23.211140633066901 21.472457885742191
decision_type=2 2 2 2 2 2 2
left_child=2 4 6 -3 -2 -4 -1
right_child=1 3 5 -5 -6 -7 -8
leaf_value=-0.010655628487628088 0.0033709767896368372 0.018538667178428055 -0.0036579978110177283 0.034796309745221958 0.0086845333357733114 -0.00025983788101118568 -0.0069797982621299564
leaf_weight=1288 2301 511 3051 243 2535 3019 3178
leaf_count=1288 2301 511 3051 243 2535 3019 3178
internal_value=-9.31136e-06 0.00853331 -0.00454171 0.0237786 0.00615632 -0.00196788 -0.00803993
internal_weight=16126 5590 10536 754 4836 6070 4466
internal_count=16126 5590 10536 754 4836 6070 4466
is_linear=0
shrinkage=0.00834467


Tree=84
num_leaves=8
num_cat=0
split_feature=48 9 18 9 9 9 18
split_gain=8931.5 2333.9 2066.26 509.964 319.655 299.417 205.186
threshold=24.783003997802737 29.008979797363285 22.826873779296879 26.339530944824222 21.674090385437015 23.773359298706058 31.428276062011722
decision_type=2 2 2 2 2 2 2
left_child=2 3 4 -2 -1 -4 -3
right_child=1 6 5 -5 -6 -7 -8
leaf_value=-0.0099640409169450047 0.006830720866585799 0.024200872145739672 -0.0017067067553940302 0.013994225473141123 -0.0057518221779543173 0.0021258467515214256 0.03628884778183239
leaf_weight=1733 2811 204 3163 918 4544 2575 188
leaf_count=1733 2811 204 3163 918 4544 2575 188
internal_value=2.97194e-05 0.0106304 -0.00360619 0.00859425 -0.00691478 1.32007e-05 0.0299989
internal_weight=16136 4121 12015 3729 6277 5738 392
internal_count=16136 4121 12015 3729 6277 5738 392
is_linear=0
shrinkage=0.00834467


Tree=85
num_leaves=8
num_cat=0
split_feature=9 48 9 9 49 48 9
split_gain=8592.51 2544.81 1586.7 547.949 391.687 273.354 232.625
threshold=24.420802116394047 27.425601768493657 22.548346519470218 29.486070632934574 25.500788688659672 23.512387847900396 21.561673164367679
decision_type=2 2 2 2 2 2 2
left_child=2 4 6 -3 -2 -4 -1
right_child=1 3 5 -5 -6 -7 -8
leaf_value=-0.010233217328091378 0.0046377303463223055 0.017669125121054164 -0.0027456160368465594 0.032798388694738216 0.0097988127949032652 0.00086906158269989503 -0.0063284137246586913
leaf_weight=1472 2539 394 3234 289 1716 2651 3818
leaf_count=1472 2539 394 3234 289 1716 2651 3818
internal_value=-4.77776e-05 0.00911925 -0.0040985 0.0240712 0.00671916 -0.00111732 -0.00741498
internal_weight=16113 4938 11175 683 4255 5885 5290
internal_count=16113 4938 11175 683 4255 5885 5290
is_linear=0
shrinkage=0.00834467


Tree=86
num_leaves=8
num_cat=0
split_feature=9 19 9 48 18 18 9
split_gain=8487.92 2929.26 1096.1 573.736 552.417 176.662 158.272
threshold=23.94834136962891 27.298688888549808 22.352839469909672 25.105949020385747 30.254060745239261 23.037331581115726 21.493417739868168
decision_type=2 2 2 2 2 2 2
left_child=2 3 6 -2 -3 -4 -1
right_child=1 4 5 -5 -6 -7 -8
leaf_value=-0.010231435906007988 0.0029928423681777677 0.018337509852109333 -0.0039270885884770002 0.008422631179785877 0.033847931765068957 -0.00093593730867884168 -0.0068104975728443635
leaf_weight=1344 2869 496 2511 2568 236 3039 3147
leaf_count=1344 2869 496 2511 2568 236 3039 3147
internal_value=-3.6349e-05 0.00766734 -0.00476935 0.00555745 0.0233385 -0.00228924 -0.00783429
internal_weight=16210 6169 10041 5437 732 5550 4491
internal_count=16210 6169 10041 5437 732 5550 4491
is_linear=0
shrinkage=0.00834467


Tree=87
num_leaves=8
num_cat=0
split_feature=48 49 9 9 48 49 9
split_gain=8494.41 2273.96 1960.68 584.885 332.175 231.206 135.102
threshold=24.783003997802737 29.419773769378669 22.919258117675785 26.339530944824222 22.266011809740238 23.749592781213138 32.293060301655281
decision_type=2 2 2 2 2 2 2
left_child=2 3 4 -2 -1 -4 -3
right_child=1 6 5 -5 -6 -7 -8
leaf_value=-0.0080796026983418513 0.0066450676485868372 0.027248079670542342 -0.0015863135877378122 0.014092767702687494 -0.0042296049752796067 0.0018307731931979079 0.038275861908957667
leaf_weight=3961 2826 196 2652 992 2575 2872 128
leaf_count=3961 2826 196 2652 992 2575 2872 128
internal_value=7.136e-05 0.0103814 -0.00346961 0.00858017 -0.00656282 0.000190275 0.0316057
internal_weight=16202 4142 12060 3818 6536 5524 324
internal_count=16202 4142 12060 3818 6536 5524 324
is_linear=0
shrinkage=0.00834467


Tree=88
num_leaves=8
num_cat=0
split_feature=48 9 9 9 48 18 49
split_gain=8290.48 2137.62 1935.45 411.521 332.352 267.774 243.762
threshold=24.783003997802737 28.452870368957523 22.919258117675785 26.339530944824222 22.266011809740238 31.428276062011722 23.749592781213138
decision_type=2 2 2 2 2 2 2
left_child=2 3 4 -2 -1 -3 -4
right_child=1 5 6 -5 -6 -7 -8
leaf_value=-0.0080507557041766733 0.006618997762119141 0.022118579663824512 -0.0016181235658290643 0.013254589281974144 -0.0042020213591189197 0.035276823463997888 0.0019130321457261307
leaf_weight=3973 2832 264 2652 845 2575 182 2797
leaf_count=3973 2832 264 2652 845 2575 182 2797
internal_value=2.84787e-05 0.0102366 -0.00347974 0.00814393 -0.00653725 0.0274887 0.000194437
internal_weight=16120 4123 11997 3677 6548 446 5449
internal_count=16120 4123 11997 3677 6548 446 5449
is_linear=0
shrinkage=0.00834467


Tree=89
num_leaves=8
num_cat=0
split_feature=48 9 49 9 48 9 48
split_gain=8116.61 2186.72 1890.43 478.269 328.477 248.308 187.496
threshold=24.783003997802737 29.008979797363285 22.979575729370122 26.339530944824222 21.758687591927735 23.773359298706058 31.421253967285161
decision_type=2 2 2 2 2 2 2
left_child=2 3 4 -2 -1 -4 -3
right_child=1 6 5 -5 -6 -7 -8
leaf_value=-0.0095277136950420865 0.0064733611719854037 0.023323168802583932 -0.0015362923435582416 0.013468831559890673 -0.0053487474422338668 0.0020324180498539793 0.035049852853067491
leaf_weight=1800 2772 189 2868 902 4809 2578 191
leaf_count=1800 2772 189 2868 902 4809 2578 191
internal_value=-5.22852e-05 0.0101619 -0.00348724 0.00819084 -0.00648693 0.000153046 0.0292181
internal_weight=16109 4054 12055 3674 6609 5446 380
internal_count=16109 4054 12055 3674 6609 5446 380
is_linear=0
shrinkage=0.00834467


Tree=90
num_leaves=8
num_cat=0
split_feature=9 49 9 9 9 9 9
split_gain=8096.31 2098.74 1916.28 548.595 330.459 238.883 127.471
threshold=24.813960075378422 29.419773769378669 22.919258117675785 26.339530944824222 22.097580909729007 23.773359298706058 32.293060301655281
decision_type=2 2 2 2 2 2 2
left_child=2 3 4 -2 -1 -4 -3
right_child=1 6 5 -5 -6 -7 -8
leaf_value=-0.0082454285715319268 0.0065295781605774475 0.026491660543312621 -0.0014561541905663089 0.013757126330497913 -0.0045046754692471278 0.0020030488975640443 0.037239789652238585
leaf_weight=3401 2664 195 2879 1008 3184 2688 127
leaf_count=3401 2664 195 2879 1008 3184 2688 127
internal_value=-2.20869e-06 0.010305 -0.00338987 0.00851364 -0.0064367 0.000214106 0.0307318
internal_weight=16146 3994 12152 3672 6585 5567 322
internal_count=16146 3994 12152 3672 6585 5567 322
is_linear=0
shrinkage=0.00834467


Tree=91
num_leaves=8
num_cat=0
split_feature=9 49 9 9 9 49 9
split_gain=7716.59 1995.4 1865.53 509.939 312.041 216.799 120.888
threshold=24.813960075378422 29.419773769378669 22.919258117675785 26.339530944824222 21.750844955444339 23.749592781213138 32.293060301655281
decision_type=2 2 2 2 2 2 2
left_child=2 3 4 -2 -1 -4 -3
right_child=1 6 5 -5 -6 -7 -8
leaf_value=-0.0092138153035016043 0.0064489892938314961 0.026397709882323758 -0.0015413232761982698 0.013479466215797929 -0.00521128569239508 0.0017678472192879258 0.037201044800571945
leaf_weight=1911 2669 186 2618 983 4673 2912 118
leaf_count=1911 2669 186 2618 983 4673 2912 118
internal_value=-6.74622e-05 0.0100513 -0.0033719 0.0083414 -0.00637303 0.000201227 0.0305922
internal_weight=16070 3956 12114 3652 6584 5530 304
internal_count=16070 3956 12114 3652 6584 5530 304
is_linear=0
shrinkage=0.00834467


Tree=92
num_leaves=8
num_cat=0
split_feature=9 48 48 9 9 9 48
split_gain=7802.54 2223.33 1552.12 475.341 337.85 307.308 173.364
threshold=24.547800064086918 27.425601768493657 22.460111617777837 29.486070632934574 23.537122726440433 25.711257934882816 21.508724212646488
decision_type=2 2 2 2 2 2 2
left_child=2 5 6 -3 -4 -2 -1
right_child=1 3 4 -5 -6 -7 -8
leaf_value=-0.0098820232268721896 0.0049146927781818723 0.016782942221023514 -0.0026761098548446667 0.030744818224043416 0.0011445981874945903 0.0097422272058603453 -0.0063359598520475622
leaf_weight=1310 2531 388 3891 302 2751 1441 3594
leaf_count=1310 2531 388 3891 302 2751 1441 3594
internal_value=-4.35625e-05 0.00906797 -0.00372259 0.0228941 -0.00109364 0.00666609 -0.00728323
internal_weight=16208 4662 11546 690 6642 3972 4904
internal_count=16208 4662 11546 690 6642 3972 4904
is_linear=0
shrinkage=0.00834467


Tree=93
num_leaves=8
num_cat=0
split_feature=48 18 18 18 48 48 49
split_gain=7650.81 2006.08 1801.7 377.887 316.411 231.798 207.275
threshold=24.783003997802737 28.458469390869144 22.960868835449222 26.347520828247074 21.912070465087893 31.421253967285161 23.749592781213138
decision_type=2 2 2 2 2 2 2
left_child=2 3 4 -2 -1 -3 -4
right_child=1 5 6 -5 -6 -7 -8
leaf_value=-0.0086001214266715684 0.0063209230999106544 0.021514075949959004 -0.0014882489357409749 0.012630200027286206 -0.0048604538554304182 0.033872038307182523 0.0017953018845276814
leaf_weight=2507 2793 245 2560 866 4240 186 2806
leaf_count=2507 2793 245 2560 866 4240 186 2806
internal_value=-4.79725e-05 0.00982002 -0.00337994 0.00781421 -0.00625002 0.0268478 0.000228793
internal_weight=16203 4090 12113 3659 6747 431 5366
internal_count=16203 4090 12113 3659 6747 431 5366
is_linear=0
shrinkage=0.00834467


Tree=94
num_leaves=8
num_cat=0
split_feature=9 9 9 20 49 49 9
split_gain=7516.25 2326.93 1337.52 427.939 365.056 323.714 142.909
threshold=24.420802116394047 27.681832313537601 22.352839469909672 31.479162216186527 25.500788688659672 23.411007022857671 21.472457885742191
decision_type=2 2 2 2 2 2 2
left_child=2 4 6 -3 -2 -4 -1
right_child=1 3 5 -5 -6 -7 -8
leaf_value=-0.0097053338795990846 0.0043347352918535051 0.01899661464768318 -0.0030610830868320069 0.033950644887050394 0.0092602761088205233 0.00063675594941454581 -0.0063900223881513491
leaf_weight=1270 2537 452 3730 189 1785 2954 3154
leaf_count=1270 2537 452 3730 189 1785 2954 3154
internal_value=3.19615e-05 0.00856952 -0.00378258 0.0234063 0.00636902 -0.00142682 -0.00734177
internal_weight=16071 4963 11108 641 4322 6684 4424
internal_count=16071 4963 11108 641 4322 6684 4424
is_linear=0
shrinkage=0.00834467


Tree=95
num_leaves=8
num_cat=0
split_feature=48 48 48 48 48 49 48
split_gain=7425.83 2553.25 1004.68 505.347 485.554 168.69 132.86
threshold=24.036989212036136 27.425601768493657 22.351679992221193 25.105949020385747 31.421253967285161 23.182518386840822 21.608135986328129
decision_type=2 2 2 2 2 2 2
left_child=2 3 6 -2 -3 -4 -1
right_child=1 4 5 -5 -6 -7 -8
leaf_value=-0.009414021759370483 0.0028564947412901831 0.018089762124534822 -0.0033837758972656805 0.0079678140543598397 0.03371016341466674 -0.00050400410715293221 -0.0063249189367172312
leaf_weight=1451 2714 505 3013 2674 191 2673 2922
leaf_count=1451 2714 505 3013 2674 191 2673 2922
internal_value=5.87975e-05 0.00733612 -0.00434276 0.00539319 0.0223768 -0.00202999 -0.00734993
internal_weight=16143 6084 10059 5388 696 5686 4373
internal_count=16143 6084 10059 5388 696 5686 4373
is_linear=0
shrinkage=0.00834467


Tree=96
num_leaves=8
num_cat=0
split_feature=9 49 9 50 9 48 9
split_gain=7249.46 1895.47 1686.69 489.594 289.54 196.87 111.59
threshold=24.792818069458011 29.419773769378669 22.919258117675785 26.165571069698245 22.064377784729007 23.872050666809088 32.293060301655281
decision_type=2 2 2 2 2 2 2
left_child=2 3 4 -2 -1 -4 -3
right_child=1 6 5 -5 -6 -7 -8
leaf_value=-0.0079369874926191637 0.0059080735735140598 0.025305963397303483 -0.0013431740920026951 0.012444734146813222 -0.0044293541574630226 0.0018429225539345366 0.035528580449307449
leaf_weight=3264 2606 196 2965 1150 3291 2480 120
leaf_count=3264 2606 196 2965 1150 3291 2480 120
internal_value=-5.99466e-05 0.00956089 -0.00332462 0.00790947 -0.00617596 0.000107978 0.0291889
internal_weight=16072 4072 12000 3756 6555 5445 316
internal_count=16072 4072 12000 3756 6555 5445 316
is_linear=0
shrinkage=0.00834467


Tree=97
num_leaves=8
num_cat=0
split_feature=48 9 18 9 9 9 18
split_gain=7320.19 1921.49 1813.96 400.069 291.065 232.028 172.902
threshold=24.873814392322757 29.008979797363285 22.921377182006839 26.339530944824222 22.080404281616214 23.796839714050297 31.428276062011722
decision_type=2 2 2 2 2 2 2
left_child=2 3 4 -2 -1 -4 -3
right_child=1 6 5 -5 -6 -7 -8
leaf_value=-0.0078386236721051661 0.0063586984115416969 0.02202494560161589 -0.0013157198695727761 0.012751868448370958 -0.004335361066236651 0.0020406423980060704 0.033126245497045931
leaf_weight=3318 2567 196 2947 928 3288 2794 195
leaf_count=3318 2567 196 2947 928 3288 2794 195
internal_value=3.04647e-05 0.010019 -0.00311324 0.00805626 -0.00609496 0.000317738 0.0275621
internal_weight=16233 3886 12347 3495 6606 5741 391
internal_count=16233 3886 12347 3495 6606 5741 391
is_linear=0
shrinkage=0.00834467


Tree=98
num_leaves=8
num_cat=0
split_feature=48 18 49 9 48 9 9
split_gain=7109.94 1953.61 1654.96 359.829 285.322 210.256 208.186
threshold=24.783003997802737 28.458469390869144 22.979575729370122 26.339530944824222 22.078329277038577 23.773359298706058 31.38391208648682
decision_type=2 2 2 2 2 2 2
left_child=2 3 4 -2 -1 -4 -3
right_child=1 6 5 -5 -6 -7 -8
leaf_value=-0.0078171096958529647 0.0060227184025635648 0.021110549985894851 -0.0013747687170827757 0.012177864290608778 -0.0043563967210776874 0.0019061183243710778 0.032716222195619947
leaf_weight=3219 2820 252 2893 864 3423 2567 188
leaf_count=3219 2820 252 2893 864 3423 2567 188
internal_value=-1.12529e-05 0.00945123 -0.00323579 0.0074663 -0.00603362 0.00016773 0.0260699
internal_weight=16226 4124 12102 3684 6642 5460 440
internal_count=16226 4124 12102 3684 6642 5460 440
is_linear=0
shrinkage=0.00834467


Tree=99
num_leaves=8
num_cat=0
split_feature=9 19 18 9 9 9 9
split_gain=6965.14 1884.11 1643.85 400.037 280.225 204.707 171.944
threshold=24.813960075378422 29.018083572387699 22.921377182006839 26.339530944824222 22.181776046752933 23.773359298706058 31.38391208648682
decision_type=2 2 2 2 2 2 2
left_child=2 3 4 -2 -1 -4 -3
right_child=1 6 5 -5 -6 -7 -8
leaf_value=-0.0075248848443933425 0.0059870390155873877 0.021383666786814762 -0.0013511276523032424 0.012296861945293489 -0.0040516227633655101 0.001858138506227994 0.032511411023682213
leaf_weight=3695 2695 192 2935 945 2877 2619 195
leaf_count=3695 2695 192 2935 945 2877 2619 195
internal_value=-2.21927e-05 0.00948637 -0.00317996 0.00762519 -0.00600442 0.000162209 0.0269913
internal_weight=16153 4027 12126 3640 6572 5554 387
internal_count=16153 4027 12126 3640 6572 5554 387
is_linear=0
shrinkage=0.00834467


Tree=100
num_leaves=8
num_cat=0
split_feature=48 19 9 9 48 9 9
split_gain=6782.64 1786.09 1564.45 374.4 282.605 187.679 172.93
threshold=24.783003997802737 29.018083572387699 22.919258117675785 26.339530944824222 22.266011809740238 23.820969581845706 32.293060301655281
decision_type=2 2 2 2 2 2 2
left_child=2 3 4 -2 -1 -4 -3
right_child=1 6 5 -5 -6 -7 -8
leaf_value=-0.0072836810071515139 0.0060371621700114984 0.022654055799926003 -0.001278474000336497 0.012204734923217381 -0.0037459515560518959 0.0018265928330200129 0.03467046818615796
leaf_weight=3990 2786 247 2940 909 2595 2515 126
leaf_count=3990 2786 247 2940 909 2595 2515 126
internal_value=-4.29395e-06 0.00931129 -0.00315179 0.00755446 -0.00588955 0.000153102 0.026714
internal_weight=16108 4068 12040 3695 6585 5455 373
internal_count=16108 4068 12040 3695 6585 5455 373
is_linear=0
shrinkage=0.00834467


Tree=101
num_leaves=8
num_cat=0
split_feature=49 48 49 48 48 18 49
split_gain=6698.12 1819.5 1431.09 410.174 260.947 246.949 165.563
threshold=24.643437004330814 27.425601768493657 22.923225402832035 31.421253967285161 21.725830841064454 25.806072235107425 23.526330470875489
decision_type=2 2 2 2 2 2 2
left_child=2 5 4 -3 -1 -2 -4
right_child=1 3 6 -5 -6 -7 -8
leaf_value=-0.0087448063391449681 0.0048711509330208779 0.017280559652800089 -0.0018806928800103285 0.03191107722560968 -0.0049534809694046214 0.0093715214284195332 0.0011195593408880342
leaf_weight=1735 2518 516 2176 180 4658 1281 3113
leaf_count=1735 2518 516 2176 180 4658 1281 3113
internal_value=4.88099e-06 0.00866113 -0.00332587 0.0210647 -0.00598242 0.00638867 -0.000114805
internal_weight=16177 4495 11682 696 6393 3799 5289
internal_count=16177 4495 11682 696 6393 3799 5289
is_linear=0
shrinkage=0.00834467


Tree=102
num_leaves=8
num_cat=0
split_feature=49 19 18 18 48 49 18
split_gain=6656.16 1723.94 1665.76 349.154 274.498 213.415 157.278
threshold=24.879428958892827 29.018083572387699 22.921377182006839 26.347520828247074 21.814066506074223 23.871962260748294 32.309156419409184
decision_type=2 2 2 2 2 2 2
left_child=2 3 4 -2 -1 -4 -3
right_child=1 6 5 -5 -6 -7 -8
leaf_value=-0.0084634892891278738 0.0061022217639389153 0.022641372508513485 -0.0012702507274724728 0.012092823798536175 -0.0047440999927733773 0.0019533023269820613 0.03403081291630413
leaf_weight=1972 2488 265 2943 931 4616 2782 124
leaf_count=1972 2488 265 2943 931 4616 2782 124
internal_value=-1.43846e-05 0.00962741 -0.00299627 0.0077335 -0.00585744 0.0002962 0.0262727
internal_weight=16121 3808 12313 3419 6588 5725 389
internal_count=16121 3808 12313 3419 6588 5725 389
is_linear=0
shrinkage=0.00834467


Tree=103
num_leaves=8
num_cat=0
split_feature=49 19 49 18 48 9 9
split_gain=6579.51 1944.64 1249.42 423.205 247.16 208.984 160.15
threshold=24.525986576104497 28.498593330383304 22.902868747625984 26.075580596923832 21.725830841064454 31.38391208648682 23.440654754638675
decision_type=2 2 2 2 2 2 2
left_child=2 3 4 -2 -1 -3 -4
right_child=1 5 6 -5 -6 -7 -8
leaf_value=-0.0086107867055769567 0.0049421062355805212 0.019789677830973972 -0.0020323798496027262 0.010797860522464231 -0.0049024229263238822 0.031389410899393941 0.00095870588398768038
leaf_weight=1715 3135 240 2213 1184 4631 197 2854
leaf_count=1715 3135 240 2213 1184 4631 197 2854
internal_value=-1.25041e-06 0.00824474 -0.0034375 0.00654741 -0.00590462 0.0250194 -0.000347645
internal_weight=16169 4756 11413 4319 6346 437 5067
internal_count=16169 4756 11413 4319 6346 437 5067
is_linear=0
shrinkage=0.00834467


Tree=104
num_leaves=8
num_cat=0
split_feature=9 9 9 50 9 51 18
split_gain=6504.81 1651.18 1574.01 358.571 268.511 193.294 147.294
threshold=24.86646938323975 29.008979797363285 22.919258117675785 26.165571069698245 21.925212860107425 23.675042947266444 32.309156419409184
decision_type=2 2 2 2 2 2 2
left_child=2 3 4 -2 -1 -4 -3
right_child=1 6 5 -5 -6 -7 -8
leaf_value=-0.0077847376395902158 0.0057877035643710516 0.022297189263925297 -0.0016595982732698928 0.011513920624756419 -0.0043574940506099155 0.0015102997500949357 0.033365271588572068
leaf_weight=2708 2388 254 2221 1118 3862 3375 125
leaf_count=2708 2388 254 2221 1118 3862 3375 125
internal_value=1.8636e-06 0.00940241 -0.00300004 0.00761372 -0.00577013 0.000252196 0.0259484
internal_weight=16051 3885 12166 3506 6570 5596 379
internal_count=16051 3885 12166 3506 6570 5596 379
is_linear=0
shrinkage=0.00834467


Tree=105
num_leaves=8
num_cat=0
split_feature=9 19 9 48 9 9 51
split_gain=6210.95 1553.54 1516.08 306.003 258.366 206.126 183.226
threshold=24.813960075378422 27.711486816406254 22.919258117675785 31.421253967285161 21.750844955444339 26.027995109558109 23.675042947266444
decision_type=2 2 2 2 2 2 2
left_child=2 5 4 -3 -1 -2 -4
right_child=1 3 6 -5 -6 -7 -8
leaf_value=-0.0083051795168839777 0.0053421575932313089 0.017426094352503498 -0.0016342756937505068 0.030433579425567629 -0.0046675126258746294 0.009772837139398409 0.0014443552877498158
leaf_weight=1917 2309 443 2275 176 4676 1070 3297
leaf_count=1917 2309 443 2275 176 4676 1070 3297
internal_value=-5.15824e-05 0.00897163 -0.00301705 0.0211249 -0.00572522 0.00674521 0.000187376
internal_weight=16163 3998 12165 619 6593 3379 5572
internal_count=16163 3998 12165 619 6593 3379 5572
is_linear=0
shrinkage=0.00834467


Tree=106
num_leaves=8
num_cat=0
split_feature=9 19 18 9 9 49 9
split_gain=6254.65 1671.5 1321.35 317.359 256.015 235.235 175.99
threshold=24.658596038818363 27.711486816406254 22.826873779296879 29.486070632934574 25.880230903625492 21.73947448730469 23.773359298706058
decision_type=2 2 2 2 2 2 2
left_child=2 4 5 -3 -2 -1 -4
right_child=1 3 6 -5 -6 -7 -8
leaf_value=-0.0084507481319961268 0.0048168199218242714 0.015347543225683602 -0.001465394812255596 0.027192240126613851 0.0094317886275063264 -0.0048276973520608134 0.0015796799111462904
leaf_weight=1726 2482 327 3193 304 1263 4505 2255
leaf_count=1726 2482 327 3193 304 1263 4505 2255
internal_value=-1.85855e-05 0.00849023 -0.00320675 0.0210544 0.00637324 -0.0058313 -0.000204997
internal_weight=16055 4376 11679 631 3745 6231 5448
internal_count=16055 4376 11679 631 3745 6231 5448
is_linear=0
shrinkage=0.00834467


Tree=107
num_leaves=8
num_cat=0
split_feature=48 19 49 48 49 9 9
split_gain=6101.47 1603.53 1417.47 347.692 241.534 195.363 149.745
threshold=24.783003997802737 29.018083572387699 22.923225402832035 26.277665710449224 21.73947448730469 23.629162788391117 32.293060301655281
decision_type=2 2 2 2 2 2 2
left_child=2 3 4 -2 -1 -4 -3
right_child=1 6 5 -5 -6 -7 -8
leaf_value=-0.0083509532754285631 0.0055788019420941219 0.021656419181825426 -0.0015989875645468559 0.011325642514104802 -0.0047048343626396533 0.0015031948363915543 0.032953386174076518
leaf_weight=1734 2660 252 2682 1012 4679 2989 121
leaf_count=1734 2660 252 2682 1012 4679 2989 121
internal_value=-3.36911e-05 0.00883722 -0.00300315 0.00716265 -0.00569071 3.60718e-05 0.0253219
internal_weight=16129 4045 12084 3672 6413 5671 373
internal_count=16129 4045 12084 3672 6413 5671 373
is_linear=0
shrinkage=0.00834467


Tree=108
num_leaves=8
num_cat=0
split_feature=50 19 18 18 18 51 18
split_gain=5954.01 2085.2 897.468 399.256 390.292 154.965 119.251
threshold=24.156840658113286 27.298688888549808 22.353454589843754 30.254060745239261 25.281613349914554 23.156464036441164 21.453953742980961
decision_type=2 2 2 2 2 2 2
left_child=2 4 6 -3 -2 -4 -1
right_child=1 3 5 -5 -6 -7 -8
leaf_value=-0.0088517552699306761 0.0027891316221331573 0.015426447081707153 -0.0030748798560988888 0.02834788461795713 0.0074547187180965058 -0.00035444687629416035 -0.0057795743001338856
leaf_weight=1198 2840 491 2768 252 2228 3081 3313
leaf_count=1198 2840 491 2768 252 2228 3081 3313
internal_value=-6.60465e-06 0.00675422 -0.0037988 0.0198093 0.00484023 -0.00164188 -0.00659548
internal_weight=16171 5811 10360 743 5068 5849 4511
internal_count=16171 5811 10360 743 5068 5849 4511
is_linear=0
shrinkage=0.00834467


Tree=109
num_leaves=8
num_cat=0
split_feature=9 18 18 9 9 49 9
split_gain=5866.63 1895.64 907.899 392.047 307.601 183.409 124.018
threshold=24.159819602966312 27.693171501159672 22.353454589843754 25.307363510131839 31.38391208648682 23.211140633066901 21.472457885742191
decision_type=2 2 2 2 2 2 2
left_child=2 3 6 -2 -3 -4 -1
right_child=1 4 5 -5 -6 -7 -8
leaf_value=-0.0087811896022030184 0.0029549944584500313 0.016863100046935909 -0.0030257847961874217 0.007620443558245882 0.029817334433036451 -0.00012348593360281688 -0.0056779220245535165
leaf_weight=1241 2659 439 3051 2374 180 3014 3233
leaf_count=1241 2659 439 3051 2374 180 3014 3233
internal_value=-8.60767e-06 0.00685045 -0.00368708 0.00515564 0.0206305 -0.00158349 -0.00653872
internal_weight=16191 5652 10539 5033 619 6065 4474
internal_count=16191 5652 10539 5033 619 6065 4474
is_linear=0
shrinkage=0.00834467


Tree=110
num_leaves=8
num_cat=0
split_feature=49 9 49 48 9 48 9
split_gain=5741.07 1625.31 1212.87 325.662 241.294 235.351 150.397
threshold=24.643437004330814 27.681832313537601 22.979575729370122 31.421253967285161 25.610674858093265 21.725830841064454 23.440654754638675
decision_type=2 2 2 2 2 2 2
left_child=2 4 5 -3 -2 -1 -4
right_child=1 3 6 -5 -6 -7 -8
leaf_value=-0.0081230900489611731 0.004248793717556815 0.016688046357766669 -0.0018322520336447245 0.02996405183831918 0.0084970460387927497 -0.0045285876184286596 0.0010992485326112634
leaf_weight=1716 2217 428 2003 184 1605 4863 3112
leaf_count=1716 2217 428 2003 184 1605 4863 3112
internal_value=-3.08305e-05 0.00805451 -0.00309654 0.0206799 0.00603281 -0.00546615 -4.87089e-05
internal_weight=16128 4434 11694 612 3822 6579 5115
internal_count=16128 4434 11694 612 3822 6579 5115
is_linear=0
shrinkage=0.00834467


Tree=111
num_leaves=8
num_cat=0
split_feature=48 18 18 18 48 49 48
split_gain=5746.47 1482.27 1413.35 307.541 277.535 155.463 136.657
threshold=24.873814392322757 29.014486314812014 23.037331581115726 26.347520828247074 22.266011809740238 23.801288318689455 32.343348694069348
decision_type=2 2 2 2 2 2 2
left_child=2 3 4 -2 -1 -4 -3
right_child=1 6 5 -5 -6 -7 -8
leaf_value=-0.0066791805820776134 0.0057345009232654277 0.021023452707260602 -0.0011148624924559902 0.011404677552779746 -0.0033071456377825078 0.0017461183843313134 0.031608598877935656
leaf_weight=4010 2531 249 2408 904 2950 2934 129
leaf_count=4010 2531 249 2408 904 2950 2934 129
internal_value=2.21604e-06 0.00895274 -0.002772 0.00722677 -0.00524995 0.000456481 0.0246366
internal_weight=16115 3813 12302 3435 6960 5342 378
internal_count=16115 3813 12302 3435 6960 5342 378
is_linear=0
shrinkage=0.00834467


Tree=112
num_leaves=8
num_cat=0
split_feature=9 49 9 50 9 9 9
split_gain=5629.33 1463.29 1412.15 335 247.708 171.177 93.1102
threshold=24.889999390187992 29.419773769378669 22.936331748962406 26.165571069698245 21.925212860107425 23.879966735839847 32.293060301655281
decision_type=2 2 2 2 2 2 2
left_child=2 3 4 -2 -1 -4 -3
right_child=1 6 5 -5 -6 -7 -8
leaf_value=-0.0073404039897524941 0.0054549770829336207 0.022318089040845774 -0.0010180549070509192 0.010931448796894169 -0.0040565915872667847 0.0018908159643392999 0.031576473861336829
leaf_weight=2679 2369 192 3155 1158 3970 2545 125
leaf_count=2679 2369 192 3155 1158 3970 2545 125
internal_value=-2.19403e-05 0.00879661 -0.00276699 0.00725306 -0.00537971 0.000280731 0.0259697
internal_weight=16193 3844 12349 3527 6649 5700 317
internal_count=16193 3844 12349 3527 6649 5700 317
is_linear=0
shrinkage=0.00834467


Tree=113
num_leaves=8
num_cat=0
split_feature=9 19 9 9 48 9 50
split_gain=5511.89 1408.26 1306.43 270.386 241.35 165.418 149.338
threshold=24.813960075378422 28.498593330383304 22.936331748962406 26.027995109558109 22.266011809740238 32.293060301655281 23.748971414500737
decision_type=2 2 2 2 2 2 2
left_child=2 3 4 -2 -1 -3 -4
right_child=1 5 6 -5 -6 -7 -8
leaf_value=-0.0066319883539742277 0.0050305583228589549 0.019457765847407642 -0.0013689817055997119 0.0098366819832558239 -0.0033849497767758792 0.030988391187402854 0.0014080424404567323
leaf_weight=3998 2329 312 2431 1254 2651 120 3028
leaf_count=3998 2329 312 2431 1254 2651 120 3028
internal_value=-4.4117e-05 0.00842873 -0.00285371 0.00671266 -0.00533738 0.0226613 0.000171379
internal_weight=16123 4015 12108 3583 6649 432 5459
internal_count=16123 4015 12108 3583 6649 432 5459
is_linear=0
shrinkage=0.00834467


Tree=114
num_leaves=8
num_cat=0
split_feature=9 19 48 18 18 49 9
split_gain=5404.51 1742.16 957.746 375.88 253.536 186.012 121.705
threshold=24.347644805908207 27.298688888549808 22.414015770038088 30.254060745239261 25.314518928527836 23.411007022857671 21.472457885742191
decision_type=2 2 2 2 2 2 2
left_child=2 4 6 -3 -2 -4 -1
right_child=1 3 5 -5 -6 -7 -8
leaf_value=-0.0083833379379383809 0.0031322190949232814 0.014536085593810455 -0.0024700728428324113 0.026997031496375643 0.0071263389090734236 0.00040357195914678394 -0.0053521254067482324
leaf_weight=1268 2307 490 3536 257 2127 2819 3384
leaf_count=1268 2307 490 3536 257 2127 2819 3384
internal_value=6.60031e-06 0.00703438 -0.00330138 0.0188235 0.00504822 -0.00119536 -0.00617836
internal_weight=16188 5181 11007 747 4434 6355 4652
internal_count=16188 5181 11007 747 4434 6355 4652
is_linear=0
shrinkage=0.00834467


Tree=115
num_leaves=8
num_cat=0
split_feature=49 49 18 9 9 9 9
split_gain=5377.95 1403.9 1363.18 334.753 235.576 168.066 92.6689
threshold=24.902844619445563 29.419773769378669 22.960868835449222 26.339530944824222 22.212726593017585 23.94834136962891 32.293060301655281
decision_type=2 2 2 2 2 2 2
left_child=2 3 4 -2 -1 -4 -3
right_child=1 6 5 -5 -6 -7 -8
leaf_value=-0.0065798787788820673 0.0055474280954644897 0.021582894374594815 -0.0008976388723204873 0.01136964017248597 -0.0034240470414606131 0.0020137041860590261 0.030668792378341459
leaf_weight=3823 2504 188 3242 948 2894 2405 134
leaf_count=3823 2504 188 3242 948 2894 2405 134
internal_value=-1.8236e-05 0.00870084 -0.00267966 0.00714637 -0.0052202 0.000342274 0.0253648
internal_weight=16138 3774 12364 3452 6717 5647 322
internal_count=16138 3774 12364 3452 6717 5647 322
is_linear=0
shrinkage=0.00834467


Tree=116
num_leaves=8
num_cat=0
split_feature=9 19 49 18 48 9 9
split_gain=5279.62 1380.95 1281.9 315.718 216.78 144.638 129.317
threshold=24.813960075378422 29.018083572387699 22.979575729370122 26.347520828247074 22.266011809740238 23.773359298706058 32.293060301655281
decision_type=2 2 2 2 2 2 2
left_child=2 3 4 -2 -1 -4 -3
right_child=1 6 5 -5 -6 -7 -8
leaf_value=-0.0064622190196717859 0.0052788911910763006 0.019986213203162795 -0.0010667319863740695 0.010917678144818229 -0.0033419307476244046 0.0016312793680796243 0.030336290139990316
leaf_weight=4012 2756 249 2960 923 2527 2598 127
leaf_count=4012 2756 249 2960 923 2527 2598 127
internal_value=1.01861e-05 0.00825043 -0.00275201 0.00669359 -0.00525639 0.000194412 0.0234828
internal_weight=16152 4055 12097 3679 6539 5558 376
internal_count=16152 4055 12097 3679 6539 5558 376
is_linear=0
shrinkage=0.00834467


Tree=117
num_leaves=8
num_cat=0
split_feature=49 49 9 9 9 9 9
split_gain=5224 1359.86 1268.24 333.179 245.972 138.794 83.6595
threshold=24.879428958892827 29.419773769378669 23.052125930786136 27.074039459072271 22.080404281616214 23.94834136962891 32.293060301655281
decision_type=2 2 2 2 2 2 2
left_child=2 3 4 -2 -1 -4 -3
right_child=1 6 5 -5 -6 -7 -8
leaf_value=-0.0066581666479419797 0.0059795780186324109 0.021544323255799927 -0.00079008163417976012 0.013381080562012104 -0.003511899584434831 0.0019379166406710896 0.030296764285056052
leaf_weight=3269 3042 190 2870 492 3676 2372 127
leaf_count=3269 3042 190 2870 492 3676 2372 127
internal_value=2.30074e-05 0.00849522 -0.00265415 0.00701004 -0.00499285 0.000444336 0.0250516
internal_weight=16038 3851 12187 3534 6945 5242 317
internal_count=16038 3851 12187 3534 6945 5242 317
is_linear=0
shrinkage=0.00834467


Tree=118
num_leaves=8
num_cat=0
split_feature=9 9 9 21 48 50 9
split_gain=5106.28 1336.12 1241.79 240.019 224.058 176.244 146.221
threshold=24.889999390187992 27.933975219726566 22.919258117675785 29.592650413513187 22.266011809740238 26.165571069698245 23.773359298706058
decision_type=2 2 2 2 2 2 2
left_child=2 5 4 -3 -1 -2 -4
right_child=1 3 6 -5 -6 -7 -8
leaf_value=-0.0063508347211002269 0.0050798887211014167 0.014434572189682995 -0.0011155572879130331 0.025211457076569174 -0.0032053031945091168 0.0093610979275968124 0.0015552339847165662
leaf_weight=3986 2340 275 2878 302 2609 938 2832
leaf_count=3986 2340 275 2878 302 2609 938 2832
internal_value=-1.43418e-05 0.00836614 -0.00263984 0.0200755 -0.00510646 0.00630498 0.000209081
internal_weight=16160 3855 12305 577 6595 3278 5710
internal_count=16160 3855 12305 577 6595 3278 5710
is_linear=0
shrinkage=0.00834467


Tree=119
num_leaves=8
num_cat=0
split_feature=49 49 18 18 18 49 18
split_gain=5111.15 1683.28 827.793 333.108 294.046 175.92 103.912
threshold=24.281740951647464 27.441886711120606 22.353454589843754 29.502583503723148 25.281613349914554 23.411007022857671 21.453953742980961
decision_type=2 2 2 2 2 2 2
left_child=2 4 6 -3 -2 -4 -1
right_child=1 3 5 -5 -6 -7 -8
leaf_value=-0.0081621840678214996 0.0028193830164297373 0.013417482894802775 -0.002491339466421424 0.024875962053382421 0.0069769170153002723 0.00037001566809215263 -0.0052848581606472324
leaf_weight=1198 2454 393 3733 321 2290 2497 3232
leaf_count=1198 2454 393 3733 321 2290 2497 3232
internal_value=5.7034e-05 0.00662414 -0.00330538 0.0185693 0.0048263 -0.0013445 -0.00606299
internal_weight=16118 5458 10660 714 4744 6230 4430
internal_count=16118 5458 10660 714 4744 6230 4430
is_linear=0
shrinkage=0.00834467


Tree=120
num_leaves=8
num_cat=0
split_feature=9 51 49 18 49 9 9
split_gain=5021.39 1268.64 1180.45 234.834 211.712 163.811 145.225
threshold=24.86646938323975 28.34307750069198 22.979575729370122 26.129032132893069 21.73947448730469 31.38391208648682 23.440654754638675
decision_type=2 2 2 2 2 2 2
left_child=2 3 4 -2 -1 -3 -4
right_child=1 5 6 -5 -6 -7 -8
leaf_value=-0.0075696490955061103 0.0050722869800207803 0.017240474662536236 -0.0016460938184667687 0.0097616248153330268 -0.0041577239313610442 0.027539946718148287 0.0011476504182107486
leaf_weight=1720 2378 257 2012 1082 4802 185 3639
leaf_count=1720 2378 257 2012 1082 4802 185 3639
internal_value=1.82262e-06 0.00823941 -0.0026387 0.00653874 -0.00505754 0.0215518 0.000152956
internal_weight=16075 3902 12173 3460 6522 442 5651
internal_count=16075 3902 12173 3460 6522 442 5651
is_linear=0
shrinkage=0.00834467


Tree=121
num_leaves=8
num_cat=0
split_feature=9 19 18 48 9 9 9
split_gain=4835.17 1244.96 1168.46 247.541 193.715 167.115 110.781
threshold=24.889999390187992 29.018083572387699 22.826873779296879 26.277665710449224 21.561673164367679 23.440654754638675 32.293060301655281
decision_type=2 2 2 2 2 2 2
left_child=2 3 4 -2 -1 -4 -3
right_child=1 6 5 -5 -6 -7 -8
leaf_value=-0.0077824856866578604 0.0051775194842907102 0.0194507399952609 -0.00176910871102476 0.010147221895209075 -0.0043222662641815282 0.0011002984654884208 0.029126802801064559
leaf_weight=1478 2456 250 2273 975 4739 3737 123
leaf_count=1478 2456 250 2273 975 4739 3737 123
internal_value=-5.23858e-05 0.00816387 -0.00260859 0.0065898 -0.00514489 1.5079e-05 0.0226422
internal_weight=16031 3804 12227 3431 6217 6010 373
internal_count=16031 3804 12227 3431 6217 6010 373
is_linear=0
shrinkage=0.00834467


Tree=122
num_leaves=8
num_cat=0
split_feature=9 9 9 21 48 49 9
split_gain=4870.64 1447.38 945.279 302.968 230.123 174.203 110.964
threshold=24.57852935791016 27.279413225681157 22.352839469909672 29.592650413513187 23.444696426391605 25.500788688659672 21.472457885742191
decision_type=2 2 2 2 2 2 2
left_child=2 5 6 -3 -4 -2 -1
right_child=1 3 4 -5 -6 -7 -8
leaf_value=-0.00799453908447126 0.0036158188010328722 0.013413885782765521 -0.002381057692036542 0.024175071850668937 0.00064954025532215122 0.0071877541156622959 -0.0050766279736587129
leaf_weight=1267 2167 444 3815 309 3215 1694 3199
leaf_count=1267 2167 444 3815 309 3215 1694 3199
internal_value=4.53411e-06 0.00724703 -0.0029023 0.0178301 -0.000995088 0.00518301 -0.00590445
internal_weight=16110 4614 11496 753 7030 3861 4466
internal_count=16110 4614 11496 753 7030 3861 4466
is_linear=0
shrinkage=0.00834467


Tree=123
num_leaves=8
num_cat=0
split_feature=49 18 48 20 18 49 48
split_gain=4721.65 1401.43 908.671 316.231 182.742 175.745 118.816
threshold=24.525986576104497 27.287329673767093 22.477408409306154 29.556647300720218 25.281613349914554 23.411007022857671 21.508724212646488
decision_type=2 2 2 2 2 2 2
left_child=2 4 6 -3 -2 -4 -1
right_child=1 3 5 -5 -6 -7 -8
leaf_value=-0.0078552640094946957 0.0030593278735986354 0.012945443152124664 -0.0022000685407172474 0.023966250988784445 0.0066373347121328544 0.00056449116464309286 -0.0048781272046888409
leaf_weight=1257 1818 445 3321 306 2193 3092 3627
leaf_count=1257 1818 445 3321 306 2193 3092 3627
internal_value=5.24218e-06 0.00697445 -0.00293247 0.0174362 0.0050156 -0.000867149 -0.00564437
internal_weight=16059 4762 11297 751 4011 6413 4884
internal_count=16059 4762 11297 751 4011 6413 4884
is_linear=0
shrinkage=0.00834467


Tree=124
num_leaves=8
num_cat=0
split_feature=49 9 48 20 9 9 9
split_gain=4621.07 1265.89 966.33 301.743 207.798 155.233 113.839
threshold=24.643437004330814 27.279413225681157 22.460111617777837 31.479162216186527 23.440654754638675 25.215469360351566 21.472457885742191
decision_type=2 2 2 2 2 2 2
left_child=2 5 6 -3 -4 -2 -1
right_child=1 3 4 -5 -6 -7 -8
leaf_value=-0.0077957154192370729 0.0031750575250982516 0.014148435124696365 -0.0021205159565902431 0.026483041682956489 0.00080328236909770498 0.006644742236352987 -0.0048605661302798349
leaf_weight=1238 1492 545 3555 185 3231 2255 3584
leaf_count=1238 1492 545 3555 185 3231 2255 3584
internal_value=1.97263e-05 0.00722175 -0.00275797 0.0172746 -0.000728417 0.00526318 -0.00561415
internal_weight=16085 4477 11608 730 6786 3747 4822
internal_count=16085 4477 11608 730 6786 3747 4822
is_linear=0
shrinkage=0.00834467


Tree=125
num_leaves=8
num_cat=0
split_feature=48 51 49 50 49 19 18
split_gain=4602.2 1270.94 1090.41 241.49 175.786 153.415 145.156
threshold=24.783003997802737 28.34307750069198 22.902868747625984 25.909075117134645 21.73947448730469 31.464236259460453 23.65058517456055
decision_type=2 2 2 2 2 2 2
left_child=2 3 4 -2 -1 -3 -4
right_child=1 5 6 -5 -6 -7 -8
leaf_value=-0.0072474148735680493 0.0043606036108990416 0.016623728825519043 -0.0013115028129960069 0.0087803601074838006 -0.0041212595664459704 0.026503729359717707 0.0013508028697072577
leaf_weight=1724 2272 248 2772 1386 4580 196 2937
leaf_count=1724 2272 248 2772 1386 4580 196 2937
internal_value=2.21303e-05 0.00765352 -0.00258372 0.00603525 -0.0049762 0.0209857 5.81226e-05
internal_weight=16115 4102 12013 3658 6304 444 5709
internal_count=16115 4102 12013 3658 6304 444 5709
is_linear=0
shrinkage=0.00834467


Tree=126
num_leaves=8
num_cat=0
split_feature=9 19 9 18 9 50 48
split_gain=4442.82 1194.31 1050.68 228.573 190.402 151.124 122.195
threshold=24.813960075378422 27.711486816406254 22.919258117675785 30.254060745239261 21.561673164367679 25.86763687126404 24.036989212036136
decision_type=2 2 2 2 2 2 2
left_child=2 5 4 -3 -1 -2 -4
right_child=1 3 6 -5 -6 -7 -8
leaf_value=-0.0074670778351005242 0.0043150326881483455 0.014113242060405602 -0.00082656334975246245 0.024476152282135805 -0.0040504937632989306 0.0079774761501919447 0.0017426651701553224
leaf_weight=1462 2182 373 3464 246 5091 1225 2053
leaf_count=1462 2182 373 3464 246 5091 1225 2053
internal_value=-2.17373e-05 0.0075692 -0.00255373 0.0182319 -0.00481276 0.0056319 0.000129506
internal_weight=16096 4026 12070 619 6553 3407 5517
internal_count=16096 4026 12070 619 6553 3407 5517
is_linear=0
shrinkage=0.00834467


Tree=127
num_leaves=8
num_cat=0
split_feature=49 9 9 20 9 9 9
split_gain=4423.35 1438.38 734.632 268.863 246.846 153.353 94.479
threshold=24.311651325225835 27.279413225681157 22.352839469909672 31.479162216186527 25.307363510131839 23.461296082253423 21.472457885742191
decision_type=2 2 2 2 2 2 2
left_child=2 4 6 -3 -2 -4 -1
right_child=1 3 5 -5 -6 -7 -8
leaf_value=-0.0075876900152691967 0.0026464315127996733 0.014198768874960497 -0.0022603633313018332 0.026036520870055375 0.0065299108988293268 0.00042849524563054399 -0.0049084095939474718
leaf_weight=1285 2441 565 3970 175 2138 2352 3196
leaf_count=1285 2441 565 3970 175 2138 2352 3196
internal_value=-2.5019e-05 0.00620417 -0.00309205 0.0169985 0.00445969 -0.00126002 -0.00567675
internal_weight=16122 5319 10803 740 4579 6322 4481
internal_count=16122 5319 10803 740 4579 6322 4481
is_linear=0
shrinkage=0.00834467


Tree=128
num_leaves=8
num_cat=0
split_feature=49 9 50 9 49 9 19
split_gain=4380.22 1242.96 916.614 269.553 152.462 151.107 138.298
threshold=24.643437004330814 28.452870368957523 22.766106939293092 26.339530944824222 21.73947448730469 23.461296082253423 31.464236259460453
decision_type=2 2 2 2 2 2 2
left_child=2 3 4 -2 -1 -4 -3
right_child=1 6 5 -5 -6 -7 -8
leaf_value=-0.007083811733675051 0.0044686642292486589 0.016325780291235763 -0.0017624021938670226 0.0097789378549108467 -0.0041363348452114878 0.00095032151266922539 0.025799239867221675
leaf_weight=1730 3192 252 2684 841 4162 3060 187
leaf_count=1730 3192 252 2684 841 4162 3060 187
internal_value=8.33884e-06 0.00702753 -0.00268931 0.00557603 -0.00500178 -0.000317254 0.0203617
internal_weight=16108 4472 11636 4033 5892 5744 439
internal_count=16108 4472 11636 4033 5892 5744 439
is_linear=0
shrinkage=0.00834467


Tree=129
num_leaves=8
num_cat=0
split_feature=9 48 49 49 9 9 48
split_gain=4245.22 1447.13 688.946 264.936 259.728 132.837 83.105
threshold=24.159819602966312 27.425601768493657 22.346321868780034 25.284976291656495 29.486070632934574 23.24605751037598 21.508724212646488
decision_type=2 2 2 2 2 2 2
left_child=2 3 6 -2 -3 -4 -1
right_child=1 4 5 -5 -6 -7 -8
leaf_value=-0.0074303391172926541 0.0025711503987916632 0.01261218638180985 -0.0024309319473137217 0.0064742461769378293 0.022926937898394659 2.0323850599701546e-05 -0.0049048650213984416
leaf_weight=1290 2745 381 3409 2167 307 2807 3059
leaf_count=1290 2745 381 3409 2167 307 2807 3059
internal_value=6.95842e-06 0.00588066 -0.00310641 0.00429307 0.0172151 -0.001324 -0.00565399
internal_weight=16165 5600 10565 4912 688 6216 4349
internal_count=16165 5600 10565 4912 688 6216 4349
is_linear=0
shrinkage=0.00834467


Tree=130
num_leaves=8
num_cat=0
split_feature=48 48 48 9 9 9 9
split_gain=4150.92 1437.69 576.737 323.009 257.102 103.065 82.4885
threshold=24.036989212036136 27.425601768493657 22.288580704141605 25.367729187409669 31.38391208648682 23.404902458190922 21.472457885742191
decision_type=2 2 2 2 2 2 2
left_child=2 3 6 -2 -3 -4 -1
right_child=1 4 5 -5 -6 -7 -8
leaf_value=-0.0074825552602074625 0.0023437262089525865 0.013670335332087278 -0.0023770949593369169 0.0065312009659392071 0.025108582990083991 -9.7748564005566087e-06 -0.004916053218066499
leaf_weight=1251 3262 496 4082 2114 189 1866 2879
leaf_count=1251 3262 496 4082 2114 189 1866 2879
internal_value=-1.59251e-05 0.00544112 -0.00329784 0.00399037 0.0168266 -0.00163442 -0.00569348
internal_weight=16139 6061 10078 5376 685 5948 4130
internal_count=16139 6061 10078 5376 685 5948 4130
is_linear=0
shrinkage=0.00834467


Tree=131
num_leaves=8
num_cat=0
split_feature=18 9 9 18 9 9 9
split_gain=4199.8 1393.01 681.615 283.98 251.453 126.997 96.1698
threshold=24.215098381511236 27.279413225681157 22.352839469909672 30.254060745239261 25.126186370622563 23.440654754638675 21.472457885742191
decision_type=2 2 2 2 2 2 2
left_child=2 4 6 -3 -2 -4 -1
right_child=1 3 5 -5 -6 -7 -8
leaf_value=-0.0074430165143982751 0.0022516171705790917 0.012885800807013794 -0.0021532569988925248 0.023749960176313593 0.0061128709264236395 0.00032719366690170935 -0.004733476990664065
leaf_weight=1277 2226 504 3832 251 2486 2300 3193
leaf_count=1277 2226 504 3832 251 2486 2300 3193
internal_value=3.40544e-05 0.0059749 -0.00302939 0.0164979 0.00428878 -0.00122289 -0.00550756
internal_weight=16069 5467 10602 755 4712 6132 4470
internal_count=16069 5467 10602 755 4712 6132 4470
is_linear=0
shrinkage=0.00834467


Tree=132
num_leaves=8
num_cat=0
split_feature=49 9 18 21 9 49 9
split_gain=3989.28 1320.19 650.412 263.878 256.112 116.072 94.3969
threshold=24.186051082446294 27.279413225681157 22.353454589843754 29.592650413513187 25.188035964965824 23.211140633066901 21.472457885742191
decision_type=2 2 2 2 2 2 2
left_child=2 4 6 -3 -2 -4 -1
right_child=1 3 5 -5 -6 -7 -8
leaf_value=-0.0074264504780023402 0.0022048077053773642 0.011949525227646123 -0.0024049864007065118 0.022121660083411834 0.0060169063788883389 -7.6572203432179168e-05 -0.0047314303378919358
leaf_weight=1267 2518 444 3093 296 2394 2878 3168
leaf_count=1267 2518 444 3093 296 2394 2878 3168
internal_value=-1.54088e-05 0.00562812 -0.00308068 0.0160186 0.00406275 -0.0012827 -0.00550136
internal_weight=16058 5652 10406 740 4912 5971 4435
internal_count=16058 5652 10406 740 4912 5971 4435
is_linear=0
shrinkage=0.00834467


Tree=133
num_leaves=8
num_cat=0
split_feature=9 19 9 48 18 9 51
split_gain=4078.93 1038.68 1004.71 211.39 207.595 139.24 97.1076
threshold=24.889999390187992 27.711486816406254 23.052125930786136 22.266011809740238 30.254060745239261 26.027995109558109 23.675042947266444
decision_type=2 2 2 2 2 2 2
left_child=2 5 3 -1 -3 -2 -4
right_child=1 4 6 -5 -6 -7 -8
leaf_value=-0.0056488503540357395 0.0043875323959514682 0.013550077555506463 -0.0010984722793935281 -0.0027430878431524849 0.023436755954988227 0.0080861630653274331 0.0012562538807190404
leaf_weight=4002 2123 378 1896 3089 243 1064 3418
leaf_count=4002 2123 378 1896 3089 243 1064 3418
internal_value=-8.20682e-06 0.00754619 -0.00232721 -0.00438304 0.0174191 0.00562236 0.000416103
internal_weight=16213 3808 12405 7091 621 3187 5314
internal_count=16213 3808 12405 7091 621 3187 5314
is_linear=0
shrinkage=0.00834467


Tree=134
num_leaves=8
num_cat=0
split_feature=9 9 9 50 48 18 51
split_gain=3921.97 1068.37 914.328 243.449 200.392 98.635 90.4848
threshold=24.792818069458011 29.008979797363285 23.052125930786136 26.165571069698245 22.266011809740238 32.309156419409184 23.675042947266444
decision_type=2 2 2 2 2 2 2
left_child=2 3 4 -2 -1 -3 -4
right_child=1 5 6 -5 -6 -7 -8
leaf_value=-0.0055754760246312053 0.0043174842800218034 0.017413508437409006 -0.0011302491872357528 0.0089990793266952387 -0.0027219653212491755 0.02643124090458426 0.0011820906080062545
leaf_weight=3997 2578 245 1887 1105 3000 129 3138
leaf_count=3997 2578 245 1887 1105 3000 129 3138
internal_value=-7.68607e-06 0.00708673 -0.00240181 0.00572211 -0.00435202 0.0205245 0.000313755
internal_weight=16079 4057 12022 3683 6997 374 5025
internal_count=16079 4057 12022 3683 6997 374 5025
is_linear=0
shrinkage=0.00834467


Tree=135
num_leaves=8
num_cat=0
split_feature=49 19 18 9 9 9 9
split_gain=3935.94 989.482 968.228 209.105 183.445 122.435 98.8747
threshold=24.902844619445563 29.018083572387699 22.960868835449222 26.339530944824222 22.181776046752933 23.94834136962891 32.293060301655281
decision_type=2 2 2 2 2 2 2
left_child=2 3 4 -2 -1 -4 -3
right_child=1 6 5 -5 -6 -7 -8
leaf_value=-0.0056957887090337469 0.0047298386517533771 0.017204989707252313 -0.00081529790739397331 0.0093810684643475702 -0.0029255732880641484 0.0016621497607612332 0.026293443983341595
leaf_weight=3682 2515 259 3277 919 3038 2411 123
leaf_count=3682 2515 259 3277 919 3038 2411 123
internal_value=-1.9518e-05 0.00739188 -0.00229885 0.00597461 -0.00444343 0.000234831 0.020132
internal_weight=16224 3816 12408 3434 6720 5688 382
internal_count=16224 3816 12408 3434 6720 5688 382
is_linear=0
shrinkage=0.00834467


Tree=136
num_leaves=8
num_cat=0
split_feature=49 9 18 18 9 9 9
split_gain=3870.75 997.176 978.372 239.99 164.88 131.916 82.3717
threshold=24.902844619445563 27.279413225681157 22.921377182006839 30.254060745239261 22.212726593017585 23.94834136962891 25.579170227050785
decision_type=2 2 2 2 2 2 2
left_child=2 6 4 -3 -1 -4 -2
right_child=1 3 5 -5 -6 -7 -8
leaf_value=-0.0055875950227067461 0.0038609541292501746 0.012604767461009084 -0.0008363775022192998 0.022569085919003064 -0.0029237298701024119 0.0017114467033892001 0.0066059590114690044
leaf_weight=3803 1524 503 3348 253 2816 2451 1521
leaf_count=3803 1524 503 3348 253 2816 2451 1521
internal_value=-6.53441e-06 0.00736183 -0.0022619 0.0159396 -0.00445428 0.000240485 0.00523212
internal_weight=16219 3801 12418 756 6619 5799 3045
internal_count=16219 3801 12418 756 6619 5799 3045
is_linear=0
shrinkage=0.00834467


Tree=137
num_leaves=8
num_cat=0
split_feature=9 19 49 9 9 9 9
split_gain=3812.9 1356.17 536.706 258.811 245.043 90.0484 78.2
threshold=24.039432525634769 27.298688888549808 22.346321868780034 29.486070632934574 25.394895553588871 23.24605751037598 21.472457885742191
decision_type=2 2 2 2 2 2 2
left_child=2 4 6 -3 -2 -4 -1
right_child=1 3 5 -5 -6 -7 -8
leaf_value=-0.0070883483510647393 0.0023494554312999969 0.011662035152553008 -0.0023264163547340598 0.021608050848813377 0.0060693097651352505 -0.00023079964191156487 -0.0046122924252546453
leaf_weight=1252 3151 436 3432 313 2026 2445 3057
leaf_count=1252 3151 436 3432 313 2026 2445 3057
internal_value=1.54119e-06 0.00532364 -0.00309474 0.0158186 0.00380522 -0.00145458 -0.00533174
internal_weight=16112 5926 10186 749 5177 5877 4309
internal_count=16112 5926 10186 749 5177 5877 4309
is_linear=0
shrinkage=0.00834467


Tree=138
num_leaves=8
num_cat=0
split_feature=48 9 49 20 49 9 9
split_gain=3740.47 990.327 934.507 248.355 165.943 122.732 82.953
threshold=24.873814392322757 27.279413225681157 22.979575729370122 31.479162216186527 21.73947448730469 23.859982490539554 25.880230903625492
decision_type=2 2 2 2 2 2 2
left_child=2 6 4 -3 -1 -4 -2
right_child=1 3 5 -5 -6 -7 -8
leaf_value=-0.0066057927446711876 0.0040941565131544155 0.013003881228682738 -0.00087900272492564733 0.024054755547714406 -0.0035858826977689883 0.0015686607285550947 0.0069478486263218654
leaf_weight=1713 1994 565 3143 189 4867 2612 1101
leaf_count=1713 1994 565 3143 189 4867 2612 1101
internal_value=1.69097e-05 0.00719856 -0.00222405 0.0157742 -0.00437208 0.00023191 0.00510933
internal_weight=16184 3849 12335 754 6580 5755 3095
internal_count=16184 3849 12335 754 6580 5755 3095
is_linear=0
shrinkage=0.00834467


Tree=139
num_leaves=8
num_cat=0
split_feature=48 51 9 9 9 9 50
split_gain=3657.56 945.956 877.19 169.062 168.283 121.008 108.807
threshold=24.873814392322757 28.34307750069198 22.976838111877445 26.231176376342777 21.925212860107425 30.239335060119632 23.748971414500737
decision_type=2 2 2 2 2 2 2
left_child=2 3 4 -2 -1 -3 -4
right_child=1 5 6 -5 -6 -7 -8
leaf_value=-0.0058769348653249049 0.0044466475691023796 0.013755943091786226 -0.0011238132842911837 0.0085709384600481438 -0.0031778359676496127 0.022557985801254635 0.0012452327423125014
leaf_weight=2670 2441 197 2348 966 4046 243 3176
leaf_count=2670 2441 197 2348 966 4046 243 3176
internal_value=5.77484e-06 0.00710312 -0.00222491 0.00561604 -0.00425089 0.0186175 0.000238259
internal_weight=16087 3847 12240 3407 6716 440 5524
internal_count=16087 3847 12240 3407 6716 440 5524
is_linear=0
shrinkage=0.00834467


Tree=140
num_leaves=8
num_cat=0
split_feature=18 9 18 18 9 9 9
split_gain=3591.71 1186.73 575.323 239.773 207.529 110.964 83.8912
threshold=24.215098381511236 27.279413225681157 22.353454589843754 30.254060745239261 25.188035964965824 23.24605751037598 21.472457885742191
decision_type=2 2 2 2 2 2 2
left_child=2 4 6 -3 -2 -4 -1
right_child=1 3 5 -5 -6 -7 -8
leaf_value=-0.0069092266963624513 0.002197357563238544 0.012002225166212585 -0.0022200650788949585 0.022101698503806989 0.0056932792520843298 2.4824425898425059e-05 -0.0043701721984989129
leaf_weight=1258 2347 506 3226 242 2383 2922 3240
leaf_count=1258 2347 506 3226 242 2383 2922 3240
internal_value=1.27597e-05 0.00550317 -0.00281239 0.0152699 0.00395863 -0.00115312 -0.00508031
internal_weight=16124 5478 10646 748 4730 6148 4498
internal_count=16124 5478 10646 748 4730 6148 4498
is_linear=0
shrinkage=0.00834467


Tree=141
num_leaves=8
num_cat=0
split_feature=49 9 18 9 49 49 18
split_gain=3573.74 929.111 873.791 219.445 158.539 114.238 84.8168
threshold=24.902844619445563 27.279413225681157 22.921377182006839 31.38391208648682 21.73947448730469 23.749592781213138 25.932779312133793
decision_type=2 2 2 2 2 2 2
left_child=2 6 4 -3 -1 -4 -2
right_child=1 3 5 -5 -6 -7 -8
leaf_value=-0.0064258372948043313 0.0040446211109866053 0.01277668192692513 -0.0010711704062373237 0.023089825344017139 -0.0034722233080737232 0.0012892307406046416 0.006986789125239137
leaf_weight=1710 1973 554 2626 194 4868 3129 1043
leaf_count=1710 1973 554 2626 194 4868 3129 1043
internal_value=9.65835e-06 0.00712682 -0.00216249 0.0154517 -0.00424005 0.000212182 0.00506211
internal_weight=16097 3764 12333 748 6578 5755 3016
internal_count=16097 3764 12333 748 6578 5755 3016
is_linear=0
shrinkage=0.00834467


Tree=142
num_leaves=8
num_cat=0
split_feature=9 48 9 9 48 50 48
split_gain=3520.36 948.875 833.696 207.55 161.426 98.1225 98.049
threshold=24.86646938323975 27.425601768493657 22.936331748962406 29.486070632934574 22.266011809740238 25.909075117134645 23.959574127197268
decision_type=2 2 2 2 2 2 2
left_child=2 5 4 -3 -1 -2 -4
right_child=1 3 6 -5 -6 -7 -8
leaf_value=-0.0052473456091476972 0.0039504626359805513 0.011578963858770561 -0.0007933855232561607 0.020742539109136121 -0.0026009315784862874 0.0070279609533758867 0.0014273993069142594
leaf_weight=3997 2165 381 3176 314 2682 1082 2454
leaf_count=3997 2165 381 3176 314 2682 1082 2454
internal_value=7.12589e-06 0.00687014 -0.00219078 0.0157193 -0.00418466 0.004976 0.000174609
internal_weight=16251 3942 12309 695 6679 3247 5630
internal_count=16251 3942 12309 695 6679 3247 5630
is_linear=0
shrinkage=0.00834467


Tree=143
num_leaves=8
num_cat=0
split_feature=9 49 49 50 48 9 9
split_gain=3447.86 887.767 849.801 230.846 151.377 107.958 68.3972
threshold=24.889999390187992 29.419773769378669 22.979575729370122 26.165571069698245 21.912070465087893 23.773359298706058 32.293060301655281
decision_type=2 2 2 2 2 2 2
left_child=2 3 4 -2 -1 -4 -3
right_child=1 6 5 -5 -6 -7 -8
leaf_value=-0.0058217273706384024 0.0042187825645893682 0.016942635208363383 -0.00091779428976936756 0.0088040023274410361 -0.0032093778302501887 0.0013749006833688828 0.024739553141254641
leaf_weight=2495 2360 191 2942 1131 4055 2783 133
leaf_count=2495 2360 191 2942 1131 4055 2783 133
internal_value=1.70688e-06 0.00693067 -0.00215178 0.0057043 -0.00420447 0.000196716 0.0201439
internal_weight=16090 3815 12275 3491 6550 5725 324
internal_count=16090 3815 12275 3491 6550 5725 324
is_linear=0
shrinkage=0.00834467


Tree=144
num_leaves=8
num_cat=0
split_feature=9 19 9 18 9 9 9
split_gain=3389.91 850.552 832.478 161.694 149.977 124.088 112.244
threshold=24.889999390187992 28.498593330383304 22.88483810424805 26.347520828247074 21.561673164367679 32.293060301655281 23.537122726440433
decision_type=2 2 2 2 2 2 2
left_child=2 3 4 -2 -1 -3 -4
right_child=1 5 6 -5 -6 -7 -8
leaf_value=-0.0065672690231861845 0.0043729602982334782 0.014915865323716949 -0.0012909836541625446 0.0085487171210131482 -0.0035168067127636384 0.024683572029081495 0.0010777432840679418
leaf_weight=1452 2556 316 2293 864 4943 127 3549
leaf_count=1452 2556 316 2293 864 4943 127 3549
internal_value=2.22017e-05 0.00683719 -0.00212917 0.00542791 -0.00420943 0.0177166 0.000148011
internal_weight=16100 3863 12237 3420 6395 443 5842
internal_count=16100 3863 12237 3420 6395 443 5842
is_linear=0
shrinkage=0.00834467


Tree=145
num_leaves=8
num_cat=0
split_feature=49 19 49 18 48 49 18
split_gain=3326.14 843.293 825.195 163.783 140.031 106.079 99.0449
threshold=24.902844619445563 27.711486816406254 22.979575729370122 31.428276062011722 21.814066506074223 23.93688955307007 26.03409576416016
decision_type=2 2 2 2 2 2 2
left_child=2 6 4 -3 -1 -4 -2
right_child=1 3 5 -5 -6 -7 -8
leaf_value=-0.0060151580245436506 0.0040283119168638172 0.012867748581709873 -0.00085569727804045155 0.022165861417034319 -0.0033468218813167945 0.0014121950964278433 0.0071640130379681853
leaf_weight=1943 2105 437 3127 189 4640 2656 1052
leaf_count=1943 2105 437 3127 189 4640 2656 1052
internal_value=-1.93589e-05 0.00682767 -0.002114 0.0156753 -0.0041344 0.000185895 0.00507323
internal_weight=16149 3783 12366 626 6583 5783 3157
internal_count=16149 3783 12366 626 6583 5783 3157
is_linear=0
shrinkage=0.00834467


Tree=146
num_leaves=8
num_cat=0
split_feature=48 51 18 50 48 18 51
split_gain=3268.39 891.338 753.14 163.922 159.805 108.187 77.7979
threshold=24.783003997802737 28.34307750069198 23.037331581115726 26.165571069698245 22.266011809740238 32.309156419409184 23.675042947266444
decision_type=2 2 2 2 2 2 2
left_child=2 3 4 -2 -1 -3 -4
right_child=1 5 6 -5 -6 -7 -8
leaf_value=-0.0050560019193420253 0.003923625131820878 0.015010509776757939 -0.0010463397531895635 0.0078085162145856294 -0.0024945851367878633 0.024165795448248522 0.0010771497500138142
leaf_weight=4020 2529 327 1960 1079 2934 124 3104
leaf_count=4020 2529 327 1960 1079 2934 124 3104
internal_value=-6.09207e-06 0.00646801 -0.00219268 0.00508545 -0.00397531 0.0175282 0.000255262
internal_weight=16077 4059 12018 3608 6954 451 5064
internal_count=16077 4059 12018 3608 6954 451 5064
is_linear=0
shrinkage=0.00834467


Tree=147
num_leaves=8
num_cat=0
split_feature=9 9 9 21 9 51 9
split_gain=3215.13 1103.96 467.231 214.656 202.869 78.9668 75.2994
threshold=24.039432525634769 27.279413225681157 22.352839469909672 29.592650413513187 25.367729187409669 23.194602012639489 21.372426986694339
decision_type=2 2 2 2 2 2 2
left_child=2 4 6 -3 -2 -4 -1
right_child=1 3 5 -5 -6 -7 -8
leaf_value=-0.0069369651905302494 0.0021528569562401312 0.010654702643065171 -0.0022200981142118706 0.019678034193521592 0.0055330940182680205 -0.00026013337581363408 -0.0042859554672466686
leaf_weight=946 3059 459 2885 306 2075 2841 3531
leaf_count=946 3059 459 2885 306 2075 2841 3531
internal_value=8.6251e-06 0.00491254 -0.00282664 0.0142642 0.00351905 -0.00124765 -0.00484613
internal_weight=16102 5899 10203 765 5134 5726 4477
internal_count=16102 5899 10203 765 5134 5726 4477
is_linear=0
shrinkage=0.00834467


Tree=148
num_leaves=8
num_cat=0
split_feature=9 19 51 9 49 9 9
split_gain=3118.74 961.89 576.025 226.731 137.798 112.548 79.7345
threshold=24.420802116394047 27.298688888549808 22.539838314040285 29.486070632934574 25.438292408559082 23.440654754638675 21.453745841979984
decision_type=2 2 2 2 2 2 2
left_child=2 4 6 -3 -2 -4 -1
right_child=1 3 5 -5 -6 -7 -8
leaf_value=-0.0064963748832881536 0.0026392461366959207 0.010455435728615826 -0.0017313548466733658 0.019829677218380935 0.0056948618476001956 0.00055447843693428613 -0.003986827842586904
leaf_weight=1140 2406 448 3468 300 1794 2643 3890
leaf_count=1140 2406 448 3468 300 1794 2643 3890
internal_value=-1.57668e-05 0.00549714 -0.00246419 0.0142154 0.00394444 -0.000742735 -0.0045556
internal_weight=16089 4948 11141 748 4200 6111 5030
internal_count=16089 4948 11141 748 4200 6111 5030
is_linear=0
shrinkage=0.00834467


Tree=149
num_leaves=8
num_cat=0
split_feature=48 48 51 18 49 18 18
split_gain=3073.46 831.243 700.187 207.584 117.97 110.766 56.3654
threshold=24.783003997802737 29.414824867200199 22.818440214920251 26.347520828247074 21.73947448730469 23.426663398742679 32.309156419409184
decision_type=2 2 2 2 2 2 2
left_child=2 3 4 -2 -1 -4 -3
right_child=1 6 5 -5 -6 -7 -8
leaf_value=-0.0059989074885424837 0.0039856653588947787 0.016360001692998491 -0.0014714750855783279 0.0084445428476602 -0.0034154049508490249 0.0008273343739330296 0.023550005076918429
leaf_weight=1731 2745 187 2501 989 4259 3505 128
leaf_count=1731 2745 187 2501 989 4259 3505 128
internal_value=-2.14545e-05 0.00626487 -0.00214328 0.00516668 -0.004162 -0.00012993 0.0192823
internal_weight=16045 4049 11996 3734 5990 6006 315
internal_count=16045 4049 11996 3734 5990 6006 315
is_linear=0
shrinkage=0.00834467


Tree=150
num_leaves=8
num_cat=0
split_feature=18 9 18 20 9 9 9
split_gain=3056.65 1002.96 504.505 186.731 174.709 95.0405 74.1138
threshold=24.215098381511236 27.279413225681157 22.353454589843754 31.479162216186527 25.126186370622563 23.24605751037598 21.472457885742191
decision_type=2 2 2 2 2 2 2
left_child=2 4 6 -3 -2 -4 -1
right_child=1 3 5 -5 -6 -7 -8
leaf_value=-0.0064457589551754103 0.0019412681073854977 0.011696217800825208 -0.0020500794854185493 0.021454286900646262 0.0051486786080852951 2.1584676732725551e-05 -0.0040641899114233406
leaf_weight=1271 2229 566 3232 180 2519 2949 3203
leaf_count=1271 2229 566 3232 180 2519 2949 3203
internal_value=3.92771e-07 0.0050562 -0.00260652 0.014051 0.00364293 -0.00106167 -0.00474077
internal_weight=16149 5494 10655 746 4748 6181 4474
internal_count=16149 5494 10655 746 4748 6181 4474
is_linear=0
shrinkage=0.00834467


Tree=151
num_leaves=8
num_cat=0
split_feature=9 9 9 9 9 50 49
split_gain=3079.93 794.496 732.357 148.508 138.634 112.932 86.5514
threshold=24.889999390187992 27.933975219726566 22.919258117675785 32.293060301655281 21.561673164367679 26.165571069698245 23.93688955307007
decision_type=2 2 2 2 2 2 2
left_child=2 5 4 -3 -1 -2 -4
right_child=1 3 6 -5 -6 -7 -8
leaf_value=-0.0062343289138238039 0.003931404188399731 0.013243352901073048 -0.00081202923258538685 0.023339737944426824 -0.003303722434509165 0.0073615386727405221 0.0012496047751530365
leaf_weight=1443 2307 450 3066 131 5085 941 2638
leaf_count=1443 2307 450 3066 131 5085 941 2638
internal_value=1.59124e-06 0.00653287 -0.00204291 0.0155202 -0.00395153 0.00492519 0.000141441
internal_weight=16061 3829 12232 581 6528 3248 5704
internal_count=16061 3829 12232 581 6528 3248 5704
is_linear=0
shrinkage=0.00834467


Tree=152
num_leaves=8
num_cat=0
split_feature=49 51 49 18 49 19 18
split_gain=2936.9 757.183 749.587 196.375 125.002 106.247 53.5998
threshold=24.902844619445563 22.922911167269781 29.419773769378669 26.347520828247074 21.73947448730469 23.447838783264164 32.309156419409184
decision_type=2 2 2 2 2 2 2
left_child=1 4 3 -2 -1 -3 -4
right_child=2 5 6 -5 -6 -7 -8
leaf_value=-0.0058955870115543615 0.0040510213589806266 -0.0012878053554494714 0.015917659491691796 0.008445230262988792 -0.0032623052744977809 0.0010149520974671675 0.022930712525680436
leaf_weight=1726 2507 2218 196 987 4603 3761 124
leaf_count=1726 2507 2218 196 987 4603 3761 124
internal_value=1.38776e-05 -0.00196875 0.00641192 0.00529234 -0.00398044 0.000160709 0.0186358
internal_weight=16122 12308 3814 3494 6329 5979 320
internal_count=16122 12308 3814 3494 6329 5979 320
is_linear=0
shrinkage=0.00834467


Tree=153
num_leaves=8
num_cat=0
split_feature=9 9 9 48 9 49 9
split_gain=2970.03 874.688 581.607 189.061 136.582 108.825 72.8333
threshold=24.57852935791016 27.279413225681157 22.352839469909672 29.414824867200199 23.42381572723389 25.72427701964844 21.472457885742191
decision_type=2 2 2 2 2 2 2
left_child=2 5 6 -3 -4 -2 -1
right_child=1 3 4 -5 -6 -7 -8
leaf_value=-0.0063049665014638335 0.0030715773606020676 0.010352343799857392 -0.00178827837662261 0.0188425379457236 0.00055686654296803213 0.0060103794629482602 -0.0039318310474993111
leaf_weight=1257 2524 431 3875 317 3123 1345 3176
leaf_count=1257 2524 431 3875 317 3123 1345 3176
internal_value=4.16564e-05 0.00569025 -0.00223982 0.0139507 -0.00074171 0.00409322 -0.00460476
internal_weight=16048 4617 11431 748 6998 3869 4433
internal_count=16048 4617 11431 748 6998 3869 4433
is_linear=0
shrinkage=0.00834467


Tree=154
num_leaves=8
num_cat=0
split_feature=49 18 9 18 9 49 9
split_gain=2906.47 733.224 709.684 185.886 133.341 87.3867 74.0829
threshold=24.902844619445563 29.014486314812014 22.936331748962406 26.347520828247074 21.925212860107425 23.93688955307007 32.293060301655281
decision_type=2 2 2 2 2 2 2
left_child=2 3 4 -2 -1 -4 -3
right_child=1 6 5 -5 -6 -7 -8
leaf_value=-0.0052447400967963048 0.0040253517820986002 0.014914051496988143 -0.00074382670589598267 0.0084273338882270964 -0.0028296386448340397 0.0013232817014691884 0.022799879797961067
leaf_weight=2679 2460 247 3110 917 3923 2627 125
leaf_count=2679 2460 247 3110 917 3923 2627 125
internal_value=1.09415e-05 0.00644556 -0.00194411 0.0052207 -0.00380966 0.000202713 0.0175644
internal_weight=16088 3749 12339 3377 6602 5737 372
internal_count=16088 3749 12339 3377 6602 5737 372
is_linear=0
shrinkage=0.00834467


Tree=155
num_leaves=8
num_cat=0
split_feature=18 48 48 20 48 51 48
split_gain=2789.96 898.756 456.787 188.387 150.384 90.4036 58.2895
threshold=24.215098381511236 27.188048934936528 22.288580704141605 31.479162216186527 25.105949020385747 23.333641115920496 21.466911315917972
decision_type=2 2 2 2 2 2 2
left_child=2 4 6 -3 -2 -4 -1
right_child=1 3 5 -5 -6 -7 -8
leaf_value=-0.0061931807304677995 0.0018947399450211372 0.01088436588773763 -0.0019665006003544883 0.020464766429298037 0.0048881794405810034 1.6410929664842403e-05 -0.004008934822360288
leaf_weight=1203 2166 568 3637 191 2538 2860 2906
leaf_count=1203 2166 568 3637 191 2538 2860 2906
internal_value=2.46411e-05 0.00486942 -0.00247084 0.0132955 0.00350983 -0.00109362 -0.00464843
internal_weight=16069 5463 10606 759 4704 6497 4109
internal_count=16069 5463 10606 759 4704 6497 4109
is_linear=0
shrinkage=0.00834467


Tree=156
num_leaves=8
num_cat=0
split_feature=18 19 9 9 9 18 9
split_gain=2754.69 916.392 460.092 183.206 168.14 80.1306 64.9222
threshold=24.215098381511236 27.298688888549808 22.352839469909672 29.486070632934574 25.277787208557132 23.335463523864746 21.453745841979984
decision_type=2 2 2 2 2 2 2
left_child=2 4 6 -3 -2 -4 -1
right_child=1 3 5 -5 -6 -7 -8
leaf_value=-0.006190091331929941 0.0019702976513597576 0.0099714706584635594 -0.0018114686997731581 0.018376263352574598 0.0051207616943004207 0.00011457573393729769 -0.0039157953763732005
leaf_weight=1199 2512 445 3605 304 2224 2581 3225
leaf_count=1199 2512 445 3605 304 2224 2581 3225
internal_value=4.77752e-06 0.00480619 -0.00247739 0.013383 0.00344975 -0.00100786 -0.00453219
internal_weight=16095 5485 10610 749 4736 6186 4424
internal_count=16095 5485 10610 749 4736 6186 4424
is_linear=0
shrinkage=0.00834467


Tree=157
num_leaves=8
num_cat=0
split_feature=49 18 51 9 9 9 9
split_gain=2740.26 697.071 692.539 134.133 133.45 97.0203 94.0893
threshold=24.902844619445563 27.693171501159672 23.012443002119468 31.38391208648682 21.750844955444339 23.94834136962891 25.880230903625492
decision_type=2 2 2 2 2 2 2
left_child=2 6 4 -3 -1 -4 -2
right_child=1 3 5 -5 -6 -7 -8
leaf_value=-0.0055822273415656746 0.0035122048359862925 0.011766255361288509 -0.00068397889076217725 0.020207326102855756 -0.0029766186511148663 0.0015355978751767894 0.0064952983995198062
leaf_weight=1913 1931 423 3260 190 4811 2367 1190
leaf_count=1913 1931 423 3260 190 4811 2367 1190
internal_value=-1.65373e-05 0.00624755 -0.00191032 0.0143829 -0.00371793 0.000249688 0.00464964
internal_weight=16085 3734 12351 613 6724 5627 3121
internal_count=16085 3734 12351 613 6724 5627 3121
is_linear=0
shrinkage=0.00834467


Tree=158
num_leaves=8
num_cat=0
split_feature=9 9 49 9 18 9 48
split_gain=2686.68 883.122 442.551 176.313 149.724 89.2951 62.8284
threshold=24.209330558776859 27.279413225681157 22.346321868780034 31.38391208648682 25.314518928527836 23.350099565473638 21.444525146626464
decision_type=2 2 2 2 2 2 2
left_child=2 4 6 -3 -2 -4 -1
right_child=1 3 5 -5 -6 -7 -8
leaf_value=-0.0061710117578078578 0.0020654361198754728 0.010858691189709545 -0.0018477276897483923 0.020270284196907497 0.0050517065887403382 0.00017857992902212613 -0.0038977651751044874
leaf_weight=1152 2596 562 3804 184 2127 2516 3194
leaf_count=1152 2596 562 3804 184 2127 2516 3194
internal_value=-1.23019e-05 0.004743 -0.00245059 0.0131803 0.00341031 -0.00104105 -0.00450035
internal_weight=16135 5469 10666 746 4723 6320 4346
internal_count=16135 5469 10666 746 4723 6320 4346
is_linear=0
shrinkage=0.00834467


Tree=159
num_leaves=8
num_cat=0
split_feature=48 51 49 50 48 18 18
split_gain=2658.77 723.934 620.091 151.627 116.619 86.371 79.7255
threshold=24.783003997802737 28.34307750069198 22.979575729370122 26.165571069698245 22.119951248168949 32.309156419409184 23.65058517456055
decision_type=2 2 2 2 2 2 2
left_child=2 3 4 -2 -1 -3 -4
right_child=1 5 6 -5 -6 -7 -8
leaf_value=-0.004764836945567571 0.003535320200308549 0.01364263535333704 -0.00097391343539318328 0.0072817872804307685 -0.0025352558772525633 0.021811436198470611 0.0010492436219038523
leaf_weight=3390 2550 305 2512 1067 3153 128 2948
leaf_count=3390 2550 305 2512 1067 3153 128 2948
internal_value=1.48395e-05 0.00586123 -0.00195783 0.00464053 -0.00369043 0.0160579 0.000118443
internal_weight=16053 4050 12003 3617 6543 433 5460
internal_count=16053 4050 12003 3617 6543 433 5460
is_linear=0
shrinkage=0.00834467


Tree=160
num_leaves=8
num_cat=0
split_feature=49 19 51 48 19 50 48
split_gain=2618.41 711.197 571.012 134.497 112.059 99.474 70.0317
threshold=24.694002342356203 27.711486816406254 22.539838314040285 32.343348694069348 23.447838783264164 25.86763687126404 21.508724212646488
decision_type=2 2 2 2 2 2 2
left_child=2 5 6 -3 -4 -2 -1
right_child=1 3 4 -5 -6 -7 -8
leaf_value=-0.0058423231319862743 0.0031701444443850337 0.011864166044145608 -0.0015134633389787726 0.021573526308199555 0.0006344440015964238 0.0060558136480092454 -0.0035837494385484018
leaf_weight=1276 2422 500 3416 124 3350 1267 3812
leaf_count=1276 2422 500 3416 124 3350 1267 3812
internal_value=-1.25157e-05 0.00555492 -0.00203819 0.0137939 -0.000449986 0.00416125 -0.00415018
internal_weight=16167 4313 11854 624 6766 3689 5088
internal_count=16167 4313 11854 624 6766 3689 5088
is_linear=0
shrinkage=0.00834467


Tree=161
num_leaves=8
num_cat=0
split_feature=9 19 18 9 49 9 9
split_gain=2597.64 816.555 480.149 162.993 116.25 100.216 65.7251
threshold=24.420802116394047 27.298688888549808 22.353454589843754 29.486070632934574 25.438292408559082 23.42381572723389 21.372426986694339
decision_type=2 2 2 2 2 2 2
left_child=2 4 6 -3 -2 -4 -1
right_child=1 3 5 -5 -6 -7 -8
leaf_value=-0.006273520824374294 0.002394389675099585 0.0098667123840142437 -0.0016732023367407537 0.017790375852373402 0.0051951809851173763 0.00039431361600622458 -0.0038128073396457136
leaf_weight=963 2413 455 3933 300 1803 2791 3514
leaf_count=963 2413 455 3933 300 1803 2791 3514
internal_value=3.1839e-06 0.0050234 -0.00222479 0.0130154 0.00359218 -0.000815018 -0.00434212
internal_weight=16172 4971 11201 755 4216 6724 4477
internal_count=16172 4971 11201 755 4216 6724 4477
is_linear=0
shrinkage=0.00834467


Tree=162
num_leaves=8
num_cat=0
split_feature=18 18 48 9 9 18 9
split_gain=2467.92 780.094 411.221 163.383 160.414 89.5291 52.3665
threshold=24.215098381511236 27.287329673767093 22.288580704141605 25.367729187409669 31.38391208648682 23.248741149902347 21.472457885742191
decision_type=2 2 2 2 2 2 2
left_child=2 3 6 -2 -3 -4 -1
right_child=1 4 5 -5 -6 -7 -8
leaf_value=-0.0058555989979223776 0.001969745923996838 0.010324427800349254 -0.0019277258548941398 0.005101641001100601 0.019420979892661529 3.3838005889306536e-05 -0.0037937361856801243
leaf_weight=1220 2724 569 3568 2020 177 2968 2889
leaf_count=1220 2724 569 3568 2020 177 2968 2889
internal_value=6.29875e-06 0.0045507 -0.00233741 0.00330332 0.0124829 -0.00103698 -0.00440593
internal_weight=16135 5490 10645 4744 746 6536 4109
internal_count=16135 5490 10645 4744 746 6536 4109
is_linear=0
shrinkage=0.00834467


Tree=163
num_leaves=8
num_cat=0
split_feature=48 18 49 9 48 9 9
split_gain=2490.11 650.915 625.534 125.597 115.423 87.4375 75.9747
threshold=24.873814392322757 28.458469390869144 22.979575729370122 26.069210052490238 22.119951248168949 32.293060301655281 23.859982490539554
decision_type=2 2 2 2 2 2 2
left_child=2 3 4 -2 -1 -3 -4
right_child=1 5 6 -5 -6 -7 -8
leaf_value=-0.0046444171004307701 0.0034807638669147765 0.013038761372272823 -0.00067660026431720524 0.0068791094972844597 -0.0024437484192255401 0.021205089762052237 0.0012619845154111606
leaf_weight=3418 2214 307 3135 1151 3226 130 2555
leaf_count=3418 2214 307 3135 1151 3226 130 2555
internal_value=-1.67777e-05 0.00588748 -0.00183679 0.00464319 -0.00357589 0.0154685 0.00019389
internal_weight=16136 3802 12334 3365 6644 437 5690
internal_count=16136 3802 12334 3365 6644 437 5690
is_linear=0
shrinkage=0.00834467


Tree=164
num_leaves=8
num_cat=0
split_feature=49 9 9 9 9 18 9
split_gain=2469.11 701.877 515.101 159.387 114.399 83.2191 65.347
threshold=24.643437004330814 28.452870368957523 22.42689418792725 25.971404075622562 23.461296082253423 32.309156419409184 21.472457885742191
decision_type=2 2 2 2 2 2 2
left_child=2 3 6 -2 -4 -3 -1
right_child=1 5 4 -5 -6 -7 -8
leaf_value=-0.0057593896848019315 0.0030306665643369491 0.012955286021445689 -0.0015688280300831326 0.00659663176668437 0.00059285732997525439 0.020961804550557309 -0.0035500113981509385
leaf_weight=1267 2730 314 3684 1283 3173 127 3528
leaf_count=1267 2730 314 3684 1283 3173 127 3528
internal_value=-1.56702e-05 0.0052689 -0.00203571 0.00417076 -0.000568533 0.0152614 -0.00413381
internal_weight=16106 4454 11652 4013 6857 441 4795
internal_count=16106 4454 11652 4013 6857 441 4795
is_linear=0
shrinkage=0.00834467


Tree=165
num_leaves=8
num_cat=0
split_feature=9 9 9 48 9 9 9
split_gain=2446.37 633.381 588.687 129.013 128.33 77.7846 64.5529
threshold=24.889999390187992 29.008979797363285 22.503057479858402 23.682224463947758 26.339530944824222 21.372426986694339 32.293060301655281
decision_type=2 2 2 2 2 2 2
left_child=2 4 5 -4 -2 -1 -3
right_child=1 6 3 -5 -6 -7 -8
leaf_value=-0.0061142005350681063 0.0037093697090416098 0.013569226561539317 -0.0012913717759811174 0.00095194986538964103 0.0073318324953655038 -0.00347895358864783 0.020835017989667932
leaf_weight=962 2514 263 3914 3282 934 4122 126
leaf_count=962 2514 263 3914 3282 934 4122 126
internal_value=1.33593e-05 0.00582945 -0.00180393 -0.000268223 0.00469065 -0.00397761 0.0159231
internal_weight=16117 3837 12280 7196 3448 5084 389
internal_count=16117 3837 12280 7196 3448 5084 389
is_linear=0
shrinkage=0.00834467


Tree=166
num_leaves=8
num_cat=0
split_feature=50 9 48 20 9 49 9
split_gain=2328.62 765.193 359.336 165.468 152.627 67.4341 49.97
threshold=24.156840658113286 27.279413225681157 22.288580704141605 31.479162216186527 25.155215263366703 23.165387916564946 21.35546970367432
decision_type=2 2 2 2 2 2 2
left_child=2 4 6 -3 -2 -4 -1
right_child=1 3 5 -5 -6 -7 -8
leaf_value=-0.0060713585565779606 0.0016558888968823059 0.0098781446253718899 -0.0019587389135336288 0.019001677515630807 0.0045604854541419146 -0.00022437794234664112 -0.003818433583733957
leaf_weight=870 2593 559 3220 184 2450 3030 3234
leaf_count=870 2593 559 3220 184 2450 3030 3234
internal_value=-8.21421e-06 0.00423184 -0.00237763 0.0121378 0.00306701 -0.00111792 -0.00429604
internal_weight=16140 5786 10354 743 5043 6250 4104
internal_count=16140 5786 10354 743 5043 6250 4104
is_linear=0
shrinkage=0.00834467


Tree=167
num_leaves=8
num_cat=0
split_feature=49 18 49 9 9 9 9
split_gain=2334.51 582.385 580.016 166.878 121.323 72.3247 42.4153
threshold=24.902844619445563 23.037331581115726 29.419773769378669 26.633753776550297 22.080404281616214 24.039432525634769 32.293060301655281
decision_type=2 2 2 2 2 2 2
left_child=1 4 3 -2 -1 -3 -4
right_child=2 5 6 -5 -6 -7 -8
leaf_value=-0.0045088910479078219 0.003813868404362885 -0.00049074782541866531 0.014161456455684921 0.0083005287466387107 -0.0023020784396173919 0.0014755423277071451 0.020482289898204206
leaf_weight=3297 2788 3232 188 728 3661 2182 122
leaf_count=3297 2788 3232 188 728 3661 2182 122
internal_value=1.09428e-05 -0.00175075 0.00570764 0.00474287 -0.00334777 0.000301726 0.0166496
internal_weight=16198 12372 3826 3516 6958 5414 310
internal_count=16198 12372 3826 3516 6958 5414 310
is_linear=0
shrinkage=0.00834467


Tree=168
num_leaves=8
num_cat=0
split_feature=9 19 9 50 9 9 51
split_gain=2303.42 598.555 560.759 138.964 119.064 65.3334 59.3689
threshold=24.889999390187992 29.018083572387699 23.052125930786136 26.165571069698245 22.080404281616214 32.293060301655281 23.675042947266444
decision_type=2 2 2 2 2 2 2
left_child=2 3 4 -2 -1 -3 -4
right_child=1 5 6 -5 -6 -7 -8
leaf_value=-0.0044680995392091085 0.0034000295036331783 0.013167085968183757 -0.00090785708084202858 0.0069819613207487141 -0.0022890014392456968 0.020547663456018266 0.00095014363847247441
leaf_weight=3307 2362 252 1854 1108 3699 125 3382
leaf_count=3307 2362 252 1854 1108 3699 125 3382
internal_value=-3.66681e-06 0.00562875 -0.00177364 0.00454379 -0.00331759 0.0156147 0.000292249
internal_weight=16089 3847 12242 3470 7006 377 5236
internal_count=16089 3847 12242 3470 7006 377 5236
is_linear=0
shrinkage=0.00834467


Tree=169
num_leaves=8
num_cat=0
split_feature=9 19 51 9 18 18 49
split_gain=2227.27 696.633 401.674 157.691 107.36 65.0443 63.3237
threshold=24.347644805908207 27.298688888549808 22.539838314040285 29.486070632934574 25.281613349914554 23.356044767639165 21.427929210202638
decision_type=2 2 2 2 2 2 2
left_child=2 4 6 -3 -2 -4 -1
right_child=1 3 5 -5 -6 -7 -8
leaf_value=-0.0056614675997064797 0.0019842497250802675 0.008853384499133192 -0.001508291360368529 0.016726781658619592 0.0045927752101537073 0.00024110561784402668 -0.0033811755223986904
leaf_weight=1077 2248 439 3074 297 2149 2854 3989
leaf_count=1077 2248 439 3074 297 2149 2854 3989
internal_value=-2.15858e-05 0.0045169 -0.00214056 0.0120307 0.00325915 -0.000666056 -0.00386596
internal_weight=16127 5133 10994 736 4397 5928 5066
internal_count=16127 5133 10994 736 4397 5928 5066
is_linear=0
shrinkage=0.00834467


Tree=170
num_leaves=8
num_cat=0
split_feature=18 19 48 50 48 51 48
split_gain=2196.26 795.024 331.666 168.686 110.793 56.4116 47.0051
threshold=24.02320003422852 27.711486816406254 22.288580704141605 25.86763687126404 31.421253967285161 23.333641115920496 21.390131378062993
decision_type=2 2 2 2 2 2 2
left_child=2 3 6 -2 -3 -4 -1
right_child=1 4 5 -5 -6 -7 -8
leaf_value=-0.0057667702950124989 0.002159250500399475 0.010661008371709331 -0.001770558764313314 0.0056607765577411937 0.018371213532836862 -0.00012363365367206475 -0.0036795836836655636
leaf_weight=985 4091 435 3611 1251 185 2418 3168
leaf_count=985 4091 435 3611 1251 185 2418 3168
internal_value=-4.83393e-06 0.00401739 -0.00236002 0.00297925 0.0129619 -0.00111004 -0.00417463
internal_weight=16144 5962 10182 5342 620 6029 4153
internal_count=16144 5962 10182 5342 620 6029 4153
is_linear=0
shrinkage=0.00834467


Tree=171
num_leaves=8
num_cat=0
split_feature=49 9 51 9 9 9 50
split_gain=2248.58 550.718 546.435 138.768 93.7049 78.1256 52.4584
threshold=24.902844619445563 27.279413225681157 22.922911167269781 31.38391208648682 21.674090385437015 23.440654754638675 25.86763687126404
decision_type=2 2 2 2 2 2 2
left_child=2 6 4 -3 -1 -4 -2
right_child=1 3 5 -5 -6 -7 -8
leaf_value=-0.0050886750342507194 0.0031359886393404748 0.0098967217242212652 -0.0011422862161175069 0.018121075000805405 -0.0028140576606521233 0.00083986261771458709 0.0053979858388032665
leaf_weight=1723 1844 576 2221 190 4705 3677 1165
leaf_count=1723 1844 576 2221 190 4705 3677 1165
internal_value=-1.50031e-05 0.00561993 -0.00174078 0.0119369 -0.00342377 9.34475e-05 0.00401178
internal_weight=16101 3775 12326 766 6428 5898 3009
internal_count=16101 3775 12326 766 6428 5898 3009
is_linear=0
shrinkage=0.00834467


Tree=172
num_leaves=8
num_cat=0
split_feature=9 51 19 9 9 49 9
split_gain=2135.68 531.396 530.302 126.627 116.372 61.906 60.7004
threshold=24.889999390187992 22.539838314040285 29.018083572387699 26.339530944824222 23.440654754638675 21.427929210202638 32.293060301655281
decision_type=2 2 2 2 2 2 2
left_child=1 5 3 -2 -3 -1 -4
right_child=2 4 6 -5 -6 -7 -8
leaf_value=-0.0055681550155008116 0.003438127716600999 -0.0013629553799046456 0.012557820087319817 0.0070135618236650396 0.00076026089312200128 -0.0033058406507376981 0.019759352031337954
leaf_weight=1071 2532 3434 250 948 3772 3944 121
leaf_count=1071 2532 3434 250 948 3772 3944 121
internal_value=4.38277e-06 -0.00170317 0.00542324 0.00441214 -0.000251553 -0.00378899 0.014907
internal_weight=16072 12221 3851 3480 7206 5015 371
internal_count=16072 12221 3851 3480 7206 5015 371
is_linear=0
shrinkage=0.00834467


Tree=173
num_leaves=8
num_cat=0
split_feature=9 51 9 50 9 9 9
split_gain=2145.72 551.571 517.396 111.439 103.142 77.3469 71.9439
threshold=24.889999390187992 28.34307750069198 22.548346519470218 26.165571069698245 23.689869880676273 30.239335060119632 21.453745841979984
decision_type=2 2 2 2 2 2 2
left_child=2 3 6 -2 -4 -3 -1
right_child=1 5 4 -5 -6 -7 -8
leaf_value=-0.0054544539988115454 0.0033001217855102246 0.010408293422550082 -0.0011245666598752079 0.0065828470422991236 0.00090675609378017871 0.017370740798911381 -0.0031365510939527822
leaf_weight=1208 2388 207 3875 1031 3160 240 4088
leaf_count=1208 2388 207 3875 1031 3160 240 4088
internal_value=5.42269e-06 0.00542975 -0.00169521 0.00429004 -0.000212132 0.0141468 -0.00366527
internal_weight=16197 3866 12331 3419 7035 447 5296
internal_count=16197 3866 12331 3419 7035 447 5296
is_linear=0
shrinkage=0.00834467


Tree=174
num_leaves=8
num_cat=0
split_feature=9 48 51 9 9 51 49
split_gain=2093.65 526.424 495.42 120.105 99.4154 69.2139 63.0672
threshold=24.86646938323975 27.425601768493657 22.603838952580329 32.293060301655281 23.440654754638675 25.573138395991617 21.427929210202638
decision_type=2 2 2 2 2 2 2
left_child=2 5 6 -3 -4 -2 -1
right_child=1 3 4 -5 -6 -7 -8
leaf_value=-0.0054306178234848389 0.0027081258487607861 0.010331956276749387 -0.0013051309975111679 0.019390968370260889 0.00069081384295340659 0.0051565886839187551 -0.0031731811931630985
leaf_weight=1085 1639 552 3282 125 3693 1578 4189
leaf_count=1085 1639 552 3282 125 3693 1578 4189
internal_value=-1.32466e-05 0.00531668 -0.00170765 0.0120048 -0.000248354 0.00390916 -0.0036376
internal_weight=16143 3894 12249 677 6975 3217 5274
internal_count=16143 3894 12249 677 6975 3217 5274
is_linear=0
shrinkage=0.00834467


Tree=175
num_leaves=8
num_cat=0
split_feature=9 9 9 9 9 48 9
split_gain=2079.2 540.509 480.482 129.732 121.456 55.7432 51.0862
threshold=24.86646938323975 29.008979797363285 22.352839469909672 26.339530944824222 23.537122726440433 32.343348694069348 21.453745841979984
decision_type=2 2 2 2 2 2 2
left_child=2 3 6 -2 -4 -3 -1
right_child=1 5 4 -5 -6 -7 -8
leaf_value=-0.0053366760417012851 0.0032876672869747436 0.012461514159573604 -0.0013959028095604487 0.0068823030659085661 0.00070084838423495864 0.019243143546685357 -0.0033371001113126275
leaf_weight=1228 2602 256 4270 956 3501 126 3230
leaf_count=1228 2602 256 4270 956 3501 126 3230
internal_value=-5.56724e-06 0.00526628 -0.00170408 0.00425353 -0.000451272 0.0146988 -0.00388791
internal_weight=16169 3940 12229 3558 7771 382 4458
internal_count=16169 3940 12229 3558 7771 382 4458
is_linear=0
shrinkage=0.00834467


Tree=176
num_leaves=8
num_cat=0
split_feature=49 40 19 18 9 9 9
split_gain=2020.99 509.659 501.459 116.839 113.403 57.6259 53.5326
threshold=24.902844619445563 29.504385948181156 23.075007438659672 26.347520828247074 22.080404281616214 32.293060301655281 23.94834136962891
decision_type=2 2 2 2 2 2 2
left_child=2 3 4 -2 -1 -3 -4
right_child=1 5 6 -5 -6 -7 -8
leaf_value=-0.0042147513611137492 0.0033530523506270405 0.012169216834888813 -0.00046117171205406233 0.0068328126004044152 -0.0020999338208843657 0.01904164878583248 0.0012307701283239554
leaf_weight=3328 2470 257 2858 923 3761 127 2392
leaf_count=3328 2470 257 2858 923 3761 127 2392
internal_value=-1.01589e-05 0.00533091 -0.00164508 0.00429967 -0.00309276 0.0144426 0.00030971
internal_weight=16116 3777 12339 3393 7089 384 5250
internal_count=16116 3777 12339 3393 7089 384 5250
is_linear=0
shrinkage=0.00834467


Tree=177
num_leaves=8
num_cat=0
split_feature=9 51 9 50 18 9 9
split_gain=1999.38 534.292 467.644 118.924 96.3483 69.5781 68.3745
threshold=24.813960075378422 28.34307750069198 22.532274246215824 26.165571069698245 23.445034982265629 32.293060301655281 21.472457885742191
decision_type=2 2 2 2 2 2 2
left_child=2 3 6 -2 -4 -3 -1
right_child=1 5 4 -5 -6 -7 -8
leaf_value=-0.0052519281217328611 0.0030572037660133757 0.011651398852821744 -0.001325327570410601 0.0064422093287564205 0.00065756858543626574 0.018999632262032367 -0.0030321075526401958
leaf_weight=1275 2541 325 3186 1010 3674 124 3990
leaf_count=1275 2541 325 3186 1010 3674 124 3990
internal_value=-1.13462e-05 0.0051045 -0.00169905 0.00402001 -0.000263351 0.0136811 -0.00356968
internal_weight=16125 4000 12125 3551 6860 449 5265
internal_count=16125 4000 12125 3551 6860 449 5265
is_linear=0
shrinkage=0.00834467


Tree=178
num_leaves=8
num_cat=0
split_feature=48 18 51 48 18 49 53
split_gain=1973.86 496.102 484.362 114.013 85.7698 77.3817 55.5531
threshold=24.873814392322757 29.014486314812014 22.798372109788335 26.277665710449224 23.426663398742679 21.73947448730469 0.45111319620832135
decision_type=2 2 2 2 2 2 2
left_child=2 3 5 -2 -4 -1 -3
right_child=1 6 4 -5 -6 -7 -8
leaf_value=-0.0048058569062346471 0.0032815150006421327 0.015954336220307317 -0.001170889973365894 0.0065881092918130607 0.00080799654012116921 -0.0027021635776726745 0.0080875525349887126
leaf_weight=1716 2450 300 2559 1032 3775 4192 79
leaf_count=1716 2450 300 2559 1032 3775 4192 79
internal_value=4.6182e-05 0.00524842 -0.00159455 0.00426154 8.50583e-06 -0.0033132 0.0143148
internal_weight=16103 3861 12242 3482 6334 5908 379
internal_count=16103 3861 12242 3482 6334 5908 379
is_linear=0
shrinkage=0.00834467


Tree=179
num_leaves=8
num_cat=0
split_feature=48 9 9 9 18 9 51
split_gain=1904.65 711.029 273.39 138.5 130.113 48.3708 47.9777
threshold=24.036989212036136 27.279413225681157 22.352839469909672 25.070789337158207 30.254060745239261 21.472457885742191 23.377817471715581
decision_type=2 2 2 2 2 2 2
left_child=2 3 5 -2 -3 -1 -4
right_child=1 4 6 -5 -6 -7 -8
leaf_value=-0.0051320131768444353 0.0013037216253042965 0.0088714684312946584 -0.0015890360119507781 0.0039974167948499378 0.016252505937127154 -0.0032026919201878288 -2.0572388994654045e-06
leaf_weight=1265 2682 505 3466 2635 248 3179 2149
leaf_count=1265 2682 505 3466 2635 248 3179 2149
internal_value=2.20293e-05 0.00371347 -0.00220553 0.00263867 0.0113026 -0.00375189 -0.000981661
internal_weight=16129 6070 10059 5317 753 4444 5615
internal_count=16129 6070 10059 5317 753 4444 5615
is_linear=0
shrinkage=0.00834467


Tree=180
num_leaves=8
num_cat=0
split_feature=9 19 50 18 9 48 50
split_gain=1939.26 482.619 458.724 122.823 82.3093 71.2291 48.7132
threshold=24.889999390187992 27.298688888549808 22.766106939293092 30.254060745239261 23.42381572723389 21.725830841064454 25.909075117134645
decision_type=2 2 2 2 2 2 2
left_child=2 6 5 -3 -4 -1 -2
right_child=1 3 4 -5 -6 -7 -8
leaf_value=-0.0047178183696690848 0.0029951668682115548 0.0088008628265990371 -0.0011912737689880081 0.015957622419491394 0.0007259718614275138 -0.0026926587539694439 0.0052043079180092919
leaf_weight=1710 2064 499 2637 251 3815 4131 1048
leaf_count=1710 2064 499 2637 251 3815 4131 1048
internal_value=2.91381e-05 0.00518731 -0.00159137 0.0111962 -5.76271e-05 -0.00328555 0.00373913
internal_weight=16155 3862 12293 750 6452 5841 3112
internal_count=16155 3862 12293 750 6452 5841 3112
is_linear=0
shrinkage=0.00834467


Tree=181
num_leaves=8
num_cat=0
split_feature=48 48 18 9 49 9 18
split_gain=1894.77 492.07 469.371 120.856 85.4509 61.4796 57.7741
threshold=24.896216392656253 27.425601768493657 22.921377182006839 29.486070632934574 21.73947448730469 24.039432525634769 25.764037132263187
decision_type=2 2 2 2 2 2 2
left_child=2 6 4 -3 -1 -4 -2
right_child=1 3 5 -5 -6 -7 -8
leaf_value=-0.0046828473718412526 0.0027499591189438502 0.0084346585939210801 -0.00048166010987711269 0.015366650513788159 -0.0025085538764925675 0.0012929694369707223 0.005060508285910789
leaf_weight=1700 1722 401 3592 311 4848 2187 1340
leaf_count=1700 1722 401 3592 311 4848 2187 1340
internal_value=4.05796e-05 0.00521412 -0.00154334 0.0114627 -0.00307305 0.00018993 0.00376112
internal_weight=16101 3774 12327 712 6548 5779 3062
internal_count=16101 3774 12327 712 6548 5779 3062
is_linear=0
shrinkage=0.00834467


Tree=182
num_leaves=8
num_cat=0
split_feature=49 9 51 9 9 48 9
split_gain=1850.96 487.475 473.829 115.889 106.564 54.2086 45.0599
threshold=24.902844619445563 27.279413225681157 22.603838952580329 31.38391208648682 23.42381572723389 21.508724212646488 26.027995109558109
decision_type=2 2 2 2 2 2 2
left_child=2 6 5 -3 -4 -1 -2
right_child=1 3 4 -5 -6 -7 -8
leaf_value=-0.0049583556794307818 0.0029804137308346345 0.0092010828192364176 -0.0012633837685584581 0.016655129788156836 0.00078274217818519827 -0.0029655159144133685 0.0052057533326347379
leaf_weight=1252 2124 561 3217 196 3947 3947 903
leaf_count=1252 2124 561 3217 196 3947 3947 903
internal_value=3.53056e-05 0.00514209 -0.00152776 0.0111312 -0.000136073 -0.00344543 0.00364428
internal_weight=16147 3784 12363 757 7164 5199 3027
internal_count=16147 3784 12363 757 7164 5199 3027
is_linear=0
shrinkage=0.00834467


Tree=183
num_leaves=8
num_cat=0
split_feature=48 51 51 50 9 9 9
split_gain=1773.18 511.857 424.066 94.9269 80.637 63.8379 51.5211
threshold=24.783003997802737 28.34307750069198 22.603838952580329 25.909075117134645 23.773359298706058 29.486070632934574 21.453745841979984
decision_type=2 2 2 2 2 2 2
left_child=2 3 6 -2 -4 -3 -1
right_child=1 5 4 -5 -6 -7 -8
leaf_value=-0.0049646738051574504 0.0026619080583274459 0.008754072902912571 -0.00096695413890062279 0.0054454013299466957 0.00089788300346682485 0.015404377341331734 -0.0029710127219317027
leaf_weight=1165 2267 152 4218 1368 2616 297 4008
leaf_count=1165 2267 152 4218 1368 2616 297 4008
internal_value=-1.96424e-06 0.00474776 -0.00161751 0.00370946 -0.000253109 0.0131533 -0.00342001
internal_weight=16091 4084 12007 3635 6834 449 5173
internal_count=16091 4084 12007 3635 6834 449 5173
is_linear=0
shrinkage=0.00834467


Tree=184
num_leaves=8
num_cat=0
split_feature=48 9 51 9 18 48 9
split_gain=1762.61 472.164 436.779 111.326 91.6391 49.9651 46.366
threshold=24.873814392322757 27.279413225681157 22.539838314040285 32.293060301655281 23.445034982265629 21.390131378062993 26.027995109558109
decision_type=2 2 2 2 2 2 2
left_child=2 6 5 -3 -4 -1 -2
right_child=1 3 4 -5 -6 -7 -8
leaf_value=-0.0051559130284918892 0.0028672851222838604 0.0094680164509815257 -0.0012145986183342975 0.018056010846696488 0.00066299903003888831 -0.0030191774725999566 0.0051094527685046666
leaf_weight=936 2206 610 3413 127 3854 4101 906
leaf_count=936 2206 610 3413 127 3854 4101 906
internal_value=1.39571e-05 0.0049424 -0.00152779 0.0109481 -0.000218829 -0.00341625 0.00352006
internal_weight=16153 3849 12304 737 7267 5037 3112
internal_count=16153 3849 12304 737 7267 5037 3112
is_linear=0
shrinkage=0.00834467


Tree=185
num_leaves=8
num_cat=0
split_feature=50 9 48 9 20 51 9
split_gain=1742.71 593.484 265.314 124.423 116.159 43.4311 39.1716
threshold=24.156840658113286 27.279413225681157 22.288580704141605 25.155215263366703 31.479162216186527 23.306838321779544 21.35546970367432
decision_type=2 2 2 2 2 2 2
left_child=2 3 6 -2 -3 -4 -1
right_child=1 4 5 -5 -6 -7 -8
leaf_value=-0.0052415367047704753 0.001369135771101408 0.0087119265757741489 -0.0015597737947106044 0.0039941835566594842 0.016306036421812456 -0.00013832793369735307 -0.0032746571364030237
leaf_weight=900 2610 544 3630 2426 189 2547 3256
leaf_count=900 2610 544 3630 2426 189 2547 3256
internal_value=-1.92094e-05 0.00365483 -0.00207046 0.00263371 0.0106702 -0.000973662 -0.0037006
internal_weight=16102 5769 10333 5036 733 6177 4156
internal_count=16102 5769 10333 5036 733 6177 4156
is_linear=0
shrinkage=0.00834467


Tree=186
num_leaves=8
num_cat=0
split_feature=48 51 51 18 18 18 18
split_gain=1720.95 448.853 429.755 93.3738 71.9337 63.2324 55.3253
threshold=24.873814392322757 28.34307750069198 22.922911167269781 25.976819038391117 21.453953742980961 32.309156419409184 23.464742660522464
decision_type=2 2 2 2 2 2 2
left_child=2 3 4 -2 -1 -3 -4
right_child=1 5 6 -5 -6 -7 -8
leaf_value=-0.0048568798174900745 0.0027817918259388738 0.010780872180991335 -0.00088640915089827012 0.0056328826939762155 -0.0025788636453910555 0.017741039759979836 0.00077403692464988929
leaf_weight=1186 2108 320 2291 1289 5186 127 3582
leaf_count=1186 2108 320 2291 1289 5186 127 3582
internal_value=2.70786e-05 0.00489805 -0.00150204 0.00386366 -0.00300287 0.0127587 0.000126313
internal_weight=16089 3844 12245 3397 6372 447 5873
internal_count=16089 3844 12245 3397 6372 447 5873
is_linear=0
shrinkage=0.00834467


Tree=187
num_leaves=8
num_cat=0
split_feature=9 19 9 9 18 51 9
split_gain=1714.08 556.202 307.754 118.748 92.3194 61.5525 44.8558
threshold=24.347644805908207 27.298688888549808 22.352839469909672 29.486070632934574 25.281613349914554 23.333641115920496 21.372426986694339
decision_type=2 2 2 2 2 2 2
left_child=2 4 6 -3 -2 -4 -1
right_child=1 3 5 -5 -6 -7 -8
leaf_value=-0.0051415979947209362 0.0016746973286251954 0.0078683435779592983 -0.0014723276926349616 0.014627567752513391 0.0040915315152903328 0.00014618066030385365 -0.0030982901764584026
leaf_weight=954 2229 439 3385 308 2174 3167 3467
leaf_count=954 2229 439 3385 308 2174 3167 3467
internal_value=2.60393e-05 0.0039976 -0.00183795 0.0106554 0.00286803 -0.00069 -0.00353922
internal_weight=16123 5150 10973 747 4403 6552 4421
internal_count=16123 5150 10973 747 4403 6552 4421
is_linear=0
shrinkage=0.00834467


Tree=188
num_leaves=8
num_cat=0
split_feature=49 18 18 18 20 51 18
split_gain=1648.53 571.731 268.86 103.976 102.876 47.6519 41.9452
threshold=24.186051082446294 27.287329673767093 22.353454589843754 25.314518928527836 32.335674285888679 23.156464036441164 21.373681068420414
decision_type=2 2 2 2 2 2 2
left_child=2 3 6 -2 -3 -4 -1
right_child=1 4 5 -5 -6 -7 -8
leaf_value=-0.0050419394803133243 0.0014978865523307963 0.009079803972752291 -0.0016167590584023725 0.0039472680019135946 0.017518967750685479 -0.00012589040565713088 -0.0030921521054913309
leaf_weight=983 2722 622 2793 2168 120 3207 3518
leaf_count=983 2722 622 2793 2168 120 3207 3518
internal_value=-2.2854e-05 0.00361952 -0.00197637 0.00258383 0.0104448 -0.000819891 -0.00351799
internal_weight=16133 5632 10501 4890 742 6000 4501
internal_count=16133 5632 10501 4890 742 6000 4501
is_linear=0
shrinkage=0.00834467


Tree=189
num_leaves=8
num_cat=0
split_feature=9 19 9 9 29 9 9
split_gain=1638.59 519.896 317.147 122.511 78.2298 62.2184 43.2577
threshold=24.420802116394047 27.298688888549808 22.352839469909672 29.486070632934574 25.507610321044925 23.42381572723389 21.35546970367432
decision_type=2 2 2 2 2 2 2
left_child=2 4 6 -3 -2 -4 -1
right_child=1 3 5 -5 -6 -7 -8
leaf_value=-0.0051255719328572218 0.0019091036730896837 0.0075774248438797969 -0.0012977766620517772 0.014420628585712114 0.0042077816461925143 0.0003315248261552502 -0.0030735772782610055
leaf_weight=896 2505 446 3878 308 1752 2818 3549
leaf_count=896 2505 446 3878 308 1752 2818 3549
internal_value=2.33053e-05 0.00398636 -0.0017592 0.0103729 0.00285515 -0.000612088 -0.00348722
internal_weight=16152 5011 11141 754 4257 6696 4445
internal_count=16152 5011 11141 754 4257 6696 4445
is_linear=0
shrinkage=0.00834467


Tree=190
num_leaves=8
num_cat=0
split_feature=48 19 48 18 18 19 48
split_gain=1634.87 554.039 227.738 118.507 90.0579 39.5499 37.9298
threshold=24.036989212036136 27.711486816406254 22.319431685946778 25.105989456176761 32.309156419409184 23.075007438659672 21.390131378062993
decision_type=2 2 2 2 2 2 2
left_child=2 3 6 -2 -3 -4 -1
right_child=1 4 5 -5 -6 -7 -8
leaf_value=-0.0049677577528747597 0.0013333046029734581 0.0093100545184439821 -0.0016741138851510233 0.0038035699823096478 0.01722950951744031 -0.00029806741353317825 -0.0030778625335358494
leaf_weight=952 2645 500 2810 2767 125 3015 3313
leaf_count=952 2645 500 2810 2767 125 3015 3313
internal_value=2.0512e-05 0.00345537 -0.00203462 0.00259628 0.0108942 -0.000961879 -0.00349972
internal_weight=16127 6037 10090 5412 625 5825 4265
internal_count=16127 6037 10090 5412 625 5825 4265
is_linear=0
shrinkage=0.00834467


Tree=191
num_leaves=8
num_cat=0
split_feature=9 48 19 9 9 9 9
split_gain=1604.68 409.485 396.785 108.088 95.3999 42.8999 28.9499
threshold=24.889999390187992 29.414824867200199 22.356134414672855 26.339530944824222 23.629162788391117 21.493417739868168 32.293060301655281
decision_type=2 2 2 2 2 2 2
left_child=2 3 5 -2 -4 -1 -3
right_child=1 6 4 -5 -6 -7 -8
leaf_value=-0.0046842842249802718 0.0029719051716634824 0.011749798158310247 -0.0010982646314985005 0.0061744994365496427 0.00076976137491430088 -0.0028975512872519934 0.016913951219326144
leaf_weight=1327 2516 185 4535 1036 3281 3174 128
leaf_count=1327 2516 185 4535 1036 3281 3174 128
internal_value=2.13302e-05 0.00471232 -0.00145068 0.00390601 -0.000314105 -0.00342433 0.0138621
internal_weight=16182 3865 12317 3552 7816 4501 313
internal_count=16182 3865 12317 3552 7816 4501 313
is_linear=0
shrinkage=0.00834467


Tree=192
num_leaves=8
num_cat=0
split_feature=9 44 9 50 9 20 9
split_gain=1606.05 413.923 386.832 99.2554 98.4586 46.8374 40.2503
threshold=24.889999390187992 29.598188400268558 22.352839469909672 26.165571069698245 23.440654754638675 32.335674285888679 21.372426986694339
decision_type=2 2 2 2 2 2 2
left_child=2 3 6 -2 -4 -3 -1
right_child=1 5 4 -5 -6 -7 -8
leaf_value=-0.0049552072553178611 0.0028262606884733223 0.010787483777712456 -0.0012758479646242792 0.0058606141205924545 0.00059217088831207965 0.01690422153601424 -0.0030165968989333998
leaf_weight=946 2373 257 3974 1098 3886 132 3524
leaf_count=946 2373 257 3974 1098 3886 132 3524
internal_value=3.61469e-06 0.00470096 -0.00146693 0.00378615 -0.000352296 0.0128635 -0.00342688
internal_weight=16190 3860 12330 3471 7860 389 4470
internal_count=16190 3860 12330 3471 7860 389 4470
is_linear=0
shrinkage=0.00834467


Tree=193
num_leaves=8
num_cat=0
split_feature=18 19 19 18 18 51 18
split_gain=1527.1 494.021 247.275 101.594 82.2215 49.4724 40.2984
threshold=24.215098381511236 27.298688888549808 22.356134414672855 32.309156419409184 25.806072235107425 23.333641115920496 21.356708526611332
decision_type=2 2 2 2 2 2 2
left_child=2 4 6 -3 -2 -4 -1
right_child=1 3 5 -5 -6 -7 -8
leaf_value=-0.0049411776384784105 0.0019078385544567993 0.0085213299008910972 -0.0014499263211778088 0.016827048363048054 0.0043596782778738408 4.7489842237420484e-05 -0.0029473338492812997
leaf_weight=878 3489 617 3354 123 1310 2835 3601
leaf_count=878 3489 617 3354 123 1310 2835 3601
internal_value=9.3219e-07 0.00355575 -0.00184479 0.00990208 0.00257713 -0.000764005 -0.00333819
internal_weight=16207 5539 10668 740 4799 6189 4479
internal_count=16207 5539 10668 740 4799 6189 4479
is_linear=0
shrinkage=0.00834467


Tree=194
num_leaves=8
num_cat=0
split_feature=18 19 19 9 9 18 9
split_gain=1444.02 494.557 254.607 114.217 88.7753 45.0524 37.5882
threshold=24.215098381511236 27.298688888549808 22.356134414672855 29.486070632934574 25.070789337158207 23.426663398742679 21.52667331695557
decision_type=2 2 2 2 2 2 2
left_child=2 4 6 -3 -2 -4 -1
right_child=1 3 5 -5 -6 -7 -8
leaf_value=-0.0045061169356264315 0.0011860389510539257 0.0070009967600348968 -0.0012669174769422867 0.013640105852049755 0.0034890705573164429 0.00020862660707484764 -0.002837277602263568
leaf_weight=1348 2102 428 3948 312 2616 2269 3104
leaf_count=1348 2102 428 3948 312 2616 2269 3104
internal_value=-3.32862e-05 0.00345783 -0.00181926 0.00980033 0.00246301 -0.000728393 -0.00334259
internal_weight=16127 5458 10669 740 4718 6217 4452
internal_count=16127 5458 10669 740 4718 6217 4452
is_linear=0
shrinkage=0.00834467


Tree=195
num_leaves=8
num_cat=0
split_feature=9 9 9 9 9 9 18
split_gain=1499.22 390.244 369.218 97.9776 75.0324 48.9281 43.6974
threshold=24.889999390187992 29.008979797363285 22.919258117675785 26.339530944824222 21.674090385437015 23.94834136962891 32.309156419409184
decision_type=2 2 2 2 2 2 2
left_child=2 3 4 -2 -1 -4 -3
right_child=1 6 5 -5 -6 -7 -8
leaf_value=-0.0042784035625996267 0.0028203512370334879 0.010571449793183429 -0.00050246465199677438 0.0059600761409875436 -0.0022323132363345206 0.0010572424550688712 0.016559829706127311
leaf_weight=1682 2521 256 3430 954 4837 2367 127
leaf_count=1682 2521 256 3430 954 4837 2367 127
internal_value=2.41599e-05 0.00456343 -0.00139777 0.00368232 -0.00276024 0.000134387 0.0125575
internal_weight=16174 3858 12316 3475 6519 5797 383
internal_count=16174 3858 12316 3475 6519 5797 383
is_linear=0
shrinkage=0.00834467


Tree=196
num_leaves=8
num_cat=0
split_feature=9 9 9 9 50 51 9
split_gain=1451.82 392.742 357.094 82.7486 75.7236 47.3913 34.7451
threshold=25.070789337158207 23.052125930786136 29.008979797363285 22.080404281616214 26.165571069698245 23.675042947266444 32.293060301655281
decision_type=2 2 2 2 2 2 2
left_child=1 3 4 -1 -2 -3 -4
right_child=2 5 6 -5 -6 -7 -8
leaf_value=-0.0036074229377226889 0.0028834294223011904 -0.00077505836648845234 0.010836704657930667 -0.0017841704859780617 0.0056137122827783761 0.00085019267691531421 0.016349963015054144
leaf_weight=3315 1947 1870 245 3633 1111 3764 118
leaf_count=3315 1947 1870 245 3633 1111 3764 118
internal_value=-1.58895e-05 -0.00132648 0.00480428 -0.00265408 0.00387538 0.00031075 0.0126293
internal_weight=16003 12582 3421 6948 3058 5634 363
internal_count=16003 12582 3421 6948 3058 5634 363
is_linear=0
shrinkage=0.00834467


Tree=197
num_leaves=8
num_cat=0
split_feature=9 19 9 9 18 46 9
split_gain=1438.15 475.807 222.875 95.9122 95.4507 40.1949 37.5263
threshold=24.159819602966312 27.298688888549808 22.352839469909672 29.486070632934574 25.105989456176761 22.889352798461918 21.372426986694339
decision_type=2 2 2 2 2 2 2
left_child=2 4 6 -3 -2 -4 -1
right_child=1 3 5 -5 -6 -7 -8
leaf_value=-0.0047398410284921443 0.001213239071026798 0.0071874954505535002 -0.001722174363032705 0.013329134112635185 0.0035566197055164751 -0.00029295315929510373 -0.0028598875917588253
leaf_weight=936 2291 443 2108 295 2566 3915 3520
leaf_count=936 2291 443 2108 295 2566 3915 3520
internal_value=-1.60773e-05 0.00339985 -0.00183993 0.00964263 0.00245127 -0.000793171 -0.00325479
internal_weight=16074 5595 10479 738 4857 6023 4456
internal_count=16074 5595 10479 738 4857 6023 4456
is_linear=0
shrinkage=0.00834467


Tree=198
num_leaves=8
num_cat=0
split_feature=18 19 51 18 19 49 18
split_gain=1416.56 487.239 243.94 88.6409 82.3464 37.9268 33.9257
threshold=24.215098381511236 27.298688888549808 22.539838314040285 32.309156419409184 25.376645088195804 21.400191784162114 23.445034982265629
decision_type=2 2 2 2 2 2 2
left_child=2 4 5 -3 -2 -1 -4
right_child=1 3 6 -5 -6 -7 -8
leaf_value=-0.004610575385289124 0.0014872625656526819 0.0083433619126893899 -0.0010985500612041628 0.015975549928159399 0.0037139207342466217 -0.0027641134950758288 0.00023437750097796167
leaf_weight=957 2711 640 3446 127 2017 4065 2165
leaf_count=957 2711 640 3446 127 2017 4065 2165
internal_value=-2.15893e-06 0.00343801 -0.00177999 0.00960729 0.00243718 -0.00311599 -0.000584241
internal_weight=16128 5495 10633 767 4728 5022 5611
internal_count=16128 5495 10633 767 4728 5022 5611
is_linear=0
shrinkage=0.00834467


Tree=199
num_leaves=8
num_cat=0
split_feature=9 19 19 21 9 51 9
split_gain=1420.9 461.631 232.098 91.9954 83.4147 42.119 37.5346
threshold=24.239990234375004 27.298688888549808 22.356134414672855 29.592650413513187 25.841992378234867 23.333641115920496 21.453745841979984
decision_type=2 2 2 2 2 2 2
left_child=2 4 6 -3 -2 -4 -1
right_child=1 3 5 -5 -6 -7 -8
leaf_value=-0.0044814351004519018 0.0018555581614959488 0.0071034384771453477 -0.0013517995130808049 0.013024922439229881 0.004393591197758214 2.2274615599068717e-05 -0.0027436705203265519
leaf_weight=1178 3409 437 3319 314 1226 2920 3263
leaf_count=1178 3409 437 3319 314 1226 2920 3263
internal_value=1.57496e-05 0.00351028 -0.00174657 0.0095794 0.0025269 -0.000708701 -0.00320463
internal_weight=16066 5386 10680 751 4635 6239 4441
internal_count=16066 5386 10680 751 4635 6239 4441
is_linear=0
shrinkage=0.00834467


Tree=200
num_leaves=8
num_cat=0
split_feature=50 9 18 18 20 51 9
split_gain=1349.88 513.832 207.648 92.6075 80.4381 34.5793 34.2125
threshold=24.134743690596562 27.279413225681157 22.295860290527347 25.105989456176761 29.556647300720218 22.603838952580329 21.254704474621587
decision_type=2 2 2 2 2 2 2
left_child=2 3 6 -2 -3 -4 -1
right_child=1 4 5 -5 -6 -7 -8
leaf_value=-0.0051653312261920837 0.0010998788681233801 0.0073186887767256814 -0.002038866940265865 0.0033416007503233179 0.012850523318790871 -0.00052176204857086385 -0.0029662086778430023
leaf_weight=570 2555 445 1340 2578 311 4771 3629
leaf_count=570 2555 445 1340 2578 311 4771 3629
internal_value=-1.55391e-05 0.00317174 -0.00183609 0.00222577 0.00959449 -0.000854431 -0.00326474
internal_weight=16199 5889 10310 5133 756 6111 4199
internal_count=16199 5889 10310 5133 756 6111 4199
is_linear=0
shrinkage=0.00834467


Tree=201
num_leaves=8
num_cat=0
split_feature=9 18 9 9 9 9 9
split_gain=1371.54 477.955 189.4 125.132 67.0508 39.516 31.8259
threshold=24.039432525634769 27.941645622253425 22.352839469909672 25.674401283264164 32.293060301655281 21.453745841979984 23.24605751037598
decision_type=2 2 2 2 2 2 2
left_child=2 3 5 -2 -3 -1 -4
right_child=1 4 6 -5 -6 -7 -8
leaf_value=-0.004431761050920453 0.0015585246496573556 0.0088970339130919184 -0.0014058612438871544 0.0043319460397963092 0.015711107809251262 -0.0026740532979108193 -0.00015115714817720175
leaf_weight=1218 3719 433 3261 1629 131 3314 2477
leaf_count=1218 3719 433 3261 1629 131 3314 2477
internal_value=-2.81147e-05 0.00317384 -0.00187134 0.00240331 0.01048 -0.00314646 -0.000864227
internal_weight=16182 5912 10270 5348 564 4532 5738
internal_count=16182 5912 10270 5348 564 4532 5738
is_linear=0
shrinkage=0.00834467


Tree=202
num_leaves=8
num_cat=0
split_feature=49 9 18 20 18 8 9
split_gain=1326.04 472.464 213.094 104.288 84.9849 41.1986 38.4606
threshold=24.186051082446294 27.074039459072271 22.353454589843754 31.479162216186527 25.105989456176761 1.5000000000000002 21.372426986694339
decision_type=2 2 2 2 2 2 2
left_child=2 4 6 -3 -2 -4 -1
right_child=1 3 5 -5 -6 -7 -8
leaf_value=-0.0046319474388133519 0.0011026003894041695 0.0074706309858004541 0.00058111115327291317 0.014537104501021966 0.0033145435302029359 -0.0011035481605521267 -0.002744665708149571
leaf_weight=955 2331 631 1294 189 2514 4619 3536
leaf_count=955 2331 631 1294 189 2514 4619 3536
internal_value=-6.80783e-06 0.00324177 -0.00177567 0.00909952 0.00225035 -0.000734877 -0.003146
internal_weight=16069 5665 10404 820 4845 5913 4491
internal_count=16069 5665 10404 820 4845 5913 4491
is_linear=0
shrinkage=0.00834467


Tree=203
num_leaves=8
num_cat=0
split_feature=48 51 18 18 18 18 51
split_gain=1354.6 348.423 331.367 72.3397 69.9261 49.0394 38.3718
threshold=24.873814392322757 28.34307750069198 23.037331581115726 21.849658966064457 26.347520828247074 32.309156419409184 23.675042947266444
decision_type=2 2 2 2 2 2 2
left_child=2 4 3 -1 -2 -3 -4
right_child=1 5 6 -5 -6 -7 -8
leaf_value=-0.0037442787071482225 0.0027267271932831967 0.0094549869583703955 -0.00068898663377845945 -0.0019352315698732186 0.0054711297375590702 0.015495865993520539 0.00077569788632094307
leaf_weight=2305 2542 316 1984 4633 867 133 3346
leaf_count=2305 2542 316 1984 4633 867 133 3346
internal_value=2.20667e-05 0.00433484 -0.0013342 -0.00253625 0.00342472 0.0112447 0.000230494
internal_weight=16126 3858 12268 6938 3409 449 5330
internal_count=16126 3858 12268 6938 3409 449 5330
is_linear=0
shrinkage=0.00834467


Tree=204
num_leaves=8
num_cat=0
split_feature=49 9 9 20 9 51 18
split_gain=1319.13 353.164 329.615 80.4666 69.0635 43.2093 31.6873
threshold=24.902844619445563 27.279413225681157 22.956953048706058 29.556647300720218 22.080404281616214 23.675042947266444 26.03409576416016
decision_type=2 2 2 2 2 2 2
left_child=2 6 4 -3 -1 -4 -2
right_child=1 3 5 -5 -6 -7 -8
leaf_value=-0.0034301145484589182 0.0024708353312559656 0.0071255617690052725 -0.00074384183867808322 0.012677021170248656 -0.0017336124433570807 0.0007494944346415097 0.0043126169723936925
leaf_weight=3323 2068 432 2227 314 3361 3423 949
leaf_count=3323 2068 432 2227 314 3361 3423 949
internal_value=-3.38965e-06 0.00432139 -0.00132285 0.00946237 -0.00257704 0.000160882 0.00305018
internal_weight=16097 3763 12334 746 6684 5650 3017
internal_count=16097 3763 12334 746 6684 5650 3017
is_linear=0
shrinkage=0.00834467


Tree=205
num_leaves=8
num_cat=0
split_feature=49 51 51 18 19 6 18
split_gain=1241.35 369.064 269.731 83.5903 52.3553 50.8835 34.6821
threshold=24.643437004330814 28.34307750069198 22.539838314040285 25.976819038391117 23.075007438659672 10.500000000000002 21.356708526611332
decision_type=2 2 2 2 2 2 2
left_child=2 3 6 -2 -4 -3 -1
right_child=1 5 4 -5 -6 -7 -8
leaf_value=-0.0044175055942336739 0.0020966793915601603 0.012814006742208808 -0.0014177030447493906 0.0046611550819947566 0.00016823456788669558 0.0065419012230240152 -0.0025898816189356302
leaf_weight=874 2755 310 2145 1304 4470 127 4186
leaf_count=874 2755 310 2145 1304 4470 127 4186
internal_value=-2.06094e-05 0.00370504 -0.00145535 0.00292056 -0.000346028 0.0109914 -0.00290557
internal_weight=16171 4496 11675 4059 6615 437 5060
internal_count=16171 4496 11675 4059 6615 437 5060
is_linear=0
shrinkage=0.00834467


Tree=206
num_leaves=8
num_cat=0
split_feature=9 18 19 48 50 9 50
split_gain=1273.77 337.307 312.419 63.2687 61.6756 46.4425 44.2352
threshold=25.070789337158207 22.960868835449222 28.498593330383304 21.912070465087893 26.165571069698245 32.293060301655281 24.134743690596562
decision_type=2 2 2 2 2 2 2
left_child=1 3 4 -1 -2 -4 -3
right_child=2 6 5 -5 -6 -7 -8
leaf_value=-0.0035638448735359216 0.0026940127454225908 -0.00037990463251899597 0.0094111102663811536 -0.0018824300788784936 0.0052038740323362377 0.015446142619476204 0.0010717177522666498
leaf_weight=2469 1965 3550 301 4225 1044 126 2485
leaf_count=2469 1965 3550 301 4225 1044 126 2485
internal_value=4.20446e-06 -0.00121281 0.00451275 -0.0025026 0.00356485 0.0111922 0.000217823
internal_weight=16165 12729 3436 6694 3009 427 6035
internal_count=16165 12729 3436 6694 3009 427 6035
is_linear=0
shrinkage=0.00834467


Tree=207
num_leaves=8
num_cat=0
split_feature=50 9 18 9 9 9 51
split_gain=1218.98 431.464 185.496 90.1227 81.7914 34.8433 31.5344
threshold=24.156840658113286 27.279413225681157 22.340649604797367 25.188035964965824 31.38391208648682 21.372426986694339 22.603838952580329
decision_type=2 2 2 2 2 2 2
left_child=2 3 5 -2 -3 -1 -4
right_child=1 4 6 -5 -6 -7 -8
leaf_value=-0.0044554337572494879 0.0011212104769937916 0.0074090496212223323 -0.0019707930612687624 0.0033690521307517879 0.013819307008875039 -0.002642079623355254 -0.00045953939543059503
leaf_weight=939 2623 562 1207 2359 184 3445 4726
leaf_count=939 2623 562 1207 2359 184 3445 4726
internal_value=-1.50092e-05 0.00307182 -0.00172882 0.00218558 0.00899029 -0.00303049 -0.000766989
internal_weight=16045 5728 10317 4982 746 4384 5933
internal_count=16045 5728 10317 4982 746 4384 5933
is_linear=0
shrinkage=0.00834467


Tree=208
num_leaves=8
num_cat=0
split_feature=49 20 19 20 9 9 51
split_gain=1212.78 318.557 313.177 73.8317 70.3878 34.7736 33.8014
threshold=24.902844619445563 27.302216529846195 23.075007438659672 31.479162216186527 22.212726593017585 26.027995109558109 23.675042947266444
decision_type=2 2 2 2 2 2 2
left_child=2 5 4 -3 -1 -2 -4
right_child=1 3 6 -5 -6 -7 -8
leaf_value=-0.003172910829879496 0.0023654904084944124 0.0075163533494971005 -0.00061218363103774005 0.013549048915518043 -0.0015030321069401244 0.0043027345801330942 0.00078192001418755745
leaf_weight=3778 2102 551 1875 190 3287 931 3420
leaf_count=3778 2102 551 1875 190 3287 931 3420
internal_value=1.81455e-05 0.0041585 -0.00124607 0.00906335 -0.002396 0.00296015 0.000288257
internal_weight=16134 3774 12360 741 7065 3033 5295
internal_count=16134 3774 12360 741 7065 3033 5295
is_linear=0
shrinkage=0.00834467


Tree=209
num_leaves=8
num_cat=0
split_feature=9 9 9 51 9 9 9
split_gain=1228.55 335.75 298.298 72.8136 61.1129 39.4772 31.1101
threshold=24.889999390187992 29.008979797363285 22.899393081665043 25.573138395991617 21.750844955444339 23.773359298706058 32.293060301655281
decision_type=2 2 2 2 2 2 2
left_child=2 3 4 -2 -1 -4 -3
right_child=1 6 5 -5 -6 -7 -8
leaf_value=-0.0037375299267002906 0.0020016462172011175 0.0097860023863182242 -0.00056765254343152177 0.0044125512692660216 -0.0019654578907726573 0.00081215020804835121 0.014780624462353691
leaf_weight=1925 1623 258 2915 1886 4578 2861 131
leaf_count=1925 1623 258 2915 1886 4578 2861 131
internal_value=3.14201e-05 0.00411289 -0.00126426 0.00329746 -0.00249003 0.000115799 0.0114683
internal_weight=16177 3898 12279 3509 6503 5776 389
internal_count=16177 3898 12279 3509 6503 5776 389
is_linear=0
shrinkage=0.00834467


Tree=210
num_leaves=8
num_cat=0
split_feature=49 18 18 28 9 9 9
split_gain=1198.48 319.696 296.035 73.4334 59.538 52.0289 30.5455
threshold=24.902844619445563 27.941645622253425 22.353454589843754 23.276631355285648 32.293060301655281 26.339530944824222 21.35546970367432
decision_type=2 2 2 2 2 2 2
left_child=2 5 6 -4 -3 -2 -1
right_child=1 4 3 -5 -6 -7 -8
leaf_value=-0.0043599555046773984 0.002498029369042754 0.0083752235673162836 -0.0012080846445461724 0.00042274299349258072 0.014806233721387585 0.0050206597933637282 -0.0026266380015856944
leaf_weight=881 2491 450 3376 4466 129 738 3605
leaf_count=881 2491 450 3376 4466 129 738 3605
internal_value=6.58403e-06 0.00409846 -0.00125736 -0.000279333 0.00980826 0.0030746 -0.00296705
internal_weight=16136 3808 12328 7842 579 3229 4486
internal_count=16136 3808 12328 7842 579 3229 4486
is_linear=0
shrinkage=0.00834467


Tree=211
num_leaves=8
num_cat=0
split_feature=49 18 18 20 9 9 9
split_gain=1185.48 314.952 289.899 73.4739 59.8398 36.7755 31.9679
threshold=24.902844619445563 27.287329673767093 23.037331581115726 31.479162216186527 22.080404281616214 23.94834136962891 25.610674858093265
decision_type=2 2 2 2 2 2 2
left_child=2 6 4 -3 -1 -4 -2
right_child=1 3 5 -5 -6 -7 -8
leaf_value=-0.0031945994522363254 0.0020606210290491935 0.0074175922751966864 -0.00040564951555358811 0.013456691375284735 -0.001640534693229477 0.00098891210953232439 0.0037713511832527646
leaf_weight=3272 1574 571 2966 186 3650 2368 1472
leaf_count=3272 1574 571 2966 186 3650 2368 1472
internal_value=1.44068e-05 0.00408453 -0.00124854 0.00890159 -0.00237514 0.000213459 0.00288735
internal_weight=16059 3803 12256 757 6922 5334 3046
internal_count=16059 3803 12256 757 6922 5334 3046
is_linear=0
shrinkage=0.00834467


Tree=212
num_leaves=8
num_cat=0
split_feature=49 9 18 39 9 48 8
split_gain=1120.12 425.724 146.568 90.0046 84.7784 31.4605 25.5709
threshold=23.953919601353764 27.074039459072271 22.353454589843754 30.205330848693851 25.102458953857425 21.21093788117139 1.5000000000000002
decision_type=2 2 2 2 2 2 2
left_child=2 4 5 -3 -2 -1 -4
right_child=1 3 6 -5 -6 -7 -8
leaf_value=-0.0051545310818134644 0.00095205295115901147 0.0062545982665298322 0.00035524382790382621 0.012043846831342589 0.0030222800740857592 -0.0026795439659934132 -0.0011254228331695122
leaf_weight=392 3025 505 1000 297 2529 4080 4324
leaf_count=392 3025 505 1000 297 2529 4080 4324
internal_value=-1.27023e-05 0.0027154 -0.0017828 0.00839862 0.00189473 -0.0028965 -0.000847311
internal_weight=16152 6356 9796 802 5554 4472 5324
internal_count=16152 6356 9796 802 5554 4472 5324
is_linear=0
shrinkage=0.00834467


Tree=213
num_leaves=8
num_cat=0
split_feature=18 20 51 9 9 49 8
split_gain=1112.44 369.275 194.23 79.6963 78.0086 32.7979 29.5704
threshold=24.215098381511236 27.302216529846195 22.539838314040285 29.486070632934574 25.841992378234867 21.496831226458259 1.5000000000000002
decision_type=2 2 2 2 2 2 2
left_child=2 4 5 -3 -2 -1 -4
right_child=1 3 6 -5 -6 -7 -8
leaf_value=-0.0039828075403983516 0.0015545046197035124 0.0061608463355208301 0.00056769688533307749 0.011664543893612106 0.0040057989117384066 -0.002400419647493109 -0.00085627180420789952
leaf_weight=1200 3566 438 1334 315 1211 3802 4253
leaf_count=1200 3566 438 1334 315 1211 3802 4253
internal_value=-1.41767e-06 0.00303207 -0.00158563 0.00846331 0.00217593 -0.00278005 -0.000516272
internal_weight=16119 5530 10589 753 4777 5002 5587
internal_count=16119 5530 10589 753 4777 5002 5587
is_linear=0
shrinkage=0.00834467


Tree=214
num_leaves=8
num_cat=0
split_feature=9 19 51 9 9 48 27
split_gain=1110.12 308.309 264.724 71.8995 53.5588 34.5176 29.2661
threshold=24.889999390187992 27.298688888549808 22.539838314040285 32.293060301655281 23.42381572723389 21.390131378062993 23.686033248901371
decision_type=2 2 2 2 2 2 2
left_child=2 6 5 -3 -4 -1 -2
right_child=1 3 4 -5 -6 -7 -8
leaf_value=-0.0041538480617270288 -0.0011448156839483955 0.0074572843630233152 -0.00098477690845617523 0.014209647688127618 0.00045305646512936462 -0.0023823555323649287 0.0028850120824522587
leaf_weight=943 131 630 3400 133 3843 4079 2981
leaf_count=943 131 630 3400 133 3843 4079 2981
internal_value=-1.26067e-05 0.00388088 -0.00124272 0.00863447 -0.00022189 -0.002715 0.00271537
internal_weight=16140 3875 12265 763 7243 5022 3112
internal_count=16140 3875 12265 763 7243 5022 3112
is_linear=0
shrinkage=0.00834467


Tree=215
num_leaves=8
num_cat=0
split_feature=18 9 19 20 9 8 9
split_gain=1083.92 378.909 189.194 82.5285 63.6703 32.563 30.3724
threshold=24.267765045166019 27.279413225681157 22.356134414672855 31.479162216186527 25.367729187409669 1.5000000000000002 21.35546970367432
decision_type=2 2 2 2 2 2 2
left_child=2 4 6 -3 -2 -4 -1
right_child=1 3 5 -5 -6 -7 -8
leaf_value=-0.0042220678465836742 0.0013108355968123222 0.0069742882183122194 0.00051102603503947342 0.013364370243614187 0.0032877011690369221 -0.00091854695138444975 -0.0024961775307846272
leaf_weight=887 2588 560 1434 188 2020 4903 3559
leaf_count=887 2588 560 1434 188 2020 4903 3559
internal_value=3.23313e-06 0.00307168 -0.00152089 0.0085805 0.00217744 -0.000595049 -0.00284051
internal_weight=16139 5356 10783 748 4608 6337 4446
internal_count=16139 5356 10783 748 4608 6337 4446
is_linear=0
shrinkage=0.00834467


Tree=216
num_leaves=8
num_cat=0
split_feature=50 9 48 9 21 28 9
split_gain=1065.41 372.338 158.726 83.8424 69.5419 28.4668 26.5518
threshold=24.11316533089893 27.279413225681157 22.266011809740238 25.188035964965824 29.592650413513187 23.241488456726078 21.254704474621587
decision_type=2 2 2 2 2 2 2
left_child=2 3 6 -2 -3 -4 -1
right_child=1 4 5 -5 -6 -7 -8
leaf_value=-0.0046139407291295913 0.0010409180065040018 0.0062277256298595473 -0.0012737765793274464 0.0031809421821360523 0.011406318649196103 -0.0001309068782164313 -0.0026480867356087016
leaf_weight=555 2771 447 3605 2361 303 2621 3468
leaf_count=555 2771 447 3605 2361 303 2621 3468
internal_value=-2.77415e-06 0.00282807 -0.00162742 0.00202545 0.00832 -0.000792656 -0.0029193
internal_weight=16131 5882 10249 5132 750 6226 4023
internal_count=16131 5882 10249 5132 750 6226 4023
is_linear=0
shrinkage=0.00834467


Tree=217
num_leaves=8
num_cat=0
split_feature=18 18 9 9 9 46 9
split_gain=1062.35 352.779 173.363 76.7189 56.1324 30.0817 29.8943
threshold=24.215098381511236 27.693171501159672 22.352839469909672 25.367729187409669 31.38391208648682 22.889352798461918 21.372426986694339
decision_type=2 2 2 2 2 2 2
left_child=2 3 6 -2 -3 -4 -1
right_child=1 4 5 -5 -6 -7 -8
leaf_value=-0.0040867437532682935 0.0012776837166301425 0.0072380285022302718 -0.0014333777838937099 0.0033946932813824879 0.012683288427295342 -0.00020934313129813148 -0.0024282438797658371
leaf_weight=965 2669 447 2131 2154 187 4065 3508
leaf_count=965 2669 447 2131 2154 187 4065 3508
internal_value=-2.34749e-06 0.00299243 -0.00153412 0.00222317 0.00884429 -0.000630329 -0.00278605
internal_weight=16126 5457 10669 4823 634 6196 4473
internal_count=16126 5457 10669 4823 634 6196 4473
is_linear=0
shrinkage=0.00834467


Tree=218
num_leaves=8
num_cat=0
split_feature=9 19 18 9 9 9 27
split_gain=996.866 275.596 251.011 70.7561 64.7967 29.5497 26.3939
threshold=24.889999390187992 27.298688888549808 22.353454589843754 29.486070632934574 23.537122726440433 21.279867172241214 23.711031914467778
decision_type=2 2 2 2 2 2 2
left_child=2 6 5 -3 -4 -1 -2
right_child=1 3 4 -5 -6 -7 -8
leaf_value=-0.0044081180914635849 -0.001012161018137602 0.0060928673369840666 -0.00096078346278765921 0.011327940796061481 0.00055757074562261591 -0.0024697437108407356 0.0027741118521017179
leaf_weight=639 134 430 4316 309 3581 3831 2961
leaf_count=639 134 430 4316 309 3581 3831 2961
internal_value=-1.41694e-05 0.00370343 -0.00116669 0.00828194 -0.000272266 -0.00274685 0.00261018
internal_weight=16201 3834 12367 739 7897 4470 3095
internal_count=16201 3834 12367 739 7897 4470 3095
is_linear=0
shrinkage=0.00834467


Tree=219
num_leaves=8
num_cat=0
split_feature=18 9 18 20 9 18 18
split_gain=1033.11 348.667 170.771 70.7247 63.9892 36.0641 26.5603
threshold=24.215098381511236 27.279413225681157 22.295860290527347 32.335674285888679 25.188035964965824 23.356044767639165 21.280533790588382
decision_type=2 2 2 2 2 2 2
left_child=2 4 6 -3 -2 -4 -1
right_child=1 3 5 -5 -6 -7 -8
leaf_value=-0.0043922454517522982 0.0011385147908316595 0.0070738605755874366 -0.0011603423988934098 0.013906585730242409 0.0030753912671235696 0.0001128185334471605 -0.0025376177546483775
leaf_weight=633 2371 623 3924 127 2380 2560 3572
leaf_count=633 2371 623 3924 127 2380 2560 3572
internal_value=5.13511e-06 0.0029435 -0.00150707 0.00823103 0.00210879 -0.000657676 -0.00281681
internal_weight=16190 5501 10689 750 4751 6484 4205
internal_count=16190 5501 10689 750 4751 6484 4205
is_linear=0
shrinkage=0.00834467


Tree=220
num_leaves=8
num_cat=0
split_feature=9 18 9 9 9 9 9
split_gain=991.749 267.084 256.856 69.5247 64.4747 28.8571 26.4376
threshold=24.981026649475101 29.014486314812014 22.352839469909672 23.561007499694828 26.339530944824222 21.254704474621587 32.293060301655281
decision_type=2 2 2 2 2 2 2
left_child=2 4 5 -4 -2 -1 -3
right_child=1 6 3 -5 -6 -7 -8
leaf_value=-0.0044923062898336854 0.0023265167275203029 0.0089040835104137565 -0.00093049110234260247 0.00062663053389163054 0.0049166553664786753 -0.0024655951445631597 0.0135629656628739
leaf_weight=560 2305 248 4375 3673 943 3870 129
leaf_count=560 2305 248 4375 3673 943 3870 129
internal_value=8.08854e-06 0.00385024 -0.0011081 -0.000219842 0.00307853 -0.0027218 0.0104985
internal_weight=16103 3625 12478 8048 3248 4430 377
internal_count=16103 3625 12478 8048 3248 4430 377
is_linear=0
shrinkage=0.00834467


Tree=221
num_leaves=8
num_cat=0
split_feature=18 20 9 18 9 46 18
split_gain=976.392 319.295 164.945 73.1728 68.0099 28.8747 27.7968
threshold=24.215098381511236 27.302216529846195 22.352839469909672 29.014486314812014 25.674401283264164 22.924420356750492 21.356708526611332
decision_type=2 2 2 2 2 2 2
left_child=2 4 6 -3 -2 -4 -1
right_child=1 3 5 -5 -6 -7 -8
leaf_value=-0.0040205666656269682 0.0014033736326026149 0.0054664059318276521 -0.0013638528358355573 0.01075894113774997 0.0035938204986132511 -0.00017686083007073552 -0.0023754266063596881
leaf_weight=892 3274 380 2226 349 1413 3976 3608
leaf_count=892 3274 380 2226 349 1413 3976 3608
internal_value=-2.42631e-05 0.00286281 -0.00148534 0.00800025 0.00206374 -0.000602893 -0.00270154
internal_weight=16118 5416 10702 729 4687 6202 4500
internal_count=16118 5416 10702 729 4687 6202 4500
is_linear=0
shrinkage=0.00834467


Tree=222
num_leaves=8
num_cat=0
split_feature=48 18 18 21 18 6 18
split_gain=926.139 341.899 134.225 72.6427 69.0807 26.1418 23.3441
threshold=23.959574127197268 27.287329673767093 22.295860290527347 29.592650413513187 25.105989456176761 15.500000000000002 21.280533790588382
decision_type=2 2 2 2 2 2 2
left_child=2 4 6 -3 -2 -4 -1
right_child=1 3 5 -5 -6 -7 -8
leaf_value=-0.0042042568482673149 0.00091023064334169745 0.0056912159297391532 -0.00050308071130605988 0.010996993758704767 0.0027782002482503042 -0.0020432866454264207 -0.0024656305302034024
leaf_weight=634 2927 455 4702 297 2606 917 3543
leaf_count=634 2927 455 4702 297 2606 917 3543
internal_value=7.43398e-06 0.00250756 -0.00159662 0.00778683 0.00179003 -0.00075444 -0.00272953
internal_weight=16081 6285 9796 752 5533 5619 4177
internal_count=16081 6285 9796 752 5533 5619 4177
is_linear=0
shrinkage=0.00834467


Tree=223
num_leaves=8
num_cat=0
split_feature=9 9 40 50 9 18 9
split_gain=979.994 255.165 231.853 58.2569 50.4735 37.5284 27.5452
threshold=25.070789337158207 22.578277587890629 29.504385948181156 26.165571069698245 23.773359298706058 21.453953742980961 32.293060301655281
decision_type=2 2 2 2 2 2 2
left_child=1 5 3 -2 -3 -1 -4
right_child=2 4 6 -5 -6 -7 -8
leaf_value=-0.0037319640456941767 0.0023368788968597537 -0.00066358613638494498 0.008518630190135882 0.0047136494813901746 0.00074108071629623215 -0.0020599833721914032 0.013308431195317345
leaf_weight=1200 2011 3973 245 1117 3229 4230 127
leaf_count=1200 2011 3973 245 1117 3229 4230 127
internal_value=1.89998e-05 -0.00106362 0.00392631 0.00318563 -3.38069e-05 -0.00242949 0.0101542
internal_weight=16132 12632 3500 3128 7202 5430 372
internal_count=16132 12632 3500 3128 7202 5430 372
is_linear=0
shrinkage=0.00834467


Tree=224
num_leaves=8
num_cat=0
split_feature=49 9 26 20 9 18 50
split_gain=952.343 267.146 232.649 62.6133 50.1192 38.9644 27.5293
threshold=24.902844619445563 27.279413225681157 22.742601394653324 32.335674285888679 23.440654754638675 21.453953742980961 25.86763687126404
decision_type=2 2 2 2 2 2 2
left_child=2 6 5 -3 -4 -1 -2
right_child=1 3 4 -5 -6 -7 -8
leaf_value=-0.0036427770745940673 0.0019777350803322448 0.0070333545521409271 -0.00086374353457204867 0.013281129099959946 0.00063638959084022148 -0.0019483407681911067 0.00360974688226218
leaf_weight=1184 1878 605 2657 137 3725 4682 1167
leaf_count=1184 1878 605 2657 137 3725 4682 1167
internal_value=4.00408e-05 0.0036973 -0.00109076 0.00818708 1.1843e-05 -0.00229035 0.00260322
internal_weight=16035 3787 12248 742 6382 5866 3045
internal_count=16035 3787 12248 742 6382 5866 3045
is_linear=0
shrinkage=0.00834467


Tree=225
num_leaves=8
num_cat=0
split_feature=49 20 9 50 9 8 9
split_gain=919.991 311.527 169.841 70.9813 48.297 41.8631 25.0168
threshold=24.360865974426272 27.960625648498539 22.352839469909672 25.86763687126404 29.486070632934574 1.5000000000000002 21.254704474621587
decision_type=2 2 2 2 2 2 2
left_child=2 3 6 -2 -3 -4 -1
right_child=1 4 5 -5 -6 -7 -8
leaf_value=-0.004278050365489572 0.0015378339611183817 0.006077737885730271 0.00071127860408911725 0.0038251452678077628 0.011029474664732438 -0.00088032718384862716 -0.0023918331643717136
leaf_weight=560 3375 250 1498 1312 304 4964 3897
leaf_count=560 3375 250 1498 1312 304 4964 3897
internal_value=3.72494e-06 0.00287757 -0.00137569 0.00217811 0.00879508 -0.000511366 -0.00262884
internal_weight=16160 5241 10919 4687 554 6462 4457
internal_count=16160 5241 10919 4687 554 6462 4457
is_linear=0
shrinkage=0.00834467


Tree=226
num_leaves=8
num_cat=0
split_feature=9 19 9 9 18 28 9
split_gain=906.128 304.293 143.077 62.963 55.798 36.7123 24.8839
threshold=24.159819602966312 27.298688888549808 22.212726593017585 29.008979797363285 25.281613349914554 23.170473098754886 21.254704474621587
decision_type=2 2 2 2 2 2 2
left_child=2 4 6 -3 -2 -4 -1
right_child=1 3 5 -5 -6 -7 -8
leaf_value=-0.0043170695495190186 0.0011307769713121188 0.0053458838348236009 -0.0013138312928760347 0.010243052919439805 0.0029278716902667178 -7.4398998505773224e-05 -0.0024547358547995571
leaf_weight=591 2642 377 3459 355 2209 3207 3231
leaf_count=591 2642 377 3459 355 2209 3207 3231
internal_value=-9.88148e-06 0.0027059 -0.00145555 0.00772098 0.00194912 -0.000717544 -0.00274272
internal_weight=16071 5583 10488 732 4851 6666 3822
internal_count=16071 5583 10488 732 4851 6666 3822
is_linear=0
shrinkage=0.00834467


Tree=227
num_leaves=8
num_cat=0
split_feature=9 9 51 50 18 9 48
split_gain=899.003 261.493 214.598 52.1305 49.0822 41.1391 27.0976
threshold=24.813960075378422 27.933975219726566 22.539838314040285 26.165571069698245 32.309156419409184 23.461296082253423 21.390131378062993
decision_type=2 2 2 2 2 2 2
left_child=2 3 6 -2 -3 -4 -1
right_child=1 4 5 -5 -6 -7 -8
leaf_value=-0.0037156836570287708 0.0019385466221584515 0.0073214438883165136 -0.00083094945711267962 0.0042401609221889456 0.01309431673113657 0.00044267853838299081 -0.0021515417994536689
leaf_weight=951 2500 427 3521 944 135 3543 4081
leaf_count=951 2500 427 3521 944 135 3543 4081
internal_value=4.4618e-06 0.00343068 -0.00113025 0.00256943 0.00870837 -0.000192152 -0.00244716
internal_weight=16102 4006 12096 3444 562 7064 5032
internal_count=16102 4006 12096 3444 562 7064 5032
is_linear=0
shrinkage=0.00834467


Tree=228
num_leaves=8
num_cat=0
split_feature=50 39 48 50 19 9 9
split_gain=894.688 316.798 135.224 95.2362 28.013 26.8631 22.6116
threshold=24.156840658113286 29.48844146728516 22.277383804352542 25.86763687126404 23.075007438659672 32.756839752197273 21.236540794372562
decision_type=2 2 2 2 2 2 2
left_child=2 3 6 -2 -4 -3 -1
right_child=1 5 4 -5 -6 -7 -8
leaf_value=-0.0042800047848781352 0.0014421908146373596 0.0088952213040450877 -0.0012565400513489806 0.0039105002454475893 -0.00013101970417836575 0.014635407987561612 -0.0023909047212407664
leaf_weight=503 3933 321 2941 1505 3232 69 3592
leaf_count=503 3933 321 2941 1505 3232 69 3592
internal_value=3.49737e-05 0.00264635 -0.00144721 0.00212532 -0.000667252 0.00991113 -0.00262296
internal_weight=16096 5828 10268 5438 6173 390 4095
internal_count=16096 5828 10268 5438 6173 390 4095
is_linear=0
shrinkage=0.00834467


Tree=229
num_leaves=8
num_cat=0
split_feature=48 18 51 52 18 9 9
split_gain=880.028 241.833 216.33 58.9097 47.4406 25.6807 25.5734
threshold=24.873814392322757 27.287329673767093 22.539838314040285 0.62833589347471308 23.445034982265629 21.236540794372562 25.610674858093265
decision_type=2 2 2 2 2 2 2
left_child=2 6 5 -3 -4 -1 -2
right_child=1 3 4 -5 -6 -7 -8
leaf_value=-0.0041984960526625544 0.0017305178181144805 0.0090420453468832117 -0.0008689315592758474 0.0034856657418702685 0.00048351801361017641 -0.0022108269093499429 0.0032410873975730644
leaf_weight=503 1604 573 3428 173 3817 4520 1520
leaf_count=503 1604 573 3428 173 3817 4520 1520
internal_value=1.54002e-05 0.00348487 -0.00107906 0.00775356 -0.000156399 -0.00240988 0.0024655
internal_weight=16138 3870 12268 746 7245 5023 3124
internal_count=16138 3870 12268 746 7245 5023 3124
is_linear=0
shrinkage=0.00834467


Tree=230
num_leaves=8
num_cat=0
split_feature=9 51 49 50 9 22 9
split_gain=836.633 231.868 227.166 55.7835 50.148 25.5829 18.4458
threshold=25.070789337158207 22.539838314040285 29.419773769378669 26.165571069698245 23.42381572723389 21.322292327880863 32.293060301655281
decision_type=2 2 2 2 2 2 2
left_child=1 5 3 -2 -3 -1 -4
right_child=2 4 6 -5 -6 -7 -8
leaf_value=-0.0037891321377834992 0.0020952400832164359 -0.00083888144950384157 0.0086649776450058256 0.0043935678133002216 0.00052218378242194989 -0.0021322716272280558 0.012750150933840633
leaf_weight=764 1997 3383 189 1164 4257 4309 130
leaf_count=764 1997 3383 189 1164 4257 4309 130
internal_value=-6.43104e-06 -0.000998813 0.00361889 0.00294158 -8.04976e-05 -0.0023818 0.0103301
internal_weight=16193 12713 3480 3161 7640 5073 319
internal_count=16193 12713 3480 3161 7640 5073 319
is_linear=0
shrinkage=0.00834467


Tree=231
num_leaves=8
num_cat=0
split_feature=9 9 40 48 9 9 9
split_gain=852.446 237.644 217.787 51.3988 47.4608 27.625 21.7284
threshold=25.126186370622563 23.052125930786136 29.504385948181156 21.900424385070803 26.339530944824222 23.94834136962891 32.293060301655281
decision_type=2 2 2 2 2 2 2
left_child=1 3 4 -1 -2 -3 -4
right_child=2 5 6 -5 -6 -7 -8
leaf_value=-0.0030018778534819488 0.0022831736439287635 -0.00028193645559094371 0.0082849804590849931 -0.0014893107148389105 0.0045479755848113106 0.00087556761563088834 0.012502871997781698
leaf_weight=2383 2025 2927 250 4554 945 2818 129
leaf_count=2383 2025 2927 250 4554 945 2818 129
internal_value=1.94582e-05 -0.000969382 0.00376399 -0.00200891 0.0030038 0.000285835 0.0097209
internal_weight=16031 12682 3349 6937 2970 5745 379
internal_count=16031 12682 3349 6937 2970 5745 379
is_linear=0
shrinkage=0.00834467


Tree=232
num_leaves=8
num_cat=0
split_feature=18 19 19 21 18 8 18
split_gain=848.805 295.64 130.987 54.2117 53.6462 33.1046 23.256
threshold=24.042524337768558 27.298688888549808 22.327278137207035 29.592650413513187 25.314518928527836 1.5000000000000002 21.453953742980961
decision_type=2 2 2 2 2 2 2
left_child=2 4 6 -3 -2 -4 -1
right_child=1 3 5 -5 -6 -7 -8
leaf_value=-0.0035345619883555422 0.0010741445450909194 0.0054802974279504878 0.00060093659833470139 0.010003605698556984 0.0027888705668062284 -0.00095128152475247368 -0.0021677172799884946
leaf_weight=1200 2944 434 1204 321 2235 4659 3122
leaf_count=1200 2944 434 1204 321 2235 4659 3122
internal_value=1.65991e-05 0.00252531 -0.00144503 0.00740356 0.00181414 -0.000632524 -0.00254723
internal_weight=16119 5934 10185 755 5179 5863 4322
internal_count=16119 5934 10185 755 5179 5863 4322
is_linear=0
shrinkage=0.00834467


Tree=233
num_leaves=8
num_cat=0
split_feature=18 18 20 47 20 18 51
split_gain=815.253 206.713 202.648 47.977 46.6492 40.5143 25.1217
threshold=24.957457542419437 23.037331581115726 27.960625648498539 22.159016606777346 32.335674285888679 26.347520828247074 23.675042947266444
decision_type=2 2 2 2 2 2 2
left_child=1 3 5 -1 -4 -2 -3
right_child=2 6 4 -5 -6 -7 -8
leaf_value=-0.0027428846512300713 0.0020249941377308866 -0.00059580142828796366 0.0066799047140287636 -0.0013482661805842644 0.012360979336263114 0.0042203190628544267 0.00058648387414899879
leaf_weight=3291 2337 1953 446 3593 130 781 3484
leaf_count=3291 2337 1953 446 3593 130 781 3484
internal_value=-2.35151e-05 -0.00105442 0.00341496 -0.00201499 0.00796228 0.00257489 0.0001618
internal_weight=16015 12321 3694 6884 576 3118 5437
internal_count=16015 12321 3694 6884 576 3118 5437
is_linear=0
shrinkage=0.00834467


Tree=234
num_leaves=8
num_cat=0
split_feature=18 18 18 9 53 8 18
split_gain=794.234 259.356 133.543 58.7164 56.5948 26.4106 24.0907
threshold=24.215098381511236 27.287329673767093 22.340649604797367 25.394895553588871 0.48101131070300607 1.5000000000000002 21.255327224731449
decision_type=2 2 2 2 2 2 2
left_child=2 3 6 -2 -3 -4 -1
right_child=1 4 5 -5 -6 -7 -8
leaf_value=-0.0039873025120252025 0.0010779139148310304 0.008918433526653672 0.00048686249250654067 0.0029746503260217943 0.0041881006114137011 -0.00082052363670023244 -0.0021843555422267507
leaf_weight=597 2703 472 1383 1961 281 4846 3807
leaf_count=597 2703 472 1383 1961 281 4846 3807
internal_value=8.35903e-06 0.00260908 -0.00131658 0.00187541 0.00715327 -0.00053025 -0.00242877
internal_weight=16050 5417 10633 4664 753 6229 4404
internal_count=16050 5417 10633 4664 753 6229 4404
is_linear=0
shrinkage=0.00834467


Tree=235
num_leaves=8
num_cat=0
split_feature=50 9 9 6 28 8 9
split_gain=795.556 278.884 123.919 55.6009 51.0158 29.7992 20.7497
threshold=24.156840658113286 27.279413225681157 22.212726593017585 10.500000000000002 25.438578604089361 1.5000000000000002 21.372426986694339
decision_type=2 2 2 2 2 2 2
left_child=2 4 6 -3 -2 -4 -1
right_child=1 3 5 -5 -6 -7 -8
leaf_value=-0.0036647741611878491 0.0010651957301403285 0.0089247536406460125 0.00042500293742848272 0.0041590285309998191 0.0027729820742955391 -0.00099136135409094131 -0.002247383936141959
leaf_weight=962 3034 478 1292 265 2035 5187 2850
leaf_count=962 3034 478 1292 265 2035 5187 2850
internal_value=-1.7422e-05 0.00245064 -0.0014113 0.00722508 0.00175081 -0.000708919 -0.00260509
internal_weight=16103 5812 10291 743 5069 6479 3812
internal_count=16103 5812 10291 743 5069 6479 3812
is_linear=0
shrinkage=0.00834467


Tree=236
num_leaves=8
num_cat=0
split_feature=9 18 19 53 18 26 27
split_gain=784.96 211.419 203.724 50.0906 47.1256 38.0833 22.6839
threshold=25.102458953857425 23.055437088012699 27.298688888549808 1.22734178158736 21.560307502746586 23.621253013610843 22.923439979553226
decision_type=2 2 2 2 2 2 2
left_child=1 4 5 -4 -1 -2 -3
right_child=2 6 3 -5 -6 -7 -8
leaf_value=-0.0032574002210058904 -0.0028990629504003361 -0.0013631541176358862 0.0081408495812763035 0.00046879224013922518 -0.0015711978771980046 0.0026842215494393383 0.00041710441591676572
leaf_weight=1461 88 552 671 65 5495 2548 5131
leaf_count=1461 88 552 671 65 5495 2548 5131
internal_value=4.50899e-06 -0.000949849 0.00358165 0.00746331 -0.00192536 0.00249782 0.000244183
internal_weight=16011 12639 3372 736 6956 2636 5683
internal_count=16011 12639 3372 736 6956 2636 5683
is_linear=0
shrinkage=0.00834467


Tree=237
num_leaves=8
num_cat=0
split_feature=50 19 18 9 9 8 18
split_gain=774.341 270.798 121.066 56.6386 54.0201 22.1773 22.0463
threshold=24.156840658113286 27.298688888549808 22.353454589843754 32.293060301655281 25.307363510131839 1.5000000000000002 21.255327224731449
decision_type=2 2 2 2 2 2 2
left_child=2 4 6 -3 -2 -4 -1
right_child=1 3 5 -5 -6 -7 -8
leaf_value=-0.0039038150213850484 0.00099813276831722309 0.0060460770868323143 0.0004272184248373111 0.012091824449601097 0.0027446418171543966 -0.00083333177148166987 -0.0021632913591217232
leaf_weight=582 2883 635 1229 130 2155 4645 3920
leaf_count=582 2883 635 1229 130 2155 4645 3920
internal_value=6.53734e-06 0.00244765 -0.00135871 0.0070736 0.0017452 -0.00056959 -0.00238831
internal_weight=16179 5803 10376 765 5038 5874 4502
internal_count=16179 5803 10376 765 5038 5874 4502
is_linear=0
shrinkage=0.00834467


Tree=238
num_leaves=8
num_cat=0
split_feature=49 18 26 48 23 8 53
split_gain=726.183 199.728 190.765 47.1102 34.2943 33.2941 26.4497
threshold=24.902844619445563 29.014486314812014 22.784187316894535 26.277665710449224 21.750315666198734 1.5000000000000002 0.46998300886414396
decision_type=2 2 2 2 2 2 2
left_child=2 3 4 -2 -1 -4 -3
right_child=1 6 5 -5 -6 -7 -8
leaf_value=-0.002989091384171355 0.0019110075924331381 0.01009871385232316 0.0009410495973775436 0.0040706039643430784 -0.0016383002471456294 -0.0003857062309174717 0.0043661362340749821
leaf_weight=1906 2377 299 1883 999 4177 4382 69
leaf_count=1906 2377 299 1883 999 4177 4382 69
internal_value=-3.28499e-05 0.00318642 -0.00100896 0.00255007 -0.00206155 1.30626e-05 0.009024
internal_weight=16092 3744 12348 3376 6083 6265 368
internal_count=16092 3744 12348 3376 6083 6265 368
is_linear=0
shrinkage=0.00834467


Tree=239
num_leaves=8
num_cat=0
split_feature=49 20 19 18 9 28 9
split_gain=743.756 229.472 139.713 51.8788 50.0756 32.1918 22.7412
threshold=24.506718730810061 27.733014106750492 22.356134414672855 25.806072235107425 29.486070632934574 23.276631355285648 21.254704474621587
decision_type=2 2 2 2 2 2 2
left_child=2 3 6 -2 -3 -4 -1
right_child=1 4 5 -5 -6 -7 -8
leaf_value=-0.0038831313665635865 0.0013806347976173267 0.0051606153037364114 -0.0010119204061269076 0.0033523032009385298 0.0098558553445060489 0.00013616106697294272 -0.0020986563540077645
leaf_weight=570 2858 331 3339 1377 303 3466 3899
leaf_count=570 2858 331 3339 1377 303 3466 3899
internal_value=-2.86972e-06 0.00272266 -0.00117997 0.00202172 0.00740467 -0.000427167 -0.00232627
internal_weight=16143 4869 11274 4235 634 6805 4469
internal_count=16143 4869 11274 4235 634 6805 4469
is_linear=0
shrinkage=0.00834467


Tree=240
num_leaves=8
num_cat=0
split_feature=9 9 19 9 19 26 9
split_gain=755.868 196.055 177.21 49.8616 40.7405 33.6883 28.7595
threshold=25.070789337158207 22.936331748962406 27.298688888549808 29.486070632934574 22.286611557006839 23.621253013610843 23.922519683837894
decision_type=2 2 2 2 2 2 2
left_child=1 4 5 -4 -1 -2 -3
right_child=2 6 3 -5 -6 -7 -8
leaf_value=-0.0024650815418738488 -0.0026485731471284938 -0.00039581917627623178 0.0053388196553711366 0.0097807432954555799 -0.0011192217737345876 0.0026281268129435208 0.00075944065469113237
leaf_weight=4042 87 3252 455 287 2557 2659 2786
leaf_count=4042 87 3252 455 287 2557 2659 2786
internal_value=-1.85901e-07 -0.000949366 0.00343868 0.00705703 -0.00194359 0.00246094 0.000137231
internal_weight=16125 12637 3488 742 6599 2746 6038
internal_count=16125 12637 3488 742 6599 2746 6038
is_linear=0
shrinkage=0.00834467


Tree=241
num_leaves=8
num_cat=0
split_feature=9 51 43 20 9 9 9
split_gain=734.247 195.438 187.854 53.7237 43.2504 20.9826 18.2337
threshold=25.070789337158207 22.539838314040285 30.254060745239261 26.041783332824711 23.537122726440433 21.35546970367432 32.756839752197273
decision_type=2 2 2 2 2 2 2
left_child=1 5 3 -2 -3 -1 -4
right_child=2 4 6 -5 -6 -7 -8
leaf_value=-0.0033851642412620281 0.0018689178200950768 -0.00071577146522741012 0.0084708159068095507 0.0040753047383972462 0.00053736801186252472 -0.0019564711201864107 0.013417364321060736
leaf_weight=866 1849 3799 258 1315 3873 4128 65
leaf_count=866 1849 3799 258 1315 3873 4128 65
internal_value=1.40293e-05 -0.000919461 0.00340479 0.00278593 -8.31583e-05 -0.00220422 0.00946662
internal_weight=16153 12666 3487 3164 7672 4994 323
internal_count=16153 12666 3487 3164 7672 4994 323
is_linear=0
shrinkage=0.00834467


Tree=242
num_leaves=8
num_cat=0
split_feature=49 51 39 19 9 44 54
split_gain=691.475 185.682 179.25 49.3253 43.0641 22.5936 17.3399
threshold=24.929852104187017 22.539838314040285 30.205330848693851 26.355155944824222 23.94834136962891 21.490017890930179 0.39260074132054651
decision_type=2 2 2 2 2 2 2
left_child=1 5 3 -2 -3 -1 -4
right_child=2 4 6 -5 -6 -7 -8
leaf_value=-0.0031609930541228884 0.0019477061990851416 -0.00057886594776416502 0.010850356704041685 0.0041665216651835995 0.00076374075029507537 -0.0018728573528732455 0.0068215145158662203
leaf_weight=1262 2434 4876 184 978 2525 3813 125
leaf_count=1262 2434 4876 184 978 2525 3813 125
internal_value=-2.21998e-05 -0.000963812 0.00313489 0.00258371 -0.000120808 -0.00219318 0.00922083
internal_weight=16197 12476 3721 3412 7401 5075 309
internal_count=16197 12476 3721 3412 7401 5075 309
is_linear=0
shrinkage=0.00834467


Tree=243
num_leaves=8
num_cat=0
split_feature=18 19 19 18 29 41 21
split_gain=690.251 233.885 121.047 50.6036 44.5537 25.5209 18.7406
threshold=24.215098381511236 27.298688888549808 22.312282562255863 32.309156419409184 25.507610321044925 23.016952514648441 21.357341766357425
decision_type=2 2 2 2 2 2 2
left_child=2 4 6 -3 -2 -4 -1
right_child=1 3 5 -5 -6 -7 -8
leaf_value=-0.0034264799715630384 0.0011047089946807753 0.0058212945744548789 -0.001139766436363542 0.011672250836665335 0.002764560100808749 -6.4692814684380432e-05 -0.0020405807464240985
leaf_weight=849 2930 606 2583 124 1829 3799 3402
leaf_count=849 2930 606 2583 124 1829 3799 3402
internal_value=1.41087e-05 0.00241728 -0.00122646 0.0068153 0.00174263 -0.000499811 -0.00231738
internal_weight=16122 5489 10633 730 4759 6382 4251
internal_count=16122 5489 10633 730 4759 6382 4251
is_linear=0
shrinkage=0.00834467


Tree=244
num_leaves=8
num_cat=0
split_feature=9 40 51 50 9 49 6
split_gain=701.696 178.748 172.519 47.0048 37.766 24.4324 22.4582
threshold=24.889999390187992 29.504385948181156 22.539838314040285 26.165571069698245 23.350099565473638 21.427929210202638 10.500000000000002
decision_type=2 2 2 2 2 2 2
left_child=2 3 5 -2 -4 -1 -3
right_child=1 6 4 -5 -6 -7 -8
leaf_value=-0.0032705548943069438 0.0018669971022234832 0.0098419313844289764 -0.00083260252116976186 0.0039507206098603909 0.00038034129173139715 -0.0018499235414100169 0.0051531154018329339
leaf_weight=1071 2354 275 3145 1109 4141 3960 96
leaf_count=1071 2354 275 3145 1109 4141 3960 96
internal_value=6.54043e-06 0.00312406 -0.000963875 0.0025343 -0.000143226 -0.00215235 0.00862882
internal_weight=16151 3834 12317 3463 7286 5031 371
internal_count=16151 3834 12317 3463 7286 5031 371
is_linear=0
shrinkage=0.00834467


Tree=245
num_leaves=8
num_cat=0
split_feature=18 18 40 50 18 6 48
split_gain=685.709 183.474 173.309 46.3889 40.0795 21.2569 19.2509
threshold=24.957457542419437 22.353454589843754 29.504385948181156 26.165571069698245 23.445034982265629 10.500000000000002 21.21093788117139
decision_type=2 2 2 2 2 2 2
left_child=1 6 3 -2 -3 -4 -1
right_child=2 4 5 -5 -6 -7 -8
leaf_value=-0.0040794878543672503 0.001867166163164458 -0.00076642790964906947 0.0096535630782616424 0.0039658390139186289 0.00041844871966486489 0.0049828831015238106 -0.0021178653211312778
leaf_weight=381 2221 3947 286 1095 4005 89 4068
leaf_count=381 2221 3947 286 1095 4005 89 4068
internal_value=1.08834e-05 -0.000928878 0.00316828 0.00256019 -0.000169669 0.00854521 -0.00228586
internal_weight=16092 12401 3691 3316 7952 375 4449
internal_count=16092 12401 3691 3316 7952 375 4449
is_linear=0
shrinkage=0.00834467


Tree=246
num_leaves=8
num_cat=0
split_feature=49 18 18 53 18 27 48
split_gain=664.401 177.052 169.377 46.8842 39.378 24.498 21.3291
threshold=24.902844619445563 27.287329673767093 23.037331581115726 0.56306832535011597 21.560307502746586 22.870941162109379 26.277665710449224
decision_type=2 2 2 2 2 2 2
left_child=2 6 4 -3 -1 -4 -2
right_child=1 3 5 -5 -6 -7 -8
leaf_value=-0.0030471767322478899 0.0017629154983242793 0.0081470448108386852 -0.0015966091605582721 0.0036632807625031128 -0.0015122269378813624 0.00031155061099351447 0.003459333985460865
leaf_weight=1478 2380 498 518 241 5475 4903 659
leaf_count=1478 2380 498 518 241 5475 4903 659
internal_value=-4.12985e-05 0.00302161 -0.000976461 0.00668488 -0.00183852 0.000129215 0.00213079
internal_weight=16152 3778 12374 739 6953 5421 3039
internal_count=16152 3778 12374 739 6953 5421 3039
is_linear=0
shrinkage=0.00834467


Tree=247
num_leaves=8
num_cat=0
split_feature=48 49 48 9 9 8 48
split_gain=667.557 230.303 95.7115 58.4305 49.4472 20.6845 19.4645
threshold=24.036989212036136 26.787231636047366 22.277383804352542 29.008979797363285 25.841992378234867 1.5000000000000002 21.21093788117139
decision_type=2 2 2 2 2 2 2
left_child=2 4 6 -3 -2 -4 -1
right_child=1 3 5 -5 -6 -7 -8
leaf_value=-0.0040428865938004236 0.0011122530727347669 0.004288732154300659 0.00036196708690272236 0.0086315951264421421 0.0031211868305065283 -0.00087478856771303862 -0.0021004265123200933
leaf_weight=398 4149 508 1170 375 1074 4825 3687
leaf_count=398 4149 508 1170 375 1074 4825 3687
internal_value=1.43225e-05 0.00219171 -0.00130464 0.00613317 0.00152535 -0.00063342 -0.00228969
internal_weight=16186 6106 10080 883 5223 5995 4085
internal_count=16186 6106 10080 883 5223 5995 4085
is_linear=0
shrinkage=0.00834467


Tree=248
num_leaves=8
num_cat=0
split_feature=9 18 9 28 18 8 9
split_gain=641.023 226.125 95.8778 51.7632 39.7299 24.0463 20.9505
threshold=23.94834136962891 27.693171501159672 22.325141906738285 25.528824806213382 32.309156419409184 1.5000000000000002 21.254704474621587
decision_type=2 2 2 2 2 2 2
left_child=2 3 6 -2 -3 -4 -1
right_child=1 4 5 -5 -6 -7 -8
leaf_value=-0.0037201387251886583 0.0010127985960998553 0.0058789695759934426 0.00053387870139819593 0.0027080018170194671 0.011231182865480291 -0.00084614044092927194 -0.0020037444320467851
leaf_weight=570 3672 495 1092 1905 120 4512 3774
leaf_count=570 3672 495 1092 1905 120 4512 3774
internal_value=1.35263e-05 0.00212141 -0.0012985 0.00159185 0.00692346 -0.000577228 -0.00222897
internal_weight=16140 6192 9948 5577 615 5604 4344
internal_count=16140 6192 9948 5577 615 5604 4344
is_linear=0
shrinkage=0.00834467


Tree=249
num_leaves=8
num_cat=0
split_feature=49 9 9 43 9 6 9
split_gain=632.097 247.706 92.5764 65.5228 38.5321 18.9984 18.1864
threshold=23.953919601353764 26.633753776550297 22.212726593017585 30.254060745239261 25.070789337158207 15.500000000000002 21.254704474621587
decision_type=2 2 2 2 2 2 2
left_child=2 4 6 -3 -2 -4 -1
right_child=1 3 5 -5 -6 -7 -8
leaf_value=-0.0037120475820372392 0.00068204704354837885 0.0043849437904543639 -0.0004526607073868086 0.008926535486316927 0.0021108434081057886 -0.0016838282070414424 -0.002097807323131843
leaf_weight=571 2960 743 4856 315 2364 1064 3265
leaf_count=571 2960 743 4856 315 2364 1064 3265
internal_value=7.44888e-06 0.00204934 -0.00132828 0.00573719 0.00131647 -0.00067394 -0.0023381
internal_weight=16138 6382 9756 1058 5324 5920 3836
internal_count=16138 6382 9756 1058 5324 5920 3836
is_linear=0
shrinkage=0.00834467


Tree=250
num_leaves=8
num_cat=0
split_feature=18 18 39 47 50 51 9
split_gain=607.383 174.307 151.699 39.7773 39.527 19.8754 19.3028
threshold=25.105989456176761 23.037331581115726 30.205330848693851 21.892194747924808 26.106705427185428 23.675042947266444 32.756839752197273
decision_type=2 2 2 2 2 2 2
left_child=1 3 4 -1 -2 -3 -4
right_child=2 5 6 -5 -6 -7 -8
leaf_value=-0.0026244043620202995 0.0018015955334827122 -0.00046196835557850224 0.0075676989944492463 -0.0012838065687055635 0.0037328083583122937 0.00057795083129305418 0.012614497085285914
leaf_weight=2327 1861 1921 249 4564 1223 3834 67
leaf_count=2327 1861 1921 249 4564 1223 3834 67
internal_value=6.15364e-07 -0.000841206 0.00313169 -0.00173651 0.00256745 0.000230829 0.0086381
internal_weight=16046 12646 3400 6891 3084 5755 316
internal_count=16046 12646 3400 6891 3084 5755 316
is_linear=0
shrinkage=0.00834467


Tree=251
num_leaves=8
num_cat=0
split_feature=49 18 51 18 19 18 44
split_gain=601.215 162.712 156.194 32.2828 31.0104 28.15 20.1348
threshold=24.902844619445563 27.941645622253425 22.539838314040285 32.309156419409184 23.447838783264164 26.347520828247074 21.490017890930179
decision_type=2 2 2 2 2 2 2
left_child=2 5 6 -3 -4 -2 -1
right_child=1 3 4 -5 -6 -7 -8
leaf_value=-0.0029614510365405114 0.0017450426031304289 0.0059943283705964565 -0.00071844966468283191 0.010832632197422989 0.00037336817201901726 0.0036096477563909023 -0.0017468639150365964
leaf_weight=1270 2465 426 3429 124 3840 731 3777
leaf_count=1270 2465 426 3429 124 3840 731 3777
internal_value=-3.43419e-05 0.00289301 -0.000924717 0.00708532 -0.000141675 0.00217153 -0.0020525
internal_weight=16062 3746 12316 550 7269 3196 5047
internal_count=16062 3746 12316 550 7269 3196 5047
is_linear=0
shrinkage=0.00834467


Tree=252
num_leaves=8
num_cat=0
split_feature=9 9 48 20 9 8 9
split_gain=579.907 222.435 86.7104 46.1424 39.5299 17.3076 17.2059
threshold=23.94834136962891 27.074039459072271 22.266011809740238 32.335674285888679 25.674401283264164 1.5000000000000002 21.174298286437992
decision_type=2 2 2 2 2 2 2
left_child=2 4 6 -3 -2 -4 -1
right_child=1 3 5 -5 -6 -7 -8
leaf_value=-0.0038898580844224403 0.00096346062710434932 0.0052462152780542561 0.00029871398211947769 0.010799135735192335 0.0026060765612260298 -0.00083643249739662055 -0.0020240308906533098
leaf_weight=380 3945 682 1162 123 1376 4794 3649
leaf_count=380 3945 682 1162 123 1376 4794 3649
internal_value=-1.44891e-05 0.00200672 -0.00125455 0.00609479 0.00138824 -0.000614968 -0.00220002
internal_weight=16111 6126 9985 805 5321 5956 4029
internal_count=16111 6126 9985 805 5321 5956 4029
is_linear=0
shrinkage=0.00834467


Tree=253
num_leaves=8
num_cat=0
split_feature=48 40 26 9 19 45 6
split_gain=582.913 168.007 148.028 34.6966 27.9713 26.0645 22.6437
threshold=24.873814392322757 29.504385948181156 22.784187316894535 26.069210052490238 23.075007438659672 21.490518569946293 10.500000000000002
decision_type=2 2 2 2 2 2 2
left_child=2 3 5 -2 -4 -1 -3
right_child=1 6 4 -5 -6 -7 -8
leaf_value=-0.0028955432744006519 0.0016460485116258606 0.0092365252236654028 -0.0010255705680351386 0.0033980943595297579 0.00031893401394070839 -0.0015379858909137184 0.0043837560846910492
leaf_weight=1236 2245 291 1388 1212 4816 4846 87
leaf_count=1236 2245 291 1388 1212 4816 4846 87
internal_value=-2.24932e-06 0.00283787 -0.000888777 0.00226031 1.81314e-05 -0.00181388 0.00811976
internal_weight=16121 3835 12286 3457 6204 6082 378
internal_count=16121 3835 12286 3457 6204 6082 378
is_linear=0
shrinkage=0.00834467


Tree=254
num_leaves=8
num_cat=0
split_feature=49 51 19 12 9 9 6
split_gain=586.619 160.619 151.091 42.6045 33.4148 26.4568 24.9956
threshold=24.902844619445563 28.34307750069198 23.002841949462894 1.5000000000000002 21.561673164367679 29.486070632934574 14.500000000000002
decision_type=2 2 2 2 2 2 2
left_child=2 3 4 -2 -1 -3 -4
right_child=1 5 6 -5 -6 -7 -8
leaf_value=-0.0028281938451492931 0.001950475261000037 0.0047150875754223484 0.0004666472403244068 0.0053290107772687185 -0.0014027599431375071 0.008947591350125338 -0.00084496815052647679
leaf_weight=1456 3063 156 4188 284 5364 302 1334
leaf_count=1456 3063 156 4188 284 5364 302 1334
internal_value=6.8437e-06 0.00287139 -0.000876289 0.00223717 -0.00170708 0.00750608 0.000149787
internal_weight=16147 3805 12342 3347 6820 458 5522
internal_count=16147 3805 12342 3347 6820 458 5522
is_linear=0
shrinkage=0.00834467


Tree=255
num_leaves=8
num_cat=0
split_feature=9 39 51 18 19 49 9
split_gain=579.389 163.696 131.774 40.935 26.7344 19.114 14.0569
threshold=24.889999390187992 30.205330848693851 22.539838314040285 26.347520828247074 23.447838783264164 21.427929210202638 32.293060301655281
decision_type=2 2 2 2 2 2 2
left_child=2 3 5 -2 -4 -1 -3
right_child=1 6 4 -5 -6 -7 -8
leaf_value=-0.0029544618697226544 0.0017160625978748529 0.0070935177093204996 -0.00074956777137225906 0.0037308825913376746 0.00026785401234997194 -0.0016996894477396825 0.010695650408987714
leaf_weight=1073 2571 184 3388 966 3833 3985 128
leaf_count=1073 2571 184 3388 966 3833 3985 128
internal_value=-4.74824e-05 0.00277747 -0.000932999 0.00226634 -0.000209508 -0.00196588 0.0085716
internal_weight=16128 3849 12279 3537 7221 5058 312
internal_count=16128 3849 12279 3537 7221 5058 312
is_linear=0
shrinkage=0.00834467


Tree=256
num_leaves=8
num_cat=0
split_feature=9 9 9 9 9 52 9
split_gain=567.604 172.392 116.643 43.4461 26.9469 20.7523 18.7602
threshold=24.547800064086918 29.008979797363285 22.34002780914307 26.339530944824222 23.24605751037598 0.31544454922345005 21.254704474621587
decision_type=2 2 2 2 2 2 2
left_child=2 3 6 -2 -4 -3 -1
right_child=1 5 4 -5 -6 -7 -8
leaf_value=-0.0034845526353437829 0.0015114695301176159 0.0089053986408452815 -0.00090235943533100132 0.0035565561664754391 0.0001328849202336153 0.0045383809489491006 -0.0018694009542400422
leaf_weight=576 3331 287 3278 924 3758 103 3834
leaf_count=576 3331 287 3278 924 3758 103 3834
internal_value=-1.79326e-05 0.00244229 -0.00101634 0.00195558 -0.000349425 0.0077522 -0.00208037
internal_weight=16091 4645 11446 4255 7036 390 4410
internal_count=16091 4645 11446 4255 7036 390 4410
is_linear=0
shrinkage=0.00834467


Tree=257
num_leaves=8
num_cat=0
split_feature=48 49 49 20 50 47 48
split_gain=564.012 190.358 85.046 50.5058 35.8126 16.8953 16.1427
threshold=24.036989212036136 26.787231636047366 22.346321868780034 29.556647300720218 25.741130495055788 24.489542961120609 21.21093788117139
decision_type=2 2 2 2 2 2 2
left_child=2 4 6 -3 -2 -4 -1
right_child=1 3 5 -5 -6 -7 -8
leaf_value=-0.0037294496310364342 0.0010329943646487185 0.0041802118324159631 -0.00069902062277409831 0.0084099009098139374 0.0026818213377421051 0.00071999505893466137 -0.0019265895590679452
leaf_weight=379 3958 574 5091 299 1194 660 3953
leaf_count=379 3958 574 5091 299 1194 660 3953
internal_value=5.7117e-06 0.0020257 -0.00120131 0.00562895 0.00141512 -0.00053617 -0.00208433
internal_weight=16108 6025 10083 873 5152 5751 4332
internal_count=16108 6025 10083 873 5152 5751 4332
is_linear=0
shrinkage=0.00834467


Tree=258
num_leaves=8
num_cat=0
split_feature=9 19 48 18 53 6 48
split_gain=525.933 191.656 76.8796 47.6079 38.2781 17.999 16.5988
threshold=23.922519683837894 27.711486816406254 22.266011809740238 25.105989456176761 0.87852598012458827 15.500000000000002 21.21093788117139
decision_type=2 2 2 2 2 2 2
left_child=2 3 6 -2 -3 -4 -1
right_child=1 4 5 -5 -6 -7 -8
leaf_value=-0.0037458239007254718 0.00064347835796465418 0.0071517161875860862 -0.00041834691104053701 0.0021826012071823691 0.0014207684896928331 -0.0016633023627099658 -0.0019456084928488587
leaf_weight=396 2924 525 4912 2684 96 968 3590
leaf_count=396 2924 525 4912 2684 96 968 3590
internal_value=-3.12125e-05 0.0018672 -0.00122979 0.00138011 0.00626581 -0.000623301 -0.00212446
internal_weight=16095 6229 9866 5608 621 5880 3986
internal_count=16095 6229 9866 5608 621 5880 3986
is_linear=0
shrinkage=0.00834467


Tree=259
num_leaves=8
num_cat=0
split_feature=18 19 18 28 9 41 48
split_gain=553.216 145.524 141.573 37.7075 35.5058 22.3053 17.0224
threshold=24.957457542419437 27.298688888549808 22.353454589843754 23.241488456726078 32.293060301655281 24.001358985900882 21.21093788117139
decision_type=2 2 2 2 2 2 2
left_child=2 5 6 -4 -3 -2 -1
right_child=1 4 3 -5 -6 -7 -8
leaf_value=-0.0037198960271336975 -0.00021821828866777363 0.0053165810535632527 -0.000865326955432521 0.00030848128095776605 0.010179113542215656 0.0022446860708428013 -0.0018689740390769836
leaf_weight=378 283 615 3203 4705 126 2689 4086
leaf_count=378 283 615 3203 4705 126 2689 4086
internal_value=1.01706e-05 0.00283507 -0.00083762 -0.00016695 0.00614353 0.00201016 -0.00202571
internal_weight=16085 3713 12372 7908 741 2972 4464
internal_count=16085 3713 12372 7908 741 2972 4464
is_linear=0
shrinkage=0.00834467


Tree=260
num_leaves=8
num_cat=0
split_feature=18 51 9 34 8 20 9
split_gain=523.64 142.762 139.21 42.5569 27.0763 18.6273 18.4741
threshold=24.957457542419437 22.539838314040285 29.008979797363285 23.776999473571781 1.5000000000000002 32.335674285888679 21.236540794372562
decision_type=2 2 2 2 2 2 2
left_child=1 6 3 -2 -3 -4 -1
right_child=2 4 5 -5 -6 -7 -8
leaf_value=-0.0034245590281980352 -0.0021065134949530082 0.00073932496404752049 0.0062290926875775959 0.0024269402825952244 -0.00038029973615486109 0.010131087825666437 -0.0017214926264868895
leaf_weight=492 151 2093 255 3193 5345 128 4502
leaf_count=492 151 2093 255 3193 5345 128 4502
internal_value=2.45134e-05 -0.000797971 0.00276804 0.00222222 -6.52448e-05 0.00753338 -0.00188928
internal_weight=16159 12432 3727 3344 7438 383 4994
internal_count=16159 12432 3727 3344 7438 383 4994
is_linear=0
shrinkage=0.00834467


Tree=261
num_leaves=8
num_cat=0
split_feature=9 39 51 9 9 22 9
split_gain=522.457 144.87 121.235 47.5655 27.5417 18.5835 15.9173
threshold=24.813960075378422 30.205330848693851 22.539838314040285 26.339530944824222 23.773359298706058 21.322292327880863 32.756839752197273
decision_type=2 2 2 2 2 2 2
left_child=2 3 5 -2 -4 -1 -3
right_child=1 6 4 -5 -6 -7 -8
leaf_value=-0.0030615399503366903 0.0015788902319931433 0.0070925299874518496 -0.00054865441946537442 0.003700137263307251 0.00052807341815072693 -0.001633755321699867 0.01172878990666837
leaf_weight=746 2707 250 4476 1011 2624 4258 65
leaf_count=746 2707 250 4476 1011 2624 4258 65
internal_value=1.48748e-05 0.00261607 -0.000851833 0.00215571 -0.00015072 -0.00184662 0.00804955
internal_weight=16137 4033 12104 3718 7100 5004 315
internal_count=16137 4033 12104 3718 7100 5004 315
is_linear=0
shrinkage=0.00834467


Tree=262
num_leaves=8
num_cat=0
split_feature=48 9 51 6 9 8 9
split_gain=511.492 186.323 74.0648 51.1561 38.4464 16.8076 16.0495
threshold=24.036989212036136 27.279413225681157 22.52302185717009 10.500000000000002 25.070789337158207 1.5000000000000002 21.236540794372562
decision_type=2 2 2 2 2 2 2
left_child=2 4 6 -3 -2 -4 -1
right_child=1 3 5 -5 -6 -7 -8
leaf_value=-0.0033202772471077669 0.00065557866147731376 0.0073817577702008207 0.00046084975350037813 0.0027613914173866246 0.0020767554842780925 -0.0007006319262589935 -0.0017236877745975014
leaf_weight=486 2648 494 1110 252 2654 3972 4479
leaf_count=486 2648 494 1110 252 2654 3972 4479
internal_value=-9.44729e-07 0.00191638 -0.00115512 0.00582105 0.00136697 -0.000446943 -0.00187998
internal_weight=16095 6048 10047 746 5302 5082 4965
internal_count=16095 6048 10047 746 5302 5082 4965
is_linear=0
shrinkage=0.00834467


Tree=263
num_leaves=8
num_cat=0
split_feature=50 9 18 20 9 8 9
split_gain=538.252 178.801 77.2007 51.7438 26.4141 21.3516 15.7713
threshold=24.156840658113286 26.633753776550297 22.285271644592289 29.556647300720218 25.215469360351566 1.5000000000000002 21.472457885742191
decision_type=2 2 2 2 2 2 2
left_child=2 4 6 -3 -2 -4 -1
right_child=1 3 5 -5 -6 -7 -8
leaf_value=-0.002792070308790529 0.00081495251155986042 0.0039267855117747366 0.00042346671191200141 0.0079381385223898024 0.0020729263167112498 -0.00079051647336433081 -0.0016726675427428857
leaf_weight=1261 2754 757 1271 318 2011 4891 2874
leaf_count=1261 2754 757 1271 318 2011 4891 2874
internal_value=1.57277e-05 0.00203939 -0.00113201 0.00511346 0.00134587 -0.000540115 -0.00201404
internal_weight=16137 5840 10297 1075 4765 6162 4135
internal_count=16137 5840 10297 1075 4765 6162 4135
is_linear=0
shrinkage=0.00834467


Tree=264
num_leaves=8
num_cat=0
split_feature=18 9 19 9 53 18 45
split_gain=502.674 166.06 89.6662 54.5232 20.4285 18.7952 15.552
threshold=24.215098381511236 29.008979797363285 22.286611557006839 25.971404075622562 0.46998300886414396 23.426663398742679 21.490518569946293
decision_type=2 2 2 2 2 2 2
left_child=2 3 6 -2 -3 -4 -1
right_child=1 4 5 -5 -6 -7 -8
leaf_value=-0.0028166746793602654 0.0011765553377497471 0.0083327565236852863 -0.00074879506732593803 0.0031447484179161342 0.0032815780266355439 0.00019111286641734505 -0.0016727625737638055
leaf_weight=1146 3749 310 4196 1327 68 2290 2979
leaf_count=1146 3749 310 4196 1327 68 2290 2979
internal_value=2.95692e-05 0.00208845 -0.00102869 0.0016911 0.00742419 -0.000416944 -0.00199057
internal_weight=16065 5454 10611 5076 378 6486 4125
internal_count=16065 5454 10611 5076 378 6486 4125
is_linear=0
shrinkage=0.00834467


Tree=265
num_leaves=8
num_cat=0
split_feature=49 19 51 3 19 9 44
split_gain=492.711 155.1 109.236 41.1847 23.8403 21.3028 18.9602
threshold=24.643437004330814 27.298688888549808 22.539838314040285 3.1661955000000006 23.131268501281742 25.841992378234867 21.490017890930179
decision_type=2 2 2 2 2 2 2
left_child=2 5 6 -3 -4 -2 -1
right_child=1 3 4 -5 -6 -7 -8
leaf_value=-0.0027176751159360951 0.0012264907582715671 0.0064578947843794117 -0.00087866993153175494 0.00016322045451149146 0.00017007659348936566 0.0025865510531049821 -0.0015317684281344595
leaf_weight=1248 2554 680 2319 81 4323 1169 3789
leaf_count=1248 2554 680 2319 81 4323 1169 3789
internal_value=3.88877e-06 0.00235522 -0.000898875 0.00578791 -0.000196085 0.00165355 -0.0018256
internal_weight=16163 4484 11679 761 6642 3723 5037
internal_count=16163 4484 11679 761 6642 3723 5037
is_linear=0
shrinkage=0.00834467


Tree=266
num_leaves=8
num_cat=0
split_feature=49 9 49 53 9 48 6
split_gain=483.747 173.729 62.591 61.351 33.5576 15.8233 14.7199
threshold=23.953919601353764 26.633753776550297 22.346321868780034 1.355801169640211 25.188035964965824 21.21093788117139 15.500000000000002
decision_type=2 2 2 2 2 2 2
left_child=2 4 5 -3 -2 -1 -4
right_child=1 3 6 -5 -6 -7 -8
leaf_value=-0.0035668624705271776 0.00063663413362898891 0.0054659229413688516 -0.00037849061807249205 -0.0019264775985261121 0.0019894955882763226 -0.0017606771013003691 -0.0015664422559550312
leaf_weight=369 3233 973 4530 85 2110 3988 865
leaf_count=369 3233 973 4530 85 2110 3988 865
internal_value=2.08506e-07 0.00178264 -0.00116974 0.004872 0.00117089 -0.00191365 -0.000568962
internal_weight=16153 6401 9752 1058 5343 4357 5395
internal_count=16153 6401 9752 1058 5343 4357 5395
is_linear=0
shrinkage=0.00834467


Tree=267
num_leaves=8
num_cat=0
split_feature=9 9 9 6 6 18 9
split_gain=475.948 162.936 86.7753 51.6543 24.6065 20.2443 16.7047
threshold=24.239990234375004 26.633753776550297 22.212726593017585 10.500000000000002 15.500000000000002 24.957457542419437 21.254704474621587
decision_type=2 2 2 2 2 2 2
left_child=2 5 6 -3 -4 -2 -1
right_child=1 3 4 -5 -6 -7 -8
leaf_value=-0.0033404692315600619 0.00061806521464219171 0.0065281048823519622 -0.00024373633757112065 0.0028149992076027569 -0.0015706054193856431 0.0017745928138821112 -0.0018001479630773995
leaf_weight=577 1809 608 5762 457 1171 2525 3262
leaf_count=577 1809 608 5762 457 1171 2525 3262
internal_value=-1.16632e-05 0.00201048 -0.00102517 0.00493482 -0.00046785 0.00129186 -0.00203167
internal_weight=16171 5399 10772 1065 6933 4334 3839
internal_count=16171 5399 10772 1065 6933 4334 3839
is_linear=0
shrinkage=0.00834467


Tree=268
num_leaves=8
num_cat=0
split_feature=9 9 9 9 50 6 52
split_gain=498.245 130.892 128.704 34.492 29.0434 20.5336 18.0838
threshold=25.070789337158207 29.008979797363285 23.087484359741214 21.561673164367679 26.106705427185428 15.500000000000002 0.31544454922345005
decision_type=2 2 2 2 2 2 2
left_child=2 4 3 -1 -2 -4 -3
right_child=1 6 5 -5 -6 -7 -8
leaf_value=-0.0026519572986645444 0.0016022084917464803 0.0084446970292117816 0.00035627943982135017 -0.0012128127693159122 0.0032668278240160897 -0.0013908650214910414 0.0041421224203683328
leaf_weight=1455 1932 289 4983 5713 1173 517 89
leaf_count=1455 1932 289 4983 5713 1173 517 89
internal_value=3.47313e-07 0.00279551 -0.00076817 -0.00150494 0.00223107 0.000192046 0.00743179
internal_weight=16151 3483 12668 7168 3105 5500 378
internal_count=16151 3483 12668 7168 3105 5500 378
is_linear=0
shrinkage=0.00834467


Tree=269
num_leaves=8
num_cat=0
split_feature=48 19 19 18 9 33 12
split_gain=458.467 123.476 117.429 28.5974 28.384 25.0418 21.0546
threshold=24.972714614868167 23.038383483886722 27.711486816406254 21.560307502746586 32.293060301655281 22.3106803894043 1.5000000000000002
decision_type=2 2 2 2 2 2 2
left_child=1 3 6 -1 -4 -3 -2
right_child=2 5 4 -5 -6 -7 -8
leaf_value=-0.0025397320984888614 0.0017100178140140314 -0.0028753819768984785 0.005043967540431858 -0.0012326951453793854 0.0095735615244063165 0.00025466314002824759 0.0042651364674095712
leaf_weight=1479 2692 184 506 5502 119 5436 245
leaf_count=1479 2692 184 506 5502 119 5436 245
internal_value=-2.12404e-05 -0.000768457 0.00262212 -0.00150961 0.00590654 0.00015218 0.00192318
internal_weight=16163 12601 3562 6981 625 5620 2937
internal_count=16163 12601 3562 6981 625 5620 2937
is_linear=0
shrinkage=0.00834467


Tree=270
num_leaves=8
num_cat=1
split_feature=18 39 9 50 6 6 0
split_gain=439.842 157.419 77.4285 48.1954 21.9636 18.1378 16.2838
threshold=24.215098381511236 29.48844146728516 22.352839469909672 25.86763687126404 15.500000000000002 10.500000000000002 0
decision_type=2 2 2 2 2 2 9
left_child=2 3 6 -2 -4 -3 -1
right_child=1 5 4 -5 -6 -7 -8
leaf_value=-0.0025209398519589719 0.00100433722183538 0.0080201819003167009 -0.00017527345093573145 0.0027899118487818755 -0.0015619431820558638 0.0037983355646739958 -0.0014392794343691866
leaf_weight=1583 3627 298 5200 1483 939 93 2875
leaf_count=1583 3627 298 5200 1483 939 93 2875
internal_value=-1.41256e-06 0.00191303 -0.000995217 0.00152254 -0.000387376 0.00701613 -0.00183226
internal_weight=16098 5501 10597 5110 6139 391 4458
internal_count=16098 5501 10597 5110 6139 391 4458
cat_boundaries=0 1
cat_threshold=16580
is_linear=0
shrinkage=0.00834467


Tree=271
num_leaves=8
num_cat=0
split_feature=18 20 18 48 18 6 48
split_gain=459.065 148.027 75.1063 33.6921 30.2692 21.7319 15.1315
threshold=24.215098381511236 27.302216529846195 22.310791015625004 32.343348694069348 25.976819038391117 15.500000000000002 21.21093788117139
decision_type=2 2 2 2 2 2 2
left_child=2 4 6 -3 -2 -4 -1
right_child=1 3 5 -5 -6 -7 -8
leaf_value=-0.003421381326458685 0.0010649955044124942 0.0046103092678314245 -0.00022518060135136007 0.0093288469352484308 0.0026878416996907882 -0.0015721606487585854 -0.0017023422165750705
leaf_weight=392 3716 619 5382 127 1020 987 3944
leaf_count=392 3716 619 5382 127 1020 987 3944
internal_value=-5.00975e-06 0.00195874 -0.00101064 0.00541371 0.00141452 -0.000433923 -0.00185776
internal_weight=16187 5482 10705 746 4736 6369 4336
internal_count=16187 5482 10705 746 4736 6369 4336
is_linear=0
shrinkage=0.00834467


Tree=272
num_leaves=8
num_cat=0
split_feature=18 20 18 3 19 8 48
split_gain=440.768 149.471 70.9434 42.0903 32.7588 19.1742 13.1579
threshold=24.042524337768558 27.302216529846195 22.295860290527347 3.1661955000000006 25.349157333374027 1.5000000000000002 21.21093788117139
decision_type=2 2 2 2 2 2 2
left_child=2 4 6 -3 -2 -4 -1
right_child=1 3 5 -5 -6 -7 -8
leaf_value=-0.0033456452725103948 0.00076087629446689245 0.005970867471990428 0.00048028709868424353 -0.00026044157131771773 0.0021077975982526894 -0.00069527385854596451 -0.0017234531326944648
leaf_weight=383 3088 674 1210 85 2121 4794 3830
leaf_count=383 3088 674 1210 85 2121 4794 3830
internal_value=1.1633e-05 0.00181342 -0.00104084 0.00527303 0.00130932 -0.00045836 -0.00187093
internal_weight=16185 5968 10217 759 5209 6004 4213
internal_count=16185 5968 10217 759 5209 6004 4213
is_linear=0
shrinkage=0.00834467


Tree=273
num_leaves=8
num_cat=1
split_feature=9 9 9 43 49 6 0
split_gain=428.993 157.601 61.109 53.0655 21.8316 16.938 15.0428
threshold=23.94834136962891 26.339530944824222 22.325141906738285 30.254060745239261 25.438292408559082 15.500000000000002 0
decision_type=2 2 2 2 2 2 9
left_child=2 4 6 -3 -2 -4 -1
right_child=1 3 5 -5 -6 -7 -8
leaf_value=-0.0024901783756064995 0.0006885700340835525 0.00336266127565242 -0.00029475818493655207 0.0073262488376708507 0.0019497251219225832 -0.001543193470178607 -0.0014329848164201684
leaf_weight=1541 3535 1028 4672 305 1310 903 2775
leaf_count=1541 3535 1028 4672 305 1310 903 2775
internal_value=3.4779e-06 0.00172866 -0.00107409 0.00426961 0.00102957 -0.000496973 -0.00181954
internal_weight=16069 6178 9891 1333 4845 5575 4316
internal_count=16069 6178 9891 1333 4845 5575 4316
cat_boundaries=0 1
cat_threshold=16580
is_linear=0
shrinkage=0.00834467


Tree=274
num_leaves=8
num_cat=0
split_feature=51 51 20 8 9 9 9
split_gain=417.237 164.281 91.7753 32.5811 26.1347 20.9317 10.9441
threshold=25.573138395991617 23.012443002119468 29.556647300720218 1.5000000000000002 21.770780563354496 26.561666488647464 32.293060301655281
decision_type=2 2 2 2 2 2 2
left_child=1 4 5 -3 -1 -2 -4
right_child=2 3 6 -5 -6 -7 -8
leaf_value=-0.0023021727308822466 0.0019889933713631842 0.0011087822325952922 0.0061887995949778995 -8.0125276899361699e-05 -0.0011531648164842877 0.0037537061014960736 0.0093868637712379681
leaf_weight=1950 1348 2481 187 4546 4703 717 124
leaf_count=1950 1348 2481 187 4546 4703 717 124
internal_value=1.04695e-05 -0.000550143 0.00323822 0.000339639 -0.00148994 0.00260174 0.00746416
internal_weight=16056 13680 2376 7027 6653 2065 311
internal_count=16056 13680 2376 7027 6653 2065 311
is_linear=0
shrinkage=0.00834467


Tree=275
num_leaves=8
num_cat=0
split_feature=9 26 41 41 9 45 9
split_gain=419.003 121.302 110.87 31.2963 25.1366 19.1559 14.9124
threshold=25.102458953857425 22.742601394653324 30.226440429687504 23.955087661743168 23.350099565473638 21.468225478728034 32.756839752197273
decision_type=2 2 2 2 2 2 2
left_child=1 5 3 -2 -3 -1 -4
right_child=2 4 6 -5 -6 -7 -8
leaf_value=-0.002526433576057988 -0.00076043724351007168 -0.00062485349355082649 0.0063798707576051767 0.0023587722965197019 0.0004389120163455 -0.001335320419312124 0.010865391468702631
leaf_weight=1174 243 2388 251 2862 4391 4721 65
leaf_count=1174 243 2388 251 2862 4391 4721 65
internal_value=2.41024e-06 -0.000697096 0.00259391 0.00211466 6.4185e-05 -0.00157254 0.00730283
internal_weight=16095 12674 3421 3105 6779 5895 316
internal_count=16095 12674 3421 3105 6779 5895 316
is_linear=0
shrinkage=0.00834467


Tree=276
num_leaves=8
num_cat=0
split_feature=49 51 51 12 9 6 6
split_gain=410.485 109.236 107.531 27.6549 26.7933 20.9868 19.4426
threshold=24.902844619445563 28.34307750069198 23.012443002119468 1.5000000000000002 21.372426986694339 10.500000000000002 8.5000000000000018
decision_type=2 2 2 2 2 2 2
left_child=2 3 4 -2 -1 -3 -4
right_child=1 5 6 -5 -6 -7 -8
leaf_value=-0.0027602640195107755 0.001622096291882306 0.0074777212892808385 0.0024731995062893058 0.0043349533299967833 -0.0012601478444548015 0.0035936696614985862 -1.4392868322710025e-05
leaf_weight=968 3074 305 228 286 5777 142 5407
leaf_count=968 3074 305 228 286 5777 142 5407
internal_value=-2.77053e-05 0.0023686 -0.0007646 0.00185302 -0.00147544 0.00624397 8.62627e-05
internal_weight=16187 3807 12380 3360 6745 447 5635
internal_count=16187 3807 12380 3360 6745 447 5635
is_linear=0
shrinkage=0.00834467


Tree=277
num_leaves=8
num_cat=0
split_feature=9 20 9 3 18 6 9
split_gain=416.052 151.355 60.7819 33.8594 33.1973 23.3264 11.2705
threshold=23.94834136962891 27.302216529846195 22.097580909729007 3.1661955000000006 25.314518928527836 15.500000000000002 21.254704474621587
decision_type=2 2 2 2 2 2 2
left_child=2 4 6 -3 -2 -4 -1
right_child=1 3 5 -5 -6 -7 -8
leaf_value=-0.003015787084931291 0.00070623691606176773 0.0058724140711268712 -0.00033269704505967015 9.2108635437045531e-05 0.0020400674661770423 -0.0016004779361227918 -0.0017298138319905513
leaf_weight=570 3291 661 5349 79 2147 1246 2835
leaf_count=570 3291 661 5349 79 2147 1246 2835
internal_value=1.21399e-05 0.00171467 -0.00103969 0.00525534 0.00123285 -0.000572222 -0.00194509
internal_weight=16178 6178 10000 740 5438 6595 3405
internal_count=16178 6178 10000 740 5438 6595 3405
is_linear=0
shrinkage=0.00834467


Tree=278
num_leaves=8
num_cat=0
split_feature=50 18 19 6 51 46 45
split_gain=406.64 162.807 63.3178 35.0825 29.6382 25.4606 14.0865
threshold=24.11316533089893 27.287329673767093 22.327278137207035 10.500000000000002 25.573138395991617 25.589965820312504 21.490518569946293
decision_type=2 2 2 2 2 2 2
left_child=2 4 6 -3 -2 -4 -1
right_child=1 3 5 -5 -6 -7 -8
leaf_value=-0.0025162684380801094 0.00081277066322954885 0.0067054210079766172 -0.00046379810379798417 0.0029230659200164028 0.0021654955775823595 0.0047096418705654354 -0.0014457972314909338
leaf_weight=1172 3496 494 5777 261 1665 67 3175
leaf_count=1172 3496 494 5777 261 1665 67 3175
internal_value=3.84448e-05 0.00177865 -0.000971767 0.00539793 0.00124918 -0.000404478 -0.00173441
internal_weight=16107 5916 10191 755 5161 5844 4347
internal_count=16107 5916 10191 755 5161 5844 4347
is_linear=0
shrinkage=0.00834467


Tree=279
num_leaves=8
num_cat=0
split_feature=9 9 24 6 26 9 24
split_gain=411.982 112.007 103.097 41.9551 27.5542 23.6108 16.93
threshold=24.981026649475101 26.633753776550297 22.571095466613773 10.500000000000002 23.491614341735843 23.461296082253423 21.302879333496097
decision_type=2 2 2 2 2 2 2
left_child=2 4 6 -3 -2 -4 -1
right_child=1 3 5 -5 -6 -7 -8
leaf_value=-0.0027971015378494609 -0.0037015765451250595 0.0061990474199197804 -0.00057482958793447271 0.0028585671928188948 0.0016817275038978005 0.00039189817708994254 -0.0014033069529420276
leaf_weight=698 68 606 3243 461 2500 3845 4647
leaf_count=698 68 606 3243 461 2500 3845 4647
internal_value=1.22101e-05 0.00248338 -0.000710279 0.00475582 0.00153917 -5.04127e-05 -0.00158533
internal_weight=16068 3635 12433 1067 2568 7088 5345
internal_count=16068 3635 12433 1067 2568 7088 5345
is_linear=0
shrinkage=0.00834467


Tree=280
num_leaves=8
num_cat=0
split_feature=48 40 48 51 6 6 23
split_gain=373.009 143.432 56.7758 48.6614 17.7386 12.8478 12.4439
threshold=23.959574127197268 29.504385948181156 22.277383804352542 25.789075692463467 15.500000000000002 10.500000000000002 21.303067207336429
decision_type=2 2 2 2 2 2 2
left_child=2 3 6 -2 -4 -3 -1
right_child=1 5 4 -5 -6 -7 -8
leaf_value=-0.002803280121251125 0.00079133692120368822 0.007450522420868925 -0.00028370264100551526 0.002476831475395274 -0.0015328026454369005 0.0038617520506717289 -0.0015723204236681788
leaf_weight=689 4304 284 4775 1650 949 92 3364
leaf_count=689 4304 284 4775 1650 949 92 3364
internal_value=-4.10127e-06 0.0015741 -0.00102589 0.00125843 -0.000490797 0.00657254 -0.00178159
internal_weight=16107 6330 9777 5954 5724 376 4053
internal_count=16107 6330 9777 5954 5724 376 4053
is_linear=0
shrinkage=0.00834467


Tree=281
num_leaves=8
num_cat=0
split_feature=18 19 40 12 28 20 22
split_gain=370.499 101.842 101.366 34.8007 24.4489 14.0886 13.7543
threshold=24.957457542419437 22.356134414672855 29.504385948181156 2.5000000000000004 23.258908269516606 32.335674285888679 21.322292327880863
decision_type=2 2 2 2 2 2 2
left_child=1 6 3 -2 -3 -4 -1
right_child=2 4 5 -5 -6 -7 -8
leaf_value=-0.0027237895096491713 0.0017264531083571279 -0.00067629809152842458 0.0052688800415951493 0.0077143258006330141 0.00026623268073178039 0.0086869158514630389 -0.0014849914612214011
leaf_weight=749 3280 3241 252 69 4689 126 3743
leaf_count=749 3280 3241 252 69 4689 126 3743
internal_value=4.68058e-06 -0.000687651 0.0023122 0.00184984 -0.000118981 0.00640842 -0.00169156
internal_weight=16149 12422 3727 3349 7930 378 4492
internal_count=16149 12422 3727 3349 7930 378 4492
is_linear=0
shrinkage=0.00834467


Tree=282
num_leaves=8
num_cat=0
split_feature=49 20 51 19 20 6 45
split_gain=379.557 116.222 104.835 20.8957 20.2641 20.2579 16.576
threshold=24.929852104187017 27.960625648498539 22.539838314040285 23.075007438659672 32.335674285888679 10.500000000000002 21.490518569946293
decision_type=2 2 2 2 2 2 2
left_child=2 5 6 -4 -3 -2 -1
right_child=1 4 3 -5 -6 -7 -8
leaf_value=-0.0024472285552498058 0.0025261772101663306 0.0049730978073879023 -0.00073372992785789416 0.00024072146912115065 0.0087252021530810388 0.0011734285690780792 -0.0013334275883726372
leaf_weight=1235 1316 438 2167 5232 130 1861 3773
leaf_count=1235 1316 438 2167 5232 130 1861 3773
internal_value=2.70513e-05 0.00235536 -0.000675741 -4.46739e-05 0.00583199 0.00173378 -0.0016081
internal_weight=16152 3745 12407 7399 568 3177 5008
internal_count=16152 3745 12407 7399 568 3177 5008
is_linear=0
shrinkage=0.00834467


Tree=283
num_leaves=8
num_cat=0
split_feature=9 39 18 52 9 6 9
split_gain=385.734 99.8737 89.1126 34.1038 24.1341 20.7282 14.0562
threshold=24.889999390187992 30.205330848693851 23.037331581115726 1.6599892834646715 21.472457885742191 15.500000000000002 32.756839752197273
decision_type=2 2 2 2 2 2 2
left_child=2 3 4 -2 -1 -4 -3
right_child=1 6 5 -5 -6 -7 -8
leaf_value=-0.0023869957285577057 0.0019913986330535854 0.0058589713745355616 0.00023869765270641302 -0.0040632135812684452 -0.0011242357249000618 -0.0015216832552524821 0.010204961757328183
leaf_weight=1293 3483 256 4871 66 5700 515 65
leaf_count=1293 3483 256 4871 66 5700 515 65
internal_value=-1.74978e-05 0.00228196 -0.000736371 0.00187879 -0.00135772 7.03706e-05 0.00673928
internal_weight=16249 3870 12379 3549 6993 5386 321
internal_count=16249 3870 12379 3549 6993 5386 321
is_linear=0
shrinkage=0.00834467


Tree=284
num_leaves=8
num_cat=0
split_feature=9 20 47 9 9 8 9
split_gain=355.283 145.189 56.1794 36.843 24.3667 21.3999 11.9767
threshold=23.94834136962891 27.960625648498539 22.258134841918949 25.880230903625492 32.293060301655281 1.5000000000000002 21.279867172241214
decision_type=2 2 2 2 2 2 2
left_child=2 3 6 -2 -3 -4 -1
right_child=1 4 5 -5 -6 -7 -8
leaf_value=-0.002884007244702118 0.00079284856070099548 0.0046308133296374824 0.00056139690913845292 0.0023827846635747678 0.0087125226931775313 -0.00070510129767999781 -0.0015636636847324878
leaf_weight=560 4273 446 1142 1331 132 4981 3283
leaf_count=560 4273 446 1142 1331 132 4981 3283
internal_value=9.61685e-06 0.00158118 -0.00096524 0.00117048 0.0055631 -0.000468886 -0.00175607
internal_weight=16148 6182 9966 5604 578 6123 3843
internal_count=16148 6182 9966 5604 578 6123 3843
is_linear=0
shrinkage=0.00834467


Tree=285
num_leaves=8
num_cat=0
split_feature=9 18 51 9 41 6 45
split_gain=357.364 108.482 87.786 26.353 19.1992 19.0664 12.9866
threshold=24.889999390187992 27.693171501159672 22.539838314040285 32.293060301655281 23.979701995849613 15.500000000000002 21.490518569946293
decision_type=2 2 2 2 2 2 2
left_child=2 4 6 -3 -2 -4 -1
right_child=1 3 5 -5 -6 -7 -8
leaf_value=-0.0022864307366940008 -0.00040598792361744995 0.0045117082236266785 4.8347437661484558e-05 0.0087037932973587848 0.0018117977535951825 -0.0012731853856440551 -0.0012996198710406102
leaf_weight=1231 300 500 6437 132 2892 862 3781
leaf_count=1231 300 500 6437 132 2892 862 3781
internal_value=4.98294e-07 0.00222876 -0.000691639 0.00538739 0.00160336 -0.000107725 -0.00154199
internal_weight=16135 3824 12311 632 3192 7299 5012
internal_count=16135 3824 12311 632 3192 7299 5012
is_linear=0
shrinkage=0.00834467


Tree=286
num_leaves=8
num_cat=0
split_feature=18 40 9 50 6 9 9
split_gain=349.17 117.352 65.6328 35.8406 18.9611 18.7641 13.0427
threshold=24.267765045166019 29.504385948181156 22.212726593017585 25.909075117134645 15.500000000000002 32.756839752197273 21.120005607604984
decision_type=2 2 2 2 2 2 2
left_child=2 3 6 -2 -4 -3 -1
right_child=1 5 4 -5 -6 -7 -8
leaf_value=-0.0035611850219405125 0.00094176524467970218 0.0053378317274845061 -0.0001895726318489374 0.0025003399745178521 -0.0013529465039153845 0.010253431252679808 -0.0016114222933768122
leaf_weight=256 3543 322 5844 1447 1171 65 3577
leaf_count=256 3543 322 5844 1447 1171 65 3577
internal_value=-1.7161e-06 0.00173704 -0.000863564 0.00139372 -0.000383774 0.00616368 -0.00174165
internal_weight=16225 5377 10848 4990 7015 387 3833
internal_count=16225 5377 10848 4990 7015 387 3833
is_linear=0
shrinkage=0.00834467


Tree=287
num_leaves=8
num_cat=0
split_feature=9 51 40 26 44 6 20
split_gain=350.834 99.2835 89.9501 30.0778 18.7932 18.0266 11.7847
threshold=25.188035964965824 22.922911167269781 29.504385948181156 23.621253013610843 21.490017890930179 15.500000000000002 32.335674285888679
decision_type=2 2 2 2 2 2 2
left_child=1 4 3 -2 -1 -3 -4
right_child=2 5 6 -5 -6 -7 -8
leaf_value=-0.0022674235179572346 -0.0035238236257119906 0.00025340540504462968 0.0052666821195407488 0.0020937098654740249 -0.0011367237494395968 -0.001135988161398995 0.0084143511472262005
leaf_weight=1278 68 5822 242 2755 5142 732 126
leaf_count=1278 68 5822 242 2755 5142 732 126
internal_value=-1.45775e-05 -0.000624253 0.00246424 0.00195838 -0.00136181 9.8226e-05 0.00634461
internal_weight=16165 12974 3191 2823 6420 6554 368
internal_count=16165 12974 3191 2823 6420 6554 368
is_linear=0
shrinkage=0.00834467


Tree=288
num_leaves=8
num_cat=0
split_feature=49 19 51 9 8 6 44
split_gain=337.373 100.119 87.5965 21.6859 21.6822 18.0245 14.1461
threshold=24.902844619445563 27.711486816406254 22.539838314040285 32.293060301655281 1.5000000000000002 14.500000000000002 21.490017890930179
decision_type=2 2 2 2 2 2 2
left_child=2 5 6 -3 -4 -2 -1
right_child=1 3 4 -5 -6 -7 -8
leaf_value=-0.0022883525036011027 0.0019053729457404332 0.004452766365440201 0.0006414698735638547 0.0083078998282726853 -0.00037428402585700361 0.00034666799885132928 -0.0012675941458723443
leaf_weight=1265 2459 493 2026 128 5269 654 3742
leaf_count=1265 2459 493 2026 128 5269 654 3742
internal_value=-8.71892e-06 0.00218821 -0.00067555 0.0052475 -9.21838e-05 0.00157791 -0.00152549
internal_weight=16036 3734 12302 621 7295 3113 5007
internal_count=16036 3734 12302 621 7295 3113 5007
is_linear=0
shrinkage=0.00834467


Tree=289
num_leaves=8
num_cat=0
split_feature=9 9 23 21 6 6 9
split_gain=328.38 129.553 50.1662 43.8925 22.4617 13.8766 11.2314
threshold=23.94834136962891 26.561666488647464 22.154624938964847 29.592650413513187 10.500000000000002 15.500000000000002 21.150186538696293
decision_type=2 2 2 2 2 2 2
left_child=2 4 6 -3 -2 -4 -1
right_child=1 3 5 -5 -6 -7 -8
leaf_value=-0.0032478841741839853 0.0016761840180531491 0.0030594166967435371 -0.00032193633191929943 0.0067683998012327291 0.00050933565405588527 -0.0013129538341253809 -0.0015973225310547848
leaf_weight=315 1789 833 5227 303 3210 1212 3238
leaf_count=315 1789 833 5227 303 3210 1212 3238
internal_value=-1.46488e-05 0.00150498 -0.000947691 0.00404875 0.00092692 -0.000508475 -0.00174367
internal_weight=16127 6135 9992 1136 4999 6439 3553
internal_count=16127 6135 9992 1136 4999 6439 3553
is_linear=0
shrinkage=0.00834467


Tree=290
num_leaves=8
num_cat=0
split_feature=49 51 43 9 12 55 15
split_gain=333.841 100.066 86.101 20.4954 17.3932 15.748 11.0287
threshold=25.194448757163091 23.012443002119468 30.254060745239261 21.372426986694339 1.5000000000000002 0.42344302081067603 7.1096203096097215
decision_type=2 2 2 2 2 2 8
left_child=1 3 4 -1 -2 -3 -4
right_child=2 5 6 -5 -6 -7 -8
leaf_value=-0.002435945631906035 0.0017657799653290796 -0.00028841261828648629 0.0085533877183329825 -0.0011244120286604423 0.0040307457313204986 0.0005515815117257168 0.0053257030846375984
leaf_weight=970 2567 2948 124 5736 260 3287 182
leaf_count=970 2567 2948 124 5736 260 3287 182
internal_value=-1.48612e-05 -0.000606577 0.00242924 -0.00131412 0.0019741 0.00015442 0.00663388
internal_weight=16074 12941 3133 6706 2827 6235 306
internal_count=16074 12941 3133 6706 2827 6235 306
is_linear=0
shrinkage=0.00834467


Tree=291
num_leaves=8
num_cat=0
split_feature=28 19 19 6 47 10 56
split_gain=329.412 109.14 76.7394 25.9564 23.8317 20.7692 15.1758
threshold=25.438578604089361 23.075007438659672 28.498593330383304 14.500000000000002 22.073082926318364 3.5000000000000004 -0.21172714233398435
decision_type=2 2 2 2 2 2 2
left_child=1 4 5 -3 -1 -2 -4
right_child=2 3 6 -5 -6 -7 -8
leaf_value=-0.0018259886984485964 0.0017140527700713914 0.00054554246797793504 0.0025642861323995499 -0.00072894018444294017 -0.00084540026375441008 0.0040563093059551936 0.0066160174086322496
leaf_weight=3027 2028 4784 79 1450 4015 303 348
leaf_count=3027 2028 4784 79 1450 4015 303 348
internal_value=-9.87948e-06 -0.000555036 0.0026143 0.000249103 -0.00126691 0.00201853 0.00586647
internal_weight=16034 13276 2758 6234 7042 2331 427
internal_count=16034 13276 2758 6234 7042 2331 427
is_linear=0
shrinkage=0.00834467


Tree=292
num_leaves=8
num_cat=0
split_feature=18 39 9 50 47 16 9
split_gain=323.175 104.41 61.0714 36.2681 19.5987 11.2549 11.2261
threshold=24.379463194621586 30.205330848693851 22.212726593017585 25.86763687126404 23.121313095092777 -3.1491484999999995 21.085356712341312
decision_type=2 2 2 2 2 10 2
left_child=2 3 6 -2 -4 -3 -1
right_child=1 5 4 -5 -6 -7 -8
leaf_value=-0.003592195311872421 0.00091750678548956023 0.0055612565528262376 -0.00083592597715469825 0.0024649903553666647 3.8278918267354098e-05 0.0094533335834076516 -0.0015518387565063416
leaf_weight=198 3221 254 3239 1568 3980 65 3635
leaf_count=198 3221 254 3239 1568 3980 65 3635
internal_value=-3.70435e-06 0.0017321 -0.000805958 0.00142418 -0.000353957 0.00635458 -0.00165725
internal_weight=16160 5108 11052 4789 7219 319 3833
internal_count=16160 5108 11052 4789 7219 319 3833
is_linear=0
shrinkage=0.00834467


Tree=293
num_leaves=8
num_cat=0
split_feature=9 26 38 53 9 24 9
split_gain=306.378 93.9829 71.8718 26.7748 21.5692 16.0207 12.7537
threshold=25.24792575836182 22.742601394653324 29.454442977905277 1.5637347526849001 23.440654754638675 21.302879333496097 32.293060301655281
decision_type=2 2 2 2 2 2 2
left_child=1 5 3 -2 -3 -1 -4
right_child=2 4 6 -5 -6 -7 -8
leaf_value=-0.0025301434963859661 0.0020639216433455368 -0.00050848837808969679 0.0048055981783228837 -0.0025413393628336313 0.00043795909001501928 -0.001183670670787321 0.0081760966103585457
leaf_weight=698 2582 2693 249 91 4443 5195 114
leaf_count=698 2582 2693 249 91 4443 5195 114
internal_value=-6.98283e-06 -0.000563263 0.00238029 0.00190713 8.07864e-05 -0.00134316 0.00586429
internal_weight=16065 13029 3036 2673 7136 5893 363
internal_count=16065 13029 3036 2673 7136 5893 363
is_linear=0
shrinkage=0.00834467


Tree=294
num_leaves=8
num_cat=0
split_feature=9 20 9 29 8 52 48
split_gain=297.294 101.782 43.8208 35.8792 17.1725 15.745 11.0745
threshold=23.94834136962891 29.036958694458011 22.212726593017585 25.507610321044925 1.5000000000000002 0.31544454922345005 21.21093788117139
decision_type=2 2 2 2 2 2 2
left_child=2 3 6 -2 -4 -3 -1
right_child=1 5 4 -5 -6 -7 -8
leaf_value=-0.0029629296857178289 0.000669143439524804 0.0067117745913426851 0.00046389781704318973 0.0020287736484931127 -0.00066300921907377431 0.0027690159318297962 -0.0014417720584490963
leaf_weight=369 3622 274 1161 2156 4983 95 3442
leaf_count=369 3622 274 1161 2156 4983 95 3442
internal_value=4.89003e-06 0.00144784 -0.0008861 0.00117648 -0.000450063 0.0056968 -0.00158907
internal_weight=16102 6147 9955 5778 6144 369 3811
internal_count=16102 6147 9955 5778 6144 369 3811
is_linear=0
shrinkage=0.00834467


Tree=295
num_leaves=8
num_cat=0
split_feature=49 9 26 6 9 23 10
split_gain=316.756 87.1359 84.6726 29.6864 18.5823 16.7748 14.6492
threshold=24.902844619445563 27.279413225681157 22.784187316894535 10.500000000000002 23.461296082253423 21.585281372141115 3.5000000000000004
decision_type=2 2 2 2 2 2 2
left_child=2 6 5 -3 -4 -1 -2
right_child=1 3 4 -5 -6 -7 -8
leaf_value=-0.0020967943196175355 0.0012731172477070836 0.0058681769722892666 -0.00050209173966179294 0.002366705867974348 0.00041825327894367192 -0.0010858516979799524 0.003017697753387707
leaf_weight=1530 2635 494 2593 256 3718 4518 384
leaf_count=1530 2635 494 2593 256 3718 4518 384
internal_value=9.764e-06 0.00212744 -0.000636043 0.00467305 4.0111e-05 -0.0013416 0.00149503
internal_weight=16128 3769 12359 750 6311 6048 3019
internal_count=16128 3769 12359 750 6311 6048 3019
is_linear=0
shrinkage=0.00834467


Tree=296
num_leaves=8
num_cat=0
split_feature=9 9 48 53 6 6 9
split_gain=309.987 110.392 43.5869 39.8309 18.1485 14.4382 11.9853
threshold=23.922519683837894 26.478566169738773 22.266011809740238 1.355801169640211 10.500000000000002 15.500000000000002 21.120005607604984
decision_type=2 2 2 2 2 2 2
left_child=2 4 6 -3 -2 -4 -1
right_child=1 3 5 -5 -6 -7 -8
leaf_value=-0.0033241808833983626 0.0015761130431508126 0.0041547514613058971 -0.00029151857494123969 -0.0016178925110602771 0.00052565409697179655 -0.001400213455456609 -0.0014849181789441264
leaf_weight=264 1775 1106 4870 90 3228 983 3766
leaf_count=264 1775 1106 4870 90 3228 983 3766
internal_value=-2.00194e-05 0.00144281 -0.000937564 0.00372035 0.000898346 -0.000477724 -0.00160541
internal_weight=16082 6199 9883 1196 5003 5853 4030
internal_count=16082 6199 9883 1196 5003 5853 4030
is_linear=0
shrinkage=0.00834467


Tree=297
num_leaves=8
num_cat=0
split_feature=9 20 9 6 3 8 54
split_gain=287.165 111.183 43.205 28.1327 27.0562 18.98 13.9975
threshold=23.94834136962891 27.302216529846195 22.325141906738285 10.500000000000002 3.1661955000000006 1.5000000000000002 0.76550912427142437
decision_type=2 2 2 2 2 2 2
left_child=2 3 6 -2 -3 -4 -1
right_child=1 4 5 -5 -6 -7 -8
leaf_value=-0.0014318752820001979 0.0017916395329655344 0.0049450982859525492 0.00056281440335109593 0.00053619307918298333 -0.00021661953694336573 -0.00065070087312699729 -0.0041234895476664618
leaf_weight=4185 1927 674 1120 3501 79 4517 139
leaf_count=4185 1927 674 1120 3501 79 4517 139
internal_value=-1.4176e-05 0.00139874 -0.000890922 0.000981893 0.00440357 -0.00040959 -0.00151841
internal_weight=16142 6181 9961 5428 753 5637 4324
internal_count=16142 6181 9961 5428 753 5637 4324
is_linear=0
shrinkage=0.00834467


Tree=298
num_leaves=8
num_cat=0
split_feature=28 19 20 6 47 18 17
split_gain=289.746 100.871 80.9039 21.8245 21.0968 17.6087 14.6579
threshold=25.438578604089361 23.075007438659672 27.302216529846195 14.500000000000002 22.073082926318364 29.014486314812014 1.3374230000000005
decision_type=2 2 2 2 2 2 8
left_child=1 4 6 -3 -1 -4 -2
right_child=2 3 5 -5 -6 -7 -8
leaf_value=-0.0017036138017931476 0.0022138693375476732 0.00054776504320292396 0.0035731211262789997 -0.00061345125038069273 -0.00078226365818906808 0.0061926292150446295 0.00076364730775507501
leaf_weight=3033 1213 4809 353 1472 4030 362 809
leaf_count=3033 1213 4809 353 1472 4030 362 809
internal_value=1.35548e-05 -0.000493735 0.00248679 0.000275625 -0.00117791 0.00489943 0.00163364
internal_weight=16081 13344 2737 6281 7063 715 2022
internal_count=16081 13344 2737 6281 7063 715 2022
is_linear=0
shrinkage=0.00834467


Tree=299
num_leaves=8
num_cat=0
split_feature=28 51 9 9 47 17 9
split_gain=320.332 101.82 81.0186 21.7153 19.9486 16.2848 11.9543
threshold=25.438578604089361 23.012443002119468 29.008979797363285 24.039432525634769 22.093097686767582 1.3241850000000006 32.756839752197273
decision_type=2 2 2 2 2 8 2
left_child=1 4 5 -3 -1 -2 -4
right_child=2 3 6 -5 -6 -7 -8
leaf_value=-0.0017110271564189207 0.0026332228887172796 -0.00023155043171376501 0.0055537603316687754 0.00072698405367284857 -0.00079640028937289886 0.0012348312549086938 0.0094723985929846925
leaf_weight=3171 1408 3410 304 3181 3486 986 66
leaf_count=3171 1408 3410 304 3181 3486 986 66
internal_value=3.49636e-05 -0.00050415 0.00261896 0.000231065 -0.00123208 0.00205728 0.00625299
internal_weight=16012 13248 2764 6591 6657 2394 370
internal_count=16012 13248 2764 6591 6657 2394 370
is_linear=0
shrinkage=0.00834467


Tree=300
num_leaves=8
num_cat=0
split_feature=49 19 9 53 28 47 59
split_gain=288.454 90.106 68.4585 24.7623 21.4583 20.9339 14.3306
threshold=25.194448757163091 23.075007438659672 27.279413225681157 1.0928461243803695 22.811860084533695 21.892194747924808 5.5000000000000009
decision_type=2 2 2 2 2 2 2
left_child=1 5 6 -4 -3 -1 -2
right_child=2 4 3 -5 -6 -7 -8
leaf_value=-0.0018273666486524215 0.0014413363811864965 -0.0015928021641438566 0.0049910140690688828 -0.00016003144481164283 0.00035131547467535744 -0.00086415805020629969 0.0044726143878763072
leaf_weight=2350 2290 426 667 72 5491 4741 114
leaf_count=2350 2290 426 667 72 5491 4741 114
internal_value=-7.83674e-07 -0.000548953 0.00226793 0.00448916 0.000211345 -0.00118337 0.0015851
internal_weight=16151 13008 3143 739 5917 7091 2404
internal_count=16151 13008 3143 739 5917 7091 2404
is_linear=0
shrinkage=0.00834467


Tree=301
num_leaves=8
num_cat=1
split_feature=49 18 9 7 8 7 0
split_gain=291.448 81.9088 73.9194 26.0992 23.2157 17.2502 16.884
threshold=24.902844619445563 27.287329673767093 22.532274246215824 51.500000000000007 1.5000000000000002 19.500000000000004 0
decision_type=2 2 2 2 2 2 9
left_child=2 5 6 -3 -4 -2 -1
right_child=1 3 4 -5 -6 -7 -8
leaf_value=-0.0021697330816112877 0.0023136765645451187 0.005167396204446833 0.00072270032722808811 0.00051999757940559633 -0.00034988881292682977 0.0009812544388221637 -0.0010746037090065567
leaf_weight=1357 1030 635 1934 97 5139 1972 3876
leaf_count=1357 1030 635 1934 97 5139 1972 3876
internal_value=6.70852e-06 0.00204872 -0.000612899 0.00455157 -5.66057e-05 0.00143842 -0.00136479
internal_weight=16040 3734 12306 732 7073 3002 5233
internal_count=16040 3734 12306 732 7073 3002 5233
cat_boundaries=0 1
cat_threshold=132
is_linear=0
shrinkage=0.00834467


Tree=302
num_leaves=8
num_cat=0
split_feature=9 9 9 6 6 6 54
split_gain=274.529 105.772 40.5232 37.3077 19.3153 16.7897 12.0215
threshold=23.94834136962891 26.478566169738773 22.197195053100589 10.500000000000002 10.500000000000002 15.500000000000002 0.63041076771840665
decision_type=2 2 2 2 2 2 2
left_child=2 4 6 -3 -2 -4 -1
right_child=1 3 5 -5 -6 -7 -8
leaf_value=-0.0014431305655716934 0.0015344116843966536 0.0049236191567091133 -0.00025023754846041667 0.0019794018736039071 0.00044758867396996351 -0.0013853837302594204 -0.0036531354772020761
leaf_weight=3582 1768 660 5114 549 3199 1103 180
leaf_count=3582 1768 660 5114 549 3199 1103 180
internal_value=-9.51247e-06 0.00137322 -0.000865288 0.00358669 0.000834445 -0.000451633 -0.00154888
internal_weight=16155 6176 9979 1209 4967 6217 3762
internal_count=16155 6176 9979 1209 4967 6217 3762
is_linear=0
shrinkage=0.00834467


Tree=303
num_leaves=8
num_cat=1
split_feature=48 9 48 54 47 0 9
split_gain=276.897 92.8052 41.8251 31.4652 17.6557 17.3718 11.6069
threshold=24.036989212036136 26.633753776550297 22.266011809740238 1.1357041280018021 24.489542961120609 0 21.150186538696293
decision_type=2 2 2 2 2 9 2
left_child=2 5 6 -3 -4 -2 -1
right_child=1 3 4 -5 -6 -7 -8
leaf_value=-0.0030470047929544628 -7.7391660566248556e-05 0.0043000696488255984 -0.00056886022237670117 0.00042686506518549151 0.00087230458182487817 0.0011769138756847553 -0.001380006211757252
leaf_weight=316 957 883 5387 175 665 4024 3654
leaf_count=316 957 883 5387 175 665 4024 3654
internal_value=3.40878e-06 0.00141489 -0.000847116 0.00365943 -0.000410502 0.000938132 -0.0015127
internal_weight=16061 6039 10022 1058 6052 4981 3970
internal_count=16061 6039 10022 1058 6052 4981 3970
cat_boundaries=0 1
cat_threshold=1352
is_linear=0
shrinkage=0.00834467


Tree=304
num_leaves=8
num_cat=0
split_feature=18 18 9 50 8 9 48
split_gain=249.68 96.6686 45.7455 32.7815 17.1714 12.6094 9.42531
threshold=24.042524337768558 29.502583503723148 22.181776046752933 25.86763687126404 1.5000000000000002 32.756839752197273 21.21093788117139
decision_type=2 2 2 2 2 2 2
left_child=2 3 6 -2 -4 -3 -1
right_child=1 5 4 -5 -6 -7 -8
leaf_value=-0.0028049731690609645 0.00069905374391710125 0.0049828219930674461 0.00049407800656737198 0.0021254102207728105 -0.00059357177996487316 0.0091038602007584932 -0.001405948015808507
leaf_weight=373 4036 253 1251 1554 5263 65 3320
leaf_count=373 4036 253 1251 1554 5263 65 3320
internal_value=-1.50843e-05 0.00135017 -0.000805321 0.00109558 -0.000384691 0.00582542 -0.00154726
internal_weight=16115 5908 10207 5590 6514 318 3693
internal_count=16115 5908 10207 5590 6514 318 3693
is_linear=0
shrinkage=0.00834467


Tree=305
num_leaves=8
num_cat=1
split_feature=9 9 47 53 0 55 7
split_gain=262.297 91.5297 42.4416 38.6578 17.656 11.258 10.3695
threshold=23.94834136962891 26.478566169738773 22.258134841918949 1.355801169640211 0 0.36084705715733301 32.500000000000007
decision_type=2 2 2 2 9 2 2
left_child=2 4 6 -3 -2 -4 -1
right_child=1 3 5 -5 -6 -7 -8
leaf_value=-0.0011357430875185627 0.0014342659865230576 0.0038342464037320338 -0.00077774792225770366 -0.0017666922518982957 0.00042424208052550767 -5.917636153078242e-05 -0.0020038753934871856
leaf_weight=2075 2043 1109 3025 93 2990 3048 1780
leaf_count=2075 2043 1109 3025 93 2990 3048 1780
internal_value=-9.37149e-06 0.00133203 -0.000851798 0.00340089 0.000837927 -0.000417102 -0.0015366
internal_weight=16163 6235 9928 1202 5033 6073 3855
internal_count=16163 6235 9928 1202 5033 6073 3855
cat_boundaries=0 1
cat_threshold=10880
is_linear=0
shrinkage=0.00834467


Tree=306
num_leaves=8
num_cat=1
split_feature=9 9 51 6 0 55 44
split_gain=261.771 84.4024 55.0798 36.0731 17.1869 15.1742 11.6242
threshold=24.420802116394047 26.478566169738773 22.539838314040285 14.500000000000002 0 0.36710809429059932 21.490017890930179
decision_type=2 2 2 2 9 2 2
left_child=2 4 6 -3 -2 -4 -1
right_child=1 3 5 -5 -6 -7 -8
leaf_value=-0.0020411455242619787 -0.0019357885414588863 0.0040671304050236088 -0.00066519586384556262 -0.0004409458314924021 0.0010991252271680069 0.00018010674400872404 -0.0011130000598371925
leaf_weight=1253 127 1055 2500 140 3656 3620 3757
leaf_count=1253 127 1055 2500 140 3656 3620 3757
internal_value=1.50964e-05 0.00160572 -0.000696328 0.00353899 0.000995023 -0.000165197 -0.00134513
internal_weight=16108 4978 11130 1195 3783 6120 5010
internal_count=16108 4978 11130 1195 3783 6120 5010
cat_boundaries=0 1
cat_threshold=1088
is_linear=0
shrinkage=0.00834467


Tree=307
num_leaves=8
num_cat=0
split_feature=9 19 40 8 9 7 17
split_gain=273.842 72.4563 64.1289 19.2922 19.1672 11.1032 10.5945
threshold=25.188035964965824 22.356134414672855 29.504385948181156 1.5000000000000002 26.339530944824222 32.500000000000007 1.3134190000000003
decision_type=2 2 2 2 2 2 8
left_child=1 5 4 -3 -2 -1 -4
right_child=2 3 6 -5 -6 -7 -8
leaf_value=-0.0010336937994988192 0.0012616182393062766 0.00056741915519373687 0.0064388497243985827 -0.00033283639921695868 0.0027201920617572714 -0.0018713383789379092 0.0035542908952282569
leaf_weight=2477 1911 2262 242 6203 934 1985 140
leaf_count=2477 1911 2262 242 6203 934 1985 140
internal_value=-3.01008e-06 -0.000545847 0.00217153 -9.22716e-05 0.00174047 -0.00140634 0.0053818
internal_weight=16154 12927 3227 8465 2845 4462 382
internal_count=16154 12927 3227 8465 2845 4462 382
is_linear=0
shrinkage=0.00834467


Tree=308
num_leaves=8
num_cat=1
split_feature=29 19 9 6 0 9 9
split_gain=249.094 89.7151 65.4963 21.6601 17.9837 14.9401 8.98089
threshold=25.507610321044925 23.075007438659672 29.486070632934574 10.500000000000002 0 26.561666488647464 32.756839752197273
decision_type=2 2 2 2 9 2 2
left_child=1 4 5 -3 -1 -2 -4
right_child=2 3 6 -5 -6 -7 -8
leaf_value=-0.0017817513685880054 0.0014229632052013463 0.0010529522241104431 0.0051839322819882674 -3.4928599723125194e-05 -0.00083411445910197839 0.0028817853533987157 0.0086411090543199766
leaf_weight=1957 1610 1756 253 4647 5114 702 66
leaf_count=1957 1610 1756 253 4647 5114 702 66
internal_value=6.45484e-06 -0.000452134 0.00235499 0.00026342 -0.00110009 0.00186592 0.00589945
internal_weight=16105 13474 2631 6403 7071 2312 319
internal_count=16105 13474 2631 6403 7071 2312 319
cat_boundaries=0 1
cat_threshold=16580
is_linear=0
shrinkage=0.00834467


Tree=309
num_leaves=8
num_cat=0
split_feature=50 40 26 23 46 53 45
split_gain=242.5 89.1123 37.9261 35.0324 25.8386 12.8109 9.58042
threshold=23.97148790364966 29.504385948181156 25.555297851562504 22.154624938964847 25.243760108947757 0.41269891007107268 21.490518569946293
decision_type=2 2 2 2 2 2 2
left_child=3 2 -2 6 -5 -3 -1
right_child=1 5 -4 4 -6 -7 -8
leaf_value=-0.0021331896911316443 0.00051968424922774637 0.0059688813434446673 0.0019074514112650193 -0.00052795499211753816 0.0037071287463998465 0.00191019746732887 -0.0012035957809089018
leaf_weight=1127 3876 302 2122 6037 102 66 2451
leaf_count=1127 3876 302 2122 6037 102 66 2451
internal_value=-1.07302e-05 0.00125521 0.00101066 -0.0008401 -0.000457583 0.00524103 -0.0014964
internal_weight=16083 6366 5998 9717 6139 368 3578
internal_count=16083 6366 5998 9717 6139 368 3578
is_linear=0
shrinkage=0.00834467


Tree=310
num_leaves=8
num_cat=0
split_feature=26 25 9 14 52 48 52
split_gain=245.69 76.9721 60.8487 22.9195 21.9662 14.0999 10.7605
threshold=25.43283843994141 22.807608604431156 29.486070632934574 1.1965937898913681 1.2615107883420882 21.21093788117139 0.2978380185356494
decision_type=2 2 2 8 2 2 2
left_child=1 5 3 -2 -3 -1 -4
right_child=2 4 6 -5 -6 -7 -8
leaf_value=-0.0027007026002632043 0.0044682027791907329 0.00016854561199315996 0.0065028239036573022 0.0015660863233172954 -0.0033191806285557384 -0.0010576727133377651 0.0026895518712646274
leaf_weight=388 207 7105 249 2240 128 5806 65
leaf_count=388 207 7105 249 2240 128 5806 65
internal_value=-1.16755e-05 -0.000477852 0.00225538 0.0018116 0.00010682 -0.0011606 0.00571356
internal_weight=16188 13427 2761 2447 7233 6194 314
internal_count=16188 13427 2761 2447 7233 6194 314
is_linear=0
shrinkage=0.00834467


Tree=311
num_leaves=8
num_cat=0
split_feature=18 19 47 54 26 8 7
split_gain=239.227 95.3803 37.7138 22.0073 19.5423 14.9569 13.3141
threshold=24.042524337768558 27.298688888549808 22.109875679016117 1.1992826704856399 22.901169776916507 1.5000000000000002 32.500000000000007
decision_type=2 2 2 2 2 2 2
left_child=2 4 6 -3 -2 -4 -1
right_child=1 3 5 -5 -6 -7 -8
leaf_value=-0.00097505112541948578 -0.0035821456138226703 0.0047435371355587508 0.00042459964052391495 0.00062078254113066139 0.0010219716225337442 -0.00057528529291637099 -0.0020375486533235096
leaf_weight=1743 65 638 1275 105 5126 5694 1553
leaf_count=1743 65 638 1275 105 5126 5694 1553
internal_value=3.0817e-05 0.00136457 -0.000740201 0.00416093 0.000964314 -0.000392353 -0.00147568
internal_weight=16199 5934 10265 743 5191 6969 3296
internal_count=16199 5934 10265 743 5191 6969 3296
is_linear=0
shrinkage=0.00834467


Tree=312
num_leaves=8
num_cat=1
split_feature=9 9 9 53 0 6 9
split_gain=249.63 87.7822 36.8602 33.7304 19.6268 15.157 9.91149
threshold=23.94834136962891 26.478566169738773 22.212726593017585 1.355801169640211 0 15.500000000000002 21.150186538696293
decision_type=2 2 2 2 9 2 2
left_child=2 4 6 -3 -2 -4 -1
right_child=1 3 5 -5 -6 -7 -8
leaf_value=-0.0028801037422489244 0.0014446151178706295 0.003717147105793908 -0.00023833427683455765 -0.0016484582667783477 0.00037342948806610635 -0.0013286930240815978 -0.0013458154252186515
leaf_weight=320 2026 1118 5052 88 2928 1077 3499
leaf_count=320 2026 1118 5052 88 2928 1077 3499
internal_value=-1.34497e-05 0.00130667 -0.000830896 0.00332562 0.000815176 -0.000429936 -0.00147438
internal_weight=16108 6160 9948 1206 4954 6129 3819
internal_count=16108 6160 9948 1206 4954 6129 3819
cat_boundaries=0 1
cat_threshold=10880
is_linear=0
shrinkage=0.00834467


Tree=313
num_leaves=8
num_cat=0
split_feature=26 19 19 10 17 18 28
split_gain=238.288 82.9706 61.9656 23.787 23.2029 16.9678 16.6377
threshold=25.320436477661136 23.075007438659672 27.298688888549808 3.5000000000000004 0.44312500000000016 21.560307502746586 22.811860084533695
decision_type=2 2 2 2 10 2 2
left_child=1 5 3 -2 -4 -1 -3
right_child=2 6 4 -5 -6 -7 -8
leaf_value=-0.0018607212606197227 0.0011588462304775629 -0.0013059749189534549 0.0047468149855651176 0.0037719198621180023 -0.00047887780169905561 -0.00085735592310348229 0.00038433180625266892
leaf_weight=1485 2003 437 659 276 65 5597 5622
leaf_count=1485 2003 437 659 276 65 5597 5622
internal_value=3.01974e-05 -0.000454442 0.00215095 0.00147532 0.00427766 -0.00106775 0.000262418
internal_weight=16144 13141 3003 2279 724 7082 6059
internal_count=16144 13141 3003 2279 724 7082 6059
is_linear=0
shrinkage=0.00834467


Tree=314
num_leaves=8
num_cat=0
split_feature=29 27 18 47 6 6 56
split_gain=227.947 77.7998 59.8019 22.9558 22.3207 18.2178 15.2699
threshold=25.507610321044925 23.274158477783207 27.287329673767093 23.882540702819828 16.500000000000004 8.5000000000000018 0.28842258585449271
decision_type=2 2 2 2 2 2 2
left_child=1 3 6 -1 -3 -4 -2
right_child=2 4 5 -5 -6 -7 -8
leaf_value=-0.00108091668446114 0.0011527273941544132 0.00039501832803875335 0.0078388803016414405 0.0010470716676717628 -0.0029669579297787211 0.0038328330036466927 0.0030453132994259571
leaf_weight=7272 1590 5542 91 371 141 602 365
leaf_count=7272 1590 5542 91 371 141 602 365
internal_value=1.65328e-05 -0.00042782 0.00225272 -0.00097762 0.0003116 0.00435898 0.00150609
internal_weight=15974 13326 2648 7643 5683 693 1955
internal_count=15974 13326 2648 7643 5683 693 1955
is_linear=0
shrinkage=0.00834467


Tree=315
num_leaves=8
num_cat=0
split_feature=18 27 17 19 6 8 54
split_gain=214.544 90.4397 35.3557 28.9174 26.3547 14.2903 10.8626
threshold=23.775609016418461 26.817831993103031 -0.6154194999999999 22.327278137207035 10.500000000000002 1.5000000000000002 0.70921875856483474
decision_type=2 2 8 2 2 2 2
left_child=3 4 -3 6 -2 -5 -1
right_child=1 2 -4 5 -6 -7 -8
leaf_value=-0.0012509061521864522 0.0014974168967005403 0.0053311320011969268 0.0021152254319260241 0.00053435796342468406 0.00031018678856412567 -0.00060860662682018769 -0.0036057379758418872
leaf_weight=4180 2008 413 562 931 3703 4189 141
leaf_count=4180 2008 413 562 931 3703 4189 141
internal_value=-1.50785e-05 0.00112863 0.00347749 -0.00082504 0.000727621 -0.000400774 -0.00132776
internal_weight=16127 6686 975 9441 5711 5120 4321
internal_count=16127 6686 975 9441 5711 5120 4321
is_linear=0
shrinkage=0.00834467


Tree=316
num_leaves=8
num_cat=1
split_feature=50 9 6 9 46 10 0
split_gain=216.63 81.7796 37.8018 34.8275 21.5948 15.8691 11.2475
threshold=24.11316533089893 26.561666488647464 14.500000000000002 22.212726593017585 25.243760108947757 3.5000000000000004 0
decision_type=2 2 2 2 2 2 9
left_child=3 5 -3 6 -5 -2 -1
right_child=1 2 -4 4 -6 -7 -8
leaf_value=-0.0018849189868776841 0.00061713591543392538 0.0038284113020590105 -0.00093925305722542441 -0.00044160697271092785 0.0029945931196861736 0.0021845988727764469 -0.0009564005108588119
leaf_weight=1711 4321 998 131 6233 130 502 2122
leaf_count=1711 4321 998 131 6233 130 502 2122
internal_value=-1.1466e-05 0.00125354 0.00327521 -0.000749924 -0.000371399 0.000780289 -0.0013783
internal_weight=16148 5952 1129 10196 6363 4823 3833
internal_count=16148 5952 1129 10196 6363 4823 3833
cat_boundaries=0 1
cat_threshold=16836
is_linear=0
shrinkage=0.00834467


Tree=317
num_leaves=8
num_cat=0
split_feature=29 24 18 8 21 9 7
split_gain=219.392 79.3759 54.7504 20.9102 15.0499 11.7523 11.0475
threshold=25.507610321044925 22.919440269470218 29.014486314812014 1.5000000000000002 21.357341766357425 32.756839752197273 19.500000000000004
decision_type=2 2 2 2 2 2 2
left_child=1 4 6 -3 -1 -4 -2
right_child=2 3 5 -5 -6 -7 -8
leaf_value=-0.0020906242562277466 0.0025301694794814494 0.00083334539264286547 0.0044840451756152097 -0.00012847680264252393 -0.00092108180405115294 0.0083847894304503387 0.0013016349797908072
leaf_weight=887 775 2388 312 4617 5624 65 1489
leaf_count=887 775 2388 312 4617 5624 65 1489
internal_value=1.27184e-05 -0.000417114 0.00221249 0.000199408 -0.00108041 0.00515678 0.00172219
internal_weight=16157 13516 2641 7005 6511 377 2264
internal_count=16157 13516 2641 7005 6511 377 2264
is_linear=0
shrinkage=0.00834467


Tree=318
num_leaves=8
num_cat=0
split_feature=18 40 18 12 9 18 6
split_gain=216.454 66.2994 53.7806 30.3814 15.8439 15.7193 13.4052
threshold=24.957457542419437 29.504385948181156 23.037331581115726 2.5000000000000004 32.756839752197273 21.356708526611332 14.500000000000002
decision_type=2 2 2 2 2 2 2
left_child=2 3 5 -2 -3 -1 -4
right_child=1 4 6 -5 -6 -7 -8
leaf_value=-0.002049094344727288 0.0012706981662336816 0.0042738064146922586 0.0003291078959641092 0.0068653685629281045 0.0087668496053253733 -0.00086317685282032359 -0.00062399635700247623
leaf_weight=893 3285 318 4102 69 66 6059 1371
leaf_count=893 3285 318 4102 69 66 6059 1371
internal_value=1.2672e-06 0.00176186 -0.000528399 0.00138581 0.00504625 -0.00101551 9.03522e-05
internal_weight=16163 3738 12425 3354 384 6952 5473
internal_count=16163 3738 12425 3354 384 6952 5473
is_linear=0
shrinkage=0.00834467


Tree=319
num_leaves=8
num_cat=0
split_feature=9 43 46 50 24 10 16
split_gain=220.875 59.3399 57.8251 23.3906 14.139 14.0932 13.0667
threshold=25.188035964965824 30.254060745239261 22.944412231445316 26.225632000074587 21.302879333496097 3.5000000000000004 -3.3194259999999995
decision_type=2 2 2 2 2 2 10
left_child=2 3 4 -2 -1 -4 -3
right_child=1 6 5 -5 -6 -7 -8
leaf_value=-0.0021986463345144282 0.00099465022233329384 0.0045149187953618004 -5.0488614235173129e-05 0.0025405965178643243 -0.00092213176654443608 0.0014039866711830732 0.0087098861889218192
leaf_weight=676 1813 253 5965 1092 5689 503 65
leaf_count=676 1813 253 5965 1092 5689 503 65
internal_value=-2.55716e-06 0.00195042 -0.000493046 0.00157578 -0.00105771 6.26242e-05 0.00537262
internal_weight=16056 3223 12833 2905 6365 6468 318
internal_count=16056 3223 12833 2905 6365 6468 318
is_linear=0
shrinkage=0.00834467


Tree=320
num_leaves=8
num_cat=1
split_feature=9 19 20 53 28 0 52
split_gain=214.155 76.7191 41.7786 19.2619 16.1953 14.9049 11.5456
threshold=25.674401283264164 23.075007438659672 29.556647300720218 1.355801169640211 22.830192565917972 0 0.2978380185356494
decision_type=2 2 2 2 2 9 2
left_child=1 5 3 -2 -3 -1 -4
right_child=2 4 6 -5 -6 -7 -8
leaf_value=-0.0016108667764048376 0.00215963541623914 -0.0012995128168054901 0.0060893646526682483 -0.0013930068578407694 0.00035024127220101368 -0.0007518351173808036 0.0021312456027435191
leaf_weight=1977 1783 443 244 113 6405 5132 65
leaf_count=1977 1783 443 244 113 6405 5132 65
internal_value=-5.04308e-06 -0.000386841 0.00241162 0.00194789 0.000243516 -0.000994056 0.00525684
internal_weight=16162 13957 2205 1896 6848 7109 309
internal_count=16162 13957 2205 1896 6848 7109 309
cat_boundaries=0 1
cat_threshold=16580
is_linear=0
shrinkage=0.00834467


Tree=321
num_leaves=8
num_cat=0
split_feature=18 39 46 26 18 14 55
split_gain=207.179 74.3956 39.3639 30.3224 14.0048 12.191 11.6461
threshold=24.215098381511236 30.205330848693851 22.944412231445316 25.523788452148441 21.356708526611332 3.5527109676671187 0.42344302081067603
decision_type=2 2 2 2 2 8 2
left_child=2 3 4 -2 -1 -3 -4
right_child=1 5 6 -5 -6 -7 -8
leaf_value=-0.0020878764467802103 0.00053656574107728149 0.0084275076831119341 -0.00048536032684379996 0.0018362054434214767 -0.0009430783226994148 0.004398376693486198 0.00037925169291650623
leaf_weight=861 3012 66 2244 2137 5481 252 2100
leaf_count=861 3012 66 2244 2137 5481 252 2100
internal_value=-3.37794e-06 0.00131788 -0.000679339 0.00107596 -0.0010985 0.00523484 -6.7385e-05
internal_weight=16153 5467 10686 5149 6342 318 4344
internal_count=16153 5467 10686 5149 6342 318 4344
is_linear=0
shrinkage=0.00834467


Tree=322
num_leaves=8
num_cat=0
split_feature=18 26 5 6 47 6 7
split_gain=200.504 83.9162 31.9005 26.6083 25.4706 12.8808 10.9568
threshold=23.775609016418461 26.72652626037598 3.5349605000000008 10.500000000000002 22.073082926318364 15.500000000000002 31.500000000000004
decision_type=2 2 2 2 2 2 2
left_child=4 3 -3 -2 6 -6 -1
right_child=1 2 -4 -5 5 -7 -8
leaf_value=-0.00091595362862732029 0.0014853065208448608 0.0038119803378489662 -0.00066446158890706003 0.00028615894049628085 -0.0002709335320340305 -0.0011798745530652685 -0.0019006264266496996
leaf_weight=1618 1977 922 126 3700 4847 1399 1532
leaf_count=1618 1977 922 126 3700 4847 1399 1532
internal_value=4.25141e-06 0.00110427 0.00327378 0.000703761 -0.000783064 -0.000474523 -0.00139485
internal_weight=16121 6725 1048 5677 9396 6246 3150
internal_count=16121 6725 1048 5677 9396 6246 3150
is_linear=0
shrinkage=0.00834467


Tree=323
num_leaves=8
num_cat=0
split_feature=50 9 53 47 6 6 54
split_gain=203.893 81.9127 36.1745 33.712 17.4958 15.1641 12.1157
threshold=24.156840658113286 26.633753776550297 1.355801169640211 22.0393180847168 14.500000000000002 15.500000000000002 0.97180928449517501
decision_type=2 2 2 2 2 2 2
left_child=3 4 -3 6 -2 -5 -1
right_child=1 2 -4 5 -6 -7 -8
leaf_value=-0.0013723518324367269 0.0010220114798854337 0.0037743397846059621 -0.0019641507810816815 -0.00022966633019594232 -0.00021087059258092635 -0.0011807746893504421 -0.0044632392952728044
leaf_weight=2977 3715 975 83 5806 1022 1461 91
leaf_count=2977 3715 975 83 5806 1022 1461 91
internal_value=-2.80239e-05 0.00122489 0.00332414 -0.000730553 0.000756019 -0.000420884 -0.00146404
internal_weight=16130 5795 1058 10335 4737 7267 3068
internal_count=16130 5795 1058 10335 4737 7267 3068
is_linear=0
shrinkage=0.00834467


Tree=324
num_leaves=8
num_cat=0
split_feature=18 40 9 26 9 6 17
split_gain=214.052 52.1561 50.0651 29.51 15.6867 14.5907 10.4514
threshold=25.105989456176761 29.504385948181156 23.24605751037598 23.834651947021488 21.472457885742191 14.500000000000002 1.3134190000000003
decision_type=2 2 2 2 2 2 8
left_child=2 3 4 -2 -1 -4 -3
right_child=1 6 5 -5 -6 -7 -8
leaf_value=-0.0017646343505454021 -0.0024347215536745723 0.005791490782558994 0.00040098895977032589 0.0016745647932052124 -0.00074942149421858718 -0.00066628376643162698 0.0028035397638602609
leaf_weight=1271 127 250 3860 2906 6379 1160 121
leaf_count=1271 127 250 3860 2906 6379 1160 121
internal_value=5.95643e-06 0.00186376 -0.000493173 0.00150249 -0.000918095 0.000154367 0.00481708
internal_weight=16074 3404 12670 3033 7650 5020 371
internal_count=16074 3404 12670 3033 7650 5020 371
is_linear=0
shrinkage=0.00834467


Tree=325
num_leaves=8
num_cat=0
split_feature=9 25 21 52 8 44 52
split_gain=195.748 58.9556 52.2557 23.3453 16.9604 13.2022 9.75939
threshold=25.367729187409669 22.784070968627933 29.592650413513187 1.2615107883420882 1.5000000000000002 21.468225478728034 0.21647547102977757
decision_type=2 2 2 2 2 2 2
left_child=1 5 3 -2 -3 -1 -4
right_child=2 4 6 -5 -6 -7 -8
leaf_value=-0.0018220571996760244 0.001760585280044688 0.00067094814978413159 0.0061516760633713195 -0.0023542524684278484 -0.0001922558635376261 -0.00083833907775177226 0.002943276570467222
leaf_weight=1181 2401 2334 222 100 4939 4857 94
leaf_count=1181 2401 2334 222 100 4939 4857 94
internal_value=1.66914e-06 -0.000421248 0.00200005 0.00159605 8.4758e-05 -0.00103075 0.0051974
internal_weight=16128 13311 2817 2501 7273 6038 316
internal_count=16128 13311 2817 2501 7273 6038 316
is_linear=0
shrinkage=0.00834467


Tree=326
num_leaves=8
num_cat=0
split_feature=18 19 47 27 54 6 7
split_gain=182.428 78.7874 27.0309 23.166 18.7464 14.8985 12.2696
threshold=23.775609016418461 27.711486816406254 22.093097686767582 23.255896568298343 1.1357041280018021 15.500000000000002 32.500000000000007
decision_type=2 2 2 2 2 2 2
left_child=2 3 6 -2 -3 -4 -1
right_child=1 4 5 -5 -6 -7 -8
leaf_value=-0.00086134060371076469 -0.0015154012967974304 0.0045306394340165262 -0.00018829028148698132 0.00090195654011073021 0.0005194984000360032 -0.0011768241943159237 -0.0018930674917501859
leaf_weight=1697 290 524 4814 5735 96 1362 1523
leaf_count=1697 290 524 4814 5735 96 1362 1523
internal_value=1.88943e-05 0.00107708 -0.000729474 0.0007856 0.00390958 -0.000406294 -0.00134933
internal_weight=16041 6645 9396 6025 620 6176 3220
internal_count=16041 6645 9396 6025 620 6176 3220
is_linear=0
shrinkage=0.00834467


Tree=327
num_leaves=8
num_cat=0
split_feature=9 51 9 8 47 12 52
split_gain=198.526 66.7688 39.2107 17.3987 15.4436 14.1121 10.8222
threshold=25.674401283264164 23.012443002119468 29.486070632934574 1.5000000000000002 22.073082926318364 1.5000000000000002 0.28795944505222937
decision_type=2 2 2 2 2 2 2
left_child=1 4 5 -3 -1 -2 -4
right_child=2 3 6 -5 -6 -7 -8
leaf_value=-0.0013964414900230811 0.0016221026867536568 0.00075196738058904854 0.0058413722216396199 -0.00010925547700372547 -0.00058973033760795928 0.0039353271495953046 0.0020419890269273186
leaf_weight=3117 1692 2515 250 4660 3517 206 66
leaf_count=3117 1692 2515 250 4660 3517 206 66
internal_value=6.60201e-06 -0.000365322 0.00232633 0.000192623 -0.000968767 0.00187319 0.00504792
internal_weight=16023 13809 2214 7175 6634 1898 316
internal_count=16023 13809 2214 7175 6634 1898 316
is_linear=0
shrinkage=0.00834467


Tree=328
num_leaves=8
num_cat=0
split_feature=9 26 43 52 8 44 9
split_gain=185.561 68.2455 44.1563 21.0938 18.8531 11.0709 10.5587
threshold=25.674401283264164 22.784187316894535 30.254060745239261 1.2615107883420882 1.5000000000000002 21.490017890930179 32.756839752197273
decision_type=2 2 2 2 2 2 2
left_child=1 5 3 -2 -3 -1 -4
right_child=2 4 6 -5 -6 -7 -8
leaf_value=-0.0017503284920072526 0.0019503554697951125 0.00071675433378380073 0.0043605858550294909 -0.0022114484751912709 -0.00015394410775584243 -0.00086457753129457913 0.0081458051552157351
leaf_weight=1236 1795 2597 244 89 5197 4793 65
leaf_count=1236 1795 2597 244 89 5197 4793 65
internal_value=-2.17492e-05 -0.000379511 0.0022333 0.00175374 0.000136178 -0.00104617 0.00515706
internal_weight=16016 13823 2193 1884 7794 6029 309
internal_count=16016 13823 2193 1884 7794 6029 309
is_linear=0
shrinkage=0.00834467


Tree=329
num_leaves=8
num_cat=0
split_feature=29 18 19 18 6 26 56
split_gain=170.416 56.8788 47.8202 20.0566 18.2133 16.7263 13.3059
threshold=25.507610321044925 23.464742660522464 28.498593330383304 21.472813606972661 10.500000000000002 28.656689643859867 -0.27367877960204895
decision_type=2 2 2 2 2 2 2
left_child=1 3 5 -1 -3 -2 -4
right_child=2 4 6 -5 -6 -7 -8
leaf_value=-0.0017633370861075014 0.001565954088682634 0.0010738251549804931 0.0012282493830711957 -0.00063101820407566729 -1.4483574293248073e-05 -0.0027310012727925978 0.0051365218078665434
leaf_weight=1283 2127 1534 73 7214 3546 65 359
leaf_count=1283 2127 1534 73 7214 3546 65 359
internal_value=-8.12651e-06 -0.000384374 0.00193863 -0.000801994 0.000314153 0.00143852 0.00447614
internal_weight=16201 13577 2624 8497 5080 2192 432
internal_count=16201 13577 2624 8497 5080 2192 432
is_linear=0
shrinkage=0.00834467


Tree=330
num_leaves=8
num_cat=0
split_feature=28 9 9 6 14 54 9
split_gain=169.814 57.6292 45.5895 26.3549 16.3555 11.962 9.06059
threshold=25.438578604089361 22.352839469909672 29.008979797363285 14.500000000000002 1.2245632698782047 0.76550912427142437 32.293060301655281
decision_type=2 2 2 2 8 2 2
left_child=1 5 4 -3 -2 -1 -4
right_child=2 3 6 -5 -6 -7 -8
leaf_value=-0.0011091970977994241 0.0037543092969238687 0.00026054635018326082 0.0036502848536565068 -0.000751684212164953 0.0012380150786012337 -0.0035877811259602791 0.0064048779457813393
leaf_weight=4293 196 6401 241 2487 2185 140 127
leaf_count=4293 196 6401 241 2487 2185 140 127
internal_value=-2.06355e-05 -0.000410315 0.00186765 -2.26919e-05 0.00144517 -0.00118748 0.00460106
internal_weight=16070 13321 2749 8888 2381 4433 368
internal_count=16070 13321 2749 8888 2381 4433 368
is_linear=0
shrinkage=0.00834467


Tree=331
num_leaves=8
num_cat=0
split_feature=48 21 6 47 6 52 7
split_gain=175.46 71.1446 29.1456 28.7966 14.1208 10.4194 9.11756
threshold=23.959574127197268 29.592650413513187 10.500000000000002 22.242527961730961 15.500000000000002 0.2978380185356494 33.500000000000007
decision_type=2 2 2 2 2 2 2
left_child=3 2 -2 6 -5 -3 -1
right_child=1 5 -4 4 -6 -7 -8
leaf_value=-0.00091265389821070029 0.0016435247386976939 0.0057257200074646774 0.00043172782296823324 -0.00015156073190749936 -0.0011658615676183105 0.001973552328667904 -0.0017398497070618974
leaf_weight=2065 2176 249 3788 4822 1192 65 1685
leaf_count=2065 2176 249 3788 4822 1192 65 1685
internal_value=-1.06641e-05 0.00107769 0.000873861 -0.000710451 -0.000352601 0.00494908 -0.00128434
internal_weight=16042 6278 5964 9764 6014 314 3750
internal_count=16042 6278 5964 9764 6014 314 3750
is_linear=0
shrinkage=0.00834467


Tree=332
num_leaves=8
num_cat=1
split_feature=18 18 47 6 0 6 7
split_gain=185.331 69.1128 29.2659 26.9377 16.023 13.1957 10.6293
threshold=24.042524337768558 26.347520828247074 22.14270114898682 14.500000000000002 0 15.500000000000002 32.500000000000007
decision_type=2 2 2 2 9 2 2
left_child=2 4 6 -3 -2 -4 -1
right_child=1 3 5 -5 -6 -7 -8
leaf_value=-0.00085557290481469862 0.0015196403420705521 0.0033275978639702611 -0.00016066758802308828 -0.00038874893064656026 0.00040890297649434881 -0.0010758585169116054 -0.0017848707829326935
leaf_weight=1834 1241 1150 5427 154 3363 1375 1609
leaf_count=1834 1241 1150 5427 154 3363 1375 1609
internal_value=1.57836e-05 0.00119282 -0.000662983 0.0028887 0.000712492 -0.000345671 -0.00128986
internal_weight=16153 5908 10245 1304 4604 6802 3443
internal_count=16153 5908 10245 1304 4604 6802 3443
cat_boundaries=0 1
cat_threshold=10368
is_linear=0
shrinkage=0.00834467


Tree=333
num_leaves=8
num_cat=0
split_feature=18 39 18 12 6 17 7
split_gain=177.505 48.605 46.6843 28.817 20.3506 11.2182 10.8421
threshold=25.105989456176761 29.48844146728516 22.295860290527347 2.5000000000000004 15.500000000000002 1.1476945000000003 32.500000000000007
decision_type=2 2 2 2 2 8 2
left_child=2 3 6 -2 -4 -3 -1
right_child=1 5 4 -5 -6 -7 -8
leaf_value=-0.00078510576239798299 0.0012366522513079668 0.0056801943068901916 7.3881049769066722e-05 0.0066540291384905763 -0.0011076308051309017 0.0026017461015406919 -0.0016405001192938656
leaf_weight=2302 2927 235 7303 70 1179 127 1870
leaf_count=2302 2927 235 7303 70 1179 127 1870
internal_value=6.83577e-06 0.00171208 -0.000445821 0.00136321 -9.03505e-05 0.00460028 -0.00116852
internal_weight=16013 3359 12654 2997 8482 362 4172
internal_count=16013 3359 12654 2997 8482 362 4172
is_linear=0
shrinkage=0.00834467


Tree=334
num_leaves=8
num_cat=1
split_feature=9 9 43 0 52 55 9
split_gain=170.598 57.9373 47.496 18.6757 16.1295 12.099 10.4645
threshold=25.367729187409669 23.143629074096683 30.254060745239261 0 1.6599892834646715 0.40999879070812995 32.756839752197273
decision_type=2 2 2 9 2 2 2
left_child=1 3 4 -1 -2 -3 -4
right_child=2 5 6 -5 -6 -7 -8
leaf_value=-0.0015778829064353247 0.0015802779752452296 -0.00020285285793154051 0.0040899558307326807 -0.00063029056999259927 -0.0025399560924281215 0.00055413515348958528 0.0077872868092819436
leaf_weight=2014 2434 2664 261 5308 68 3281 67
leaf_count=2014 2434 2664 261 5308 68 3281 67
internal_value=-2.98755e-07 -0.000397062 0.00185972 -0.000893954 0.00146829 0.000214923 0.00484541
internal_weight=16097 13267 2830 7322 2502 5945 328
internal_count=16097 13267 2830 7322 2502 5945 328
cat_boundaries=0 1
cat_threshold=16580
is_linear=0
shrinkage=0.00834467


Tree=335
num_leaves=8
num_cat=0
split_feature=49 9 6 23 10 46 9
split_gain=167.198 69.0587 35.1585 27.8089 20.3065 15.3062 8.67676
threshold=23.93688955307007 26.339530944824222 14.500000000000002 22.154624938964847 3.5000000000000004 24.582579612731937 21.120005607604984
decision_type=2 2 2 2 2 2 2
left_child=3 4 -3 6 -2 -5 -1
right_child=1 2 -4 5 -6 -7 -8
leaf_value=-0.0027522284382548953 0.00045495449935910266 0.0033024768576397656 -0.00081787579570210699 -0.00042975381144166609 0.00215585259514717 0.0012932414651817198 -0.001136890514159179
leaf_weight=249 4590 1144 165 5732 547 383 3304
leaf_count=249 4590 1144 165 5732 547 383 3304
internal_value=3.1089e-05 0.00107208 0.0027831 -0.000662976 0.000636074 -0.000321836 -0.0012501
internal_weight=16114 6446 1309 9668 5137 6115 3553
internal_count=16114 6446 1309 9668 5137 6115 3553
is_linear=0
shrinkage=0.00834467


Tree=336
num_leaves=8
num_cat=0
split_feature=29 18 18 6 54 17 14
split_gain=165.604 54.5012 47.2888 19.2743 15.1707 13.3063 6.23109
threshold=25.507610321044925 23.037331581115726 29.014486314812014 14.500000000000002 0.92871214547611547 1.3241850000000006 2.6192458764416311
decision_type=2 2 2 2 2 8 10
left_child=1 4 5 -3 -1 -2 -4
right_child=2 3 6 -5 -6 -7 -8
leaf_value=-0.00082976691550167177 0.0020002147696888614 0.00041989210368336056 0.003249197193258487 -0.00064969477769412202 -0.0034784916021945041 0.00069867415261388153 0.0054852628286230767
leaf_weight=6751 1324 5063 137 1527 154 932 237
leaf_count=6751 1324 5063 137 1527 154 932 237
internal_value=2.54562e-06 -0.000370778 0.00191813 0.000172052 -0.000888845 0.00146253 0.00466627
internal_weight=16125 13495 2630 6590 6905 2256 374
internal_count=16125 13495 2630 6590 6905 2256 374
is_linear=0
shrinkage=0.00834467


Tree=337
num_leaves=8
num_cat=0
split_feature=18 9 6 19 55 27 9
split_gain=159.939 58.2048 40.6477 30.2913 14.9381 12.1066 9.51881
threshold=24.294829368591312 26.339530944824222 14.500000000000002 22.356134414672855 0.36980575816623423 23.29107761383057 21.120005607604984
decision_type=2 2 2 2 2 2 2
left_child=3 5 -3 6 -5 -2 -1
right_child=1 2 -4 4 -6 -7 -8
leaf_value=-0.0026590035714921952 -0.0018043887808964624 0.0032823625309809663 -0.0013011088441256327 -0.00064819770711192488 0.00016097776033657842 0.00077505174691448037 -0.0010140036885359716
leaf_weight=260 131 1128 153 2966 3421 3856 4229
leaf_count=260 131 1128 153 2966 3421 3856 4229
internal_value=-5.93304e-06 0.00118748 0.00273492 -0.000583987 -0.000214788 0.000690295 -0.00110929
internal_weight=16144 5268 1281 10876 6387 3987 4489
internal_count=16144 5268 1281 10876 6387 3987 4489
is_linear=0
shrinkage=0.00834467


Tree=338
num_leaves=8
num_cat=0
split_feature=50 9 53 46 10 52 41
split_gain=164.093 63.6298 29.7767 27.2813 22.7212 20.076 18.9768
threshold=23.97148790364966 26.561666488647464 1.355801169640211 24.796550751044926 3.5000000000000004 1.1554441099334991 24.502873420715336
decision_type=2 2 2 2 2 2 2
left_child=3 4 -3 5 -2 -1 -5
right_child=1 2 -4 6 -6 -7 -8
leaf_value=-0.0007107570889829947 0.00046703436397049601 0.0032427020643688966 -0.0019529203643988513 0.0049613245098866932 0.0022470626552856562 -0.0047375624011261148 -0.00016715460245220654
leaf_weight=9421 4678 1029 83 99 559 87 102
leaf_count=9421 4678 1029 83 99 559 87 102
internal_value=-1.15294e-06 0.00104199 0.00285489 -0.000683293 0.000657039 -0.000747608 0.00235893
internal_weight=16058 6349 1112 9709 5237 9508 201
internal_count=16058 6349 1112 9709 5237 9508 201
is_linear=0
shrinkage=0.00834467


Tree=339
num_leaves=8
num_cat=0
split_feature=26 47 18 6 7 10 55
split_gain=158.426 49.9872 49.11 22.8853 20.7433 11.7204 11.2163
threshold=25.256315231323246 22.109875679016117 27.287329673767093 15.500000000000002 51.500000000000007 3.5000000000000004 1.1440054897441951
decision_type=2 2 2 2 2 2 2
left_child=1 6 5 -3 -4 -2 -1
right_child=2 3 4 -5 -6 -7 -8
leaf_value=-0.0012414020754156979 0.00087663580881804462 5.5607079512244809e-05 0.0041364745347501472 -0.0010229784420909827 -7.0168216351936173e-05 0.0026514185139352143 -0.0046653973423936889
leaf_weight=3262 2129 8091 620 1649 94 295 68
leaf_count=3262 2129 8091 620 1649 94 295 68
internal_value=-2.45017e-05 -0.000428748 0.00165921 -0.000127 0.00358267 0.00109264 -0.00131133
internal_weight=16208 13070 3138 9740 714 2424 3330
internal_count=16208 13070 3138 9740 714 2424 3330
is_linear=0
shrinkage=0.00834467


Tree=340
num_leaves=8
num_cat=0
split_feature=9 40 46 12 6 21 15
split_gain=158.482 43.4664 37.8242 26.3725 15.157 11.4998 9.21639
threshold=24.889999390187992 30.215341567993168 22.867424011230472 2.5000000000000004 12.500000000000002 21.339884757995609 7.1096203096097215
decision_type=2 2 2 2 2 2 8
left_child=2 3 5 -2 -4 -1 -3
right_child=1 6 4 -5 -6 -7 -8
leaf_value=-0.0018791748666863409 0.0011106518655570677 0.0063332447252803315 -0.00040686702761426704 0.0063966315051603032 0.00042030328159442575 -0.00079880033166888247 0.003359590983034311
leaf_weight=788 3425 116 3232 67 2951 5303 194
leaf_count=788 3425 116 3232 67 2951 5303 194
internal_value=-1.07236e-05 0.00147794 -0.000471853 0.00121209 -1.20781e-05 -0.000938572 0.00447248
internal_weight=16076 3802 12274 3492 6183 6091 310
internal_count=16076 3802 12274 3492 6183 6091 310
is_linear=0
shrinkage=0.00834467


Tree=341
num_leaves=8
num_cat=1
split_feature=18 48 3 0 24 24 7
split_gain=152.007 64.5386 29.2276 18.4168 16.9062 10.6862 8.01225
threshold=23.5411491394043 26.382575035237306 3.1661955000000006 0 22.056475639343265 24.951663017272953 32.500000000000007
decision_type=2 2 2 9 2 2 2
left_child=4 3 -3 -2 6 -6 -1
right_child=1 2 -4 -5 5 -7 -8
leaf_value=-0.00086975204220670103 0.0010904118931082743 0.0030791063977167661 -0.00088362521572581609 0.00015544499084576644 -0.00043268649485253644 -0.0035429955333895142 -0.0017202241838307679
leaf_weight=1762 2418 1095 147 3737 5502 78 1372
leaf_count=1762 2418 1095 147 3737 5502 78 1372
internal_value=-4.83983e-06 0.000874912 0.00261008 0.000524773 -0.00075163 -0.00047617 -0.00124208
internal_weight=16111 7397 1242 6155 8714 5580 3134
internal_count=16111 7397 1242 6155 8714 5580 3134
cat_boundaries=0 1
cat_threshold=10880
is_linear=0
shrinkage=0.00834467


Tree=342
num_leaves=8
num_cat=0
split_feature=26 46 20 14 8 55 52
split_gain=157.833 45.7675 40.1467 18.9755 16.8594 10.5512 10.3868
threshold=25.256315231323246 22.778178215026859 29.556647300720218 1.1965937898913681 1.5000000000000002 1.1440054897441951 0.29096789558001684
decision_type=2 2 2 8 2 2 2
left_child=1 5 3 -2 -3 -1 -4
right_child=2 4 6 -5 -6 -7 -8
leaf_value=-0.00090543752031395515 0.0035497098819094052 0.00066489067785136945 0.0052419848014513956 0.0011471006212781763 -0.00022033370872773369 -0.0040145497483404669 0.0015034459806734311
leaf_weight=5837 251 2151 254 2599 4936 77 65
leaf_count=5837 251 2151 254 2599 4936 77 65
internal_value=3.09218e-06 -0.000403937 0.00167295 0.00135871 4.83444e-05 -0.000945925 0.00448028
internal_weight=16170 13001 3169 2850 7087 5914 319
internal_count=16170 13001 3169 2850 7087 5914 319
is_linear=0
shrinkage=0.00834467


Tree=343
num_leaves=8
num_cat=0
split_feature=9 40 47 26 6 7 18
split_gain=150.826 44.01 40.3966 27.0303 19.0433 11.4246 9.08797
threshold=25.070789337158207 29.504385948181156 22.14270114898682 23.621253013610843 15.500000000000002 32.500000000000007 32.761945724487312
decision_type=2 2 2 2 2 2 2
left_child=2 3 5 -2 -4 -1 -3
right_child=1 6 4 -5 -6 -7 -8
leaf_value=-0.0007757457857829347 -0.0032596258504532702 0.0036427717654093574 8.7230629591641672e-06 0.0013324497257938396 -0.00099697258616920762 -0.0017447921096312618 0.0070652914505624801
leaf_weight=1816 92 298 7632 2986 1583 1588 66
leaf_count=1816 92 298 7632 2986 1583 1588 66
internal_value=-2.86658e-05 0.00151968 -0.000450998 0.00119518 -0.000164041 -0.00122782 0.00426351
internal_weight=16061 3442 12619 3078 9215 3404 364
internal_count=16061 3442 12619 3078 9215 3404 364
is_linear=0
shrinkage=0.00834467


Tree=344
num_leaves=8
num_cat=1
split_feature=29 19 9 6 0 6 53
split_gain=139.605 50.267 42.3937 18.2677 14.043 11.383 4.5298
threshold=25.507610321044925 23.075007438659672 29.486070632934574 14.500000000000002 0 8.5000000000000018 0.21051933705626061
decision_type=2 2 2 2 9 2 2
left_child=1 4 5 -3 -1 -2 -4
right_child=2 3 6 -5 -6 -7 -8
leaf_value=-0.0013585528912844578 0.0039905117950348049 0.00043671748202524664 0.0055752804839841038 -0.00061647101043995733 -0.00056344976587814036 0.0012401227004014347 0.0035528606339654098
leaf_weight=2341 110 4913 169 1496 4703 2206 142
leaf_count=2341 110 4913 169 1496 4703 2206 142
internal_value=-2.87953e-07 -0.000343876 0.00175924 0.00019088 -0.000830424 0.00137077 0.004652
internal_weight=16080 13453 2627 6409 7044 2316 311
internal_count=16080 13453 2627 6409 7044 2316 311
cat_boundaries=0 1
cat_threshold=16836
is_linear=0
shrinkage=0.00834467


Tree=345
num_leaves=7
num_cat=0
split_feature=50 39 46 12 52 16
split_gain=142.705 56.2057 24.7594 24.0589 22.185 10.823
threshold=23.97148790364966 30.205330848693851 25.209750175476078 2.5000000000000004 1.1554441099334991 -3.1491484999999995
decision_type=2 2 2 2 2 10
left_child=2 3 4 -2 -1 -3
right_child=1 5 -4 -5 -6 -7
leaf_value=-0.00063700969098369215 0.00073092165416091092 0.0035827478974585409 0.0032893542554867272 0.0048580362772699575 -0.0049959050341509626 0.0073145981371917201
leaf_weight=9485 5950 251 111 100 82 69
leaf_count=9485 5950 251 111 100 82 69
internal_value=9.49141e-06 0.000979421 -0.000628911 0.000799146 -0.000674375 0.00438762
internal_weight=16048 6370 9678 6050 9567 320
internal_count=16048 6370 9678 6050 9567 320
is_linear=0
shrinkage=0.00834467


Tree=346
num_leaves=8
num_cat=1
split_feature=29 25 9 6 6 0 18
split_gain=149.312 51.3617 36.9336 12.5643 12.4721 11.417 8.53368
threshold=25.535952568054203 22.659837724113775 29.486070632934574 14.500000000000002 10.500000000000002 0 32.761945724487312
decision_type=2 2 2 2 2 9 2
left_child=1 5 3 -2 -3 -1 -4
right_child=2 4 6 -5 -6 -7 -8
leaf_value=-0.0015163622607302914 0.0017979814124432609 0.00067726054776404566 0.0038418643642954076 0.00026313095945318469 -9.0939525657339818e-05 -0.00069109457724198995 0.007244777519115491
leaf_weight=1688 1814 1967 244 467 5844 4003 65
leaf_count=1688 1814 1967 244 467 5844 4003 65
internal_value=1.52518e-05 -0.000336797 0.00185052 0.00148375 0.000102513 -0.000939757 0.00455789
internal_weight=16092 13502 2590 2281 7811 5691 309
internal_count=16092 13502 2590 2281 7811 5691 309
cat_boundaries=0 1
cat_threshold=16580
is_linear=0
shrinkage=0.00834467


Tree=347
num_leaves=8
num_cat=1
split_feature=29 19 19 6 0 25 17
split_gain=145.668 49.7896 33.8699 20.6033 13.6003 9.16095 7.33554
threshold=25.563313484191898 23.075007438659672 29.018083572387699 10.500000000000002 0 28.622634888703619 -0.87212599999999985
decision_type=2 2 2 2 9 2 8
left_child=1 4 5 -3 -1 -2 -4
right_child=2 3 6 -5 -6 -7 -8
leaf_value=-0.0013988439922576147 0.0015799252308717532 0.00096524830239600975 0.0053508244613437493 -8.4454675046008066e-05 -0.00057639739571752611 -0.0010318255055092014 0.0030131717701105155
leaf_weight=1951 2042 1797 187 4727 5127 98 187
leaf_count=1951 2042 1797 187 4727 5127 98 187
internal_value=1.98857e-05 -0.000321185 0.00186524 0.000204681 -0.000805891 0.00146032 0.00418211
internal_weight=16116 13602 2514 6524 7078 2140 374
internal_count=16116 13602 2514 6524 7078 2140 374
cat_boundaries=0 1
cat_threshold=16580
is_linear=0
shrinkage=0.00834467


Tree=348
num_leaves=8
num_cat=0
split_feature=49 18 6 18 52 6 7
split_gain=130.803 57.6679 29.4999 23.5918 15.6861 10.7937 8.63671
threshold=23.953919601353764 26.347520828247074 14.500000000000002 22.295860290527347 1.0786263104494009 14.500000000000002 32.500000000000007
decision_type=2 2 2 2 2 2 2
left_child=3 5 -3 6 -5 -2 -1
right_child=1 2 -4 4 -6 -7 -8
leaf_value=-0.00073554390049249368 0.00072695154394124663 0.0029661565678606536 -0.000807873099737814 -0.00019498135880373677 -0.0038940574808160474 -0.00021361113045052611 -0.0014955108790790257
leaf_weight=2313 3996 1145 165 5465 81 1079 1894
leaf_count=2313 3996 1145 165 5465 81 1079 1894
internal_value=1.39574e-06 0.000929895 0.0024908 -0.000606465 -0.000249013 0.000526978 -0.00107769
internal_weight=16138 6385 1310 9753 5546 5075 4207
internal_count=16138 6385 1310 9753 5546 5075 4207
is_linear=0
shrinkage=0.00834467


Tree=349
num_leaves=8
num_cat=0
split_feature=29 27 18 6 47 8 31
split_gain=137.318 47.2078 36.3563 17.2206 15.6095 13.2972 9.72931
threshold=25.507610321044925 23.274158477783207 26.843077659606937 14.500000000000002 23.905474662780765 1.5000000000000002 27.254744529724125
decision_type=2 2 2 2 2 2 2
left_child=1 4 6 -4 -1 -3 -2
right_child=2 5 3 -5 -6 -7 -8
leaf_value=-0.00085397322627214106 0.0012618128943665643 0.00075871721287770462 0.0035339086266045097 -0.00057950904389502973 0.00091449547791053133 -7.5120671011185376e-05 -0.00085849111947811985
leaf_weight=7265 1634 2116 775 78 365 3593 166
leaf_count=7265 1634 2116 775 78 365 3593 166
internal_value=4.88508e-06 -0.000339964 0.00173874 0.00315777 -0.000769373 0.000233936 0.00106627
internal_weight=15992 13339 2653 853 7630 5709 1800
internal_count=15992 13339 2653 853 7630 5709 1800
is_linear=0
shrinkage=0.00834467


Tree=350
num_leaves=8
num_cat=1
split_feature=9 40 9 12 55 0 9
split_gain=135.427 41.6325 36.1758 29.2629 15.1077 10.1825 9.83752
threshold=24.889999390187992 30.215341567993168 22.325141906738285 2.5000000000000004 0.38455368527049211 0 32.756839752197273
decision_type=2 2 2 2 2 9 2
left_child=2 3 5 -2 -4 -1 -3
right_child=1 6 4 -5 -6 -7 -8
leaf_value=-0.00014747074756555126 0.0009905149104058352 0.0034932617941327371 -0.00048215175531651484 0.006329068825909643 0.00024617834639147778 -0.0012320528612819849 0.0070910719984452726
leaf_weight=742 3452 252 3771 73 4183 3567 67
leaf_count=742 3452 252 3771 73 4183 3567 67
internal_value=-4.31742e-06 0.00136234 -0.000432716 0.00110109 -9.91239e-05 -0.00104849 0.00424911
internal_weight=16107 3844 12263 3525 7954 4309 319
internal_count=16107 3844 12263 3525 7954 4309 319
cat_boundaries=0 1
cat_threshold=521
is_linear=0
shrinkage=0.00834467


Tree=351
num_leaves=8
num_cat=0
split_feature=51 46 18 8 14 21 18
split_gain=137.922 47.8667 30.5067 18.8229 15.4453 10.9719 8.51018
threshold=25.573138395991617 22.867424011230472 29.014486314812014 1.5000000000000002 1.1965937898913681 21.339884757995609 32.761945724487312
decision_type=2 2 2 2 8 2 2
left_child=1 5 4 -3 -2 -1 -4
right_child=2 3 6 -5 -6 -7 -8
leaf_value=-0.0017616576841549755 0.0039906994790998617 0.00073847599410067466 0.0034742412229016853 -0.00014903630737501402 0.0012493160281735617 -0.00071180609062160229 0.0067944523320212719
leaf_weight=795 155 2482 311 5049 1865 5412 65
leaf_count=795 155 2482 311 5049 1865 5412 65
internal_value=1.84947e-05 -0.000303713 0.00186594 0.000143463 0.00145969 -0.000846275 0.00404837
internal_weight=16134 13738 2396 7531 2020 6207 376
internal_count=16134 13738 2396 7531 2020 6207 376
is_linear=0
shrinkage=0.00834467


Tree=352
num_leaves=8
num_cat=0
split_feature=9 46 40 6 6 9 15
split_gain=130.674 39.4194 35.3774 21.2983 16.2763 12.4924 7.087
threshold=25.070789337158207 22.944412231445316 30.215341567993168 14.500000000000002 12.500000000000002 21.372426986694339 7.1096203096097215
decision_type=2 2 2 2 2 2 8
left_child=1 5 3 -2 -3 -1 -4
right_child=2 4 6 -5 -6 -7 -8
leaf_value=-0.0017540902466633276 0.0015118876975203806 -0.00031371424028597838 0.0056709775064119191 -0.00027871480832564757 0.00053588633398990925 -0.00069576430069914763 0.0030902776513427876
leaf_weight=904 2551 3353 127 565 2953 5513 178
leaf_count=904 2551 3353 127 565 2953 5513 178
internal_value=4.88432e-06 -0.000384412 0.00145271 0.00118721 8.41405e-05 -0.000844859 0.00416501
internal_weight=16144 12723 3421 3116 6306 6417 305
internal_count=16144 12723 3421 3116 6306 6417 305
is_linear=0
shrinkage=0.00834467


Tree=353
num_leaves=8
num_cat=0
split_feature=18 9 6 45 6 6 7
split_gain=118.744 48.7975 23.3695 22.5656 16.9342 12.5922 8.29123
threshold=24.042524337768558 27.681832313537601 10.500000000000002 22.056207656860355 14.500000000000002 15.500000000000002 30.500000000000004
decision_type=2 2 2 2 2 2 2
left_child=3 4 -3 6 -2 -5 -1
right_child=1 2 -4 5 -6 -7 -8
leaf_value=-0.00072114405389723689 0.00090030243987374568 0.0042538927696196245 0.00079981307897706655 -0.00012404998002274071 -0.00027139389497606351 -0.0009910389169498757 -0.0015826766654538961
leaf_weight=1535 4211 420 202 5592 1079 1474 1577
leaf_count=1535 4211 420 202 5592 1079 1474 1577
internal_value=-1.93137e-05 0.000921276 0.00313218 -0.000565666 0.000661312 -0.000304909 -0.00115773
internal_weight=16090 5912 622 10178 5290 7066 3112
internal_count=16090 5912 622 10178 5290 7066 3112
is_linear=0
shrinkage=0.00834467


Tree=354
num_leaves=8
num_cat=0
split_feature=9 18 47 26 6 7 9
split_gain=128.288 41.5524 38.1909 25.1034 18.0217 12.5719 9.92271
threshold=25.102458953857425 29.014486314812014 22.109875679016117 23.621253013610843 15.500000000000002 30.500000000000004 32.756839752197273
decision_type=2 2 2 2 2 2 2
left_child=2 3 5 -2 -4 -1 -3
right_child=1 6 4 -5 -6 -7 -8
leaf_value=-0.00063473402157623632 -0.0035274170629529689 0.0034323574189828068 5.3448722087725843e-05 0.0012387814708686496 -0.00091538288995509048 -0.0016649071506642603 0.0070154912019331182
leaf_weight=1632 79 313 7812 2952 1613 1668 65
leaf_count=1632 79 313 7812 2952 1613 1668 65
internal_value=2.27332e-06 0.0014399 -0.000382864 0.00111454 -0.000112358 -0.00115544 0.00404867
internal_weight=16134 3409 12725 3031 9425 3300 378
internal_count=16134 3409 12725 3031 9425 3300 378
is_linear=0
shrinkage=0.00834467


Tree=355
num_leaves=8
num_cat=0
split_feature=9 46 6 42 6 9 7
split_gain=124.142 51.0131 28.5811 20.1365 12.6095 12.2469 11.1899
threshold=25.880230903625492 22.944412231445316 14.500000000000002 29.545672416687015 12.500000000000002 21.337417602539066 17.500000000000004
decision_type=2 2 2 2 2 2 2
left_child=1 5 3 -2 -3 -1 -4
right_child=2 4 6 -5 -6 -7 -8
leaf_value=-0.0018187390388768869 0.0019166114872685069 -0.00014486450808169022 0.0011952288396427032 0.0041608737298094106 0.00052523760750822841 -0.00070436219652527299 -0.0021410266095627591
leaf_weight=782 1252 4269 140 358 3608 5636 140
leaf_count=782 1252 4269 140 358 3608 5636 140
internal_value=-2.21564e-05 -0.000287893 0.00198773 0.00241567 0.000162071 -0.000840146 -0.000472915
internal_weight=16185 14295 1890 1610 7877 6418 280
internal_count=16185 14295 1890 1610 7877 6418 280
is_linear=0
shrinkage=0.00834467


Tree=356
num_leaves=8
num_cat=0
split_feature=49 46 43 12 6 19 14
split_gain=123.799 38.5703 33.4217 14.4249 14.1196 11.4518 8.1412
threshold=25.194448757163091 22.944412231445316 30.254060745239261 1.5000000000000002 12.500000000000002 21.3046407699585 1.7729375375192531
decision_type=2 2 2 2 2 2 10
left_child=1 5 3 -2 -3 -1 -4
right_child=2 4 6 -5 -6 -7 -8
leaf_value=-0.0018461185006724444 0.0010093253294462161 -0.00028114417277349786 0.0021655319937006687 0.0030833913345733877 0.00049733579412716302 -0.00070042489653357573 0.0050229918619581265
leaf_weight=679 2553 3406 104 257 3098 5770 209
leaf_count=679 2553 3406 104 257 3098 5770 209
internal_value=-4.19573e-06 -0.000363763 0.00148715 0.00119903 8.96634e-05 -0.000821055 0.00407364
internal_weight=16076 12953 3123 2810 6504 6449 313
internal_count=16076 12953 3123 2810 6504 6449 313
is_linear=0
shrinkage=0.00834467


Tree=357
num_leaves=8
num_cat=1
split_feature=29 19 19 6 0 6 56
split_gain=120.975 40.7877 34.7633 21.2243 13.2122 12.1214 5.35325
threshold=25.507610321044925 23.075007438659672 29.018083572387699 14.500000000000002 0 14.500000000000002 -0.16769695281982419
decision_type=2 2 2 2 9 2 2
left_child=1 4 5 -3 -1 -2 -4
right_child=2 3 6 -5 -6 -7 -8
leaf_value=-0.00030024484803466991 0.0015709584671979302 0.00043484765826388088 0.0019191744513346683 -0.00069901571461338343 -0.0010406947655941913 6.1098360134660134e-05 0.0045143138076640119
leaf_weight=2817 1802 4942 68 1498 4244 466 298
leaf_count=2817 1802 4942 68 1498 4244 466 298
internal_value=9.98789e-06 -0.000309164 0.00164585 0.000171101 -0.000747191 0.00126073 0.00403222
internal_weight=16135 13501 2634 6440 7061 2268 366
internal_count=16135 13501 2634 6440 7061 2268 366
cat_boundaries=0 1
cat_threshold=10761
is_linear=0
shrinkage=0.00834467


Tree=358
num_leaves=8
num_cat=0
split_feature=9 25 43 27 6 15 9
split_gain=117.569 35.3749 34.9419 18.5529 13.1279 10.3245 9.69028
threshold=25.188035964965824 22.640778541564945 30.254060745239261 23.624975204467777 12.500000000000002 5.6689420670419821 21.085356712341312
decision_type=2 2 2 2 2 8 2
left_child=1 6 3 -2 -3 -4 -1
right_child=2 4 5 -5 -6 -7 -8
leaf_value=-0.0027212563108959605 -0.0027656350015229651 -0.00032726643143440745 0.0065612955532962829 0.0012609562846551043 0.00037789179262962273 0.0031555680759886508 -0.00078897650445382186
leaf_weight=187 82 3650 85 2807 3704 229 5378
leaf_count=187 82 3650 85 2807 3704 229 5378
internal_value=2.87194e-06 -0.000351949 0.00143401 0.00114666 2.79017e-05 0.00407767 -0.000853911
internal_weight=16122 12919 3203 2889 7354 314 5565
internal_count=16122 12919 3203 2889 7354 314 5565
is_linear=0
shrinkage=0.00834467


Tree=359
num_leaves=8
num_cat=0
split_feature=29 20 9 6 7 10 54
split_gain=118.594 40.6712 32.2512 18.8461 16.7476 10.6978 8.87001
threshold=25.507610321044925 22.328443527221683 26.735161781311039 14.500000000000002 51.500000000000007 1.5000000000000002 0.83491398219273427
decision_type=2 2 2 2 2 2 2
left_child=1 6 5 -3 -4 -2 -1
right_child=2 3 4 -5 -6 -7 -8
leaf_value=-0.00093066950082655987 0.00035377855556307906 0.00022927829885373952 0.0033212788521861897 -0.00061882160803783685 -0.00014053855262785765 0.0016629693852294224 -0.0034210590346259915
leaf_weight=4198 953 6597 789 2522 111 799 102
leaf_count=4198 953 6597 789 2522 111 799 102
internal_value=-2.0696e-06 -0.000320744 0.0016104 -5.27721e-06 0.00289432 0.000950841 -0.000989751
internal_weight=16071 13419 2652 9119 900 1752 4300
internal_count=16071 13419 2652 9119 900 1752 4300
is_linear=0
shrinkage=0.00834467


Tree=360
num_leaves=8
num_cat=1
split_feature=9 9 53 6 6 0 54
split_gain=114.998 49.7777 34.5841 22.3834 20.8827 15.1825 6.49787
threshold=23.94834136962891 26.633753776550297 1.355801169640211 15.500000000000002 12.500000000000002 0 0.60751265473963578
decision_type=2 2 2 2 2 9 2
left_child=3 5 -3 4 -1 -2 -5
right_child=1 2 -4 6 -6 -7 -8
leaf_value=-0.00072162142033726855 0.0013069008239979872 0.0029858652900155583 -0.0026560063398008964 -0.0010987328812278069 0.00017313946758039045 0.00027947117726384563 -0.0028086899883012664
leaf_weight=3952 1372 977 82 2489 3361 3707 165
leaf_count=3952 1372 977 82 2489 3361 3707 165
internal_value=4.73136e-06 0.000903281 0.00254899 -0.000548625 -0.000310396 0.000560138 -0.00120505
internal_weight=16105 6138 1059 9967 7313 5079 2654
internal_count=16105 6138 1059 9967 7313 5079 2654
cat_boundaries=0 1
cat_threshold=10368
is_linear=0
shrinkage=0.00834467


Tree=361
num_leaves=8
num_cat=0
split_feature=28 9 28 52 14 44 7
split_gain=110.901 37.7539 36.3222 24.0566 14.2059 12.7687 8.62434
threshold=25.438578604089361 29.008979797363285 23.024880409240726 1.2615107883420882 1.2245632698782047 21.490017890930179 48.500000000000007
decision_type=2 2 2 2 8 2 2
left_child=2 4 5 -4 -2 -1 -3
right_child=1 6 3 -5 -6 -7 -8
leaf_value=-0.0015168337899664867 0.0032726723811065967 0.004666539063393333 0.00017814738634731503 -0.0037396546711486326 0.00093828479520918122 -0.00058552645139712503 0.0013838735882260071
leaf_weight=1258 198 290 6465 111 2181 5538 69
leaf_count=1258 198 290 6465 111 2181 5538 69
internal_value=-1.68209e-05 0.00151324 -0.000330112 0.000112011 0.00113258 -0.000757922 0.00403566
internal_weight=16110 2738 13372 6576 2379 6796 359
internal_count=16110 2738 13372 6576 2379 6796 359
is_linear=0
shrinkage=0.00834467


Tree=362
num_leaves=8
num_cat=0
split_feature=50 39 45 6 45 54 16
split_gain=106.41 39.1559 22.2309 20.6421 15.387 9.60075 8.56575
threshold=24.156840658113286 30.205330848693851 22.056207656860355 14.500000000000002 25.265646934509281 0.92871214547611547 -3.2352629999999998
decision_type=2 2 2 2 2 2 10
left_child=2 3 5 -2 -4 -1 -3
right_child=1 6 4 -5 -6 -7 -8
leaf_value=-0.0010114130919304984 0.0010024717048319055 0.0030658238693047801 -0.00030479543820901325 -0.00027952084824733647 0.0025599924766774957 -0.0036782108248939916 0.0064649257201257011
leaf_weight=3035 4329 251 7070 1096 133 97 65
leaf_count=3035 4329 251 7070 1096 133 97 65
internal_value=-1.10023e-06 0.000909803 -0.000507099 0.000743474 -0.000251895 -0.00109402 0.00376518
internal_weight=16076 5741 10335 5425 7203 3132 316
internal_count=16076 5741 10335 5425 7203 3132 316
is_linear=0
shrinkage=0.00834467


Tree=363
num_leaves=8
num_cat=0
split_feature=29 46 9 52 26 23 7
split_gain=107.407 39.3187 26.3944 16.0378 14.2098 11.0812 7.35016
threshold=25.535952568054203 22.924420356750492 28.452870368957523 1.2615107883420882 28.656689643859867 21.303067207336429 50.500000000000007
decision_type=2 2 2 2 2 2 2
left_child=1 5 4 -3 -2 -1 -4
right_child=2 3 6 -5 -6 -7 -8
leaf_value=-0.0017835883230463577 0.0013236994653471616 0.00018221005368956265 0.0039888203638902631 -0.0028095666225718954 -0.0023032431454669076 -0.00065124854629073443 0.00098695181412715351
leaf_weight=673 2103 7070 345 127 78 5688 68
leaf_count=673 2103 7070 345 127 78 5688 68
internal_value=4.58679e-06 -0.000293059 0.00156028 0.000129413 0.00119398 -0.000771054 0.0034946
internal_weight=16152 13558 2594 7197 2181 6361 413
internal_count=16152 13558 2594 7197 2181 6361 413
is_linear=0
shrinkage=0.00834467


Tree=364
num_leaves=8
num_cat=1
split_feature=9 9 6 6 6 0 54
split_gain=105.293 37.5323 30.7801 21.4146 21.4741 16.5919 6.77305
threshold=23.94834136962891 27.279413225681157 10.500000000000002 15.500000000000002 12.500000000000002 0 0.60751265473963578
decision_type=2 2 2 2 2 9 2
left_child=3 5 -3 4 -1 -2 -5
right_child=1 2 -4 6 -6 -7 -8
leaf_value=-0.00072792630225639379 0.00090868609581626987 0.0038511532795996476 0.00028880951790439911 -0.0010784027368187746 0.00018452441352784249 -9.1420149102462448e-05 -0.0028048850618697745
leaf_weight=3938 3752 482 260 2481 3302 1672 169
leaf_count=3938 3752 482 260 2481 3302 1672 169
internal_value=-1.31264e-05 0.000842701 0.00260291 -0.000546699 -0.000311779 0.000601901 -0.00118852
internal_weight=16056 6166 742 9890 7240 5424 2650
internal_count=16056 6166 742 9890 7240 5424 2650
cat_boundaries=0 1
cat_threshold=27266
is_linear=0
shrinkage=0.00834467


Tree=365
num_leaves=8
num_cat=0
split_feature=28 8 21 45 56 33 12
split_gain=103.191 37.1657 29.0891 20.9882 17.8246 12.039 9.82127
threshold=25.438578604089361 1.5000000000000002 27.312244415283207 22.056207656860355 -0.24688625335693357 25.054808616638187 1.5000000000000002
decision_type=2 2 2 2 2 2 2
left_child=1 5 6 -3 -4 -1 -2
right_child=2 3 4 -5 -6 -7 -8
leaf_value=0.00080434549627921362 0.00076565881872055392 -0.0011552911275158934 0.00022071665361770323 -0.0003339136440880627 0.0035580832595757976 -0.00060828604479953299 0.0029903345091301958
leaf_weight=2169 1902 3024 139 7637 562 521 149
leaf_count=2169 1902 3024 139 7637 562 521 149
internal_value=-4.24619e-05 -0.000345742 0.00142886 -0.000566899 0.00289634 0.000530745 0.000927289
internal_weight=16103 13351 2752 10661 701 2690 2051
internal_count=16103 13351 2752 10661 701 2690 2051
is_linear=0
shrinkage=0.00834467


Tree=366
num_leaves=8
num_cat=0
split_feature=49 18 6 6 6 6 46
split_gain=110.691 42.2863 27.1072 20.201 16.0638 13.2329 6.11054
threshold=24.186051082446294 26.347520828247074 14.500000000000002 15.500000000000002 12.500000000000002 14.500000000000002 24.558264732360843
decision_type=2 2 2 2 2 2 2
left_child=3 5 -3 4 -1 -2 -5
right_child=1 2 -4 6 -6 -7 -8
leaf_value=-0.00065303454300013524 0.00076832376303573877 0.0027008026860368211 -0.0009269560201138129 -0.0012252165118464163 0.00011077723257317688 -0.00036885945958868295 0.00096358329851227355
leaf_weight=4211 3465 1143 164 2560 3520 897 92
leaf_count=4211 3465 1143 164 2560 3520 897 92
internal_value=-8.81587e-06 0.000928979 0.00224559 -0.000520842 -0.000305264 0.000534474 -0.00114928
internal_weight=16052 5669 1307 10383 7731 4362 2652
internal_count=16052 5669 1307 10383 7731 4362 2652
is_linear=0
shrinkage=0.00834467


Tree=367
num_leaves=8
num_cat=0
split_feature=29 46 9 52 12 55 9
split_gain=100.71 36.2528 32.221 15.3621 14.502 9.83603 7.51335
threshold=25.507610321044925 22.822782516479496 29.486070632934574 1.2615107883420882 1.5000000000000002 1.1440054897441951 32.756839752197273
decision_type=2 2 2 2 2 2 2
left_child=1 5 4 -3 -2 -1 -4
right_child=2 3 6 -5 -6 -7 -8
leaf_value=-0.0007332487726597343 0.00094588969098262235 0.00014798307302887439 0.0033401701832072883 -0.0028871156085008786 0.0032590594226674513 -0.003715640744315274 0.0065290268050588324
leaf_weight=5972 2137 7269 247 118 207 78 65
leaf_count=5972 2137 7269 247 118 207 78 65
internal_value=7.26683e-07 -0.000292762 0.00148551 9.94967e-05 0.00115018 -0.000771705 0.0040047
internal_weight=16093 13437 2656 7387 2344 6050 312
internal_count=16093 13437 2656 7387 2344 6050 312
is_linear=0
shrinkage=0.00834467


Tree=368
num_leaves=8
num_cat=0
split_feature=18 28 43 11 47 10 15
split_gain=119.562 42.2575 20.0688 21.549 18.8654 11.263 8.35154
threshold=26.03409576416016 23.241488456726078 30.254060745239261 1.0000000180025095e-35 23.864499092102054 3.5000000000000004 5.6689420670419821
decision_type=2 2 2 2 2 2 8
left_child=1 4 3 -2 -1 -3 -4
right_child=2 5 6 -5 -6 -7 -8
leaf_value=-0.00077005261666677051 0.0013790011735968855 0.00011755587253083119 0.0062285480773829087 0.005495909194398978 0.0011569962949959567 0.0012631644286777018 0.0031654071054543161
leaf_weight=7208 1299 6228 85 95 372 661 229
leaf_count=7208 1299 6228 85 95 372 661 229
internal_value=9.18953e-07 -0.000245561 0.00208892 0.0016596 -0.000675478 0.000227479 0.00399477
internal_weight=16177 14469 1708 1394 7580 6889 314
internal_count=16177 14469 1708 1394 7580 6889 314
is_linear=0
shrinkage=0.00834467


Tree=369
num_leaves=8
num_cat=0
split_feature=51 8 18 46 14 10 56
split_gain=103.945 48.278 25.9268 18.782 15.3107 13.4282 8.96228
threshold=25.573138395991617 1.5000000000000002 29.014486314812014 22.944412231445316 1.1552303173889189 3.5000000000000004 -0.28532600402832026
decision_type=2 2 2 2 8 2 2
left_child=1 5 4 -3 -2 -1 -4
right_child=2 3 6 -5 -6 -7 -8
leaf_value=0.00047892369438531387 0.0037390740429143602 -0.00083259553214275444 0.00081262954017728337 -0.00013456891101333094 0.0010260524411092194 0.0021748058262063066 0.0041946006312698209
leaf_weight=2444 157 6014 66 4848 1870 375 315
leaf_count=2444 157 6014 66 4848 1870 375 315
internal_value=1.28795e-05 -0.000268515 0.00161161 -0.000521048 0.0012362 0.000704527 0.00360878
internal_weight=16089 13681 2408 10862 2027 2819 381
internal_count=16089 13681 2408 10862 2027 2819 381
is_linear=0
shrinkage=0.00834467


Tree=370
num_leaves=8
num_cat=1
split_feature=18 36 9 55 0 54 55
split_gain=105.995 35.7391 19.3119 16.7584 14.721 11.5158 11.1941
threshold=24.215098381511236 26.45360088348389 22.212726593017585 1.6797837711283303 0 0.76550912427142437 0.36377204789988976
decision_type=2 2 2 2 9 2 2
left_child=2 4 5 -3 -2 -1 -4
right_child=1 3 6 -5 -6 -7 -8
leaf_value=-0.00086623503310342975 0.0018334220532474311 0.0019532289497945139 -0.0005577132178490688 0.0061828316081906478 0.00038597194568524824 -0.0034923195880545415 0.0001204725248709471
leaf_weight=3740 559 1192 3292 69 3653 120 3493
leaf_count=3740 559 1192 3292 69 3653 120 3493
internal_value=8.56009e-06 0.000952309 -0.000476658 0.00218471 0.000583345 -0.000947884 -0.000208575
internal_weight=16118 5473 10645 1261 4212 3860 6785
internal_count=16118 5473 10645 1261 4212 3860 6785
cat_boundaries=0 1
cat_threshold=12288
is_linear=0
shrinkage=0.00834467


Tree=371
num_leaves=8
num_cat=1
split_feature=9 9 53 6 6 0 54
split_gain=98.5843 38.0164 31.431 19.6353 21.0487 15.1389 7.14502
threshold=23.94834136962891 26.633753776550297 1.355801169640211 15.500000000000002 12.500000000000002 0 0.60751265473963578
decision_type=2 2 2 2 2 9 2
left_child=3 5 -3 4 -1 -2 -5
right_child=1 2 -4 6 -6 -7 -8
leaf_value=-0.00069035937493935179 0.0010704009471152753 0.0026930380603905828 -0.0026258750251349889 -0.0010056421367355939 0.00020930187213870168 0.00015251092471083017 -0.0027834898026083995
leaf_weight=3978 2152 978 84 2496 3324 2999 168
leaf_count=3978 2152 978 84 2496 3324 2999 168
internal_value=9.76957e-06 0.000834755 0.00227231 -0.000504543 -0.000280818 0.000538365 -0.00111777
internal_weight=16179 6213 1062 9966 7302 5151 2664
internal_count=16179 6213 1062 9966 7302 5151 2664
cat_boundaries=0 1
cat_threshold=10880
is_linear=0
shrinkage=0.00834467


Tree=372
num_leaves=8
num_cat=0
split_feature=50 20 9 44 10 6 54
split_gain=101.173 36.3026 21.6281 17.1232 17.0853 11.8692 10.5396
threshold=24.156840658113286 27.960625648498539 21.983657836914066 25.239124298095707 3.5000000000000004 8.5000000000000018 0.65271965045214675
decision_type=2 2 2 2 2 2 2
left_child=2 4 6 -4 -2 -3 -1
right_child=1 5 3 -5 -6 -7 -8
leaf_value=-0.00098896353593738652 0.00051050068797957977 0.0062575642769926425 -0.00029065912658862562 0.0028363488631485611 0.0020147070613114847 0.0024683851431540442 -0.0036937517088484278
leaf_weight=2827 4640 65 7306 124 593 503 104
leaf_count=2827 4640 65 7306 124 593 503 104
internal_value=1.60917e-05 0.000898446 -0.000477928 -0.000238469 0.00068096 0.00290211 -0.00108495
internal_weight=16162 5801 10361 7430 5233 568 2931
internal_count=16162 5801 10361 7430 5233 568 2931
is_linear=0
shrinkage=0.00834467


Tree=373
num_leaves=8
num_cat=1
split_feature=28 8 18 6 0 17 7
split_gain=105.31 35.6964 28.317 19.7107 12.7241 12.5036 8.16193
threshold=25.438578604089361 1.5000000000000002 29.014486314812014 15.500000000000002 0 1.3241850000000006 49.500000000000007
decision_type=2 2 2 2 9 8 2
left_child=1 4 5 -3 -1 -2 -4
right_child=2 3 6 -5 -6 -7 -8
leaf_value=-1.4987790267105108e-05 0.0016765568831684184 -0.00028754206156792291 0.0042814245647414236 -0.0011026408672092543 0.0011287297330376314 0.00044474747976566052 0.0010549022689124745
leaf_weight=1331 1422 7879 295 2800 1379 962 67
leaf_count=1331 1422 7879 295 2800 1379 962 67
internal_value=2.10999e-05 -0.000284206 0.00150971 -0.000501259 0.000571112 0.0011795 0.00368429
internal_weight=16135 13389 2746 10679 2710 2384 362
internal_count=16135 13389 2746 10679 2710 2384 362
cat_boundaries=0 1
cat_threshold=1293
is_linear=0
shrinkage=0.00834467


Tree=374
num_leaves=8
num_cat=0
split_feature=9 19 29 53 44 7 8
split_gain=100.535 27.5024 25.8635 30.2401 16.0141 11.2853 11.221
threshold=25.070789337158207 22.356134414672855 26.640708923339847 1.355801169640211 24.840950965881351 25.500000000000004 1.5000000000000002
decision_type=2 2 2 2 2 2 2
left_child=1 5 3 -2 -4 -1 -3
right_child=2 6 4 -5 -6 -7 -8
leaf_value=-0.00037678965358605235 0.00097842720526146736 0.0004682423889722399 0.0063338153385385744 -0.004335864483856049 0.0021143883340010092 -0.0012219523013741556 -0.00022675688137284119
leaf_weight=1952 2345 2210 67 77 960 2521 6035
leaf_count=1952 2345 2210 67 77 960 2521 6035
internal_value=1.63956e-05 -0.000326286 0.00128001 0.000809459 0.00238971 -0.000853128 -4.04681e-05
internal_weight=16167 12718 3449 2422 1027 4473 8245
internal_count=16167 12718 3449 2422 1027 4473 8245
is_linear=0
shrinkage=0.00834467


Tree=375
num_leaves=8
num_cat=0
split_feature=18 18 45 6 53 6 23
split_gain=93.0599 34.2378 19.622 18.7502 17.708 12.0765 7.91238
threshold=24.215098381511236 27.693171501159672 22.069601058959964 14.500000000000002 0.87852598012458827 15.500000000000002 23.390563011169437
decision_type=2 2 2 2 2 2 2
left_child=2 3 6 -2 -3 -4 -1
right_child=1 4 5 -5 -6 -7 -8
leaf_value=-0.00092919143904708981 0.00091576622050829266 0.0033731774173092715 -4.2628513694648931e-05 -0.00039530640137381689 -0.00031265696876679511 -0.00088201131670102731 -0.0038271955552852031
leaf_weight=3129 3871 519 6015 945 110 1489 67
leaf_count=3129 3871 519 6015 945 110 1489 67
internal_value=9.54137e-06 0.000897645 -0.000442396 0.000658506 0.0027286 -0.000209186 -0.000989956
internal_weight=16145 5445 10700 4816 629 7504 3196
internal_count=16145 5445 10700 4816 629 7504 3196
is_linear=0
shrinkage=0.00834467


Tree=376
num_leaves=8
num_cat=0
split_feature=28 28 20 20 7 10 47
split_gain=92.6475 33.3959 28.6979 18.7861 16.9246 11.1573 11.0133
threshold=25.438578604089361 23.241488456726078 27.302216529846195 26.857735633850101 51.500000000000007 3.5000000000000004 23.864499092102054
decision_type=2 2 2 2 2 2 2
left_child=1 6 5 -3 -4 -2 -1
right_child=2 3 4 -5 -6 -7 -8
leaf_value=-0.00072953177038757584 0.00063233394576432472 0.00023390292835696907 0.0033156300267220122 -0.0042103630404630912 -0.00051898839237209788 0.002411496033716353 0.00079641889695601501
leaf_weight=7256 1768 5692 622 67 92 285 345
leaf_count=7256 1768 5692 622 67 92 285 345
internal_value=-9.27639e-06 -0.000297116 0.00138051 0.000182192 0.00282153 0.00087933 -0.00066027
internal_weight=16127 13360 2767 5759 714 2053 7601
internal_count=16127 13360 2767 5759 714 2053 7601
is_linear=0
shrinkage=0.00834467


Tree=377
num_leaves=7
num_cat=0
split_feature=18 28 6 7 6 47
split_gain=96.9508 40.2193 20.9758 23.2526 14.1063 11.8724
threshold=25.976819038391117 23.346899986267093 8.5000000000000018 51.500000000000007 16.500000000000004 24.584098815917972
decision_type=2 2 2 2 2 2
left_child=1 5 -2 -4 -3 -1
right_child=2 4 3 -5 -6 -7
leaf_value=-0.00069137856755604056 0.0051523641712390182 0.00030637976067031587 0.0019678313370894728 -0.001072143836486782 -0.0023624211748411077 0.0015005229928039536
leaf_weight=7696 124 6275 1413 200 141 176
leaf_count=7696 124 6275 1413 200 141 176
internal_value=-1.63663e-05 -0.000242675 0.00184516 0.00159089 0.000247726 -0.000642371
internal_weight=16025 14288 1737 1613 6416 7872
internal_count=16025 14288 1737 1613 6416 7872
is_linear=0
shrinkage=0.00834467


Tree=378
num_leaves=8
num_cat=0
split_feature=9 9 53 6 6 27 49
split_gain=92.8344 34.4676 24.5593 17.6692 20.5226 9.93934 6.19103
threshold=23.94834136962891 26.339530944824222 1.355801169640211 15.500000000000002 12.500000000000002 23.255896568298343 23.637929058074956
decision_type=2 2 2 2 2 2 2
left_child=3 5 -3 4 -1 -2 -5
right_child=1 2 -4 6 -6 -7 -8
leaf_value=-0.00067311709161792526 -0.0013126165495087653 0.0023384035227972211 -0.0021555197175844609 -0.00098392253963399691 0.00021803633608764598 0.00057838391377725983 -0.0030423542771167464
leaf_weight=3969 202 1218 91 2530 3292 4622 106
leaf_count=3969 202 1218 91 2530 3292 4622 106
internal_value=1.83703e-05 0.00082507 0.00202598 -0.000481528 -0.000269085 0.000499198 -0.00106671
internal_weight=16030 6133 1309 9897 7261 4824 2636
internal_count=16030 6133 1309 9897 7261 4824 2636
is_linear=0
shrinkage=0.00834467


Tree=379
num_leaves=8
num_cat=0
split_feature=28 9 6 6 14 54 32
split_gain=93.9494 30.7528 26.3348 21.5512 19.5915 11.5184 8.71092
threshold=25.438578604089361 22.212726593017585 8.5000000000000018 14.500000000000002 1.1552303173889189 0.76550912427142437 26.946234703063968
decision_type=2 2 2 2 8 2 2
left_child=1 5 6 -3 -4 -1 -2
right_child=2 3 4 -5 -6 -7 -8
leaf_value=-0.00083367757083670159 0.0025175207028093251 0.00021893751993372308 0.0037129738385007654 -0.00065661165007090334 0.00098989712662006621 -0.0034391363032976563 0.0064468480333776234
leaf_weight=3738 71 6794 199 2750 2436 122 88
leaf_count=3738 71 6794 199 2750 2436 122 88
internal_value=2.61405e-06 -0.000287535 0.00139458 -3.33429e-05 0.00119556 -0.000916035 0.0046925
internal_weight=16198 13404 2794 9544 2635 3860 159
internal_count=16198 13404 2794 9544 2635 3860 159
is_linear=0
shrinkage=0.00834467


Tree=380
num_leaves=8
num_cat=0
split_feature=48 27 6 6 53 5 53
split_gain=93.7777 33.918 17.8626 20.075 17.1431 16.1467 7.72726
threshold=24.036989212036136 26.477287292480472 15.500000000000002 12.500000000000002 1.5637347526849001 3.1661955000000006 0.69484175121152891
decision_type=2 2 2 2 2 2 2
left_child=2 4 3 -1 -2 -3 -4
right_child=1 5 6 -5 -6 -7 -8
leaf_value=-0.00066767611785095108 0.00058605057574970601 0.0024400777705083396 -0.00099522484320654719 0.00020259235532991656 -0.0030902470305480194 -0.00041001588505818945 -0.0037125779686282235
leaf_weight=4069 4721 1069 2557 3378 90 159 75
leaf_count=4069 4721 1069 2557 3378 90 159 75
internal_value=1.09299e-05 0.000833227 -0.000481764 -0.000272918 0.000517272 0.00207105 -0.00107267
internal_weight=16118 6039 10079 7447 4811 1228 2632
internal_count=16118 6039 10079 7447 4811 1228 2632
is_linear=0
shrinkage=0.00834467


Tree=381
num_leaves=7
num_cat=2
split_feature=18 18 55 17 0 0
split_gain=86.6034 44.064 15.599 20.2578 14.1926 13.9602
threshold=26.347520828247074 23.037331581115726 1.6797837711283303 -0.94912849999999993 0 1
decision_type=2 2 2 8 9 9
left_child=1 4 3 -2 -1 -3
right_child=2 5 -4 -5 -6 -7
leaf_value=-0.0013706350326283352 0.0033278074663160278 -0.00018859965368096598 0.0055465574446402505 0.0010595651219252415 -0.00045475178979245256 0.00053109419648627557
leaf_weight=1506 415 3047 84 808 5488 4868
leaf_count=1506 415 3047 84 808 5488 4868
internal_value=8.58297e-06 -0.000171976 0.00206821 0.00182927 -0.000654578 0.00025447
internal_weight=16216 14909 1307 1223 6994 7915
internal_count=16216 14909 1307 1223 6994 7915
cat_boundaries=0 1 2
cat_threshold=132 1293
is_linear=0
shrinkage=0.00834467


Tree=382
num_leaves=8
num_cat=0
split_feature=9 9 6 55 6 54 55
split_gain=87.8873 34.3102 24.6484 23.9152 20.5086 19.1886 12.8873
threshold=25.674401283264164 23.24605751037598 14.500000000000002 1.6797837711283303 14.500000000000002 0.90489585516379611 0.97297735831383003
decision_type=2 2 2 2 2 2 2
left_child=1 5 3 -2 -3 -1 -4
right_child=2 4 6 -5 -6 -7 -8
leaf_value=-0.00055475595122368541 0.0017223505117139682 0.00046316900677018027 0.00081484533830053431 0.0063590666863746672 -0.00068079323413012757 -0.0030606672723203217 -0.0024803735451081966
leaf_weight=7481 1768 4851 206 81 1408 219 138
leaf_count=7481 1768 4851 206 81 1408 219 138
internal_value=-9.06065e-06 -0.000253039 0.00154392 0.00192551 0.000205827 -0.000626032 -0.000507106
internal_weight=16152 13959 2193 1849 6259 7700 344
internal_count=16152 13959 2193 1849 6259 7700 344
is_linear=0
shrinkage=0.00834467


Tree=383
num_leaves=7
num_cat=1
split_feature=18 9 14 6 8 0
split_gain=101.293 37.0109 16.8058 21.044 15.7395 11.3101
threshold=25.976819038391117 23.773359298706058 0.9851717389068434 8.5000000000000018 1.5000000000000002 0
decision_type=2 2 8 2 2 9
left_child=1 4 -2 -4 -1 -3
right_child=2 5 3 -5 -6 -7
leaf_value=0.00044679939221825375 0.0053064274446354975 -0.0001728647871226121 0.0049132530178072854 0.0014412658163625879 -0.00063524123165530338 0.00066583465452303519
leaf_weight=1054 96 1708 132 1536 8368 3238
leaf_count=1054 96 1708 132 1536 8368 3238
internal_value=2.43456e-05 -0.000207344 0.00191148 0.00171605 -0.000514198 0.000377204
internal_weight=16132 14368 1764 1668 9422 4946
internal_count=16132 14368 1764 1668 9422 4946
cat_boundaries=0 1
cat_threshold=1289
is_linear=0
shrinkage=0.00834467


Tree=384
num_leaves=7
num_cat=0
split_feature=9 19 53 28 8 54
split_gain=83.9072 35.4476 21.0576 17.6662 15.9983 8.23159
threshold=25.841992378234867 22.356134414672855 1.355801169640211 24.346021652221683 1.5000000000000002 0.66863550100506308
decision_type=2 2 2 2 2 2
left_child=1 5 3 -2 -3 -1
right_child=2 4 -4 -5 -6 -7
leaf_value=-0.000744851451563964 0.0059691457915008019 0.00060492039466511884 -0.0018226898549392576 0.001695414658275984 -0.00013680769170527148 -0.0025862859736466648
leaf_weight=4270 70 2868 115 1775 6888 176
leaf_count=4270 70 2868 115 1775 6888 176
internal_value=2.31716e-05 -0.000200193 0.00164165 0.00185759 8.12407e-05 -0.000817752
internal_weight=16162 14202 1960 1845 9756 4446
internal_count=16162 14202 1960 1845 9756 4446
is_linear=0
shrinkage=0.00834467


Tree=385
num_leaves=8
num_cat=0
split_feature=50 18 47 52 54 52 47
split_gain=77.0915 33.813 21.5612 18.8064 16.1702 15.1961 11.4363
threshold=24.005746125991703 27.287329673767093 24.928368568420414 1.1554441099334991 0.26753348184904485 0.62833589347471308 23.272758483886722
decision_type=2 2 2 2 2 2 2
left_child=2 6 3 -1 -4 -3 -2
right_child=1 5 4 -5 -6 -7 -8
leaf_value=-0.00047878950344533227 0.0024910310966206862 0.0030206137991102976 0.0056444391207384559 -0.0042900262066783677 0.00057295866509935616 0.00022343241642229028 0.0004233457669535966
leaf_weight=9609 193 584 66 91 130 176 5332
leaf_count=9609 193 584 66 91 130 176 5332
internal_value=-1.59351e-07 0.000722588 -0.00045918 -0.000514549 0.0022809 0.00237286 0.000495579
internal_weight=16181 6285 9896 9700 196 760 5525
internal_count=16181 6285 9896 9700 196 760 5525
is_linear=0
shrinkage=0.00834467


Tree=386
num_leaves=8
num_cat=0
split_feature=9 26 6 17 47 6 45
split_gain=87.7583 35.3987 17.9536 17.1911 16.8843 11.9976 9.57514
threshold=25.802339553833011 22.742601394653324 10.500000000000002 -0.87212599999999985 25.066113471984867 12.500000000000002 21.52122497371094
decision_type=2 2 2 8 2 2 2
left_child=1 6 3 -2 -4 -3 -1
right_child=2 5 4 -5 -6 -7 -8
leaf_value=-0.0013559289442346206 0.0039412845029181652 -0.00018210576578300968 0.0027982268514186183 0.0016353663729840354 0.00023493871673064485 0.00046277003572929354 -0.00054428055014619787
leaf_weight=1292 345 4175 235 648 750 3872 4672
leaf_count=1292 345 4175 235 648 750 3872 4672
internal_value=-6.17268e-07 -0.000232903 0.00164475 0.00243655 0.000846506 0.000128191 -0.000720112
internal_weight=15989 14011 1978 993 985 8047 5964
internal_count=15989 14011 1978 993 985 8047 5964
is_linear=0
shrinkage=0.00834467


Tree=387
num_leaves=8
num_cat=1
split_feature=9 9 53 6 6 0 54
split_gain=79.0878 32.1821 26.6257 14.4372 15.1367 14.2229 5.7742
threshold=23.773359298706058 26.633753776550297 1.355801169640211 15.500000000000002 12.500000000000002 0 0.60751265473963578
decision_type=2 2 2 2 2 9 2
left_child=3 5 -3 4 -1 -2 -5
right_child=1 2 -4 6 -6 -7 -8
leaf_value=-0.00064528544870734797 -0.00016311619486243724 0.0024043796227842225 -0.0025432431150818609 -0.00091044108524489611 0.00014610537776237146 0.00073782284619071468 -0.0025367033095309872
leaf_weight=3669 1800 991 82 2469 3109 3781 162
leaf_count=3669 1800 991 82 2469 3109 3781 162
internal_value=6.46646e-06 0.000702741 0.00202626 -0.000485936 -0.000282283 0.000448279 -0.00101058
internal_weight=16063 6654 1073 9409 6778 5581 2631
internal_count=16063 6654 1073 9409 6778 5581 2631
cat_boundaries=0 1
cat_threshold=1289
is_linear=0
shrinkage=0.00834467


Tree=388
num_leaves=7
num_cat=0
split_feature=9 47 55 9 6 7
split_gain=78.4868 33.4236 20.6583 20.5927 17.8071 9.16302
threshold=25.841992378234867 22.109875679016117 1.6797837711283303 32.293060301655281 15.500000000000002 32.500000000000007
decision_type=2 2 2 2 2 2
left_child=1 5 3 -2 -3 -1
right_child=2 4 -4 -5 -6 -7
leaf_value=-0.00052467479084496247 0.0011542515750625018 0.00016744889233109061 0.005446194813070307 0.0045980767830299443 -0.00076467010192979637 -0.0014087873929388775
leaf_weight=1746 1727 9205 92 130 1689 1533
leaf_count=1746 1727 9205 92 130 1689 1533
internal_value=1.65216e-05 -0.000199389 0.0015866 0.00139536 2.29331e-05 -0.000938019
internal_weight=16122 14173 1949 1857 10894 3279
internal_count=16122 14173 1949 1857 10894 3279
is_linear=0
shrinkage=0.00834467


Tree=389
num_leaves=8
num_cat=0
split_feature=23 20 8 7 23 7 52
split_gain=78.1494 26.6637 22.2256 20.8013 13.428 13.3171 12.4554
threshold=24.838911056518558 27.302216529846195 1.5000000000000002 51.500000000000007 22.154624938964847 42.500000000000007 1.2615107883420882
decision_type=2 2 2 2 2 2 2
left_child=2 5 6 -3 -4 -2 -1
right_child=1 3 4 -5 -6 -7 -8
leaf_value=0.00052509241947290748 0.00098420299392014627 0.0029549368205866277 -0.00095451227777697343 -0.0012108887960001296 -0.00030977798597807372 -0.0001954326868606197 -0.0031578001735059259
leaf_weight=2043 2377 639 3444 96 6485 926 66
leaf_count=2043 2377 639 3444 96 6485 926 66
internal_value=-3.1194e-05 0.000973367 -0.000368162 0.00241082 -0.000533413 0.000653491 0.000409824
internal_weight=16076 4038 12038 735 9929 3303 2109
internal_count=16076 4038 12038 735 9929 3303 2109
is_linear=0
shrinkage=0.00834467


Tree=390
num_leaves=8
num_cat=1
split_feature=9 6 9 0 8 6 9
split_gain=73.9911 36.1478 27.565 23.9601 14.806 13.6996 11.2379
threshold=23.94834136962891 10.500000000000002 27.484950065612797 0 1.5000000000000002 12.500000000000002 21.254704474621587
decision_type=2 2 2 9 2 2 2
left_child=4 2 -2 -3 5 -1 -6
right_child=1 3 -4 -5 6 -7 -8
leaf_value=-0.00016459708560667309 0.0010968318720907411 0.00057078563001237113 0.0033828962414447421 -0.0010272325236317442 -0.0016853583899697994 0.0017130707145856722 -0.00047712091689745568
leaf_weight=894 1998 2889 450 834 574 388 8104
leaf_count=894 1998 2889 450 834 574 388 8104
internal_value=1.14728e-05 0.000729465 0.00151708 0.000211581 -0.00043338 0.000403692 -0.000557041
internal_weight=16131 6171 2448 3723 9960 1282 8678
internal_count=16131 6171 2448 3723 9960 1282 8678
cat_boundaries=0 1
cat_threshold=27266
is_linear=0
shrinkage=0.00834467


Tree=391
num_leaves=8
num_cat=0
split_feature=29 47 9 52 6 7 9
split_gain=75.5539 27.0615 21.5093 14.4911 12.5802 9.19692 7.73327
threshold=25.507610321044925 22.284968376159672 29.486070632934574 1.2615107883420882 14.500000000000002 32.500000000000007 32.756839752197273
decision_type=2 2 2 2 2 2 2
left_child=1 5 4 -3 -2 -1 -4
right_child=2 3 6 -5 -6 -7 -8
leaf_value=-0.00045682188731114209 0.0013239138471170535 2.7536398119097041e-05 0.0026692915263870744 -0.0027463822101526959 -0.00018791772313339036 -0.001260447615483941 0.0059029672263921674
leaf_weight=2128 1856 9324 248 133 483 1857 65
leaf_count=2128 1856 9324 248 133 483 1857 65
internal_value=-5.67897e-07 -0.000254525 0.00128664 -1.14778e-05 0.00101172 -0.000831312 0.00334098
internal_weight=16094 13442 2652 9457 2339 3985 313
internal_count=16094 13442 2652 9457 2339 3985 313
is_linear=0
shrinkage=0.00834467


Tree=392
num_leaves=8
num_cat=0
split_feature=29 8 18 6 52 56 20
split_gain=76.493 27.0998 20.7141 17.3105 12.4459 11.0863 4.88425
threshold=25.507610321044925 1.5000000000000002 29.014486314812014 15.500000000000002 1.2615107883420882 0.28842258585449271 32.335674285888679
decision_type=2 2 2 2 2 2 2
left_child=1 4 5 -3 -1 -2 -4
right_child=2 3 6 -5 -6 -7 -8
leaf_value=0.00059987606247464877 0.00073534761413844671 -0.00022878815530817 0.0024523870482986744 -0.00099156721383249604 -0.0026251790410027785 0.0022201405426984407 0.0044786037604490807
leaf_weight=2669 1867 7901 242 2808 86 431 126
leaf_count=2669 1867 7901 242 2808 86 431 126
internal_value=1.67978e-05 -0.000238911 0.00130819 -0.000428797 0.000499194 0.00101384 0.00314625
internal_weight=16130 13464 2666 10709 2755 2298 368
internal_count=16130 13464 2666 10709 2755 2298 368
is_linear=0
shrinkage=0.00834467


Tree=393
num_leaves=8
num_cat=0
split_feature=18 39 27 54 8 9 53
split_gain=73.313 35.7228 18.114 16.0148 18.0855 7.69774 4.69369
threshold=23.426663398742679 29.48844146728516 23.29107761383057 0.92871214547611547 1.5000000000000002 32.756839752197273 1.0928461243803695
decision_type=2 2 2 2 2 2 2
left_child=3 2 -2 4 -1 -3 -5
right_child=1 5 -4 6 -6 -7 -8
leaf_value=0.0008548473000379185 -0.00092416582446170823 0.0025399822560044668 0.00059659043625064957 -0.0019030125313735931 -0.00058169583638394032 0.0056522728700464592 -0.0045046607170815189
leaf_weight=665 593 318 6793 151 7412 67 71
leaf_count=665 593 318 6793 151 7412 67 71
internal_value=2.12072e-05 0.000603667 0.000474492 -0.000524195 -0.000463421 0.00308173 -0.00273523
internal_weight=16070 7771 7386 8299 8077 385 222
internal_count=16070 7771 7386 8299 8077 385 222
is_linear=0
shrinkage=0.00834467


Tree=394
num_leaves=8
num_cat=0
split_feature=9 6 55 47 7 10 55
split_gain=80.1898 24.5799 30.3696 23.1515 20.9605 14.5513 10.5006
threshold=25.070789337158207 14.500000000000002 1.5868855998533167 22.073082926318364 19.500000000000004 3.5000000000000004 1.1440054897441951
decision_type=2 2 2 2 2 2 2
left_child=3 2 -2 6 -3 -5 -1
right_child=1 4 -4 5 -6 -7 -8
leaf_value=-0.00083947225636353908 0.0013015345629334306 0.0014190114003931966 0.0060765633725495052 -0.00017835506443025694 -0.001762193721908977 0.0011529266636186256 -0.0040196173667071287
leaf_weight=3131 2731 251 96 8890 339 611 74
leaf_count=3131 2731 251 96 8890 339 611 74
internal_value=5.56236e-06 0.00114038 0.00146371 -0.000299623 -0.000408833 -9.27406e-05 -0.00091291
internal_weight=16123 3417 2827 12706 590 9501 3205
internal_count=16123 3417 2827 12706 590 9501 3205
is_linear=0
shrinkage=0.00834467


Tree=395
num_leaves=7
num_cat=0
split_feature=18 46 20 12 20 9
split_gain=72.9003 32.1729 13.9479 12.2593 11.2806 8.94526
threshold=25.932779312133793 22.867424011230472 32.335674285888679 1.5000000000000002 26.249649047851566 21.254704474621587
decision_type=2 2 2 2 2 2
left_child=1 5 3 -2 -3 -1
right_child=2 4 -4 -5 -6 -7
leaf_value=-0.0016803146407294665 0.0011273249736579896 0.00010135796784743667 0.0042861943538362816 0.0033976537631515351 0.0024340673954856029 -0.00055755940235410566
leaf_weight=542 1511 7992 123 186 147 5594
leaf_count=542 1511 7992 123 186 147 5594
internal_value=4.87393e-08 -0.00020048 0.00157287 0.00137618 0.000143492 -0.000656736
internal_weight=16095 14275 1820 1697 8139 6136
internal_count=16095 14275 1820 1697 8139 6136
is_linear=0
shrinkage=0.00834467


Tree=396
num_leaves=8
num_cat=0
split_feature=28 52 8 6 14 34 22
split_gain=73.0994 25.7642 27.1316 23.7942 17.5845 7.78665 6.82479
threshold=25.438578604089361 1.2615107883420882 1.5000000000000002 8.5000000000000018 1.128003520257822 26.87490272521973 23.903439521789554
decision_type=2 2 2 2 8 2 2
left_child=1 2 -1 5 -5 -2 -3
right_child=3 6 -4 4 -6 -7 -8
leaf_value=0.00054265696071098676 0.0021682589491452417 -0.0016387569399164852 -0.0004097365881617957 0.0035535728568286016 0.00084991752856997246 0.0058674534170456167 -0.0050774230098301664
leaf_weight=2599 68 72 10488 180 2413 95 91
leaf_count=2599 68 72 10488 180 2413 95 91
internal_value=-4.47254e-06 -0.000261664 -0.000220597 0.00123202 0.00103761 0.00432445 -0.00355869
internal_weight=16006 13250 13087 2756 2593 163 163
internal_count=16006 13250 13087 2756 2593 163 163
is_linear=0
shrinkage=0.00834467


Tree=397
num_leaves=8
num_cat=0
split_feature=26 45 20 7 29 52 54
split_gain=75.1354 23.5132 22.7348 14.8265 14.1011 13.4575 10.8909
threshold=25.320436477661136 22.056207656860355 27.960625648498539 18.500000000000004 28.100689888000492 1.2615107883420882 0.92871214547611547
decision_type=2 2 2 2 2 2 2
left_child=1 6 3 -2 -4 -3 -1
right_child=2 5 4 -5 -6 -7 -8
leaf_value=-0.00080727240314704064 0.0017819698415460709 -3.608486859509431e-05 0.0052780990706950831 0.00039438786161060437 0.0020272177041930671 -0.0027488370827689415 -0.0036053400834443897
leaf_weight=3081 796 9835 118 1643 437 129 100
leaf_count=3081 796 9835 118 1643 437 129 100
internal_value=1.11061e-06 -0.00027062 0.00119413 0.000847249 0.00271848 -7.12084e-05 -0.000895245
internal_weight=16139 13145 2994 2439 555 9964 3181
internal_count=16139 13145 2994 2439 555 9964 3181
is_linear=0
shrinkage=0.00834467


Tree=398
num_leaves=8
num_cat=1
split_feature=9 6 0 9 47 6 7
split_gain=72.2465 33.2335 24.724 24.2913 12.1879 12.3011 9.40635
threshold=23.859982490539554 10.500000000000002 0 27.484950065612797 22.073082926318364 11.500000000000002 33.500000000000007
decision_type=2 2 9 2 2 2 2
left_child=4 3 -3 -2 6 -6 -1
right_child=1 2 -4 -5 5 -7 -8
leaf_value=-0.00047665523434765032 0.0010401662354252129 0.00087480273727430925 -0.00044768530838012257 0.0031634144117478587 -0.00082521384254797463 -2.7950179188090115e-05 -0.0013920977603194282
leaf_weight=1734 2016 1919 2002 461 1895 4665 1423
leaf_count=1734 2016 1919 2002 461 1895 4665 1423
internal_value=-9.90157e-06 0.000678665 0.000200651 0.00143534 -0.000463277 -0.000258258 -0.000889289
internal_weight=16115 6398 3921 2477 9717 6560 3157
internal_count=16115 6398 3921 2477 9717 6560 3157
cat_boundaries=0 1
cat_threshold=26752
is_linear=0
shrinkage=0.00834467


Tree=399
num_leaves=8
num_cat=0
split_feature=29 47 6 8 14 32 55
split_gain=67.4834 31.5405 21.1727 14.3233 12.9956 10.3539 10.3343
threshold=25.535952568054203 22.093097686767582 8.5000000000000018 1.5000000000000002 1.1965937898913681 26.946234703063968 1.1440054897441951
decision_type=2 2 2 2 8 2 2
left_child=1 6 5 -3 -4 -2 -1
right_child=2 3 4 -5 -6 -7 -8
leaf_value=-0.00087323743777869027 0.0018007304178027485 0.00051814625136656551 0.0031588494210764923 -0.00019001777468299736 0.00087872601094444709 0.006206204574314607 -0.0040273132750512572
leaf_weight=3201 66 2697 189 7574 2201 85 74
leaf_count=3201 66 2697 189 7574 2201 85 74
internal_value=2.64424e-06 -0.000231437 0.00125052 -4.06494e-06 0.00105905 0.00428087 -0.000944517
internal_weight=16087 13546 2541 10271 2390 151 3275
internal_count=16087 13546 2541 10271 2390 151 3275
is_linear=0
shrinkage=0.00834467


Tree=400
num_leaves=8
num_cat=0
split_feature=29 46 6 6 10 32 44
split_gain=73.4505 25.9453 21.5514 13.3009 11.6816 9.55121 8.48744
threshold=25.507610321044925 22.778178215026859 8.5000000000000018 12.500000000000002 4.5000000000000009 26.946234703063968 21.490017890930179
decision_type=2 2 2 2 2 2 2
left_child=1 6 5 -3 -4 -2 -1
right_child=2 3 4 -5 -6 -7 -8
leaf_value=-0.001256518662707502 0.0019678257719448807 -0.0002477915628002312 0.00096662855926079965 0.00045203985251569237 0.0037016120100087169 0.0060201846539355251 -0.00048571382488143576
leaf_weight=1267 73 3956 2356 3623 114 91 4629
leaf_count=1267 73 3956 2356 3623 114 91 4629
internal_value=1.29154e-05 -0.000236209 0.00128738 8.675e-05 0.00109287 0.00421661 -0.000651355
internal_weight=16109 13475 2634 7579 2470 164 5896
internal_count=16109 13475 2634 7579 2470 164 5896
is_linear=0
shrinkage=0.00834467


Tree=401
num_leaves=8
num_cat=0
split_feature=9 6 18 7 9 6 54
split_gain=70.2532 29.1925 31.1301 23.2664 12.0409 9.51931 8.99983
threshold=23.773359298706058 14.500000000000002 26.347520828247074 18.500000000000004 21.493417739868168 15.500000000000002 0.6600498339499643
decision_type=2 2 2 2 2 2 2
left_child=4 2 -2 -3 6 -6 -1
right_child=1 3 -4 -5 5 -7 -8
leaf_value=-0.0010363897051196137 0.00058550338215779827 0.00089401243888633756 0.0021322260127376686 -0.0014312426572715513 -0.00018274142213328527 -0.00084168739382399602 -0.0040114144284845539
leaf_weight=1264 4286 499 1149 750 6057 2041 75
leaf_count=1264 4286 499 1149 750 6057 2041 75
internal_value=-6.42414e-06 0.000648128 0.000912495 -0.000502258 -0.000470028 -0.000348821 -0.00120305
internal_weight=16121 6684 5435 1249 9437 8098 1339
internal_count=16121 6684 5435 1249 9437 8098 1339
is_linear=0
shrinkage=0.00834467


Tree=402
num_leaves=8
num_cat=0
split_feature=26 6 18 6 7 7 7
split_gain=67.6545 23.4576 22.4629 17.4606 15.8989 11.4003 10.0446
threshold=25.43283843994141 15.500000000000002 27.287329673767093 12.500000000000002 50.500000000000007 18.500000000000004 50.500000000000007
decision_type=2 2 2 2 2 2 2
left_child=1 3 5 -1 -4 -2 -3
right_child=2 6 4 -5 -6 -7 -8
leaf_value=-0.00036679735702145302 0.0016299939079038928 -0.00074088437585713397 0.0029752492788308231 0.00032136458139347203 -0.0005260222998207287 0.00030837924154160107 -0.0023364174832120163
leaf_weight=5804 676 2615 610 4604 106 1387 307
leaf_count=5804 676 2615 610 4604 106 1387 307
internal_value=-9.47813e-07 -0.000247866 0.00118344 -6.23875e-05 0.0024569 0.000741449 -0.000908526
internal_weight=16109 13330 2779 10408 716 2063 2922
internal_count=16109 13330 2779 10408 716 2063 2922
is_linear=0
shrinkage=0.00834467


Tree=403
num_leaves=8
num_cat=0
split_feature=18 6 6 6 12 39 7
split_gain=63.8744 25.9813 20.8641 18.0517 16.6287 15.0827 9.27927
threshold=25.806072235107425 15.500000000000002 12.500000000000002 10.500000000000002 1.5000000000000002 28.506158828735355 50.500000000000007
decision_type=2 2 2 2 2 2 2
left_child=1 2 -1 5 -5 -2 -3
right_child=3 6 -4 4 -6 -7 -8
leaf_value=-0.00033770979656470455 0.0014995855117788462 -0.00074174795825308882 0.0003915961663350181 0.00020419894021821784 0.0035009226938072643 0.0037224898644667259 -0.0022663212747551474
leaf_weight=6275 696 2619 4837 891 121 306 311
leaf_count=6275 696 2619 4837 891 121 306 311
internal_value=-5.23406e-06 -0.000204563 -2.02464e-05 0.00138452 0.000598402 0.00217847 -0.000903578
internal_weight=16056 14042 11112 2014 1012 1002 2930
internal_count=16056 14042 11112 2014 1012 1002 2930
is_linear=0
shrinkage=0.00834467


Tree=404
num_leaves=8
num_cat=0
split_feature=9 6 18 7 47 6 7
split_gain=66.3731 28.6987 28.8375 20.2883 13.8038 8.23937 7.95222
threshold=23.820969581845706 14.500000000000002 26.347520828247074 19.500000000000004 22.073082926318364 12.500000000000002 33.500000000000007
decision_type=2 2 2 2 2 2 2
left_child=4 2 -2 -3 6 -6 -1
right_child=1 3 -4 -5 5 -7 -8
leaf_value=-0.00050052590322764267 0.00059556237994927788 0.00078062386053495616 0.0020911029933216212 -0.0013909999694575602 -0.00055838309834208282 4.6749201729029791e-05 -0.0013336228220316173
leaf_weight=1731 4185 510 1143 726 2752 3638 1480
leaf_count=1731 4185 510 1143 726 2752 3638 1480
internal_value=3.96165e-06 0.000650644 0.000916399 -0.000494942 -0.000438161 -0.000213865 -0.000884516
internal_weight=16165 6564 5328 1236 9601 6390 3211
internal_count=16165 6564 5328 1236 9601 6390 3211
is_linear=0
shrinkage=0.00834467


Tree=405
num_leaves=8
num_cat=0
split_feature=49 6 18 7 23 46 18
split_gain=65.208 26.129 26.3651 20.7029 18.2757 12.7248 6.48485
threshold=24.186051082446294 14.500000000000002 26.347520828247074 19.500000000000004 22.100628852844242 25.831351280212406 21.087455749511722
decision_type=2 2 2 2 2 2 2
left_child=4 2 -2 -3 6 -6 -1
right_child=1 3 -4 -5 5 -7 -8
leaf_value=-0.0023838007037748511 0.00062481176477641447 0.00085153797754907075 0.0020825116651017129 -0.0015247799244664396 -0.00019118679474296879 0.0030568929909451864 -0.00080848240547923441
leaf_weight=193 3474 456 1150 580 6987 85 3180
leaf_count=193 3474 456 1150 580 6987 85 3180
internal_value=-2.33492e-06 0.00071898 0.000987349 -0.000478835 -0.000393206 -0.000152143 -0.000898627
internal_weight=16105 5660 4624 1036 10445 7072 3373
internal_count=16105 5660 4624 1036 10445 7072 3373
is_linear=0
shrinkage=0.00834467


Tree=406
num_leaves=8
num_cat=0
split_feature=18 6 39 6 8 52 9
split_gain=54.9371 30.5599 24.4018 22.0686 10.3659 10.3291 8.52975
threshold=23.775609016418461 10.500000000000002 28.506158828735355 12.500000000000002 1.5000000000000002 0.82058040928954312 21.085356712341312
decision_type=2 2 2 2 2 2 2
left_child=4 2 -2 -3 5 -1 -6
right_child=1 3 -4 -5 6 -7 -8
leaf_value=0.00062893310797166777 0.00096807536787531082 -0.00072035075424843804 0.0034004432031902346 0.00056258023568419994 -0.0022954944344424346 -0.0020491532815705531 -0.00048360509565854577
leaf_weight=958 2214 1423 330 2715 185 112 8190
leaf_count=958 2214 1423 330 2715 185 112 8190
internal_value=-1.51651e-05 0.00056388 0.00128361 0.000121398 -0.000424819 0.000348594 -0.000523632
internal_weight=16127 6682 2544 4138 9445 1070 8375
internal_count=16127 6682 2544 4138 9445 1070 8375
is_linear=0
shrinkage=0.00834467


Tree=407
num_leaves=8
num_cat=0
split_feature=44 42 52 8 6 19 44
split_gain=55.5807 28.2196 18.3078 20.6317 15.9935 6.3675 6.12131
threshold=23.836790084838871 30.232737541198734 1.1554441099334991 1.5000000000000002 9.5000000000000018 32.775291442871101 22.938005447387699
decision_type=2 2 2 2 2 2 2
left_child=2 4 3 -1 -2 -3 -4
right_child=1 5 6 -5 -6 -7 -8
leaf_value=0.00071978785310629844 0.0013683030504548766 0.0023813149038186088 -0.0017133346432388048 -0.0005313484884198463 0.00025566870684031183 0.0052806722347863572 -0.0053213417230688984
leaf_weight=1035 1079 248 65 8104 5411 67 66
leaf_count=1035 1079 248 65 8104 5411 67 66
internal_value=-1.36501e-05 0.000559042 -0.000434057 -0.000389656 0.000440652 0.00299815 -0.00353137
internal_weight=16075 6805 9270 9139 6490 315 131
internal_count=16075 6805 9270 9139 6490 315 131
is_linear=0
shrinkage=0.00834467


Tree=408
num_leaves=7
num_cat=0
split_feature=9 8 55 53 6 6
split_gain=63.5509 23.8408 18.8311 24.4189 16.4231 14.5662
threshold=25.674401283264164 1.5000000000000002 1.6797837711283303 1.355801169640211 15.500000000000002 12.500000000000002
decision_type=2 2 2 2 2 2
left_child=1 5 3 -2 -3 -1
right_child=2 4 -4 -5 -6 -7
leaf_value=7.3661951569428747e-05 0.0013501813106409537 -0.00016981702330555194 0.0050201641161688425 -0.0036623146405429289 -0.00090577208795067593 0.0013239347959300778
leaf_weight=1964 2031 8180 93 70 2846 969
leaf_count=1964 2031 8180 93 70 2846 969
internal_value=2.55924e-05 -0.000181916 0.00134583 0.00118316 -0.00035978 0.000486728
internal_weight=16153 13959 2194 2101 11026 2933
internal_count=16153 13959 2194 2101 11026 2933
is_linear=0
shrinkage=0.00834467


Tree=409
num_leaves=8
num_cat=0
split_feature=28 6 6 14 52 7 32
split_gain=59.9825 23.0187 21.4082 18.1292 17.7737 10.3547 9.05035
threshold=25.438578604089361 15.500000000000002 8.5000000000000018 1.1116108093702859 1.2615107883420882 50.500000000000007 26.946234703063968
decision_type=2 2 2 8 2 2 2
left_child=1 4 6 -4 -1 -3 -2
right_child=2 5 3 -5 -6 -7 -8
leaf_value=-3.4815547575232618e-05 0.0019087289878569995 -0.00075132533220552465 0.0035516814335981653 0.00072471611308341636 -0.0028726647740353476 -0.0023995818457984725 0.0058400931492367681
leaf_weight=10292 76 2567 169 2417 156 296 88
leaf_count=10292 76 2567 169 2417 156 296 88
internal_value=-2.70508e-05 -0.000258842 0.0010949 0.000909476 -7.71903e-05 -0.000921743 0.00401846
internal_weight=16061 13311 2750 2586 10448 2863 164
internal_count=16061 13311 2750 2586 10448 2863 164
is_linear=0
shrinkage=0.00834467


Tree=410
num_leaves=8
num_cat=0
split_feature=9 6 6 6 55 7 33
split_gain=63.9426 26.0046 21.1396 17.5492 17.9688 9.97601 5.30535
threshold=25.674401283264164 15.500000000000002 12.500000000000002 8.5000000000000018 1.6797837711283303 50.500000000000007 27.08644008636475
decision_type=2 2 2 2 2 2 2
left_child=1 2 -1 6 -5 -3 -2
right_child=3 5 -4 4 -6 -7 -8
leaf_value=-0.00034582835082679471 0.0024314765377023611 -0.00074245956335762433 0.00039111569664530246 0.00094879782014841536 0.0047415827061177583 -0.0023166953009503802 0.0055846573627805233
leaf_weight=6257 71 2612 4782 1965 91 314 78
leaf_count=6257 71 2612 4782 1965 91 314 78
internal_value=-3.4673e-06 -0.00021198 -2.65905e-05 0.00131711 0.00111669 -0.000911404 0.00408239
internal_weight=16170 13965 11039 2205 2056 2926 149
internal_count=16170 13965 11039 2205 2056 2926 149
is_linear=0
shrinkage=0.00834467


Tree=411
num_leaves=7
num_cat=0
split_feature=18 27 12 6 6 7
split_gain=54.3418 28.7205 23.2673 18.8328 23.9421 7.44167
threshold=25.158731460571293 23.686033248901371 2.5000000000000004 15.500000000000002 12.500000000000002 50.500000000000007
decision_type=2 2 2 2 2 2
left_child=3 -2 -3 4 -1 -5
right_child=1 2 -4 5 -6 -7
leaf_value=-0.00044435033598399875 -0.0038109401860848568 0.00097103364740644307 0.0059041119783218758 -0.00070215992694264845 0.00037981501225749914 -0.0020935398943771216
leaf_weight=5535 86 3163 68 2554 4410 299
leaf_count=5535 86 3163 68 2554 4410 299
internal_value=-3.64006e-06 0.000948188 0.00107487 -0.000250336 -7.88833e-05 -0.000847986
internal_weight=16115 3317 3231 12798 9945 2853
internal_count=16115 3317 3231 12798 9945 2853
is_linear=0
shrinkage=0.00834467


Tree=412
num_leaves=8
num_cat=0
split_feature=29 8 9 55 14 10 47
split_gain=60.2325 22.2527 19.8394 14.878 13.0004 11.3452 4.42131
threshold=25.507610321044925 1.5000000000000002 29.486070632934574 1.3319807905880989 1.0121415877986411 4.5000000000000009 31.243920326232914
decision_type=2 2 2 2 8 2 2
left_child=1 4 5 -3 -1 -2 -4
right_child=2 3 6 -5 -6 -7 -8
leaf_value=0.0025100140669857612 0.00076810883974521497 -0.00036881135860806542 0.0047769978834873803 -0.0036350754949911034 0.00028470431890831343 0.0035620963046035545 0.0025335065360109145
leaf_weight=197 2231 10569 86 98 2536 106 212
leaf_count=197 2231 10569 86 98 2536 106 212
internal_value=9.58683e-08 -0.000226696 0.00115342 -0.000398822 0.000445117 0.000894851 0.00318109
internal_weight=16035 13400 2635 10667 2733 2337 298
internal_count=16035 13400 2635 10667 2733 2337 298
is_linear=0
shrinkage=0.00834467


Tree=413
num_leaves=8
num_cat=0
split_feature=18 20 47 24 7 7 8
split_gain=56.3795 24.7932 14.5576 13.808 11.5247 10.9689 7.959
threshold=24.215098381511236 27.960625648498539 22.109875679016117 23.106707572937015 50.500000000000007 32.500000000000007 1.5000000000000002
decision_type=2 2 2 2 2 2 2
left_child=2 3 5 -2 -3 -1 -4
right_child=1 4 6 -5 -6 -7 -8
leaf_value=-0.00032914561992771407 -0.0031004195286374061 0.0028928897786132069 0.00043641552222890042 0.00058086603892149936 -0.00030445755974044242 -0.0012932363857781752 -0.00025332034544900184
leaf_weight=1739 72 476 1450 4821 94 1558 5926
leaf_count=1739 72 476 1450 4821 94 1558 5926
internal_value=2.91205e-05 0.000718564 -0.000323773 0.00052669 0.00236561 -0.00078473 -0.000117729
internal_weight=16136 5463 10673 4893 570 3297 7376
internal_count=16136 5463 10673 4893 570 3297 7376
is_linear=0
shrinkage=0.00834467


Tree=414
num_leaves=8
num_cat=0
split_feature=9 47 6 55 55 6 55
split_gain=54.0678 24.5314 24.4685 19.0358 13.7546 13.7391 9.48716
threshold=25.841992378234867 22.093097686767582 14.500000000000002 1.6797837711283303 0.97297735831383003 15.500000000000002 1.1440054897441951
decision_type=2 2 2 2 2 2 2
left_child=1 6 3 -2 -4 -3 -1
right_child=2 5 4 -5 -6 -7 -8
leaf_value=-0.00076849226006361925 0.0014759551384393699 0.00011548238599798893 0.00058077092757284903 0.0055318014181176631 -0.0030478383126768256 -0.0006967559559919093 -0.0038953885797210911
leaf_weight=3231 1547 9185 178 85 123 1722 69
leaf_count=3231 1547 9185 178 85 123 1722 69
internal_value=-2.53343e-05 -0.000203487 0.00128403 0.00168723 -0.000902066 -1.27545e-05 -0.000833884
internal_weight=16140 14207 1933 1632 301 10907 3300
internal_count=16140 14207 1933 1632 301 10907 3300
is_linear=0
shrinkage=0.00834467


Tree=415
num_leaves=8
num_cat=1
split_feature=28 8 6 14 55 0 34
split_gain=55.541 24.9225 18.2925 20.4242 18.29 10.5702 6.7372
threshold=25.438578604089361 1.5000000000000002 8.5000000000000018 1.128003520257822 1.228987702458288 0 26.87490272521973
decision_type=2 2 2 8 2 9 2
left_child=1 5 6 -4 -3 -1 -2
right_child=2 4 3 -5 -6 -7 -8
leaf_value=-0.00017167993080777905 0.0019085275167190453 -0.00035425178213963792 0.0036884454304319889 0.00072047502491424486 -0.0032791153502458566 0.00090061869641860795 0.0053553822119874759
leaf_weight=1026 71 10531 173 2417 151 1695 89
leaf_count=1026 71 10531 173 2417 151 1695 89
internal_value=7.65374e-06 -0.00021399 0.0010879 0.000918735 -0.0003956 0.00049897 0.00382605
internal_weight=16153 13403 2750 2590 10682 2721 160
internal_count=16153 13403 2750 2590 10682 2721 160
cat_boundaries=0 1
cat_threshold=1292
is_linear=0
shrinkage=0.00834467


Tree=416
num_leaves=8
num_cat=0
split_feature=29 6 6 6 7 32 7
split_gain=51.4162 21.4003 18.1415 15.5073 10.9477 9.13407 9.05016
threshold=25.535952568054203 15.500000000000002 8.5000000000000018 12.500000000000002 51.500000000000007 26.946234703063968 50.500000000000007
decision_type=2 2 2 2 2 2 2
left_child=1 3 5 -1 -4 -2 -3
right_child=2 6 4 -5 -6 -7 -8
leaf_value=-0.00032238666233763154 0.0015707729187224876 -0.0006850333173740032 0.0011103205908140103 0.00031950700114290295 -0.00062883382964324178 0.0057480925581488707 -0.0021811664246748973
leaf_weight=5940 65 2581 2122 4690 286 83 316
leaf_count=5940 65 2581 2122 4690 286 83 316
internal_value=-7.35653e-06 -0.000212452 0.00107806 -3.91805e-05 0.000903758 0.00391368 -0.000848236
internal_weight=16083 13527 2556 10630 2408 148 2897
internal_count=16083 13527 2556 10630 2408 148 2897
is_linear=0
shrinkage=0.00834467


Tree=417
num_leaves=8
num_cat=0
split_feature=50 43 12 44 55 54 15
split_gain=53.7728 22.2134 23.5808 20.6365 17.2497 9.652 7.25073
threshold=24.156840658113286 30.254060745239261 1.5000000000000002 25.239124298095707 1.2925054985735935 0.52711702108604175 5.8879273223315947
decision_type=2 2 2 2 2 2 8
left_child=3 2 -2 4 -1 -5 -3
right_child=1 6 -4 5 -6 -7 -8
leaf_value=-0.00036395772978303276 0.00037158689852637074 0.0047150078835045657 0.0023927921673349544 0.0052235762419597454 -0.0046436636404642278 0.00069335276555635892 0.0019685403885966921
leaf_weight=10075 5008 97 437 65 66 66 216
leaf_count=10075 5008 97 437 65 66 66 216
internal_value=1.25487e-05 0.000658076 0.000533807 -0.000349304 -0.000391815 0.00294139 0.0028198
internal_weight=16030 5758 5445 10272 10141 131 313
internal_count=16030 5758 5445 10272 10141 131 313
is_linear=0
shrinkage=0.00834467


Tree=418
num_leaves=8
num_cat=0
split_feature=18 46 7 55 17 10 20
split_gain=51.3567 26.5866 13.3936 28.1336 19.2449 8.24615 7.32893
threshold=26.347520828247074 22.889352798461918 51.500000000000007 1.6797837711283303 0.80597550000000029 3.5000000000000004 21.358008385400392
decision_type=2 2 2 2 8 2 2
left_child=1 6 3 -2 -4 -3 -1
right_child=2 5 4 -5 -6 -7 -8
leaf_value=-0.0012683448896943659 0.0015602087267323479 9.7246087672748846e-05 0.0015242984219890517 0.0067789214556884438 -0.004083849045172388 0.001018775431797023 -0.0004272418803985161
leaf_weight=833 1091 7837 117 77 67 740 5383
leaf_count=833 1091 7837 117 77 67 740 5383
internal_value=1.78741e-05 -0.000124408 0.00157465 0.0019043 -0.000517906 0.000176754 -0.000539959
internal_weight=16145 14793 1352 1168 184 8577 6216
internal_count=16145 14793 1352 1168 184 8577 6216
is_linear=0
shrinkage=0.00834467


Tree=419
num_leaves=8
num_cat=0
split_feature=9 8 6 55 55 17 6
split_gain=51.9703 21.2452 19.9855 17.7401 14.3835 14.1291 12.7822
threshold=25.610674858093265 1.5000000000000002 14.500000000000002 1.6797837711283303 0.95779024825235581 0.80597550000000029 15.500000000000002
decision_type=2 2 2 2 2 10 2
left_child=1 5 3 -2 -4 -1 -3
right_child=2 6 4 -5 -6 -7 -8
leaf_value=0.00088335356226956307 0.001330173576792375 -0.00019167297296116077 0.00063743577093477598 0.005250748698124523 -0.0027590595251664749 -0.00033816386388653972 -0.00084340987463687068
leaf_weight=1842 1854 8065 237 84 137 1027 2831
leaf_count=1842 1854 8065 237 84 137 1027 2831
internal_value=1.65648e-06 -0.000192786 0.00115931 0.00150013 -0.000606774 0.000446094 -0.000361008
internal_weight=16077 13765 2312 1938 374 2869 10896
internal_count=16077 13765 2312 1938 374 2869 10896
is_linear=0
shrinkage=0.00834467


Tree=420
num_leaves=8
num_cat=0
split_feature=18 28 6 12 47 6 7
split_gain=50.9189 23.1089 18.9479 17.4657 15.6367 14.5511 11.9693
threshold=26.03409576416016 23.241488456726078 14.500000000000002 1.5000000000000002 23.864499092102054 8.5000000000000018 17.500000000000004
decision_type=2 2 2 2 2 2 2
left_child=1 4 3 -2 -1 -3 -4
right_child=2 5 6 -5 -6 -7 -8
leaf_value=-0.00057505744511640383 0.0014253751601559456 0.0019677356911676326 0.0010499658289156832 0.0046094074872065271 0.0011857882227032132 9.454790135648213e-05 -0.002748915113525189
leaf_weight=7265 1315 302 115 132 369 6587 116
leaf_count=7265 1315 302 115 132 369 6587 116
internal_value=-1.47178e-05 -0.000173736 0.00136157 0.00171586 -0.000489943 0.000176667 -0.000857732
internal_weight=16201 14523 1678 1447 7634 6889 231
internal_count=16201 14523 1678 1447 7634 6889 231
is_linear=0
shrinkage=0.00834467


Tree=421
num_leaves=8
num_cat=0
split_feature=29 46 6 52 18 21 32
split_gain=45.6736 18.3006 17.6417 10.5089 10.1955 7.6968 6.86067
threshold=25.535952568054203 22.944412231445316 8.5000000000000018 1.2615107883420882 29.014486314812014 21.339884757995609 27.079963685957036
decision_type=2 2 2 2 2 2 2
left_child=1 5 6 -3 -4 -1 -2
right_child=2 3 4 -5 -6 -7 -8
leaf_value=-0.00128776681547862 0.0018491209341603252 0.00013125327119275688 0.00062781723305282869 -0.0023195208041602612 0.0022198482583060154 -0.00041750369161251932 0.0054943605353693576
leaf_weight=810 66 6943 2109 124 323 5601 79
leaf_count=810 66 6943 2109 124 323 5601 79
internal_value=-1.00046e-05 -0.000204622 0.00100786 8.8248e-05 0.000839267 -0.000527459 0.00383538
internal_weight=16055 13478 2577 7067 2432 6411 145
internal_count=16055 13478 2577 7067 2432 6411 145
is_linear=0
shrinkage=0.00834467


Tree=422
num_leaves=8
num_cat=0
split_feature=29 23 9 52 24 7 7
split_gain=49.0636 20.3424 18.0619 16.4402 14.144 7.07622 5.84791
threshold=25.507610321044925 22.154624938964847 29.008979797363285 1.2615107883420882 28.586996078491214 33.500000000000007 49.500000000000007
decision_type=2 2 2 2 2 2 2
left_child=1 5 4 -3 -2 -1 -4
right_child=2 3 6 -5 -6 -7 -8
leaf_value=-0.00039614972477667275 0.00093290966236329658 6.1606621187598219e-05 0.0032883453565012702 -0.002695035150895904 -0.0023909025811498872 -0.001147777035234691 0.00052744269213920471
leaf_weight=2052 2148 9761 300 153 93 1517 65
leaf_count=2052 2148 9761 300 153 93 1517 65
internal_value=2.71757e-05 -0.000175415 0.00107534 1.90616e-05 0.000794964 -0.00071563 0.0027967
internal_weight=16089 13483 2606 9914 2241 3569 365
internal_count=16089 13483 2606 9914 2241 3569 365
is_linear=0
shrinkage=0.00834467


Tree=423
num_leaves=7
num_cat=0
split_feature=18 12 40 6 6 7
split_gain=58.5593 20.719 19.4639 19.1192 20.3746 6.64254
threshold=24.957457542419437 2.5000000000000004 29.504385948181156 15.500000000000002 12.500000000000002 50.500000000000007
decision_type=2 2 2 2 2 2
left_child=3 2 -2 4 -1 -5
right_child=1 -3 -4 5 -6 -7
leaf_value=-0.00040190190895360512 0.00066675270276588233 0.005455138198592089 0.0026912059873789732 -0.00069751296486790049 0.00037363613789002107 -0.0020042202683714094
leaf_weight=5323 3262 70 368 2556 4236 303
leaf_count=5323 3262 70 368 2556 4236 303
internal_value=3.72569e-05 0.000958715 0.000871993 -0.000237296 -5.82279e-05 -0.000836006
internal_weight=16118 3700 3630 12418 9559 2859
internal_count=16118 3700 3630 12418 9559 2859
is_linear=0
shrinkage=0.00834467


Tree=424
num_leaves=8
num_cat=0
split_feature=9 6 9 10 47 6 7
split_gain=47.1568 28.9252 23.9135 23.602 10.6184 10.71 9.12174
threshold=23.689869880676273 10.500000000000002 27.484950065612797 4.5000000000000009 22.0393180847168 11.500000000000002 32.500000000000007
decision_type=2 2 2 2 2 2 2
left_child=4 2 -2 -3 6 -6 -1
right_child=1 3 -4 -5 5 -7 -8
leaf_value=-0.00035128301519866007 0.00085587228404034965 -2.0288421548275887e-05 0.0029469908560548191 0.0029506786251394961 -0.00073991022855950843 3.4628064826775913e-05 -0.0012740716831096349
leaf_weight=1580 2145 4120 463 195 1724 4457 1413
leaf_count=1580 2145 4120 463 195 1724 4457 1413
internal_value=1.33926e-05 0.000533317 0.00122712 0.000113979 -0.00037896 -0.000181406 -0.000786936
internal_weight=16097 6923 2608 4315 9174 6181 2993
internal_count=16097 6923 2608 4315 9174 6181 2993
is_linear=0
shrinkage=0.00834467


Tree=425
num_leaves=8
num_cat=1
split_feature=9 6 6 9 0 16 8
split_gain=47.423 30.3258 22.029 20.9537 12.5489 12.5796 6.8564
threshold=23.561007499694828 10.500000000000002 12.500000000000002 26.924660682678226 0 3.3813370000000007 1.5000000000000002
decision_type=2 2 2 2 9 10 2
left_child=4 3 -3 -2 5 -1 -6
right_child=1 2 -4 -5 6 -7 -8
leaf_value=-0.0011662960532280214 0.00084472997360778045 -0.00068482874573306163 0.00051960591235627475 0.0026894993312068551 0.00052996071101419143 0.0025733536712666764 -0.0003286412725785021
leaf_weight=1716 2175 1628 3017 534 721 65 6364
leaf_count=1716 2175 1628 3017 534 721 65 6364
internal_value=1.12707e-05 0.000506698 9.74698e-05 0.00120838 -0.000399667 -0.00102405 -0.000240926
internal_weight=16220 7354 4645 2709 8866 1781 7085
internal_count=16220 7354 4645 2709 8866 1781 7085
cat_boundaries=0 1
cat_threshold=132
is_linear=0
shrinkage=0.00834467


Tree=426
num_leaves=8
num_cat=0
split_feature=51 47 6 7 7 6 54
split_gain=50.5094 18.1758 17.0225 17.6772 12.294 12.1684 7.71534
threshold=25.573138395991617 22.109875679016117 8.5000000000000018 43.500000000000007 44.500000000000007 14.500000000000002 0.99558091094281964
decision_type=2 2 2 2 2 2 2
left_child=1 6 4 -4 -2 -3 -1
right_child=2 5 3 -5 -6 -7 -8
leaf_value=-0.00068123304506168599 0.006344191975301559 0.00014191163656776279 0.0012979964936320619 -0.00049692282297930678 0.0017035684741744123 -0.00048377576341869819 -0.0030697410446210954
leaf_weight=3220 70 7366 1760 488 92 3065 97
leaf_count=3220 70 7366 1760 488 92 3065 97
internal_value=-1.76967e-05 -0.000213036 0.00109663 0.000908352 0.00370903 -4.19379e-05 -0.00075109
internal_weight=16158 13748 2410 2248 162 10431 3317
internal_count=16158 13748 2410 2248 162 10431 3317
is_linear=0
shrinkage=0.00834467


Tree=427
num_leaves=8
num_cat=0
split_feature=26 52 6 18 7 18 10
split_gain=46.9548 24.2703 20.8439 18.2121 15.8609 12.4467 10.3837
threshold=25.43283843994141 1.2615107883420882 15.500000000000002 27.287329673767093 50.500000000000007 25.191869735717777 3.5000000000000004
decision_type=2 2 2 2 2 2 2
left_child=1 2 -1 6 -5 -3 -2
right_child=3 5 -4 4 -6 -7 -8
leaf_value=1.485776995747044e-05 0.00036337617594533274 -0.0014012823191869887 -0.00078500390796345165 0.0026284150555768728 -0.00087700689366053137 -0.0061546725482164114 0.0021536388378807932
leaf_weight=10219 1796 88 2916 624 105 68 258
leaf_count=10219 1796 88 2916 624 105 68 258
internal_value=4.80267e-06 -0.000201576 -0.000162714 0.00099042 0.00212351 -0.00347353 0.000588258
internal_weight=16074 13291 13135 2783 729 156 2054
internal_count=16074 13291 13135 2783 729 156 2054
is_linear=0
shrinkage=0.00834467


Tree=428
num_leaves=8
num_cat=0
split_feature=19 6 6 9 8 53 48
split_gain=43.8667 24.408 28.6532 22.8156 9.79814 12.558 8.04764
threshold=23.447838783264164 10.500000000000002 12.500000000000002 27.484950065612797 1.5000000000000002 0.090456144401638988 21.176848793029787
decision_type=2 2 2 2 2 2 2
left_child=4 3 -3 -2 5 -1 -6
right_child=1 2 -4 -5 6 -7 -8
leaf_value=0.0038682640375463017 0.0007393880297143846 -0.00076463895090764244 0.00056408889271829677 0.0027728527890880659 -0.0018047123097537998 0.00014026385650719721 -0.00045468497962180236
leaf_weight=69 2332 1738 3231 460 321 713 7290
leaf_count=69 2332 1738 3231 460 321 713 7290
internal_value=-2.08029e-06 0.000450125 9.93411e-05 0.00107442 -0.000420234 0.000469249 -0.000511626
internal_weight=16154 7761 4969 2792 8393 782 7611
internal_count=16154 7761 4969 2792 8393 782 7611
is_linear=0
shrinkage=0.00834467


Tree=429
num_leaves=8
num_cat=0
split_feature=29 8 6 56 6 22 7
split_gain=48.2695 19.1116 17.9131 13.5086 12.56 11.9446 4.60547
threshold=25.507610321044925 1.5000000000000002 8.5000000000000018 0.28842258585449271 14.500000000000002 21.322292327880863 45.500000000000007
decision_type=2 2 2 2 2 2 2
left_child=1 4 6 -4 -1 -3 -2
right_child=2 5 3 -5 -6 -7 -8
leaf_value=0.00062755125856229609 0.0054617340944470519 -0.0013576474171871343 0.00058757485303043817 0.0022127132457859877 -0.0011138642798904223 -0.00027813801937463063 0.0025279722433982142
leaf_weight=2443 67 769 2051 431 327 9930 84
leaf_count=2443 67 769 2051 431 327 9930 84
internal_value=6.21647e-06 -0.000195789 0.00103957 0.000869788 0.000421973 -0.00035573 0.00382997
internal_weight=16102 13469 2633 2482 2770 10699 151
internal_count=16102 13469 2633 2482 2770 10699 151
is_linear=0
shrinkage=0.00834467


Tree=430
num_leaves=8
num_cat=1
split_feature=9 6 42 0 52 8 7
split_gain=40.0108 24.5219 21.3481 20.0145 10.5072 13.2031 9.89351
threshold=23.922519683837894 10.500000000000002 28.583417892456058 0 0.93439982108634068 1.5000000000000002 43.500000000000007
decision_type=2 2 2 9 2 2 2
left_child=4 2 -2 -3 5 -1 -6
right_child=1 3 -4 -5 6 -7 -8
leaf_value=0.00051645480215537496 0.00086104946755194574 0.00069766462211692164 0.0032353120024350168 -0.0005120852439780768 -0.0009516772646078215 -0.00042832447120525109 -0.0048507105085353313
leaf_weight=1172 2128 1858 301 1933 140 8500 67
leaf_count=1172 2128 1858 301 1933 140 8500 67
internal_value=-2.35618e-05 0.000500713 0.00115528 8.13128e-05 -0.000353655 -0.000313841 -0.00221385
internal_weight=16099 6220 2429 3791 9879 9672 207
internal_count=16099 6220 2429 3791 9879 9672 207
cat_boundaries=0 1
cat_threshold=26752
is_linear=0
shrinkage=0.00834467


Tree=431
num_leaves=8
num_cat=0
split_feature=27 6 46 41 6 9 34
split_gain=43.1355 23.105 14.3321 14.9473 13.804 12.2189 12.0072
threshold=23.274158477783207 8.5000000000000018 24.582579612731937 24.246786117553714 16.500000000000004 24.686808586120609 26.87490272521973
decision_type=2 2 2 2 2 2 2
left_child=2 6 5 -4 -3 -1 -2
right_child=1 4 3 -5 -6 -7 -8
leaf_value=-0.0004803376005330681 0.0015195896644085868 0.00034706524063853132 0.0047202714537955002 -0.00074670270917061255 -0.0021677081205657427 -0.0040333878977116232 0.004820672329808871
leaf_weight=7500 341 7812 75 65 155 68 99
leaf_count=7500 341 7812 75 65 155 68 99
internal_value=-1.24464e-05 0.000400945 -0.000463326 0.00218216 0.000298137 -0.000512268 0.00226242
internal_weight=16115 8407 7708 140 7967 7568 440
internal_count=16115 8407 7708 140 7967 7568 440
is_linear=0
shrinkage=0.00834467


Tree=432
num_leaves=7
num_cat=0
split_feature=18 6 6 9 52 8
split_gain=43.7819 23.6526 24.5531 19.9699 12.1341 13.9207
threshold=23.758331298828129 10.500000000000002 12.500000000000002 27.279413225681157 1.1554441099334991 1.5000000000000002
decision_type=2 2 2 2 2 2
left_child=4 3 -3 -2 5 -1
right_child=1 2 -4 -5 -6 -7
leaf_value=0.00057162909503267274 0.00076748052493180491 -0.00077190616916965988 0.0005702274701170027 0.0026521920018080349 -0.0032537609711275569 -0.00047199038094050796
leaf_weight=997 2030 1448 2755 485 102 8293
leaf_count=997 2030 1448 2755 485 102 8293
internal_value=-2.35028e-05 0.000490858 0.00010784 0.00113094 -0.00039142 -0.000359989
internal_weight=16110 6718 4203 2515 9392 9290
internal_count=16110 6718 4203 2515 9392 9290
is_linear=0
shrinkage=0.00834467


Tree=433
num_leaves=7
num_cat=1
split_feature=18 18 14 54 54 0
split_gain=47.4266 23.8534 17.6714 20.3674 11.6989 10.1329
threshold=26.347520828247074 23.071866035461429 1.0121415877986411 1.1357041280018021 0.92871214547611547 0
decision_type=2 2 8 2 2 9
left_child=1 4 -2 -4 -1 -3
right_child=2 5 3 -5 -6 -7
leaf_value=-0.00042058862926015083 0.0055388576167061969 -0.00018749976507619729 0.0017443588236996273 -0.0011761579929098628 -0.0026363244894341623 0.00043346677633154264
leaf_weight=6918 72 2957 1066 197 170 4778
leaf_count=6918 72 2957 1066 197 170 4778
internal_value=1.16309e-05 -0.000124044 0.00151807 0.00128882 -0.000473735 0.000196397
internal_weight=16158 14823 1335 1263 7088 7735
internal_count=16158 14823 1335 1263 7088 7735
cat_boundaries=0 1
cat_threshold=1293
is_linear=0
shrinkage=0.00834467


Tree=434
num_leaves=8
num_cat=0
split_feature=29 46 18 24 53 9 36
split_gain=43.6984 16.2727 15.3436 13.2505 10.6309 7.66557 3.55005
threshold=25.507610321044925 22.889352798461918 29.014486314812014 28.586996078491214 1.355801169640211 21.254704474621587 29.43221473693848
decision_type=2 2 2 2 2 2 2
left_child=1 5 3 -2 -3 -1 -4
right_child=2 4 6 -5 -6 -7 -8
leaf_value=-0.0014862956180857921 0.00083938692315001044 9.5243099140071338e-05 0.0042690507761709564 -0.0024107108962364413 -0.0025666783559372373 -0.00043511760127120676 0.0021565446115913594
leaf_weight=528 2172 7198 68 91 106 5676 299
leaf_count=528 2172 7198 68 91 106 5676 299
internal_value=-1.8721e-05 -0.000210323 0.000965366 0.000708684 5.66084e-05 -0.000524582 0.00254806
internal_weight=16138 13508 2630 2263 7304 6204 367
internal_count=16138 13508 2630 2263 7304 6204 367
is_linear=0
shrinkage=0.00834467


Tree=435
num_leaves=8
num_cat=0
split_feature=29 47 10 9 56 55 7
split_gain=44.2255 20.1523 13.9548 12.4476 12.077 7.44252 3.55463
threshold=25.507610321044925 22.093097686767582 3.5000000000000004 29.486070632934574 0.24096012115478518 1.1440054897441951 46.500000000000007
decision_type=2 2 2 2 2 2 2
left_child=1 5 -3 4 -2 -1 -5
right_child=3 2 -4 6 -6 -7 -8
leaf_value=-0.00069513455369108422 0.00049212749191960984 -8.6219852742130092e-05 0.0011048355273629456 0.0030854333353500778 0.0019898019595875134 -0.0034848317122769912 0.0009289877264849495
leaf_weight=3197 1869 9533 738 233 469 68 69
leaf_count=3197 1869 9533 738 233 469 68 69
internal_value=1.05195e-05 -0.000182174 -6.38243e-07 0.000998509 0.000792566 -0.000753246 0.00259278
internal_weight=16176 13536 10271 2640 2338 3265 302
internal_count=16176 13536 10271 2640 2338 3265 302
is_linear=0
shrinkage=0.00834467


Tree=436
num_leaves=8
num_cat=0
split_feature=44 20 7 38 6 6 7
split_gain=38.824 22.5087 17.7773 13.107 11.4144 11.6078 5.42613
threshold=23.836790084838871 26.594993591308597 51.500000000000007 23.211017608642582 15.500000000000002 13.500000000000002 51.500000000000007
decision_type=2 2 2 2 2 2 2
left_child=4 3 -3 -2 5 -1 -6
right_child=1 2 -4 -5 6 -7 -8
leaf_value=-0.00040435173976074968 0.0024694293519326059 0.0019925775973109873 -0.0012048573780784199 0.00019369373633577487 -0.00071111300681422505 0.00034801178256130397 -0.0020453153139530444
leaf_weight=4727 182 939 139 5549 2284 2046 234
leaf_count=4727 182 939 139 5549 2284 2046 234
internal_value=-4.61617e-06 0.000474053 0.00158029 0.000265969 -0.000355414 -0.000177076 -0.000835109
internal_weight=16100 6809 1078 5731 9291 6773 2518
internal_count=16100 6809 1078 5731 9291 6773 2518
is_linear=0
shrinkage=0.00834467


Tree=437
num_leaves=7
num_cat=0
split_feature=9 45 55 53 10 21
split_gain=40.9582 18.7342 15.1633 21.468 11.0279 9.26326
threshold=25.880230903625492 22.056207656860355 1.6797837711283303 1.0928461243803695 3.5000000000000004 23.402068139301761
decision_type=2 2 2 2 2 2
left_child=1 5 3 -2 -3 -1
right_child=2 4 -4 -5 -6 -7
leaf_value=-0.00065237557235202142 0.001229106987079629 -6.1558940283691657e-05 0.004385363743507579 -0.0023685945942169165 0.0009689957169756691 -0.0037223994079752408
leaf_weight=3050 1682 10235 96 124 778 70
leaf_count=3050 1682 10235 96 124 778 70
internal_value=4.25035e-06 -0.000150465 0.00115387 0.000982077 1.12441e-05 -0.000721266
internal_weight=16035 14133 1902 1806 11013 3120
internal_count=16035 14133 1902 1806 11013 3120
is_linear=0
shrinkage=0.00834467


Tree=438
num_leaves=7
num_cat=0
split_feature=9 52 28 46 6 21
split_gain=38.4626 19.2527 20.3133 16.5161 15.9231 6.7612
threshold=25.841992378234867 1.2615107883420882 24.519058227539066 22.822782516479496 12.500000000000002 21.339884757995609
decision_type=2 2 2 2 2 2
left_child=3 2 -2 5 -5 -1
right_child=1 -3 -4 4 -6 -7
leaf_value=-0.0011833426130473002 0.0050779955553415116 -0.002552822979281325 0.001097183612713271 -0.00023557829328496035 0.00050539165168183122 -0.0003587852205145357
leaf_weight=798 94 95 1767 4348 3771 5236
leaf_count=798 94 95 1767 4348 3771 5236
internal_value=1.44137e-05 0.00111123 0.00129828 -0.000137171 0.000108577 -0.000467835
internal_weight=16109 1956 1861 14153 8119 6034
internal_count=16109 1956 1861 14153 8119 6034
is_linear=0
shrinkage=0.00834467


Tree=439
num_leaves=8
num_cat=1
split_feature=9 23 56 55 0 54 7
split_gain=38.2839 20.8751 12.1407 11.2717 10.7846 7.2433 6.38402
threshold=26.339530944824222 22.154624938964847 -0.22495651245117362 1.5868855998533167 0 1.0291632772727239 27.500000000000004
decision_type=2 2 2 2 9 2 2
left_child=1 6 5 -4 -3 -2 -1
right_child=2 4 3 -5 -6 -7 -8
leaf_value=-0.00032325519841603761 0.00054854496047908069 -0.00023329406551554058 0.0014792358185220557 0.0047522032352974699 0.00028405323536614648 -0.0027308179458805466 -0.0010299224282727191
leaf_weight=1709 162 5278 1009 79 5968 66 1858
leaf_count=1709 162 5278 1009 79 5968 66 1858
internal_value=-1.39499e-05 -0.000135127 0.00135002 0.00171693 4.12957e-05 -0.00040082 -0.00069135
internal_weight=16129 14813 1316 1088 11246 228 3567
internal_count=16129 14813 1316 1088 11246 228 3567
cat_boundaries=0 1
cat_threshold=1293
is_linear=0
shrinkage=0.00834467


Tree=440
num_leaves=8
num_cat=0
split_feature=6 6 6 9 49 7 17
split_gain=41.7097 28.2953 31.6398 27.8629 16.1654 14.7679 10.6362
threshold=10.500000000000002 11.500000000000002 14.500000000000002 26.924660682678226 27.866635322556643 9.5000000000000018 -2.4940664999999993
decision_type=2 2 2 2 2 2 10
left_child=3 5 -3 6 -5 -2 -1
right_child=1 2 -4 4 -6 -7 -8
leaf_value=-0.0001041153781242943 0.00045118470076113698 0.00037408031376734007 -0.00055320628257053239 0.0050532890464682154 0.0016800166692276519 -0.0015484780835408928 0.00083727881157035823
leaf_weight=1393 310 5251 5004 131 404 1509 2089
leaf_count=1393 310 5251 5004 131 404 1509 2089
internal_value=-3.47552e-06 -0.000248529 -7.83959e-05 0.000733088 0.00250607 -0.00120769 0.000460668
internal_weight=16091 12074 10255 4017 535 1819 3482
internal_count=16091 12074 10255 4017 535 1819 3482
is_linear=0
shrinkage=0.00834467


Tree=441
num_leaves=8
num_cat=0
split_feature=29 6 6 52 6 10 32
split_gain=41.2076 19.5891 36.4167 22.2305 15.3112 9.8031 7.78001
threshold=25.507610321044925 14.500000000000002 13.500000000000002 0.80240272063440876 8.5000000000000018 4.5000000000000009 26.946234703063968
decision_type=2 2 2 2 2 2 2
left_child=1 2 -1 -3 6 -6 -2
right_child=4 3 -4 -5 5 -7 -8
leaf_value=-0.00018567080537283472 0.0014296414156662069 -0.00052713888706097862 0.0012782066326311949 -0.003952456934863742 0.00068279227786810308 0.0031677426803994198 0.0051766363418659601
leaf_weight=7587 70 4406 1402 136 2348 116 86
leaf_count=7587 70 4406 1402 136 2348 116 86
internal_value=2.42966e-06 -0.000183045 4.2649e-05 -0.000629711 0.00096031 0.000799791 0.00349549
internal_weight=16151 13531 8989 4542 2620 2464 156
internal_count=16151 13531 8989 4542 2620 2464 156
is_linear=0
shrinkage=0.00834467


Tree=442
num_leaves=8
num_cat=0
split_feature=28 52 8 6 14 10 33
split_gain=40.7626 27.7133 25.6037 17.1772 13.6628 11.6541 4.87738
threshold=25.438578604089361 1.2615107883420882 1.5000000000000002 8.5000000000000018 1.1116108093702859 2.5000000000000004 27.08644008636475
decision_type=2 2 2 2 8 2 2
left_child=1 2 -1 6 -5 -3 -2
right_child=3 5 -4 4 -6 -7 -8
leaf_value=0.0005647329663794955 0.0020010055052213337 -0.005511947352007121 -0.00035318904754663 0.0029387725840885125 0.00056805843693108428 -0.0010428704730457226 0.0048654059335267886
leaf_weight=2644 79 95 10595 182 2420 71 87
leaf_count=2644 79 95 10595 182 2420 71 87
internal_value=-2.1987e-05 -0.000212355 -0.000169868 0.000899935 0.000733891 -0.00360065 0.00350242
internal_weight=16173 13405 13239 2768 2602 166 166
internal_count=16173 13405 13239 2768 2602 166 166
is_linear=0
shrinkage=0.00834467


Tree=443
num_leaves=8
num_cat=0
split_feature=36 52 18 8 22 24 21
split_gain=42.1355 23.8048 19.5866 19.5433 17.0779 8.84256 8.06346
threshold=25.472916603088382 1.2615107883420882 26.565987586975101 1.5000000000000002 26.096968650817875 24.187727928161625 26.963724136352543
decision_type=2 2 2 2 2 2 2
left_child=1 3 6 -1 -4 -3 -2
right_child=2 5 4 -5 -6 -7 -8
leaf_value=0.00047635824324540735 0.0003013127069746336 -0.001732444378357084 0.0057379356544617769 -0.00032934829934700755 0.0015644064455297584 -0.0056239865341390048 0.0031893611709057409
leaf_weight=2613 1751 99 74 10602 881 69 70
leaf_count=2613 1751 99 74 10602 881 69 70
internal_value=-1.5648e-05 -0.000209718 0.000919956 -0.000170036 0.00188786 -0.00333099 0.000412347
internal_weight=16159 13383 2776 13215 955 168 1821
internal_count=16159 13383 2776 13215 955 168 1821
is_linear=0
shrinkage=0.00834467


Tree=444
num_leaves=8
num_cat=0
split_feature=18 6 6 7 55 55 25
split_gain=39.9485 26.6725 22.3397 16.0111 10.2619 11.1638 10.7159
threshold=23.356044767639165 14.500000000000002 13.500000000000002 19.500000000000004 0.86112211219174195 0.76381518428244843 23.721723556518558
decision_type=2 2 2 2 2 2 2
left_child=4 2 -2 -3 5 -1 -6
right_child=1 3 -4 -5 6 -7 -8
leaf_value=-0.00036768396450929253 0.00048630125693532351 0.00049514620005940027 0.0018838522632705207 -0.00118775679990875 -0.0010525978975040641 0.0017583777896227938 -0.0046442920960059961
leaf_weight=7514 5408 663 934 969 312 176 71
leaf_count=7514 5408 663 934 969 312 176 71
internal_value=2.83727e-05 0.000447303 0.000692124 -0.000504079 -0.00038542 -0.000319023 -0.00171852
internal_weight=16047 7974 6342 1632 8073 7690 383
internal_count=16047 7974 6342 1632 8073 7690 383
is_linear=0
shrinkage=0.00834467


Tree=445
num_leaves=8
num_cat=0
split_feature=9 6 6 6 55 7 7
split_gain=39.784 17.8679 23.3805 15.5995 20.7147 16.4106 8.85459
threshold=25.610674858093265 15.500000000000002 12.500000000000002 14.500000000000002 1.6797837711283303 17.500000000000004 50.500000000000007
decision_type=2 2 2 2 2 2 2
left_child=1 2 -1 4 -2 -5 -3
right_child=3 6 -4 5 -6 -7 -8
leaf_value=-0.00032745967240027678 0.0011554027861543188 -0.00056431043414293855 0.00045473296929836391 0.0014188922566963371 0.0054399982813449427 -0.0020875635000716353 -0.0020564294352552613
leaf_weight=6105 1876 2596 4717 168 82 208 310
leaf_count=6105 1876 2596 4717 168 82 208 310
internal_value=2.87137e-05 -0.000142529 1.34758e-05 0.00103591 0.00133487 -0.000520853 -0.00072349
internal_weight=16062 13728 10822 2334 1958 376 2906
internal_count=16062 13728 10822 2334 1958 376 2906
is_linear=0
shrinkage=0.00834467


Tree=446
num_leaves=8
num_cat=0
split_feature=27 6 47 36 6 34 53
split_gain=35.3728 21.9799 15.9345 16.1874 14.6628 10.8835 8.64719
threshold=23.30985260009766 8.5000000000000018 24.20185470581055 24.051055908203129 16.500000000000004 26.87490272521973 0.66667354799273781
decision_type=2 2 2 2 2 2 2
left_child=2 5 6 -4 -3 -2 -1
right_child=1 4 3 -5 -6 -7 -8
leaf_value=-0.00041172017506815271 0.0015006774496141694 0.00032523525311211558 0.0029573546987138664 -0.0018106243283070149 -0.002291773801533678 0.0046844341807965092 -0.0017987405867087676
leaf_weight=7300 351 7740 183 68 152 95 327
leaf_count=7300 351 7740 183 68 152 95 327
internal_value=-2.15289e-06 0.000376681 -0.000403107 0.00166561 0.000274829 0.00217892 -0.000471189
internal_weight=16216 8338 7878 251 7892 446 7627
internal_count=16216 8338 7878 251 7892 446 7627
is_linear=0
shrinkage=0.00834467


Tree=447
num_leaves=7
num_cat=0
split_feature=27 53 6 6 7 7
split_gain=39.1416 23.746 18.2494 15.4654 14.7099 6.59999
threshold=25.496621131896976 1.5637347526849001 15.500000000000002 8.5000000000000018 18.500000000000004 44.500000000000007
decision_type=2 2 2 2 2 2
left_child=1 2 -1 5 -5 -2
right_child=3 -3 -4 4 -6 -7
leaf_value=3.8071218543021585e-06 0.0055245499636694491 -0.0041423637341923922 -0.00074389462333478986 0.0016563169205794676 0.00030385510409714064 0.0019920033641117846
leaf_weight=10462 65 105 2904 849 1645 85
leaf_count=10462 65 105 2904 849 1645 85
internal_value=-7.50064e-06 -0.000189699 -0.000158645 0.000920784 0.000764261 0.00352303
internal_weight=16115 13471 13366 2644 2494 150
internal_count=16115 13471 13366 2644 2494 150
is_linear=0
shrinkage=0.00834467


Tree=448
num_leaves=8
num_cat=0
split_feature=6 6 6 41 54 54 16
split_gain=31.1684 27.0382 57.7367 22.9369 18.6632 16.1425 9.7109
threshold=10.500000000000002 12.500000000000002 14.500000000000002 29.018083572387699 0.73791090815877003 1.0949892040960993 -3.2352629999999998
decision_type=2 2 2 2 2 2 10
left_child=3 4 -3 5 -2 -1 -5
right_child=1 2 -4 6 -6 -7 -8
leaf_value=0.00055542986404619123 -0.00059597811839075992 0.00088819336178196323 -0.00051599165700217167 0.0020567739515385637 -0.0025126957966489167 -0.0028429232493072105 0.0056598692357629219
leaf_weight=3634 3246 3437 5013 234 397 100 67
leaf_count=3634 3246 3437 5013 234 397 100 67
internal_value=7.97565e-06 -0.000203924 5.51547e-05 0.000643044 -0.000804861 0.000464412 0.00285895
internal_weight=16128 12093 8450 4035 3643 3734 301
internal_count=16128 12093 8450 4035 3643 3734 301
is_linear=0
shrinkage=0.00834467


Tree=449
num_leaves=8
num_cat=0
split_feature=28 17 52 10 8 28 56
split_gain=33.5369 16.3214 14.9283 16.9275 16.0589 10.7323 8.40756
threshold=25.528824806213382 0.93893950000000026 1.2615107883420882 2.5000000000000004 1.5000000000000002 26.908382415771488 0.28842258585449271
decision_type=2 8 2 2 2 2 2
left_child=2 5 4 -4 -1 -2 -3
right_child=1 6 3 -5 -6 -7 -8
leaf_value=0.00041986765759496387 0.00087661591996861027 -0.00019057949960192027 -0.004927469267470206 0.00041304734341390245 -0.00030201369797133905 0.0023382785503149026 0.0022353130689910386
leaf_weight=2687 961 958 97 72 10655 550 111
leaf_count=2687 961 958 97 72 10655 550 111
internal_value=-2.13761e-05 0.000850414 -0.00018785 -0.00265233 -0.000156631 0.00140867 6.13318e-05
internal_weight=16091 2580 13511 169 13342 1511 1069
internal_count=16091 2580 13511 169 13342 1511 1069
is_linear=0
shrinkage=0.00834467


Tree=450
num_leaves=8
num_cat=0
split_feature=19 43 7 9 46 16 3
split_gain=38.8722 19.1421 11.8576 9.50905 7.20346 5.92044 1.91239
threshold=23.447838783264164 30.254060745239261 51.500000000000007 21.120005607604984 24.582579612731937 -3.3194259999999995 3.1661955000000006
decision_type=2 2 2 2 2 10 2
left_child=3 2 -2 6 -5 -3 -1
right_child=1 5 -4 4 -6 -7 -8
leaf_value=-0.0023731159736258465 0.00049536396492248314 0.0018706283310523019 -0.00047289836749096097 -0.00036787461193605518 0.0010820475921370762 0.004690729677468107 -0.00077713793203918781
leaf_weight=191 6293 256 1024 7922 246 65 72
leaf_count=191 6293 256 1024 7922 246 65 72
internal_value=1.61527e-05 0.000447357 0.000359857 -0.000374494 -0.000324205 0.0024418 -0.00193624
internal_weight=16069 7638 7317 8431 8168 321 263
internal_count=16069 7638 7317 8431 8168 321 263
is_linear=0
shrinkage=0.00834467


Tree=451
num_leaves=8
num_cat=0
split_feature=6 6 6 9 7 7 15
split_gain=31.763 28.4072 27.5123 21.4051 16.391 13.7708 12.151
threshold=10.500000000000002 11.500000000000002 14.500000000000002 26.924660682678226 51.500000000000007 10.500000000000002 0.26256326809493974
decision_type=2 2 2 2 2 2 10
left_child=3 5 -3 6 -5 -2 -1
right_child=1 2 -4 4 -6 -7 -8
leaf_value=-0.00020881737303704413 0.0003342418189807524 0.00035917234683529383 -0.0005050947779597978 0.0028312591293149858 -0.0011282056008133196 -0.0015522234487438846 0.00079325294447297882
leaf_weight=1410 331 5294 4975 446 87 1449 2094
leaf_count=1410 331 5294 4975 446 87 1449 2094
internal_value=-1.3595e-05 -0.000228229 -5.95373e-05 0.000627011 0.00218496 -0.00120143 0.000390023
internal_weight=16086 12049 10269 4037 533 1780 3504
internal_count=16086 12049 10269 4037 533 1780 3504
is_linear=0
shrinkage=0.00834467


Tree=452
num_leaves=8
num_cat=0
split_feature=28 52 8 6 7 10 32
split_gain=35.8134 18.3922 20.8349 14.4097 12.7344 7.56137 5.46311
threshold=25.438578604089361 1.2615107883420882 1.5000000000000002 8.5000000000000018 19.500000000000004 2.5000000000000004 26.946234703063968
decision_type=2 2 2 2 2 2 2
left_child=1 2 -1 6 -5 -3 -2
right_child=3 5 -4 4 -6 -7 -8
leaf_value=0.00051800633586168677 0.0016360794781790735 -0.0044178956470049451 -0.00031579052027694092 0.0014980687630779671 0.00027585305743737832 -0.00088400768996347158 0.0046880366543533931
leaf_weight=2600 77 98 10573 915 1690 74 87
leaf_count=2600 77 98 10573 915 1690 74 87
internal_value=-7.42312e-06 -0.000186621 -0.000151221 0.000856205 0.000705157 -0.00289764 0.00325529
internal_weight=16114 13345 13173 2769 2605 172 164
internal_count=16114 13345 13173 2769 2605 172 164
is_linear=0
shrinkage=0.00834467


Tree=453
num_leaves=7
num_cat=0
split_feature=18 28 55 3 10 52
split_gain=44.2377 21.2588 14.5301 22.0745 12.4581 11.1873
threshold=26.347520828247074 23.276631355285648 1.6797837711283303 3.1661955000000006 3.5000000000000004 0.84812083641187785
decision_type=2 2 2 2 2 2
left_child=1 5 3 -2 -3 -1
right_child=2 4 -4 -5 -6 -7
leaf_value=-0.00038317068356090645 0.0016208082068128677 9.4101112231975137e-05 0.0046301415768811938 -0.0021241127585065718 0.001273161062005855 -0.002870936814616796
leaf_weight=7535 1078 6437 95 122 691 128
leaf_count=7535 1078 6437 95 122 691 128
internal_value=9.87111e-06 -0.000119614 0.00148879 0.00124006 0.000208403 -0.000424729
internal_weight=16086 14791 1295 1200 7128 7663
internal_count=16086 14791 1295 1200 7128 7663
is_linear=0
shrinkage=0.00834467


Tree=454
num_leaves=8
num_cat=1
split_feature=18 9 53 54 55 0 16
split_gain=33.7914 15.464 11.5229 11.4595 14.9008 10.9599 8.20286
threshold=23.464742660522464 26.339530944824222 1.355801169640211 0.72879606298627897 0.62143305964614615 0 -0.57277749999999983
decision_type=2 2 2 2 2 9 8
left_child=3 5 -3 4 -1 -2 -5
right_child=1 2 -4 6 -6 -7 -8
leaf_value=-0.00035658663601235101 0.00068381606055769228 0.0014770675107650118 -0.0016028309892180666 0.00032882044602980479 0.0011213247370554218 -2.6300639356172035e-05 -0.0022127762737075827
leaf_weight=7534 2508 1199 91 117 507 3800 362
leaf_count=7534 2508 1199 91 117 507 3800 362
internal_value=2.27211e-05 0.000427322 0.00125979 -0.000338095 -0.0002634 0.000257078 -0.00159197
internal_weight=16118 7598 1290 8520 8041 6308 479
internal_count=16118 7598 1290 8520 8041 6308 479
cat_boundaries=0 1
cat_threshold=10944
is_linear=0
shrinkage=0.00834467


Tree=455
num_leaves=7
num_cat=0
split_feature=27 6 6 54 52 47
split_gain=29.0217 21.2851 35.7129 12.4826 12.4164 11.9714
threshold=23.29107761383057 14.500000000000002 12.500000000000002 0.25390110989711273 1.1554441099334991 24.234028816223148
decision_type=2 2 2 2 2 2
left_child=4 2 -2 -3 5 -1
right_child=1 3 -4 -5 -6 -7
leaf_value=-0.00039761112599335466 0.00018325136255787969 0.002041241540347591 0.0015721218351725621 -0.00067438108076810417 -0.003871007526097666 0.0015643567598882745
leaf_weight=7490 4842 127 1757 1637 70 223
leaf_count=7490 4842 127 1757 1637 70 223
internal_value=-5.91015e-06 0.000335385 0.000553043 -0.000478858 -0.000372639 -0.000340884
internal_weight=16146 8363 6599 1764 7783 7713
internal_count=16146 8363 6599 1764 7783 7713
is_linear=0
shrinkage=0.00834467


Tree=456
num_leaves=8
num_cat=0
split_feature=18 6 6 9 6 6 54
split_gain=32.5729 18.4767 20.9335 14.8379 11.5536 16.7747 6.11158
threshold=24.215098381511236 10.500000000000002 12.500000000000002 26.831568716791995 15.500000000000002 12.500000000000002 0.60060214001267065
decision_type=2 2 2 2 2 2 2
left_child=4 3 -3 -2 5 -1 -6
right_child=1 2 -4 -5 6 -7 -8
leaf_value=-0.00045948892508834889 0.00071964894445488033 -0.00083013211224711679 0.00059822276385986266 0.0022986920337206302 -0.00063233252151237711 0.00031009728265578767 -0.0022153521854885289
leaf_weight=4320 1719 1080 2111 546 2537 3629 182
leaf_count=4320 1719 1080 2111 546 2537 3629 182
internal_value=-5.3367e-07 0.000523917 0.000114792 0.0011003 -0.000268757 -0.000108146 -0.000738302
internal_weight=16124 5456 3191 2265 10668 7949 2719
internal_count=16124 5456 3191 2265 10668 7949 2719
is_linear=0
shrinkage=0.00834467


Tree=457
num_leaves=7
num_cat=0
split_feature=26 52 10 22 6 18
split_gain=33.4646 25.3252 17.9791 19.7107 17.4861 13.4967
threshold=25.43283843994141 1.6599892834646715 3.5000000000000004 25.667827606201175 10.500000000000002 32.309156419409184
decision_type=2 2 2 2 2 2
left_child=1 4 5 -4 -1 -2
right_child=2 -3 3 -5 -6 -7
leaf_value=0.00047304097738795273 0.00044722948209647553 -0.00489042309769933 0.005905640913417695 0.0014690219133828496 -0.00027609162365125473 0.0033413875781302801
leaf_weight=2732 2280 78 92 288 10541 118
leaf_count=2732 2280 78 92 288 10541 118
internal_value=2.36245e-05 -0.000149759 0.000856898 0.00254327 -0.000121896 0.000589657
internal_weight=16129 13351 2778 380 13273 2398
internal_count=16129 13351 2778 380 13273 2398
is_linear=0
shrinkage=0.00834467


Tree=458
num_leaves=8
num_cat=0
split_feature=6 6 6 18 7 49 17
split_gain=31.1085 25.397 30.7384 20.8214 14.7607 13.2776 10.6027
threshold=10.500000000000002 11.500000000000002 14.500000000000002 26.937316895000002 9.5000000000000018 27.866635322556643 -2.4940664999999993
decision_type=2 2 2 2 2 2 10
left_child=3 4 -3 6 -2 -5 -1
right_child=1 2 -4 5 -6 -7 -8
leaf_value=-0.00016224218163443402 0.00050498957071965802 0.0003902477963171178 -0.00052080519227732638 0.0045110699501757631 -0.0014683254251447659 0.0014251447009743267 0.000771659251259237
leaf_weight=1415 320 5273 5047 128 1507 402 2107
leaf_count=1415 320 5273 5047 128 1507 402 2107
internal_value=-4.64262e-06 -0.000215848 -5.53031e-05 0.000628503 -0.0011227 0.00217049 0.000396455
internal_weight=16199 12147 10320 4052 1827 530 3522
internal_count=16199 12147 10320 4052 1827 530 3522
is_linear=0
shrinkage=0.00834467


Tree=459
num_leaves=7
num_cat=1
split_feature=9 0 6 6 21 48
split_gain=29.498 17.5082 16.8587 14.2779 12.2485 9.76859
threshold=23.773359298706058 0 14.500000000000002 10.500000000000002 25.148667335510257 21.21093788117139
decision_type=2 9 2 2 2 2
left_child=4 2 -2 -3 5 -1
right_child=1 3 -4 -5 -6 -7
leaf_value=-0.0015924973402928087 0.001079108088831758 0.00062009014946952715 -0.000284750006920052 -0.00057875420605629931 -0.0035102893348440195 -0.00021600274044895266
leaf_weight=374 3032 1198 797 1637 82 8949
leaf_count=374 3032 1198 797 1637 82 8949
internal_value=1.48533e-06 0.000426225 0.000793152 -7.18986e-05 -0.000299468 -0.000271224
internal_weight=16069 6664 3829 2835 9405 9323
internal_count=16069 6664 3829 2835 9405 9323
cat_boundaries=0 1
cat_threshold=31360
is_linear=0
shrinkage=0.00834467


Tree=460
num_leaves=8
num_cat=1
split_feature=9 0 55 8 7 55 28
split_gain=31.8814 18.4223 18.1702 9.96627 11.8607 9.96671 7.87257
threshold=23.773359298706058 0 1.6797837711283303 1.5000000000000002 19.500000000000004 1.228987702458288 23.241488456726078
decision_type=2 9 2 2 2 2 2
left_child=3 6 -3 4 -1 -5 -2
right_child=1 2 -4 5 -6 -7 -8
leaf_value=0.0015804006713176215 -0.0022073444968716389 0.00060549381454009837 0.0042176018551144598 -0.00041149810242623383 -0.00023625359079595162 -0.0028957919141169388 -0.00014374400132209129
leaf_weight=385 139 4718 99 8228 715 114 1741
leaf_count=385 139 4718 99 8228 715 114 1741
internal_value=-3.46493e-05 0.000405734 0.000678331 -0.000347004 0.000399584 -0.000445451 -0.000294761
internal_weight=16139 6697 4817 9442 1100 8342 1880
internal_count=16139 6697 4817 9442 1100 8342 1880
cat_boundaries=0 1
cat_threshold=1289
is_linear=0
shrinkage=0.00834467


Tree=461
num_leaves=8
num_cat=0
split_feature=43 6 6 47 16 9 47
split_gain=31.3522 23.2627 12.7219 9.82189 8.15714 7.285 5.08372
threshold=23.020647048950199 8.5000000000000018 14.500000000000002 23.64952373504639 -0.42837399999999975 21.085356712341312 24.021324157714847
decision_type=2 2 2 2 8 2 2
left_child=3 4 -3 5 -2 -1 -5
right_child=1 2 -4 6 -6 -7 -8
leaf_value=-0.0021013310898773964 0.003568763694407976 0.0003989732323799175 -0.00033433933216290445 0.0033707254676647543 0.0012483459036064623 -0.00043051150665430457 0.00017902619377702962
leaf_weight=187 178 6830 2171 69 259 6418 70
leaf_count=187 178 6830 2171 69 259 6418 70
internal_value=2.89798e-06 0.000313387 0.000222101 -0.00043162 0.00219356 -0.000477819 0.00176352
internal_weight=16182 9438 9001 6744 437 6605 139
internal_count=16182 9438 9001 6744 437 6605 139
is_linear=0
shrinkage=0.00834467


Tree=462
num_leaves=8
num_cat=0
split_feature=6 6 6 17 54 48 56
split_gain=31.6554 24.2004 58.5964 22.905 15.702 14.2967 8.46596
threshold=10.500000000000002 12.500000000000002 14.500000000000002 0.37643350000000025 0.53682708710331883 26.567572784423831 0.24096012115478518
decision_type=2 2 2 8 2 2 2
left_child=3 4 -3 5 -2 -1 -5
right_child=1 2 -4 6 -6 -7 -8
leaf_value=0.00099645163959831092 -0.00049360577273686271 0.00086904889449445982 -0.00054303121083066762 2.5045916224949502e-05 -0.0018433808166269012 0.0028910562972458329 0.001596019891037211
leaf_weight=1034 2853 3479 4969 2341 760 379 266
leaf_count=1034 2853 3479 4969 2341 760 379 266
internal_value=7.78068e-06 -0.000205965 3.84827e-05 0.00064907 -0.000777537 0.00150465 0.000185342
internal_weight=16081 12061 8448 4020 3613 1413 2607
internal_count=16081 12061 8448 4020 3613 1413 2607
is_linear=0
shrinkage=0.00834467


Tree=463
num_leaves=8
num_cat=0
split_feature=27 18 14 46 52 42 52
split_gain=34.1223 16.9173 24.3308 13.6995 12.6316 12.3608 9.18686
threshold=23.274158477783207 26.347520828247074 1.0121415877986411 24.558264732360843 1.0786263104494009 24.322224617004398 0.1785625640342903
decision_type=2 2 8 2 2 2 2
left_child=3 6 -3 4 -1 -5 -2
right_child=1 2 -4 5 -6 -7 -8
leaf_value=-0.00039982184743043005 -0.00013682612380885024 0.0059005550534542072 0.00097569113076425662 0.0043240488835143975 -0.0038187692781249216 -0.00039357381355412216 0.00047392096034914804
leaf_weight=7507 2914 74 1244 81 76 74 4168
leaf_count=7507 2914 74 1244 81 76 74 4168
internal_value=1.58937e-05 0.000384174 0.00125224 -0.000383893 -0.000434093 0.00207188 0.00022262
internal_weight=16138 8400 1318 7738 7583 155 7082
internal_count=16138 8400 1318 7738 7583 155 7082
is_linear=0
shrinkage=0.00834467


Tree=464
num_leaves=8
num_cat=0
split_feature=29 47 6 6 7 7 32
split_gain=32.7061 14.1383 13.6212 10.3304 10.1713 9.85317 7.36024
threshold=25.507610321044925 22.0393180847168 8.5000000000000018 10.500000000000002 32.500000000000007 51.500000000000007 26.946234703063968
decision_type=2 2 2 2 2 2 2
left_child=1 4 6 -3 -1 -4 -2
right_child=2 3 5 -5 -6 -7 -8
leaf_value=-0.00018944326309694665 0.0011828478981350584 0.00049007788605907453 0.00090721375887709336 -0.00014320717286046128 -0.0011555389818646532 -0.00069855362164012 0.0047592059139631776
leaf_weight=1592 71 2302 2184 8122 1450 303 92
leaf_count=1592 71 2302 2184 8122 1450 303 92
internal_value=1.73416e-05 -0.000149421 0.000864745 -3.35437e-06 -0.000649945 0.000711575 0.00320157
internal_weight=16116 13466 2650 10424 3042 2487 163
internal_count=16116 13466 2650 10424 3042 2487 163
is_linear=0
shrinkage=0.00834467


Tree=465
num_leaves=8
num_cat=0
split_feature=29 52 8 9 9 24 20
split_gain=35.837 15.5905 17.8069 12.4389 11.9738 9.40685 2.79665
threshold=25.507610321044925 1.2615107883420882 1.5000000000000002 29.486070632934574 24.631523132324222 28.586996078491214 32.785039901733406
decision_type=2 2 2 2 2 2 2
left_child=1 2 -1 5 -3 -2 -5
right_child=3 4 -4 6 -6 -7 -8
leaf_value=0.0004648365021161625 0.00081681468416749145 -0.00095013399272914642 -0.00029719018653380502 0.002055847153231192 -0.0054990002070383339 -0.0014536228796214359 0.0039956188946165217
leaf_weight=2674 2161 106 10600 240 65 135 66
leaf_count=2674 2161 106 10600 240 65 135 66
internal_value=-2.45461e-06 -0.000175935 -0.000143682 0.000893949 -0.00267945 0.000683312 0.00247434
internal_weight=16047 13445 13274 2602 171 2296 306
internal_count=16047 13445 13274 2602 171 2296 306
is_linear=0
shrinkage=0.00834467


Tree=466
num_leaves=8
num_cat=0
split_feature=18 6 7 6 8 7 55
split_gain=31.2329 18.6794 20.878 16.1529 9.36232 10.2783 9.23322
threshold=24.07152080535889 14.500000000000002 17.500000000000004 13.500000000000002 1.5000000000000002 17.500000000000004 1.228987702458288
decision_type=2 2 2 2 2 2 2
left_child=4 3 -3 -2 5 -1 -6
right_child=1 2 -4 -5 6 -7 -8
leaf_value=0.0014125067100633968 0.00052127995971660787 0.0010342189212449887 -0.0013740361528720875 0.0018820611113580009 -0.00032947384054315553 -0.00011882890576502849 -0.0025867766465169488
leaf_weight=449 4037 396 683 715 8831 953 128
leaf_count=449 4037 396 683 715 8831 953 128
internal_value=1.24413e-05 0.000500974 -0.00049019 0.000726031 -0.000262497 0.000371598 -0.000361727
internal_weight=16192 5831 1079 4752 10361 1402 8959
internal_count=16192 5831 1079 4752 10361 1402 8959
is_linear=0
shrinkage=0.00834467


Tree=467
num_leaves=8
num_cat=0
split_feature=6 6 6 54 39 29 54
split_gain=26.2455 25.6832 47.1419 21.6242 18.1902 16.9124 15.5064
threshold=10.500000000000002 12.500000000000002 14.500000000000002 0.73791090815877003 28.506158828735355 29.862823487194827 1.0949892040960993
decision_type=2 2 2 2 2 2 2
left_child=4 3 -3 -2 6 -6 -1
right_child=1 2 -4 -5 5 -7 -8
leaf_value=0.00047571788547073646 -0.00058145812156494255 0.00077595090777313463 -0.00048674343238203375 -0.0026403305967427587 0.0062129482100032303 0.0014903738943364787 -0.0030309755559862523
leaf_weight=3590 3237 3487 5027 399 66 264 90
leaf_count=3590 3237 3487 5027 399 66 264 90
internal_value=-2.71173e-05 -0.000220314 3.04069e-05 -0.000807397 0.000558254 0.00243504 0.000389949
internal_weight=16160 12150 8514 3636 4010 330 3680
internal_count=16160 12150 8514 3636 4010 330 3680
is_linear=0
shrinkage=0.00834467


Tree=468
num_leaves=8
num_cat=1
split_feature=9 6 6 7 0 22 8
split_gain=30.4395 31.0081 28.1427 14.9921 12.313 12.9942 6.46929
threshold=23.42381572723389 14.500000000000002 13.500000000000002 19.500000000000004 0 23.604041099548343 1.5000000000000002
decision_type=2 2 2 2 9 2 2
left_child=4 2 -2 -3 5 -1 -6
right_child=1 3 -4 -5 6 -7 -8
leaf_value=-0.00076576083655182725 0.00041211340817341356 0.00032656819125530701 0.001990957107582873 -0.0013418566397112124 0.00065091097444591381 -0.0044973544708253469 -0.00024108643438363611
leaf_weight=2146 5302 628 923 931 631 67 5510
leaf_count=2146 5302 628 923 931 631 67 5510
internal_value=7.19758e-06 0.000382644 0.000646216 -0.00066978 -0.000342632 -0.000874803 -0.000149188
internal_weight=16138 7784 6225 1559 8354 2213 6141
internal_count=16138 7784 6225 1559 8354 2213 6141
cat_boundaries=0 1
cat_threshold=16580
is_linear=0
shrinkage=0.00834467


Tree=469
num_leaves=7
num_cat=0
split_feature=18 14 43 22 6 47
split_gain=31.88 14.9319 14.7243 14.52 12.4413 7.83209
threshold=25.976819038391117 0.83502133836730297 22.980176925659183 25.826974868774418 12.500000000000002 23.586192131042484
decision_type=2 8 2 2 2 2
left_child=2 -2 5 -3 -4 -1
right_child=1 3 4 -5 -6 -7
leaf_value=-0.00043508769932085889 0.0044584789060997101 0.0027684024458961508 -0.00016266112559521758 0.0005885588703374772 0.00050432038999450625 0.0016108065823656537
leaf_weight=6386 87 250 4245 1429 3598 133
leaf_count=6386 87 250 4245 1429 3598 133
internal_value=2.98205e-05 0.00108783 -0.000100276 0.000913148 0.000143319 -0.000393345
internal_weight=16128 1766 14362 1679 7843 6519
internal_count=16128 1766 14362 1679 7843 6519
is_linear=0
shrinkage=0.00834467


Tree=470
num_leaves=7
num_cat=2
split_feature=9 17 0 22 0 9
split_gain=30.8834 17.8071 18.0277 16.0915 17.9893 12.2293
threshold=26.633753776550297 0.67256600000000011 0 25.826974868774418 1 21.472457885742191
decision_type=2 8 9 2 9 2
left_child=1 2 -1 -2 -5 -3
right_child=3 5 -4 4 -6 -7
leaf_value=0.0019998373548382273 0.0045838849389342505 -0.0010653899196474115 0.00018979207563339865 -0.0018203228559752964 0.0015031299262561954 -0.00016590283635438183
leaf_weight=415 100 1183 3967 124 822 9542
leaf_count=415 100 1183 3967 124 822 9542
internal_value=1.40192e-05 -8.19923e-05 0.000366214 0.00140067 0.00106413 -0.00026512
internal_weight=16153 15107 4382 1046 946 10725
internal_count=16153 15107 4382 1046 946 10725
cat_boundaries=0 1 2
cat_threshold=8256 2176
is_linear=0
shrinkage=0.00834467


Tree=471
num_leaves=7
num_cat=0
split_feature=29 52 19 9 14 22
split_gain=29.1688 21.9474 19.5901 12.985 9.66711 8.45281
threshold=25.535952568054203 1.2615107883420882 26.667976379394535 32.756839752197273 0.83502133836730297 23.973745346069339
decision_type=2 2 2 2 8 2
left_child=1 2 -1 4 -2 -3
right_child=3 5 -4 -5 -6 -7
leaf_value=-0.00014190451174846307 0.0030893481745185012 -0.0011962016699397129 0.0044500212305535166 0.0044376020593014636 0.00060216914298022374 -0.0049667178295774578
leaf_weight=13331 114 79 65 67 2390 87
leaf_count=13331 114 79 65 67 2390 87
internal_value=-2.49998e-06 -0.00015699 -0.00011962 0.000812431 0.000715415 -0.00317249
internal_weight=16133 13562 13396 2571 2504 166
internal_count=16133 13562 13396 2571 2504 166
is_linear=0
shrinkage=0.00834467


Tree=472
num_leaves=8
num_cat=0
split_feature=6 6 6 9 54 7 17
split_gain=26.8219 30.3898 52.673 23.5699 20.6171 16.4426 10.989
threshold=10.500000000000002 12.500000000000002 14.500000000000002 27.074039459072271 0.54236565831525574 50.500000000000007 -2.4940664999999993
decision_type=2 2 2 2 2 2 10
left_child=3 4 -3 6 -2 -5 -1
right_child=1 2 -4 5 -6 -7 -8
leaf_value=-0.00020955760855078041 -0.00051396944534905914 0.00086370011970513547 -0.00047242093782218951 0.002965124101743012 -0.0020656972027400934 -0.0010230115135540908 0.0007357729608131403
leaf_weight=1452 2908 3493 4989 417 750 87 2087
leaf_count=1452 2908 3493 4989 417 750 87 2087
internal_value=-3.18953e-07 -0.000196369 7.78118e-05 0.000588363 -0.000832125 0.00227669 0.000347918
internal_weight=16183 12140 8482 4043 3658 504 3539
internal_count=16183 12140 8482 4043 3658 504 3539
is_linear=0
shrinkage=0.00834467


Tree=473
num_leaves=7
num_cat=0
split_feature=29 6 6 52 10 6
split_gain=28.7571 13.1756 35.4589 15.8184 12.462 13.4102
threshold=25.691691398620609 14.500000000000002 13.500000000000002 0.80240272063440876 4.5000000000000009 8.5000000000000018
decision_type=2 2 2 2 2 2
left_child=1 2 -1 -3 5 -2
right_child=4 3 -4 -5 -6 -7
leaf_value=-0.00019150684713327749 0.003312059471703795 -0.0004313626242866351 0.0012354964229848609 -0.003310154627182925 0.0038691225038968964 0.00056819265296003567
leaf_weight=7821 132 4443 1435 137 92 2052
leaf_count=7821 132 4443 1435 137 92 2052
internal_value=-8.42488e-06 -0.000151409 2.97291e-05 -0.000517482 0.000860786 0.000734045
internal_weight=16112 13836 9256 4580 2276 2184
internal_count=16112 13836 9256 4580 2276 2184
is_linear=0
shrinkage=0.00834467


Tree=474
num_leaves=8
num_cat=0
split_feature=6 6 6 9 54 7 15
split_gain=30.5112 26.0376 39.5293 21.5802 18.7408 18.3846 10.5369
threshold=10.500000000000002 12.500000000000002 14.500000000000002 26.924660682678226 0.60060214001267065 50.500000000000007 0.97191237280235243
decision_type=2 2 2 2 2 2 10
left_child=3 4 -3 6 -2 -5 -1
right_child=1 2 -4 5 -6 -7 -8
leaf_value=-0.00015552439475084197 -0.00054119361001414221 0.00071125157686460121 -0.00045069541625832174 0.0029169723520638107 -0.0021101389714227891 -0.0012114901875093179 0.00077070182187463816
leaf_weight=1492 2935 3450 4984 430 647 91 2004
leaf_count=1492 2935 3450 4984 430 647 91 2004
internal_value=-1.80637e-05 -0.00022854 2.46092e-05 0.000611529 -0.00082459 0.00219587 0.000375414
internal_weight=16033 12016 8434 4017 3582 521 3496
internal_count=16033 12016 8434 4017 3582 521 3496
is_linear=0
shrinkage=0.00834467


Tree=475
num_leaves=7
num_cat=0
split_feature=18 14 6 44 55 55
split_gain=27.8405 20.7151 17.1361 15.9626 9.62586 4.31954
threshold=26.347520828247074 1.0121415877986411 14.500000000000002 21.490017890930179 0.34661252108966817 0.80625420854744323
decision_type=2 8 2 2 2 2
left_child=3 -2 -3 5 -5 -1
right_child=1 2 -4 4 -6 -7
leaf_value=-0.00087416740255002621 0.0055574831757961071 0.0012715238199071379 -0.0018267977322329288 -0.00024301660908630527 0.00020349909799641247 -0.0030825943734956456
leaf_weight=1202 71 1108 140 6383 7103 65
leaf_count=1202 71 1108 140 6383 7103 65
internal_value=1.18746e-05 0.0011734 0.000923944 -9.19729e-05 -7.83933e-06 -0.000987487
internal_weight=16072 1319 1248 14753 13486 1267
internal_count=16072 1319 1248 14753 13486 1267
is_linear=0
shrinkage=0.00834467


Tree=476
num_leaves=8
num_cat=0
split_feature=6 6 51 9 49 7 15
split_gain=28.2836 23.7014 21.969 19.788 15.171 13.1392 11.6817
threshold=10.500000000000002 11.500000000000002 26.955186335349939 27.484950065612797 27.866635322556643 9.5000000000000018 0.97191237280235243
decision_type=2 2 2 2 2 2 10
left_child=3 5 -3 6 -5 -2 -1
right_child=1 2 -4 4 -6 -7 -8
leaf_value=-0.00017457161208621046 0.00046756616898041228 -2.1477075401425298e-05 -0.0034223639881044796 0.0054950749757273626 0.001513767745838913 -0.0014282789942366779 0.00078381221650978021
leaf_weight=1539 307 10159 134 81 376 1490 2086
leaf_count=1539 307 10159 134 81 376 1490 2086
internal_value=-1.73571e-05 -0.000220134 -6.57549e-05 0.000583222 0.00221953 -0.00110439 0.000376929
internal_weight=16172 12090 10293 4082 457 1797 3625
internal_count=16172 12090 10293 4082 457 1797 3625
is_linear=0
shrinkage=0.00834467


Tree=477
num_leaves=8
num_cat=0
split_feature=23 8 6 6 55 55 50
split_gain=26.5549 14.8822 13.8268 11.4487 13.4917 8.92655 8.13225
threshold=24.838911056518558 1.5000000000000002 12.500000000000002 14.500000000000002 1.5868855998533167 1.228987702458288 26.890842342368899
decision_type=2 2 2 2 2 2 2
left_child=1 2 -1 4 -2 -3 -5
right_child=3 5 -4 6 -6 -7 -8
leaf_value=2.8824020200623713e-05 0.00072012972043036241 -0.00026771807627498293 0.0014978392877573867 -4.7694173103178982e-05 0.0034936541524330702 -0.0024280109538856176 -0.003062068222874941
leaf_weight=1473 3179 9891 640 643 127 135 69
leaf_count=1473 3179 9891 640 643 127 135 69
internal_value=3.1957e-05 -0.000162675 0.000473774 0.00061997 0.000826685 -0.000296809 -0.000339855
internal_weight=16157 12139 2113 4018 3306 10026 712
internal_count=16157 12139 2113 4018 3306 10026 712
is_linear=0
shrinkage=0.00834467


Tree=478
num_leaves=8
num_cat=0
split_feature=6 6 6 9 54 49 15
split_gain=27.8958 23.4663 44.7465 20.6809 16.9634 13.4732 8.60343
threshold=10.500000000000002 12.500000000000002 14.500000000000002 26.924660682678226 0.73791090815877003 27.866635322556643 0.97191237280235243
decision_type=2 2 2 2 2 2 10
left_child=3 4 -3 6 -2 -5 -1
right_child=1 2 -4 5 -6 -7 -8
leaf_value=-0.00012470680911455374 -0.00058314694984271662 0.00075119643027659309 -0.00048075428431156953 0.0044871706141174725 -0.0024349170550987172 0.0013680525285388405 0.00071144581465088484
leaf_weight=1502 3272 3465 5038 128 385 391 1995
leaf_count=1502 3272 3465 5038 128 385 391 1995
internal_value=-1.99875e-05 -0.000219134 2.12699e-05 0.000583005 -0.000778103 0.00213738 0.00035231
internal_weight=16176 12160 8503 4016 3657 519 3497
internal_count=16176 12160 8503 4016 3657 519 3497
is_linear=0
shrinkage=0.00834467


Tree=479
num_leaves=7
num_cat=0
split_feature=9 53 20 47 7 10
split_gain=23.5601 17.3884 18.5492 15.5515 8.75644 6.88952
threshold=26.339530944824222 1.355801169640211 25.626656532287601 22.093097686767582 32.500000000000007 3.5000000000000004
decision_type=2 2 2 2 2 2
left_child=3 2 -2 4 -1 -5
right_child=1 -3 -4 5 -6 -7
leaf_value=-0.0001828575828819183 0.0056275428858941282 -0.002259873905104264 0.0011118792608551824 1.0331221874865241e-05 -0.001052479103442278 0.00079024172991571209
leaf_weight=1738 67 100 1158 10616 1504 852
leaf_count=1738 67 100 1158 10616 1504 852
internal_value=2.00112e-05 0.00108577 0.0013589 -7.59875e-05 -0.000586287 6.82743e-05
internal_weight=16035 1325 1225 14710 3242 11468
internal_count=16035 1325 1225 14710 3242 11468
is_linear=0
shrinkage=0.00834467


Tree=480
num_leaves=8
num_cat=0
split_feature=6 6 6 40 24 7 17
split_gain=25.3964 24.6857 27.9471 19.4953 14.727 13.5937 13.0328
threshold=10.500000000000002 11.500000000000002 14.500000000000002 28.537285804748539 29.095525741577152 10.500000000000002 -2.4940664999999993
decision_type=2 2 2 2 2 2 10
left_child=3 5 -3 6 -5 -2 -1
right_child=1 2 -4 4 -6 -7 -8
leaf_value=-0.00018624864959223704 0.00042894681383731219 0.0004072131519797379 -0.00046233918721621311 0.0059760118541090854 0.0016305973010792771 -0.0014211493176642133 0.00082337351098255571
leaf_weight=1478 341 5322 4984 69 255 1463 2239
leaf_count=1478 341 5322 4984 69 255 1463 2239
internal_value=2.02151e-05 -0.000170932 -1.3304e-05 0.000593041 0.00255616 -0.00107144 0.000421915
internal_weight=16151 12110 10306 4041 324 1804 3717
internal_count=16151 12110 10306 4041 324 1804 3717
is_linear=0
shrinkage=0.00834467


Tree=481
num_leaves=8
num_cat=0
split_feature=6 6 6 9 49 17 49
split_gain=29.823 25.0915 25.707 19.559 15.8313 11.9625 9.12644
threshold=10.500000000000002 11.500000000000002 14.500000000000002 27.484950065612797 27.866635322556643 -2.4940664999999993 25.066964531092534
decision_type=2 2 2 2 2 10 2
left_child=3 6 -3 5 -5 -1 -2
right_child=1 2 -4 4 -6 -7 -8
leaf_value=-0.00016479204167955082 -0.001445931253360523 0.0003722073065420225 -0.00046030693198027329 0.0056829731922950115 0.0015576854793266349 0.0008238012341092502 -7.8867918202775032e-05
leaf_weight=1420 1346 5303 5035 78 382 2132 455
leaf_count=1420 1346 5303 5035 78 382 2132 455
internal_value=1.45359e-05 -0.00019161 -3.32589e-05 0.000638265 0.0022573 0.000428587 -0.00110056
internal_weight=16151 12139 10338 4012 460 3552 1801
internal_count=16151 12139 10338 4012 460 3552 1801
is_linear=0
shrinkage=0.00834467


Tree=482
num_leaves=7
num_cat=0
split_feature=27 6 52 6 45 34
split_gain=24.1841 19.9769 19.4015 14.8502 13.109 7.99725
threshold=23.772090911865238 8.5000000000000018 1.4061120758328449 14.500000000000002 25.831351280212406 26.87490272521973
decision_type=2 2 2 2 2 2
left_child=2 5 4 -3 -1 -2
right_child=1 3 -4 -5 -6 -7
leaf_value=-0.00026251580916575594 0.0015301214853156223 0.00047697912112964509 -0.0043127520284042984 -0.00051814822830300829 0.0034979931281989159 0.0042956451060374946
leaf_weight=9126 292 5071 82 1315 65 97
leaf_count=9126 292 5071 82 1315 65 97
internal_value=4.9177e-06 0.0003839 -0.000271973 0.000272063 -0.000235917 0.00221981
internal_weight=16048 6775 9273 6386 9191 389
internal_count=16048 6775 9273 6386 9191 389
is_linear=0
shrinkage=0.00834467


Tree=483
num_leaves=8
num_cat=0
split_feature=18 6 52 7 9 55 3
split_gain=25.0339 16.6448 16.8455 9.7743 8.46079 6.97172 1.85112
threshold=24.092183113098148 10.500000000000002 0.21647547102977757 50.500000000000007 21.150186538696293 0.32227217985722545 3.1661955000000006
decision_type=2 2 2 2 2 2 2
left_child=4 3 -3 -2 6 -6 -1
right_child=1 2 -4 -5 5 -7 -8
leaf_value=-0.0020516040553370881 0.0012291461875422666 -0.00077014067771148458 0.00046714383821780349 -0.00021037898333810444 -0.00042057085980714377 1.9897034545193799e-05 -0.00072961789527112677
leaf_weight=209 1902 1133 2367 397 5309 4733 114
leaf_count=209 1902 1133 2367 397 5309 4733 114
internal_value=-1.00933e-05 0.00042895 6.66161e-05 0.000980564 -0.000255729 -0.00021297 -0.00158506
internal_weight=16164 5799 3500 2299 10365 10042 323
internal_count=16164 5799 3500 2299 10365 10042 323
is_linear=0
shrinkage=0.00834467


Tree=484
num_leaves=8
num_cat=0
split_feature=44 18 52 11 8 40 16
split_gain=25.4804 17.2822 16.3015 14.6331 14.1791 14.1313 6.63602
threshold=23.986876487731937 26.347520828247074 1.1554441099334991 1.0000000180025095e-35 1.5000000000000002 23.538314819335941 -1.4758414999999994
decision_type=2 2 2 2 2 2 10
left_child=2 5 4 -3 -1 -2 -4
right_child=1 3 6 -5 -6 -7 -8
leaf_value=0.00065269259821608677 0.0022359129899970115 0.0010832838586339055 -0.004485661653626313 0.0049322294251895283 -0.00032423627924572994 0.00011914273935029014 -0.0010800566224406713
leaf_weight=1180 230 1188 85 73 8391 4857 75
leaf_count=1180 230 1188 85 73 8391 4857 75
internal_value=2.03486e-05 0.000431633 -0.000247952 0.00130614 -0.000203791 0.000214853 -0.00288945
internal_weight=16079 6348 9731 1261 9571 5087 160
internal_count=16079 6348 9731 1261 9571 5087 160
is_linear=0
shrinkage=0.00834467


Tree=485
num_leaves=8
num_cat=0
split_feature=6 6 6 54 41 55 30
split_gain=25.3714 24.4986 46.0131 18.9507 17.9633 14.5449 13.6391
threshold=10.500000000000002 12.500000000000002 14.500000000000002 0.73791090815877003 28.570311547646487 1.228987702458288 29.886354446411136
decision_type=2 2 2 2 2 2 2
left_child=4 3 -3 -2 5 -1 -6
right_child=1 2 -4 -5 6 -7 -8
leaf_value=0.00049182047186484203 -0.00055640127961057763 0.00079003971454923367 -0.00045840947100068752 -0.0025052731612927267 0.0058638986272676894 -0.002815438850069807 0.0015984520134519609
leaf_weight=3645 3183 3489 5004 390 65 95 265
leaf_count=3645 3183 3489 5004 390 65 95 265
internal_value=2.75602e-06 -0.00018942 5.44649e-05 -0.000769131 0.000572483 0.000407805 0.00243876
internal_weight=16136 12066 8493 3573 4070 3740 330
internal_count=16136 12066 8493 3573 4070 3740 330
is_linear=0
shrinkage=0.00834467


Tree=486
num_leaves=7
num_cat=0
split_feature=29 52 55 17 55 56
split_gain=24.8308 12.7798 11.2731 10.1518 10.4326 8.46627
threshold=25.507610321044925 1.4061120758328449 0.3580346712929246 1.3241850000000006 1.5868855998533167 0.28842258585449271
decision_type=2 2 2 8 2 2
left_child=1 2 -1 4 -2 -5
right_child=3 -3 -4 5 -6 -7
leaf_value=-0.00034456295151321807 0.0010149628502588339 -0.0027993155187894998 0.00014209159415703995 -0.00013512229314849772 0.0043547522108719162 0.0024768351889508165
leaf_weight=7143 1538 125 6184 955 68 95
leaf_count=7143 1538 125 6184 955 68 95
internal_value=1.92487e-06 -0.000143656 -0.000118745 0.000739255 0.0011564 0.000101218
internal_weight=16108 13452 13327 2656 1606 1050
internal_count=16108 13452 13327 2656 1606 1050
is_linear=0
shrinkage=0.00834467


Tree=487
num_leaves=8
num_cat=0
split_feature=6 6 6 2 53 25 55
split_gain=22.9899 23.5331 42.849 16.5177 16.3684 14.1577 7.77367
threshold=10.500000000000002 12.500000000000002 14.500000000000002 3.2489465000000002 0.85846140550493077 27.16061401311768 0.95779024825235581
decision_type=2 2 2 2 2 2 2
left_child=3 4 -3 6 -2 -5 -1
right_child=1 2 -4 5 -6 -7 -8
leaf_value=0.0012430251572895933 -0.00063906612442882725 0.00074401682479330788 -0.00046214708912983892 0.000311435796189142 -0.0031804526836007661 -0.0033830332423287553 0.0038866268797305916
leaf_weight=872 3443 3483 4988 3001 186 74 85
leaf_count=872 3443 3483 4988 3001 186 74 85
internal_value=-2.5236e-05 -0.000207081 3.37886e-05 0.000520479 -0.00076933 0.000222518 0.00147786
internal_weight=16132 12100 8471 4032 3629 3075 957
internal_count=16132 12100 8471 4032 3629 3075 957
is_linear=0
shrinkage=0.00834467


Tree=488
num_leaves=8
num_cat=0
split_feature=6 6 6 9 7 49 15
split_gain=24.0916 23.7947 21.6559 18.6569 13.6857 11.0213 8.98937
threshold=10.500000000000002 11.500000000000002 14.500000000000002 27.484950065612797 10.500000000000002 27.866635322556643 0.97191237280235243
decision_type=2 2 2 2 2 2 10
left_child=3 4 -3 6 -2 -5 -1
right_child=1 2 -4 5 -6 -7 -8
leaf_value=-0.00014713854329920429 0.00042009646158192569 0.00033250426086257933 -0.00043549301624626357 0.0051002959189873987 -0.0014318565795184276 0.0015742012944187347 0.0007042858561746529
leaf_weight=1483 343 5254 4980 74 1463 372 2067
leaf_count=1483 343 5254 4980 74 1463 372 2067
internal_value=-1.07168e-05 -0.000197051 -4.12134e-05 0.000550711 -0.00108013 0.00215935 0.000348607
internal_weight=16036 12040 10234 3996 1806 446 3550
internal_count=16036 12040 10234 3996 1806 446 3550
is_linear=0
shrinkage=0.00834467


Tree=489
num_leaves=8
num_cat=0
split_feature=6 6 6 9 7 7 17
split_gain=25.2164 19.1773 19.248 18.9021 16.8255 11.7706 9.88609
threshold=10.500000000000002 11.500000000000002 14.500000000000002 26.924660682678226 50.500000000000007 10.500000000000002 -2.4940664999999993
decision_type=2 2 2 2 2 2 10
left_child=3 5 -3 6 -5 -2 -1
right_child=1 2 -4 4 -6 -7 -8
leaf_value=-0.00018075776290375417 0.00038272710219213916 0.00030668185207449061 -0.00041551698890805142 0.0027042764078743786 -0.0012709015783638662 -0.0013234614068056915 0.0007194240047915816
leaf_weight=1429 351 5256 5028 444 89 1423 2095
leaf_count=1429 351 5256 5028 444 89 1423 2095
internal_value=6.84082e-06 -0.000184629 -4.64119e-05 0.000575916 0.00204049 -0.000985878 0.000354396
internal_weight=16115 12058 10284 4057 533 1774 3524
internal_count=16115 12058 10284 4057 533 1774 3524
is_linear=0
shrinkage=0.00834467


Tree=490
num_leaves=8
num_cat=0
split_feature=18 7 55 55 9 6 3
split_gain=24.3688 16.4256 40.2981 17.1191 10.8932 9.10647 3.24355
threshold=26.03409576416016 51.500000000000007 1.6797837711283303 0.80625420854744323 21.254704474621587 14.500000000000002 0.97096650000000018
decision_type=2 2 2 2 2 2 2
left_child=4 2 -2 -3 6 -6 -1
right_child=1 3 -4 -5 5 -7 -8
leaf_value=-0.0018279268887182332 0.00092819419838984798 0.00028588763348262781 0.007206855026649351 -0.0047337527151956422 6.342230564439375e-05 -0.00039272270800214939 -0.00057554937738131865
leaf_weight=314 1395 167 75 66 9288 4536 266
leaf_count=314 1395 167 75 66 9288 4536 266
internal_value=-2.16502e-05 0.000922306 0.00124858 -0.00113612 -0.000133256 -8.62504e-05 -0.00125358
internal_weight=16107 1703 1470 233 14404 13824 580
internal_count=16107 1703 1470 233 14404 13824 580
is_linear=0
shrinkage=0.00834467


Tree=491
num_leaves=8
num_cat=0
split_feature=46 6 7 33 21 7 55
split_gain=22.7084 17.4723 13.5545 8.42595 7.10791 6.14592 3.15975
threshold=22.944412231445316 8.5000000000000018 51.500000000000007 26.868818282697756 21.339884757995609 30.500000000000004 0.51503076409620296
decision_type=2 2 2 2 2 2 2
left_child=4 3 -3 -2 6 -6 -1
right_child=1 2 -4 -5 5 -7 -8
leaf_value=-0.00094807598255688367 0.001272945745581803 0.00030844843597541014 -0.00067019838179998539 0.0040450432874731398 2.0076228940563836e-05 -0.00053266336423793241 -0.002866619656373384
leaf_weight=743 373 8099 1122 96 2713 2896 65
leaf_count=743 373 8099 1122 96 2713 2896 65
internal_value=1.43058e-05 0.000269282 0.000189367 0.00184044 -0.000370721 -0.000265311 -0.00110245
internal_weight=16107 9690 9221 469 6417 5609 808
internal_count=16107 9690 9221 469 6417 5609 808
is_linear=0
shrinkage=0.00834467


Tree=492
num_leaves=8
num_cat=1
split_feature=6 6 6 17 27 0 53
split_gain=21.8612 22.3862 22.9592 17.7694 12.3646 9.40538 7.73056
threshold=10.500000000000002 11.500000000000002 14.500000000000002 0.39824200000000004 25.291508674621586 0 0.87852598012458827
decision_type=2 2 2 8 2 9 2
left_child=3 4 -3 5 -2 -1 -5
right_child=1 2 -4 6 -6 -7 -8
leaf_value=0.0021040601500080182 -0.0014190376884481747 0.00037123516168112149 -0.00041872850546962042 0.00020910025204698524 0.00020377767648902618 0.00070617147442608448 -0.0026014402496289343
leaf_weight=579 1354 5245 5008 2562 431 864 70
leaf_count=579 1354 5245 5008 2562 431 864 70
internal_value=1.4068e-05 -0.000164764 -1.46166e-05 0.000542355 -0.0010272 0.00128656 0.000134343
internal_weight=16113 12038 10253 4075 1785 1443 2632
internal_count=16113 12038 10253 4075 1785 1443 2632
cat_boundaries=0 1
cat_threshold=29248
is_linear=0
shrinkage=0.00834467


Tree=493
num_leaves=8
num_cat=0
split_feature=6 6 6 39 54 33 54
split_gain=22.957 22.0852 38.3832 20.2706 19.0992 17.4091 15.2573
threshold=10.500000000000002 12.500000000000002 14.500000000000002 28.506158828735355 0.6600498339499643 29.94389629364014 1.1357041280018021
decision_type=2 2 2 2 2 2 2
left_child=3 4 -3 6 -2 -5 -1
right_child=1 2 -4 5 -6 -7 -8
leaf_value=0.00042904653977341481 -0.00049315997468091797 0.00070939914634299847 -0.00043479291627964605 0.0063141102183877865 -0.0022046163516468054 0.0015420736497468567 -0.0033981504878768153
leaf_weight=3635 3065 3459 4982 67 533 259 74
leaf_count=3635 3065 3459 4982 67 533 259 74
internal_value=-1.66937e-05 -0.000199264 3.40808e-05 0.000528031 -0.000746697 0.00252299 0.00035268
internal_weight=16074 12039 8441 4035 3598 326 3709
internal_count=16074 12039 8441 4035 3598 326 3709
is_linear=0
shrinkage=0.00834467


Tree=494
num_leaves=7
num_cat=0
split_feature=43 6 7 55 33 48
split_gain=22.0362 17.2521 13.9718 7.29735 6.94395 5.5481
threshold=22.980176925659183 8.5000000000000018 51.500000000000007 1.228987702458288 27.08644008636475 21.233294677359378
decision_type=2 2 2 2 2 2
left_child=3 4 -3 5 -2 -1
right_child=1 2 -4 -5 -6 -7
leaf_value=-0.0012747225463362968 0.0013839850166453638 0.00029588524510338948 -0.00069706597269102871 -0.0030194186607824633 0.0041558191302375445 -0.00028417711959027978
leaf_weight=421 366 7930 1127 72 76 6080
leaf_count=421 366 7930 1127 72 76 6080
internal_value=-6.14051e-06 0.00025089 0.000172328 -0.000377589 0.00186067 -0.000348326
internal_weight=16072 9499 9057 6573 442 6501
internal_count=16072 9499 9057 6573 442 6501
is_linear=0
shrinkage=0.00834467


Tree=495
num_leaves=8
num_cat=0
split_feature=27 6 55 34 54 47 6
split_gain=24.635 13.7293 14.3121 9.43965 9.36604 15.9268 7.62648
threshold=23.30985260009766 8.5000000000000018 1.6797837711283303 26.87490272521973 0.59533663954746674 23.864499092102054 10.500000000000002
decision_type=2 2 2 2 2 2 2
left_child=4 3 -3 -2 5 -1 -6
right_child=1 2 -4 -5 6 -7 -8
leaf_value=-0.00033182200143975794 0.0010820168084382711 0.00018538701479788649 0.0028496961095221579 0.0039863914279581764 0.00074348966430637679 0.0016235010633692518 -0.0016419426440897951
leaf_weight=6795 341 7679 143 101 111 303 586
leaf_count=6795 341 7679 143 101 111 303 586
internal_value=-2.47163e-06 0.000314952 0.000234099 0.00174576 -0.000338993 -0.000248351 -0.00126205
internal_weight=16059 8264 7822 442 7795 7098 697
internal_count=16059 8264 7822 442 7795 7098 697
is_linear=0
shrinkage=0.00834467


Tree=496
num_leaves=8
num_cat=0
split_feature=6 6 6 54 9 21 15
split_gain=19.9667 22.4604 39.5465 17.2245 16.5006 12.0423 9.75342
threshold=10.500000000000002 12.500000000000002 14.500000000000002 0.73791090815877003 27.484950065612797 27.752194404602054 0.97191237280235243
decision_type=2 2 2 2 2 2 10
left_child=4 3 -3 -2 6 -6 -1
right_child=1 2 -4 -5 5 -7 -8
leaf_value=-0.00019207413212459249 -0.0005225209041766699 0.0007436438136925041 -0.00041071816136181965 -0.0023960891517869347 0.0053292893232904023 0.0014499177432743045 0.00068806060033707031
leaf_weight=1514 3237 3511 5023 382 65 390 2083
leaf_count=1514 3237 3511 5023 382 65 390 2083
internal_value=-2.75415e-07 -0.000169409 6.42019e-05 -0.000720289 0.000507001 0.00200422 0.000317607
internal_weight=16205 12153 8534 3619 4052 455 3597
internal_count=16205 12153 8534 3619 4052 455 3597
is_linear=0
shrinkage=0.00834467


Tree=497
num_leaves=8
num_cat=0
split_feature=44 52 40 7 9 8 56
split_gain=22.0741 15.0628 13.7731 15.9689 14.6118 12.9066 7.74085
threshold=23.836790084838871 1.1554441099334991 23.515302658081058 15.500000000000002 24.981026649475101 1.5000000000000002 -0.079404829924317952
decision_type=2 2 2 2 2 2 2
left_child=1 5 3 -2 -4 -1 -3
right_child=2 6 4 -5 -6 -7 -8
leaf_value=0.00065933932160018333 0.0052758720169905531 -0.0010888928496456686 -0.00012320454894594265 0.00095256443845409165 0.00066973337927943234 -0.00032979665385783239 -0.0051019845289276937
leaf_weight=1036 81 69 3133 224 3347 8104 65
leaf_count=1036 81 69 3133 224 3347 8104 65
internal_value=6.22501e-06 -0.000258401 0.000367926 0.00210085 0.000286358 -0.00021768 -0.00303577
internal_weight=16059 9274 6785 305 6480 9140 134
internal_count=16059 9274 6785 305 6480 9140 134
is_linear=0
shrinkage=0.00834467


Tree=498
num_leaves=8
num_cat=0
split_feature=6 6 6 54 9 7 17
split_gain=21.9566 23.2612 32.1017 17.1399 15.7566 16.8289 9.4321
threshold=10.500000000000002 12.500000000000002 14.500000000000002 0.76550912427142437 26.924660682678226 50.500000000000007 -2.4940664999999993
decision_type=2 2 2 2 2 2 10
left_child=4 3 -3 -2 6 -6 -1
right_child=1 2 -4 -5 5 -7 -8
leaf_value=-0.00019611010576895516 -0.00055415809299616547 0.00067547925603921065 -0.00036945548531711926 -0.0024787258744910978 0.0025377307181205675 -0.0014787178274614709 0.0006869309004613835
leaf_weight=1423 3224 3450 5035 358 440 87 2064
leaf_count=1423 3224 3450 5035 358 440 87 2064
internal_value=-4.79398e-06 -0.000182632 5.54151e-05 -0.000746514 0.000529827 0.00187466 0.000326574
internal_weight=16081 12067 8485 3582 4014 527 3487
internal_count=16081 12067 8485 3582 4014 527 3487
is_linear=0
shrinkage=0.00834467


Tree=499
num_leaves=8
num_cat=0
split_feature=6 6 6 39 33 26 17
split_gain=21.4746 22.0351 22.2904 15.1142 12.3735 11.0875 9.15556
threshold=10.500000000000002 11.500000000000002 14.500000000000002 28.506158828735355 29.94389629364014 25.967986106872562 0.37643350000000025
decision_type=2 2 2 2 2 2 8
left_child=3 5 -3 6 -5 -2 -1
right_child=1 2 -4 4 -6 -7 -8
leaf_value=0.00098318882833965519 -0.0012952048517823928 0.00035612573763930223 -0.0004215901470221307 0.0054080282494034853 0.0014209597916045073 0.00054721976283118921 9.2019284329943732e-05
leaf_weight=1184 1535 5281 4992 68 267 267 2493
leaf_count=1184 1535 5281 4992 68 267 267 2493
internal_value=4.64975e-06 -0.00017109 -2.17929e-05 0.000533578 0.00223041 -0.00102221 0.000378979
internal_weight=16087 12075 10273 4012 335 1802 3677
internal_count=16087 12075 10273 4012 335 1802 3677
is_linear=0
shrinkage=0.00834467


Tree=500
num_leaves=7
num_cat=0
split_feature=44 38 28 28 52 9
split_gain=21.9021 18.947 16.0826 12.4985 18.6896 12.3388
threshold=24.768902778625492 24.135271072387699 23.421737670898441 26.732258796691898 1.2615107883420882 25.24792575836182
decision_type=2 2 2 2 2 2
left_child=3 2 -2 4 -1 -3
right_child=1 5 -4 -5 -6 -7
leaf_value=-0.00019494170249257094 0.006157025771172997 -0.00020207361246956127 0.0013962209215040006 0.0030593676759796389 -0.0034519240495942357 0.00072395607638475268
leaf_weight=11478 69 1677 174 81 124 2489
leaf_count=11478 69 1677 174 81 124 2489
internal_value=-1.7827e-05 0.000483307 0.00274825 -0.000206948 -0.000229755 0.000351188
internal_weight=16092 4409 243 11683 11602 4166
internal_count=16092 4409 243 11683 11602 4166
is_linear=0
shrinkage=0.00834467


Tree=501
num_leaves=8
num_cat=0
split_feature=28 10 52 54 17 53 45
split_gain=21.9351 16.0183 19.3842 18.7359 11.0177 12.4783 10.2518
threshold=23.276631355285648 3.5000000000000004 1.2615107883420882 0.7457858179766268 1.3241850000000006 0.64770540706894686 24.7403678894043
decision_type=2 2 2 2 10 2 2
left_child=4 2 -2 -3 6 -6 -1
right_child=1 3 -4 -5 5 -7 -8
leaf_value=-0.00022992213036272875 0.00023429276193038181 0.00056686288707013426 -0.0030283697236635067 0.0031579776664478858 -0.0008606524242881987 -0.0043036667174905178 0.0025452112596799654
leaf_weight=6624 7406 651 129 277 874 80 94
leaf_count=6624 7406 651 129 277 874 80 94
internal_value=1.28927e-05 0.000305838 0.000178432 0.00134031 -0.000310256 -0.00114942 -0.000191088
internal_weight=16135 8463 7535 928 7672 954 6718
internal_count=16135 8463 7535 928 7672 954 6718
is_linear=0
shrinkage=0.00834467


Tree=502
num_leaves=8
num_cat=1
split_feature=44 0 56 52 42 56 8
split_gain=20.7253 14.5976 11.392 9.57675 8.87288 8.58048 8.35761
threshold=23.836790084838871 0 0.088263511657711305 1.1554441099334991 23.393046379089359 -0.079404829924317952 1.5000000000000002
decision_type=2 9 2 2 2 2 2
left_child=3 4 -3 6 -2 -5 -1
right_child=1 2 -4 5 -6 -7 -8
leaf_value=0.0004926941752815497 0.0020552498836425232 0.00034136550822441741 0.0012158616835585333 -0.00030982753542874565 -0.00037265523116864272 -0.004471722251129513 -0.00029702224427995605
leaf_weight=1054 111 3328 1507 68 1878 70 8139
leaf_count=1054 111 3328 1507 68 1878 70 8139
internal_value=1.63657e-05 0.000365868 0.000612668 -0.000239234 -0.000235966 -0.0024211 -0.000206479
internal_weight=16155 6824 4835 9331 1989 138 9193
internal_count=16155 6824 4835 9331 1989 138 9193
cat_boundaries=0 1
cat_threshold=1353
is_linear=0
shrinkage=0.00834467


Tree=503
num_leaves=8
num_cat=0
split_feature=29 52 55 6 7 10 35
split_gain=20.3609 13.9369 13.0963 10.8731 11.1236 10.7394 4.46632
threshold=25.535952568054203 1.2615107883420882 0.34946366969912235 8.5000000000000018 25.500000000000004 2.5000000000000004 26.882278442382816
decision_type=2 2 2 2 2 2 2
left_child=1 2 -1 6 -5 -3 -2
right_child=3 5 -4 4 -6 -7 -8
leaf_value=-0.00033590527652917673 0.001249391530852744 -0.0041433851180726266 0.00018712904880960039 0.0011683997176135162 3.0431791278248888e-05 0.00013246158008714751 0.0041503712988505822
leaf_weight=7015 66 105 6352 1116 1289 67 84
leaf_count=7015 66 105 6352 1116 1289 67 84
internal_value=1.12068e-05 -0.00011773 -8.73593e-05 0.000694446 0.000558489 -0.00247788 0.0028741
internal_weight=16094 13539 13367 2555 2405 172 150
internal_count=16094 13539 13367 2555 2405 172 150
is_linear=0
shrinkage=0.00834467


Tree=504
num_leaves=8
num_cat=0
split_feature=18 22 17 7 44 49 13
split_gain=19.7553 16.4122 20.5756 19.5678 12.2436 8.83598 2.80741
threshold=26.03409576416016 25.862777709960941 0.33191400000000032 51.500000000000007 21.490017890930179 26.499545764711428 1.5000000000000002
decision_type=2 2 10 2 2 2 2
left_child=4 2 -2 -3 6 -6 -1
right_child=1 3 -4 -5 5 -7 -8
leaf_value=-0.00080880269147681544 0.0011675850229602911 0.0008572745695976917 0.0063214915787024187 -0.0020352428336451547 -6.7133652726518854e-05 0.0029936193078897028 -0.0024830025597459239
leaf_weight=1211 170 1261 79 187 13050 66 74
leaf_count=1211 170 1261 79 187 13050 66 74
internal_value=-2.75401e-05 0.000824027 0.00280294 0.000483713 -0.000127888 -5.17297e-05 -0.000905234
internal_weight=16098 1697 249 1448 14401 13116 1285
internal_count=16098 1697 249 1448 14401 13116 1285
is_linear=0
shrinkage=0.00834467


Tree=505
num_leaves=7
num_cat=0
split_feature=46 12 9 52 51 8
split_gain=19.9336 16.1756 13.4271 9.35651 13.0527 10.7071
threshold=23.970756530761722 2.5000000000000004 32.756839752197273 1.1554441099334991 24.048054758707686 1.5000000000000002
decision_type=2 2 2 2 2 2
left_child=3 2 -2 5 -5 -1
right_child=1 -3 -4 4 -6 -7
leaf_value=0.00054143492081355706 0.00027600447584054654 0.0038583867039960868 0.0040311148553716404 -0.0045395662059846201 0.00042512110999451738 -0.00030499101590451339
leaf_weight=1188 6319 91 67 82 67 8391
leaf_count=1188 6319 91 67 82 67 8391
internal_value=6.51622e-06 0.000365192 0.000315408 -0.000232294 -0.00230724 -0.000200016
internal_weight=16205 6477 6386 9728 149 9579
internal_count=16205 6477 6386 9728 149 9579
is_linear=0
shrinkage=0.00834467


Tree=506
num_leaves=8
num_cat=0
split_feature=6 6 6 39 54 33 7
split_gain=18.2111 22.2045 20.8661 13.008 14.7783 13.8589 10.9719
threshold=10.500000000000002 11.500000000000002 14.500000000000002 28.506158828735355 1.0949892040960993 29.94389629364014 10.500000000000002
decision_type=2 2 2 2 2 2 2
left_child=3 6 -3 4 -1 -5 -2
right_child=1 2 -4 5 -6 -7 -8
leaf_value=0.00041276906089028831 0.00028829034784381134 0.00033693304993476355 -0.00041489920116346413 0.0054837977518772067 -0.0030482016028732955 0.0012021958110133766 -0.0013447621755681616
leaf_weight=3602 356 5315 4978 66 88 260 1467
leaf_count=3602 356 5315 4978 66 88 260 1467
internal_value=-1.55977e-05 -0.000177015 -2.66754e-05 0.000471387 0.000330223 0.00206916 -0.00102586
internal_weight=16132 12116 10293 4016 3690 326 1823
internal_count=16132 12116 10293 4016 3690 326 1823
is_linear=0
shrinkage=0.00834467


Tree=507
num_leaves=7
num_cat=0
split_feature=27 12 55 20 52 18
split_gain=22.0175 12.1591 12.5047 12.2236 9.96029 6.7631
threshold=23.30985260009766 2.5000000000000004 0.64724937307601438 32.335674285888679 1.1554441099334991 21.122012138366703
decision_type=2 2 2 2 2 2
left_child=4 3 -3 -2 5 -1
right_child=1 2 -4 -5 -6 -7
leaf_value=-0.0016194695776524733 0.00021432987983107139 0.00025840629006203096 0.0054147325722080468 0.0028757171275166607 -0.0033902815312094377 -0.00024802740388675699
leaf_weight=259 7976 66 65 122 73 7520
leaf_count=259 7976 66 65 122 73 7520
internal_value=-6.38768e-06 0.000295227 0.0028171 0.000254428 -0.000322484 -0.000293691
internal_weight=16081 8229 131 8098 7852 7779
internal_count=16081 8229 131 8098 7852 7779
is_linear=0
shrinkage=0.00834467


Tree=508
num_leaves=8
num_cat=0
split_feature=6 6 6 9 7 49 15
split_gain=18.5355 23.6237 21.4689 14.5098 11.8619 10.7212 9.94158
threshold=10.500000000000002 11.500000000000002 14.500000000000002 27.484950065612797 9.5000000000000018 27.866635322556643 0.97191237280235243
decision_type=2 2 2 2 2 2 10
left_child=3 4 -3 6 -2 -5 -1
right_child=1 2 -4 5 -6 -7 -8
leaf_value=-0.00017847120237501898 0.00046435643684367817 0.00038546670200158913 -0.00037601474072720118 0.004757127426948041 -0.0013296343304953025 0.0013394844473336408 0.00071003263480720364
leaf_weight=1515 310 5298 5022 77 1491 376 2082
leaf_count=1515 310 5298 5022 77 1491 376 2082
internal_value=2.43168e-05 -0.000138989 1.49086e-05 0.000513064 -0.00102084 0.0019205 0.000335809
internal_weight=16171 12121 10320 4050 1801 453 3597
internal_count=16171 12121 10320 4050 1801 453 3597
is_linear=0
shrinkage=0.00834467


Tree=509
num_leaves=8
num_cat=0
split_feature=6 6 6 17 7 48 53
split_gain=19.8637 20.1183 23.0627 14.2317 11.9873 9.83718 9.05339
threshold=10.500000000000002 11.500000000000002 14.500000000000002 0.39824200000000004 10.500000000000002 26.567572784423831 0.81506120938171456
decision_type=2 2 2 8 2 2 2
left_child=3 4 -3 5 -2 -1 -5
right_child=1 2 -4 6 -6 -7 -8
leaf_value=0.00072511797487681486 0.00040477314332347996 0.00031929910239971858 -0.00047224186972365224 0.00019153368524866578 -0.0013411450757777532 0.0022994205171427279 -0.0025165388791725737
leaf_weight=1067 336 5276 4985 2511 1480 373 89
leaf_count=1067 336 5276 4985 2511 1480 373 89
internal_value=-3.90919e-05 -0.000208529 -6.52475e-05 0.000467415 -0.00101811 0.00113292 9.88253e-05
internal_weight=16117 12077 10261 4040 1816 1440 2600
internal_count=16117 12077 10261 4040 1816 1440 2600
is_linear=0
shrinkage=0.00834467


Tree=510
num_leaves=6
num_cat=0
split_feature=27 18 47 20 7
split_gain=17.0004 12.9017 16.0238 11.6142 8.57766
threshold=23.30985260009766 24.448767662048343 24.20185470581055 32.335674285888679 16.500000000000004
decision_type=2 2 2 2 2
left_child=1 2 -1 4 -2
right_child=3 -3 -4 -5 -6
leaf_value=-0.00032361142761668437 0.00062685998751375079 -0.0032141408440147139 0.0018579196707659226 0.0027511237597813683 3.3226422995455594e-05
leaf_weight=7512 2403 104 242 127 5752
leaf_count=7512 2403 104 242 127 5752
internal_value=-1.66512e-05 -0.000294685 -0.000255524 0.000247149 0.00020815
internal_weight=16140 7858 7754 8282 8155
internal_count=16140 7858 7754 8282 8155
is_linear=0
shrinkage=0.00834467


Tree=511
num_leaves=8
num_cat=0
split_feature=27 52 18 17 33 8 18
split_gain=20.5937 16.9285 17.0987 12.3197 16.3334 10.2444 6.19735
threshold=25.407400131225589 1.2615107883420882 26.03409576416016 0.93893950000000026 24.367539405822757 1.5000000000000002 25.191869735717777
decision_type=2 2 2 8 2 2 2
left_child=1 2 -1 4 -2 -5 -3
right_child=3 6 -4 5 -6 -7 -8
leaf_value=-0.00014518754580634578 0.0048571088010205083 -0.0014906668272490929 0.0026976774179816088 -0.0011906510324760481 0.00092081140628976236 0.00050186906569250184 -0.0048206169981033905
leaf_weight=13012 77 97 149 358 1568 818 65
leaf_count=13012 77 97 149 358 1568 818 65
internal_value=-8.86043e-06 -0.000146003 -0.000113001 0.000638833 0.00110509 -1.33764e-05 -0.00282697
internal_weight=16144 13323 13161 2821 1645 1176 162
internal_count=16144 13323 13161 2821 1645 1176 162
is_linear=0
shrinkage=0.00834467


Tree=512
num_leaves=7
num_cat=1
split_feature=28 20 18 14 54 0
split_gain=21.8787 15.0671 15.1738 9.96278 15.5648 10.9336
threshold=25.438578604089361 26.857735633850101 25.976819038391117 1.1552303173889189 0.79014199330266799 0
decision_type=2 2 2 8 2 9
left_child=1 2 -1 4 -2 -5
right_child=3 -3 -4 5 -6 -7
leaf_value=-0.00013562499865426932 0.00085773995266741842 -0.0038782722407638593 0.0023104154280604691 0.0010640846609848587 0.0057596551399770454 -2.3499450330126681e-05
leaf_weight=13108 138 74 179 1348 67 1232
leaf_count=13108 138 74 179 1348 67 1232
internal_value=1.66582e-05 -0.000123585 -0.000102671 0.00068947 0.00246003 0.000548777
internal_weight=16146 13361 13287 2785 205 2580
internal_count=16146 13361 13287 2785 205 2580
cat_boundaries=0 1
cat_threshold=21120
is_linear=0
shrinkage=0.00834467


Tree=513
num_leaves=8
num_cat=1
split_feature=18 55 0 52 8 14 34
split_gain=17.2414 12.5209 12.9891 9.39288 10.4252 8.7653 7.46172
threshold=23.775609016418461 1.6797837711283303 0 0.93439982108634068 1.5000000000000002 1.5979364959911757 26.688508033752445
decision_type=2 2 9 2 2 10 2
left_child=3 2 -2 4 -1 -5 -3
right_child=1 6 -4 5 -6 -7 -8
leaf_value=0.00062289999864596627 0.00076457629094266275 0.00080094676870356193 -7.4230206650950625e-07 -0.0038633456000351134 -0.00027683499159230604 -9.2583947935618108e-05 0.0047139826780676309
leaf_weight=1006 2460 65 4130 94 8257 79 71
leaf_count=1006 2460 65 4130 94 8257 79 71
internal_value=1.50076e-05 0.00033783 0.000286105 -0.000215101 -0.00017912 -0.00214154 0.00284397
internal_weight=16162 6726 6590 9436 9263 173 136
internal_count=16162 6726 6590 9436 9263 173 136
cat_boundaries=0 1
cat_threshold=28800
is_linear=0
shrinkage=0.00834467


Tree=514
num_leaves=8
num_cat=1
split_feature=6 6 6 54 0 14 7
split_gain=20.9677 23.8401 32.3031 21.8083 13.6532 11.1082 8.23277
threshold=10.500000000000002 12.500000000000002 14.500000000000002 0.73791090815877003 0 1.5825297031890553 43.500000000000007
decision_type=2 2 2 2 9 10 2
left_child=4 3 -3 -2 5 -1 -6
right_child=1 2 -4 -5 6 -7 -8
leaf_value=0.00029113026697765321 -0.00053320504192463849 0.00067331075595075088 -0.00037727197362307397 -0.0026085717716599994 0.00042577908427584015 0.0016806986309262323 -0.00062944088962769127
leaf_weight=697 3282 3428 5026 395 1642 942 750
leaf_count=697 3282 3428 5026 395 1642 942 750
internal_value=-2.19806e-05 -0.000195239 4.87276e-05 -0.000756157 0.000499429 0.00108317 9.45236e-05
internal_weight=16162 12131 8454 3677 4031 1639 2392
internal_count=16162 12131 8454 3677 4031 1639 2392
cat_boundaries=0 1
cat_threshold=23298
is_linear=0
shrinkage=0.00834467


Tree=515
num_leaves=7
num_cat=0
split_feature=18 12 26 55 54 44
split_gain=17.1928 17.2217 17.6901 9.53723 14.977 4.64531
threshold=24.957457542419437 2.5000000000000004 23.913474082946781 0.40661825229896958 0.31763046307054194 21.468225478728034
decision_type=2 2 2 2 2 2
left_child=3 2 -2 5 -5 -1
right_child=1 -3 -4 4 -6 -7
leaf_value=-0.00087363791570202573 -0.0023162813910685542 0.0045639408195911535 0.00053847943999144987 0.0013832109775902335 -3.5876581187686024e-05 -0.00025694634403688657
leaf_weight=974 158 71 3482 591 4185 6710
leaf_count=974 158 71 3482 591 4185 6710
internal_value=-4.61427e-06 0.000493957 0.000414558 -0.000153106 0.000139729 -0.000335117
internal_weight=16171 3711 3640 12460 4776 7684
internal_count=16171 3711 3640 12460 4776 7684
is_linear=0
shrinkage=0.00834467


Tree=516
num_leaves=8
num_cat=1
split_feature=46 17 27 0 18 55 56
split_gain=18.4409 12.0788 13.7876 9.95059 5.27037 4.6951 0.678899
threshold=22.867424011230472 -0.78584999999999994 26.63007736206055 0 21.087455749511722 1.09768053753281 0.034188270568847663
decision_type=2 8 2 9 2 2 2
left_child=4 2 -2 -3 6 -6 -1
right_child=1 3 -4 -5 5 -7 -8
leaf_value=-0.0022672649810429636 0.00043952541173197725 0.00034475699406778603 0.0021744983775450963 -0.00024106865622535416 -0.00028813275758004419 -0.002060122773177023 -0.0012016301244628148
leaf_weight=97 1378 4535 415 3624 5847 106 73
leaf_count=97 1378 4535 415 3624 5847 106 73
internal_value=-7.33996e-07 0.000220959 0.000841104 8.46767e-05 -0.000361062 -0.000319688 -0.00180976
internal_weight=16075 9952 1793 8159 6123 5953 170
internal_count=16075 9952 1793 8159 6123 5953 170
cat_boundaries=0 1
cat_threshold=27138
is_linear=0
shrinkage=0.00834467


Tree=517
num_leaves=7
num_cat=0
split_feature=9 6 7 55 34 39
split_gain=18.5775 16.1145 14.5173 8.44016 6.95059 6.01916
threshold=23.440654754638675 8.5000000000000018 41.500000000000007 1.228987702458288 26.87490272521973 24.804330825805668
decision_type=2 2 2 2 2 2
left_child=3 4 -3 5 -2 -1
right_child=1 2 -4 -5 -6 -7
leaf_value=-0.00021011964654677295 0.0013035212367508825 0.0004404818159695396 -0.00038094032396777521 -0.0024604663420757689 0.0038704683087990989 -0.0019082090273009975
leaf_weight=8108 336 5167 2110 121 94 148
leaf_count=8108 336 5167 2110 121 94 148
internal_value=-6.08214e-07 0.000295062 0.000202306 -0.00027263 0.00186474 -0.000240562
internal_weight=16084 7707 7277 8377 430 8256
internal_count=16084 7707 7277 8377 430 8256
is_linear=0
shrinkage=0.00834467


Tree=518
num_leaves=8
num_cat=0
split_feature=6 6 51 39 33 55 7
split_gain=20.1611 20.09 21.2059 15.0837 17.0486 12.1103 9.43567
threshold=10.500000000000002 11.500000000000002 26.955186335349939 28.506158828735355 29.94389629364014 1.228987702458288 10.500000000000002
decision_type=2 2 2 2 2 2 2
left_child=3 6 -3 5 -5 -1 -2
right_child=1 2 -4 4 -6 -7 -8
leaf_value=0.00043782008754244221 0.00027647120023886903 1.1980373219513255e-05 -0.0032694943210285188 0.0059507539202358524 0.0012484268679162655 -0.0025062153748497823 -0.0012857801302579143
leaf_weight=3583 331 10149 139 68 255 100 1442
leaf_count=3583 331 10149 139 68 255 100 1442
internal_value=-3.38318e-06 -0.000173741 -3.23583e-05 0.000509519 0.00223854 0.000357878 -0.000994125
internal_weight=16067 12061 10288 4006 323 3683 1773
internal_count=16067 12061 10288 4006 323 3683 1773
is_linear=0
shrinkage=0.00834467


Tree=519
num_leaves=8
num_cat=0
split_feature=6 6 6 9 49 10 17
split_gain=18.3377 23.1913 34.7699 14.8007 11.8385 11.0427 7.75513
threshold=10.500000000000002 12.500000000000002 14.500000000000002 27.074039459072271 27.866635322556643 1.5000000000000002 -2.0776829999999995
decision_type=2 2 2 2 2 2 10
left_child=3 5 -3 6 -5 -2 -1
right_child=1 2 -4 4 -6 -7 -8
leaf_value=-0.00016775225049902125 -0.00046160079663680551 0.00072308326503486983 -0.0003665790654983767 0.0041528886664009635 0.0011282541788012988 -0.0015514705235489927 0.00062885464272675266
leaf_weight=1446 2736 3466 4953 117 392 848 2068
leaf_count=1446 2736 3466 4953 117 392 848 2068
internal_value=6.1187e-06 -0.000157299 8.2022e-05 0.00049369 0.00182357 -0.000719475 0.000301054
internal_weight=16026 12003 8419 4023 509 3584 3514
internal_count=16026 12003 8419 4023 509 3584 3514
is_linear=0
shrinkage=0.00834467


Tree=520
num_leaves=7
num_cat=0
split_feature=18 55 55 44 6 3
split_gain=17.0297 19.8102 17.5718 10.3701 7.2323 2.91273
threshold=26.03409576416016 1.6797837711283303 1.1440054897441951 21.490017890930179 15.500000000000002 0.33264700000000008
decision_type=2 2 2 2 2 2
left_child=3 2 -2 5 -5 -1
right_child=1 -3 -4 4 -6 -7
leaf_value=-0.0014550486214489067 0.00088433636287605765 0.0045129345336041285 -0.0017302838859706939 4.945177856836652e-05 -0.00045186364381102375 -0.00057620853553204464
leaf_weight=372 1410 93 205 10769 2462 893
leaf_count=372 1410 93 205 10769 2462 893
internal_value=-1.9986e-05 0.000768113 0.000552441 -0.000112845 -4.38323e-05 -0.000834659
internal_weight=16204 1708 1615 14496 13231 1265
internal_count=16204 1708 1615 14496 13231 1265
is_linear=0
shrinkage=0.00834467


Tree=521
num_leaves=8
num_cat=1
split_feature=6 6 6 17 31 53 0
split_gain=17.4369 21.3402 18.3963 13.7606 9.45792 7.95184 7.73761
threshold=10.500000000000002 11.500000000000002 14.500000000000002 0.39824200000000004 25.366518020629886 0.81506120938171456 0
decision_type=2 2 2 8 2 2 9
left_child=3 4 -3 6 -2 -5 -1
right_child=1 2 -4 5 -6 -7 -8
leaf_value=0.0017318562020280806 -0.0013437238736375417 0.00032832953067996555 -0.00037737069785810315 0.00019438275458887202 7.8100474328384148e-05 -0.0024306051502605889 0.00047761510344853742
leaf_weight=722 1364 5250 5043 2516 428 83 693
leaf_count=722 1364 5250 5043 2516 428 83 693
internal_value=-5.46411e-06 -0.000163738 -1.74245e-05 0.000471052 -0.00100414 0.000110544 0.00113321
internal_weight=16099 12085 10293 4014 1792 2599 1415
internal_count=16099 12085 10293 4014 1792 2599 1415
cat_boundaries=0 1
cat_threshold=29504
is_linear=0
shrinkage=0.00834467


Tree=522
num_leaves=8
num_cat=0
split_feature=29 52 53 34 17 25 16
split_gain=16.7447 15.4021 13.7187 9.04118 8.4805 12.7302 10.3758
threshold=26.485715866088871 1.1554441099334991 1.1519340848350235 23.759676933288578 0.58255950000000034 26.71972751617432 -1.0988559999999994
decision_type=2 2 2 2 10 2 10
left_child=1 2 -1 -3 6 -6 -2
right_child=4 3 -4 -5 5 -7 -8
leaf_value=-5.6525104606463728e-05 0.00092525728260951909 -0.0039778831475524327 0.0027533106158255005 -0.00068532350334215468 0.0019635097285416411 -0.0028071696799408371 0.0036059772264574672
leaf_weight=14562 982 107 122 127 66 95 112
leaf_count=14562 982 107 122 127 66 95 112
internal_value=1.08523e-05 -6.70266e-05 -3.31782e-05 -0.002191 0.000936581 -0.000851487 0.00119973
internal_weight=16173 14918 14684 234 1255 161 1094
internal_count=16173 14918 14684 234 1255 161 1094
is_linear=0
shrinkage=0.00834467


Tree=523
num_leaves=8
num_cat=0
split_feature=18 6 7 6 9 8 49
split_gain=17.4701 14.6296 20.8475 20.7891 7.1935 6.1952 0.705732
threshold=23.775609016418461 14.500000000000002 19.500000000000004 13.500000000000002 21.085356712341312 1.5000000000000002 21.18608484268189
decision_type=2 2 2 2 2 2 2
left_child=4 3 -3 -2 6 -6 -1
right_child=1 2 -4 -5 5 -7 -8
leaf_value=-0.0021970520620339272 0.00031204567888813315 0.0007981371529308676 -0.0013627672932909412 0.0017618511496070202 0.00041218591884762356 -0.0002640570958066495 -0.0011286403465241015
leaf_weight=124 4567 533 746 811 1067 8139 66
leaf_count=124 4567 533 746 811 1067 8139 66
internal_value=1.2861e-05 0.000339908 -0.00046225 0.000530678 -0.00021885 -0.000185678 -0.001826
internal_weight=16053 6657 1279 5378 9396 9206 190
internal_count=16053 6657 1279 5378 9396 9206 190
is_linear=0
shrinkage=0.00834467


Tree=524
num_leaves=8
num_cat=0
split_feature=18 7 54 3 24 10 18
split_gain=16.8499 13.8087 14.1655 13.551 9.98185 7.60557 4.54191
threshold=26.347520828247074 49.500000000000007 1.6018466907557627 1.9038630000000003 21.822082519531254 3.5000000000000004 21.087455749511722
decision_type=2 2 2 2 2 2 2
left_child=4 2 -2 -3 6 -6 -1
right_child=1 3 -4 -5 5 -7 -8
leaf_value=-0.0018868534226185556 0.0010295681915268725 0.00033863435577701216 0.0050444129069933752 -0.0041893478691902844 -6.0954179533784492e-05 0.00074138799297532526 -0.00050263291854120125
leaf_weight=180 1043 152 65 66 11681 885 1988
leaf_count=180 1043 152 65 66 11681 885 1988
internal_value=-1.35765e-05 0.000887417 0.00126514 -0.00103235 -9.46627e-05 -4.44619e-06 -0.000617567
internal_weight=16060 1326 1108 218 14734 12566 2168
internal_count=16060 1326 1108 218 14734 12566 2168
is_linear=0
shrinkage=0.00834467


Tree=525
num_leaves=7
num_cat=1
split_feature=10 53 53 19 6 0
split_gain=18.3919 18.3584 16.8187 35.2023 12.5231 11.1992
threshold=3.5000000000000004 1.5637347526849001 1.0028078801907936 25.938222885131839 10.500000000000002 0
decision_type=2 2 2 2 2 9
left_child=1 4 5 -4 -1 -2
right_child=2 -3 3 -5 -6 -7
leaf_value=0.00038250391659824849 -0.00069557331625700409 -0.0032797572970476767 0.0078947963730054693 -0.00020139105647017712 -0.00018109160674875622 0.0012078126808456606
leaf_weight=3639 304 123 71 79 11179 697
leaf_count=3639 304 123 71 79 11179 697
internal_value=8.96608e-06 -6.93348e-05 0.00102537 0.00363107 -4.26838e-05 0.000634877
internal_weight=16092 14941 1151 150 14818 1001
internal_count=16092 14941 1151 150 14818 1001
cat_boundaries=0 1
cat_threshold=1164
is_linear=0
shrinkage=0.00834467


Tree=526
num_leaves=8
num_cat=0
split_feature=6 6 6 16 7 39 7
split_gain=18.4499 21.2614 16.433 12.1503 11.9768 11.2047 10.0368
threshold=10.500000000000002 11.500000000000002 14.500000000000002 4.8253615000000005 4.5000000000000009 28.506158828735355 53.500000000000007
decision_type=2 2 2 8 2 2 2
left_child=3 4 -3 5 -2 -1 -5
right_child=1 2 -4 6 -6 -7 -8
leaf_value=0.00069569546075858176 0.0011955634299174458 0.00030958097202384732 -0.00035731593452595882 0.0001877650812916554 -0.001209602784827587 0.0026388765122412768 -0.0018424620953557012
leaf_weight=2033 158 5256 5040 1510 1646 230 191
leaf_count=2033 158 5256 5040 1510 1646 230 191
internal_value=-1.4256e-06 -0.000163291 -1.68721e-05 0.000492663 -0.000998945 0.000893201 -4.0212e-05
internal_weight=16064 12100 10296 3964 1804 2263 1701
internal_count=16064 12100 10296 3964 1804 2263 1701
is_linear=0
shrinkage=0.00834467


Tree=527
num_leaves=7
num_cat=1
split_feature=9 53 25 44 0 55
split_gain=15.5132 21.4824 12.9431 10.7022 9.2612 3.27883
threshold=26.633753776550297 1.355801169640211 26.115293502807621 21.490017890930179 0 0.81417942773765717
decision_type=2 2 2 2 9 2
left_child=3 2 -2 5 -5 -1
right_child=1 -3 -4 4 -6 -7
leaf_value=-0.00074088264709568368 0.0037193065140339685 -0.0029501651600640829 0.00089957650795441152 -0.00049352553250434116 6.034252236646619e-05 -0.0026500367593072912
leaf_weight=1228 130 92 885 2582 11118 66
leaf_count=1228 130 92 885 2582 11118 66
internal_value=-4.24963e-05 0.000910774 0.00126076 -0.000112876 -4.43599e-05 -0.000838277
internal_weight=16101 1107 1015 14994 13700 1294
internal_count=16101 1107 1015 14994 13700 1294
cat_boundaries=0 1
cat_threshold=1284
is_linear=0
shrinkage=0.00834467


Tree=528
num_leaves=8
num_cat=0
split_feature=46 6 7 34 7 7 34
split_gain=15.5053 12.7645 12.8664 9.66721 6.10504 5.10359 4.97563
threshold=22.867424011230472 8.5000000000000018 51.500000000000007 26.87490272521973 30.500000000000004 14.500000000000002 22.340536117553714
decision_type=2 2 2 2 2 2 2
left_child=4 3 -3 -2 5 -1 -6
right_child=1 2 -4 -5 6 -7 -8
leaf_value=-0.00044762114422821747 0.00093137361720114782 0.00023869202856303818 -0.00070891627415662999 0.0039130114400118213 -0.00086294145028927276 0.00023130968047836175 -0.00017104794145109771
leaf_weight=1422 373 8303 1134 95 1930 1684 1158
leaf_count=1422 373 8303 1134 95 1930 1684 1158
internal_value=-1.3257e-05 0.000191532 0.000124822 0.00153669 -0.000340741 -7.95213e-05 -0.000603483
internal_weight=16099 9905 9437 468 6194 3106 3088
internal_count=16099 9905 9437 468 6194 3106 3088
is_linear=0
shrinkage=0.00834467


Tree=529
num_leaves=8
num_cat=0
split_feature=44 56 55 17 52 16 24
split_gain=17.3807 13.4285 17.8102 11.6443 11.2268 11.2228 7.55854
threshold=24.055945396423343 0.088263511657711305 1.4931445965129371 0.67256600000000011 1.1554441099334991 -1.4758414999999994 21.322555541992191
decision_type=2 2 2 8 2 10 2
left_child=4 3 -3 -2 6 -6 -1
right_child=1 2 -4 -5 5 -7 -8
leaf_value=-0.00097997641626057703 0.00061924845705502336 0.00075962844549712285 0.0046887933327156165 -0.00027342120565483315 -0.0045588772374579797 -6.0603142474708357e-05 -0.00010958786513069418
leaf_weight=753 1715 1835 84 2502 82 73 8980
leaf_count=753 1715 1835 84 2502 82 73 8980
internal_value=4.08235e-06 0.000352956 0.000931642 8.96167e-05 -0.000212412 -0.00244047 -0.000176927
internal_weight=16024 6136 1919 4217 9888 155 9733
internal_count=16024 6136 1919 4217 9888 155 9733
is_linear=0
shrinkage=0.00834467


Tree=530
num_leaves=8
num_cat=0
split_feature=6 6 6 9 53 7 15
split_gain=16.6917 19.188 32.9365 14.495 13.8567 13.6608 7.78321
threshold=10.500000000000002 12.500000000000002 14.500000000000002 26.924660682678226 0.85846140550493077 50.500000000000007 0.97191237280235243
decision_type=2 2 2 2 2 2 10
left_child=3 4 -3 6 -2 -5 -1
right_child=1 2 -4 5 -6 -7 -8
leaf_value=-0.00019875090404032693 -0.00056157900923791131 0.00067718448879751738 -0.00038299317329036544 0.0023540935644065244 -0.0029495717231378823 -0.0012339632319866155 0.00059396763891383128
leaf_weight=1499 3421 3437 5022 435 178 89 2031
leaf_count=1499 3421 3437 5022 435 178 89 2031
internal_value=-1.36223e-05 -0.000169358 4.77709e-05 0.00044959 -0.000679692 0.00174466 0.000257343
internal_weight=16112 12058 8459 4054 3599 524 3530
internal_count=16112 12058 8459 4054 3599 524 3530
is_linear=0
shrinkage=0.00834467


Tree=531
num_leaves=8
num_cat=0
split_feature=27 46 54 52 6 7 33
split_gain=15.0223 12.7831 18.1685 12.9728 11.6377 10.2111 6.46401
threshold=23.29107761383057 24.558264732360843 0.40564392824946 1.1554441099334991 8.5000000000000018 51.500000000000007 26.868818282697756
decision_type=2 2 2 2 2 2 2
left_child=1 3 -3 -1 6 -6 -2
right_child=4 2 -4 -5 5 -7 -8
leaf_value=-0.00026436135970654597 0.0010438269281190758 0.0052745735268619085 -0.00040745009904799302 -0.0040080877587735314 0.00030363972489029343 -0.00060633686399818231 0.0034803054777285351
leaf_weight=7528 335 70 89 65 6886 981 98
leaf_count=7528 335 70 89 65 6886 981 98
internal_value=1.67683e-05 -0.000247378 0.00209424 -0.000296415 0.000263474 0.000190167 0.00159534
internal_weight=16052 7752 159 7593 8300 7867 433
internal_count=16052 7752 159 7593 8300 7867 433
is_linear=0
shrinkage=0.00834467


Tree=532
num_leaves=8
num_cat=1
split_feature=17 0 55 27 54 43 55
split_gain=15.0955 15.471 17.4541 11.1749 8.26344 7.52949 4.48528
threshold=-0.84171599999999991 0 1.6797837711283303 26.729583740234379 1.1357041280018021 26.822562217712406 0.91957383711915119
decision_type=8 9 2 2 2 2 2
left_child=3 2 -2 5 -3 -1 -5
right_child=1 4 -4 6 -6 -7 -8
leaf_value=0.00045672836667320709 3.9870006084466924e-05 -0.00044535397631325556 0.0038606552369358478 0.0014818470120557354 -0.0021806494290684524 -0.0022244419861501331 0.0038137504777352041
leaf_weight=1803 9270 4284 84 320 200 76 70
leaf_count=1803 9270 4284 84 320 200 76 70
internal_value=-1.58014e-05 -0.000119246 7.41058e-05 0.000615075 -0.000521595 0.000348272 0.00190048
internal_weight=16107 13838 9354 2269 4484 1879 390
internal_count=16107 13838 9354 2269 4484 1879 390
cat_boundaries=0 1
cat_threshold=27147
is_linear=0
shrinkage=0.00834467


Tree=533
num_leaves=7
num_cat=1
split_feature=26 24 17 0 14 54
split_gain=14.749 20.1123 28.8268 12.5973 16.3265 12.6047
threshold=26.72652626037598 26.107253074646 0.97010750000000023 0 1.1116108093702859 1.1992826704856399
decision_type=2 2 10 9 8 2
left_child=3 -2 -3 4 -1 -5
right_child=1 2 -4 5 -6 -7
leaf_value=0.003843111248443908 0.0046103027379572172 0.0010812420729207812 -0.0035645006645698995 -0.00016417726216563146 0.00028045884081369344 -0.0023836619790702147
leaf_weight=92 95 879 104 11377 3379 181
leaf_count=92 95 879 104 11377 3379 181
internal_value=1.22104e-06 0.000944057 0.000589699 -6.64073e-05 0.000373822 -0.000198765
internal_weight=16107 1078 983 15029 3471 11558
internal_count=16107 1078 983 15029 3471 11558
cat_boundaries=0 1
cat_threshold=10752
is_linear=0
shrinkage=0.00834467


Tree=534
num_leaves=7
num_cat=1
split_feature=45 0 10 21 7 55
split_gain=15.9439 13.0051 10.7408 7.32262 5.00128 4.55656
threshold=22.056207656860355 0 3.5000000000000004 23.3297872543335 30.500000000000004 0.57907435027063192
decision_type=2 9 2 2 2 2
left_child=3 2 -2 4 -1 -3
right_child=1 5 -4 -5 -6 -7
leaf_value=-0.00012551311421918045 0.00026796346288471723 -0.00029374967580090232 0.0014199111508675206 -0.0029778577134261814 -0.00080123955819929194 0.00026871127462820975
leaf_weight=1514 6628 4435 616 83 1537 1296
leaf_count=1514 6628 4435 616 83 1537 1296
internal_value=1.70595e-06 0.000130729 0.000365418 -0.000532459 -0.000465925 -0.000166265
internal_weight=16109 12975 7244 3134 3051 5731
internal_count=16109 12975 7244 3134 3051 5731
cat_boundaries=0 1
cat_threshold=31362
is_linear=0
shrinkage=0.00834467


Tree=535
num_leaves=8
num_cat=0
split_feature=8 28 54 6 6 7 7
split_gain=16.4229 14.133 15.6146 12.6651 36.4214 24.3381 6.92169
threshold=1.5000000000000002 25.499562263488773 1.2656684765438151 14.500000000000002 12.500000000000002 16.500000000000004 19.500000000000004
decision_type=2 2 2 2 2 2 2
left_child=3 2 -2 4 -1 -5 -3
right_child=1 6 -4 5 -6 -7 -8
leaf_value=0.00016070840763533509 -0.00021055628378937707 0.0013724592112165682 -0.003262696503162237 0.0014665061683156405 0.0021600940603643377 -0.0020892230135260577 0.00020630326783245586
leaf_weight=2403 10668 535 118 223 862 336 1050
leaf_count=2403 10668 535 118 223 862 336 1050
internal_value=1.19114e-05 -0.000135829 -0.00024395 0.000489866 0.000688576 -0.000670747 0.000599933
internal_weight=16195 12371 10786 3824 3265 559 1585
internal_count=16195 12371 10786 3824 3265 559 1585
is_linear=0
shrinkage=0.00834467


Tree=536
num_leaves=8
num_cat=0
split_feature=6 6 6 54 9 49 17
split_gain=14.2128 20.3511 34.1717 18.2556 12.4202 16.4934 6.86545
threshold=10.500000000000002 12.500000000000002 14.500000000000002 0.73791090815877003 27.074039459072271 27.866635322556643 -2.4940664999999993
decision_type=2 2 2 2 2 2 10
left_child=4 3 -3 -2 6 -6 -1
right_child=1 2 -4 -5 5 -7 -8
leaf_value=-0.00018711197029648509 -0.00045588602674223919 0.00072074090873054913 -0.00035556673729844531 -0.0023664009998611121 0.0044883185064616832 0.0008468471817753198 0.00056206143694070951
leaf_weight=1427 3254 3478 5017 390 112 382 2113
leaf_count=1427 3254 3478 5017 390 112 382 2113
internal_value=3.91732e-06 -0.000138686 8.50926e-05 -0.000660365 0.000433036 0.00167252 0.000260064
internal_weight=16173 12139 8495 3644 4034 494 3540
internal_count=16173 12139 8495 3644 4034 494 3540
is_linear=0
shrinkage=0.00834467


Tree=537
num_leaves=7
num_cat=1
split_feature=47 0 14 52 54 9
split_gain=14.4601 10.7535 13.8975 8.6049 5.88499 3.16969
threshold=22.093097686767582 0 0.83502133836730297 1.1554441099334991 0.99558091094281964 21.085356712341312
decision_type=2 9 8 2 2 2
left_child=4 2 -2 -3 5 -1
right_child=1 3 -4 -5 -6 -7
leaf_value=-0.0016268421863999255 0.0034792342424536851 -5.6854669035643958e-05 0.00034063465486324537 -0.0025098228396630631 -0.0026940573317979781 -0.00038387952423651162
leaf_weight=150 100 7045 5548 101 83 2999
leaf_count=150 100 7045 5548 101 83 2999
internal_value=-2.1958e-06 0.000123788 0.00039551 -9.13998e-05 -0.000500906 -0.000443092
internal_weight=16026 12794 5648 7146 3232 3149
internal_count=16026 12794 5648 7146 3232 3149
cat_boundaries=0 1
cat_threshold=31360
is_linear=0
shrinkage=0.00834467


Tree=538
num_leaves=8
num_cat=0
split_feature=46 6 6 34 24 17 9
split_gain=13.0916 11.3053 10.3024 7.15953 5.86633 4.07919 2.54887
threshold=22.867424011230472 8.5000000000000018 12.500000000000002 26.87490272521973 21.322555541992191 -0.36609750000000002 21.034483909606937
decision_type=2 2 2 2 2 10 2
left_child=4 3 -3 -2 6 -6 -1
right_child=1 2 -4 -5 5 -7 -8
leaf_value=-0.0023833027793690709 0.00090654037431914442 -0.0001392235095792316 0.00041442386906929843 0.0034205840263013833 -8.269778905071444e-05 -0.00060311803040376927 -0.00083743174256355234
leaf_weight=84 388 5120 4311 99 4044 1416 641
leaf_count=84 388 5120 4311 99 4044 1416 641
internal_value=-1.00166e-05 0.000177876 0.000113854 0.00141767 -0.000311313 -0.000217665 -0.00101657
internal_weight=16103 9918 9431 487 6185 5460 725
internal_count=16103 9918 9431 487 6185 5460 725
is_linear=0
shrinkage=0.00834467


Tree=539
num_leaves=8
num_cat=0
split_feature=18 55 49 6 54 8 34
split_gain=14.2564 15.6541 15.4137 12.5519 9.58254 11.781 6.01734
threshold=23.775609016418461 1.6797837711283303 27.130170726885503 8.5000000000000018 0.92871214547611547 1.5000000000000002 23.586192131042484
decision_type=2 2 2 2 2 2 2
left_child=4 3 -3 -2 5 -1 -6
right_child=1 2 -4 -5 6 -7 -8
leaf_value=0.0007530714913458361 0.0017231733542612045 0.0058408338151523763 0.00022002697518737558 0.00016265430086926763 -0.0028811340971225808 -0.00024327919756250973 -0.00055968836222424086
leaf_weight=919 381 70 66 6189 144 8198 169
leaf_count=919 381 70 66 6189 144 8198 169
internal_value=1.70317e-05 0.000311162 0.0031133 0.000253153 -0.000192134 -0.000142846 -0.00162776
internal_weight=16136 6706 136 6570 9430 9117 313
internal_count=16136 6706 136 6570 9430 9117 313
is_linear=0
shrinkage=0.00834467


Tree=540
num_leaves=8
num_cat=0
split_feature=6 6 6 54 16 39 53
split_gain=14.5753 22.1495 31.1058 23.0448 11.2603 12.1017 6.34201
threshold=10.500000000000002 12.500000000000002 14.500000000000002 0.73791090815877003 4.8253615000000005 28.506158828735355 0.7321673530125824
decision_type=2 2 2 2 8 2 2
left_child=4 3 -3 -2 5 -1 -6
right_child=1 2 -4 -5 6 -7 -8
leaf_value=0.00061863148720657621 -0.00045770363309551309 0.00069720059447404403 -0.00032755647154136358 -0.0026379880442646223 3.0980273918304019e-05 0.0026197533412496486 -0.00262570976734722
leaf_weight=2089 3227 3508 5006 377 1667 234 65
leaf_count=2089 3227 3508 5006 377 1667 234 65
internal_value=7.46906e-06 -0.000137442 9.46717e-05 -0.000685781 0.000440522 0.000820218 -6.87364e-05
internal_weight=16173 12118 8514 3604 4055 2323 1732
internal_count=16173 12118 8514 3604 4055 2323 1732
is_linear=0
shrinkage=0.00834467


Tree=541
num_leaves=8
num_cat=0
split_feature=6 6 6 9 53 49 17
split_gain=16.0631 21.0318 32.577 13.9965 13.6773 12.0315 8.9544
threshold=10.500000000000002 12.500000000000002 14.500000000000002 27.484950065612797 0.65751645271001391 27.866635322556643 -2.4940664999999993
decision_type=2 2 2 2 2 2 10
left_child=3 4 -3 6 -2 -5 -1
right_child=1 2 -4 5 -6 -7 -8
leaf_value=-0.00023319030228982147 -0.00049641793400512961 0.00069364332207596515 -0.00035709449274191879 0.0048914254042501217 -0.0020823385856605678 0.0012311165248938781 0.00061939266996988477
leaf_weight=1425 3227 3487 5002 75 429 376 2155
leaf_count=1425 3227 3487 5002 75 429 376 2155
internal_value=-1.88077e-06 -0.000153375 7.45141e-05 0.000454555 -0.000682517 0.00183991 0.000280027
internal_weight=16176 12145 8489 4031 3656 451 3580
internal_count=16176 12145 8489 4031 3656 451 3580
is_linear=0
shrinkage=0.00834467


Tree=542
num_leaves=7
num_cat=0
split_feature=26 14 9 2 9 7
split_gain=14.8578 15.117 12.752 11.9643 10.7664 10.5619
threshold=25.43283843994141 1.1965937898913681 26.831568716791995 9.2406990000000011 26.282295227050785 18.500000000000004
decision_type=2 8 2 2 2 2
left_child=2 3 4 -2 -1 -3
right_child=1 5 -4 -5 -6 -7
leaf_value=-0.00013444261354792099 0.00070473934475153246 0.0011310850662715995 -0.0035454670538714681 0.0045968785305749438 0.0032698134164581283 -1.7927923980629062e-05
leaf_weight=13197 111 823 76 109 65 1724
leaf_count=13197 111 823 76 109 65 1724
internal_value=-2.18465e-05 0.000534629 -0.000137289 0.00263323 -0.000117755 0.00035335
internal_weight=16105 2767 13338 220 13262 2547
internal_count=16105 2767 13338 220 13262 2547
is_linear=0
shrinkage=0.00834467


Tree=543
num_leaves=7
num_cat=0
split_feature=18 53 14 44 23 55
split_gain=13.4568 12.7651 14.2972 9.78792 8.01667 3.37992
threshold=26.03409576416016 1.355801169640211 0.9851717389068434 21.490017890930179 26.806088447570804 0.80625420854744323
decision_type=2 2 8 2 2 2
left_child=3 2 -2 5 -5 -1
right_child=1 -3 -4 4 -6 -7
leaf_value=-0.000676860098126058 0.0043589316117467287 -0.0019459913090314174 0.0007177520522313308 -3.079949104483541e-05 0.0023063615367596374 -0.0026296323494069511
leaf_weight=1220 79 118 1514 12941 103 65
leaf_count=1220 79 118 1514 12941 103 65
internal_value=2.72501e-06 0.000702179 0.000898351 -8.0796e-05 -1.23428e-05 -0.000775657
internal_weight=16040 1711 1593 14329 13044 1285
internal_count=16040 1711 1593 14329 13044 1285
is_linear=0
shrinkage=0.00834467


Tree=544
num_leaves=8
num_cat=0
split_feature=6 6 54 6 52 26 47
split_gain=14.3057 27.0366 20.879 17.733 12.2 12.7492 9.8205
threshold=14.500000000000002 13.500000000000002 0.73791090815877003 10.500000000000002 0.82058040928954312 25.679978370666507 26.751664161682132
decision_type=2 2 2 2 2 2 2
left_child=1 3 -3 -1 6 -6 -2
right_child=4 2 -4 -5 5 -7 -8
leaf_value=0.00040588260862295497 -0.00022985725462132582 0.00067780742558665955 0.0030303030919039279 -0.00032529755119463095 -0.0041064125378858446 0.00014002341166125559 -0.0025298807209248116
leaf_weight=4027 4594 1336 327 5416 121 83 133
leaf_count=4027 4594 1336 327 5416 121 83 133
internal_value=-6.77079e-06 0.000159299 0.0011404 -1.34831e-05 -0.000380806 -0.00237877 -0.000294576
internal_weight=16037 11106 1663 9443 4931 204 4727
internal_count=16037 11106 1663 9443 4931 204 4727
is_linear=0
shrinkage=0.00834467


Tree=545
num_leaves=8
num_cat=1
split_feature=17 28 0 55 40 55 52
split_gain=15.8922 13.6271 12.6432 12.7499 8.53395 7.21574 6.39485
threshold=-0.78584999999999994 27.026253700256351 0 1.6797837711283303 26.998063086752932 1.1831691056602758 0.3965508147836293
decision_type=8 2 9 2 2 2 2
left_child=1 4 3 -2 -1 -4 -3
right_child=2 6 5 -5 -6 -7 -8
leaf_value=0.00048224797050745982 5.3612089010140256e-05 0.0016118029282142423 -0.00037765769610367627 0.0032270866959828253 -0.002590607730396747 -0.0018682095079551129 0.0044607051213266429
leaf_weight=1971 9201 284 4205 89 65 239 68
leaf_count=1971 9201 284 4205 89 65 239 68
internal_value=1.79377e-05 0.000646245 -9.13096e-05 8.39276e-05 0.000384134 -0.000456796 0.00216227
internal_weight=16122 2388 13734 9290 2036 4444 352
internal_count=16122 2388 13734 9290 2036 4444 352
cat_boundaries=0 1
cat_threshold=27147
is_linear=0
shrinkage=0.00834467


Tree=546
num_leaves=7
num_cat=0
split_feature=46 12 6 18 31 54
split_gain=13.3704 12.0772 11.0065 6.2009 5.90909 0.416411
threshold=23.40046310424805 2.5000000000000004 8.5000000000000018 21.087455749511722 25.216860771179203 0.2274737631189627
decision_type=2 2 2 2 2 2
left_child=3 2 -2 5 -5 -1
right_child=1 -3 -4 4 -6 -7
leaf_value=-0.0014357991051088881 0.001643791177737547 0.0030078491905479849 0.00015669086227654413 -0.00016259170705041544 -0.0026513084330289879 -0.0022631165698944289
leaf_weight=110 363 110 7651 7728 67 69
leaf_count=110 363 110 7651 7728 67 69
internal_value=2.34902e-05 0.000261749 0.000224052 -0.00021925 -0.000183986 -0.00175481
internal_weight=16098 8124 8014 7974 7795 179
internal_count=16098 8124 8014 7974 7795 179
is_linear=0
shrinkage=0.00834467


Tree=547
num_leaves=8
num_cat=0
split_feature=6 6 6 17 53 48 7
split_gain=15.2424 19.0285 32.4833 15.6656 13.4331 8.79798 6.40047
threshold=10.500000000000002 12.500000000000002 14.500000000000002 0.39824200000000004 0.65751645271001391 26.567572784423831 50.500000000000007
decision_type=2 2 2 8 2 2 2
left_child=3 4 -3 5 -2 -1 -5
right_child=1 2 -4 6 -6 -7 -8
leaf_value=0.00077684431928954658 -0.00044826194011761384 0.00070963081996711747 -0.00033538352042249543 0.00027358210808014062 -0.002063837437101796 0.0022556608509611887 -0.00081158970784436996
leaf_weight=1066 3236 3511 5051 2157 403 380 459
leaf_count=1066 3236 3511 5051 2157 403 380 459
internal_value=2.5706e-05 -0.000121697 9.31435e-05 0.00046846 -0.000627183 0.00116548 8.3177e-05
internal_weight=16263 12201 8562 4062 3639 1446 2616
internal_count=16263 12201 8562 4062 3639 1446 2616
is_linear=0
shrinkage=0.00834467


Tree=548
num_leaves=8
num_cat=0
split_feature=6 6 6 39 54 31 54
split_gain=12.8703 17.1727 23.8737 13.4991 17.4685 16.9375 11.708
threshold=10.500000000000002 12.500000000000002 14.500000000000002 28.506158828735355 1.0949892040960993 29.898439407348636 0.73791090815877003
decision_type=2 2 2 2 2 2 2
left_child=3 6 -3 4 -1 -5 -2
right_child=1 2 -4 5 -6 -7 -8
leaf_value=0.00033390104063822401 -0.00046858800332201457 0.000588632996740495 -0.00031553323656257655 0.0057461671881080577 -0.0034284488396210512 0.0010555330515675464 -0.0019970310366549597
leaf_weight=3640 3247 3434 4986 67 88 268 391
leaf_count=3640 3247 3434 4986 67 88 268 391
internal_value=-1.69121e-05 -0.000153777 5.32208e-05 0.00038927 0.000245082 0.0019938 -0.000632865
internal_weight=16121 12058 8420 4063 3728 335 3638
internal_count=16121 12058 8420 4063 3728 335 3638
is_linear=0
shrinkage=0.00834467


Tree=549
num_leaves=8
num_cat=0
split_feature=46 10 53 54 7 55 7
split_gain=13.7885 11.326 18.5744 17.7694 5.17612 5.76298 5.35425
threshold=22.867424011230472 3.5000000000000004 1.22734178158736 0.73791090815877003 30.500000000000004 1.09768053753281 14.500000000000002
decision_type=2 2 2 2 2 2 2
left_child=4 2 -2 -3 6 -6 -1
right_child=1 3 -4 -5 5 -7 -8
leaf_value=-0.00043545767910607627 0.00015675080576147595 0.00033204574557281182 -0.0026360602012703606 0.0028124661972990781 -0.00048816286242079883 -0.0027854065600183041 0.0002624665552175482
leaf_weight=1433 8800 695 169 283 3015 78 1643
leaf_count=1433 8800 695 169 283 3015 78 1643
internal_value=4.8855e-06 0.000197106 0.000104124 0.00104982 -0.000305055 -0.000546104 -6.26721e-05
internal_weight=16116 9947 8969 978 6169 3093 3076
internal_count=16116 9947 8969 978 6169 3093 3076
is_linear=0
shrinkage=0.00834467


Tree=550
num_leaves=8
num_cat=0
split_feature=46 10 53 54 21 7 55
split_gain=12.495 10.3018 19.3579 16.0905 5.80896 5.41054 3.27596
threshold=22.944412231445316 3.5000000000000004 0.83641066221078797 0.73791090815877003 21.339884757995609 30.500000000000004 0.49265802276235254
decision_type=2 2 2 2 2 2 2
left_child=4 2 -2 -3 6 -6 -1
right_child=1 3 -4 -5 5 -7 -8
leaf_value=-0.00080964734919453877 0.00019292900790301418 0.00030752785667338212 -0.0012917885015523735 0.002714144446752676 5.4513193058829975e-05 -0.00046320048119171097 -0.002712945145413123
leaf_weight=720 8013 676 662 271 2735 2892 69
leaf_count=720 8013 676 662 271 2735 2892 69
internal_value=-2.03543e-05 0.000169842 7.96271e-05 0.000996242 -0.000305589 -0.000211566 -0.000976127
internal_weight=16038 9622 8675 947 6416 5627 789
internal_count=16038 9622 8675 947 6416 5627 789
is_linear=0
shrinkage=0.00834467


Tree=551
num_leaves=8
num_cat=1
split_feature=17 0 55 6 26 55 7
split_gain=14.8228 12.7716 17.9447 10.6778 8.05802 7.43293 4.65701
threshold=-0.84171599999999991 0 1.6797837711283303 14.500000000000002 26.72652626037598 1.2658124336981296 5.5000000000000009
decision_type=8 9 2 2 2 2 2
left_child=3 2 -2 5 -3 -1 -5
right_child=1 4 -4 6 -6 -7 -8
leaf_value=0.00087719502063258147 4.4022861429981491e-05 -0.00052105467510249264 0.0038511390162554358 0.0015441358251069774 0.0017360643703803419 0.0035679499640049951 -0.00052685464547232738
leaf_weight=1523 9390 4335 87 87 113 75 577
leaf_count=1523 9390 4335 87 87 113 75 577
internal_value=7.40335e-06 -9.43715e-05 7.88933e-05 0.000633933 -0.000462669 0.0010035 -0.000255486
internal_weight=16187 13925 9477 2262 4448 1598 664
internal_count=16187 13925 9477 2262 4448 1598 664
cat_boundaries=0 1
cat_threshold=27147
is_linear=0
shrinkage=0.00834467


Tree=552
num_leaves=8
num_cat=1
split_feature=47 0 14 54 7 53 54
split_gain=12.301 10.6046 10.6173 8.33439 6.94883 6.80389 5.79243
threshold=22.272068023681644 0 0.83502133836730297 1.1992826704856399 33.500000000000007 0.37701264427270115 0.57423194835835367
decision_type=2 9 8 2 2 2 2
left_child=4 2 -2 -3 5 -1 -6
right_child=1 3 -4 -5 6 -7 -8
leaf_value=-0.00028692352571314605 0.0031899291056085616 -5.0135993198001022e-05 0.00036125528456870166 -0.0024774333058415888 -0.000660989437677795 0.00099669202641342568 -0.0025465547346206221
leaf_weight=1834 94 6535 5393 100 1617 341 122
leaf_count=1834 94 6535 5393 100 1617 341 122
internal_value=6.66384e-06 0.000137991 0.000408975 -8.65923e-05 -0.000400068 -8.56727e-05 -0.000793285
internal_weight=16036 12122 5487 6635 3914 2175 1739
internal_count=16036 12122 5487 6635 3914 2175 1739
cat_boundaries=0 1
cat_threshold=31360
is_linear=0
shrinkage=0.00834467


Tree=553
num_leaves=7
num_cat=1
split_feature=0 9 6 53 55 9
split_gain=14.6462 12.0607 11.2804 6.84549 5.54257 1.53526
threshold=0 21.254704474621587 14.500000000000002 1.355801169640211 0.62143305964614615 21.085356712341312
decision_type=9 2 2 2 2 2
left_child=3 5 -3 4 -1 -2
right_child=1 2 -4 -5 -6 -7
leaf_value=-0.00055054062075564163 -0.0021748218840711079 0.00035109391098226734 -0.0002009478598509075 -0.00295247419918215 0.00032377210574159967 -0.00096276347087071422
leaf_weight=3051 138 8347 3729 75 605 154
leaf_count=3051 138 8347 3729 75 605 154
internal_value=1.71084e-06 0.000139992 0.000180627 -0.000455835 -0.000405858 -0.00153564
internal_weight=16099 12368 12076 3731 3656 292
internal_count=16099 12368 12076 3731 3656 292
cat_boundaries=0 1
cat_threshold=1348
is_linear=0
shrinkage=0.00834467


Tree=554
num_leaves=8
num_cat=1
split_feature=17 0 6 14 59 54 54
split_gain=14.0661 12.8844 11.4861 9.39375 7.99273 6.38609 3.67196
threshold=-0.84171599999999991 0 14.500000000000002 1.1401993873399752 5.5000000000000009 1.2656684765438151 0.7457858179766268
decision_type=8 9 2 8 2 2 2
left_child=2 3 4 -2 -1 -3 -4
right_child=1 5 6 -5 -6 -7 -8
leaf_value=0.00087436962779441948 0.0010035444561597229 -0.00040388429942569965 -0.00047887894770476657 5.5491667602159645e-06 0.0036653490417140376 -0.0020917857290041787 0.0015488448099918492
leaf_weight=1506 711 4268 629 8606 75 162 69
leaf_count=1506 711 4268 629 8606 75 162 69
internal_value=5.99188e-06 -9.46668e-05 0.000613166 8.16217e-05 0.00100679 -0.000464565 -0.000278412
internal_weight=16026 13747 2279 9317 1581 4430 698
internal_count=16026 13747 2279 9317 1581 4430 698
cat_boundaries=0 1
cat_threshold=27147
is_linear=0
shrinkage=0.00834467


Tree=555
num_leaves=8
num_cat=1
split_feature=17 0 27 54 14 52 52
split_gain=13.1367 15.4577 11.9623 11.4217 10.1635 7.02256 4.74391
threshold=-0.84171599999999991 0 26.729583740234379 1.2656684765438151 1.1552303173889189 0.84812083641187785 0.3965508147836293
decision_type=8 9 2 2 8 2 2
left_child=2 4 5 -3 -2 -1 -4
right_child=1 3 6 -5 -6 -7 -8
leaf_value=0.00046016568594018156 0.0010631619933599986 -0.00039565212783006194 0.0014503229946549402 -0.0026324271101651887 3.7939627954686436e-05 -0.0017902438795540342 0.0036650259336563035
leaf_weight=1807 730 4341 287 165 8672 102 88
leaf_count=1807 730 4341 287 165 8672 102 88
internal_value=2.10562e-05 -7.52641e-05 0.000607579 -0.000476506 0.000117417 0.000339915 0.00197012
internal_weight=16192 13908 2284 4506 9402 1909 375
internal_count=16192 13908 2284 4506 9402 1909 375
cat_boundaries=0 1
cat_threshold=27147
is_linear=0
shrinkage=0.00834467


Tree=556
num_leaves=6
num_cat=0
split_feature=27 44 52 9 10
split_gain=13.3029 11.0146 10.7763 9.41893 9.21019
threshold=23.274158477783207 25.090613365173343 1.0216023162750458 32.756839752197273 3.5000000000000004
decision_type=2 2 2 2 2
left_child=1 2 -1 4 -2
right_child=3 -3 -4 -5 -6
leaf_value=-0.00024729713043451356 0.00010680012921375064 0.0031174863727322249 -0.0032349737634331174 0.0033682274343361258 0.00099566620400781832
leaf_weight=7572 7449 67 85 66 911
leaf_count=7572 7449 67 85 66 911
internal_value=-8.4745e-07 -0.000250989 -0.000280467 0.000228454 0.000203662
internal_weight=16150 7724 7657 8426 8360
internal_count=16150 7724 7657 8426 8360
is_linear=0
shrinkage=0.00834467


Tree=557
num_leaves=6
num_cat=0
split_feature=44 12 6 52 8
split_gain=13.2756 13.2311 10.4088 10.1354 8.09865
threshold=23.473575592041019 2.5000000000000004 8.5000000000000018 1.1554441099334991 1.5000000000000002
decision_type=2 2 2 2 2
left_child=3 2 -2 4 -1
right_child=1 -3 -4 -5 -6
leaf_value=0.00063734653267818314 0.0015821396823744317 0.0030798554719364711 0.00014793323913847597 -0.0027841917042592222 -0.00027077197550877353
leaf_weight=753 370 114 7390 106 7443
leaf_count=753 370 114 7390 106 7443
internal_value=1.23137e-05 0.000257781 0.000216319 -0.000220499 -0.000187339
internal_weight=16176 7874 7760 8302 8196
internal_count=16176 7874 7760 8302 8196
is_linear=0
shrinkage=0.00834467


Tree=558
num_leaves=8
num_cat=1
split_feature=46 50 52 16 8 47 0
split_gain=15.8591 14.4485 13.5619 11.3992 11.1688 10.9283 10.5664
threshold=24.231600761413578 23.288110160858889 1.1554441099334991 -0.8694970000000003 1.5000000000000002 24.283295631408695 0
decision_type=2 2 2 10 2 2 9
left_child=2 5 4 -4 -1 -2 -3
right_child=1 6 3 -5 -6 -7 -8
leaf_value=0.00052024353033693722 0.00069296369711449113 -0.000341077381734721 -0.0042806047535579065 0.00018227292349135818 -0.00027485888110095679 0.0055134039139474117 0.00049346540654634152
leaf_weight=1430 66 1412 103 65 8805 65 4134
leaf_count=1430 66 1412 103 65 8805 65 4134
internal_value=-8.78103e-06 0.00034597 -0.000202372 -0.00255398 -0.000163769 0.00308502 0.000281267
internal_weight=16080 5677 10403 168 10235 131 5546
internal_count=16080 5677 10403 168 10235 131 5546
cat_boundaries=0 1
cat_threshold=1353
is_linear=0
shrinkage=0.00834467


Tree=559
num_leaves=8
num_cat=0
split_feature=43 6 6 47 32 47 7
split_gain=13.5571 12.9685 12.3384 8.50114 6.32396 6.19306 4.83225
threshold=22.980176925659183 8.5000000000000018 12.500000000000002 23.586192131042484 26.946234703063968 23.996339796638186 30.500000000000004
decision_type=2 2 2 2 2 2 2
left_child=3 4 -3 6 -2 -5 -1
right_child=1 2 -4 5 -6 -7 -8
leaf_value=-8.9589454308293051e-05 0.0010881775499442547 -0.00013108048705804439 0.00048558561591739404 0.0034428536029901002 0.0035119432928713244 -7.0420154754362855e-05 -0.00054544748700549107
leaf_weight=3250 370 4972 4141 73 94 67 3227
leaf_count=3250 370 4972 4141 73 94 67 3227
internal_value=1.77341e-05 0.000218427 0.000149136 -0.000272735 0.00157926 0.00176161 -0.00031671
internal_weight=16194 9577 9113 6617 464 140 6477
internal_count=16194 9577 9113 6617 464 140 6477
is_linear=0
shrinkage=0.00834467


Tree=560
num_leaves=8
num_cat=0
split_feature=8 14 53 6 50 55 56
split_gain=12.7209 13.8032 16.6782 13.2382 10.7878 11.3653 7.42515
threshold=1.5000000000000002 0.83502133836730297 0.51550644302483672 14.500000000000002 25.824547100168704 1.2925054985735935 0.088263511657711305
decision_type=2 8 2 2 2 2 2
left_child=1 2 -1 -3 5 -2 -6
right_child=4 3 -4 -5 6 -7 -8
leaf_value=0.0009488775106519439 -0.00016277798549010951 0.00053138328419268931 0.0060301982744724132 -0.00089228303678570676 0.00024696038451039277 -0.0025898265890054784 0.0017520095840386576
leaf_weight=146 11019 3034 65 535 843 136 313
leaf_count=146 11019 3034 65 535 843 136 313
internal_value=1.71587e-05 0.000440583 0.00251442 0.000317971 -0.000112851 -0.00019237 0.000654481
internal_weight=16091 3780 211 3569 12311 11155 1156
internal_count=16091 3780 211 3569 12311 11155 1156
is_linear=0
shrinkage=0.00834467


Tree=561
num_leaves=8
num_cat=1
split_feature=0 14 6 26 32 54 48
split_gain=14.5369 25.1421 17.5359 8.7182 11.8201 11.4639 7.60761
threshold=0 1.2245632698782047 14.500000000000002 26.72652626037598 26.765561103820804 1.2656684765438151 32.343348694069348
decision_type=9 8 2 2 2 2 2
left_child=1 2 -1 5 -5 -2 -3
right_child=3 6 -4 4 -6 -7 -8
leaf_value=0.0052535159172689997 -0.00017474991348283471 0.00018985336172529747 0.00011814034706475513 0.0038769774413299736 -0.00042601460036731115 -0.0023847413711960063 0.0022349222308236973
leaf_weight=121 10578 4921 75 86 92 166 130
leaf_count=121 10578 4921 75 86 92 166 130
internal_value=-4.99207e-06 0.000355605 0.00328855 -0.000178388 0.00165306 -0.000208897 0.000242492
internal_weight=16169 5247 196 10922 178 10744 5051
internal_count=16169 5247 196 10922 178 10744 5051
cat_boundaries=0 1
cat_threshold=31232
is_linear=0
shrinkage=0.00834467


Tree=562
num_leaves=8
num_cat=0
split_feature=6 7 24 6 6 6 55
split_gain=13.2481 12.3691 18.2864 12.2379 22.4193 18.5255 9.44309
threshold=15.500000000000002 50.500000000000007 22.717634201049808 13.500000000000002 14.500000000000002 10.500000000000002 0.70338986779962476
decision_type=2 2 2 2 2 2 2
left_child=3 6 -3 5 -5 -1 -2
right_child=1 2 -4 4 -6 -7 -8
leaf_value=0.00039574504614783824 -0.00043870556929347294 -0.00073733855102102377 -0.0051342877570987001 0.0012421278921927604 -6.4147271910798044e-05 -0.00034917524578719807 0.0015052257337921182
leaf_weight=4060 2503 220 94 1692 1992 5439 187
leaf_count=4060 2503 220 94 1692 1992 5439 187
internal_value=1.35902e-05 -0.000486512 -0.00205374 0.000127548 0.000535805 -3.07862e-05 -0.000303565
internal_weight=16187 3004 314 13183 3684 9499 2690
internal_count=16187 3004 314 13183 3684 9499 2690
is_linear=0
shrinkage=0.00834467


Tree=563
num_leaves=8
num_cat=1
split_feature=45 0 55 7 49 40 53
split_gain=12.2993 11.6216 11.982 7.66651 10.473 5.27694 4.29537
threshold=22.056207656860355 0 1.6797837711283303 30.500000000000004 22.769790363311774 23.670042037963871 0.4046892930372436
decision_type=2 9 2 2 2 2 2
left_child=3 2 -2 6 -5 -3 -1
right_child=1 5 -4 4 -6 -7 -8
leaf_value=-0.00022680357599523204 0.00027484776444721944 1.5560966823946261e-05 0.0031414339535079717 -0.00072750591701631014 -0.0035582334467049691 -0.00050304255039576443 0.0011973181263490766
leaf_weight=1388 7094 3476 103 1472 97 2251 165
leaf_count=1388 7094 3476 103 1472 97 2251 165
internal_value=-2.10774e-05 9.24719e-05 0.000315439 -0.000491131 -0.00090253 -0.000187949 -7.54899e-05
internal_weight=16046 12924 7197 3122 1569 5727 1553
internal_count=16046 12924 7197 3122 1569 5727 1553
cat_boundaries=0 1
cat_threshold=31362
is_linear=0
shrinkage=0.00834467


Tree=564
num_leaves=8
num_cat=0
split_feature=6 6 6 53 9 49 15
split_gain=14.4978 19.266 29.354 13.4303 10.7104 12.1558 8.60626
threshold=10.500000000000002 12.500000000000002 14.500000000000002 0.85846140550493077 26.924660682678226 27.866635322556643 0.97191237280235243
decision_type=2 2 2 2 2 2 10
left_child=4 3 -3 -2 6 -6 -1
right_child=1 2 -4 -5 5 -7 -8
leaf_value=-0.0002467291765902942 -0.00056564829606092402 0.00063560592139579747 -0.00036504685712442146 -0.0028618113635340459 0.0037278990350317178 0.00078525076160578834 0.00059064405312796294
leaf_weight=1482 3444 3446 5008 187 130 394 2019
leaf_count=1482 3444 3446 5008 187 130 394 2019
internal_value=-3.10502e-05 -0.000175518 4.28372e-05 -0.00068391 0.000402712 0.00151535 0.000236178
internal_weight=16110 12085 8454 3631 4025 524 3501
internal_count=16110 12085 8454 3631 4025 524 3501
is_linear=0
shrinkage=0.00834467


Tree=565
num_leaves=8
num_cat=0
split_feature=6 6 6 54 39 54 33
split_gain=12.7892 17.3399 27.6733 18.2247 10.5282 18.0217 14.7902
threshold=10.500000000000002 12.500000000000002 14.500000000000002 0.76550912427142437 28.506158828735355 1.0949892040960993 29.94389629364014
decision_type=2 2 2 2 2 2 2
left_child=4 3 -3 -2 5 -1 -6
right_child=1 2 -4 -5 6 -7 -8
leaf_value=0.00034503556617857922 -0.00044727967744925378 0.0006156486027802271 -0.00035178639208832549 -0.0024196923037344636 0.005174036986858842 -0.0033945231288665589 0.00089238441713860618
leaf_weight=3634 3217 3490 5021 363 71 92 269
leaf_count=3634 3217 3490 5021 363 71 92 269
internal_value=-2.38892e-05 -0.000160034 4.49179e-05 -0.000647282 0.000380963 0.000252692 0.00178662
internal_weight=16157 12091 8511 3580 4066 3726 340
internal_count=16157 12091 8511 3580 4066 3726 340
is_linear=0
shrinkage=0.00834467


Tree=566
num_leaves=8
num_cat=1
split_feature=6 6 51 17 7 0 53
split_gain=12.5674 16.6067 16.8974 12.3445 11.7305 9.42501 7.42859
threshold=10.500000000000002 11.500000000000002 26.955186335349939 -2.4940664999999993 10.500000000000002 0 0.71997086894602191
decision_type=2 2 2 10 2 9 2
left_child=3 4 -3 6 -2 -5 -1
right_child=1 2 -4 5 -6 -7 -8
leaf_value=-3.8765713402661428e-05 0.00051983006904801014 4.3102630494068015e-05 -0.0030195944880856301 0.0015038658216822473 -0.0011887028979374629 0.00040409127428115419 -0.0028979127395791135
leaf_weight=1529 346 10137 127 831 1463 1603 66
leaf_count=1529 346 10137 127 831 1463 1603 66
internal_value=9.94919e-06 -0.000124725 5.20402e-06 0.000413502 -0.000861918 0.000787412 -0.000157092
internal_weight=16102 12073 10264 4029 1809 2434 1595
internal_count=16102 12073 10264 4029 1809 2434 1595
cat_boundaries=0 1
cat_threshold=23360
is_linear=0
shrinkage=0.00834467


Tree=567
num_leaves=8
num_cat=1
split_feature=17 0 55 27 45 56 55
split_gain=14.4211 12.0259 12.1888 9.34692 8.09873 5.91732 4.73357
threshold=-0.84171599999999991 0 1.6797837711283303 26.729583740234379 26.907618522644047 0.47107219696044927 0.93954750417317034
decision_type=8 9 2 2 2 2 2
left_child=3 5 -3 4 -1 -2 -5
right_child=1 2 -4 6 -6 -7 -8
leaf_value=0.00048521669675971206 -0.00052496146077804929 -1.1223614328035476e-05 0.00246645631989326 0.0013689065243331902 -0.0023873520460794433 -0.0025018363315589985 0.0037713898730971935
leaf_weight=1820 2536 11047 140 310 71 110 70
leaf_count=1820 2536 11047 140 310 71 110 70
internal_value=1.04252e-06 -0.000100137 1.97678e-05 0.000617339 0.000377351 -0.000604867 0.00181155
internal_weight=16104 13833 11187 2271 1891 2646 380
internal_count=16104 13833 11187 2271 1891 2646 380
cat_boundaries=0 1
cat_threshold=4548
is_linear=0
shrinkage=0.00834467


Tree=568
num_leaves=8
num_cat=0
split_feature=47 10 54 53 51 4 17
split_gain=12.0099 11.324 16.1686 12.0123 6.15844 5.78576 3.40141
threshold=22.093097686767582 3.5000000000000004 0.73791090815877003 0.83641066221078797 22.513559055345379 7.3900990000000002 1.3241850000000006
decision_type=2 2 2 2 2 2 10
left_child=4 3 -3 -2 6 -6 -1
right_child=1 2 -4 -5 5 -7 -8
leaf_value=-0.0002713555748181007 0.00011686427375078271 0.00032605634080037758 0.0026427575484192088 -0.0009870992808113585 -0.00055338438443686502 -0.0036665391716479661 -0.0012199070321831167
leaf_weight=2759 10999 787 286 732 89 78 291
leaf_count=2759 10999 787 286 732 89 78 291
internal_value=8.50941e-06 0.000123031 0.000943574 4.79775e-05 -0.000447297 -0.00200756 -0.00036186
internal_weight=16021 12804 1073 11731 3217 167 3050
internal_count=16021 12804 1073 11731 3217 167 3050
is_linear=0
shrinkage=0.00834467


Tree=569
num_leaves=8
num_cat=0
split_feature=6 6 51 7 17 59 7
split_gain=12.6632 18.5316 20.0065 10.1122 10.0259 8.02643 6.45702
threshold=10.500000000000002 11.500000000000002 26.955186335349939 5.5000000000000009 0.39824200000000004 5.5000000000000009 52.500000000000007
decision_type=2 2 2 2 8 2 2
left_child=4 3 -3 -2 5 -1 -6
right_child=1 2 -4 -5 6 -7 -8
leaf_value=0.00078314174054059445 0.00086506248835149704 3.9311473661608342e-06 -0.0033816843459381794 -0.0011647374697153676 0.00022196268827960651 0.0036419804166508071 -0.00099134347227728759
leaf_weight=1359 191 10162 123 1624 2266 72 353
leaf_count=1359 191 10162 123 1624 2266 72 353
internal_value=-3.85616e-05 -0.000173747 -3.65611e-05 -0.00095113 0.000365325 0.000927006 5.84251e-05
internal_weight=16150 12100 10285 1815 4050 1431 2619
internal_count=16150 12100 10285 1815 4050 1431 2619
is_linear=0
shrinkage=0.00834467


Tree=570
num_leaves=8
num_cat=0
split_feature=46 6 6 50 21 7 9
split_gain=11.834 9.57285 10.7122 5.46986 4.41039 3.8081 1.91643
threshold=22.867424011230472 8.5000000000000018 12.500000000000002 25.439714050327762 21.323858261108402 30.500000000000004 21.034483909606937
decision_type=2 2 2 2 2 2 2
left_child=4 3 -3 -2 6 -6 -1
right_child=1 2 -4 -5 5 -7 -8
leaf_value=-0.0019582266886674733 0.00075543482098965346 -0.0001167122644138902 0.00044643280030875999 0.0027035963444706043 4.067176901518989e-05 -0.00039962784606812295 -0.00070516076058938545
leaf_weight=98 321 5145 4333 146 2676 2798 640
leaf_count=98 321 5145 4333 146 2676 2798 640
internal_value=1.97193e-05 0.000198206 0.000140738 0.00136454 -0.000266027 -0.000184385 -0.00087158
internal_weight=16157 9945 9478 467 6212 5474 738
internal_count=16157 9945 9478 467 6212 5474 738
is_linear=0
shrinkage=0.00834467


Tree=571
num_leaves=8
num_cat=0
split_feature=6 6 6 53 53 14 51
split_gain=11.4626 27.2776 17.0094 16.7229 13.5023 9.803 8.1968
threshold=14.500000000000002 13.500000000000002 10.500000000000002 0.56833102797875334 1.0457167536228291 3.0580948407825348 26.75954847333448
decision_type=2 2 2 2 2 8 2
left_child=1 2 -1 -3 6 -6 -2
right_child=4 3 -4 -5 5 -7 -8
leaf_value=0.00037441782730277472 -0.00022770700260237026 0.00061306633550130523 -0.0003431137060797675 0.0024886489353789154 -0.0052067475762904184 -0.00074137227830998662 -0.0031453270850119014
leaf_weight=4036 4757 1222 5350 454 67 70 68
leaf_count=4036 4757 1222 5350 454 67 70 68
internal_value=-8.94824e-06 0.000140529 -3.45736e-05 0.00112114 -0.000342184 -0.00292538 -0.000268832
internal_weight=16024 11062 9386 1676 4962 137 4825
internal_count=16024 11062 9386 1676 4962 137 4825
is_linear=0
shrinkage=0.00834467


Tree=572
num_leaves=7
num_cat=1
split_feature=0 55 56 17 16 54
split_gain=13.3925 13.1712 10.5735 7.96675 9.17607 6.73593
threshold=0 1.6797837711283303 0.12819099426269712 -0.84171599999999991 3.163567 1.1357041280018021
decision_type=9 2 2 8 10 2
left_child=1 2 -1 4 -2 -5
right_child=3 -3 -4 5 -6 -7
leaf_value=6.0942136421145038e-05 0.00023423404447935975 0.0036733717778002703 0.00081502013832016127 -0.00026315724287093829 0.0034016052814986233 -0.0018261885799987626
leaf_weight=5247 1286 79 1719 7537 67 197
leaf_count=5247 1286 79 1719 7537 67 197
internal_value=1.22115e-05 0.000285049 0.000247027 -0.000199409 0.000391104 -0.000302973
internal_weight=16132 7045 6966 9087 1353 7734
internal_count=16132 7045 6966 9087 1353 7734
cat_boundaries=0 1
cat_threshold=31234
is_linear=0
shrinkage=0.00834467


Tree=573
num_leaves=6
num_cat=0
split_feature=45 9 21 10 9
split_gain=11.9301 9.66025 8.65041 8.14732 3.68509
threshold=22.056207656860355 32.756839752197273 23.3297872543335 3.5000000000000004 21.085356712341312
decision_type=2 2 2 2 2
left_child=2 3 4 -2 -1
right_child=1 -3 -4 -5 -6
leaf_value=-0.0015864771347498493 3.8665763315996121e-05 0.0033023432935341459 -0.0031817022137044172 0.00079878261449930804 -0.00031517209562555881
leaf_weight=168 11803 66 79 1071 2887
leaf_count=168 11803 66 79 1071 2887
internal_value=6.34747e-06 0.000118227 -0.000455593 0.000101901 -0.000385088
internal_weight=16074 12940 3134 12874 3055
internal_count=16074 12940 3134 12874 3055
is_linear=0
shrinkage=0.00834467


Tree=574
num_leaves=8
num_cat=0
split_feature=6 6 6 54 7 9 54
split_gain=12.2356 16.6103 22.0576 15.8366 10.7919 12.0002 10.4935
threshold=10.500000000000002 12.500000000000002 14.500000000000002 0.73791090815877003 47.500000000000007 26.924660682678226 0.52206763908364529
decision_type=2 2 2 2 2 2 2
left_child=4 3 -3 -2 5 -1 -6
right_child=1 2 -4 -5 6 -7 -8
leaf_value=0.00041312077345011141 -0.00044030584693580528 0.00055267031170035791 -0.00031376406683966912 -0.0022053910035097829 -5.115205570432624e-06 0.001992352415121326 -0.0023205897571279351
leaf_weight=2676 3264 3465 4996 397 783 383 165
leaf_count=2676 3264 3465 4996 397 783 383 165
internal_value=-2.99835e-05 -0.000162125 4.10636e-05 -0.000631718 0.000369772 0.000610853 -0.000408145
internal_weight=16129 12122 8461 3661 4007 3059 948
internal_count=16129 12122 8461 3661 4007 3059 948
is_linear=0
shrinkage=0.00834467


Tree=575
num_leaves=8
num_cat=1
split_feature=10 54 48 54 14 9 0
split_gain=12.0094 19.8738 21.3364 16.1293 25.4669 12.6818 6.80562
threshold=3.5000000000000004 0.87324209052667723 26.502199554443362 1.1357041280018021 2.679884941678579 26.633753776550297 0
decision_type=2 2 2 2 10 2 9
left_child=3 6 -3 5 -5 -1 -2
right_child=1 2 -4 4 -6 -7 -8
leaf_value=-6.1926096031835658e-05 -0.00066052663726724509 0.0048879405639669464 -5.2155955328712105e-05 -0.003011251535940767 0.0013269941457218753 0.0010516743338976624 0.00080520917047121015
leaf_weight=13743 346 151 102 297 138 751 574
leaf_count=13743 346 151 102 297 138 751 574
internal_value=1.21374e-05 0.000825144 0.00289636 -5.17426e-05 -0.00163498 -4.22474e-06 0.000255537
internal_weight=16102 1173 253 14929 435 14494 920
internal_count=16102 1173 253 14929 435 14494 920
cat_boundaries=0 1
cat_threshold=1420
is_linear=0
shrinkage=0.00834467


Tree=576
num_leaves=7
num_cat=0
split_feature=45 6 6 23 50 55
split_gain=10.8218 9.28888 11.8791 6.19608 5.87381 5.64404
threshold=22.866179466247562 8.5000000000000018 12.500000000000002 24.498723030090336 25.439714050327762 1.1440054897441951
decision_type=2 2 2 2 2 2
left_child=3 4 -3 5 -2 -1
right_child=1 2 -4 -5 -6 -7
leaf_value=-0.00026787313062853849 0.00068416189703545424 -0.0001559965541767359 0.00043987020612387326 0.0022938111996669243 0.0026794948409402846 -0.0025709646353095847
leaf_weight=6074 326 5065 4314 65 150 75
leaf_count=6074 326 5065 4314 65 150 75
internal_value=3.8386e-06 0.000175796 0.000118081 -0.000268875 0.00131298 -0.000295968
internal_weight=16069 9855 9379 6214 476 6149
internal_count=16069 9855 9379 6214 476 6149
is_linear=0
shrinkage=0.00834467


Tree=577
num_leaves=7
num_cat=1
split_feature=0 9 10 52 6 55
split_gain=13.3805 13.2502 11.7338 6.25871 4.68061 1.95518
threshold=0 21.279867172241214 3.5000000000000004 1.2615107883420882 10.500000000000002 0.84675840427683424
decision_type=9 2 2 2 2 2
left_child=3 5 -3 4 -1 -2
right_child=1 2 -4 -5 -6 -7
leaf_value=9.7316932809516805e-05 -0.0012457451563256388 7.551585840708097e-05 0.0010543259909747246 -0.0026867867373308839 -0.00058360168812355087 -0.0028618937079008672
leaf_weight=944 248 11070 924 86 2753 66
leaf_count=944 248 11070 924 86 2753 66
internal_value=-2.69457e-05 0.000106535 0.000150923 -0.00046029 -0.000409735 -0.00158552
internal_weight=16091 12308 11994 3783 3697 314
internal_count=16091 12308 11994 3783 3697 314
cat_boundaries=0 1
cat_threshold=1348
is_linear=0
shrinkage=0.00834467


Tree=578
num_leaves=7
num_cat=0
split_feature=7 55 55 18 17 14
split_gain=12.7129 28.9827 17.4156 32.2849 12.8439 4.98504
threshold=51.500000000000007 1.2658124336981296 1.6797837711283303 25.520937919616703 -0.78584999999999994 1.128003520257822
decision_type=2 2 2 2 8 8
left_child=2 5 4 -4 -1 -2
right_child=1 -3 3 -5 -6 -7
leaf_value=0.00065772819307923739 0.0013402662390568569 -0.0057818889383184201 -0.00082052356764961859 0.0064974209348395958 -5.7753866407276517e-05 -0.00052719523677198748
leaf_weight=2052 105 73 86 82 11758 1910
leaf_count=2052 105 73 86 82 11758 1910
internal_value=-9.67685e-06 -0.000617019 8.10468e-05 0.0027515 4.85586e-05 -0.000429877
internal_weight=16066 2088 13978 168 13810 2015
internal_count=16066 2088 13978 168 13810 2015
is_linear=0
shrinkage=0.00834467


Tree=579
num_leaves=8
num_cat=0
split_feature=10 54 19 52 16 19 8
split_gain=12.7431 27.9803 12.7511 12.5416 21.9697 12.7326 6.30045
threshold=3.5000000000000004 0.73791090815877003 26.850678443908695 1.2615107883420882 0.78526900000000011 26.583355903625492 2.5000000000000004
decision_type=2 2 2 2 8 2 2
left_child=3 6 -3 5 -5 -1 -2
right_child=1 2 -4 4 -6 -7 -8
leaf_value=-9.406192247829787e-05 0.00086563606632698116 0.0043097809281226942 0.00075323580058781403 -0.0046056461358519743 0.0013340208411554144 0.00094696550619173233 -0.00057897610303341235
leaf_weight=13968 383 194 110 109 72 869 466
leaf_count=13968 383 194 110 109 72 869 466
internal_value=5.18259e-06 0.000850592 0.00302294 -5.97238e-05 -0.00224296 -3.30886e-05 7.27183e-05
internal_weight=16171 1153 304 15018 181 14837 849
internal_count=16171 1153 304 15018 181 14837 849
is_linear=0
shrinkage=0.00834467


Tree=580
num_leaves=7
num_cat=0
split_feature=28 18 47 52 28 19
split_gain=10.904 10.3536 11.1228 9.15455 14.0958 12.6303
threshold=23.187165260471193 24.633624076772463 23.864499092102054 0.21647547102977757 28.324242591857914 28.498593330383304
decision_type=2 2 2 2 2 2
left_child=1 2 -1 5 -5 -2
right_child=3 -3 -4 4 -6 -7
leaf_value=-0.00026809640650974151 -0.00018785859745891682 -0.0034024909263702919 0.0013646973883163266 0.00057282220741841975 -0.001612262840866592 0.0017492760513011596
leaf_weight=7045 3988 71 303 4256 216 249
leaf_count=7045 3988 71 303 4256 216 249
internal_value=3.67325e-06 -0.00023141 -0.000200765 0.000203936 0.000467278 -7.40133e-05
internal_weight=16128 7419 7348 8709 4472 4237
internal_count=16128 7419 7348 8709 4472 4237
is_linear=0
shrinkage=0.00834467


Tree=581
num_leaves=7
num_cat=1
split_feature=7 54 23 46 0 6
split_gain=12.0416 29.9804 12.1524 18.9014 10.7103 8.25002
threshold=51.500000000000007 1.1357041280018021 26.454442024230961 25.009730341464849 0 15.500000000000002
decision_type=2 2 2 2 9 2
left_child=2 5 4 -4 -1 -2
right_child=1 -3 3 -5 -6 -7
leaf_value=0.0011273278407077365 -0.00018964656311601331 -0.0054313637870717184 0.0039516782843220669 0.0005221731544302028 -4.752524750187072e-05 -0.0017899481445411494
leaf_weight=555 1718 86 127 941 12357 258
leaf_count=555 1718 86 127 941 12357 258
internal_value=-1.32347e-05 -0.000608527 7.45691e-05 0.000930021 3.81086e-06 -0.000398601
internal_weight=16042 2062 13980 1068 12912 1976
internal_count=16042 2062 13980 1068 12912 1976
cat_boundaries=0 1
cat_threshold=2048
is_linear=0
shrinkage=0.00834467


Tree=582
num_leaves=8
num_cat=0
split_feature=6 6 6 53 39 23 55
split_gain=12.9326 21.1241 26.6726 12.2637 9.97907 17.2312 12.7441
threshold=10.500000000000002 12.500000000000002 14.500000000000002 0.85846140550493077 28.506158828735355 29.083095550537113 1.228987702458288
decision_type=2 2 2 2 2 2 2
left_child=4 3 -3 -2 6 -6 -1
right_child=1 2 -4 -5 5 -7 -8
leaf_value=0.00038073103829484216 -0.00054167876554173208 0.0006646106565152515 -0.00028550180633909002 -0.0027305720088635177 0.0056649237770816235 0.00086886797039476308 -0.0026688055112380777
leaf_weight=3618 3428 3500 4992 188 65 264 98
leaf_count=3618 3428 3500 4992 188 65 264 98
internal_value=1.51208e-05 -0.000121353 0.00010609 -0.000655489 0.000423629 0.00181656 0.000300301
internal_weight=16153 12108 8492 3616 4045 329 3716
internal_count=16153 12108 8492 3616 4045 329 3716
is_linear=0
shrinkage=0.00834467


Tree=583
num_leaves=8
num_cat=0
split_feature=6 6 6 54 17 56 54
split_gain=11.6638 16.9291 26.573 15.3405 10.9323 8.00496 7.43311
threshold=10.500000000000002 12.500000000000002 14.500000000000002 0.76550912427142437 0.39824200000000004 0.31492137908935552 0.2994721317171341
decision_type=2 2 2 2 8 2 2
left_child=4 3 -3 -2 6 -6 -1
right_child=1 2 -4 -5 5 -7 -8
leaf_value=0.00039113579947799713 -0.00042705326198177844 0.00063788149539664523 -0.00031321174906593643 -0.0022476788206034085 -6.2056309623672814e-05 0.0016951770200770331 0.0015923867006385813
leaf_weight=739 3228 3458 5008 358 2429 195 697
leaf_count=739 3228 3458 5008 358 2429 195 697
internal_value=2.03654e-06 -0.000128277 7.52696e-05 -0.000608817 0.000388867 6.85365e-05 0.000974201
internal_weight=16112 12052 8466 3586 4060 2624 1436
internal_count=16112 12052 8466 3586 4060 2624 1436
is_linear=0
shrinkage=0.00834467


Tree=584
num_leaves=7
num_cat=1
split_feature=47 17 6 0 28 15
split_gain=11.3138 9.30645 10.1466 8.41751 6.61291 3.40436
threshold=22.0393180847168 -0.78584999999999994 14.500000000000002 0 23.133864402771 2.4515125142659833
decision_type=2 8 2 9 2 8
left_child=4 2 -2 -3 5 -1
right_child=1 3 -4 -5 -6 -7
leaf_value=0.00057395875506106029 0.0010029992505399161 0.00025318242773218432 -0.00027970921245314872 -0.00020927151543207346 -0.0026526005017031376 -0.00046431300974030513
leaf_weight=239 1462 5336 608 5614 92 2751
leaf_count=239 1462 5336 608 5614 92 2751
internal_value=5.5078e-06 0.000113126 0.000626243 1.61252e-05 -0.000449127 -0.000381319
internal_weight=16102 13020 2070 10950 3082 2990
internal_count=16102 13020 2070 10950 3082 2990
cat_boundaries=0 1
cat_threshold=27138
is_linear=0
shrinkage=0.00834467


Tree=585
num_leaves=8
num_cat=0
split_feature=6 6 54 52 7 46 37
split_gain=10.9225 25.7343 26.1552 14.7259 26.7503 12.9252 7.65496
threshold=14.500000000000002 13.500000000000002 0.73791090815877003 0.82058040928954312 18.500000000000004 27.151249885559086 27.12695407867432
decision_type=2 2 2 2 2 2 2
left_child=1 5 -3 6 -5 -1 -2
right_child=3 2 -4 4 -6 -7 -8
leaf_value=-0.00013243742935697346 -0.00020478226752934008 0.00056596910455507764 0.0031887128286625542 0.00080832774637397474 -0.0051407213418282359 0.0010101069103699669 -0.0029650089750782749
leaf_weight=8672 4749 1356 329 95 118 749 71
leaf_count=8672 4749 1356 329 95 118 749 71
internal_value=-1.78608e-05 0.000128278 0.00107808 -0.000340336 -0.00248747 -4.16005e-05 -0.000245447
internal_weight=16139 11106 1685 5033 213 9421 4820
internal_count=16139 11106 1685 5033 213 9421 4820
is_linear=0
shrinkage=0.00834467


Tree=586
num_leaves=7
num_cat=1
split_feature=47 0 14 52 54 19
split_gain=13.0238 10.5097 14.0349 7.06225 6.18916 3.0859
threshold=21.892194747924808 0 1.128003520257822 1.1554441099334991 0.97180928449517501 22.66834926605225
decision_type=2 9 8 2 2 2
left_child=4 2 -2 -3 5 -1
right_child=1 3 -4 -5 -6 -7
leaf_value=-0.00053787449315418386 0.0027043706333710745 -4.6742809593172111e-05 0.00031894754730919615 -0.0021762394555553603 -0.002819250120555475 0.00070299347876093743
leaf_weight=2200 177 7622 5780 110 80 149
leaf_count=2200 177 7622 5780 110 80 149
internal_value=2.62064e-05 0.000126126 0.000389176 -7.69415e-05 -0.000536903 -0.000459162
internal_weight=16118 13689 5957 7732 2429 2349
internal_count=16118 13689 5957 7732 2429 2349
cat_boundaries=0 1
cat_threshold=31360
is_linear=0
shrinkage=0.00834467


Tree=587
num_leaves=7
num_cat=0
split_feature=7 55 55 18 6 6
split_gain=11.1324 27.1181 15.787 32.7281 11.5023 7.93125
threshold=50.500000000000007 1.2658124336981296 1.6797837711283303 25.520937919616703 10.500000000000002 15.500000000000002
decision_type=2 2 2 2 2 2
left_child=2 5 4 -4 -1 -2
right_child=1 -3 3 -5 -6 -7
leaf_value=0.00049862253298884641 -0.00016937846433969392 -0.0055611363559180896 -0.0010548134600053783 0.0065648984928121682 -6.786680973082741e-05 -0.0016119676897983521
leaf_weight=3296 1999 72 79 78 10281 306
leaf_count=3296 1999 72 79 78 10281 306
internal_value=8.82552e-06 -0.000518434 0.000100081 0.00273095 6.96564e-05 -0.000360895
internal_weight=16111 2377 13734 157 13577 2305
internal_count=16111 2377 13734 157 13577 2305
is_linear=0
shrinkage=0.00834467


Tree=588
num_leaves=8
num_cat=1
split_feature=17 1 52 52 19 7 51
split_gain=10.0739 18.4338 15.7217 12.2428 7.92197 7.13357 2.50643
threshold=0.47528850000000017 0 0.4070000106737745 1.6599892834646715 21.412434577941898 51.500000000000007 21.819293022150557
decision_type=8 1 2 2 2 2 2
left_child=1 2 -1 -3 6 -6 -2
right_child=4 3 -4 -5 5 -7 -8
leaf_value=0.00053136385083144477 -0.00070732247532574743 0.00022912929370515233 0.0040061611474512633 -0.003419191510094973 2.129049037002419e-05 -0.00063530051163343483 -0.0021530891307811762
leaf_weight=193 903 4335 171 65 9112 1319 92
leaf_count=193 903 4335 171 65 9112 1319 92
internal_value=4.80886e-06 0.000327171 0.00210596 0.000174829 -0.000129598 -6.1736e-05 -0.000841021
internal_weight=16190 4764 364 4400 11426 10431 995
internal_count=16190 4764 364 4400 11426 10431 995
cat_boundaries=0 1
cat_threshold=4
is_linear=0
shrinkage=0.00834467


Tree=589
num_leaves=7
num_cat=0
split_feature=55 7 54 55 20 9
split_gain=12.3231 12.8246 28.5946 14.4397 8.94091 4.41407
threshold=0.36084705715733301 41.500000000000007 1.3371489458562527 1.5868855998533167 32.335674285888679 24.922546386718754
decision_type=2 2 2 2 2 2
left_child=4 3 -3 -2 5 -1
right_child=1 2 -4 -5 -6 -7
leaf_value=-0.00029702424361050016 0.00041542444341912852 -3.3868954573383115e-05 -0.0043676254379919448 0.0028170621838495449 0.0023839563524477095 0.00028134982084410603
leaf_weight=6775 5521 2357 111 180 93 1063
leaf_count=6775 5521 2357 111 180 93 1063
internal_value=4.6239e-05 0.000273715 -0.000228799 0.000491257 -0.000188064 -0.000218584
internal_weight=16100 8169 2468 5701 7931 7838
internal_count=16100 8169 2468 5701 7931 7838
is_linear=0
shrinkage=0.00834467


Tree=590
num_leaves=7
num_cat=0
split_feature=6 6 6 51 33 19
split_gain=11.0123 11.726 23.6472 13.4409 8.22621 8.47674
threshold=15.500000000000002 12.500000000000002 10.500000000000002 26.955186335349939 25.524154663085941 24.824380874633793
decision_type=2 2 2 2 2 2
left_child=1 2 -1 -3 5 -2
right_child=4 3 -4 -5 -6 -7
leaf_value=0.00030520986724714126 -0.00049333896993891831 0.00043169259571191687 -0.00062106243658170376 -0.0027025041761064668 -0.0029001522977153307 0.0019112530831303903
leaf_weight=4081 2758 5339 3623 97 95 106
leaf_count=4081 2758 5339 3623 97 95 106
internal_value=-2.45651e-05 7.90023e-05 -0.000130393 0.000375761 -0.000484475 -0.000404336
internal_weight=16099 13140 7704 5436 2959 2864
internal_count=16099 13140 7704 5436 2959 2864
is_linear=0
shrinkage=0.00834467


Tree=591
num_leaves=8
num_cat=1
split_feature=17 47 14 0 53 54 16
split_gain=9.69552 8.96133 8.15464 19.3058 12.0692 8.11126 7.81523
threshold=-0.84171599999999991 27.598443031311039 1.128003520257822 0 0.87852598012458827 0.20660010995954231 2.9888180000000002
decision_type=8 2 8 9 2 2 10
left_child=1 6 3 -2 -4 -3 -1
right_child=2 5 4 -5 -6 -7 -8
leaf_value=0.00019101639287604614 0.0037360510867625869 0.0044243751015504845 -8.8273413749770719e-05 0.0001538940383597566 -0.0012415174294152667 0.0011042034062685047 0.0031113445695505762
leaf_weight=1916 115 66 12342 669 666 229 66
leaf_count=1916 115 66 12342 669 666 229 66
internal_value=-1.42201e-05 0.000490245 -9.75054e-05 0.000728994 -0.00014732 0.00184714 0.000288277
internal_weight=16069 2277 13792 784 13008 295 1982
internal_count=16069 2277 13792 784 13008 295 1982
cat_boundaries=0 1
cat_threshold=8192
is_linear=0
shrinkage=0.00834467


Tree=592
num_leaves=7
num_cat=0
split_feature=7 55 48 11 18 6
split_gain=11.5902 28.5273 16.669 14.1319 7.96167 6.66564
threshold=51.500000000000007 1.2658124336981296 26.338446235656743 1.0000000180025095e-35 26.565987586975101 15.500000000000002
decision_type=2 2 2 2 2 2
left_child=2 5 4 -4 -1 -2
right_child=1 -3 3 -5 -6 -7
leaf_value=-2.6548240191115563e-05 -0.0002194259847358864 -0.005786398238553008 0.00079644562049341859 0.0046123490596653108 0.0024369713697012132 -0.001641489458847855
leaf_weight=12749 1757 71 1099 72 92 264
leaf_count=12749 1757 71 1099 72 92 264
internal_value=-8.48215e-06 -0.000587852 7.80185e-05 0.00103111 -8.89641e-06 -0.000405195
internal_weight=16104 2092 14012 1171 12841 2021
internal_count=16104 2092 14012 1171 12841 2021
is_linear=0
shrinkage=0.00834467


Tree=593
num_leaves=7
num_cat=0
split_feature=55 6 52 6 48 51
split_gain=10.7913 17.3953 18.1272 16.1907 10.3259 3.32586
threshold=0.32227217985722545 14.500000000000002 1.1554441099334991 12.500000000000002 32.343348694069348 21.265403079825116
decision_type=2 2 2 2 2 2
left_child=4 3 -3 -2 5 -1
right_child=1 2 -4 -5 -6 -7
leaf_value=-0.0011358600661373792 7.6030843178713999e-05 -0.00026129817303516907 -0.0042220559186221442 0.00093153998741809336 0.0026181459866510032 -0.00025166480417593057
leaf_weight=310 3893 2622 83 2549 86 6664
leaf_count=310 3893 2622 83 2549 86 6664
internal_value=-1.04364e-05 0.000178736 -0.000382844 0.000414544 -0.000255529 -0.00029097
internal_weight=16207 9147 2705 6442 7060 6974
internal_count=16207 9147 2705 6442 7060 6974
is_linear=0
shrinkage=0.00834467


Tree=594
num_leaves=7
num_cat=0
split_feature=7 54 26 24 52 56
split_gain=10.166 29.9682 13.2792 15.2292 15.1055 6.369
threshold=51.500000000000007 1.1357041280018021 26.34263896942139 25.956556321838384 1.6599892834646715 0.98319911956786765
decision_type=2 2 2 2 2 2
left_child=2 5 4 -4 -1 -2
right_child=1 -3 3 -5 -6 -7
leaf_value=3.0214091664605382e-05 -0.0004256267034598781 -0.0055137541012058519 0.0036558808812674334 0.0006014415863229549 -0.0036069334968115547 0.0021541863227826172
leaf_weight=12772 1938 81 127 1082 80 69
leaf_count=12772 1938 81 127 1082 80 69
internal_value=5.54378e-06 -0.000537774 8.62245e-05 0.000922323 7.5712e-06 -0.000336924
internal_weight=16149 2088 14061 1209 12852 2007
internal_count=16149 2088 14061 1209 12852 2007
is_linear=0
shrinkage=0.00834467


Tree=595
num_leaves=7
num_cat=0
split_feature=44 39 56 23 6 52
split_gain=11.1356 20.3682 12.7648 10.8957 9.82964 9.58031
threshold=24.739627836884768 24.341561317443851 0.09608650207519355 26.615390777587894 12.500000000000002 1.4061120758328449
decision_type=2 2 2 2 2 2
left_child=3 4 -3 5 -2 -1
right_child=1 2 -4 -5 -6 -7
leaf_value=-9.766492097790225e-05 0.00051222831399281318 -6.301106152181356e-05 0.00095390490889635943 0.0025948704513658631 0.0034625733197301452 -0.0029427842647954043
leaf_weight=11470 125 2932 1216 104 212 83
leaf_count=11470 125 2932 1216 104 212 83
internal_value=4.20478e-05 0.000395393 0.000235103 -9.39011e-05 0.00236828 -0.000118108
internal_weight=16142 4485 4148 11657 337 11553
internal_count=16142 4485 4148 11657 337 11553
is_linear=0
shrinkage=0.00834467


Tree=596
num_leaves=7
num_cat=0
split_feature=46 59 6 7 47 7
split_gain=11.9324 11.2364 11.5444 4.57306 4.9984 4.81443
threshold=22.867424011230472 6.5000000000000009 8.5000000000000018 30.500000000000004 22.009202003479007 14.500000000000002
decision_type=2 2 2 2 2 2
left_child=3 2 -2 5 -5 -1
right_child=1 -3 -4 4 -6 -7
leaf_value=-0.00040761817221902631 0.0014347435783356322 0.003520462372043248 0.00010133372537466504 -0.00084556012990279975 -0.00017919623182900988 0.00025387213190337086
leaf_weight=1412 475 70 9387 1516 1623 1675
leaf_count=1412 475 70 9387 1516 1623 1675
internal_value=9.66499e-06 0.000189207 0.000165558 -0.000276748 -0.000501023 -4.86952e-05
internal_weight=16158 9932 9862 6226 3139 3087
internal_count=16158 9932 9862 6226 3139 3087
is_linear=0
shrinkage=0.00834467


Tree=597
num_leaves=7
num_cat=0
split_feature=7 55 55 18 45 56
split_gain=9.28588 33.3722 12.9647 28.939 9.08124 5.99103
threshold=51.500000000000007 1.2658124336981296 1.6797837711283303 25.520937919616703 21.490518569946293 0.98319911956786765
decision_type=2 2 2 2 2 2
left_child=2 5 4 -4 -1 -2
right_child=1 -3 3 -5 -6 -7
leaf_value=-0.00066298529813515713 -0.00041107335394336732 -0.0062679593179628445 -0.0010346815753997244 0.0059983245560323983 0.00011423274748834482 0.0020733260158250187
leaf_weight=1141 1955 68 83 80 12683 70
leaf_count=1141 1955 68 83 80 12683 70
internal_value=9.92812e-08 -0.000518288 7.76705e-05 0.00241725 5.00826e-05 -0.000325183
internal_weight=16080 2093 13987 163 13824 2025
internal_count=16080 2093 13987 163 13824 2025
is_linear=0
shrinkage=0.00834467


Tree=598
num_leaves=7
num_cat=0
split_feature=7 54 55 18 6 6
split_gain=10.5592 24.819 12.2544 23.9421 10.7628 8.5302
threshold=51.500000000000007 1.1357041280018021 1.6797837711283303 25.520937919616703 10.500000000000002 15.500000000000002
decision_type=2 2 2 2 2 2
left_child=2 5 4 -4 -1 -2
right_child=1 -3 3 -5 -6 -7
leaf_value=0.00044977276121666541 -0.00017569765287331061 -0.0050688668150690201 -0.00092621046416279838 0.0054135616367706222 -9.1801432898072069e-05 -0.001795665712186583
leaf_weight=3373 1748 82 81 85 10539 260
leaf_count=3373 1748 82 81 85 10539 260
internal_value=-1.57684e-05 -0.000569235 6.63989e-05 0.00232018 3.95048e-05 -0.000385462
internal_weight=16168 2090 14078 166 13912 2008
internal_count=16168 2090 14078 166 13912 2008
is_linear=0
shrinkage=0.00834467


Tree=599
num_leaves=8
num_cat=1
split_feature=17 0 54 55 6 55 34
split_gain=11.4309 9.4412 8.8066 8.69149 8.64657 7.83861 3.20176
threshold=-0.84171599999999991 0 1.1357041280018021 1.6797837711283303 14.500000000000002 1.2658124336981296 26.017343521118168
decision_type=8 9 2 2 2 2 2
left_child=4 3 -3 -2 5 -1 -6
right_child=1 2 -4 -5 6 -7 -8
leaf_value=0.00073566761086567875 2.4294453687160284e-05 -0.00034074543997013752 -0.0021765936281347899 0.0027695539812369152 -0.0004712808538312181 0.0034809381068098008 0.00135888871275385
leaf_weight=1536 9239 4290 190 81 591 76 75
leaf_count=1536 9239 4290 190 81 591 76 75
internal_value=-1.29731e-05 -0.000103374 -0.000417677 4.81047e-05 0.000534667 0.000865117 -0.000265164
internal_weight=16078 13800 4480 9320 2278 1612 666
internal_count=16078 13800 4480 9320 2278 1612 666
cat_boundaries=0 1
cat_threshold=27147
is_linear=0
shrinkage=0.00834467


Tree=600
num_leaves=8
num_cat=0
split_feature=44 52 40 56 7 3 8
split_gain=11.0535 12.5739 11.2759 8.69782 7.96972 6.78912 6.16604
threshold=23.986876487731937 1.1554441099334991 23.649876594543461 0.088263511657711305 22.500000000000004 3.1661955000000006 1.5000000000000002
decision_type=2 2 2 2 2 2 2
left_child=1 6 4 -4 -2 -3 -1
right_child=2 5 3 -5 -6 -7 -8
leaf_value=0.00039691678000704971 0.003765775896867306 -0.00055887167022997944 -4.6263818972306964e-05 0.00063352485754372267 0.00083627417180333829 -0.0041080764012270902 -0.00024563251710811031
leaf_weight=1187 100 66 4167 1912 183 87 8394
leaf_count=1187 100 66 4167 1912 183 87 8394
internal_value=-2.71401e-05 -0.000203927 0.000243348 0.000167548 0.00187153 -0.00257718 -0.000166026
internal_weight=16096 9734 6362 6079 283 153 9581
internal_count=16096 9734 6362 6079 283 153 9581
is_linear=0
shrinkage=0.00834467


Tree=601
num_leaves=5
num_cat=1
split_feature=9 55 6 0
split_gain=10.6894 10.4842 12.3475 4.99504
threshold=32.756839752197273 0.32227217985722545 14.500000000000002 0
decision_type=2 2 2 9
left_child=1 3 -3 -1
right_child=-2 2 -4 -5
leaf_value=0.00025636409439368007 0.0033344379419138893 0.00038159187050615764 -0.0002929665935661245 -0.00034700762121168526
leaf_weight=1137 67 6378 2685 5833
leaf_count=1137 67 6378 2685 5833
internal_value=8.5156e-06 -5.38503e-06 0.000181747 -0.000248711
internal_weight=16100 16033 9063 6970
internal_count=16100 16033 9063 6970
cat_boundaries=0 1
cat_threshold=30720
is_linear=0
shrinkage=0.00834467


Tree=602
num_leaves=7
num_cat=0
split_feature=7 54 20 52 6 10
split_gain=10.745 22.6905 13.5371 10.577 10.0784 8.0222
threshold=50.500000000000007 1.1357041280018021 26.594993591308597 0.7326568373620147 14.500000000000002 3.5000000000000004
decision_type=2 2 2 2 2 2
left_child=2 3 5 -2 -4 -1
right_child=1 -3 4 -5 -6 -7
leaf_value=-1.9760241989076242e-05 -0.00049422143523348053 -0.0047327348681490107 0.001410138624302259 0.0017697651746272644 -0.0010904417556338801 0.00081751477123435652
leaf_weight=11905 2145 85 821 154 130 854
leaf_count=11905 2145 85 821 154 130 854
internal_value=1.79577e-05 -0.000499107 0.000107869 -0.00034256 0.00106831 3.62818e-05
internal_weight=16094 2384 13710 2299 951 12759
internal_count=16094 2384 13710 2299 951 12759
is_linear=0
shrinkage=0.00834467


Tree=603
num_leaves=8
num_cat=0
split_feature=10 52 16 8 7 9 7
split_gain=10.0703 16.9234 14.3301 11.5022 10.6507 8.163 6.35056
threshold=3.5000000000000004 1.2615107883420882 0.78526900000000011 2.5000000000000004 41.500000000000007 26.339530944824222 14.500000000000002
decision_type=2 2 8 2 2 2 2
left_child=1 5 -3 4 -2 -1 -5
right_child=3 2 -4 6 -6 -7 -8
leaf_value=-0.00010324965184855238 0.002338177543995278 -0.004436040186276669 0.00043455161931340875 0.0012580796760505168 3.3910002309365717e-05 0.00066012601845798062 -0.00072718474054886688
leaf_weight=13731 392 113 67 158 217 1050 387
leaf_count=13731 392 113 67 158 217 1050 387
internal_value=-2.20584e-05 -7.99932e-05 -0.00262317 0.00072903 0.00151713 -4.90212e-05 -0.000151628
internal_weight=16115 14961 180 1154 609 14781 545
internal_count=16115 14961 180 1154 609 14781 545
is_linear=0
shrinkage=0.00834467


Tree=604
num_leaves=8
num_cat=0
split_feature=8 14 53 53 39 54 53
split_gain=10.6444 11.4097 14.8042 10.6408 10.3462 10.8959 8.90237
threshold=1.5000000000000002 0.83502133836730297 0.51550644302483672 0.078810069257847185 28.506158828735355 1.2656684765438151 0.32440975391439025
decision_type=2 8 2 2 2 2 2
left_child=1 2 -1 -3 5 -2 -6
right_child=4 3 -4 -5 6 -7 -8
leaf_value=0.00080093972868585349 -0.00011009068171019011 0.0032452084854851962 0.0056037125587321771 0.00022257842887302289 0.00064375465401849113 -0.0021730298363553295 0.0040527115004322127
leaf_weight=143 11834 83 65 3526 235 181 69
leaf_count=143 11834 83 65 3526 235 181 69
internal_value=1.65993e-05 0.000401632 0.002302 0.000292102 -0.000102702 -0.00014117 0.0014176
internal_weight=16136 3817 208 3609 12319 12015 304
internal_count=16136 3817 208 3609 12319 12015 304
is_linear=0
shrinkage=0.00834467


Tree=605
num_leaves=8
num_cat=1
split_feature=6 6 51 0 7 7 54
split_gain=10.9856 17.7515 16.9398 10.0281 9.22877 6.62002 6.51248
threshold=10.500000000000002 11.500000000000002 26.955186335349939 0 5.5000000000000009 43.500000000000007 1.0949892040960993
decision_type=2 2 2 9 2 2 2
left_child=3 4 -3 6 -2 -5 -1
right_child=1 2 -4 5 -6 -7 -8
leaf_value=0.00098143064003265658 0.00081428037332586785 2.2324495019852022e-05 -0.0030442278344039891 0.00030434448047311779 -0.0011158820303088721 -0.00064428563211102441 -0.0014315208662241624
leaf_weight=1550 193 10129 127 1630 1623 747 82
leaf_count=1550 193 10129 127 1630 1623 747 82
internal_value=-2.46141e-05 -0.000150302 -1.56514e-05 0.000353859 -0.000910746 6.19891e-06 0.000854945
internal_weight=16081 12072 10256 4009 1816 2377 1632
internal_count=16081 12072 10256 4009 1816 2377 1632
cat_boundaries=0 1
cat_threshold=19266
is_linear=0
shrinkage=0.00834467


Tree=606
num_leaves=8
num_cat=0
split_feature=8 6 6 7 55 20 18
split_gain=10.5351 14.4868 30.3451 19.6991 7.49182 10.439 9.96451
threshold=1.5000000000000002 14.500000000000002 12.500000000000002 16.500000000000004 1.0677520055724321 26.14370155334473 26.750474929809574
decision_type=2 2 2 2 2 2 2
left_child=1 2 -1 -3 5 -2 -6
right_child=4 3 -4 -5 6 -7 -8
leaf_value=0.00013462101741873082 -0.00012063907762807584 0.00099834898285795499 0.0019470915830762275 -0.0021261687153793351 -0.00049530806280095548 0.00089943076305463749 -0.0035888065315778255
leaf_weight=2413 11210 242 877 335 317 745 94
leaf_count=2413 11210 242 877 335 317 745 94
internal_value=2.37234e-05 0.000403874 0.000617767 -0.000815718 -9.51544e-05 -5.70707e-05 -0.00120289
internal_weight=16233 3867 3290 577 12366 11955 411
internal_count=16233 3867 3290 577 12366 11955 411
is_linear=0
shrinkage=0.00834467


Tree=607
num_leaves=7
num_cat=0
split_feature=55 59 55 21 6 7
split_gain=10.2957 15.922 11.2054 10.7253 10.4084 5.33793
threshold=0.42344302081067603 5.5000000000000009 0.68359556342267103 32.376735689584969 14.500000000000002 50.500000000000007
decision_type=2 2 2 2 2 2
left_child=3 4 -3 5 -2 -1
right_child=1 2 -4 -5 -6 -7
leaf_value=-9.494545852378347e-05 0.00039805861144719113 0.00062337609753783244 0.0037002810186175356 0.0023408184475966704 -0.00034541201965167381 -0.00065456155667510674
leaf_weight=7766 4638 176 155 119 1828 1401
leaf_count=7766 4638 176 155 119 1828 1401
internal_value=3.24733e-05 0.000279253 0.00206429 -0.00014816 0.000187872 -0.000180473
internal_weight=16083 6797 331 9286 6466 9167
internal_count=16083 6797 331 9286 6466 9167
is_linear=0
shrinkage=0.00834467


Tree=608
num_leaves=8
num_cat=0
split_feature=47 56 55 7 54 20 54
split_gain=11.0781 15.5203 11.3192 9.12683 26.9089 12.1087 5.58668
threshold=27.155699729365239 0.055727005004882819 0.91957383711915119 42.500000000000007 1.3371489458562527 26.594993591308597 0.36583453572530911
decision_type=2 2 2 2 2 2 2
left_child=3 6 -3 5 -5 -1 -2
right_child=1 2 -4 4 -6 -7 -8
leaf_value=3.0737077771083431e-05 0.0011903284687639127 0.0012043787386399973 0.004684968077113486 -0.00027818537090743185 -0.0049411091987993381 0.0016081767124764225 -0.00044563087660712801
leaf_weight=10629 235 166 107 4141 88 350 381
leaf_count=10629 235 166 107 4141 88 350 381
internal_value=7.08037e-06 0.000912503 0.00256868 -4.58477e-05 -0.000375226 8.10257e-05 0.000178486
internal_weight=16097 889 273 15208 4229 10979 616
internal_count=16097 889 273 15208 4229 10979 616
is_linear=0
shrinkage=0.00834467


Tree=609
num_leaves=7
num_cat=0
split_feature=7 53 55 15 6 6
split_gain=9.18589 29.1984 15.3462 16.0276 8.4608 6.82188
threshold=51.500000000000007 0.97204787553875671 1.5868855998533167 1.8364932346787499 10.500000000000002 15.500000000000002
decision_type=2 2 2 10 2 2
left_child=2 5 4 -4 -1 -2
right_child=1 -3 3 -5 -6 -7
leaf_value=0.00038039709822474001 -0.00015344860755114959 -0.0054558295005054606 -0.00088670930096757721 0.0038703594981914511 -0.00010215651995191452 -0.001581832594481965
leaf_weight=3340 1731 81 75 144 10434 269
leaf_count=3340 1731 81 75 144 10434 269
internal_value=-2.72265e-05 -0.000544507 4.97023e-05 0.00224126 1.48561e-05 -0.000345573
internal_weight=16074 2081 13993 219 13774 2000
internal_count=16074 2081 13993 219 13774 2000
is_linear=0
shrinkage=0.00834467


Tree=610
num_leaves=8
num_cat=0
split_feature=6 6 42 7 17 53 7
split_gain=9.91397 18.7963 13.0471 11.3064 8.63784 8.28851 5.33782
threshold=10.500000000000002 11.500000000000002 28.04550171094483 9.5000000000000018 0.39824200000000004 0.81506120938171456 43.500000000000007
decision_type=2 2 2 2 8 2 2
left_child=4 3 -3 -2 6 -6 -1
right_child=1 2 -4 -5 5 -7 -8
leaf_value=0.0011899940609554126 0.00053946582972967466 2.1586296269460035e-05 -0.0032422115037160351 -0.0012314166220475163 0.00013382941487744522 -0.0024860127621070534 9.2912828708368523e-05
leaf_weight=999 302 10156 86 1488 2506 87 447
leaf_count=999 302 10156 86 1488 2506 87 447
internal_value=-2.36231e-05 -0.000143706 -5.82218e-06 -0.000932641 0.000334097 4.59199e-05 0.000850858
internal_weight=16071 12032 10242 1790 4039 2593 1446
internal_count=16071 12032 10242 1790 4039 2593 1446
is_linear=0
shrinkage=0.00834467


Tree=611
num_leaves=7
num_cat=0
split_feature=44 7 55 55 55 23
split_gain=9.43453 9.73694 29.7315 12.4576 2.4537 2.68494
threshold=21.490017890930179 51.500000000000007 1.2658124336981296 1.5868855998533167 0.80625420854744323 22.170151712854008
decision_type=2 2 2 2 2 2
left_child=4 3 -3 -2 5 -1
right_child=1 2 -4 -5 -6 -7
leaf_value=-0.00072128043716356981 0.00010379664136422718 -0.00029762118838256099 -0.0058739714301950866 0.0021433626386163753 -0.0022550264325080947 0.00068606673407675309
leaf_weight=1129 12720 1890 69 212 66 103
leaf_count=1129 12720 1890 69 212 66 103
internal_value=-5.29213e-06 5.4183e-05 -0.00049406 0.000137234 -0.000687602 -0.000603616
internal_weight=16189 14891 1959 12932 1298 1232
internal_count=16189 14891 1959 12932 1298 1232
is_linear=0
shrinkage=0.00834467


Tree=612
num_leaves=8
num_cat=1
split_feature=6 6 6 54 17 0 7
split_gain=10.5395 16.8403 19.7342 15.4267 9.49701 8.93789 7.71859
threshold=10.500000000000002 12.500000000000002 14.500000000000002 0.73791090815877003 -2.4940664999999993 0 53.500000000000007
decision_type=2 2 2 2 10 9 2
left_child=4 3 -3 -2 6 -6 -1
right_child=1 2 -4 -5 5 -7 -8
leaf_value=7.0207162168700981e-05 -0.00042730134666612061 0.00054947205764065989 -0.00027194892643513644 -0.0021915830054224507 0.00011360617525468909 0.0011282262375526819 -0.0016801120999441451
leaf_weight=1379 3257 3452 4967 386 1106 1352 201
leaf_count=1379 3257 3452 4967 386 1106 1352 201
internal_value=-1.67173e-05 -0.000140249 6.48544e-05 -0.000614244 0.000352287 0.000676743 -0.000152469
internal_weight=16100 12062 8419 3643 4038 2458 1580
internal_count=16100 12062 8419 3643 4038 2458 1580
cat_boundaries=0 1
cat_threshold=9356
is_linear=0
shrinkage=0.00834467


Tree=613
num_leaves=8
num_cat=1
split_feature=6 6 51 7 0 16 52
split_gain=9.0139 18.6101 17.0714 9.71826 9.17057 6.56823 6.35854
threshold=10.500000000000002 11.500000000000002 26.955186335349939 9.5000000000000018 0 -3.3194259999999995 0.43501079388602432
decision_type=2 2 2 2 9 10 2
left_child=4 3 -3 -2 5 -1 -6
right_child=1 2 -4 -5 6 -7 -8
leaf_value=0.00042304505290211833 0.00044462476785574932 6.4001075688218387e-05 -0.00293400323296256 -0.0011807073716706426 -0.00013220739908367769 0.0015216307808281612 0.001258818632317022
leaf_weight=1020 310 10118 134 1475 2155 603 256
leaf_count=1020 310 10118 134 1475 2155 603 256
internal_value=2.30798e-06 -0.000112099 2.48126e-05 -0.000898436 0.000343685 0.000826124 1.54322e-05
internal_weight=16071 12037 10252 1785 4034 1623 2411
internal_count=16071 12037 10252 1785 4034 1623 2411
cat_boundaries=0 1
cat_threshold=19266
is_linear=0
shrinkage=0.00834467


Tree=614
num_leaves=7
num_cat=1
split_feature=0 55 17 56 16 32
split_gain=10.5483 20.5696 10.2869 7.7478 6.91796 6.21399
threshold=0 1.6797837711283303 -0.84171599999999991 0.055727005004882819 3.163567 26.765561103820804
decision_type=9 2 8 2 10 2
left_child=1 3 4 -1 -2 -4
right_child=2 -3 5 -5 -6 -7
leaf_value=1.9819608702514091e-05 0.00036491117959248817 0.0043764124248281749 -0.00025094744551854085 0.0006073331671081982 0.0031313701566456015 -0.0022575563736345877
leaf_weight=4535 1355 84 7580 2385 66 109
leaf_count=4535 1355 84 7580 2385 66 109
internal_value=2.84794e-05 0.000271747 -0.000158675 0.000222309 0.000493423 -0.000279396
internal_weight=16114 7004 9110 6920 1421 7689
internal_count=16114 7004 9110 6920 1421 7689
cat_boundaries=0 1
cat_threshold=27138
is_linear=0
shrinkage=0.00834467


Tree=615
num_leaves=8
num_cat=0
split_feature=44 17 24 26 18 40 38
split_gain=8.49977 8.29975 13.9141 9.91255 1.35109 1.76287 0.434532
threshold=21.490017890930179 1.3241850000000006 26.390797615051273 26.72652626037598 21.087455749511722 21.365815162658695 21.155541419982914
decision_type=2 10 2 2 2 2 2
left_child=4 3 -3 -2 6 -6 -1
right_child=1 2 -4 -5 5 -7 -8
leaf_value=-0.0019389134327830499 5.1675368534141866e-05 -0.00028342621102160224 -0.0032339965843602289 0.00093328051024558307 -0.00029981606422206642 -0.00096978185817175237 -0.0010073526919303745
leaf_weight=66 11854 1955 118 960 660 467 74
leaf_count=66 11854 1955 118 960 660 467 74
internal_value=-1.73669e-05 3.84748e-05 -0.000451394 0.000117724 -0.000673491 -0.000577439 -0.00144662
internal_weight=16154 14887 2073 12814 1267 1127 140
internal_count=16154 14887 2073 12814 1267 1127 140
is_linear=0
shrinkage=0.00834467


Tree=616
num_leaves=6
num_cat=0
split_feature=7 54 55 17 54
split_gain=9.96564 33.8354 20.7081 11.5713 11.2877
threshold=43.500000000000007 1.3371489458562527 1.6797837711283303 0.80597550000000029 0.88563497084160703
decision_type=2 2 2 8 2
left_child=2 4 3 -1 -2
right_child=1 -3 -4 -5 -6
leaf_value=0.00044883364301002727 -0.00032117966420589937 -0.0050217603394684882 0.0034301092600187376 -0.00011171903430597984 0.0023303870113131875
leaf_weight=3780 3999 106 129 7973 115
leaf_count=3780 3999 106 129 7973 115
internal_value=-1.86538e-05 -0.000366999 0.000105064 6.85661e-05 -0.000247054
internal_weight=16102 4220 11882 11753 4114
internal_count=16102 4220 11882 11753 4114
is_linear=0
shrinkage=0.00834467


Tree=617
num_leaves=7
num_cat=0
split_feature=7 54 55 18 56 8
split_gain=9.24128 26.477 16.2632 18.6358 8.86617 8.77189
threshold=51.500000000000007 1.1357041280018021 1.5868855998533167 25.520937919616703 0.98319911956786765 1.5000000000000002
decision_type=2 2 2 2 2 2
left_child=2 4 5 -4 -2 -1
right_child=1 -3 3 -5 -6 -7
leaf_value=0.00040350767260269684 -0.00046800415366128622 -0.0053805209980424774 3.3360050747512868e-06 0.0048678347002084378 0.0025767319163501295 -9.7740345333859974e-05
leaf_weight=3147 1905 76 116 104 69 10687
leaf_count=3147 1905 76 116 104 69 10687
internal_value=-2.42626e-05 -0.000547658 5.20833e-05 0.00230303 -0.000361565 1.62853e-05
internal_weight=16104 2050 14054 220 1974 13834
internal_count=16104 2050 14054 220 1974 13834
is_linear=0
shrinkage=0.00834467


Tree=618
num_leaves=8
num_cat=1
split_feature=6 6 51 17 7 54 0
split_gain=10.1485 15.0302 19.7947 9.36599 9.36144 7.53806 5.92293
threshold=10.500000000000002 11.500000000000002 26.955186335349939 0.39824200000000004 4.5000000000000009 0.30153449807857313 0
decision_type=2 2 2 8 2 2 9
left_child=3 4 -3 5 -2 -1 -5
right_child=1 2 -4 6 -6 -7 -8
leaf_value=0.00033239630811873722 0.0011285838937047511 4.1965269116038592e-05 -0.0032226315766592985 0.00049165246280494148 -0.0010099364321670328 0.0015492622912670572 -0.00030166565856214796
leaf_weight=754 156 10105 131 1203 1651 669 1416
leaf_count=754 156 10105 131 1203 1651 669 1416
internal_value=-2.24922e-06 -0.00012368 1.82062e-07 0.000359549 -0.000825311 0.000904492 6.34595e-05
internal_weight=16085 12043 10236 4042 1807 1423 2619
internal_count=16085 12043 10236 4042 1807 1423 2619
cat_boundaries=0 1
cat_threshold=18954
is_linear=0
shrinkage=0.00834467


Tree=619
num_leaves=8
num_cat=1
split_feature=17 0 6 55 54 14 7
split_gain=8.28339 9.87769 9.41119 10.9204 7.23462 6.47247 4.3952
threshold=-0.78584999999999994 0 14.500000000000002 1.2658124336981296 1.1357041280018021 1.1401993873399752 5.5000000000000009
decision_type=8 9 2 2 2 8 2
left_child=2 4 3 -1 -2 -3 -4
right_child=1 5 6 -5 -6 -7 -8
leaf_value=0.00065009730341791892 -0.00045490954508825088 0.00077424295178554628 0.0013831424457241496 0.0038115623499169488 -0.0026613472951075136 -2.6908727933060916e-05 -0.00060101635795096412
leaf_weight=1550 2467 753 89 80 108 10406 614
leaf_count=1550 2467 753 89 80 108 10406 614
internal_value=-2.49053e-06 -8.05823e-05 0.000457221 0.000805283 -0.000545343 2.71286e-05 -0.000349806
internal_weight=16067 13734 2333 1630 2575 11159 703
internal_count=16067 13734 2333 1630 2575 11159 703
cat_boundaries=0 1
cat_threshold=4548
is_linear=0
shrinkage=0.00834467


Tree=620
num_leaves=8
num_cat=0
split_feature=6 6 34 7 40 54 33
split_gain=9.41624 16.361 15.362 8.97864 8.52929 14.0759 11.0238
threshold=10.500000000000002 11.500000000000002 27.958295822143558 9.5000000000000018 28.537285804748539 1.0949892040960993 29.94389629364014
decision_type=2 2 2 2 2 2 2
left_child=4 3 -3 -2 5 -1 -6
right_child=1 2 -4 -5 6 -7 -8
leaf_value=0.00030712156194820242 0.00043498629715930427 3.3539499109191997e-05 -0.0033201029381742511 -0.0011220444363281414 0.004680300430650753 -0.0030157997494750081 0.00085869342943613487
leaf_weight=3603 311 10165 96 1510 66 91 258
leaf_count=3603 311 10165 96 1510 66 91 258
internal_value=-1.08232e-05 -0.000127201 2.16035e-06 -0.000856126 0.000339121 0.000225255 0.00163729
internal_weight=16100 12082 10261 1821 4018 3694 324
internal_count=16100 12082 10261 1821 4018 3694 324
is_linear=0
shrinkage=0.00834467


Tree=621
num_leaves=8
num_cat=1
split_feature=0 14 6 56 27 28 54
split_gain=9.30411 24.8538 12.1029 9.39851 8.02844 7.56888 7.54907
threshold=0 1.1965937898913681 14.500000000000002 0.12819099426269712 26.63007736206055 26.82010650634766 1.2656684765438151
decision_type=9 8 2 2 2 2 2
left_child=1 2 -1 -3 6 -6 -2
right_child=4 3 -4 -5 5 -7 -8
leaf_value=0.0048285842704281906 -0.00015549488536493431 -4.2644554814360341e-05 0.00044918907796285455 0.0007926872225104424 -0.0004049876090091531 0.0029253071724688845 -0.0019332067824950831
leaf_weight=121 10519 3793 69 1246 82 113 169
leaf_count=121 10519 3793 69 1246 82 113 169
internal_value=-1.38877e-05 0.000275099 0.00323828 0.00016391 -0.000152851 0.00152492 -0.000183606
internal_weight=16112 5229 190 5039 10883 195 10688
internal_count=16112 5229 190 5039 10883 195 10688
cat_boundaries=0 1
cat_threshold=31232
is_linear=0
shrinkage=0.00834467


Tree=622
num_leaves=8
num_cat=1
split_feature=0 14 26 32 54 23 20
split_gain=8.98868 24.1721 9.29507 14.4386 8.21648 7.1988 5.96119
threshold=0 1.1116108093702859 26.72652626037598 26.765561103820804 1.1357041280018021 25.917366981506351 32.335674285888679
decision_type=9 8 2 2 2 2 2
left_child=1 5 4 -4 -2 -1 -3
right_child=2 6 3 -5 -6 -7 -8
leaf_value=0.0018727090337285399 -0.0001512819986501432 0.00013197963988292592 0.004242266459534157 -0.00063579624603033651 -0.0018420595986887399 0.0057708741923154835 0.0019912799194718171
leaf_weight=67 10548 5033 84 85 204 65 123
leaf_count=67 10548 5033 84 85 204 65 123
internal_value=-1.59989e-05 0.00026611 -0.000152701 0.00178891 -0.000183363 0.00379254 0.000176338
internal_weight=16209 5288 10921 169 10752 132 5156
internal_count=16209 5288 10921 169 10752 132 5156
cat_boundaries=0 1
cat_threshold=31232
is_linear=0
shrinkage=0.00834467


Tree=623
num_leaves=8
num_cat=1
split_feature=0 14 6 56 52 34 55
split_gain=10.261 21.5719 16.9487 6.66207 5.90222 15.358 8.43221
threshold=0 1.1965937898913681 14.500000000000002 0.12819099426269712 1.1554441099334991 23.759676933288578 0.62143305964614615
decision_type=9 8 2 2 2 2 2
left_child=1 2 -1 -3 6 -6 -2
right_child=4 3 -4 -5 5 -7 -8
leaf_value=0.0049660591937755226 -0.00022218460496175175 2.4623274643979571e-05 -0.00020055501362749225 0.00072603860014344788 -0.003842647392654718 0.000856926165607687 0.00042359396365637854
leaf_weight=120 9002 3801 70 1254 101 93 1669
leaf_count=120 9002 3801 70 1254 101 93 1669
internal_value=-9.6714e-07 0.000301805 0.00306266 0.000198625 -0.00014727 -0.00158983 -0.000121181
internal_weight=16110 5245 190 5055 10865 194 10671
internal_count=16110 5245 190 5055 10865 194 10671
cat_boundaries=0 1
cat_threshold=31232
is_linear=0
shrinkage=0.00834467


Tree=624
num_leaves=8
num_cat=0
split_feature=6 6 16 7 7 55 55
split_gain=9.60453 14.7413 11.5095 10.0739 8.30782 11.4172 10.1001
threshold=10.500000000000002 11.500000000000002 -3.0871119999999999 10.500000000000002 47.500000000000007 0.87395303106109223 0.23834208501632467
decision_type=2 2 8 2 2 2 2
left_child=4 3 -3 -2 6 -6 -1
right_child=1 2 -4 -5 5 -7 -8
leaf_value=-0.00018396938091257094 0.00045703837855018067 -0.00061398113693591366 0.00011817755943136968 -0.0011403435496239007 -9.1443128983769207e-05 -0.0037108433170527683 0.00086361776989935207
leaf_weight=913 340 1816 8460 1436 913 65 2150
leaf_count=913 340 1816 8460 1436 913 65 2150
internal_value=-1.4495e-05 -0.000132539 -1.12118e-05 -0.000834538 0.000337562 -0.000332031 0.00055136
internal_weight=16093 12052 10276 1776 4041 978 3063
internal_count=16093 12052 10276 1776 4041 978 3063
is_linear=0
shrinkage=0.00834467


Tree=625
num_leaves=7
num_cat=0
split_feature=7 53 55 46 6 6
split_gain=9.20896 24.9456 12.3437 21.0094 10.4865 8.0035
threshold=50.500000000000007 0.97204787553875671 1.6797837711283303 25.471278190612797 10.500000000000002 15.500000000000002
decision_type=2 2 2 2 2 2
left_child=2 5 4 -4 -1 -2
right_child=1 -3 3 -5 -6 -7
leaf_value=0.000454795149538889 -0.00011342786121539079 -0.0045942169130936189 0.0058358634243260805 -0.00041230971902726885 -8.638081538852624e-05 -0.001545771680039294
leaf_weight=3285 1935 99 69 82 10345 316
leaf_count=3285 1935 99 69 82 10345 316
internal_value=-1.19968e-05 -0.000494821 7.03369e-05 0.00244301 4.40496e-05 -0.000314509
internal_weight=16131 2350 13781 151 13630 2251
internal_count=16131 2350 13781 151 13630 2251
is_linear=0
shrinkage=0.00834467


Tree=626
num_leaves=8
num_cat=1
split_feature=6 6 51 17 0 38 53
split_gain=8.34187 14.7088 16.6545 8.5411 7.88843 7.009 6.76735
threshold=10.500000000000002 11.500000000000002 26.955186335349939 -2.4940664999999993 0 26.626046180725101 0.71997086894602191
decision_type=2 2 2 10 9 2 2
left_child=3 5 -3 6 -5 -2 -1
right_child=1 2 -4 4 -6 -7 -8
leaf_value=-5.3563838305512066e-05 -0.0010134999832637241 3.3828677549755154e-05 -0.0030185870283525209 0.0011366708971647964 0.00018498937177381466 0.00058561915169010406 -0.0027836244445060094
leaf_weight=1499 1584 10183 126 1111 1352 217 66
leaf_count=1499 1584 10183 126 1111 1352 217 66
internal_value=-1.56193e-05 -0.000125037 -3.48175e-06 0.00031334 0.000619639 -0.000820822 -0.000168714
internal_weight=16138 12110 10309 4028 2463 1801 1565
internal_count=16138 12110 10309 4028 2463 1801 1565
cat_boundaries=0 1
cat_threshold=23362
is_linear=0
shrinkage=0.00834467


Tree=627
num_leaves=7
num_cat=0
split_feature=7 54 30 43 26 6
split_gain=9.49261 20.1836 12.1967 14.5112 8.7298 8.57422
threshold=50.500000000000007 1.2656684765438151 26.756443977355961 25.235241887680669 27.385493278503422 15.500000000000002
decision_type=2 2 2 2 2 2
left_child=2 5 4 -4 -1 -2
right_child=1 -3 3 -5 -6 -7
leaf_value=-2.4041755870422727e-06 -0.00016068328452869973 -0.0050418541644897579 0.0043032370836846379 0.00067742262475043824 0.0030400577914461153 -0.0016397303122194702
leaf_weight=12790 2002 66 85 802 66 316
leaf_count=12790 2002 66 85 802 66 316
internal_value=-5.80586e-06 -0.00049189 7.85155e-05 0.00102492 1.32175e-05 -0.00036232
internal_weight=16127 2384 13743 887 12856 2318
internal_count=16127 2384 13743 887 12856 2318
is_linear=0
shrinkage=0.00834467


Tree=628
num_leaves=8
num_cat=0
split_feature=6 6 53 17 55 55 14
split_gain=10.6135 25.8967 14.3664 12.1994 10.5386 9.69314 7.39001
threshold=14.500000000000002 13.500000000000002 0.56833102797875334 -0.84171599999999991 0.97297735831383003 0.71072550284572433 2.894026443999143
decision_type=2 2 2 8 2 2 8
left_child=1 3 -3 -1 5 -2 -6
right_child=4 2 -4 -5 6 -7 -8
leaf_value=0.00074547021994117652 -0.00031969920117555446 0.00061822529392011494 0.0023334688677865631 -0.00014009785909586148 -0.0032414189232120418 0.0011640955952944463 -0.00069888147733259223
leaf_weight=1249 4317 1203 474 8160 137 330 190
leaf_count=1249 4317 1203 474 8160 137 330 190
internal_value=4.03709e-06 0.000147728 0.00110305 -2.25423e-05 -0.00031622 -0.000214327 -0.00176417
internal_weight=16060 11086 1677 9409 4974 4647 327
internal_count=16060 11086 1677 9409 4974 4647 327
is_linear=0
shrinkage=0.00834467


Tree=629
num_leaves=7
num_cat=0
split_feature=55 6 6 53 20 54
split_gain=9.05682 10.5728 20.2252 11.8997 8.65544 3.82259
threshold=0.32227217985722545 14.500000000000002 12.500000000000002 0.18568067163312091 32.335674285888679 0.31549941894198646
decision_type=2 2 2 2 2 2
left_child=4 2 -2 -3 5 -1
right_child=1 3 -4 -5 -6 -7
leaf_value=-0.00031369967126594622 -3.0166925464311416e-05 0.0010925672349850037 0.00092424498967785612 -0.00049695354988918395 0.0022964036447350039 0.0005450990320950991
leaf_weight=6533 3883 382 2569 2318 93 382
leaf_count=6533 3883 382 2569 2318 93 382
internal_value=-6.49122e-06 0.000166377 0.000349853 -0.000272063 -0.000232246 -0.000266257
internal_weight=16160 9152 6452 2700 7008 6915
internal_count=16160 9152 6452 2700 7008 6915
is_linear=0
shrinkage=0.00834467


Tree=630
num_leaves=8
num_cat=1
split_feature=17 0 55 27 26 18 52
split_gain=9.69409 10.447 14.9826 8.03448 6.90198 6.70819 5.46415
threshold=-0.84171599999999991 0 1.6797837711283303 26.729583740234379 26.72652626037598 26.646412849426273 0.3965508147836293
decision_type=8 9 2 2 2 2 2
left_child=3 2 -2 5 -3 -1 -5
right_child=1 4 -4 6 -6 -7 -8
leaf_value=0.00038028288794342242 4.2995689601105553e-05 -0.00046912962977664824 0.0036039979809586969 0.0010642376825157592 0.0015931090224249008 -0.002181968985174032 0.003445804211419665
leaf_weight=1842 9277 4370 83 293 116 74 87
leaf_count=1842 9277 4370 83 293 116 74 87
internal_value=-1.0283e-06 -8.4302e-05 7.4497e-05 0.000501151 -0.000414876 0.000281313 0.00160956
internal_weight=16142 13846 9360 2296 4486 1916 380
internal_count=16142 13846 9360 2296 4486 1916 380
cat_boundaries=0 1
cat_threshold=27147
is_linear=0
shrinkage=0.00834467


Tree=631
num_leaves=7
num_cat=0
split_feature=7 55 55 18 45 6
split_gain=8.87601 22.5321 12.5449 21.9978 8.9039 6.43579
threshold=51.500000000000007 1.2658124336981296 1.5868855998533167 25.520937919616703 21.490518569946293 15.500000000000002
decision_type=2 2 2 2 2 2
left_child=2 5 4 -4 -1 -2
right_child=1 -3 3 -5 -6 -7
leaf_value=-0.00068368936879102898 -0.00016957699420442089 -0.005074043517424306 -0.00047164285091070668 0.0048735639248579264 9.5571603112940093e-05 -0.0015657184526462272
leaf_weight=1110 1736 73 113 102 12735 265
leaf_count=1110 1736 73 113 102 12735 265
internal_value=-1.10151e-05 -0.000520621 6.41574e-05 0.00206433 3.30952e-05 -0.00035448
internal_weight=16134 2074 14060 215 13845 2001
internal_count=16134 2074 14060 215 13845 2001
is_linear=0
shrinkage=0.00834467


Tree=632
num_leaves=7
num_cat=0
split_feature=7 55 55 7 6 6
split_gain=9.05893 31.5811 18.5275 17.5893 8.79471 5.7339
threshold=51.500000000000007 1.2658124336981296 1.5868855998533167 22.500000000000004 10.500000000000002 15.500000000000002
decision_type=2 2 2 2 2 2
left_child=2 5 4 -4 -1 -2
right_child=1 -3 3 -5 -6 -7
leaf_value=0.00041894637628542091 -0.00013765025858830706 -0.0058981663082426717 -2.3164525397272543e-05 0.0047816287786688321 -7.2741355016634146e-05 -0.0014663090446869521
leaf_weight=3340 1738 73 100 113 10486 260
leaf_count=3340 1738 73 100 113 10486 260
internal_value=7.66336e-06 -0.000507538 8.36649e-05 0.00252596 4.60378e-05 -0.000310555
internal_weight=16110 2071 14039 213 13826 1998
internal_count=16110 2071 14039 213 13826 1998
is_linear=0
shrinkage=0.00834467


Tree=633
num_leaves=7
num_cat=0
split_feature=7 53 20 6 6 48
split_gain=9.98707 20.9069 13.3908 8.80461 7.48601 6.62764
threshold=50.500000000000007 0.97204787553875671 26.594993591308597 14.500000000000002 15.500000000000002 21.21093788117139
decision_type=2 2 2 2 2 2
left_child=2 4 5 -4 -2 -1
right_child=1 -3 3 -5 -6 -7
leaf_value=-0.001147137894063049 -0.00013060986216844841 -0.0043176260343789361 0.0013729440414629846 -0.00093928147202811021 -0.0015409409315315515 6.5390307613857369e-05
leaf_weight=322 1940 95 832 133 303 12466
leaf_count=322 1940 95 832 133 303 12466
internal_value=2.06709e-05 -0.00048354 0.000106387 0.00105426 -0.000321133 3.48582e-05
internal_weight=16091 2338 13753 965 2243 12788
internal_count=16091 2338 13753 965 2243 12788
is_linear=0
shrinkage=0.00834467


Tree=634
num_leaves=7
num_cat=1
split_feature=0 55 55 17 54 55
split_gain=9.70833 16.1 10.4472 6.34117 7.55073 7.39503
threshold=0 1.6797837711283303 1.3319807905880989 -0.84171599999999991 1.1357041280018021 0.91957383711915119
decision_type=9 2 2 8 2 2
left_child=1 2 -1 5 -5 -2
right_child=3 -3 -4 4 -6 -7
leaf_value=0.00029890419158304886 0.00013446007310290858 0.0038364589443600832 -0.0020449699384715503 -0.00018252505984395743 -0.0018457475264658516 0.0018548559201977885
leaf_weight=5015 1182 88 136 9353 194 204
leaf_count=5015 1182 88 136 9353 194 204
internal_value=1.89261e-06 0.000296916 0.000237016 -0.000139624 -0.000216324 0.00038769
internal_weight=16172 5239 5151 10933 9547 1386
internal_count=16172 5239 5151 10933 9547 1386
cat_boundaries=0 1
cat_threshold=31232
is_linear=0
shrinkage=0.00834467


Tree=635
num_leaves=8
num_cat=0
split_feature=10 54 54 46 36 6 47
split_gain=9.32893 18.5034 14.7455 14.3914 13.2641 6.68767 6.68245
threshold=3.5000000000000004 0.73791090815877003 1.4954939798931177 26.206739425659183 25.35561561584473 10.500000000000002 22.14270114898682
decision_type=2 2 2 2 2 2 2
left_child=2 6 5 -3 -4 -1 -2
right_child=1 3 4 -5 -6 -7 -8
leaf_value=0.0002821143774252411 -0.0024148314680652451 0.003549596361542734 -0.0050992877175095952 -0.00066881182430919572 -0.00035275512499947405 -0.00013147484480066022 0.00031047798445611789
leaf_weight=3598 68 226 76 75 89 11187 795
leaf_count=3598 68 226 76 75 89 11187 795
internal_value=-2.48709e-06 0.00071707 -5.85119e-05 0.00249851 -0.00253921 -3.08258e-05 9.57129e-05
internal_weight=16114 1164 14950 301 165 14785 863
internal_count=16114 1164 14950 301 165 14785 863
is_linear=0
shrinkage=0.00834467


Tree=636
num_leaves=7
num_cat=1
split_feature=44 0 14 53 9 9
split_gain=9.31905 8.88231 13.1634 6.73625 2.62201 1.80098
threshold=21.490017890930179 0 1.128003520257822 0.69484175121152891 22.683761596679691 21.085356712341312
decision_type=2 9 8 2 2 2
left_child=4 2 -2 -3 5 -1
right_child=1 3 -4 -5 -6 -7
leaf_value=-0.0014821717757804115 0.0024532332704171561 -3.3433280728143006e-05 0.00024577244227556952 -0.000935422138494063 -0.0022973130675588383 -0.00046325099021786187
leaf_weight=136 194 7888 6180 622 65 1080
leaf_count=136 194 7888 6180 622 65 1080
internal_value=1.84355e-05 7.72146e-05 0.000312472 -9.92444e-05 -0.000664517 -0.00057722
internal_weight=16165 14884 6374 8510 1281 1216
internal_count=16165 14884 6374 8510 1281 1216
cat_boundaries=0 1
cat_threshold=31360
is_linear=0
shrinkage=0.00834467


Tree=637
num_leaves=7
num_cat=0
split_feature=7 54 55 7 54 17
split_gain=8.12477 24.5614 11.5217 24.2646 9.08685 7.93095
threshold=41.500000000000007 1.3371489458562527 1.5868855998533167 22.500000000000004 0.87324209052667723 -0.78584999999999994
decision_type=2 2 2 2 2 8
left_child=2 4 5 -4 -2 -1
right_child=1 -3 3 -5 -6 -7
leaf_value=0.00060765852873198166 -0.00026331691039688075 -0.0041016901730769294 -0.00041742804527771307 0.0058721179524495928 0.0018802254058395982 -1.0651131357147929e-05
leaf_weight=1707 4549 115 101 74 142 9395
leaf_count=1707 4549 115 101 74 142 9395
internal_value=-4.53362e-06 -0.000291834 0.000117907 0.00224233 -0.000198427 8.44182e-05
internal_weight=16083 4806 11277 175 4691 11102
internal_count=16083 4806 11277 175 4691 11102
is_linear=0
shrinkage=0.00834467


Tree=638
num_leaves=7
num_cat=0
split_feature=52 10 16 55 59 20
split_gain=7.8974 15.2311 14.4047 10.1002 15.4419 8.15299
threshold=1.2615107883420882 3.5000000000000004 0.78526900000000011 0.36084705715733301 6.5000000000000009 32.335674285888679
decision_type=2 2 8 2 2 2
left_child=3 2 -2 5 -5 -1
right_child=1 -3 -4 4 -6 -7
leaf_value=-0.00023019857765389643 -0.0045234407953473471 0.0019788675289314139 0.0003213186130623168 0.00018665888367254809 0.0041232376028263202 0.0021557518090560088
leaf_weight=7853 115 65 68 7808 70 101
leaf_count=7853 115 65 68 7808 70 101
internal_value=-1.32861e-05 -0.00149083 -0.00272328 9.85983e-06 0.000221642 -0.000199899
internal_weight=16080 248 183 15832 7878 7954
internal_count=16080 248 183 15832 7878 7954
is_linear=0
shrinkage=0.00834467


Tree=639
num_leaves=7
num_cat=1
split_feature=44 14 0 53 55 39
split_gain=8.72144 7.44856 21.4652 6.86661 2.65787 1.83525
threshold=21.490017890930179 1.1552303173889189 0 0.77997736678812235 0.68968904353178095 21.897280695483403
decision_type=2 8 9 2 2 2
left_child=4 2 -2 -3 5 -1
right_child=1 3 -4 -5 -6 -7
leaf_value=-0.00047940335981702301 0.0034668829611010634 6.9606234006734953e-05 0.00019435215078833065 -0.00063710995550759423 -0.002202694571949609 -0.0018630023286266904
leaf_weight=1115 160 12759 805 1035 73 71
leaf_count=1115 160 12759 805 1035 73 71
internal_value=9.29239e-06 6.61626e-05 0.000774917 1.65791e-05 -0.000657381 -0.000562247
internal_weight=16018 14759 965 13794 1259 1186
internal_count=16018 14759 965 13794 1259 1186
cat_boundaries=0 1
cat_threshold=8192
is_linear=0
shrinkage=0.00834467


Tree=640
num_leaves=7
num_cat=1
split_feature=0 9 55 53 54 53
split_gain=8.95203 10.7008 8.06587 6.70126 4.58259 1.65016
threshold=0 21.254704474621587 1.6797837711283303 1.355801169640211 0.87324209052667723 0.2273525390332666
decision_type=9 2 2 2 2 2
left_child=3 5 -3 4 -1 -2
right_child=1 2 -4 -5 -6 -7
leaf_value=-0.00036199567084826192 -0.0010872935361528227 0.00014181917875941599 0.0025214771103610656 -0.0028654140523513374 0.0010071695286658084 -0.0025476647362658975
leaf_weight=3468 234 12010 100 72 179 70
leaf_count=3468 234 12010 100 72 179 70
internal_value=1.49491e-05 0.000122555 0.000161472 -0.000343643 -0.000294793 -0.00142363
internal_weight=16133 12414 12110 3719 3647 304
internal_count=16133 12414 12110 3719 3647 304
cat_boundaries=0 1
cat_threshold=1348
is_linear=0
shrinkage=0.00834467


Tree=641
num_leaves=7
num_cat=0
split_feature=7 55 9 6 31 6
split_gain=10.1136 20.2731 11.6599 8.98535 8.44669 6.09512
threshold=50.500000000000007 1.2925054985735935 27.074039459072271 10.500000000000002 27.697129248393558 15.500000000000002
decision_type=2 2 2 2 2 2
left_child=2 5 4 -4 -1 -2
right_child=1 -3 3 -5 -6 -7
leaf_value=4.0292830996458961e-05 -0.0002182400046397364 -0.0051113381861252879 0.0018985505349797156 -3.4275451562074042e-05 -0.0020973789914550704 -0.0014885386964390451
leaf_weight=12906 1993 65 419 279 130 303
leaf_count=12906 1993 65 419 279 130 303
internal_value=-1.14939e-05 -0.000516001 7.52357e-05 0.00112598 1.89736e-05 -0.000385885
internal_weight=16095 2361 13734 698 13036 2296
internal_count=16095 2361 13734 698 13036 2296
is_linear=0
shrinkage=0.00834467


Tree=642
num_leaves=7
num_cat=1
split_feature=8 53 14 0 45 55
split_gain=9.48173 10.0733 10.7875 6.6392 6.34251 6.02295
threshold=1.5000000000000002 0.077159646659162612 0.83502133836730297 0 23.734642982482914 1.228987702458288
decision_type=2 2 8 9 2 2
left_child=1 -1 -3 5 -5 -2
right_child=3 2 -4 4 -6 -7
leaf_value=0.0033149004627662229 -0.00030001949909865943 0.0021598159446021702 0.00021306807664103644 -0.0001577201023105435 0.00031220095569819246 -0.0020660333808044072
leaf_weight=80 4122 210 3527 4530 3581 139
leaf_count=80 4122 210 3527 4530 3581 139
internal_value=2.16158e-05 0.000385197 0.00032247 -9.05561e-05 4.96885e-05 -0.000356797
internal_weight=16189 3817 3737 12372 8111 4261
internal_count=16189 3817 3737 12372 8111 4261
cat_boundaries=0 1
cat_threshold=1476
is_linear=0
shrinkage=0.00834467


Tree=643
num_leaves=7
num_cat=1
split_feature=14 0 54 18 7 17
split_gain=8.87304 18.3867 13.6115 8.32273 7.18816 4.06191
threshold=1.128003520257822 0 0.76550912427142437 32.761945724487312 51.500000000000007 -0.57758899999999991
decision_type=8 9 2 2 2 10
left_child=1 2 -1 4 -2 -3
right_child=3 5 -4 -5 -6 -7
leaf_value=0.0011994257787306629 -1.7770760347094246e-06 0.0014934137523932374 0.006481585088764133 0.0028981632198325055 -0.00054620834906240025 -3.3249917352117012e-05
leaf_weight=70 13219 151 66 66 1936 618
leaf_count=70 13219 151 66 66 1936 618
internal_value=-1.07193e-05 0.000792024 0.00350537 -5.84488e-05 -7.13266e-05 0.000263118
internal_weight=16126 905 136 15221 15155 769
internal_count=16126 905 136 15221 15155 769
cat_boundaries=0 1
cat_threshold=8192
is_linear=0
shrinkage=0.00834467


Tree=644
num_leaves=8
num_cat=1
split_feature=44 59 49 0 5 53 6
split_gain=8.31018 7.94133 12.6373 6.58894 3.01326 3.19345 2.88931
threshold=21.490017890930179 6.5000000000000009 22.995200634080813 0 0.33264700000000008 0.26395007683443311 10.500000000000002
decision_type=2 2 2 9 2 2 2
left_child=4 3 -3 -2 5 -1 -6
right_child=1 2 -4 -5 6 -7 -8
leaf_value=-0.00072639040824398022 0.00026237153311909272 -4.4161411993146223e-05 0.0046574852471213879 -9.3893796628130178e-05 0.00072061857829451993 -0.0023512763499335117 -0.00056499472071820797
leaf_weight=272 6323 96 68 8415 146 122 732
leaf_count=272 6323 96 68 8415 146 122 732
internal_value=2.41271e-05 7.93892e-05 0.00190546 5.9068e-05 -0.000623288 -0.00122957 -0.000351208
internal_weight=16174 14902 164 14738 1272 394 878
internal_count=16174 14902 164 14738 1272 394 878
cat_boundaries=0 1
cat_threshold=31360
is_linear=0
shrinkage=0.00834467


Tree=645
num_leaves=4
num_cat=0
split_feature=52 9 14
split_gain=10.074 7.3161 7.48487
threshold=1.6599892834646715 32.756839752197273 1.128003520257822
decision_type=2 2 8
left_child=1 2 -1
right_child=-2 -3 -4
leaf_value=0.00075480605733191678 -0.0024250867767259725 0.0027530865337236725 -3.3567672648400886e-05
leaf_weight=888 118 68 15061
leaf_count=888 118 68 15061
internal_value=4.07591e-06 2.19734e-05 1.03274e-05
internal_weight=16135 16017 15949
internal_count=16135 16017 15949
is_linear=0
shrinkage=0.00834467


Tree=646
num_leaves=7
num_cat=0
split_feature=52 36 24 9 20 32
split_gain=10.9149 32.1302 11.1423 8.64796 22.4024 7.29934
threshold=1.2615107883420882 24.92482948303223 23.759676933288578 26.339530944824222 25.626656532287601 27.488944053649906
decision_type=2 2 2 2 2 2
left_child=3 2 -2 5 -5 -1
right_child=1 -3 -4 4 -6 -7
leaf_value=-2.4257884374427445e-05 -0.0021034215695464814 0.0018777502248500946 -0.00671135675718686 0.0049332915258036856 0.00039182761550438295 -0.0025836791584862391
leaf_weight=14498 79 101 68 81 1140 78
leaf_count=14498 79 101 68 81 1140 78
internal_value=-8.71724e-06 -0.00174573 -0.00423528 1.85534e-05 0.000693141 -3.79557e-05
internal_weight=16045 248 147 15797 1221 14576
internal_count=16045 248 147 15797 1221 14576
is_linear=0
shrinkage=0.00834467


Tree=647
num_leaves=7
num_cat=0
split_feature=7 55 55 7 6 6
split_gain=8.42454 24.4222 11.7003 18.5459 8.22221 5.50137
threshold=51.500000000000007 1.2658124336981296 1.5868855998533167 22.500000000000004 10.500000000000002 15.500000000000002
decision_type=2 2 2 2 2 2
left_child=2 5 4 -4 -1 -2
right_child=1 -3 3 -5 -6 -7
leaf_value=0.00039987654089346074 -0.0001660708565553054 -0.0053838613413682741 -0.00064815274188566329 0.0041914064690659987 -7.7729004121356753e-05 -0.0014717940318549757
leaf_weight=3302 1740 69 102 120 10464 258
leaf_count=3302 1740 69 102 120 10464 258
internal_value=-5.99874e-06 -0.000503259 6.74814e-05 0.00196789 3.68327e-05 -0.000334684
internal_weight=16055 2067 13988 222 13766 1998
internal_count=16055 2067 13988 222 13766 1998
is_linear=0
shrinkage=0.00834467


Tree=648
num_leaves=7
num_cat=0
split_feature=7 55 55 18 56 6
split_gain=6.9457 28.9822 12.2543 21.9193 7.97415 7.7553
threshold=51.500000000000007 1.2658124336981296 1.6797837711283303 25.520937919616703 0.98319911956786765 10.500000000000002
decision_type=2 2 2 2 2 2
left_child=2 4 5 -4 -2 -1
right_child=1 -3 3 -5 -6 -7
leaf_value=0.00039343665419989054 -0.00035715825993122162 -0.0056132446992009366 -0.00066095954952577257 0.0054599254472393593 0.0026141597011916785 -6.9511162705293661e-05
leaf_weight=3318 1932 73 83 80 65 10473
leaf_count=3318 1932 73 83 80 65 10473
internal_value=1.84146e-06 -0.000449229 6.87556e-05 0.0023433 -0.000260433 4.18704e-05
internal_weight=16024 2070 13954 163 1997 13791
internal_count=16024 2070 13954 163 1997 13791
is_linear=0
shrinkage=0.00834467


Tree=649
num_leaves=7
num_cat=1
split_feature=14 0 7 54 27 53
split_gain=8.89499 24.2803 8.60758 23.2219 11.8329 4.04
threshold=1.128003520257822 0 51.500000000000007 1.1357041280018021 26.817831993103031 0.77997736678812235
decision_type=8 9 2 2 2 2
left_child=1 -1 4 -4 -2 -3
right_child=2 5 3 -5 -6 -7
leaf_value=0.004114701827822722 -3.4325899795583251e-05 4.4224194947369332e-05 -0.0003884458372999245 -0.0053158140365908903 0.0010019681109854201 0.0021601779682623697
leaf_weight=122 12368 702 1909 69 818 69
leaf_count=122 12368 702 1909 69 818 69
internal_value=6.2194e-07 0.000809957 -4.70399e-05 -0.000560356 2.99618e-05 0.000230623
internal_weight=16057 893 15164 1978 13186 771
internal_count=16057 893 15164 1978 13186 771
cat_boundaries=0 1
cat_threshold=8192
is_linear=0
shrinkage=0.00834467


Tree=650
num_leaves=8
num_cat=0
split_feature=17 28 53 39 28 18 21
split_gain=6.98272 7.54811 22.5868 9.43414 7.38588 7.50684 5.26815
threshold=-0.78584999999999994 28.324242591857914 0.5378393989571344 28.506158828735355 27.026253700256351 26.750474929809574 27.530233383178714
decision_type=8 2 2 2 2 2 2
left_child=4 3 -3 -2 5 -1 -6
right_child=1 2 -4 -5 6 -7 -8
leaf_value=0.00031858156665475726 -7.615305034145388e-05 0.00032312010817047251 -0.0047409950390576126 0.0026050692268888547 0.0036482033393265409 -0.0021866207936109949 0.0010301900537125024
leaf_weight=1948 13369 173 95 92 66 87 283
leaf_count=1948 13369 173 95 92 66 87 283
internal_value=-1.30468e-05 -8.54349e-05 -0.0014721 -5.78262e-05 0.000403821 0.00021147 0.00152537
internal_weight=16113 13729 268 13461 2384 2035 349
internal_count=16113 13729 268 13461 2384 2035 349
is_linear=0
shrinkage=0.00834467


Tree=651
num_leaves=8
num_cat=2
split_feature=28 47 54 6 0 17 0
split_gain=7.98507 11.3534 14.0124 8.612 7.63515 6.62994 5.52611
threshold=23.241488456726078 23.864499092102054 0.31106344197287689 8.5000000000000018 0 1.4052060000000004 1
decision_type=2 2 2 2 9 10 9
left_child=1 5 -3 6 -5 -1 -2
right_child=3 2 -4 4 -6 -7 -8
leaf_value=-0.00016609002649363493 -0.00016417756237603452 0.0033605116710381309 -2.4234669746668636e-06 0.00043552072881908804 -8.4182190332488568e-05 -0.00096870008822010469 0.0018969433640961225
leaf_weight=6402 132 137 233 3307 4839 807 311
leaf_count=6402 132 137 233 3307 4839 807 311
internal_value=1.46491e-05 -0.000182768 0.00124283 0.000188852 0.000127231 -0.000255938 0.00132192
internal_weight=16168 7579 370 8589 8146 7209 443
internal_count=16168 7579 370 8589 8146 7209 443
cat_boundaries=0 1 2
cat_threshold=26752 10372
is_linear=0
shrinkage=0.00834467


Tree=652
num_leaves=8
num_cat=0
split_feature=47 7 54 55 7 23 53
split_gain=8.23256 6.7127 28.6798 12.0508 6.06688 8.83116 6.2832
threshold=22.258134841918949 51.500000000000007 1.1357041280018021 1.5868855998533167 32.500000000000007 23.142375946044925 0.37701264427270115
decision_type=2 2 2 2 2 2 2
left_child=4 3 -3 -2 6 -6 -1
right_child=1 2 -4 -5 5 -7 -8
leaf_value=-0.00022221911295615114 0.00014791845072204286 -0.00016156811274119578 -0.0057790543504334657 0.0022363976433938133 -0.00055441687794637636 -0.0032798618788577737 0.0010329585523921167
leaf_weight=1781 10408 1534 66 196 1706 87 329
leaf_count=1781 10408 1534 66 196 1706 87 329
internal_value=3.8139e-06 0.000110502 -0.000393323 0.000186523 -0.000329782 -0.000686678 -2.65027e-05
internal_weight=16107 12204 1600 10604 3903 1793 2110
internal_count=16107 12204 1600 10604 3903 1793 2110
is_linear=0
shrinkage=0.00834467


Tree=653
num_leaves=8
num_cat=0
split_feature=45 55 54 54 50 2 7
split_gain=8.09779 7.94724 16.7063 8.57461 6.04576 5.48577 3.49031
threshold=22.056207656860355 0.62143305964614615 0.33569644316042346 0.60060214001267065 22.618290090357792 7.3900990000000002 32.500000000000007
decision_type=2 2 2 2 2 2 2
left_child=4 3 -3 -2 6 -6 -1
right_child=1 2 -4 -5 5 -7 -8
leaf_value=-2.9569631106097863e-05 3.6717050054255575e-05 0.0028277338873156171 0.00030835947278730157 -0.0011566760457537757 -0.0005099547123428483 -0.0036873562429666044 -0.00060420298891366013
leaf_weight=1636 9311 195 3047 439 81 71 1338
leaf_count=1636 9311 195 3047 439 81 71 1338
internal_value=1.02454e-05 0.000101993 0.000459903 -1.70173e-05 -0.000371066 -0.00199428 -0.000288098
internal_weight=16118 12992 3242 9750 3126 152 2974
internal_count=16118 12992 3242 9750 3126 152 2974
is_linear=0
shrinkage=0.00834467


Tree=654
num_leaves=8
num_cat=1
split_feature=0 14 23 52 33 53 53
split_gain=8.17879 19.4756 7.78237 7.05496 17.1643 7.36244 7.03079
threshold=0 1.128003520257822 26.211529731750492 1.1554441099334991 23.903439521789554 1.1519340848350235 0.68441711329103405
decision_type=9 8 2 2 2 2 2
left_child=1 2 -1 5 -5 -2 -3
right_child=3 6 -4 4 -6 -7 -8
leaf_value=0.0015762409700989415 -0.00012313277449365809 0.00030450262978771303 0.0054023638288719679 -0.0038271582146524349 0.0011198576913173731 0.0023423309685893174 -0.00061776771915893832
leaf_weight=86 10735 4322 65 113 86 85 664
leaf_count=86 10735 4322 65 113 86 85 664
internal_value=-4.1013e-06 0.000270572 0.00322349 -0.000132278 -0.0016893 -0.000103762 0.00018168
internal_weight=16156 5137 151 11019 199 10820 4986
internal_count=16156 5137 151 11019 199 10820 4986
cat_boundaries=0 1
cat_threshold=27136
is_linear=0
shrinkage=0.00834467


Tree=655
num_leaves=8
num_cat=1
split_feature=14 0 7 54 6 43 6
split_gain=8.84276 21.2944 8.27841 18.6382 8.29301 4.01703 3.82142
threshold=1.128003520257822 0 50.500000000000007 1.1357041280018021 10.500000000000002 25.463579177856449 14.500000000000002
decision_type=8 9 2 2 2 2 2
left_child=1 5 4 -4 -2 -1 -3
right_child=2 6 3 -5 -6 -7 -8
leaf_value=0.0055209660974282161 0.00039714986983366019 0.00053662786771472432 -0.00038582995951368023 -0.0043697003192181734 -0.0001037165852373699 0.0025977614787602442 -0.00088592684118043389
leaf_weight=65 3000 605 2148 85 9892 66 168
leaf_count=65 3000 605 2148 85 9892 66 168
internal_value=-2.0496e-05 0.000781202 -6.84129e-05 -0.000537496 1.28365e-05 0.0037614 0.000224545
internal_weight=16029 904 15125 2233 12892 131 773
internal_count=16029 904 15125 2233 12892 131 773
cat_boundaries=0 1
cat_threshold=8192
is_linear=0
shrinkage=0.00834467


Tree=656
num_leaves=5
num_cat=0
split_feature=52 6 6 17
split_gain=10.5875 7.47739 23.1411 10.1144
threshold=1.6599892834646715 14.500000000000002 13.500000000000002 1.4214645000000004
decision_type=2 2 2 10
left_child=1 2 -1 -3
right_child=-2 3 -4 -5
leaf_value=-3.4240507310495618e-05 -0.0024444157271816783 -0.00015304986302540948 0.0010465373213559431 -0.0015260216105014851
leaf_weight=9393 124 4555 1617 407
leaf_count=9393 124 4555 1617 407
internal_value=-1.55778e-05 3.28014e-06 0.00012449 -0.000265668
internal_weight=16096 15972 11010 4962
internal_count=16096 15972 11010 4962
is_linear=0
shrinkage=0.00834467


Tree=657
num_leaves=8
num_cat=0
split_feature=8 14 54 53 55 18 55
split_gain=6.80441 11.6811 12.057 10.8374 6.57706 10.0091 9.35305
threshold=1.5000000000000002 0.83502133836730297 0.53206886389827324 0.078810069257847185 1.09768053753281 26.750474929809574 0.63604226657049334
decision_type=2 8 2 2 2 2 2
left_child=1 2 -1 -3 6 -6 -2
right_child=4 3 -4 -5 5 -7 -8
leaf_value=0.00088985253436411199 -0.00013443844946414593 0.003303982771156096 0.0052194671525707479 0.00013950391596251883 -0.00043160811207169035 -0.0036486203489546286 0.00060341512785456184
leaf_weight=144 10505 77 65 3518 298 87 1350
leaf_count=144 10505 77 65 3518 298 87 1350
internal_value=1.05291e-05 0.000318789 0.00223656 0.000207291 -8.52736e-05 -0.00115864 -5.04142e-05
internal_weight=16044 3804 209 3595 12240 385 11855
internal_count=16044 3804 209 3595 12240 385 11855
is_linear=0
shrinkage=0.00834467


Tree=658
num_leaves=8
num_cat=0
split_feature=45 7 54 53 3 6 53
split_gain=7.31558 7.91354 23.243 9.55728 2.87923 3.04352 2.15604
threshold=21.490518569946293 50.500000000000007 1.1357041280018021 1.1519340848350235 0.33264700000000008 10.500000000000002 0.26395007683443311
decision_type=2 2 2 2 2 2 2
left_child=4 3 -3 -2 6 -6 -1
right_child=1 2 -4 -5 5 -7 -8
leaf_value=-0.00077555826399281381 9.6115172148202293e-05 -0.00024578031086403338 -0.0048574742992914715 0.001579631654592158 0.00073902695852685917 -0.00056887492351946416 -0.002115156790109065
leaf_weight=253 12303 2067 79 310 149 735 125
leaf_count=253 12303 2067 79 310 149 735 125
internal_value=7.33046e-07 5.28755e-05 -0.00041557 0.000132578 -0.000609064 -0.00034842 -0.00121859
internal_weight=16021 14759 2146 12613 1262 884 378
internal_count=16021 14759 2146 12613 1262 884 378
is_linear=0
shrinkage=0.00834467


Tree=659
num_leaves=7
num_cat=1
split_feature=44 0 14 55 17 9
split_gain=7.30732 6.85229 10.1243 4.64118 3.64278 2.2055
threshold=21.490017890930179 0 1.2245632698782047 0.81417942773765717 -0.39178299999999988 21.085356712341312
decision_type=2 9 8 2 10 2
left_child=3 2 -2 5 -3 -1
right_child=1 4 -4 -5 -6 -7
leaf_value=-0.0015122732078362519 0.001908389683267201 3.9890258498483597e-05 0.00019798199159952611 -0.0027594235510987747 -0.00031217005459732825 -0.00036085603910453157
leaf_weight=130 251 5292 6032 66 3337 1063
leaf_count=130 251 5292 6032 66 3337 1063
internal_value=4.96484e-06 5.65074e-05 0.000265891 -0.000605517 -9.6147e-05 -0.000486336
internal_weight=16171 14912 6283 1259 8629 1193
internal_count=16171 14912 6283 1259 8629 1193
cat_boundaries=0 1
cat_threshold=27264
is_linear=0
shrinkage=0.00834467


Tree=660
num_leaves=5
num_cat=1
split_feature=9 55 6 0
split_gain=6.96263 7.90379 8.86458 3.78272
threshold=32.756839752197273 0.27787839535852371 14.500000000000002 0
decision_type=2 2 2 9
left_child=1 3 -3 -1
right_child=-2 2 -4 -5
leaf_value=0.0012009588421113483 0.0027156231133954752 0.00027399400075091328 -0.0002601512139099874 -0.00030040684749339862
leaf_weight=110 65 7327 3070 5609
leaf_count=110 65 7327 3070 5609
internal_value=-9.79115e-06 -2.07851e-05 0.000116273 -0.000269953
internal_weight=16181 16116 10397 5719
internal_count=16181 16116 10397 5719
cat_boundaries=0 1
cat_threshold=2048
is_linear=0
shrinkage=0.00834467


Tree=661
num_leaves=7
num_cat=1
split_feature=14 0 7 54 43 56
split_gain=7.22208 17.4854 6.84267 22.0422 7.06923 2.70109
threshold=1.128003520257822 0 51.500000000000007 1.1357041280018021 30.254060745239261 0.73071765727783256
decision_type=8 9 2 2 2 2
left_child=1 -1 4 -4 -2 -3
right_child=2 5 3 -5 -6 -7
leaf_value=0.0035219577431835139 -1.9335019927105398e-06 0.00039650381602722131 -0.00032369708478558254 -0.004905740026147019 0.0013524903273815032 -0.0013008601458562854
leaf_weight=123 12962 699 1914 76 274 72
leaf_count=123 12962 699 1914 76 274 72
internal_value=3.12051e-07 0.000729231 -4.24871e-05 -0.000498713 2.61056e-05 0.000234934
internal_weight=16120 894 15226 1990 13236 771
internal_count=16120 894 15226 1990 13236 771
cat_boundaries=0 1
cat_threshold=8192
is_linear=0
shrinkage=0.00834467


Tree=662
num_leaves=8
num_cat=0
split_feature=8 14 54 53 52 54 39
split_gain=7.96147 10.11 12.5563 10.7977 7.97072 7.0653 6.09674
threshold=1.5000000000000002 0.83502133836730297 0.52711702108604175 0.078810069257847185 1.0786263104494009 1.1992826704856399 28.506158828735355
decision_type=2 8 2 2 2 2 2
left_child=1 2 -1 -3 6 -6 -2
right_child=4 3 -4 -5 5 -7 -8
leaf_value=0.00073454860935627943 -0.00011839931701156316 0.0031768710244761715 0.0051528796187240667 0.00014939959392090967 -0.00031465687599317336 -0.0039071900407898347 0.0010920003147612569
leaf_weight=144 11893 84 65 3487 81 72 297
leaf_count=144 11893 84 65 3487 81 72 297
internal_value=-1.0049e-05 0.00032503 0.00210885 0.000220623 -0.000112666 -0.0020054 -8.8908e-05
internal_weight=16123 3780 209 3571 12343 153 12190
internal_count=16123 3780 209 3571 12343 153 12190
is_linear=0
shrinkage=0.00834467


Tree=663
num_leaves=7
num_cat=0
split_feature=44 59 55 6 55 54
split_gain=8.27181 6.795 21.8642 5.6582 3.88023 1.99357
threshold=21.490017890930179 5.5000000000000009 0.68359556342267103 15.500000000000002 0.81417942773765717 0.46270156888151431
decision_type=2 2 2 2 2 2
left_child=4 3 -3 -2 5 -1
right_child=1 2 -4 -5 -6 -7
leaf_value=-0.00063529730544506047 6.1197190925261011e-05 0.00018839869403860477 0.0036235698258428005 -0.00040141405637314254 -0.0026113539922607331 0.00075960062147161227
leaf_weight=1163 11695 886 151 2185 67 76
leaf_count=1163 11695 886 151 2185 67 76
internal_value=-1.87006e-05 3.70534e-05 0.000688631 -1.16276e-05 -0.000655513 -0.000549729
internal_weight=16223 14917 1037 13880 1306 1239
internal_count=16223 14917 1037 13880 1306 1239
is_linear=0
shrinkage=0.00834467


Tree=664
num_leaves=7
num_cat=0
split_feature=17 16 47 27 53 20
split_gain=7.92707 9.35579 6.79441 6.06325 17.299 13.894
threshold=-0.84171599999999991 3.163567 27.598443031311039 28.278827667236332 0.70963598068520561 27.960625648498539
decision_type=8 10 2 2 2 2
left_child=1 2 -1 5 -5 -2
right_child=3 -3 -4 4 -6 -7
leaf_value=0.00019064121669954304 -6.8235876690528509e-05 0.003532019382543136 0.0015771579707927145 -4.5379950186027604e-05 -0.0047786515702739592 0.0031341018514966764
leaf_weight=1933 13449 67 282 204 73 95
leaf_count=1933 13449 67 282 204 73 95
internal_value=4.464e-06 0.000460105 0.00036717 -7.07677e-05 -0.0012929 -4.57719e-05
internal_weight=16103 2282 2215 13821 277 13544
internal_count=16103 2282 2215 13821 277 13544
is_linear=0
shrinkage=0.00834467


Tree=665
num_leaves=7
num_cat=0
split_feature=6 6 53 51 6 52
split_gain=8.48368 29.1889 19.3901 12.2321 10.8657 9.73762
threshold=14.500000000000002 13.500000000000002 0.62339677837821961 26.613435681663336 10.500000000000002 1.1554441099334991
decision_type=2 2 2 2 2 2
left_child=1 4 -3 5 -1 -2
right_child=3 2 -4 -5 -6 -7
leaf_value=0.00027393128228574831 -0.00017891611081558665 0.00066710988620831326 0.002839647112983134 -0.0029085094645249247 -0.00029888531749852582 -0.0033819611970710012
leaf_weight=4009 4823 1336 364 121 5428 67
leaf_count=4009 4823 1336 364 121 5428 67
internal_value=-2.52235e-06 0.000125776 0.0011323 -0.000287666 -5.55429e-05 -0.000222809
internal_weight=16148 11137 1700 5011 9437 4890
internal_count=16148 11137 1700 5011 9437 4890
is_linear=0
shrinkage=0.00834467


Tree=666
num_leaves=8
num_cat=1
split_feature=14 0 31 7 54 6 52
split_gain=8.09201 15.3956 6.49677 7.25283 5.35382 4.98402 2.49124
threshold=1.1552303173889189 0 21.282774925231937 50.500000000000007 0.76550912427142437 14.500000000000002 0.26757290345603463
decision_type=8 9 2 2 2 2 2
left_child=1 4 6 -4 -1 -3 -2
right_child=2 5 3 -5 -6 -7 -8
leaf_value=0.001911589769994533 -0.00067236315019362743 0.00062069841333542669 6.7260433552646207e-05 -0.00045585643363546855 0.0051135721946072021 -0.00096575314341402563 -0.0022461899825295534
leaf_weight=81 562 624 12376 2169 66 177 80
leaf_count=81 562 624 12376 2169 66 177 80
internal_value=-3.19563e-07 0.000747647 -4.70094e-05 -1.07488e-05 0.00313613 0.000266796 -0.000868509
internal_weight=16135 948 15187 14545 147 801 642
internal_count=16135 948 15187 14545 147 801 642
cat_boundaries=0 1
cat_threshold=8192
is_linear=0
shrinkage=0.00834467


Tree=667
num_leaves=5
num_cat=1
split_feature=9 55 6 0
split_gain=7.35141 7.57457 11.3007 3.0444
threshold=32.756839752197273 0.27787839535852371 14.500000000000002 0
decision_type=2 2 2 9
left_child=1 3 -3 -1
right_child=-2 2 -4 -5
leaf_value=-0.00046359808068144678 0.0028109442671865104 0.00031122570406214213 -0.00029153906834099096 -7.447590816055714e-05
leaf_weight=2489 65 7331 3074 3215
leaf_count=2489 65 7331 3074 3215
internal_value=1.04749e-05 -8.26672e-07 0.000133148 -0.000245217
internal_weight=16174 16109 10405 5704
internal_count=16174 16109 10405 5704
cat_boundaries=0 1
cat_threshold=454
is_linear=0
shrinkage=0.00834467


Tree=668
num_leaves=8
num_cat=0
split_feature=8 14 17 39 55 17 53
split_gain=7.73324 9.11887 9.2206 8.70618 11.6112 9.20572 7.7037
threshold=1.5000000000000002 0.83502133836730297 -1.1343974999999997 28.506158828735355 1.228987702458288 -1.1593104999999997 0.49722596472097808
decision_type=2 8 8 2 2 10 2
left_child=1 6 -3 4 -2 -5 -1
right_child=3 2 -4 5 -6 -7 -8
leaf_value=0.00090985465045246097 -0.00011756937014118852 0.0013463094729638727 5.571100376272001e-05 0.00047634281453058831 -0.0019420039547142671 0.0039696040058774702 0.0044022222397760314
leaf_weight=136 11805 439 3161 220 248 69 65
leaf_count=136 11805 439 3161 220 248 69 65
internal_value=-1.94338e-05 0.000309676 0.000213096 -0.000120791 -0.00015511 0.00131048 0.00203938
internal_weight=16143 3801 3600 12342 12053 289 201
internal_count=16143 3801 3600 12342 12053 289 201
is_linear=0
shrinkage=0.00834467


Tree=669
num_leaves=7
num_cat=0
split_feature=52 27 24 53 7 18
split_gain=8.5236 22.3801 11.4129 7.71058 21.1509 7.40257
threshold=1.2615107883420882 26.63007736206055 24.187727928161625 1.1519340848350235 25.500000000000004 29.014486314812014
decision_type=2 2 2 2 2 2
left_child=3 2 -2 5 -5 -1
right_child=1 -3 -4 4 -6 -7
leaf_value=-2.3729055175711279e-05 -0.0011706509261577376 0.0026863717659245628 -0.0052774644737673239 0.0043357616473551812 -0.0012400805602677887 0.0012105147749885694
leaf_weight=15336 109 66 83 100 90 346
leaf_count=15336 109 66 83 100 90 346
internal_value=-7.08413e-07 -0.00150524 -0.00294617 2.37487e-05 0.00169464 3.50343e-06
internal_weight=16130 258 192 15872 190 15682
internal_count=16130 258 192 15872 190 15682
is_linear=0
shrinkage=0.00834467


Tree=670
num_leaves=7
num_cat=0
split_feature=7 54 20 36 32 6
split_gain=7.45102 15.2961 10.0907 8.29115 7.44151 5.79619
threshold=51.500000000000007 1.0949892040960993 26.594993591308597 25.415033340454105 27.737023353576664 15.500000000000002
decision_type=2 2 2 2 2 2
left_child=2 5 4 -4 -1 -2
right_child=1 -3 3 -5 -6 -7
leaf_value=1.8090245608659046e-05 -0.00014854082939974467 -0.0039367033423657804 -0.001195105427831457 0.0011628244071105658 -0.0026354834768356418 -0.001479804441639213
leaf_weight=12969 1741 85 118 865 74 262
leaf_count=12969 1741 85 118 865 74 262
internal_value=-4.75426e-06 -0.000469822 6.44789e-05 0.000879768 3.03315e-06 -0.000322681
internal_weight=16114 2088 14026 983 13043 2003
internal_count=16114 2088 14026 983 13043 2003
is_linear=0
shrinkage=0.00834467


Tree=671
num_leaves=7
num_cat=1
split_feature=17 16 0 56 56 47
split_gain=7.56642 8.8334 6.70782 8.10596 7.21272 6.08063
threshold=-0.84171599999999991 3.0744704999999999 0 0.059700965881347663 0.56345272064208818 27.598443031311039
decision_type=8 10 9 2 2 2
left_child=1 5 3 -2 -4 -1
right_child=2 -3 4 -5 -6 -7
leaf_value=0.00019256474766837079 -0.00010139089757028176 0.0034788111798584316 -0.00021509196924094964 0.00046904879725699183 -0.0014793166066442089 0.0015277302827109939
leaf_weight=1922 5277 65 5577 2584 333 271
leaf_count=1922 5277 65 5577 2584 333 271
internal_value=-3.06541e-07 0.000447428 -7.37209e-05 8.601e-05 -0.000285844 0.000357564
internal_weight=16029 2258 13771 7861 5910 2193
internal_count=16029 2258 13771 7861 5910 2193
cat_boundaries=0 1
cat_threshold=27146
is_linear=0
shrinkage=0.00834467


Tree=672
num_leaves=7
num_cat=0
split_feature=44 7 55 55 55 9
split_gain=7.1206 6.73185 24.0488 11.6066 3.91703 2.03215
threshold=21.490017890930179 51.500000000000007 1.2658124336981296 1.5868855998533167 0.81417942773765717 21.085356712341312
decision_type=2 2 2 2 2 2
left_child=4 3 -3 -2 5 -1
right_child=1 2 -4 -5 -6 -7
leaf_value=-0.0014518786468145411 8.1491414748718289e-05 -0.00023787941231887967 -0.0053248620106222111 0.0020877838044242869 -0.002601707559582445 -0.00037590347413557804
leaf_weight=138 12708 1888 67 204 65 1069
leaf_count=138 12708 1888 67 204 65 1069
internal_value=-7.17317e-06 4.40967e-05 -0.000412241 0.000113191 -0.000606406 -0.000498934
internal_weight=16139 14867 1955 12912 1272 1207
internal_count=16139 14867 1955 12912 1272 1207
is_linear=0
shrinkage=0.00834467


Tree=673
num_leaves=8
num_cat=0
split_feature=6 6 51 7 15 55 54
split_gain=7.06989 16.5477 13.6055 9.4099 6.5365 8.12075 7.78119
threshold=10.500000000000002 11.500000000000002 26.955186335349939 5.5000000000000009 3.0420593836493688 0.87395303106109223 1.0949892040960993
decision_type=2 2 2 2 10 2 2
left_child=4 3 -3 -2 6 -6 -1
right_child=1 2 -4 -5 5 -7 -8
leaf_value=0.00010235565344472626 0.00085981478143435795 4.4186631706531092e-05 -0.0026522118987316076 -0.0010624995939415363 0.00052201515426877367 0.0027519305737113407 -0.0023339847485145471
leaf_weight=2327 199 10095 132 1627 1506 123 95
leaf_count=2327 199 10095 132 1627 1506 123 95
internal_value=-1.99039e-05 -0.000121268 9.38172e-06 -0.000853 0.000281684 0.000690403 6.78424e-06
internal_weight=16104 12053 10227 1826 4051 1629 2422
internal_count=16104 12053 10227 1826 4051 1629 2422
is_linear=0
shrinkage=0.00834467


Tree=674
num_leaves=7
num_cat=0
split_feature=44 59 55 6 9 50
split_gain=7.1956 7.50209 19.9146 6.89296 4.16916 2.14531
threshold=21.468225478728034 5.5000000000000009 0.68359556342267103 15.500000000000002 22.647521018981937 21.198670005723759
decision_type=2 2 2 2 2 2
left_child=4 3 -3 -2 5 -1
right_child=1 2 -4 -5 -6 -7
leaf_value=-0.00122576187794946 8.7726249395556297e-05 0.0002430725243990841 0.0033803296141546434 -0.00042608380247582636 -0.0025439413607723825 -0.00030742215719443028
leaf_weight=220 11688 901 167 2153 73 909
leaf_count=220 11688 901 167 2153 73 909
internal_value=9.725e-06 5.97988e-05 0.000733662 7.80165e-06 -0.000611361 -0.000486381
internal_weight=16111 14909 1068 13841 1202 1129
internal_count=16111 14909 1068 13841 1202 1129
is_linear=0
shrinkage=0.00834467


Tree=675
num_leaves=8
num_cat=0
split_feature=6 6 54 6 17 9 24
split_gain=8.49599 24.8599 23.3773 10.5333 9.71601 6.65963 6.16499
threshold=14.500000000000002 13.500000000000002 0.73791090815877003 10.500000000000002 1.4214645000000004 26.831568716791995 24.549954416484379
decision_type=2 2 2 2 10 2 2
left_child=1 3 -3 -1 5 -2 -6
right_child=4 2 -4 -5 6 -7 -8
leaf_value=0.00028886913821359365 -0.00012828746062734897 0.00057488170434296911 0.0030237728091631671 -0.00027212393638435198 -0.00096300274667959675 -0.0026352104025022358 -0.0034270376590413991
leaf_weight=4091 4531 1346 340 5416 317 75 91
leaf_count=4091 4531 1346 340 5416 317 75 91
internal_value=7.01772e-06 0.000134892 0.00106874 -3.07204e-05 -0.000278442 -0.000169113 -0.00151265
internal_weight=16207 11193 1686 9507 5014 4606 408
internal_count=16207 11193 1686 9507 5014 4606 408
is_linear=0
shrinkage=0.00834467


Tree=676
num_leaves=8
num_cat=0
split_feature=8 6 6 46 55 15 55
split_gain=7.87291 9.0465 26.9496 14.4807 5.84761 9.02909 7.51304
threshold=1.5000000000000002 14.500000000000002 12.500000000000002 26.053795814514164 1.1440054897441951 3.6168034033998553 0.63604226657049334
decision_type=2 2 2 2 2 10 2
left_child=1 2 -1 -3 6 -6 -2
right_child=4 3 -4 -5 5 -7 -8
leaf_value=5.4013191935328395e-05 -0.000142750160347581 0.00037072272198207182 0.0017828880463209068 -0.0023963039747335129 -0.0018259852274721223 0.0016059874404686487 0.00051285444022871436
leaf_weight=2410 10603 362 849 207 279 66 1375
leaf_count=2410 10603 362 849 207 279 66 1375
internal_value=4.3434e-06 0.000334902 0.000504405 -0.000635934 -9.83411e-05 -0.00116941 -6.74905e-05
internal_weight=16151 3828 3259 569 12323 345 11978
internal_count=16151 3828 3259 569 12323 345 11978
is_linear=0
shrinkage=0.00834467


Tree=677
num_leaves=7
num_cat=0
split_feature=29 31 53 20 48 27
split_gain=7.17061 8.69155 16.8668 13.687 7.25771 6.55087
threshold=26.564903259277347 27.697129248393558 0.55064818540601823 27.512093544006351 26.966468811486816 26.555933952331547
decision_type=2 2 2 2 2 2
left_child=4 3 -3 -2 5 -1
right_child=1 2 -4 -5 -6 -7
leaf_value=-6.8179267258183153e-05 0.00075324938353218279 0.00075473670396873453 -0.0023064485337660231 0.0041645209889269608 -0.0021174007572243485 0.001507713339036833
leaf_weight=14671 433 485 169 101 119 186
leaf_count=14671 433 485 169 101 119 186
internal_value=-1.53883e-05 0.000608634 -3.63259e-05 0.00139852 -6.48905e-05 -4.84491e-05
internal_weight=16164 1188 654 534 14976 14857
internal_count=16164 1188 654 534 14976 14857
is_linear=0
shrinkage=0.00834467


Tree=678
num_leaves=8
num_cat=0
split_feature=45 7 54 59 16 31 9
split_gain=7.82159 7.98791 18.942 8.56528 2.76119 2.53313 2.26796
threshold=21.490518569946293 50.500000000000007 1.1357041280018021 5.5000000000000009 2.2981935000000004 21.793809890747074 21.085356712341312
decision_type=2 2 2 2 8 2 2
left_child=4 3 -3 -2 5 -1 -6
right_child=1 2 -4 -5 6 -7 -8
leaf_value=-0.0018171713628115092 7.346687303993847e-05 -0.00025454399467154021 -0.0042279825193410692 0.00091535072552736583 -0.0014596869533486764 -8.3452053586462023e-05 -0.00025905138860826563
leaf_weight=213 11819 2097 87 906 126 81 839
leaf_count=213 11819 2097 87 906 126 81 839
internal_value=5.2512e-08 5.33882e-05 -0.000412845 0.000133408 -0.000631541 -0.00133953 -0.000415831
internal_weight=16168 14909 2184 12725 1259 294 965
internal_count=16168 14909 2184 12725 1259 294 965
is_linear=0
shrinkage=0.00834467


Tree=679
num_leaves=7
num_cat=0
split_feature=52 10 36 8 6 39
split_gain=11.0482 19.5152 12.3801 7.92344 8.46572 6.09346
threshold=1.2615107883420882 3.5000000000000004 24.869415283203129 1.5000000000000002 12.500000000000002 28.506158828735355
decision_type=2 2 2 2 2 2
left_child=3 2 -2 4 -1 -5
right_child=1 -3 -4 5 -6 -7
leaf_value=5.1726804116706068e-05 -0.0051734520820748186 0.0019803533019079307 -0.00060719201991730684 -0.00012467033526316292 0.00089349683052877794 0.0010873946427145242
leaf_weight=2363 101 68 70 11895 1284 296
leaf_count=2363 101 68 70 11895 1284 296
internal_value=-2.00274e-05 -0.00180074 -0.00330436 6.84518e-06 0.000348091 -9.52403e-05
internal_weight=16077 239 171 15838 3647 12191
internal_count=16077 239 171 15838 3647 12191
is_linear=0
shrinkage=0.00834467


Tree=680
num_leaves=8
num_cat=0
split_feature=6 6 51 7 17 39 7
split_gain=7.71496 13.9505 17.2173 9.18055 6.97057 7.02157 5.56195
threshold=10.500000000000002 11.500000000000002 26.955186335349939 4.5000000000000009 -2.4940664999999993 28.506158828735355 53.500000000000007
decision_type=2 2 2 2 10 2 2
left_child=4 3 -3 -2 6 -6 -1
right_child=1 2 -4 -5 5 -7 -8
leaf_value=6.2604794190958873e-05 0.0011043980039316416 5.023236848222166e-05 -0.0029828994457459937 -0.0009647888418162884 0.00045069516529427109 0.0020315226396612485 -0.0014495009230078345
leaf_weight=1384 164 10163 132 1666 2281 214 193
leaf_count=1384 164 10163 132 1666 2281 214 193
internal_value=-2.45673e-06 -0.000107998 1.13395e-05 -0.000779349 0.000311808 0.000586293 -0.000122461
internal_weight=16197 12125 10295 1830 4072 2495 1577
internal_count=16197 12125 10295 1830 4072 2495 1577
is_linear=0
shrinkage=0.00834467


Tree=681
num_leaves=8
num_cat=1
split_feature=45 7 53 0 17 6 48
split_gain=6.98527 8.54352 26.6068 7.29123 2.62603 2.88957 2.23857
threshold=21.490518569946293 51.500000000000007 0.97204787553875671 0 -1.8456294999999998 11.500000000000002 21.580640220329595
decision_type=2 2 2 9 10 2 2
left_child=4 3 -3 -2 6 -6 -1
right_child=1 2 -4 -5 5 -7 -8
leaf_value=-0.00056276086515535376 0.00047517520516292722 -0.00024912894068424403 -0.0052543594060796934 2.6514167534253445e-05 0.00022604883105985962 -0.0017249150981470047 0.00046754632622820412
leaf_weight=778 3429 1864 77 9481 69 226 181
leaf_count=778 3429 1864 77 9481 69 226 181
internal_value=1.79641e-05 6.84642e-05 -0.000447713 0.000146071 -0.0005801 -0.0012686 -0.0003683
internal_weight=16105 14851 1941 12910 1254 295 959
internal_count=16105 14851 1941 12910 1254 295 959
cat_boundaries=0 1
cat_threshold=14464
is_linear=0
shrinkage=0.00834467


Tree=682
num_leaves=8
num_cat=1
split_feature=0 10 52 53 40 21 33
split_gain=6.67423 7.3859 11.2533 10.5187 5.56689 6.56945 5.85281
threshold=0 3.5000000000000004 1.6599892834646715 1.0028078801907936 23.649876594543461 23.402068139301761 24.18178653717041
decision_type=9 2 2 2 2 2 2
left_child=4 2 -2 -3 5 -1 -6
right_child=1 3 -4 -5 6 -7 -8
leaf_value=-0.00030411102909133798 3.8426824481243838e-05 0.00049234157130848455 -0.0034433357428663458 0.003416438008373943 -0.00166775942399522 0.0008864933437798952 -0.00027030892359501349
leaf_weight=2572 11364 795 65 96 393 369 445
leaf_count=2572 11364 795 65 96 393 369 445
internal_value=-1.85432e-05 7.5609e-05 1.86221e-05 0.000807429 -0.000324831 -0.000154726 -0.000925688
internal_weight=16099 12320 11429 891 3779 2941 838
internal_count=16099 12320 11429 891 3779 2941 838
cat_boundaries=0 1
cat_threshold=1348
is_linear=0
shrinkage=0.00834467


Tree=683
num_leaves=7
num_cat=0
split_feature=6 6 6 51 52 55
split_gain=7.1882 9.72243 17.9538 17.6452 8.51923 5.73953
threshold=15.500000000000002 12.500000000000002 10.500000000000002 26.955186335349939 0.76617877262896472 0.7179843853919291
decision_type=2 2 2 2 2 2
left_child=1 2 -1 -3 5 -2
right_child=4 3 -4 -5 -6 -7
leaf_value=0.00029004919803339699 -0.00037031986487491043 0.00043275617981636347 -0.00051667188237868456 -0.0030874491751216502 -0.0031294419080393292 0.0012552093472556049
leaf_weight=4064 2764 5396 3643 101 75 160
leaf_count=4064 2764 5396 3643 101 75 160
internal_value=1.61918e-05 9.99557e-05 -9.12777e-05 0.000368072 -0.000352603 -0.000281368
internal_weight=16203 13204 7707 5497 2999 2924
internal_count=16203 13204 7707 5497 2999 2924
is_linear=0
shrinkage=0.00834467


Tree=684
num_leaves=7
num_cat=0
split_feature=7 55 55 52 52 6
split_gain=8.45809 22.8037 9.84295 15.9396 8.10254 4.76983
threshold=51.500000000000007 1.2925054985735935 1.5868855998533167 0.20888079304436222 1.2615107883420882 15.500000000000002
decision_type=2 2 2 2 2 2
left_child=2 5 4 -4 -1 -2
right_child=1 -3 3 -5 -6 -7
leaf_value=6.2393496199223634e-05 -0.00018608054998186193 -0.0053643916616735038 -0.0014482041991550829 0.0034294655220239137 -0.0019411538856604878 -0.0013849633502452184
leaf_weight=13703 1760 65 69 144 142 266
leaf_count=13703 1760 65 69 144 142 266
internal_value=-4.42147e-06 -0.000499593 6.92311e-05 0.00184938 4.1843e-05 -0.000343492
internal_weight=16149 2091 14058 213 13845 2026
internal_count=16149 2091 14058 213 13845 2026
is_linear=0
shrinkage=0.00834467


Tree=685
num_leaves=7
num_cat=0
split_feature=7 55 25 44 52 6
split_gain=7.4406 17.5927 10.5274 19.3163 10.241 7.27458
threshold=50.500000000000007 1.2658124336981296 26.809601783369143 24.6339225769043 1.6599892834646715 15.500000000000002
decision_type=2 2 2 2 2 2
left_child=2 5 4 -4 -1 -2
right_child=1 -3 3 -5 -6 -7
leaf_value=5.8365925128412707e-05 -8.9919191152436535e-05 -0.0043553030388947117 0.0049274114514243949 0.00059565241491692147 -0.0029179249698006943 -0.0014521760177707229
leaf_weight=12854 2004 76 79 773 81 316
leaf_count=12854 2004 76 79 773 81 316
internal_value=2.43137e-05 -0.000404901 9.89057e-05 0.000997357 3.9726e-05 -0.000275473
internal_weight=16183 2396 13787 852 12935 2320
internal_count=16183 2396 13787 852 12935 2320
is_linear=0
shrinkage=0.00834467


Tree=686
num_leaves=5
num_cat=0
split_feature=52 14 54 9
split_gain=9.0396 7.84112 17.9426 5.57194
threshold=1.6599892834646715 1.128003520257822 0.76550912427142437 32.756839752197273
decision_type=2 8 2 2
left_child=1 2 -1 -3
right_child=-2 3 -4 -5
leaf_value=0.00030803141140813884 -0.0022277124993725474 -4.8092246196325425e-05 0.0038128506451967081 0.0024001699788035991
leaf_weight=778 127 15073 117 65
leaf_count=778 127 15073 117 65
internal_value=-1.02729e-05 7.29315e-06 0.00076624 -3.75783e-05
internal_weight=16160 16033 895 15138
internal_count=16160 16033 895 15138
is_linear=0
shrinkage=0.00834467


Tree=687
num_leaves=7
num_cat=0
split_feature=52 26 18 55 48 54
split_gain=9.1798 14.9003 12.4788 8.33113 7.55331 7.35652
threshold=1.2615107883420882 26.025567054748539 24.817794799804691 0.34661252108966817 32.343348694069348 0.35045359876862087
decision_type=2 2 2 2 2 2
left_child=3 2 -2 4 -1 -5
right_child=1 -3 -4 5 -6 -7
leaf_value=-0.00019351937234941293 -0.00098089377866938097 0.0014320705488561566 -0.0055033081031473103 0.00072055708146559212 0.0021148727885441135 9.4943225133263745e-05
leaf_weight=7563 98 79 75 1632 100 6609
leaf_count=7563 98 79 75 1632 100 6609
internal_value=9.62891e-06 -0.00157054 -0.00294168 3.46677e-05 -0.000163393 0.000218837
internal_weight=16156 252 173 15904 7663 8241
internal_count=16156 252 173 15904 7663 8241
is_linear=0
shrinkage=0.00834467


Tree=688
num_leaves=7
num_cat=0
split_feature=45 59 55 10 55 55
split_gain=7.16004 7.4876 12.6342 6.24558 3.11904 3.75308
threshold=21.490518569946293 6.5000000000000009 0.36084705715733301 3.5000000000000004 0.84675840427683424 0.47865285390503426
decision_type=2 2 2 2 2 2
left_child=4 3 -3 -2 5 -1
right_child=1 2 -4 -5 -6 -7
leaf_value=-0.00062322764868432713 -1.2203006464563427e-05 -0.00035951997726562908 0.0042099918948650993 0.00063723555570906914 -0.0023453454316680845 0.0011948877518290916
leaf_weight=1130 13558 89 80 1116 67 85
leaf_count=1130 13558 89 80 1116 67 85
internal_value=5.62572e-06 5.73032e-05 0.00180368 3.71891e-05 -0.000592692 -0.000496026
internal_weight=16125 14843 169 14674 1282 1215
internal_count=16125 14843 169 14674 1282 1215
is_linear=0
shrinkage=0.00834467


Tree=689
num_leaves=7
num_cat=0
split_feature=7 55 6 6 9 6
split_gain=7.52964 15.5302 8.6531 22.4005 9.53569 6.34718
threshold=50.500000000000007 1.2658124336981296 10.500000000000002 12.500000000000002 26.924660682678226 15.500000000000002
decision_type=2 2 2 2 2 2
left_child=2 5 4 -4 -1 -2
right_child=1 -3 3 -5 -6 -7
leaf_value=0.00027826445871020813 -0.00013437365960326537 -0.0042422035879389969 -0.00063418714330950785 0.00021466546361106336 0.0015911445734580077 -0.0014272790981715538
leaf_weight=2910 1986 72 3068 7353 444 305
leaf_count=2910 1986 72 3068 7353 444 305
internal_value=8.75572e-06 -0.00042644 8.34105e-05 -3.52418e-05 0.000452067 -0.000306503
internal_weight=16138 2363 13775 10421 3354 2291
internal_count=16138 2363 13775 10421 3354 2291
is_linear=0
shrinkage=0.00834467


Tree=690
num_leaves=7
num_cat=0
split_feature=7 55 52 55 18 6
split_gain=6.31043 20.4979 10.2659 8.79776 16.3948 7.34507
threshold=50.500000000000007 1.2925054985735935 0.7326568373620147 1.5868855998533167 25.520937919616703 10.500000000000002
decision_type=2 2 2 2 2 2
left_child=3 2 -2 5 -5 -1
right_child=1 -3 -4 4 -6 -7
leaf_value=0.00039177041251514834 -0.00042040833367185235 -0.005016424891779731 0.0017403118149867359 -0.00034302694696910623 0.0042022441072563409 -6.4639329417449104e-05
leaf_weight=3228 2124 65 165 122 101 10257
leaf_count=3228 2124 65 165 122 101 10257
internal_value=3.25911e-06 -0.000395877 -0.000264649 7.18009e-05 0.00171569 4.46149e-05
internal_weight=16062 2354 2289 13708 223 13485
internal_count=16062 2354 2289 13708 223 13485
is_linear=0
shrinkage=0.00834467


Tree=691
num_leaves=7
num_cat=0
split_feature=10 52 54 49 17 59
split_gain=7.39076 18.5455 18.4091 13.3367 5.93957 5.74591
threshold=3.5000000000000004 1.6599892834646715 0.73791090815877003 26.711582374572757 -0.99842799999999998 6.5000000000000009
decision_type=2 2 2 2 10 2
left_child=1 5 4 -4 -2 -1
right_child=2 -3 3 -5 -6 -7
leaf_value=-3.4519049455000017e-05 0.0017065450072628325 -0.0039714718896100634 0.0036135776178092549 -0.00013609583851003124 -0.00026216533133469505 0.0014532406022985469
leaf_weight=14729 125 83 207 97 729 183
leaf_count=14729 125 83 207 97 729 183
internal_value=1.14475e-05 -3.81557e-05 0.000653757 0.00241717 2.60109e-05 -1.62603e-05
internal_weight=16153 14995 1158 304 854 14912
internal_count=16153 14995 1158 304 854 14912
is_linear=0
shrinkage=0.00834467


Tree=692
num_leaves=5
num_cat=0
split_feature=54 31 17 53
split_gain=6.89557 6.16743 5.36925 1.44599
threshold=1.8715316376720852 21.282774925231937 0.97010750000000023 0.22311778766577681
decision_type=2 2 10 2
left_child=1 3 -3 -1
right_child=-2 2 -4 -5
leaf_value=-0.00059780585209336437 -0.0026758628738766084 0.00011268515897465074 -0.00029203066397082069 -0.0015894162581372416
leaf_weight=512 67 12674 2784 128
leaf_count=512 67 12674 2784 128
internal_value=-4.55892e-06 6.56066e-06 3.97953e-05 -0.000796149
internal_weight=16165 16098 15458 640
internal_count=16165 16098 15458 640
is_linear=0
shrinkage=0.00834467


Tree=693
num_leaves=8
num_cat=0
split_feature=6 6 6 7 7 9 55
split_gain=7.11862 14.2596 18.1443 11.7466 9.2772 9.25424 7.37528
threshold=10.500000000000002 12.500000000000002 14.500000000000002 45.500000000000007 49.500000000000007 26.924660682678226 0.45991480859400191
decision_type=2 2 2 2 2 2 2
left_child=4 3 -3 -2 5 -1 -6
right_child=1 2 -4 -5 6 -7 -8
leaf_value=0.00033183651550392829 -0.0007963895304164923 0.00055470408009846773 -0.00023257099380938256 0.0003386650889701156 3.2475627640647595e-05 0.0016523334779476742 -0.0017063228623670735
leaf_weight=2789 2789 3443 4997 822 559 426 244
leaf_count=2789 2789 3443 4997 822 559 426 244
internal_value=2.24905e-06 -9.91668e-05 8.8589e-05 -0.000538008 0.00030642 0.000506812 -0.000495891
internal_weight=16069 12051 8440 3611 4018 3215 803
internal_count=16069 12051 8440 3611 4018 3215 803
is_linear=0
shrinkage=0.00834467


Tree=694
num_leaves=7
num_cat=1
split_feature=31 0 56 52 52 23
split_gain=6.41444 6.54578 7.84119 5.94697 3.43536 2.24205
threshold=21.282774925231937 0 0.088263511657711305 1.1554441099334991 0.26757290345603463 21.322837829589847
decision_type=2 9 2 2 2 2
left_child=4 2 -2 -3 5 -1
right_child=1 3 -4 -5 -6 -7
leaf_value=-0.00093031537713373833 4.5640992959969548e-05 -0.00010434468718135203 0.00060897223550990471 -0.0019854955543929702 -0.0024478648988163596 0.00022354382382729367
leaf_weight=383 5947 7006 2421 119 78 169
leaf_count=383 5947 7006 2421 119 78 169
internal_value=1.66797e-05 5.02434e-05 0.000208373 -0.000135576 -0.000808711 -0.000577053
internal_weight=16123 15493 8368 7125 630 552
internal_count=16123 15493 8368 7125 630 552
cat_boundaries=0 1
cat_threshold=31362
is_linear=0
shrinkage=0.00834467


Tree=695
num_leaves=7
num_cat=1
split_feature=17 16 0 47 56 56
split_gain=6.84094 8.42037 7.93771 7.0276 6.83718 6.61598
threshold=-0.84171599999999991 2.9888180000000002 0 27.598443031311039 0.81250572204589855 0.12819099426269712
decision_type=8 10 9 2 2 2
left_child=1 3 5 -1 -4 -2
right_child=2 -3 4 -5 -6 -7
leaf_value=0.00015089260249415571 -5.8793342643164016e-05 0.003354051461425651 -0.00030443694729378052 0.0015652512848940603 -0.0021282084539686352 0.00046805100982313475
leaf_weight=1936 7200 66 4349 280 148 2157
leaf_count=1936 7200 66 4349 280 148 2157
internal_value=-6.25321e-06 0.000417095 -7.59864e-05 0.000329608 -0.000363655 6.25897e-05
internal_weight=16136 2282 13854 2216 4497 9357
internal_count=16136 2282 13854 2216 4497 9357
cat_boundaries=0 1
cat_threshold=27147
is_linear=0
shrinkage=0.00834467


Tree=696
num_leaves=8
num_cat=1
split_feature=6 6 34 7 0 52 16
split_gain=6.38506 13.0289 11.6145 8.65946 7.54165 6.99066 6.72138
threshold=10.500000000000002 11.500000000000002 27.958295822143558 8.5000000000000018 0 0.3575373974666593 -3.1491484999999995
decision_type=2 2 2 2 9 2 10
left_child=4 3 -3 -2 6 -6 -1
right_child=1 2 -4 -5 5 -7 -8
leaf_value=0.00033580008243823872 0.00061156964889855074 5.7127815885036395e-05 -0.0028588732698198406 -0.00099102136466158773 -0.00018509327161217031 0.0011148321715664215 0.0014432693840231055
leaf_weight=1064 278 10190 96 1510 2056 335 595
leaf_count=1064 278 10190 96 1510 2056 335 595
internal_value=1.17963e-05 -8.43776e-05 2.99099e-05 -0.000741847 0.000298513 -2.94626e-06 0.000728608
internal_weight=16124 12074 10286 1788 4050 2391 1659
internal_count=16124 12074 10286 1788 4050 2391 1659
cat_boundaries=0 1
cat_threshold=19266
is_linear=0
shrinkage=0.00834467


Tree=697
num_leaves=8
num_cat=0
split_feature=8 32 7 17 39 55 17
split_gain=7.14553 10.2882 15.3907 8.82574 6.38672 15.7954 8.68889
threshold=1.5000000000000002 24.561448097229007 17.500000000000004 -0.9905314999999999 28.506158828735355 1.228987702458288 -1.1593104999999997
decision_type=2 2 2 8 2 2 10
left_child=1 2 -1 -3 5 -2 -6
right_child=4 3 -4 -5 6 -7 -8
leaf_value=0.0019500184177582464 -6.0249916081316435e-05 0.0010027548156706007 0.00027805270437206338 -0.00035919663856744864 0.00029007006851099719 -0.002192524117291773 0.003546896142353137
leaf_weight=558 11730 420 1225 1569 220 247 77
leaf_count=558 11730 420 1225 1569 220 247 77
internal_value=2.33695e-05 0.00034102 0.000801312 -7.16016e-05 -7.42498e-05 -0.000104225 0.00113452
internal_weight=16046 3772 1783 1989 12274 11977 297
internal_count=16046 3772 1783 1989 12274 11977 297
is_linear=0
shrinkage=0.00834467


Tree=698
num_leaves=8
num_cat=1
split_feature=0 14 2 53 52 32 53
split_gain=6.32405 8.49311 19.8909 7.38498 6.44091 13.549 9.00993
threshold=0 1.1552303173889189 10.472845000000001 0.68441711329103405 1.1554441099334991 23.966547012329105 1.1519340848350235
decision_type=9 8 2 2 2 2 2
left_child=1 2 -1 -3 6 -6 -2
right_child=4 3 -4 -5 5 -7 -8
leaf_value=-9.3781987200263555e-05 -0.00014501710761277917 0.00021091059672254754 0.0037755457593969376 -0.00066438960489948894 -0.0034643147830581453 0.0010331716111152401 0.0026006771718409521
leaf_weight=244 8870 5861 149 758 116 78 84
leaf_count=244 8870 5861 149 758 116 78 84
internal_value=-7.23226e-06 0.00018118 0.00137327 0.000110671 -0.000151683 -0.00165609 -0.000119256
internal_weight=16160 7012 393 6619 9148 194 8954
internal_count=16160 7012 393 6619 9148 194 8954
cat_boundaries=0 1
cat_threshold=27138
is_linear=0
shrinkage=0.00834467


Tree=699
num_leaves=7
num_cat=1
split_feature=17 16 0 14 26 14
split_gain=6.11058 7.00503 5.96003 6.3098 5.40405 4.343
threshold=-0.84171599999999991 2.9888180000000002 0 1.1552303173889189 25.376474380493168 6.0940031816324778
decision_type=8 10 9 10 2 10
left_child=1 5 4 -4 -2 -1
right_child=2 -3 3 -5 -6 -7
leaf_value=0.00056351562858851566 -0.0005980565120198212 0.0030934950074566051 0.00015457099400788079 -0.00023917117121480304 0.0013643019377980587 -0.00024281158604076459
leaf_weight=1501 1903 65 7046 4741 103 674
leaf_count=1501 1903 65 7046 4741 103 674
internal_value=-9.92222e-06 0.000394325 -7.55727e-05 -3.79792e-06 -0.000494825 0.000313647
internal_weight=16033 2240 13793 11787 2006 2175
internal_count=16033 2240 13793 11787 2006 2175
cat_boundaries=0 1
cat_threshold=4292
is_linear=0
shrinkage=0.00834467


Tree=700
num_leaves=5
num_cat=0
split_feature=54 10 53 52
split_gain=7.37613 8.5717 22.6281 19.2028
threshold=1.8715316376720852 3.5000000000000004 1.1519340848350235 1.6599892834646715
decision_type=2 2 2 2
left_child=1 3 -3 -1
right_child=-2 2 -4 -5
leaf_value=-7.2514139423936701e-06 -0.002769933149299437 0.00040025681054558891 0.0050052295158846188 -0.0044193336338959289
leaf_weight=14840 66 1042 80 69
leaf_count=14840 66 1042 80 69
internal_value=1.37981e-05 2.52604e-05 0.000728637 -2.76737e-05
internal_weight=16097 16031 1122 14909
internal_count=16097 16031 1122 14909
is_linear=0
shrinkage=0.00834467


Tree=701
num_leaves=8
num_cat=0
split_feature=10 54 52 36 46 9 7
split_gain=8.06086 17.6715 15.7688 15.1382 15.0593 6.13697 6.12775
threshold=3.5000000000000004 0.76550912427142437 1.2615107883420882 24.691435813903812 26.010251998901371 26.561666488647464 11.500000000000002
decision_type=2 2 2 2 2 2 2
left_child=2 6 5 -4 -3 -1 -2
right_child=1 4 3 -5 -6 -7 -8
leaf_value=-5.063365574254896e-05 0.0016965978886977538 0.0036376373586659121 -0.0046141589087225392 0.00010941662175525962 -0.00067643264896561294 0.00065822388074488272 -0.00020714407909538647
leaf_weight=13871 140 210 102 88 77 906 740
leaf_count=13871 140 210 102 88 77 906 740
internal_value=1.41971e-05 0.00068217 -3.78861e-05 -0.0024265 0.00248022 -7.17214e-06 9.57393e-05
internal_weight=16134 1167 14967 190 287 14777 880
internal_count=16134 1167 14967 190 287 14777 880
is_linear=0
shrinkage=0.00834467


Tree=702
num_leaves=7
num_cat=1
split_feature=8 53 6 52 3 0
split_gain=7.92254 9.08948 8.61615 6.77194 12.5353 5.7497
threshold=1.5000000000000002 0.077159646659162612 12.500000000000002 0.90249575866292042 3.1661955000000006 0
decision_type=2 2 2 2 2 9
left_child=1 -1 -3 5 -5 -2
right_child=3 2 -4 4 -6 -7
leaf_value=0.0032373874038770668 0.00087975283804341909 -3.1202710121996332e-05 0.00079550230875451036 -0.00021805779011642583 -0.0042262802179357482 -0.00010069517140253393
leaf_weight=74 422 2302 1419 179 78 11661
leaf_count=74 422 2302 1419 179 78 11661
internal_value=8.22539e-06 0.000341658 0.000284062 -9.43174e-05 -0.00143467 -6.58075e-05
internal_weight=16135 3795 3721 12340 257 12083
internal_count=16135 3795 3721 12340 257 12083
cat_boundaries=0 1
cat_threshold=2048
is_linear=0
shrinkage=0.00834467


Tree=703
num_leaves=7
num_cat=0
split_feature=7 54 55 18 6 14
split_gain=6.71832 20.6549 15.2171 18.0741 7.81694 7.68414
threshold=42.500000000000007 1.3371489458562527 1.5868855998533167 25.806072235107425 12.500000000000002 1.2245632698782047
decision_type=2 2 2 2 2 10
left_child=2 5 4 -4 -1 -2
right_child=1 -3 3 -5 -6 -7
leaf_value=-0.00016388785331953822 0.0001322070697753383 -0.0038560578987061928 0.0002286704865425043 0.0055423498246760126 0.00027423083966709208 -0.00057262103349487706
leaf_weight=5219 2442 109 104 78 6210 1927
leaf_count=5219 2442 109 104 78 6210 1927
internal_value=6.39205e-06 -0.000268187 0.000112289 0.00250613 7.4166e-05 -0.000178666
internal_weight=16089 4478 11611 182 11429 4369
internal_count=16089 4478 11611 182 11429 4369
is_linear=0
shrinkage=0.00834467


Tree=704
num_leaves=8
num_cat=1
split_feature=0 14 6 56 54 28 33
split_gain=6.8783 10.7813 11.9396 7.3895 7.14436 13.8834 7.29402
threshold=0 1.2245632698782047 14.500000000000002 0.12819099426269712 1.1992826704856399 26.908382415771488 24.038623809814457
decision_type=9 8 2 2 2 2 2
left_child=1 2 -1 -3 5 -2 -6
right_child=4 3 -4 -5 6 -7 -8
leaf_value=0.0039967606653526638 -0.00011487930846504613 -1.1222270047695164e-05 -0.00029554247417026028 0.00072568714631256626 -0.0029191592125472504 0.0034643933273376623 -7.9745648869340572e-05
leaf_weight=109 10456 3767 77 1266 127 76 125
leaf_count=109 10456 3767 77 1266 127 76 125
internal_value=-1.82489e-06 0.000246582 0.00221992 0.000174141 -0.000122159 -8.90478e-05 -0.00151078
internal_weight=16003 5219 186 5033 10784 10532 252
internal_count=16003 5219 186 5033 10784 10532 252
cat_boundaries=0 1
cat_threshold=31232
is_linear=0
shrinkage=0.00834467


Tree=705
num_leaves=6
num_cat=1
split_feature=0 59 9 52 54
split_gain=6.31924 8.6509 8.23655 7.16375 6.52217
threshold=0 6.5000000000000009 21.254704474621587 1.2615107883420882 0.84685568050390458
decision_type=9 2 2 2 2
left_child=3 2 -2 4 -1
right_child=1 -3 -4 -5 -6
leaf_value=-0.00033692796246064178 -0.0012863830751962825 0.0022638363929508077 0.00010850694516965888 -0.0027140980276828572 0.0012629840565644144
leaf_weight=3152 302 127 12297 84 188
leaf_count=3152 302 127 12297 84 188
internal_value=1.1194e-05 9.68388e-05 7.50703e-05 -0.00030651 -0.00024687
internal_weight=16150 12726 12599 3424 3340
internal_count=16150 12726 12599 3424 3340
cat_boundaries=0 1
cat_threshold=1284
is_linear=0
shrinkage=0.00834467


Tree=706
num_leaves=8
num_cat=0
split_feature=6 6 54 6 55 54 9
split_gain=6.54224 23.1085 30.5347 10.6394 10.2593 9.20094 8.3688
threshold=14.500000000000002 13.500000000000002 0.73791090815877003 10.500000000000002 1.1831691056602758 0.87324209052667723 25.927363395690922
decision_type=2 2 2 2 2 2 2
left_child=1 3 -3 -1 5 -2 -6
right_child=4 2 -4 -5 6 -7 -8
leaf_value=0.00028009158546746661 -0.00022839117868478137 0.00045824359225209806 0.0032682161617106761 -0.00028494802778773032 -0.0009269920064726698 0.0019815402021329653 -0.0045075351322711307
leaf_weight=4065 4634 1356 336 5407 146 135 66
leaf_count=4065 4634 1356 336 5407 146 135 66
internal_value=5.80134e-06 0.000118004 0.00101627 -4.24558e-05 -0.000245679 -0.000165829 -0.00204184
internal_weight=16145 11164 1692 9472 4981 4769 212
internal_count=16145 11164 1692 9472 4981 4769 212
is_linear=0
shrinkage=0.00834467


Tree=707
num_leaves=7
num_cat=1
split_feature=47 59 55 0 26 53
split_gain=5.82015 7.379 19.6955 5.28733 4.54214 3.73816
threshold=22.258134841918949 5.5000000000000009 0.68968904353178095 0 23.638947486877445 0.37701264427270115
decision_type=2 2 2 9 2 2
left_child=4 3 -3 -2 5 -1
right_child=1 2 -4 -5 -6 -7
leaf_value=-0.00035726068453602479 0.00019602020930343175 0.00026206611154831489 0.0038366036811522965 -0.00016392247342880578 -0.0024492892838060797 0.00034649567510120009
leaf_weight=3196 6549 594 131 5005 66 629
leaf_count=3196 6549 594 131 5005 66 629
internal_value=2.25055e-06 9.13696e-05 0.000907991 4.01268e-05 -0.000278986 -0.000241531
internal_weight=16170 12279 725 11554 3891 3825
internal_count=16170 12279 725 11554 3891 3825
cat_boundaries=0 1
cat_threshold=31362
is_linear=0
shrinkage=0.00834467


Tree=708
num_leaves=7
num_cat=0
split_feature=36 55 56 52 9 9
split_gain=6.81628 12.2839 19.3728 11.4497 6.23592 4.94623
threshold=26.538700103759769 1.4931445965129371 0.053779602050779481 1.0786263104494009 27.484950065612797 32.756839752197273
decision_type=2 2 2 2 2 2
left_child=1 4 -3 5 -1 -2
right_child=3 2 -4 -5 -6 -7
leaf_value=-4.3436255968707739e-06 0.00027008712057187889 -0.0045458170060004525 0.0012185887853028978 0.0038974627435057682 -0.0021604043471689653 0.0025553871853115206
leaf_weight=14660 1137 103 67 69 94 70
leaf_count=14660 1137 103 67 69 94 70
internal_value=6.26998e-06 -4.37806e-05 -0.00227402 0.000591654 -1.80816e-05 0.000402643
internal_weight=16200 14924 170 1276 14754 1207
internal_count=16200 14924 170 1276 14754 1207
is_linear=0
shrinkage=0.00834467


Tree=709
num_leaves=8
num_cat=0
split_feature=6 6 54 52 44 47 17
split_gain=5.36132 19.6405 22.3138 10.4858 14.3028 11.5309 7.32132
threshold=14.500000000000002 13.500000000000002 0.73791090815877003 0.82058040928954312 23.814904212951664 26.751664161682132 -0.78584999999999994
decision_type=2 2 2 2 2 2 8
left_child=1 6 -3 5 -5 -2 -1
right_child=3 2 -4 4 -6 -7 -8
leaf_value=0.00055470213963639881 -6.0982630820207227e-05 0.00047175775891763235 0.0028835214297729225 -0.0052900789686435639 -0.00057448341055454022 -0.0024914585697727019 -0.00012397637346957298
leaf_weight=1281 4659 1367 332 65 144 140 8140
leaf_count=1281 4659 1367 332 65 144 140 8140
internal_value=1.51339e-05 0.000117236 0.000943052 -0.000211578 -0.00204123 -0.000131891 -3.16941e-05
internal_weight=16128 11120 1699 5008 209 4799 9421
internal_count=16128 11120 1699 5008 209 4799 9421
is_linear=0
shrinkage=0.00834467


Tree=710
num_leaves=7
num_cat=0
split_feature=59 8 52 6 6 33
split_gain=6.03687 16.2505 8.13955 5.86872 9.3333 6.69024
threshold=5.5000000000000009 3.5000000000000004 0.57785479348768765 15.500000000000002 13.500000000000002 25.496109008789066
decision_type=2 2 2 2 2 2
left_child=3 2 -2 4 -1 -5
right_child=1 -3 -4 5 -6 -7
leaf_value=-0.00011107576510701269 6.8319513902835062e-05 0.0039168782646506802 0.0025385885765505044 -0.00032980564640025604 0.00040124867235260495 -0.0026845628243109669
leaf_weight=8978 1038 93 102 2443 3419 87
leaf_count=8978 1038 93 102 2443 3419 87
internal_value=1.82654e-06 0.000563 0.000289363 -4.45278e-05 3.02197e-05 -0.000410789
internal_weight=16160 1233 1140 14927 12397 2530
internal_count=16160 1233 1140 14927 12397 2530
is_linear=0
shrinkage=0.00834467


Tree=711
num_leaves=5
num_cat=0
split_feature=52 59 55 9
split_gain=7.57768 6.56596 13.6989 6.3646
threshold=1.6599892834646715 6.5000000000000009 0.42588472324415533 32.756839752197273
decision_type=2 2 2 2
left_child=1 3 -3 -1
right_child=-2 2 -4 -5
leaf_value=-2.9107045983679535e-05 -0.0020954213669677198 -7.9898753695739337e-05 0.0046493713795437534 0.0024925349171715347
leaf_weight=15672 121 124 65 70
leaf_count=15672 121 124 65 70
internal_value=-1.51311e-05 6.7048e-07 0.00154672 -1.78925e-05
internal_weight=16052 15931 189 15742
internal_count=16052 15931 189 15742
is_linear=0
shrinkage=0.00834467


Tree=712
num_leaves=7
num_cat=1
split_feature=0 9 59 52 40 31
split_gain=6.05168 9.76247 6.99286 4.54486 5.4353 4.47496
threshold=0 22.243118286132816 5.5000000000000009 1.2615107883420882 23.828485488891605 22.515597343757328
decision_type=9 2 2 2 2 2
left_child=1 5 -3 4 -2 -1
right_child=3 2 -4 -5 -6 -7
leaf_value=-0.00027653908298027095 -2.0159878071562012e-05 0.00022385575161163178 0.0014003958047663014 -0.0020658215030713353 -0.00052956467821384408 -0.0017771717847978566
leaf_weight=1654 5380 6466 372 88 2001 151
leaf_count=1654 5380 6466 372 88 2001 151
internal_value=-6.65906e-06 0.000143609 0.000287864 -0.000180497 -0.000158261 -0.000402086
internal_weight=16112 8643 6838 7469 7381 1805
internal_count=16112 8643 6838 7469 7381 1805
cat_boundaries=0 1
cat_threshold=31362
is_linear=0
shrinkage=0.00834467


Tree=713
num_leaves=7
num_cat=0
split_feature=52 36 27 53 7 53
split_gain=6.30977 22.0925 14.958 7.28568 20.9644 5.97756
threshold=1.2615107883420882 24.030525207519535 26.027995109558109 1.1519340848350235 25.500000000000004 1.0457167536228291
decision_type=2 2 2 2 2 2
left_child=3 -2 -3 5 -5 -1
right_child=1 2 -4 4 -6 -7
leaf_value=2.5272422869210485e-05 -0.0039205760770231355 -0.0016064108557972674 0.0038970849291839597 0.0042007751889220945 -0.0012518790902659104 -0.0019818498189289077
leaf_weight=15636 119 73 65 104 93 104
leaf_count=15636 119 73 65 104 93 104
internal_value=1.10529e-05 -0.00128603 0.000985907 3.19704e-05 0.00162674 1.20094e-05
internal_weight=16194 257 138 15937 197 15740
internal_count=16194 257 138 15937 197 15740
is_linear=0
shrinkage=0.00834467


Tree=714
num_leaves=7
num_cat=0
split_feature=8 53 14 51 48 53
split_gain=6.62765 8.92447 9.23542 6.13071 14.3531 10.4047
threshold=1.5000000000000002 0.078810069257847185 0.83502133836730297 25.698518021901453 25.886904907226565 0.27909531571885887
decision_type=2 2 8 2 2 2
left_child=1 -1 -3 4 -2 -5
right_child=3 2 -4 5 -6 -7
leaf_value=0.0030145423511897841 -0.00014630930733417502 0.0019674608857939511 0.00013320746098044244 -0.0002037151362232268 -0.0038586543278720585 0.0012928684939230138
leaf_weight=82 10847 202 3553 764 73 561
leaf_count=82 10847 202 3553 764 73 561
internal_value=-1.12617e-05 0.000291361 0.000231886 -0.000106089 -0.00017113 0.000429938
internal_weight=16082 3837 3755 12245 10920 1325
internal_count=16082 3837 3755 12245 10920 1325
is_linear=0
shrinkage=0.00834467


Tree=715
num_leaves=5
num_cat=1
split_feature=18 14 0 7
split_gain=5.76645 5.54366 18.1903 5.88544
threshold=32.761945724487312 1.128003520257822 0 51.500000000000007
decision_type=2 8 9 2
left_child=1 2 -1 -3
right_child=-2 3 -4 -5
leaf_value=0.0033610764216360379 0.0024484257652095907 2.0619471722590474e-05 0.00011370345897740821 -0.00047203909933649047
leaf_weight=133 67 13162 770 1937
leaf_count=133 67 13162 770 1937
internal_value=5.63032e-06 -4.59907e-06 0.00063051 -4.25823e-05
internal_weight=16069 16002 903 15099
internal_count=16069 16002 903 15099
cat_boundaries=0 1
cat_threshold=8192
is_linear=0
shrinkage=0.00834467


Tree=716
num_leaves=8
num_cat=0
split_feature=6 6 51 7 15 53 55
split_gain=5.84931 15.3443 20.034 8.54958 6.08672 9.31843 7.1658
threshold=10.500000000000002 11.500000000000002 26.955186335349939 9.5000000000000018 3.0420593836493688 0.87852598012458827 0.58786539244596736
decision_type=2 2 2 2 10 2 2
left_child=4 3 -3 -2 5 -1 -6
right_child=1 2 -4 -5 6 -7 -8
leaf_value=8.093494820832873e-05 0.00043115579046929084 4.2321595570240616e-05 -0.0033188364769600929 -0.0010877883860514318 0.00036933924875874212 -0.002509042651646318 0.0017821018514018528
leaf_weight=2284 311 10113 125 1515 1366 101 306
leaf_count=2284 311 10113 125 1515 1366 101 306
internal_value=-3.22265e-05 -0.000124403 1.28073e-06 -0.000829084 0.000241873 -2.87552e-05 0.000627904
internal_weight=16121 12064 10238 1826 4057 2385 1672
internal_count=16121 12064 10238 1826 4057 2385 1672
is_linear=0
shrinkage=0.00834467


Tree=717
num_leaves=7
num_cat=0
split_feature=6 6 54 52 6 51
split_gain=5.56847 22.3292 20.9552 9.95319 8.5441 6.26603
threshold=14.500000000000002 13.500000000000002 0.73791090815877003 1.1554441099334991 10.500000000000002 26.75954847333448
decision_type=2 2 2 2 2 2
left_child=1 4 -3 5 -1 -2
right_child=3 2 -4 -5 -6 -7
leaf_value=0.00022571935659404873 -0.00015441038000071642 0.00051567543904904934 0.0028464599820462034 -0.0030719940786507111 -0.00028113607136464084 -0.0025536102952809178
leaf_weight=4056 4832 1355 335 85 5398 77
leaf_count=4056 4832 1355 335 85 5398 77
internal_value=-9.51994e-06 9.42463e-05 0.000977708 -0.000241072 -6.36825e-05 -0.000192048
internal_weight=16138 11144 1690 4994 9454 4909
internal_count=16138 11144 1690 4994 9454 4909
is_linear=0
shrinkage=0.00834467


Tree=718
num_leaves=8
num_cat=0
split_feature=10 52 16 54 48 17 55
split_gain=6.61785 16.8284 16.8199 14.9736 14.4165 7.47957 4.86355
threshold=3.5000000000000004 1.2615107883420882 0.78526900000000011 0.7457858179766268 26.653615570068364 -0.99842799999999998 0.62143305964614615
decision_type=2 2 8 2 2 10 2
left_child=1 6 -3 5 -5 -2 -1
right_child=3 2 -4 4 -6 -7 -8
leaf_value=-0.00010703716531780506 0.0020062863106977131 -0.0045286871062825123 0.0006592460192919818 0.0035251476961816637 -0.00036844190052416739 -0.00028347278500952608 0.0002774541850642306
leaf_weight=11953 115 115 70 196 100 729 2834
leaf_count=11953 115 115 70 196 100 729 2834
internal_value=-1.79738e-05 -6.46405e-05 -0.00256575 0.00059491 0.00220978 2.85398e-05 -3.33474e-05
internal_weight=16112 14972 185 1140 296 844 14787
internal_count=16112 14972 185 1140 296 844 14787
is_linear=0
shrinkage=0.00834467


Tree=719
num_leaves=8
num_cat=0
split_feature=47 59 55 6 7 28 53
split_gain=6.15684 6.88542 14.7252 6.29013 6.01432 5.28312 4.38621
threshold=22.284968376159672 5.5000000000000009 0.68968904353178095 8.5000000000000018 30.500000000000004 23.241488456726078 0.37701264427270115
decision_type=2 2 2 2 2 2 2
left_child=4 3 -3 -2 6 -6 -1
right_child=1 2 -4 -5 5 -7 -8
leaf_value=-8.7730595493499619e-05 0.00096191817424984304 0.00036383467183134105 0.0035033350855452976 3.6721845301417407e-05 -0.00048501328699714877 -0.0027002334227975212 0.0010090734818095958
leaf_weight=1715 537 575 127 10854 1923 78 298
leaf_count=1715 537 575 127 10854 1923 78 298
internal_value=3.57751e-05 0.00012977 0.000931847 8.03387e-05 -0.000247402 -0.000571376 7.46419e-05
internal_weight=16107 12093 702 11391 4014 2001 2013
internal_count=16107 12093 702 11391 4014 2001 2013
is_linear=0
shrinkage=0.00834467


Tree=720
num_leaves=7
num_cat=0
split_feature=7 55 20 53 30 52
split_gain=7.02605 21.5917 9.50666 9.33359 7.37798 5.31577
threshold=51.500000000000007 1.2658124336981296 26.594993591308597 1.1519340848350235 27.928047180175785 0.7326568373620147
decision_type=2 2 2 2 2 2
left_child=2 5 3 -1 -4 -2
right_child=1 -3 4 -5 -6 -7
leaf_value=-3.6536089114030673e-05 -0.00044033417984053528 -0.0050936897814311214 0.001589676491135652 0.0017246138291016405 0.00013389765391444728 0.0011364599899922826
leaf_weight=12877 1837 68 476 213 494 162
leaf_count=12877 1837 68 476 213 494 162
internal_value=-1.5593e-05 -0.000469858 5.119e-05 -7.87747e-06 0.000848289 -0.000312545
internal_weight=16127 2067 14060 13090 970 1999
internal_count=16127 2067 14060 13090 970 1999
is_linear=0
shrinkage=0.00834467


Tree=721
num_leaves=5
num_cat=0
split_feature=52 59 49 6
split_gain=7.75974 7.16471 14.0988 6.25307
threshold=1.6599892834646715 6.5000000000000009 22.979575729370122 15.500000000000002
decision_type=2 2 2 2
left_child=1 3 -3 -1
right_child=-2 2 -4 -5
leaf_value=8.7922072595238905e-05 -0.0020499803669614129 1.9655796525758244e-05 0.0047916007915331108 -0.0003414022617105588
leaf_weight=12918 126 128 65 2891
leaf_count=12918 126 128 65 2891
internal_value=1.26786e-05 2.89212e-05 0.00162695 9.41115e-06
internal_weight=16128 16002 193 15809
internal_count=16128 16002 193 15809
is_linear=0
shrinkage=0.00834467


Tree=722
num_leaves=7
num_cat=1
split_feature=47 26 0 40 12 26
split_gain=6.24295 5.97747 5.67431 6.32334 5.34559 4.71515
threshold=22.258134841918949 23.638947486877445 0 23.649876594543461 2.5000000000000004 22.959775924682621
decision_type=2 2 9 2 2 2
left_child=1 5 4 -4 -2 -1
right_child=2 -3 3 -5 -6 -7
leaf_value=-0.00029919647755530671 0.000233518174198303 -0.0027952406842800992 0.0001470150613326845 -0.00042771249645273413 0.0023516951573342563 0.0013000801176915675
leaf_weight=3681 6666 65 3065 2359 84 133
leaf_count=3681 6666 65 3065 2359 84 133
internal_value=5.33761e-06 -0.000286191 9.82276e-05 -0.000102756 0.000259497 -0.000243424
internal_weight=16053 3879 12174 5424 6750 3814
internal_count=16053 3879 12174 5424 6750 3814
cat_boundaries=0 1
cat_threshold=27266
is_linear=0
shrinkage=0.00834467


Tree=723
num_leaves=7
num_cat=0
split_feature=7 55 7 54 17 54
split_gain=6.8696 17.2848 25.2257 17.0757 9.16324 8.88599
threshold=43.500000000000007 1.6797837711283303 18.500000000000004 1.3371489458562527 0.85908700000000005 0.88563497084160703
decision_type=2 2 2 2 8 2
left_child=1 4 -3 5 -1 -2
right_child=3 2 -4 -5 -6 -7
leaf_value=0.00039724755993320401 -0.00027980370593803304 -0.00070358773202160705 0.0064908090153151087 -0.0036541501944404118 -0.00010159149543644665 0.002093288140696232
leaf_weight=3798 3960 65 71 103 7893 113
leaf_count=3798 3960 65 71 103 7893 113
internal_value=-7.8622e-06 9.48725e-05 0.0030525 -0.00029882 6.04642e-05 -0.000213961
internal_weight=16003 11827 136 4176 11691 4073
internal_count=16003 11827 136 4176 11691 4073
is_linear=0
shrinkage=0.00834467


Tree=724
num_leaves=6
num_cat=0
split_feature=55 59 6 19 54
split_gain=6.37708 13.5178 11.0811 6.32348 4.38061
threshold=0.36084705715733301 6.5000000000000009 14.500000000000002 32.324180603027351 0.31549941894198646
decision_type=2 2 2 2 2
left_child=3 2 -2 4 -1
right_child=1 -3 -4 -5 -6
leaf_value=-0.00027181027394105424 0.00031991783533122912 0.0034461725261477369 -0.00035884630344153488 0.0019746638943009035 0.00035804603153089789
leaf_weight=6985 5698 86 2372 94 864
leaf_count=6985 5698 86 2372 94 864
internal_value=-8.4162e-06 0.000155482 0.00012041 -0.000176709 -0.000202477
internal_weight=16099 8156 8070 7943 7849
internal_count=16099 8156 8070 7943 7849
is_linear=0
shrinkage=0.00834467


Tree=725
num_leaves=7
num_cat=0
split_feature=7 53 55 7 55 17
split_gain=7.74621 17.7285 9.27138 25.0001 7.48862 5.5165
threshold=42.500000000000007 1.355801169640211 1.5868855998533167 22.500000000000004 0.27343641059140139 -0.93472100000000002
decision_type=2 2 2 2 2 10
left_child=2 5 4 -4 -1 -2
right_child=1 -3 3 -5 -6 -7
leaf_value=-0.00019568692118579923 1.5433111053232087e-05 -0.0041356146589616692 -0.00067789492383364073 0.0055233702550060351 0.00024809950602126997 -0.00059245857569979223
leaf_weight=4152 2688 82 106 79 7308 1695
leaf_count=4152 2688 82 106 79 7308 1695
internal_value=3.92655e-06 -0.000291578 0.000117231 0.00197036 8.7314e-05 -0.000219652
internal_weight=16110 4465 11645 185 11460 4383
internal_count=16110 4465 11645 185 11460 4383
is_linear=0
shrinkage=0.00834467


Tree=726
num_leaves=8
num_cat=1
split_feature=59 55 7 0 56 17 52
split_gain=5.14017 16.2834 17.3367 4.86141 9.0788 7.2601 4.09104
threshold=5.5000000000000009 0.68359556342267103 24.500000000000004 0 0.059700965881347663 -0.70384749999999996 0.5489052164757523
decision_type=2 2 2 9 2 10 2
left_child=3 6 -3 4 -1 -5 -2
right_child=1 2 -4 5 -6 -7 -8
leaf_value=-0.00010297996065630916 -6.8561114778414683e-06 0.0062980977398259044 0.00080459513700578884 -8.5600479829041585e-06 0.00054601321643296197 -0.00053448027526460499 0.0020523547080921359
leaf_weight=4389 1002 65 104 5462 2281 2747 72
leaf_count=4389 1002 65 104 5462 2281 2747 72
internal_value=-5.4245e-06 0.000510086 0.00291772 -4.84909e-05 0.000118784 -0.000184326 0.000131209
internal_weight=16122 1243 169 14879 6670 8209 1074
internal_count=16122 1243 169 14879 6670 8209 1074
cat_boundaries=0 1
cat_threshold=31234
is_linear=0
shrinkage=0.00834467


Tree=727
num_leaves=7
num_cat=1
split_feature=7 53 6 26 0 52
split_gain=6.21969 16.8801 6.9161 5.82503 16.2387 6.54106
threshold=51.500000000000007 0.97204787553875671 15.500000000000002 26.47232818603516 0 1.2615107883420882
decision_type=2 2 2 2 9 2
left_child=3 2 -2 5 -5 -1
right_child=1 -3 -4 4 -6 -7
leaf_value=1.8769985972463914e-05 -9.2273302716293183e-05 -0.0039356399145288783 -0.0015583903362758624 0.0034752730391783395 0.00026271110933615531 -0.0016147384119544841
leaf_weight=12764 1747 92 257 114 989 173
leaf_count=12764 1747 92 257 114 989 173
internal_value=-1.67456e-05 -0.000440762 -0.0002803 4.6555e-05 0.00062866 -3.07529e-06
internal_weight=16136 2096 2004 14040 1103 12937
internal_count=16136 2096 2004 14040 1103 12937
cat_boundaries=0 1
cat_threshold=1154
is_linear=0
shrinkage=0.00834467


Tree=728
num_leaves=8
num_cat=0
split_feature=6 6 51 6 33 55 55
split_gain=6.1275 7.18511 14.9334 14.8382 6.77411 8.42894 5.16884
threshold=15.500000000000002 12.500000000000002 26.955186335349939 10.500000000000002 25.112486839294437 0.7179843853919291 0.63042516029284656
decision_type=2 2 2 2 2 2 2
left_child=1 3 -3 -1 5 -2 -6
right_child=4 2 -4 -5 6 -7 -8
leaf_value=0.00026640403808685803 -0.00034832440152864254 0.00037328000833470795 -0.002849679493206725 -0.00046981779144300833 -0.00046240223704005436 0.001759090636360266 -0.0035315562120885715
leaf_weight=4018 2681 5370 102 3627 74 139 79
leaf_count=4018 2681 5370 102 3627 74 139 79
internal_value=4.8243e-06 8.23513e-05 0.000313198 -8.28802e-05 -0.000337227 -0.000244443 -0.00204725
internal_weight=16090 13117 5472 7645 2973 2820 153
internal_count=16090 13117 5472 7645 2973 2820 153
is_linear=0
shrinkage=0.00834467


Tree=729
num_leaves=8
num_cat=0
split_feature=6 6 54 6 55 54 14
split_gain=5.98555 23.0756 16.0447 8.72478 8.65002 14.8629 7.12018
threshold=14.500000000000002 13.500000000000002 0.73791090815877003 10.500000000000002 0.97297735831383003 0.87324209052667723 2.8690233862659382
decision_type=2 2 2 2 2 2 8
left_child=1 3 -3 -1 5 -2 -6
right_child=4 2 -4 -5 6 -7 -8
leaf_value=0.00026205953861712516 -0.00018166795376480823 0.0006273413890627575 0.0026793375581633016 -0.00025244720628143295 -0.0030329236847770383 0.0038062993189597254 -0.00053266043273436311
leaf_weight=4022 4600 1354 330 5345 131 66 201
leaf_count=4022 4600 1354 330 5345 131 66 201
internal_value=2.17753e-05 0.000130152 0.00102947 -3.15284e-05 -0.000217854 -0.000125251 -0.00151927
internal_weight=16049 11051 1684 9367 4998 4666 332
internal_count=16049 11051 1684 9367 4998 4666 332
is_linear=0
shrinkage=0.00834467


Tree=730
num_leaves=6
num_cat=0
split_feature=17 24 9 52 6
split_gain=7.04824 12.398 34.3901 8.13236 5.98025
threshold=1.3241850000000006 26.45360088348389 26.027995109558109 1.6599892834646715 15.500000000000002
decision_type=10 2 2 2 2
left_child=3 2 -2 4 -1
right_child=1 -3 -4 -5 -6
leaf_value=0.00014994955127452562 -0.00052565154595302121 -0.0032924019040685678 0.0055090965573081664 -0.0025431076581587972 -0.0002770851041396253
leaf_weight=10968 1984 103 68 84 2884
leaf_count=10968 1984 103 68 84 2884
internal_value=-2.33353e-05 -0.000467457 -0.000325645 4.5342e-05 6.10404e-05
internal_weight=16091 2155 2052 13936 13852
internal_count=16091 2155 2052 13936 13852
is_linear=0
shrinkage=0.00834467


Tree=731
num_leaves=7
num_cat=0
split_feature=7 55 55 18 59 54
split_gain=6.1553 15.0529 10.0076 18.7972 7.20055 6.41191
threshold=50.500000000000007 1.2658124336981296 1.6797837711283303 25.520937919616703 5.5000000000000009 0.87324209052667723
decision_type=2 2 2 2 2 2
left_child=2 5 4 -4 -1 -2
right_child=1 -3 3 -5 -6 -7
leaf_value=1.758289528072654e-05 -0.00032477503984832068 -0.0042033715639805541 -0.000675097424128283 0.0052331526801772032 0.00074266175305467324 0.0022758871277894568
leaf_weight=12569 2250 69 76 74 1032 68
leaf_count=12569 2250 69 76 74 1032 68
internal_value=2.83421e-05 -0.000362813 9.62419e-05 0.00223979 7.26e-05 -0.000248474
internal_weight=16138 2387 13751 150 13601 2318
internal_count=16138 2387 13751 150 13601 2318
is_linear=0
shrinkage=0.00834467


Tree=732
num_leaves=5
num_cat=0
split_feature=54 55 54 9
split_gain=7.70149 6.79335 14.461 6.03313
threshold=1.8715316376720852 0.40181703001319896 0.33817529512349659 26.831568716791995
decision_type=2 2 2 2
left_child=1 3 -3 -1
right_child=-2 2 -4 -5
leaf_value=-0.00015947839635264914 -0.0028451933386214245 0.0011968030791627816 7.9464746365735055e-05 0.001165906806933186
leaf_weight=8581 65 925 6300 246
leaf_count=8581 65 925 6300 246
internal_value=2.11613e-05 3.27698e-05 0.000222516 -0.00012254
internal_weight=16117 16052 7225 8827
internal_count=16117 16052 7225 8827
is_linear=0
shrinkage=0.00834467


Tree=733
num_leaves=7
num_cat=0
split_feature=7 53 55 18 59 6
split_gain=6.5238 14.1432 8.54581 15.5305 6.39952 5.24988
threshold=50.500000000000007 0.97204787553875671 1.5868855998533167 25.520937919616703 5.5000000000000009 15.500000000000002
decision_type=2 2 2 2 2 2
left_child=2 5 4 -4 -1 -2
right_child=1 -3 3 -5 -6 -7
leaf_value=-2.7082515458885322e-05 -0.00012729297460379205 -0.0034776622598713361 -0.00049870133877076355 0.0039770474776762267 0.00065779335704390426 -0.0012940693186351414
leaf_weight=12526 1966 101 110 106 1028 311
leaf_count=12526 1966 101 110 106 1028 311
internal_value=-1.85954e-05 -0.000422204 5.11057e-05 0.00169781 2.48622e-05 -0.00028666
internal_weight=16148 2378 13770 216 13554 2277
internal_count=16148 2378 13770 216 13554 2277
is_linear=0
shrinkage=0.00834467


Tree=734
num_leaves=7
num_cat=1
split_feature=14 1 17 49 7 56
split_gain=6.5357 16.3315 6.43541 13.0648 8.83419 3.2393
threshold=1.128003520257822 0 -0.84171599999999991 26.324169445123051 8.5000000000000018 0.7691144943237288
decision_type=8 1 10 2 2 2
left_child=1 -1 4 -4 -2 -3
right_child=2 5 3 -5 -6 -7
leaf_value=0.0033783104623098699 -0.00050730567393827215 0.00038512315025122576 -0.00015645665212573161 -0.0016949435569207597 0.00018580743118620585 -0.001508743819741134
leaf_weight=124 1507 709 4774 418 8519 69
leaf_count=124 1507 709 4774 418 8519 69
internal_value=-9.54294e-07 0.000689199 -4.18614e-05 -0.000280321 8.16258e-05 0.000214386
internal_weight=16120 902 15218 5192 10026 778
internal_count=16120 902 15218 5192 10026 778
cat_boundaries=0 1
cat_threshold=4
is_linear=0
shrinkage=0.00834467


Tree=735
num_leaves=7
num_cat=0
split_feature=6 6 54 56 54 17
split_gain=6.43893 19.6171 15.0249 8.41972 8.33943 6.25505
threshold=14.500000000000002 13.500000000000002 0.73791090815877003 0.063564302568359224 1.3371489458562527 1.9033090000000004
decision_type=2 2 2 2 2 10
left_child=1 3 -3 -1 5 -2
right_child=4 2 -4 -5 -6 -7
leaf_value=-0.00021232891541836521 -0.00014762810013864631 0.00054237546939995651 0.0025014575878721467 0.00032297597637513735 -0.0027677305426659906 -0.0017676072608062965
leaf_weight=6353 4727 1375 340 3018 90 172
leaf_count=6353 4727 1375 340 3018 90 172
internal_value=-1.79777e-06 0.000110239 0.000930777 -3.99299e-05 -0.000250753 -0.000204508
internal_weight=16075 11086 1715 9371 4989 4899
internal_count=16075 11086 1715 9371 4989 4899
is_linear=0
shrinkage=0.00834467


Tree=736
num_leaves=8
num_cat=1
split_feature=0 52 25 53 27 9 52
split_gain=7.78813 13.8233 15.0142 14.1347 6.36579 15.0562 13.4278
threshold=0 0.34278860779554476 28.622634888703619 0.63876031647111142 26.555933952331547 25.674401283264164 1.4061120758328449
decision_type=9 2 2 2 2 2 2
left_child=1 3 -3 -1 6 -6 -2
right_child=4 2 -4 -5 5 -7 -8
leaf_value=0.00011725456509698593 -0.00011480234412265625 0.0013142040080105632 -0.0023023186532569163 -0.0028464895209886899 0.0045426186086812625 0.00019149196278929394 -0.0030439406756204439
leaf_weight=2645 11631 1132 86 117 67 319 110
leaf_count=2645 11631 1132 86 117 67 319 110
internal_value=-2.35303e-06 0.000317479 0.00105883 -8.30095e-06 -0.000107493 0.000946834 -0.000142248
internal_weight=16107 3980 1218 2762 12127 386 11741
internal_count=16107 3980 1218 2762 12127 386 11741
cat_boundaries=0 1
cat_threshold=26624
is_linear=0
shrinkage=0.00834467


Tree=737
num_leaves=8
num_cat=0
split_feature=6 6 54 6 55 54 15
split_gain=5.88279 18.3466 10.623 9.49778 8.44049 8.07598 7.69108
threshold=14.500000000000002 13.500000000000002 0.73791090815877003 10.500000000000002 1.1831691056602758 0.87324209052667723 4.1902336504440338
decision_type=2 2 2 2 2 2 8
left_child=1 3 -3 -1 5 -2 -6
right_child=4 2 -4 -5 6 -7 -8
leaf_value=0.00026009899631353683 -0.00023818710278001136 0.00057639408562502848 0.0022631499804308557 -0.00027417598232147274 -0.0039008399345288672 0.0017550326053165323 -0.00062500912367453496
leaf_weight=4033 4632 1350 322 5445 81 146 130
leaf_count=4033 4632 1350 322 5445 81 146 130
internal_value=-1.12344e-05 9.53349e-05 0.000901247 -4.68357e-05 -0.000249407 -0.000177277 -0.00188268
internal_weight=16139 11150 1672 9478 4989 4778 211
internal_count=16139 11150 1672 9478 4989 4778 211
is_linear=0
shrinkage=0.00834467


Tree=738
num_leaves=8
num_cat=0
split_feature=56 47 28 14 54 53 6
split_gain=5.9571 9.85926 8.53621 5.5643 11.4952 6.30101 5.54844
threshold=0.072814941406248238 27.598443031311039 28.090533256530765 1.1965937898913681 0.70921875856483474 0.83641066221078797 14.500000000000002
decision_type=2 2 2 8 2 2 2
left_child=3 6 -3 4 -1 -5 -2
right_child=1 2 -4 5 -6 -7 -8
leaf_value=0.00020099063648745387 0.0003769654133770786 0.0039651957180590934 0.00051044716849966867 -7.7165596470160993e-05 0.0034629954417466262 -0.00098056662906698664 -0.00024162517091020762
leaf_weight=458 3304 91 110 10045 90 568 1454
leaf_count=458 3304 91 110 10045 90 568 1454
internal_value=2.37503e-05 0.000264407 0.00207465 -8.31772e-05 0.000736773 -0.000125516 0.00018793
internal_weight=16120 4959 201 11161 548 10613 4758
internal_count=16120 4959 201 11161 548 10613 4758
is_linear=0
shrinkage=0.00834467


Tree=739
num_leaves=7
num_cat=0
split_feature=59 54 8 54 7 28
split_gain=6.44617 18.9609 7.90062 5.20473 14.7162 4.71184
threshold=5.5000000000000009 0.88563497084160703 3.5000000000000004 1.2656684765438151 49.500000000000007 23.276631355285648
decision_type=2 2 2 2 2 2
left_child=3 2 -2 5 -5 -1
right_child=1 -3 -4 4 -6 -7
leaf_value=-0.00018069668372773412 0.00012746533057012344 0.0045926469712578959 0.0028953932504243397 -0.00024356301948055391 -0.0044300805171782398 0.00012079874952808351
leaf_weight=6793 1063 77 77 331 71 7702
leaf_count=6793 1063 77 77 331 71 7702
internal_value=1.2329e-06 0.000585162 0.000314445 -4.64712e-05 -0.000983061 -2.04954e-05
internal_weight=16114 1217 1140 14897 402 14495
internal_count=16114 1217 1140 14897 402 14495
is_linear=0
shrinkage=0.00834467


Tree=740
num_leaves=8
num_cat=0
split_feature=8 6 6 7 51 48 43
split_gain=6.7679 12.2362 26.2372 17.5283 5.65285 19.6733 8.02274
threshold=1.5000000000000002 14.500000000000002 12.500000000000002 14.500000000000002 25.573138395991617 25.841456413501955 25.641744613647464
decision_type=2 2 2 2 2 2 2
left_child=1 2 -1 -3 5 -2 -6
right_child=4 3 -4 -5 6 -7 -8
leaf_value=4.9908342276842066e-05 -0.00013864872455468925 0.0011218513901524968 0.0017608180781275976 -0.0019397212990624618 0.00207029905930826 -0.0046083153546143604 0.00015842750905328229
leaf_weight=2372 10803 204 847 360 174 69 1256
leaf_count=2372 10803 204 847 360 174 69 1256
internal_value=-7.22661e-06 0.000301443 0.000500096 -0.000832344 -0.000102146 -0.00016702 0.000391073
internal_weight=16085 3783 3219 564 12302 10872 1430
internal_count=16085 3783 3219 564 12302 10872 1430
is_linear=0
shrinkage=0.00834467


Tree=741
num_leaves=8
num_cat=0
split_feature=9 6 6 55 3 53 43
split_gain=5.65409 5.83335 18.7807 13.8183 2.69641 1.7483 1.24191
threshold=21.254704474621587 14.500000000000002 13.500000000000002 1.1831691056602758 0.97096650000000018 0.23725261247884374 21.27114295959473
decision_type=2 2 2 2 2 2 2
left_child=4 2 -2 -3 5 -1 -6
right_child=1 3 -4 -5 6 -7 -8
leaf_value=-0.0009922168405736456 1.4168461949841786e-07 -0.00010783010211698689 0.00096369167808885083 -0.0023598529209844631 -0.00086052461021249565 -0.0025032472212474116 0.00029420667200287911
leaf_weight=247 9086 4535 1667 198 110 68 158
leaf_count=247 9086 4535 1667 198 110 68 158
internal_value=1.1698e-05 4.20694e-05 0.000149518 -0.000202046 -0.000795031 -0.00131847 -0.000179764
internal_weight=16069 15486 10753 4733 583 315 268
internal_count=16069 15486 10753 4733 583 315 268
is_linear=0
shrinkage=0.00834467


Tree=742
num_leaves=7
num_cat=0
split_feature=52 27 18 55 6 48
split_gain=7.97785 16.5908 7.38909 6.27458 6.31636 5.92842
threshold=1.2615107883420882 26.63007736206055 25.490207672119144 0.32227217985722545 14.500000000000002 32.343348694069348
decision_type=2 2 2 2 2 2
left_child=3 2 -2 5 -5 -1
right_child=1 -3 -4 4 -6 -7
leaf_value=-0.00018661864967274455 -0.0012465244550042172 0.0021940468329209629 -0.0045398676423904554 0.00032090902550786549 -0.00016743628192026055 0.0019688269904267765
leaf_weight=6928 109 65 84 6190 2627 90
leaf_count=6928 109 65 84 6190 2627 90
internal_value=3.49526e-06 -0.00145205 -0.00268005 2.72113e-05 0.000175408 -0.000158974
internal_weight=16093 258 193 15835 8817 7018
internal_count=16093 258 193 15835 8817 7018
is_linear=0
shrinkage=0.00834467


Tree=743
num_leaves=5
num_cat=1
split_feature=9 55 59 0
split_gain=5.36625 5.54923 7.81077 2.85954
threshold=32.756839752197273 0.27343641059140139 5.5000000000000009 0
decision_type=2 2 2 9
left_child=1 3 -3 -1
right_child=-2 2 -4 -5
leaf_value=-0.00047519781361669513 0.0023554970832165259 6.1969827760775521e-05 0.001024547753403632 -7.2600815049490901e-05
leaf_weight=1839 68 9898 624 3698
leaf_count=1839 68 9898 624 3698
internal_value=1.64353e-05 6.5294e-06 0.000119056 -0.000207305
internal_weight=16127 16059 10522 5537
internal_count=16127 16059 10522 5537
cat_boundaries=0 1
cat_threshold=964
is_linear=0
shrinkage=0.00834467


Tree=744
num_leaves=7
num_cat=0
split_feature=52 9 34 55 59 54
split_gain=5.49025 10.4585 8.31216 5.74756 16.6607 8.64939
threshold=1.2615107883420882 25.485539436340336 23.759676933288578 0.62143305964614615 5.5000000000000009 0.59533663954746674
decision_type=2 2 2 2 2 2
left_child=3 2 -2 5 -5 -1
right_child=1 -3 -4 4 -6 -7
leaf_value=-4.4165468444934876e-05 -0.0017398262721587581 -0.0033070939927206744 0.0023013731244900782 0.0001675539938522956 0.0028823774677435073 -0.0011873085871381152
leaf_weight=12188 74 102 68 3038 166 479
leaf_count=12188 74 102 68 3038 166 479
internal_value=-2.66269e-05 -0.00126882 0.000195421 -7.52871e-06 0.000308218 -8.73941e-05
internal_weight=16115 244 142 15871 3204 12667
internal_count=16115 244 142 15871 3204 12667
is_linear=0
shrinkage=0.00834467


Tree=745
num_leaves=7
num_cat=0
split_feature=7 55 55 17 56 56
split_gain=5.45107 16.94 12.1291 16.0656 6.87617 5.38918
threshold=50.500000000000007 1.2925054985735935 1.5868855998533167 -1.6856599999999997 1.786651611328127 1.0559587478637698
decision_type=2 2 2 10 2 2
left_child=2 5 4 -4 -1 -2
right_child=1 -3 3 -5 -6 -7
leaf_value=3.3854123353362563e-05 -0.00033156213446941074 -0.0044564932242549191 -0.0011656339338749298 0.0035749513619389669 -0.0022931537002320031 0.0020360812763750256
leaf_weight=13433 2236 69 75 148 89 69
leaf_count=13433 2236 69 75 148 89 69
internal_value=-1.34043e-05 -0.000382647 5.03705e-05 0.0019806 1.85364e-05 -0.000260679
internal_weight=16119 2374 13745 223 13522 2305
internal_count=16119 2374 13745 223 13522 2305
is_linear=0
shrinkage=0.00834467


Tree=746
num_leaves=7
num_cat=0
split_feature=7 54 54 49 31 6
split_gain=5.78605 20.6734 11.1918 7.05487 10.2391 9.03125
threshold=42.500000000000007 1.3371489458562527 0.88563497084160703 25.009985065272708 24.051485061645511 12.500000000000002
decision_type=2 2 2 2 2 2
left_child=3 2 -2 5 -5 -1
right_child=1 -3 -4 4 -6 -7
leaf_value=-0.00032672395327515349 -0.00023042382032834223 -0.0038387118156485737 0.002353308515811451 0.003637582028651898 0.00040169804023970987 0.00021050958760641285
leaf_weight=3651 4286 109 120 70 2486 5404
leaf_count=3651 4286 109 120 70 2486 5404
internal_value=4.61236e-06 -0.000248867 -0.000160049 0.000103179 0.000490331 -6.10452e-06
internal_weight=16126 4515 4406 11611 2556 9055
internal_count=16126 4515 4406 11611 2556 9055
is_linear=0
shrinkage=0.00834467


Tree=747
num_leaves=8
num_cat=0
split_feature=6 6 54 54 55 54 43
split_gain=5.50311 18.6253 18.8032 8.7419 8.42862 12.4199 11.8817
threshold=14.500000000000002 13.500000000000002 0.73791090815877003 1.4954939798931177 0.95779024825235581 0.85957819782160538 23.262086868286136
decision_type=2 2 2 2 2 2 2
left_child=1 3 -3 -1 5 -2 -6
right_child=4 2 -4 -5 6 -7 -8
leaf_value=2.8972233138773141e-06 -0.00017318211716906703 0.00048664672249529864 0.0026829144815788768 -0.0024069391348210869 0.0016859264263411912 0.0033437291792324381 -0.0022272089719495157
leaf_weight=9349 4564 1362 339 106 67 71 279
leaf_count=9349 4564 1362 339 106 67 71 279
internal_value=1.75294e-05 0.000120498 0.000924364 -2.41219e-05 -0.000213091 -0.000119302 -0.00146944
internal_weight=16137 11156 1701 9455 4981 4635 346
internal_count=16137 11156 1701 9455 4981 4635 346
is_linear=0
shrinkage=0.00834467


Tree=748
num_leaves=7
num_cat=0
split_feature=17 24 18 18 59 3
split_gain=5.89033 20.9474 33.541 5.74372 5.64284 1.64718
threshold=1.3241850000000006 26.390797615051273 25.976819038391117 21.151655197143558 6.5000000000000009 3.1661955000000006
decision_type=10 2 2 2 2 2
left_child=3 2 -2 5 -5 -1
right_child=1 -3 -4 4 -6 -7
leaf_value=-0.0014729316876167231 -0.0004029805965310883 -0.0038077371251783909 0.0055998406854126416 7.0298407161806587e-05 0.0016136387603202535 -0.00020187772685527721
leaf_weight=211 1980 119 67 13477 167 107
leaf_count=211 1980 119 67 13477 167 107
internal_value=5.38215e-07 -0.000404347 -0.000206478 6.33505e-05 8.91897e-05 -0.00104527
internal_weight=16128 2166 2047 13962 13644 318
internal_count=16128 2166 2047 13962 13644 318
is_linear=0
shrinkage=0.00834467


Tree=749
num_leaves=8
num_cat=0
split_feature=17 49 9 8 8 33 55
split_gain=6.23655 16.5091 42.7503 16.0496 8.58734 21.7938 6.85401
threshold=0.85908700000000005 26.276907348688237 26.027995109558109 1.5000000000000002 1.5000000000000002 24.541103363037113 1.228987702458288
decision_type=10 2 2 2 2 2 2
left_child=4 2 -2 -3 5 -1 -6
right_child=1 3 -4 -5 6 -7 -8
leaf_value=0.0014372275687172145 -0.0003633774263165275 -0.0058116857882418837 0.0063311437234350376 -0.00031590585813284539 -3.7494180425938417e-06 -0.000103249451169867 -0.0014697977493443729
leaf_weight=1043 2847 74 68 74 10180 1653 227
leaf_count=1043 2847 74 68 74 10180 1653 227
internal_value=-6.24264e-06 -0.000345236 -0.00020719 -0.003064 7.30017e-05 0.000492717 -3.57286e-05
internal_weight=16166 3063 2915 148 13103 2696 10407
internal_count=16166 3063 2915 148 13103 2696 10407
is_linear=0
shrinkage=0.00834467


Tree=750
num_leaves=8
num_cat=1
split_feature=0 9 12 40 52 7 53
split_gain=5.32042 8.14227 6.9004 5.43309 8.00335 5.21221 1.27524
threshold=0 21.254704474621587 2.5000000000000004 23.828485488891605 1.2615107883420882 14.500000000000002 0.22504254870609389
decision_type=9 2 2 2 2 2 2
left_child=1 6 -3 4 -2 -5 -1
right_child=3 2 -4 5 -6 -7 -8
leaf_value=-0.00095104866110856938 4.3837333286105378e-06 0.00015662237955623833 0.0024301088375279548 0.00017133297718368819 -0.0029410728813829721 -0.00078594764515265445 -0.0022828013803455477
leaf_weight=218 5404 8346 94 537 65 1509 65
leaf_count=218 5404 8346 94 537 65 1509 65
internal_value=-5.02647e-06 0.000135106 0.000181946 -0.000167641 -3.06287e-05 -0.000534697 -0.001257
internal_weight=16238 8723 8440 7515 5469 2046 283
internal_count=16238 8723 8440 7515 5469 2046 283
cat_boundaries=0 1
cat_threshold=31362
is_linear=0
shrinkage=0.00834467


Tree=751
num_leaves=7
num_cat=1
split_feature=0 52 9 6 56 51
split_gain=6.08702 10.6295 7.89531 6.34946 4.78837 1.99505
threshold=0 1.1554441099334991 21.254704474621587 15.500000000000002 0.69635772705077958 21.566530736407231
decision_type=9 2 2 2 2 2
left_child=1 4 5 -4 -1 -2
right_child=2 -3 3 -5 -6 -7
leaf_value=-0.00011950967799143326 -0.00083821339899812326 -0.0027743749089311539 0.00024450696633377425 -0.00031204715886736217 -0.0012324027709967075 -0.0024207819236740885
leaf_weight=5168 213 112 8462 1717 284 75
leaf_count=5168 213 112 8462 1717 284 75
internal_value=-6.56824e-06 -0.00022935 0.000111969 0.000150627 -0.000177483 -0.00125041
internal_weight=16031 5564 10467 10179 5452 288
internal_count=16031 5564 10467 10179 5452 288
cat_boundaries=0 1
cat_threshold=1349
is_linear=0
shrinkage=0.00834467


Tree=752
num_leaves=7
num_cat=0
split_feature=6 6 51 55 7 55
split_gain=6.15465 16.0434 12.8043 7.02519 6.34684 6.22096
threshold=10.500000000000002 11.500000000000002 26.955186335349939 1.5868855998533167 10.500000000000002 1.228987702458288
decision_type=2 2 2 2 2 2
left_child=3 4 -3 5 -2 -1
right_child=1 2 -4 -5 -6 -7
leaf_value=0.00029930885071507301 0.0002362121126388689 8.050268514946266e-05 -0.0025855015611792082 0.0029379365333780851 -0.0010495750644060385 -0.0020807789951273934
leaf_weight=3874 328 10179 127 69 1445 78
leaf_count=3874 328 10179 127 69 1445 78
internal_value=1.56421e-05 -7.84926e-05 4.76473e-05 0.00029842 -0.000811708 0.000252328
internal_weight=16100 12079 10306 4021 1773 3952
internal_count=16100 12079 10306 4021 1773 3952
is_linear=0
shrinkage=0.00834467


Tree=753
num_leaves=5
num_cat=0
split_feature=52 7 49 55
split_gain=6.40341 5.54621 11.4596 10.4297
threshold=1.6599892834646715 50.500000000000007 26.787231636047366 1.5868855998533167
decision_type=2 2 2 2
left_child=1 3 -3 -1
right_child=-2 2 -4 -5
leaf_value=5.5724447277266437e-05 -0.0019016211989753774 -0.00020563096580264882 -0.0026106805958749386 0.0020889043308987888
leaf_weight=13466 122 2240 147 178
leaf_count=13466 122 2240 147 178
internal_value=2.83565e-06 1.73302e-05 -0.000353752 8.22508e-05
internal_weight=16153 16031 2387 13644
internal_count=16153 16031 2387 13644
is_linear=0
shrinkage=0.00834467


Tree=754
num_leaves=6
num_cat=0
split_feature=48 52 53 9 33
split_gain=4.53255 4.49904 8.48543 0.826026 0.46884
threshold=21.176848793029787 1.6599892834646715 1.1519340848350235 21.085356712341312 21.261096954345707
decision_type=2 2 2 2 2
left_child=3 2 -2 -1 -5
right_child=1 -3 -4 4 -6
leaf_value=-0.00148941869422 2.5463130662597665e-05 -0.0015391072761125131 0.0015752513864685973 -0.00097744831354839743 -0.00012189129260871776
leaf_weight=129 15365 125 250 106 77
leaf_count=129 15365 125 250 106 77
internal_value=1.79112e-05 3.76535e-05 5.02766e-05 -0.000978031 -0.000617485
internal_weight=16052 15740 15615 312 183
internal_count=16052 15740 15615 312 183
is_linear=0
shrinkage=0.00834467


Tree=755
num_leaves=8
num_cat=1
split_feature=0 14 54 52 34 17 48
split_gain=4.87945 14.3926 9.56024 6.47664 12.6668 4.64379 3.42343
threshold=0 1.128003520257822 0.76550912427142437 1.1554441099334991 23.759676933288578 -0.39178299999999988 32.343348694069348
decision_type=9 8 2 2 2 10 2
left_child=1 2 -1 5 -5 -2 -3
right_child=3 6 -4 4 -6 -7 -8
leaf_value=0.00071057170598483245 3.3587605656642266e-05 8.8908599608201168e-05 0.0050124228025610878 -0.0035825609201587806 0.00059032777327701043 -0.00033902255762414496 0.0014613645962784528
leaf_weight=74 7366 4764 70 106 97 3406 130
leaf_count=74 7366 4764 70 106 97 3406 130
internal_value=-1.32871e-05 0.000201477 0.00280195 -0.000111955 -0.00158869 -8.42282e-05 0.000125368
internal_weight=16013 5038 144 10975 203 10772 4894
internal_count=16013 5038 144 10975 203 10772 4894
cat_boundaries=0 1
cat_threshold=27136
is_linear=0
shrinkage=0.00834467


Tree=756
num_leaves=7
num_cat=1
split_feature=0 14 6 53 9 55
split_gain=5.13233 9.34479 10.4807 7.21872 7.19587 5.33352
threshold=0 1.1552303173889189 14.500000000000002 1.355801169640211 21.254704474621587 0.62143305964614615
decision_type=9 8 2 2 2 2
left_child=1 2 -1 5 -3 -2
right_child=3 4 -4 -5 -6 -7
leaf_value=0.0030215736509206998 -0.00017431230506418277 -0.0011265318256501761 -0.00073805871318845587 -0.0026255130810767307 0.00019062183072670433 0.0003948178261253933
leaf_weight=161 7979 303 76 79 6168 1339
leaf_count=161 7979 303 76 79 6168 1339
internal_value=1.21201e-05 0.000188272 0.00181597 -0.000113704 0.000128945 -9.25278e-05
internal_weight=16105 6708 237 9397 6471 9318
internal_count=16105 6708 237 9397 6471 9318
cat_boundaries=0 1
cat_threshold=27264
is_linear=0
shrinkage=0.00834467


Tree=757
num_leaves=5
num_cat=0
split_feature=54 56 46 54
split_gain=5.97718 5.6303 13.5767 4.56796
threshold=1.8715316376720852 0.055727005004882819 27.808381080627445 0.66863550100506308
decision_type=2 2 2 2
left_child=1 3 -3 -1
right_child=-2 2 -4 -5
leaf_value=-5.4999333059696616e-05 -0.0025255325060563709 0.0001268653094826185 0.0023417344832952617 -0.00057176992642583369
leaf_weight=9210 66 5284 200 1368
leaf_count=9210 66 5284 200 1368
internal_value=-1.96375e-05 -9.33906e-06 0.000207645 -0.000121831
internal_weight=16128 16062 5484 10578
internal_count=16128 16062 5484 10578
is_linear=0
shrinkage=0.00834467


Tree=758
num_leaves=6
num_cat=0
split_feature=14 24 54 9 7
split_gain=5.35996 15.5552 6.85367 6.6407 5.4052
threshold=1.1552303173889189 26.272246360778812 1.8715316376720852 26.069210052490238 51.500000000000007
decision_type=8 2 2 2 2
left_child=1 3 4 -1 -2
right_child=2 -3 -4 -5 -6
leaf_value=0.00048840617361688989 2.9912591529711807e-05 0.0039885699333100247 -0.0027257101651714916 -0.0021592123118705231 -0.00044081085650158919
leaf_weight=786 13131 86 66 72 1951
leaf_count=786 13131 86 66 72 1951
internal_value=-4.70442e-06 0.000605358 -4.27229e-05 0.000266207 -3.09802e-05
internal_weight=16092 944 15148 858 15082
internal_count=16092 944 15148 858 15082
is_linear=0
shrinkage=0.00834467


Tree=759
num_leaves=7
num_cat=0
split_feature=7 54 55 39 54 6
split_gain=5.28216 15.6536 10.6123 19.9425 9.42621 7.09548
threshold=42.500000000000007 1.3371489458562527 1.5868855998533167 26.628569602966312 0.88563497084160703 12.500000000000002
decision_type=2 2 2 2 2 2
left_child=2 4 5 -4 -2 -1
right_child=1 -3 3 -5 -6 -7
leaf_value=-0.0001701640699905539 -0.00023951325172335598 -0.0035491975806326947 -0.00062230390021222935 0.0049651152281556888 0.0022346275545272859 0.00024709873403423439
leaf_weight=5248 4240 98 91 87 110 6179
leaf_count=5248 4240 98 91 87 110 6179
internal_value=-6.7516e-06 -0.00025125 8.69607e-05 0.00210875 -0.000176944 5.54653e-05
internal_weight=16053 4448 11605 178 4350 11427
internal_count=16053 4448 11605 178 4350 11427
is_linear=0
shrinkage=0.00834467


Tree=760
num_leaves=5
num_cat=0
split_feature=9 18 56 3
split_gain=5.90722 4.93906 4.97449 1.15347
threshold=32.756839752197273 21.122012138366703 1.786651611328127 3.1661955000000006
decision_type=2 2 2 2
left_child=1 3 -3 -1
right_child=-2 2 -4 -5
leaf_value=-0.0014607515220436619 0.0024889458297520945 3.8421696771378974e-05 -0.0016132638712240571 -0.00021028719624205421
leaf_weight=193 67 15682 128 70
leaf_count=193 67 15682 128 70
internal_value=1.64893e-05 6.18147e-06 2.50484e-05 -0.00112795
internal_weight=16140 16073 15810 263
internal_count=16140 16073 15810 263
is_linear=0
shrinkage=0.00834467


Tree=761
num_leaves=8
num_cat=1
split_feature=10 53 19 52 16 0 19
split_gain=5.08664 13.2412 27.6116 9.4181 20.7402 6.82904 5.88778
threshold=3.5000000000000004 1.0028078801907936 25.938222885131839 1.2615107883420882 0.78526900000000011 0 26.583355903625492
decision_type=2 2 2 2 8 9 2
left_child=3 5 -3 6 -5 -2 -1
right_child=1 2 -4 4 -6 -7 -8
leaf_value=-4.708050215984912e-05 -0.00071464333858626704 0.0068383595002538648 -0.00042289006422065195 -0.0041490407357895002 0.0017299790754699812 0.00071132608898123056 0.00065907570437866679
leaf_weight=13865 355 67 80 111 67 644 874
leaf_count=13865 355 67 80 111 67 644 874
internal_value=1.29099e-05 0.000548654 0.00288689 -2.82491e-05 -0.00193618 0.000204565 -5.20612e-06
internal_weight=16063 1146 147 14917 178 999 14739
internal_count=16063 1146 147 14917 178 999 14739
cat_boundaries=0 1
cat_threshold=1420
is_linear=0
shrinkage=0.00834467


Tree=762
num_leaves=8
num_cat=0
split_feature=7 55 52 48 54 55 9
split_gain=6.04988 14.2613 14.0527 9.23584 13.0145 8.22854 6.83368
threshold=50.500000000000007 1.5868855998533167 0.20888079304436222 26.156139183044438 0.48148569424015469 1.1440054897441951 25.880230903625492
decision_type=2 2 2 2 2 2 2
left_child=1 5 -3 6 -5 -1 -2
right_child=3 2 -4 4 -6 -7 -8
leaf_value=6.5275425719932018e-05 -0.00031681223089798251 -0.0010547522899680467 0.0035856415922313149 -5.6784072577023144e-05 -0.0041459917156152137 -0.0011118937949033125 0.0022980101120027127
leaf_weight=13058 2077 65 151 112 105 427 72
leaf_count=13058 2077 65 151 112 105 427 72
internal_value=-5.2155e-06 6.20739e-05 0.00218924 -0.000394873 -0.00203553 2.79998e-05 -0.000229195
internal_weight=16067 13701 216 2366 217 13485 2149
internal_count=16067 13701 216 2366 217 13485 2149
is_linear=0
shrinkage=0.00834467


Tree=763
num_leaves=6
num_cat=0
split_feature=59 55 7 48 55
split_gain=6.06235 10.6347 5.61563 8.8616 8.85846
threshold=6.5000000000000009 0.43877755242412547 53.500000000000007 26.727679443359381 1.6797837711283303
decision_type=2 2 2 2 2
left_child=2 -2 4 -4 -1
right_child=1 -3 3 -5 -6
leaf_value=2.0778635104660279e-05 7.8257602066772203e-05 0.004196401826400826 -0.00032445601528141457 -0.0029551653217029625 0.0019538355005226
leaf_weight=14266 129 66 1449 95 167
leaf_count=14266 129 66 1449 95 167
internal_value=9.82732e-06 0.00147223 -8.02225e-06 -0.000486337 4.31468e-05
internal_weight=16172 195 15977 1544 14433
internal_count=16172 195 15977 1544 14433
is_linear=0
shrinkage=0.00834467


Tree=764
num_leaves=7
num_cat=0
split_feature=7 55 55 15 52 52
split_gain=5.42258 17.7349 6.42369 13.6766 5.52464 5.3076
threshold=51.500000000000007 1.2658124336981296 1.5868855998533167 1.8364932346787499 0.84812083641187785 0.7326568373620147
decision_type=2 2 2 10 2 2
left_child=2 5 4 -4 -1 -2
right_child=1 -3 3 -5 -6 -7
leaf_value=7.8657221571452893e-05 -0.00037568321943786168 -0.0046804058582512456 -0.001440069313405839 0.0029634336418149897 -0.00078629077203543854 0.0012419193016019116
leaf_weight=13228 1837 65 74 146 535 153
leaf_count=13228 1837 65 74 146 535 153
internal_value=8.82507e-06 -0.000391424 6.76475e-05 0.00148226 4.50341e-05 -0.000251309
internal_weight=16038 2055 13983 220 13763 1990
internal_count=16038 2055 13983 220 13763 1990
is_linear=0
shrinkage=0.00834467


Tree=765
num_leaves=7
num_cat=0
split_feature=59 53 53 10 44 18
split_gain=6.38844 18.7708 7.40828 14.9468 5.64288 5.06763
threshold=5.5000000000000009 0.79571157999229591 0.83641066221078797 3.5000000000000004 25.526989936828617 26.750474929809574
decision_type=2 2 2 2 2 2
left_child=2 4 5 -4 -2 -1
right_child=1 -3 3 -5 -6 -7
leaf_value=-6.743723386023677e-05 0.00013539417875823624 0.004807426752387242 -0.0012937204585860686 0.0014079090594520706 0.0023680416047927753 0.00064541565442336032
leaf_weight=13191 1084 68 770 175 85 733
leaf_count=13191 1084 68 770 175 85 733
internal_value=-3.04993e-05 0.000545692 -7.84349e-05 -0.000793409 0.000297752 -2.99102e-05
internal_weight=16106 1237 14869 945 1169 13924
internal_count=16106 1237 14869 945 1169 13924
is_linear=0
shrinkage=0.00834467


Tree=766
num_leaves=7
num_cat=0
split_feature=7 53 55 7 59 15
split_gain=5.77559 16.3645 9.83751 17.1978 7.98976 4.86095
threshold=51.500000000000007 0.97204787553875671 1.6797837711283303 18.500000000000004 5.5000000000000009 1.3194536107222112
decision_type=2 2 2 2 2 8
left_child=2 5 4 -4 -1 -2
right_child=1 -3 3 -5 -6 -7
leaf_value=-2.4953210977134119e-05 0.0017889609593389117 -0.0041154368616642114 -0.0012175892621721421 0.0042813339230889803 0.00073350781710884575 -0.00034911827209012554
leaf_weight=12825 77 80 66 99 1046 1923
leaf_count=12825 77 80 66 99 1046 1923
internal_value=-4.47464e-06 -0.000414837 5.63374e-05 0.00208182 3.22421e-05 -0.000266794
internal_weight=16116 2080 14036 165 13871 2000
internal_count=16116 2080 14036 165 13871 2000
is_linear=0
shrinkage=0.00834467


Tree=767
num_leaves=8
num_cat=0
split_feature=6 6 51 7 15 7 59
split_gain=5.17355 14.112 13.1832 8.6685 6.77994 6.8148 6.54516
threshold=10.500000000000002 11.500000000000002 26.955186335349939 10.500000000000002 0.97191237280235243 53.500000000000007 5.5000000000000009
decision_type=2 2 2 2 10 2 2
left_child=4 3 -3 -2 5 -1 -6
right_child=1 2 -4 -5 6 -7 -8
leaf_value=4.150979243357675e-05 0.0004467661270836945 6.412497946356231e-05 -0.0026412019384203372 -0.0010463096991418603 0.00044973106627440467 -0.0016205642717164032 0.0026309922695509197
leaf_weight=1442 332 10079 127 1468 2271 195 100
leaf_count=1442 332 10079 127 1468 2271 195 100
internal_value=-3.02884e-06 -8.96887e-05 3.04583e-05 -0.000770919 0.000256561 -0.000156485 0.000541739
internal_weight=16014 12006 10206 1800 4008 1637 2371
internal_count=16014 12006 10206 1800 4008 1637 2371
is_linear=0
shrinkage=0.00834467


Tree=768
num_leaves=8
num_cat=0
split_feature=55 59 29 7 17 6 53
split_gain=7.05137 18.6165 11.651 11.2997 4.01757 5.95214 4.09754
threshold=0.62143305964614615 5.5000000000000009 28.100689888000492 24.500000000000004 2.3904700000000001 10.500000000000002 0.69484175121152891
decision_type=2 2 2 2 10 2 2
left_child=4 2 -2 -3 6 -6 -1
right_child=1 3 -4 -5 5 -7 -8
leaf_value=-2.1360407362305806e-05 0.000341403429504155 0.0054638315438252007 -0.0016864620341283209 0.0012308213146856777 0.00061043967738414178 -0.0014018332710962755 -0.0012027045366482022
leaf_weight=11949 3034 74 211 108 145 348 208
leaf_count=11949 3034 74 211 108 145 348 208
internal_value=1.944e-05 0.000355201 0.000209541 0.00295213 -7.1521e-05 -0.000809988 -4.15735e-05
internal_weight=16077 3427 3245 182 12650 493 12157
internal_count=16077 3427 3245 182 12650 493 12157
is_linear=0
shrinkage=0.00834467


Tree=769
num_leaves=5
num_cat=0
split_feature=18 55 54 9
split_gain=5.27899 5.73071 9.43238 3.55491
threshold=32.761945724487312 0.41800882919313881 0.32252046858750766 24.472604751586918
decision_type=2 2 2 2
left_child=1 3 -3 -1
right_child=-2 2 -4 -5
leaf_value=-0.00021297044191944555 0.0023355009252140771 0.0011056221296785122 8.3623749892938431e-05 0.0001999691206206461
leaf_weight=7333 68 700 6185 1810
leaf_count=7333 68 700 6185 1810
internal_value=1.5546e-05 5.70199e-06 0.000187532 -0.000131222
internal_weight=16096 16028 6885 9143
internal_count=16096 16028 6885 9143
is_linear=0
shrinkage=0.00834467


Tree=770
num_leaves=8
num_cat=0
split_feature=48 7 54 55 9 34 52
split_gain=4.72157 5.12662 13.5913 6.6927 1.2113 0.407804 0.278595
threshold=21.21093788117139 50.500000000000007 1.1357041280018021 1.5868855998533167 21.085356712341312 21.311162948608402 0.070145440752130153
decision_type=2 2 2 2 2 2 2
left_child=4 3 -3 -2 6 -6 -1
right_child=1 2 -4 -5 5 -7 -8
leaf_value=-0.00184708723713032 5.5220093383156605e-05 -0.00022653462536017171 -0.0037487391602547366 0.0015360326846771129 -0.00084508059318801911 -0.00015523283704293095 -0.0011181273399507277
leaf_weight=79 13192 2214 79 216 140 104 68
leaf_count=79 13192 2214 79 216 140 104 68
internal_value=-5.83649e-06 1.67203e-05 -0.000347899 7.90768e-05 -0.000911605 -0.000551065 -0.00150998
internal_weight=16092 15701 2293 13408 391 244 147
internal_count=16092 15701 2293 13408 391 244 147
is_linear=0
shrinkage=0.00834467


Tree=771
num_leaves=5
num_cat=0
split_feature=54 55 15 17
split_gain=8.46948 6.06445 14.4683 5.7747
threshold=1.8715316376720852 1.5868855998533167 2.7239312480152127 0.85908700000000005
decision_type=2 2 10 10
left_child=1 3 -3 -1
right_child=-2 2 -4 -5
leaf_value=6.7805906124701401e-05 -0.0029201128432126181 -0.00055805020056843777 0.0040535312322569298 -0.0003413516043144328
leaf_weight=12910 69 107 85 2951
leaf_count=12910 69 107 85 2951
internal_value=-3.01454e-06 9.52566e-06 0.00148364 -8.31958e-06
internal_weight=16122 16053 192 15861
internal_count=16122 16053 192 15861
is_linear=0
shrinkage=0.00834467


Tree=772
num_leaves=7
num_cat=0
split_feature=17 24 18 52 48 16
split_gain=5.48896 10.6005 27.0125 9.0046 8.94149 7.64002
threshold=0.80597550000000029 26.390797615051273 26.237501144409183 1.6599892834646715 26.835441780090335 3.4269470000000002
decision_type=10 2 2 2 2 10
left_child=3 2 -2 5 -3 -1
right_child=1 4 -4 -5 -6 -7
leaf_value=6.4709731834519221e-05 -0.00032603647652760251 -0.00058107974676381438 0.0050721354198944362 -0.0027333366202038057 -0.0047208945945207909 0.0015799722005233746
leaf_weight=12706 2917 78 66 79 68 236
leaf_count=12706 2917 78 66 79 68 236
internal_value=-2.17133e-07 -0.000314041 -0.000206584 7.51963e-05 -0.0025094 9.2342e-05
internal_weight=16150 3129 2983 13021 146 12942
internal_count=16150 3129 2983 13021 146 12942
is_linear=0
shrinkage=0.00834467


Tree=773
num_leaves=7
num_cat=0
split_feature=24 52 36 53 52 18
split_gain=5.24397 5.19646 16.6112 5.43811 3.37177 2.10607
threshold=21.322555541992191 1.2615107883420882 24.051055908203129 1.1519340848350235 0.25164879520974187 21.087455749511722
decision_type=2 2 2 2 2 2
left_child=4 3 -3 -2 5 -1
right_child=1 2 -4 -5 -6 -7
leaf_value=-0.001383371732528007 2.2240841155035846e-05 -0.0035033537354372504 0.00081232539024040003 0.0014541799626259023 -0.0023642202059009215 -0.00026560765800085563
leaf_weight=149 14818 115 135 187 75 553
leaf_count=149 14818 115 135 187 75 553
internal_value=-1.38533e-05 2.02073e-05 -0.00117295 4.00873e-05 -0.000682564 -0.00050287
internal_weight=16032 15255 250 15005 777 702
internal_count=16032 15255 250 15005 777 702
is_linear=0
shrinkage=0.00834467


Tree=774
num_leaves=7
num_cat=0
split_feature=7 53 8 3 56 15
split_gain=4.60053 11.4767 5.32714 8.71138 5.62684 3.32368
threshold=50.500000000000007 1.0457167536228291 1.5000000000000002 0.57410400000000006 -1.5368824005126951 1.7819918059786077
decision_type=2 2 2 2 2 8
left_child=2 5 3 -1 -4 -2
right_child=1 -3 4 -5 -6 -7
leaf_value=0.0011786656805150416 0.00092613906536158418 -0.0034763532702063583 -0.00243514213493044 0.00011921095901935864 -2.7093707034057596e-05 -0.0003279817298750162
leaf_weight=687 158 79 68 2533 10445 2141
leaf_count=687 158 79 68 2533 10445 2141
internal_value=-1.03922e-05 -0.000349258 4.82858e-05 0.000345253 -4.26716e-05 -0.000241788
internal_weight=16111 2378 13733 3220 10513 2299
internal_count=16111 2378 13733 3220 10513 2299
is_linear=0
shrinkage=0.00834467


Tree=775
num_leaves=7
num_cat=0
split_feature=17 24 9 16 52 52
split_gain=5.17549 15.8533 40.2783 6.90675 7.7482 5.28441
threshold=1.3241850000000006 26.390797615051273 25.971404075622562 3.0744704999999999 1.6599892834646715 0.4996501398849364
decision_type=10 2 2 10 2 2
left_child=3 2 -2 4 -1 -5
right_child=1 -3 -4 5 -6 -7
leaf_value=3.4824113451382821e-05 -0.00042956083447975201 -0.0033711565172502966 0.0061013094646679882 0.00063852520293599768 -0.0025073980791318691 0.0029580491053577424
leaf_weight=13288 1986 117 68 412 84 82
leaf_count=13288 1986 117 68 412 84 82
internal_value=-4.66778e-06 -0.000383518 -0.000213321 5.46491e-05 1.88526e-05 0.0010236
internal_weight=16037 2171 2054 13866 13372 494
internal_count=16037 2171 2054 13866 13372 494
is_linear=0
shrinkage=0.00834467


Tree=776
num_leaves=7
num_cat=0
split_feature=55 59 55 54 20 9
split_gain=4.99109 10.6862 10.5933 7.60209 4.93915 2.70806
threshold=0.3580346712929246 5.5000000000000009 0.67680578869122832 0.37188761215523453 32.335674285888679 24.768116950988773
decision_type=2 2 2 2 2 2
left_child=4 3 -3 -2 5 -1
right_child=1 2 -4 -5 -6 -7
leaf_value=-0.00022745118329092098 0.00059444264653059505 0.00046522007815534604 0.0031791440261611371 -4.852333052347584e-05 0.0016786072732572841 0.00020275249138015889
leaf_weight=6567 1619 283 155 6124 103 1206
leaf_count=6567 1619 283 155 6124 103 1206
internal_value=1.32946e-05 0.000157647 0.00142568 8.59163e-05 -0.000136648 -0.000160704
internal_weight=16057 8181 438 7743 7876 7773
internal_count=16057 8181 438 7743 7876 7773
is_linear=0
shrinkage=0.00834467


Tree=777
num_leaves=5
num_cat=0
split_feature=52 17 24 8
split_gain=6.61247 5.40684 13.3424 6.34928
threshold=1.6599892834646715 1.3241850000000006 26.390797615051273 1.5000000000000002
decision_type=2 10 2 2
left_child=1 3 -3 -1
right_child=-2 2 -4 -5
leaf_value=0.00041555421824378589 -0.0019378907706217165 -0.00023731143464512326 -0.0034526185691797287 -2.0445405312124295e-05
leaf_weight=2953 122 2040 94 10950
leaf_count=2953 122 2040 94 10950
internal_value=-2.59176e-06 1.2132e-05 -0.000378957 7.21612e-05
internal_weight=16159 16037 2134 13903
internal_count=16159 16037 2134 13903
is_linear=0
shrinkage=0.00834467


Tree=778
num_leaves=8
num_cat=2
split_feature=14 0 53 22 0 56 56
split_gain=5.48461 16.2205 7.82783 11.6022 6.24147 3.7785 1.60804
threshold=1.128003520257822 0 0.81506120938171456 28.213761329650882 1 0.7691144943237288 0.16394424438476388
decision_type=8 9 2 2 9 2 2
left_child=1 6 4 -4 -2 -3 -1
right_child=2 5 3 -5 -6 -7 -8
leaf_value=0.0044014913695375104 0.00033602633391640447 0.00031271076703683553 -0.00052967602812715358 -0.0041033397261305265 -9.5310017669667725e-05 -0.0017608492094333395 0.0025445052398377862
leaf_weight=65 2937 705 906 68 11257 67 65
leaf_count=65 2937 705 906 68 11257 67 65
internal_value=-1.79538e-05 0.000614214 -5.55475e-05 -0.00077921 -5.88882e-06 0.000131034 0.00322518
internal_weight=16070 902 15168 974 14194 772 130
internal_count=16070 902 15168 974 14194 772 130
cat_boundaries=0 1 2
cat_threshold=8192 18944
is_linear=0
shrinkage=0.00834467


Tree=779
num_leaves=5
num_cat=0
split_feature=56 44 7 3
split_gain=5.88829 4.92325 5.06355 3.08485
threshold=1.786651611328127 21.490017890930179 42.500000000000007 0.33264700000000008
decision_type=2 2 2 2
left_child=1 3 -3 -1
right_child=-2 2 -4 -5
leaf_value=-0.0011206018434478401 -0.0018314350281695587 0.00013420661927411777 -0.000210203323043828 -0.00023044839036772953
leaf_weight=391 124 10547 4139 884
leaf_count=391 124 10547 4139 884
internal_value=-2.01153e-05 -6.04221e-06 3.71404e-05 -0.000503435
internal_weight=16085 15961 14686 1275
internal_count=16085 15961 14686 1275
is_linear=0
shrinkage=0.00834467


Tree=780
num_leaves=7
num_cat=1
split_feature=14 0 17 49 7 47
split_gain=4.93808 18.9285 6.17289 11.1943 8.94293 3.07196
threshold=1.128003520257822 0 -0.84171599999999991 26.324169445123051 8.5000000000000018 24.665145874023441
decision_type=8 9 10 2 2 2
left_child=1 -1 4 -4 -2 -3
right_child=2 5 3 -5 -6 -7
leaf_value=0.0034975117329300899 -0.00053055929474226933 0.00040448913140008126 -0.00017521761144826019 -0.0015855466170605916 0.00016864487145432062 -0.00076232063930272028
leaf_weight=122 1499 556 4766 427 8477 219
leaf_count=122 1499 556 4766 427 8477 219
internal_value=-2.2295e-05 0.000579313 -5.78707e-05 -0.000291186 6.35816e-05 7.38135e-05
internal_weight=16066 897 15169 5193 9976 775
internal_count=16066 897 15169 5193 9976 775
cat_boundaries=0 1
cat_threshold=8192
is_linear=0
shrinkage=0.00834467


Tree=781
num_leaves=6
num_cat=0
split_feature=31 56 55 52 23
split_gain=5.23326 4.17365 5.18458 3.21802 1.60922
threshold=21.282774925231937 1.786651611328127 0.62143305964614615 0.26757290345603463 21.322837829589847
decision_type=2 2 2 2 2
left_child=3 2 -2 4 -1
right_child=1 -3 -4 -5 -6
leaf_value=-0.00079828977678247741 -2.1048669640891307e-05 -0.0014535944269034528 0.0003524522783070462 -0.0023097423096947022 0.00016598897350515162
leaf_weight=392 12006 128 3299 78 174
leaf_count=392 12006 128 3299 78 174
internal_value=1.61549e-05 4.69098e-05 5.94598e-05 -0.000720852 -0.000501853
internal_weight=16077 15433 15305 644 566
internal_count=16077 15433 15305 644 566
is_linear=0
shrinkage=0.00834467


Tree=782
num_leaves=5
num_cat=0
split_feature=54 17 28 6
split_gain=6.91728 5.96025 7.41811 6.95101
threshold=1.8715316376720852 -0.84171599999999991 28.324242591857914 14.500000000000002
decision_type=2 8 2 2
left_child=1 3 -3 -1
right_child=-2 2 -4 -5
leaf_value=0.00069177043122133379 -0.0027329422899528373 -4.3223861089097639e-05 -0.0014203162902598448 -0.00030958810563137519
leaf_weight=1596 65 13466 278 692
leaf_count=1596 65 13466 278 692
internal_value=-1.6447e-05 -5.43165e-06 -7.10793e-05 0.000388912
internal_weight=16097 16032 13744 2288
internal_count=16097 16032 13744 2288
is_linear=0
shrinkage=0.00834467


Tree=783
num_leaves=5
num_cat=0
split_feature=56 6 6 52
split_gain=6.32063 5.10146 20.7188 8.87001
threshold=2.3025903701782231 14.500000000000002 13.500000000000002 1.1554441099334991
decision_type=2 2 2 2
left_child=1 2 -1 -3
right_child=-2 3 -4 -5
leaf_value=-1.4466637006646689e-05 -0.0025503219378717485 -0.00013851990346039632 0.0009961598473194745 -0.0028731373971010851
leaf_weight=9443 66 4902 1661 84
leaf_count=9443 66 4902 1661 84
internal_value=2.65709e-05 3.71426e-05 0.000136709 -0.000184596
internal_weight=16156 16090 11104 4986
internal_count=16156 16090 11104 4986
is_linear=0
shrinkage=0.00834467


Tree=784
num_leaves=8
num_cat=0
split_feature=8 33 47 56 51 48 43
split_gain=4.62881 8.62705 16.3013 7.07133 5.41949 10.1933 5.74612
threshold=1.5000000000000002 24.392396926879886 25.272089004516605 1.3670377728198242 25.698518021901453 25.841456413501955 25.641744613647464
decision_type=2 2 2 2 2 2 2
left_child=1 2 -1 -3 5 -2 -6
right_child=4 3 -4 -5 6 -7 -8
leaf_value=0.0004895402708186042 -0.00010099969919708646 8.1661418074502965e-06 0.0036589226925428453 -0.0027262052814071565 0.0020848561096701427 -0.0029207829721542814 0.00025690915364319668
leaf_weight=1531 10850 2081 122 68 133 90 1201
leaf_count=1531 10850 2081 122 68 133 90 1201
internal_value=1.58379e-05 0.000270252 0.000723477 -7.83684e-05 -6.29696e-05 -0.0001242 0.00043917
internal_weight=16076 3802 1653 2149 12274 10940 1334
internal_count=16076 3802 1653 2149 12274 10940 1334
is_linear=0
shrinkage=0.00834467


Tree=785
num_leaves=5
num_cat=0
split_feature=56 8 6 6
split_gain=6.29191 5.20875 7.57859 5.47195
threshold=1.786651611328127 1.5000000000000002 12.500000000000002 10.500000000000002
decision_type=2 2 2 2
left_child=1 2 -1 -3
right_child=-2 3 -4 -5
leaf_value=6.4093898806115024e-06 -0.001867901119021945 0.00027216176939241147 0.00078939608944832618 -0.00015596229357271111
leaf_weight=2351 124 2650 1358 9645
leaf_count=2351 124 2650 1358 9645
internal_value=4.48981e-06 1.89983e-05 0.000293091 -6.36865e-05
internal_weight=16128 16004 3709 12295
internal_count=16128 16004 3709 12295
is_linear=0
shrinkage=0.00834467


Tree=786
num_leaves=8
num_cat=1
split_feature=59 55 42 6 6 53 0
split_gain=4.97265 16.8481 11.1233 4.84841 10.2623 5.77229 2.64555
threshold=5.5000000000000009 0.68359556342267103 24.5500602722168 15.500000000000002 13.500000000000002 0.75990903280524702 0
decision_type=2 2 2 2 2 2 9
left_child=3 6 -3 4 -1 -5 -2
right_child=1 2 -4 5 -6 -7 -8
leaf_value=-0.00010392397304255635 0.00054160778945841568 0.0047534326971106306 0.00037899117116966245 -0.00028726993627693114 0.00043450132861137092 -0.0026523046788768483 -0.00028501617565210291
leaf_weight=8991 541 100 68 2475 3396 74 520
leaf_count=8991 541 100 68 2475 3396 74 520
internal_value=1.74718e-05 0.000527688 0.00298295 -2.45114e-05 4.36901e-05 -0.000355939 0.000138896
internal_weight=16165 1229 168 14936 12387 2549 1061
internal_count=16165 1229 168 14936 12387 2549 1061
cat_boundaries=0 1
cat_threshold=8905
is_linear=0
shrinkage=0.00834467


Tree=787
num_leaves=8
num_cat=0
split_feature=6 6 9 15 7 7 7
split_gain=5.35407 14.834 20.7138 7.37257 7.31518 5.94455 5.16517
threshold=10.500000000000002 11.500000000000002 27.484950065612797 0.97191237280235243 9.5000000000000018 3.5000000000000004 47.500000000000007
decision_type=2 2 2 10 2 2 2
left_child=3 4 -3 5 -2 -1 -5
right_child=1 2 -4 6 -6 -7 -8
leaf_value=-0.0020078070331951956 0.00035912769958820404 7.9212011823849395e-05 -0.003247680907720994 0.00079115408470044758 -0.0010299792117959982 -2.5228622067300763e-05 -0.00011225711649765213
leaf_weight=113 321 10160 132 1768 1486 1546 587
leaf_count=113 321 10160 132 1768 1486 1546 587
internal_value=1.72288e-06 -8.58918e-05 3.654e-05 0.000265811 -0.000783214 -0.00016028 0.000565973
internal_weight=16113 12099 10292 4014 1807 1659 2355
internal_count=16113 12099 10292 4014 1807 1659 2355
is_linear=0
shrinkage=0.00834467


Tree=788
num_leaves=7
num_cat=0
split_feature=52 36 18 6 6 17
split_gain=5.85658 13.6128 8.6925 4.80719 12.4639 6.13953
threshold=1.2615107883420882 25.472916603088382 25.219780921936039 10.500000000000002 11.500000000000002 -2.4940664999999993
decision_type=2 2 2 2 2 10
left_child=3 2 -2 5 -5 -1
right_child=1 -3 -4 4 -6 -7
leaf_value=-0.00014639056182302862 -0.00095359548771672368 0.0015065723489840347 -0.0048192218469744813 -0.00071877405951355699 3.8068892692049949e-05 0.00052240449753136156
leaf_weight=1581 91 81 73 1787 9960 2417
leaf_count=1581 91 81 73 1787 9960 2417
internal_value=-1.19241e-05 -0.00129215 -0.00267445 7.99759e-06 -7.70655e-05 0.000257931
internal_weight=15990 245 164 15745 11747 3998
internal_count=15990 245 164 15745 11747 3998
is_linear=0
shrinkage=0.00834467


Tree=789
num_leaves=7
num_cat=0
split_feature=31 7 53 6 52 23
split_gain=4.92476 4.17915 13.8832 9.47841 2.72251 1.72092
threshold=21.306080818176273 42.500000000000007 1.355801169640211 12.500000000000002 0.26423145473106335 21.322837829589847
decision_type=2 2 2 2 2 2
left_child=4 3 -3 -2 5 -1
right_child=1 2 -4 -5 -6 -7
leaf_value=-0.00079102843298567795 -0.00013450567217234596 -0.00010974958130409905 -0.0034581833594950293 0.00035469262652681034 -0.0020263847888085705 0.00013838121763092132
leaf_weight=405 5143 4248 88 5947 90 211
leaf_count=405 5143 4248 88 5947 90 211
internal_value=1.07524e-05 4.19438e-05 -0.000177714 0.000127826 -0.000670768 -0.000472678
internal_weight=16132 15426 4336 11090 706 616
internal_count=16132 15426 4336 11090 706 616
is_linear=0
shrinkage=0.00834467


Tree=790
num_leaves=5
num_cat=0
split_feature=56 7 54 55
split_gain=6.96727 5.21284 24.9017 9.69083
threshold=1.786651611328127 42.500000000000007 1.3371489458562527 1.6797837711283303
decision_type=2 2 2 2
left_child=1 3 -3 -1
right_child=-2 2 -4 -5
leaf_value=6.377274199703582e-05 -0.0020490451793676178 -0.00015453232839730772 -0.0044079637851417901 0.0024981887766152024
leaf_weight=11438 117 4339 98 115
leaf_count=11438 117 4339 98 115
internal_value=-2.02117e-05 -5.3653e-06 -0.000248487 8.80073e-05
internal_weight=16107 15990 4437 11553
internal_count=16107 15990 4437 11553
is_linear=0
shrinkage=0.00834467


Tree=791
num_leaves=5
num_cat=0
split_feature=18 7 54 6
split_gain=4.94527 4.48505 13.3213 6.59109
threshold=32.761945724487312 39.500000000000007 1.3371489458562527 12.500000000000002
decision_type=2 2 2 2
left_child=1 3 -3 -1
right_child=-2 2 -4 -5
leaf_value=-0.00017060682282955234 0.0021505080245792026 -0.00017342369427047837 -0.0028879833035730827 0.00024506679339369607
leaf_weight=4849 72 5193 129 5874
leaf_count=4849 72 5193 129 5874
internal_value=-3.13992e-05 -4.11915e-05 -0.000239227 5.70969e-05
internal_weight=16117 16045 5322 10723
internal_count=16117 16045 5322 10723
is_linear=0
shrinkage=0.00834467


Tree=792
num_leaves=8
num_cat=1
split_feature=52 53 22 53 0 19 27
split_gain=4.8109 11.0355 10.3227 15.9817 10.4046 5.35966 5.15718
threshold=0.21647547102977757 0.5439159516954718 28.574729920754397 0.68441711329103405 0 28.498593330383304 23.579849243164066
decision_type=2 2 2 2 9 2 2
left_child=1 5 4 -4 -2 -1 -3
right_child=2 6 3 -5 -6 -7 -8
leaf_value=-0.00010369394210036838 0.00075827770971570311 -0.0029107699946550442 0.00019440291616567304 -0.0050752606169995945 1.5850447086357179e-05 0.0011121516988477414 -0.00081106656801101641
leaf_weight=8699 1798 128 102 66 4828 260 224
leaf_count=8699 1798 128 102 66 4828 260 224
internal_value=-2.15368e-06 -0.000125352 0.000166687 -0.00187599 0.000218481 -6.84076e-05 -0.00157465
internal_weight=16105 9311 6794 168 6626 8959 352
internal_count=16105 9311 6794 168 6626 8959 352
cat_boundaries=0 1
cat_threshold=10752
is_linear=0
shrinkage=0.00834467


Tree=793
num_leaves=7
num_cat=0
split_feature=10 52 54 22 7 59
split_gain=5.82271 16.1137 11.7036 17.3003 6.07775 5.37064
threshold=3.5000000000000004 1.6599892834646715 0.73791090815877003 25.862777709960941 12.500000000000002 6.5000000000000009
decision_type=2 2 2 2 2 2
left_child=1 5 4 -4 -2 -1
right_child=2 -3 3 -5 -6 -7
leaf_value=-2.8355110222968409e-05 0.0015458702476836112 -0.0036328093466021592 0.0039048469220086721 -1.0597014299879893e-07 -0.00027638029412796206 0.0013985330541288025
leaf_weight=14672 157 86 158 158 677 186
leaf_count=14672 157 86 158 158 677 186
internal_value=1.2691e-05 -3.13398e-05 0.000584857 0.00195243 6.66712e-05 -1.04917e-05
internal_weight=16094 14944 1150 316 834 14858
internal_count=16094 14944 1150 316 834 14858
is_linear=0
shrinkage=0.00834467


Tree=794
num_leaves=8
num_cat=0
split_feature=6 6 51 7 16 59 53
split_gain=5.13781 14.0308 18.2698 6.74262 6.72907 6.22973 5.99369
threshold=10.500000000000002 11.500000000000002 26.955186335349939 10.500000000000002 4.9476755000000008 5.5000000000000009 0.71997086894602191
decision_type=2 2 2 2 8 2 2
left_child=4 3 -3 -2 5 -1 -6
right_child=1 2 -4 -5 6 -7 -8
leaf_value=0.00044534825705288921 0.00028417115577284433 6.6262709331525683e-05 -0.003001603291353766 -0.0010185621841914208 -5.2208184499805142e-05 0.0025633266640004851 -0.0026166969196023378
leaf_weight=2269 341 10064 137 1466 1644 101 66
leaf_count=2269 341 10064 137 1466 1644 101 66
internal_value=-8.07028e-06 -9.49947e-05 2.50583e-05 -0.000772722 0.00024776 0.000535618 -0.000151203
internal_weight=16088 12008 10201 1807 4080 2370 1710
internal_count=16088 12008 10201 1807 4080 2370 1710
is_linear=0
shrinkage=0.00834467


Tree=795
num_leaves=5
num_cat=0
split_feature=56 7 54 53
split_gain=6.9737 5.67205 17.6501 13.7796
threshold=1.786651611328127 41.500000000000007 1.3371489458562527 1.1519340848350235
decision_type=2 2 2 2
left_child=1 3 -3 -1
right_child=-2 2 -4 -5
leaf_value=5.7081364005699041e-05 -0.0019732374782180837 -0.00016828200649540901 -0.0036770653764502488 0.0020824883125597116
leaf_weight=10939 126 4668 102 239
leaf_count=10939 126 4668 102 239
internal_value=-1.78634e-05 -2.41345e-06 -0.00024332 0.000100389
internal_weight=16074 15948 4770 11178
internal_count=16074 15948 4770 11178
is_linear=0
shrinkage=0.00834467


Tree=796
num_leaves=5
num_cat=0
split_feature=52 17 24 16
split_gain=7.31435 6.72219 16.1299 6.16243
threshold=1.6599892834646715 1.3241850000000006 26.390797615051273 3.3813370000000007
decision_type=2 10 2 10
left_child=1 3 -3 -1
right_child=-2 2 -4 -5
leaf_value=3.7929623614652568e-05 -0.0020242025138993876 -0.0002745634431042844 -0.0037245556237296795 0.0010620773369343767
leaf_weight=13389 125 2012 99 422
leaf_count=13389 125 2012 99 422
internal_value=-1.35969e-05 2.18915e-06 -0.000436375 6.92235e-05
internal_weight=16047 15922 2111 13811
internal_count=16047 15922 2111 13811
is_linear=0
shrinkage=0.00834467


Tree=797
num_leaves=7
num_cat=0
split_feature=10 54 19 52 7 6
split_gain=6.52901 22.4524 18.3119 8.25499 5.69223 4.61001
threshold=3.5000000000000004 0.73791090815877003 26.038749694824222 1.6599892834646715 12.500000000000002 15.500000000000002
decision_type=2 2 2 2 2 2
left_child=3 4 -3 5 -2 -1
right_child=1 2 -4 -5 -6 -7
leaf_value=5.3463363250893062e-05 0.0013586711339303025 0.0045756938528545288 0.00043525413745770753 -0.0025975983525556461 -0.00040218171547562215 -0.00031440168939995326
leaf_weight=11912 157 155 143 87 688 2962
leaf_count=11912 157 155 143 87 688 2962
internal_value=1.16568e-05 0.000619541 0.00258892 -3.47851e-05 -7.50056e-05 -1.97932e-05
internal_weight=16104 1143 298 14961 845 14874
internal_count=16104 1143 298 14961 845 14874
is_linear=0
shrinkage=0.00834467


Tree=798
num_leaves=7
num_cat=0
split_feature=50 56 6 59 9 53
split_gain=4.65376 4.51695 9.14258 5.12372 0.941324 0.493393
threshold=21.198670005723759 0.063564302568359224 14.500000000000002 5.5000000000000009 21.034483909606937 0.084947993913294939
decision_type=2 2 2 2 2 2
left_child=4 3 -3 -2 -1 -6
right_child=1 2 -4 -5 5 -7
leaf_value=-0.0019239237233994165 -0.00013164341267693895 0.00045396775321056266 -0.00031161585613669583 0.00053583398183671956 -0.0012070139760846223 -0.00032344906494806295
leaf_weight=73 9808 3608 1554 872 95 82
leaf_count=73 9808 3608 1554 872 95 82
internal_value=2.98841e-06 2.08154e-05 0.000223492 -7.71448e-05 -0.00112663 -0.000797719
internal_weight=16092 15842 5162 10680 250 177
internal_count=16092 15842 5162 10680 250 177
is_linear=0
shrinkage=0.00834467


Tree=799
num_leaves=8
num_cat=0
split_feature=22 59 55 7 18 19 56
split_gain=4.64608 5.07662 6.13458 4.64623 1.30123 0.702614 0.588219
threshold=21.322292327880863 6.5000000000000009 0.45013587050852882 50.500000000000007 21.087455749511722 21.52667331695557 0.034188270568847663
decision_type=2 2 2 2 2 2 2
left_child=4 3 -3 -2 6 -6 -1
right_child=1 2 -4 -5 5 -7 -8
leaf_value=-0.0017633662072449716 7.5111409020983227e-05 0.0002235540887140926 0.0033759017887786914 -0.00033677745906644216 -0.00035772164779519371 -0.0012597697867286633 -0.00074079372468337484
leaf_weight=89 12862 114 69 2239 519 68 70
leaf_count=89 12862 114 69 2239 519 68 70
internal_value=-6.02869e-07 3.07833e-05 0.00141226 1.40412e-05 -0.000643634 -0.000462237 -0.00131325
internal_weight=16030 15284 183 15101 746 587 159
internal_count=16030 15284 183 15101 746 587 159
is_linear=0
shrinkage=0.00834467


Tree=800
num_leaves=8
num_cat=0
split_feature=59 55 7 52 27 53 31
split_gain=5.21448 19.7026 8.95919 5.88778 12.3926 5.6233 2.56897
threshold=5.5000000000000009 0.68359556342267103 34.500000000000007 1.1554441099334991 26.555933952331547 1.1519340848350235 23.768035888671879
decision_type=2 2 2 2 2 2 2
left_child=3 6 -3 5 -5 -1 -2
right_child=1 2 -4 4 -6 -7 -8
leaf_value=-3.3514944375102029e-05 0.00030063536031932163 0.0051028949727459152 0.0010660267449614108 -0.0022285510777683808 0.0019384531129188211 0.0016013501249787722 -0.00081561852880873524
leaf_weight=14388 923 86 69 211 65 148 170
leaf_count=14388 923 86 69 211 65 148 170
internal_value=3.85212e-06 0.000521864 0.00330602 -3.97938e-05 -0.00124716 -1.68683e-05 0.000127013
internal_weight=16060 1248 155 14812 276 14536 1093
internal_count=16060 1248 155 14812 276 14536 1093
is_linear=0
shrinkage=0.00834467


Tree=801
num_leaves=7
num_cat=0
split_feature=23 59 55 54 55 9
split_gain=5.91708 4.94667 15.8487 5.4117 2.16307 1.94075
threshold=21.322837829589847 5.5000000000000009 0.68359556342267103 1.2656684765438151 0.52689083439789619 21.085356712341312
decision_type=2 2 2 2 2 2
left_child=4 3 -3 -2 5 -1
right_child=1 2 -4 -5 -6 -7
leaf_value=-0.0015361489321090692 2.3023818111276433e-05 0.00017918430846907253 0.0030876104050689243 -0.0010008705174204525 -0.0019825918358444355 -0.00035681239285778523
leaf_weight=117 13879 959 151 369 83 573
leaf_count=117 13879 959 151 369 83 573
internal_value=2.45117e-06 3.83067e-05 0.000574858 -3.49404e-06 -0.000709921 -0.000556806
internal_weight=16131 15358 1110 14248 773 690
internal_count=16131 15358 1110 14248 773 690
is_linear=0
shrinkage=0.00834467


Tree=802
num_leaves=8
num_cat=1
split_feature=0 18 14 40 55 6 53
split_gain=5.07979 7.0439 6.30943 5.57179 12.0412 8.25069 1.03029
threshold=0 21.255327224731449 1.128003520257822 23.649876594543461 0.57497925718588128 9.5000000000000018 0.22311778766577681
decision_type=9 2 8 2 2 2 2
left_child=1 6 -3 4 -2 -5 -1
right_child=3 2 -4 5 -6 -7 -8
leaf_value=-0.0008451350730265914 -0.00016878092378402464 0.0011863667887693353 0.00012868889815886224 0.00055266203377935604 0.0010170096876888006 -0.0007470014815714372 -0.0020077018646229468
leaf_weight=242 4474 413 8001 417 688 1845 68
leaf_count=242 4474 413 8001 417 688 1845 68
internal_value=-1.52505e-06 0.000134938 0.000180606 -0.000161847 -1.07352e-05 -0.000507407 -0.0011002
internal_weight=16148 8724 8414 7424 5162 2262 310
internal_count=16148 8724 8414 7424 5162 2262 310
cat_boundaries=0 1
cat_threshold=31362
is_linear=0
shrinkage=0.00834467


Tree=803
num_leaves=6
num_cat=0
split_feature=59 55 56 56 52
split_gain=5.46398 10.5445 5.6846 5.00001 1.04297
threshold=6.5000000000000009 0.45013587050852882 1.786651611328127 0.055727005004882819 0.13321927919205326
decision_type=2 2 2 2 2
left_child=2 4 3 -1 -2
right_child=1 -3 -4 -5 -6
leaf_value=-0.00013066991634405086 -0.00068362729870583624 0.0040475310287780867 -0.0017908385044639323 0.00018293752448297689 0.00077435599270430082
leaf_weight=10534 72 67 128 5332 65
leaf_count=10534 72 67 128 5332 65
internal_value=-2.20991e-05 0.00133492 -3.94084e-05 -2.52775e-05 8.12242e-06
internal_weight=16198 204 15994 15866 137
internal_count=16198 204 15994 15866 137
is_linear=0
shrinkage=0.00834467


Tree=804
num_leaves=5
num_cat=0
split_feature=56 55 54 54
split_gain=5.26241 5.25641 14.9937 5.99604
threshold=1.786651611328127 0.62143305964614615 0.34679533268873403 0.62435727381245998
decision_type=2 2 2 2
left_child=1 3 -3 -1
right_child=-2 2 -4 -5
leaf_value=-5.1783499325372115e-05 -0.0017207305164894677 0.0024014837835565142 0.00014390567431044808 -0.0012381017092092563
leaf_weight=12296 125 219 3169 304
leaf_count=12296 125 219 3169 304
internal_value=-1.52825e-05 -1.94763e-06 0.000289842 -8.04067e-05
internal_weight=16113 15988 3388 12600
internal_count=16113 15988 3388 12600
is_linear=0
shrinkage=0.00834467


Tree=805
num_leaves=7
num_cat=0
split_feature=59 55 42 52 56 53
split_gain=5.99135 18.6072 10.5123 5.33774 5.23715 2.48763
threshold=5.5000000000000009 0.67680578869122832 24.5500602722168 1.6599892834646715 0.055727005004882819 0.37265525456613108
decision_type=2 2 2 2 2 2
left_child=3 5 -3 4 -1 -2
right_child=1 2 -4 -5 -6 -7
leaf_value=-0.00015025234085356675 -4.6707107930723798e-05 0.0050003584702291663 0.0006931275421501468 -0.0018817112454421368 0.00018178966004237798 0.00098660404154170267
leaf_weight=9675 841 94 68 110 5026 201
leaf_count=9675 841 94 68 110 5026 201
internal_value=-4.4187e-06 0.000561671 0.00319253 -5.0437e-05 -3.67333e-05 0.000152624
internal_weight=16015 1204 162 14811 14701 1042
internal_count=16015 1204 162 14811 14701 1042
is_linear=0
shrinkage=0.00834467


Tree=806
num_leaves=8
num_cat=1
split_feature=14 0 56 17 49 7 56
split_gain=5.65289 20.3988 5.69965 4.79514 12.4033 10.9365 3.27526
threshold=1.1965937898913681 0 0.070470809936525228 -0.90466249999999993 26.324169445123051 8.5000000000000018 0.7691144943237288
decision_type=8 9 2 10 2 2 2
left_child=1 2 -1 5 -5 -2 -3
right_child=3 6 -4 4 -6 -7 -8
leaf_value=0.0052696813502766471 -0.00060339102971965891 0.00021988135158491939 0.0020759984110668398 -0.0001366798744734453 -0.0016389827487890982 0.00017269279570335971 -0.0016280090114825713
leaf_weight=68 1488 784 91 4777 416 8413 73
leaf_count=68 1488 784 91 4777 416 8413 73
internal_value=-1.1104e-05 0.000591386 0.00323843 -5.16589e-05 -0.000257029 5.60564e-05 6.17395e-05
internal_weight=16110 1016 159 15094 5193 9901 857
internal_count=16110 1016 159 15094 5193 9901 857
cat_boundaries=0 1
cat_threshold=8192
is_linear=0
shrinkage=0.00834467


Tree=807
num_leaves=8
num_cat=0
split_feature=17 49 9 26 52 31 10
split_gain=5.52607 19.4209 37.7269 7.45616 17.0979 15.4657 6.15878
threshold=0.97010750000000023 26.276907348688237 25.841992378234867 26.72652626037598 1.6599892834646715 25.906146049499515 2.5000000000000004
decision_type=10 2 2 2 2 2 2
left_child=3 2 -2 4 -1 -5 -3
right_child=1 6 -4 5 -6 -7 -8
leaf_value=1.9346366538685408e-05 -0.00038513072766021493 -0.0017179640642173649 0.0050223447820495109 0.0040733367531840666 -0.0041162515456473698 0.00042076930626559343 -0.005297728774832651
leaf_weight=12257 2638 69 93 89 70 867 65
leaf_count=12257 2638 69 93 89 70 867 65
internal_value=-2.07755e-05 -0.000353162 -0.00020097 5.09168e-05 -4.14121e-06 0.000760847 -0.00345467
internal_weight=16148 2865 2731 13283 12327 956 134
internal_count=16148 2865 2731 13283 12327 956 134
is_linear=0
shrinkage=0.00834467


Tree=808
num_leaves=8
num_cat=0
split_feature=6 6 7 6 32 55 16
split_gain=5.37103 9.70358 13.3061 10.7778 7.39972 8.65987 4.19565
threshold=15.500000000000002 12.500000000000002 26.500000000000004 10.500000000000002 25.252242088317875 0.72737933840424984 4.0167685000000004
decision_type=2 2 2 2 2 2 8
left_child=1 3 -3 -1 5 -2 -6
right_child=4 2 -4 -5 6 -7 -8
leaf_value=0.00016825731792677787 -0.00034258457422574985 0.00078111893641895694 -4.3427236989007861e-05 -0.00046032032993132945 -0.0037722075381332459 0.0017786028036316398 -0.00077393138411270296
leaf_weight=4054 2704 2512 2979 3574 65 141 65
leaf_count=4054 2704 2512 2979 3574 65 141 65
internal_value=-6.29794e-06 6.62958e-05 0.000333783 -0.000126255 -0.000326417 -0.000237452 -0.00227324
internal_weight=16094 13119 5491 7628 2975 2845 130
internal_count=16094 13119 5491 7628 2975 2845 130
is_linear=0
shrinkage=0.00834467


Tree=809
num_leaves=8
num_cat=0
split_feature=6 6 54 55 6 17 54
split_gain=5.44357 21.4033 15.2195 10.0312 9.87495 6.98351 6.63269
threshold=14.500000000000002 13.500000000000002 0.73791090815877003 1.1831691056602758 10.500000000000002 -0.88844199999999984 0.87324209052667723
decision_type=2 2 2 2 2 10 2
left_child=1 4 -3 6 -1 -5 -2
right_child=3 2 -4 5 -6 -7 -8
leaf_value=0.00024690254214493611 -0.00021722098299812892 0.0005646210131890903 0.0025570638481336658 2.2758430249439054e-05 -0.00029736146943086289 -0.0032644956983914654 0.0016657848669849905
leaf_weight=4083 4653 1346 333 70 5380 126 134
leaf_count=4083 4653 1346 333 70 5380 126 134
internal_value=-1.10049e-05 9.15284e-05 0.000959799 -0.000240269 -6.25279e-05 -0.00209053 -0.000164508
internal_weight=16125 11142 1679 4983 9463 196 4787
internal_count=16125 11142 1679 4983 9463 196 4787
is_linear=0
shrinkage=0.00834467


Tree=810
num_leaves=5
num_cat=0
split_feature=52 6 6 53
split_gain=5.02094 4.58191 9.09179 6.46089
threshold=1.6599892834646715 15.500000000000002 12.500000000000002 0.77997736678812235
decision_type=2 2 2 2
left_child=1 2 -1 -3
right_child=-2 3 -4 -5
leaf_value=-9.137646543330095e-05 -0.0016466105714405693 -0.00021017287369250455 0.00035752082176654376 -0.0028120706028244161
leaf_weight=7632 126 2908 5340 68
leaf_count=7632 126 2908 5340 68
internal_value=1.2558e-05 2.56675e-05 9.34149e-05 -0.000269634
internal_weight=16074 15948 12972 2976
internal_count=16074 15948 12972 2976
is_linear=0
shrinkage=0.00834467


Tree=811
num_leaves=8
num_cat=0
split_feature=6 6 54 55 54 14 6
split_gain=4.70579 15.5032 15.9441 10.4143 14.8587 7.75017 7.60523
threshold=14.500000000000002 13.500000000000002 0.73791090815877003 0.97297735831383003 0.87324209052667723 2.894026443999143 10.500000000000002
decision_type=2 2 2 2 2 8 2
left_child=1 6 -3 4 -2 -5 -1
right_child=3 2 -4 5 -6 -7 -8
leaf_value=0.0002247192801833174 -0.00017753598473074574 0.00042062306453565228 0.0024703084730969471 -0.0031640355716929954 0.0038098272300766851 -0.00061035717896809269 -0.00025193506303194274
leaf_weight=4084 4606 1343 329 137 66 209 5430
leaf_count=4084 4606 1343 329 137 66 209 5430
internal_value=-1.23376e-05 8.29073e-05 0.000823952 -0.000224655 -0.0001212 -0.00162156 -4.73254e-05
internal_weight=16204 11186 1672 5018 4672 346 9514
internal_count=16204 11186 1672 5018 4672 346 9514
is_linear=0
shrinkage=0.00834467


Tree=812
num_leaves=4
num_cat=0
split_feature=56 9 14
split_gain=5.17917 4.84278 4.78894
threshold=1.786651611328127 32.756839752197273 1.128003520257822
decision_type=2 2 8
left_child=1 2 -1
right_child=-2 -3 -4
leaf_value=0.00057314875043442326 -0.0018287536479498357 0.0022185228780186076 -6.4329279407687078e-05
leaf_weight=868 111 67 15021
leaf_count=868 111 67 15021
internal_value=-3.25598e-05 -2.00633e-05 -2.95042e-05
internal_weight=16067 15956 15889
internal_count=16067 15956 15889
is_linear=0
shrinkage=0.00834467


Tree=813
num_leaves=7
num_cat=0
split_feature=7 55 20 29 53 56
split_gain=5.10111 13.7916 8.64012 7.53194 6.41808 4.88451
threshold=51.500000000000007 1.2658124336981296 26.594993591308597 28.100689888000492 1.1519340848350235 1.0559587478637698
decision_type=2 2 2 2 2 2
left_child=2 5 4 -4 -1 -2
right_child=1 -3 3 -5 -6 -7
leaf_value=-2.221925307037596e-05 -0.00033493052566670775 -0.0039997944115473302 0.0015104494464944233 3.8883671557844971e-05 0.0014382105005874542 0.0019404929815671523
leaf_weight=12855 1928 71 514 458 213 68
leaf_count=12855 1928 71 514 458 213 68
internal_value=1.06275e-06 -0.000385969 5.80426e-05 0.000817065 1.58586e-06 -0.000257402
internal_weight=16107 2067 14040 972 13068 1996
internal_count=16107 2067 14040 972 13068 1996
is_linear=0
shrinkage=0.00834467


Tree=814
num_leaves=8
num_cat=0
split_feature=17 24 9 13 8 33 24
split_gain=5.49207 15.4641 32.6476 8.55116 7.17784 15.6173 5.46525
threshold=0.97010750000000023 26.390797615051273 26.069210052490238 1.5000000000000002 1.5000000000000002 24.367539405822757 21.322555541992191
decision_type=10 2 2 2 2 2 2
left_child=4 2 -2 -3 5 -1 -6
right_child=1 3 -4 -5 6 -7 -8
leaf_value=0.0013195227712942169 -0.00032883682138281479 -0.0011378484379272974 0.0055682122288055833 -0.0051564239456806079 -0.00072411106507659629 -6.2689096242045131e-06 2.7188973216190363e-05
leaf_weight=950 2677 82 67 67 724 1774 9804
leaf_count=950 2677 82 67 67 724 1774 9804
internal_value=2.398e-06 -0.000327002 -0.00018483 -0.00294508 7.43084e-05 0.000456106 -2.44778e-05
internal_weight=16145 2893 2744 149 13252 2724 10528
internal_count=16145 2893 2744 149 13252 2724 10528
is_linear=0
shrinkage=0.00834467


Tree=815
num_leaves=8
num_cat=0
split_feature=8 33 17 14 39 53 49
split_gain=5.34228 9.54362 13.5622 6.67558 6.22201 10.0349 8.42661
threshold=1.5000000000000002 24.758594512939457 1.0193000000000003 2.5725796823706193 28.506158828735355 0.32440975391439025 27.866635322556643
decision_type=2 2 10 10 2 2 2
left_child=1 2 -1 -3 6 -6 -2
right_child=4 3 -4 -5 5 -7 -8
leaf_value=0.0012092828392501369 -8.0403826354646205e-05 -0.00069007114822843051 -0.00019282294134743058 0.00033445637444273838 0.00026684262776550624 0.0038611210588458808 -0.0029839268881035469
leaf_weight=1269 11948 853 773 921 227 71 70
leaf_count=1269 11948 853 773 921 227 71 70
internal_value=1.67444e-05 0.000289553 0.000678517 -0.000158173 -6.7783e-05 0.00112329 -9.73181e-05
internal_weight=16132 3816 2042 1774 12316 298 12018
internal_count=16132 3816 2042 1774 12316 298 12018
is_linear=0
shrinkage=0.00834467


Tree=816
num_leaves=7
num_cat=0
split_feature=17 49 19 8 33 48
split_gain=4.54944 16.0941 21.3604 5.06372 12.6522 4.08265
threshold=1.3241850000000006 26.276907348688237 25.682502746582035 1.5000000000000002 24.392396926879886 21.21093788117139
decision_type=10 2 2 2 2 2
left_child=3 2 -2 4 -1 -5
right_child=1 -3 -4 5 -6 -7
leaf_value=0.0010723278290605139 -0.00035917379390067839 -0.0034082210216972155 0.0043634920720216977 -0.00090396343504373024 -6.2713500872394511e-05 -1.2250989947248475e-05
leaf_weight=1069 1983 115 69 370 1898 10599
leaf_count=1069 1983 115 69 370 1898 10599
internal_value=-1.49119e-05 -0.000370603 -0.000200351 4.03971e-05 0.00034624 -4.23305e-05
internal_weight=16103 2167 2052 13936 2967 10969
internal_count=16103 2167 2052 13936 2967 10969
is_linear=0
shrinkage=0.00834467


Tree=817
num_leaves=8
num_cat=1
split_feature=0 14 56 26 26 32 52
split_gain=4.8255 11.0463 6.79072 6.67503 5.64647 16.3818 10.8724
threshold=0 1.1552303173889189 0.12819099426269712 25.718134880065922 26.72652626037598 26.365961074829105 1.1554441099334991
decision_type=9 8 2 2 2 2 2
left_child=1 3 -3 -1 6 -6 -2
right_child=4 2 -4 -5 5 -7 -8
leaf_value=0.00081586125138328894 -8.1672509566239871e-05 -2.0439050008271045e-05 0.00069876066601829649 0.004278372059831166 0.0045821321876082051 -8.7388395843173165e-05 -0.0023007367158183888
leaf_weight=84 10593 3674 1217 72 70 207 156
leaf_count=84 10593 3674 1217 72 70 207 156
internal_value=1.43432e-05 0.000227789 0.000158516 0.00241411 -8.34896e-05 0.00109275 -0.00011388
internal_weight=16073 5047 4891 156 11026 277 10749
internal_count=16073 5047 4891 156 11026 277 10749
cat_boundaries=0 1
cat_threshold=27136
is_linear=0
shrinkage=0.00834467


Tree=818
num_leaves=5
num_cat=0
split_feature=54 17 55 28
split_gain=5.18504 4.69626 8.45656 6.32884
threshold=1.8715316376720852 -0.78584999999999994 1.2658124336981296 28.324242591857914
decision_type=2 8 2 2
left_child=1 2 -1 -3
right_child=-2 3 -4 -5
leaf_value=0.00026750195775628862 -0.0023240847696999203 -1.3916670254593963e-05 0.0029788635320230879 -0.0012792668227607352
leaf_weight=2286 66 13419 83 281
leaf_count=2286 66 13419 83 281
internal_value=9.86304e-06 1.94506e-05 0.000362509 -3.98711e-05
internal_weight=16135 16069 2369 13700
internal_count=16135 16069 2369 13700
is_linear=0
shrinkage=0.00834467


Tree=819
num_leaves=7
num_cat=0
split_feature=55 54 10 52 56 52
split_gain=5.03104 11.1644 9.99772 14.7921 6.35995 4.0357
threshold=0.76381518428244843 0.72879606298627897 4.5000000000000009 1.6599892834646715 1.2576656341552737 0.7843670739961407
decision_type=2 2 2 2 2 2
left_child=1 4 3 -2 -1 -3
right_child=2 5 -4 -5 -6 -7
leaf_value=-5.1509373011919439e-05 0.00040024449547827349 -0.00088058597573640121 0.0027888075348226206 -0.0027060014329997957 0.0016593955582587402 -0.0027074458754131137
leaf_weight=13489 1928 258 112 113 153 125
leaf_count=13489 1928 258 112 113 153 125
internal_value=-1.41129e-05 -7.17692e-05 0.000361468 0.000228255 -3.23198e-05 -0.00147687
internal_weight=16178 14025 2153 2041 13642 383
internal_count=16178 14025 2153 2041 13642 383
is_linear=0
shrinkage=0.00834467


Tree=820
num_leaves=8
num_cat=0
split_feature=6 6 54 47 7 6 45
split_gain=5.22964 19.89 25.2301 11.1038 13.3965 6.94374 5.11938
threshold=14.500000000000002 13.500000000000002 0.73791090815877003 26.057362556457523 16.500000000000004 10.500000000000002 24.7403678894043
decision_type=2 2 2 2 2 2 2
left_child=1 5 -3 6 -5 -1 -2
right_child=3 2 -4 4 -6 -7 -8
leaf_value=0.00022368053581280667 -0.00021095010976009647 0.00043437278137191127 0.0029844591328714175 0.00067039168810356523 -0.002851078744964227 -0.00023615575966841589 0.0006275442781978279
leaf_weight=4002 4129 1346 338 113 225 5335 578
leaf_count=4002 4129 1346 338 113 225 5335 578
internal_value=9.62756e-06 0.000111489 0.000946221 -0.000212893 -0.0016738 -3.90619e-05 -0.000107985
internal_weight=16066 11021 1684 5045 338 9337 4707
internal_count=16066 11021 1684 5045 338 9337 4707
is_linear=0
shrinkage=0.00834467


Tree=821
num_leaves=8
num_cat=1
split_feature=0 14 56 6 17 6 8
split_gain=5.82702 14.6547 9.25074 7.87643 7.42375 8.26581 7.40825
threshold=0 1.1965937898913681 0.12819099426269712 14.500000000000002 -0.84171599999999991 10.500000000000002 1.5000000000000002
decision_type=9 8 2 2 10 2 2
left_child=1 3 -3 -1 6 -6 -2
right_child=4 2 -4 -5 5 -7 -8
leaf_value=0.0039658455811371479 0.00076757138045880757 -3.8081722970627948e-05 0.00078117315156344075 0.0004069210467244008 0.00020775019245194537 -0.00062607530919853984 -3.0501392568323455e-05
leaf_weight=111 936 3818 1282 71 1182 2763 6013
leaf_count=111 936 3818 1282 71 1182 2763 6013
internal_value=2.32429e-05 0.000250419 0.000167858 0.00257757 -8.70542e-05 -0.000376245 7.69964e-05
internal_weight=16176 5282 5100 182 10894 3945 6949
internal_count=16176 5282 5100 182 10894 3945 6949
cat_boundaries=0 1
cat_threshold=31232
is_linear=0
shrinkage=0.00834467


Tree=822
num_leaves=7
num_cat=0
split_feature=14 24 9 46 49 56
split_gain=5.56779 13.9476 5.36276 4.82696 15.4587 12.8236
threshold=1.128003520257822 26.272246360778812 26.027995109558109 27.151249885559086 27.594488430092778 0.14638519287109378
decision_type=8 2 2 2 2 2
left_child=1 2 -1 4 -2 -5
right_child=3 -3 -4 5 -6 -7
leaf_value=0.00054589993853331766 -3.7678927300857704e-05 0.0041253308187218464 -0.0019012862198787676 7.6107963971365738e-05 -0.0036277520203810022 0.0025997808903536757
leaf_weight=750 14303 74 68 705 84 175
leaf_count=750 14303 74 68 705 84 175
internal_value=1.54956e-05 0.000656314 0.000342446 -2.19457e-05 -5.86424e-05 0.000577998
internal_weight=16159 892 818 15267 14387 880
internal_count=16159 892 818 15267 14387 880
is_linear=0
shrinkage=0.00834467


Tree=823
num_leaves=8
num_cat=0
split_feature=17 7 6 55 7 14 27
split_gain=4.74041 8.93397 12.7171 9.82593 8.36513 13.7473 9.38641
threshold=-0.84171599999999991 43.500000000000007 11.500000000000002 1.6797837711283303 8.5000000000000018 4.0874990147712529 26.817831993103031
decision_type=10 2 2 2 2 8 2
left_child=4 3 -3 -2 5 -1 -6
right_child=1 2 -4 -5 6 -7 -8
leaf_value=0.0019679546398613905 -6.0121111593821853e-05 0.00010907830991060951 -0.0013835287025112724 0.0026119257331896142 0.00012853426644046865 -0.00073517258664384719 0.0012523111274093334
leaf_weight=145 4310 710 903 98 8073 1357 553
leaf_count=145 4310 710 903 98 8073 1357 553
internal_value=-9.72735e-06 -0.000195154 -0.000726526 -7.09759e-07 0.000100507 -0.000474207 0.000200579
internal_weight=16149 6021 1613 4408 10128 1502 8626
internal_count=16149 6021 1613 4408 10128 1502 8626
is_linear=0
shrinkage=0.00834467


Tree=824
num_leaves=7
num_cat=0
split_feature=59 55 42 9 38 52
split_gain=4.74709 17.2003 7.60249 4.35871 4.46163 3.47002
threshold=5.5000000000000009 0.67680578869122832 24.5500602722168 32.756839752197273 32.64433670043946 0.5489052164757523
decision_type=2 2 2 2 2 2
left_child=3 5 -3 4 -1 -2
right_child=1 2 -4 -5 -6 -7
leaf_value=-2.5758343222542655e-05 5.5303571850270572e-06 0.0044786469541412315 0.00083870294878640825 0.0021293441809600998 -0.002052645318223488 0.0019657148942461618
leaf_weight=14855 1022 99 67 65 76 67
leaf_count=14855 1022 99 67 65 76 67
internal_value=1.45696e-05 0.000507569 0.00300965 -2.66893e-05 -3.60767e-05 0.000126146
internal_weight=16251 1255 166 14996 14931 1089
internal_count=16251 1255 166 14996 14931 1089
is_linear=0
shrinkage=0.00834467


Tree=825
num_leaves=5
num_cat=0
split_feature=56 14 24 54
split_gain=6.75022 5.13717 15.2149 5.97347
threshold=2.3025903701782231 1.1552303173889189 26.326080322265629 1.4954939798931177
decision_type=2 8 2 2
left_child=1 2 -1 -3
right_child=-2 3 -4 -5
leaf_value=0.00027214040523261833 -0.0026725337930634599 -1.644888851396845e-05 0.0040314545996786777 -0.001437031896772084
leaf_weight=873 66 14888 82 209
leaf_count=873 66 14888 82 209
internal_value=-9.52093e-06 1.43002e-06 0.000594967 -3.61161e-05
internal_weight=16118 16052 955 15097
internal_count=16118 16052 955 15097
is_linear=0
shrinkage=0.00834467


Tree=826
num_leaves=8
num_cat=0
split_feature=8 33 47 17 51 48 53
split_gain=5.8126 11.9143 13.6511 11.2382 4.61652 11.8813 8.884
threshold=1.5000000000000002 24.569562911987308 25.245145797729496 -0.9905314999999999 25.573138395991617 25.841456413501955 0.27909531571885887
decision_type=2 2 2 8 2 2 2
left_child=1 2 -1 -3 5 -2 -6
right_child=4 3 -4 -5 6 -7 -8
leaf_value=0.00057456275930049751 -0.0001015279199608992 0.0010350660768126412 0.0031708565745297481 -0.00047931244527488502 -0.00017610628852975785 -0.0035023566071457875 0.0011582790418383265
leaf_weight=1672 10823 439 154 1532 833 72 596
leaf_count=1672 10823 439 154 1532 833 72 596
internal_value=2.24375e-05 0.000307903 0.000793543 -0.000142012 -6.55139e-05 -0.000124006 0.000380436
internal_weight=16121 3797 1826 1971 12324 10895 1429
internal_count=16121 3797 1826 1971 12324 10895 1429
is_linear=0
shrinkage=0.00834467


Tree=827
num_leaves=5
num_cat=0
split_feature=56 8 53 39
split_gain=6.894 5.11799 8.43872 5.70359
threshold=2.3025903701782231 1.5000000000000002 0.077159646659162612 28.506158828735355
decision_type=2 2 2 2
left_child=1 2 -1 -3
right_child=-2 3 -4 -5
leaf_value=0.0030535881995227298 -0.0026876788043536681 -9.6753980969368345e-05 0.00022658571769056728 0.0010681616524053348
leaf_weight=75 66 11962 3718 300
leaf_count=75 66 11962 3718 300
internal_value=3.54633e-06 1.46112e-05 0.000282492 -6.82525e-05
internal_weight=16121 16055 3793 12262
internal_count=16121 16055 3793 12262
is_linear=0
shrinkage=0.00834467


Tree=828
num_leaves=8
num_cat=0
split_feature=59 55 7 6 6 53 16
split_gain=4.54996 16.6946 9.05499 4.86164 10.4611 5.76216 1.91493
threshold=5.5000000000000009 0.68968904353178095 25.500000000000004 15.500000000000002 13.500000000000002 0.74714267053662931 -3.0337330000000002
decision_type=2 2 2 2 2 2 8
left_child=3 6 -3 4 -1 -5 -2
right_child=1 2 -4 5 -6 -7 -8
leaf_value=-0.0001234233086055887 -0.0010425873441512463 0.0053423812349824426 0.0013094333512734221 -0.00030610270573163529 0.00042255343237060567 -0.002582263209131813 0.00021791124642095408
leaf_weight=9011 92 67 92 2417 3353 80 955
leaf_count=9011 92 67 92 2417 3353 80 955
internal_value=-3.18362e-06 0.000489756 0.00300907 -4.3187e-05 2.46406e-05 -0.000379037 0.000107143
internal_weight=16067 1206 159 14861 12364 2497 1047
internal_count=16067 1206 159 14861 12364 2497 1047
is_linear=0
shrinkage=0.00834467


Tree=829
num_leaves=8
num_cat=0
split_feature=6 6 54 52 26 6 17
split_gain=5.12791 17.7993 15.867 10.898 9.43977 8.31316 8.26781
threshold=14.500000000000002 13.500000000000002 0.73791090815877003 0.82058040928954312 25.679978370666507 10.500000000000002 1.4214645000000004
decision_type=2 2 2 2 2 2 10
left_child=1 5 -3 6 -5 -1 -2
right_child=3 2 -4 4 -6 -7 -8
leaf_value=0.00024936388707992552 -3.7607996813573308e-05 0.00049463994730830076 0.0025393621933762866 -0.0035807252963740896 1.6900270861726593e-05 -0.00025075229412729405 -0.0013406864241069197
leaf_weight=4042 4451 1343 329 122 87 5415 367
leaf_count=4042 4451 1343 329 122 87 5415 367
internal_value=3.40648e-06 0.000103323 0.000896993 -0.000217794 -0.00208322 -3.69985e-05 -0.000136869
internal_weight=16156 11129 1672 5027 209 9457 4818
internal_count=16156 11129 1672 5027 209 9457 4818
is_linear=0
shrinkage=0.00834467


Tree=830
num_leaves=7
num_cat=0
split_feature=33 17 49 8 55 18
split_gain=5.95391 5.15645 11.4811 5.67043 1.89953 1.07129
threshold=21.343918800510256 0.67256600000000011 27.130170726885503 1.5000000000000002 0.42344302081067603 21.087455749511722
decision_type=2 10 2 2 2 2
left_child=4 3 -3 -2 5 -1
right_child=1 2 -4 -5 -6 -7
leaf_value=-0.0012790424656949726 0.00047416587918709257 -0.00017291995485689576 -0.0036142385344305633 3.5121795950097266e-05 -0.0017958896415440706 -0.00039669542415126383
leaf_weight=113 2616 3101 69 9441 93 630
leaf_count=113 2616 3101 69 9441 93 630
internal_value=1.39988e-05 5.16427e-05 -0.000247836 0.000130381 -0.000671644 -0.000530903
internal_weight=16063 15227 3170 12057 836 743
internal_count=16063 15227 3170 12057 836 743
is_linear=0
shrinkage=0.00834467


Tree=831
num_leaves=5
num_cat=0
split_feature=56 8 6 6
split_gain=5.56148 4.98582 7.01846 4.40205
threshold=1.786651611328127 1.5000000000000002 14.500000000000002 10.500000000000002
decision_type=2 2 2 2
left_child=1 2 -1 -3
right_child=-2 3 -4 -5
leaf_value=0.00042569073393746218 -0.0017891052480691525 0.00022682352176049106 -0.00059638928662442863 -0.00015711078549933622
leaf_weight=3164 121 2651 549 9646
leaf_count=3164 121 2651 549 9646
internal_value=-6.8944e-06 6.57622e-06 0.000274566 -7.43417e-05
internal_weight=16131 16010 3713 12297
internal_count=16131 16010 3713 12297
is_linear=0
shrinkage=0.00834467


Tree=832
num_leaves=5
num_cat=1
split_feature=56 59 55 0
split_gain=5.76171 5.47442 18.0847 4.88887
threshold=2.3025903701782231 5.5000000000000009 0.68359556342267103 0
decision_type=2 2 2 9
left_child=1 3 -3 -1
right_child=-2 2 -4 -5
leaf_value=0.00015070189218733258 -0.0024081499363343716 0.00016920859881006675 0.0031775964020325249 -0.00015373135091500368
leaf_weight=6603 68 1067 160 8253
leaf_count=6603 68 1067 160 8253
internal_value=1.55733e-05 2.58225e-05 0.000561522 -1.84229e-05
internal_weight=16151 16083 1227 14856
internal_count=16151 16083 1227 14856
cat_boundaries=0 1
cat_threshold=31234
is_linear=0
shrinkage=0.00834467


Tree=833
num_leaves=7
num_cat=0
split_feature=17 49 9 16 56 56
split_gain=4.19249 11.0749 24.3557 5.69966 7.4588 4.41088
threshold=1.3241850000000006 26.220418071738283 25.802339553833011 3.0744704999999999 0.86651229842773436 0.24967193603515805
decision_type=10 2 2 10 2 2
left_child=3 2 -2 4 -1 -5
right_child=1 -3 -4 5 -6 -7
leaf_value=8.6582926897242328e-05 -0.00033515460947855264 -0.0027668242757872214 0.0048175731188356847 0.0005460037566687333 -0.00097265438761752574 0.0024662170734960575
leaf_weight=12998 1977 121 66 376 480 107
leaf_count=12998 1977 121 66 376 480 107
internal_value=2.7803e-05 -0.000313959 -0.000168672 8.07774e-05 4.8859e-05 0.000971433
internal_weight=16125 2164 2043 13961 13478 483
internal_count=16125 2164 2043 13961 13478 483
is_linear=0
shrinkage=0.00834467


Tree=834
num_leaves=7
num_cat=0
split_feature=52 26 18 53 7 53
split_gain=5.96094 8.95678 10.2823 8.6079 13.3677 7.05442
threshold=1.2615107883420882 26.025567054748539 25.219780921936039 1.1519340848350235 25.500000000000004 1.0457167536228291
decision_type=2 2 2 2 2 2
left_child=3 2 -2 5 -5 -1
right_child=1 -3 -4 4 -6 -7
leaf_value=1.4047345681504603e-06 -0.00062584432314018135 0.0011793376433497644 -0.0047362017658667014 0.0038899687089399551 -0.00059336782430432036 -0.0022331044801538235
leaf_weight=15517 103 72 72 99 87 99
leaf_count=15517 103 72 72 99 87 99
internal_value=-1.16133e-05 -0.00129791 -0.00231713 8.49348e-06 0.001793 -1.27626e-05
internal_weight=16049 247 175 15802 186 15616
internal_count=16049 247 175 15802 186 15616
is_linear=0
shrinkage=0.00834467


Tree=835
num_leaves=8
num_cat=0
split_feature=17 28 43 52 28 53 20
split_gain=5.70122 6.55941 10.7199 7.73335 5.43347 14.9104 8.24526
threshold=-0.84171599999999991 27.026253700256351 26.633063316345218 0.3575373974666593 28.324242591857914 0.55064818540601823 27.960625648498539
decision_type=8 2 2 2 2 2 2
left_child=1 2 -1 -3 6 -6 -2
right_child=4 3 -4 -5 5 -7 -8
leaf_value=0.00037868754788634892 -3.891813110005057e-05 0.00080952095209987549 -0.002227624668943661 0.0038668932875526086 0.00026296726435556957 -0.0037761433592802792 0.0023541113626429858
leaf_weight=1806 13504 260 117 74 175 100 101
leaf_count=1806 13504 260 117 74 175 100 101
internal_value=1.86242e-05 0.000407588 0.000220103 0.001487 -4.46247e-05 -0.00120588 -2.11512e-05
internal_weight=16137 2257 1923 334 13880 275 13605
internal_count=16137 2257 1923 334 13880 275 13605
is_linear=0
shrinkage=0.00834467


Tree=836
num_leaves=8
num_cat=0
split_feature=17 7 16 7 55 18 6
split_gain=4.56671 10.2681 12.1327 10.0947 7.94342 7.75555 7.66972
threshold=-0.84171599999999991 8.5000000000000018 -2.5248849999999998 7.5000000000000009 0.32498010708930497 24.267765045166019 10.500000000000002
decision_type=10 2 10 2 2 2 2
left_child=1 2 -1 5 -3 -2 -5
right_child=3 4 -4 6 -6 -7 -8
leaf_value=-0.00074387573871096118 -4.7583067977417771e-05 -4.4386026185814901e-05 0.0020100729475044017 0.00016056953507767187 0.00046346269446879756 0.0016258475021307137 -0.00053114736969056813
leaf_weight=1402 431 4145 121 1618 4444 349 3599
leaf_count=1402 431 4145 121 1618 4444 349 3599
internal_value=-1.79429e-06 0.000106405 -0.000525067 -0.000184237 0.000218378 0.000701181 -0.000316618
internal_weight=16109 10112 1523 5997 8589 780 5217
internal_count=16109 10112 1523 5997 8589 780 5217
is_linear=0
shrinkage=0.00834467


Tree=837
num_leaves=8
num_cat=0
split_feature=6 6 9 7 15 59 7
split_gain=4.43027 13.249 13.2785 6.6118 5.92867 7.55537 5.0424
threshold=10.500000000000002 11.500000000000002 27.484950065612797 9.5000000000000018 0.97191237280235243 5.5000000000000009 2.5000000000000004
decision_type=2 2 2 2 10 2 2
left_child=4 3 -3 -2 6 -6 -1
right_child=1 2 -4 -5 5 -7 -8
leaf_value=-0.0022773407499816502 0.00039805388308955639 6.7831706803329184e-05 -0.0025666024775953806 -0.00096335770644449348 0.0004050439152321802 0.0027487284395563889 -4.8272402431765078e-05
leaf_weight=74 297 10092 135 1518 2265 100 1564
leaf_count=74 297 10092 135 1518 2265 100 1564
internal_value=-3.6045e-06 -8.35507e-05 3.30539e-05 -0.00074058 0.000236893 0.000504153 -0.000148988
internal_weight=16045 12042 10227 1815 4003 2365 1638
internal_count=16045 12042 10227 1815 4003 2365 1638
is_linear=0
shrinkage=0.00834467


Tree=838
num_leaves=5
num_cat=0
split_feature=56 12 52 50
split_gain=6.45992 4.66473 8.53176 4.2861
threshold=1.786651611328127 2.5000000000000004 0.38555799127931017 21.198670005723759
decision_type=2 2 2 2
left_child=1 3 -3 -1
right_child=-2 2 -4 -5
leaf_value=-0.0010814505009190641 -0.0018761439074792502 -0.00044509382947463403 0.0034226293089472575 9.2494489602163878e-06
leaf_weight=255 128 82 77 15501
leaf_count=255 128 82 77 15501
internal_value=-9.06909e-06 5.94841e-06 0.00142805 -8.40343e-06
internal_weight=16043 15915 159 15756
internal_count=16043 15915 159 15756
is_linear=0
shrinkage=0.00834467


Tree=839
num_leaves=7
num_cat=0
split_feature=18 17 26 26 3 56
split_gain=4.55546 4.97238 7.87332 5.91634 0.936773 0.549471
threshold=21.122012138366703 0.67256600000000011 26.816814422607425 26.72652626037598 3.1661955000000006 0.046086313215331749
decision_type=2 10 2 2 2 2
left_child=4 3 -3 -2 5 -1
right_child=1 2 -4 -5 -6 -7
leaf_value=-0.0017309976297360996 5.1451552419358053e-05 -0.00018042089010396545 -0.0022920219186963252 0.00074011960831389277 -0.00026315986310842404 -0.00078094820326355687
leaf_weight=122 11750 3115 128 938 69 65
leaf_count=122 11750 3115 128 938 69 65
internal_value=1.00855e-05 2.78314e-05 -0.000263772 0.000102364 -0.00109421 -0.00140082
internal_weight=16187 15931 3243 12688 256 187
internal_count=16187 15931 3243 12688 256 187
is_linear=0
shrinkage=0.00834467


Tree=840
num_leaves=7
num_cat=0
split_feature=6 6 54 51 54 50
split_gain=4.21841 16.5953 26.1987 12.4668 7.504 7.19098
threshold=14.500000000000002 13.500000000000002 0.7457858179766268 26.75954847333448 0.79014199330266799 26.225632000074587
decision_type=2 2 2 2 2 2
left_child=1 4 -3 5 -1 -2
right_child=3 2 -4 -5 -6 -7
leaf_value=3.4417859394575685e-05 -0.00019140778205747959 0.00036299065609153174 0.0030456039809454386 -0.0033273829784357233 -0.00077884805198069845 0.001876677554213313
leaf_weight=8498 4790 1371 311 87 871 120
leaf_count=8498 4790 1371 311 87 871 120
internal_value=4.85013e-06 9.58261e-05 0.000859018 -0.000196345 -4.11891e-05 -0.00014086
internal_weight=16048 11051 1682 4997 9369 4910
internal_count=16048 11051 1682 4997 9369 4910
is_linear=0
shrinkage=0.00834467


Tree=841
num_leaves=8
num_cat=0
split_feature=7 51 33 47 55 7 52
split_gain=4.52622 11.8771 22.6079 19.0742 9.31699 21.9792 6.23281
threshold=41.500000000000007 25.12597293855038 24.856534957885746 25.182461738586429 1.5868855998533167 22.500000000000004 0.84812083641187785
decision_type=2 2 2 2 2 2 2
left_child=4 3 -3 -2 6 -6 -1
right_child=1 2 -4 -5 5 -7 -8
leaf_value=8.9676215076245808e-05 -0.00016944094278805127 -0.0057613142225122994 -0.00070540974679882454 0.0022556696061438769 -0.00045457658681735528 0.0055677979248096926 -0.00089931803087251599
leaf_weight=10654 3588 66 919 241 104 71 463
leaf_count=10654 3588 66 919 241 104 71 463
internal_value=-1.27774e-05 -0.000227025 -0.00104423 -1.67974e-05 7.85605e-05 0.00198896 4.84859e-05
internal_weight=16106 4814 985 3829 11292 175 11117
internal_count=16106 4814 985 3829 11292 175 11117
is_linear=0
shrinkage=0.00834467


Tree=842
num_leaves=7
num_cat=0
split_feature=59 55 6 33 6 52
split_gain=4.79503 10.7755 4.35331 7.55804 7.03426 1.24116
threshold=6.5000000000000009 0.45013587050852882 15.500000000000002 25.16642284589356 12.500000000000002 0.13321927919205326
decision_type=2 2 2 2 2 2
left_child=2 5 4 -4 -1 -2
right_child=1 -3 3 -5 -6 -7
leaf_value=-9.5359926987295416e-05 -0.00069798660065563043 0.0040330734684218958 -0.00019168877658401598 -0.0021397441843762841 0.00029833577174441175 0.00085001193724718916
leaf_weight=7637 81 67 2764 146 5391 65
leaf_count=7637 81 67 2764 146 5391 65
internal_value=1.89947e-05 0.00126271 2.37253e-06 -0.000289433 6.75519e-05 -8.79853e-06
internal_weight=16151 213 15938 2910 13028 146
internal_count=16151 213 15938 2910 13028 146
is_linear=0
shrinkage=0.00834467


Tree=843
num_leaves=5
num_cat=0
split_feature=9 17 28 14
split_gain=5.29139 4.64004 9.2227 7.01694
threshold=32.756839752197273 -0.78584999999999994 28.324242591857914 6.0479533673684926
decision_type=2 10 2 8
left_child=1 3 -3 -1
right_child=-2 2 -4 -5
leaf_value=0.00058443142367011467 0.0023628409961202325 -0.00016012131491914758 -0.0024248506834371342 -1.1305893658100667e-05
leaf_weight=1644 65 5728 128 8469
leaf_count=1644 65 5728 128 8469
internal_value=-1.30293e-05 -2.27014e-05 -0.000209628 8.55394e-05
internal_weight=16034 15969 5856 10113
internal_count=16034 15969 5856 10113
is_linear=0
shrinkage=0.00834467


Tree=844
num_leaves=5
num_cat=0
split_feature=56 14 24 53
split_gain=4.4892 4.24286 13.8676 5.16852
threshold=1.786651611328127 1.128003520257822 26.272246360778812 0.85846140550493077
decision_type=2 8 2 2
left_child=1 2 -1 -3
right_child=-2 3 -4 -5
leaf_value=0.00023853722238411358 -0.0015936565964741111 -9.1815656997904008e-06 0.0040579168543369995 -0.00070115806878276313
leaf_weight=820 126 14403 72 793
leaf_count=820 126 14403 72 793
internal_value=-2.47484e-05 -1.24599e-05 0.000546869 -4.52926e-05
internal_weight=16214 16088 892 15196
internal_count=16214 16088 892 15196
is_linear=0
shrinkage=0.00834467


Tree=845
num_leaves=8
num_cat=0
split_feature=16 17 28 44 45 16 21
split_gain=5.74867 7.14461 8.41454 6.626 5.09524 4.9065 4.27082
threshold=-3.1491484999999995 -0.84171599999999991 28.324242591857914 24.817347526550297 24.794975280761722 2.9888180000000002 21.674264907836918
decision_type=8 8 2 2 2 10 2
left_child=3 5 -3 6 -5 -2 -1
right_child=1 2 -4 4 -6 -7 -8
leaf_value=0.00094573331877299144 0.00058792177490021196 3.2963983730280513e-05 -0.0015814824104352669 0.002139682351863566 -4.2601949517403317e-05 0.0029614216884870431 -0.00084691649085233032
leaf_weight=99 904 12237 229 80 1082 65 1417
leaf_count=99 904 12237 229 80 1082 65 1417
internal_value=-1.34139e-05 5.69567e-05 3.30546e-06 -0.000366448 0.000107658 0.000747163 -0.000729845
internal_weight=16113 13435 12466 2678 1162 969 1516
internal_count=16113 13435 12466 2678 1162 969 1516
is_linear=0
shrinkage=0.00834467


Tree=846
num_leaves=7
num_cat=1
split_feature=31 0 24 53 55 51
split_gain=4.91486 4.66656 13.375 6.02975 2.31446 1.23044
threshold=21.282774925231937 0 28.586996078491214 0.69484175121152891 0.39778204716867771 21.228624661695807
decision_type=2 9 2 2 2 2
left_child=4 2 -2 -3 5 -1
right_child=1 3 -4 -5 -6 -7
leaf_value=-0.0009383788632514816 0.0003104777931204662 8.0871207768348992e-06 -0.0032625821822934243 -0.00077329048048728152 -0.0019256421416260451 -0.00013895291416647933
leaf_weight=238 5100 9558 74 741 91 307
leaf_count=238 5100 9558 74 741 91 307
internal_value=2.51414e-05 5.46925e-05 0.000258869 -4.8086e-05 -0.000693787 -0.00048807
internal_weight=16109 15473 5174 10299 636 545
internal_count=16109 15473 5174 10299 636 545
cat_boundaries=0 1
cat_threshold=14976
is_linear=0
shrinkage=0.00834467


Tree=847
num_leaves=7
num_cat=0
split_feature=52 10 9 8 33 52
split_gain=5.9274 12.7042 12.6532 4.79004 10.2993 4.10758
threshold=1.2615107883420882 3.5000000000000004 25.485539436340336 1.5000000000000002 25.027439117431644 0.84812083641187785
decision_type=2 2 2 2 2 2
left_child=3 2 -2 4 -1 -5
right_child=1 -3 -4 5 -6 -7
leaf_value=0.00062614665306061465 -0.00078833364466248464 0.0018480244612295829 -0.0052952898450461397 -5.7198353851715416e-05 -0.00027872203311513148 -0.0012129462600249245
leaf_weight=2203 123 67 67 12033 1454 218
leaf_count=2203 123 67 67 12033 1454 218
internal_value=-1.89627e-05 -0.00127611 -0.00237782 1.34776e-06 0.000266377 -7.77652e-05
internal_weight=16165 257 190 15908 3657 12251
internal_count=16165 257 190 15908 3657 12251
is_linear=0
shrinkage=0.00834467


Tree=848
num_leaves=8
num_cat=1
split_feature=53 10 16 0 17 8 20
split_gain=6.90773 21.8209 13.6334 10.2371 5.32144 6.7942 6.21968
threshold=0.83641066221078797 3.5000000000000004 -1.1561039999999994 0 1.6560790000000003 1.5000000000000002 25.590123176574711
decision_type=2 2 10 9 10 2 2
left_child=4 3 -3 -2 5 -1 -6
right_child=1 2 -4 -5 6 -7 -8
leaf_value=0.00043905808234773549 0.00063309254163860162 -0.00013618538416741949 0.0041894096558719425 -0.001757111403949011 -0.00035776993158294514 -2.341332982355288e-05 -0.0029880182692919401
leaf_weight=2765 153 118 89 649 1213 11060 66
leaf_count=2765 153 118 89 649 1213 11060 66
internal_value=-2.32169e-05 -0.000691695 0.00172372 -0.00131514 2.14401e-05 6.90812e-05 -0.00049352
internal_weight=16113 1009 207 802 15104 13825 1279
internal_count=16113 1009 207 802 15104 13825 1279
cat_boundaries=0 1
cat_threshold=8448
is_linear=0
shrinkage=0.00834467


Tree=849
num_leaves=7
num_cat=0
split_feature=17 24 9 26 52 24
split_gain=5.32298 16.3063 37.3579 5.83096 17.7574 15.3234
threshold=1.3241850000000006 26.390797615051273 25.971404075622562 26.47232818603516 1.6599892834646715 25.919052124023441
decision_type=10 2 2 2 2 2
left_child=3 2 -2 4 -1 -5
right_child=1 -3 -4 5 -6 -7
leaf_value=4.2263670852583789e-05 -0.0004091513757417055 -0.0033648913204078973 0.0059275144846103762 0.0040306960402995773 -0.0042969698576800375 0.00036628553341265871
leaf_weight=12792 1952 120 67 86 66 1044
leaf_count=12792 1952 120 67 86 66 1044
internal_value=1.12106e-05 -0.000376476 -0.000198843 7.04947e-05 1.99872e-05 0.000645202
internal_weight=16127 2139 2019 13988 12858 1130
internal_count=16127 2139 2019 13988 12858 1130
is_linear=0
shrinkage=0.00834467


Tree=850
num_leaves=7
num_cat=0
split_feature=54 7 49 53 50 53
split_gain=4.18999 10.4454 14.3584 9.53739 7.57589 5.47872
threshold=1.1992826704856399 41.500000000000007 24.809772777425298 1.1519340848350235 25.089081192016604 1.0457167536228291
decision_type=2 2 2 2 2 2
left_child=3 2 -2 5 -3 -1
right_child=1 4 -4 -5 -6 -7
leaf_value=3.0623740153167958e-06 -0.0026770476220481249 -0.0007946807019672702 0.0010170793970258637 0.0025506650767340082 -0.0047054378522472361 -0.0020069609879656519
leaf_weight=15390 102 70 260 102 68 95
leaf_count=15390 102 70 260 102 68 95
internal_value=-1.66372e-05 -0.000768555 -2.38509e-05 7.48327e-06 -0.00272191 -9.2703e-06
internal_weight=16087 500 362 15587 138 15485
internal_count=16087 500 362 15587 138 15485
is_linear=0
shrinkage=0.00834467


Tree=851
num_leaves=8
num_cat=0
split_feature=6 6 9 7 52 24 19
split_gain=4.38763 12.1592 12.9101 8.24568 4.94278 14.1259 4.97482
threshold=10.500000000000002 11.500000000000002 27.484950065612797 9.5000000000000018 0.15258632968713429 28.586996078491214 26.667976379394535
decision_type=2 2 2 2 2 2 2
left_child=4 3 -3 -2 6 -6 -1
right_child=1 2 -4 -5 5 -7 -8
leaf_value=-0.00017632923265111994 0.00052497934533415468 7.5867359490702489e-05 -0.0025704217259095363 -0.00095895577247087128 0.00075365828652498141 -0.0020361795600013612 0.0010659222450738403
leaf_weight=1875 316 10195 130 1491 1785 136 255
leaf_count=1875 316 10195 130 1491 1785 136 255
internal_value=1.1427e-05 -6.7971e-05 4.25461e-05 -0.00069945 0.000249209 0.000556138 -2.76048e-05
internal_weight=16183 12132 10325 1807 4051 1921 2130
internal_count=16183 12132 10325 1807 4051 1921 2130
is_linear=0
shrinkage=0.00834467


Tree=852
num_leaves=7
num_cat=1
split_feature=14 1 53 55 55 6
split_gain=4.44734 13.1692 7.17153 14.0213 7.07155 3.08349
threshold=1.128003520257822 0 0.83641066221078797 0.76381518428244843 0.62143305964614615 14.500000000000002
decision_type=8 1 2 2 2 2
left_child=1 -1 4 -4 -2 -3
right_child=2 5 3 -5 -6 -7
leaf_value=0.0030222650942826616 -4.2291700353597767e-05 0.00045556605489139999 -0.0026749344234482586 -0.00017437331172928664 0.00045508432622429971 -0.00080285098187323476
leaf_weight=123 11983 614 200 712 2387 174
leaf_count=123 11983 614 200 712 2387 174
internal_value=2.85524e-05 0.000594954 -5.21262e-06 -0.000722764 4.03277e-05 0.000175459
internal_weight=16193 911 15282 912 14370 788
internal_count=16193 911 15282 912 14370 788
cat_boundaries=0 1
cat_threshold=4
is_linear=0
shrinkage=0.00834467


Tree=853
num_leaves=8
num_cat=0
split_feature=6 6 7 32 47 7 46
split_gain=5.1056 15.4875 14.7657 9.79799 11.7019 11.4127 7.95914
threshold=14.500000000000002 13.500000000000002 32.500000000000007 24.386364936828617 24.489542961120609 17.500000000000004 27.151249885559086
decision_type=2 2 2 2 2 2 2
left_child=1 6 -3 4 -2 -5 -1
right_child=3 2 -4 5 -6 -7 -8
leaf_value=-0.00012652456797314978 -0.00017983320721080042 0.0015454494929280564 -2.4530498754591098e-05 0.0001524242251925589 0.0016612649598632188 -0.0017024547113673996 0.00075880185012600087
leaf_weight=8654 3718 898 779 374 257 604 770
leaf_count=8654 3718 898 779 374 257 604 770
internal_value=-2.21062e-05 7.72956e-05 0.000816166 -0.000244892 -6.07949e-05 -0.00099313 -5.41871e-05
internal_weight=16054 11101 1677 4953 3975 978 9424
internal_count=16054 11101 1677 4953 3975 978 9424
is_linear=0
shrinkage=0.00834467


Tree=854
num_leaves=5
num_cat=0
split_feature=9 55 6 54
split_gain=3.93141 4.56607 6.6594 2.79839
threshold=32.756839752197273 0.27787839535852371 14.500000000000002 0.14592677304122545
decision_type=2 2 2 2
left_child=1 3 -3 -1
right_child=-2 2 -4 -5
leaf_value=-3.1997068486798434e-06 0.0020451445441125701 0.00022971757818430146 -0.00023516516551476817 -0.0003743315472481925
leaf_weight=2653 65 7311 3037 3031
leaf_count=2653 65 7311 3037 3031
internal_value=-2.78739e-06 -1.10917e-05 9.32806e-05 -0.000201107
internal_weight=16097 16032 10348 5684
internal_count=16097 16032 10348 5684
is_linear=0
shrinkage=0.00834467


Tree=855
num_leaves=7
num_cat=0
split_feature=7 53 55 14 55 6
split_gain=4.4534 12.6335 11.2006 13.5235 5.19368 4.38955
threshold=51.500000000000007 0.92737311002860978 1.5868855998533167 4.8262473796310292 1.1440054897441951 15.500000000000002
decision_type=2 2 2 8 2 2
left_child=2 5 4 -4 -1 -2
right_child=1 -3 3 -5 -6 -7
leaf_value=6.3662958820800617e-05 -5.2385726032802001e-05 -0.0032740139418528089 0.0035925997339131873 -0.00061780220390672395 -0.00085875823005776932 -0.0012155590704369874
leaf_weight=13362 1723 98 134 88 439 260
leaf_count=13362 1723 98 134 88 439 260
internal_value=1.07755e-05 -0.000349447 6.42325e-05 0.00192366 3.43208e-05 -0.0002049
internal_weight=16104 2081 14023 222 13801 1983
internal_count=16104 2081 14023 222 13801 1983
is_linear=0
shrinkage=0.00834467


Tree=856
num_leaves=8
num_cat=0
split_feature=45 59 49 18 3 6 53
split_gain=4.41047 4.45334 9.71429 4.02046 2.63284 3.57498 2.41762
threshold=21.468225478728034 6.5000000000000009 23.030784129987065 32.761945724487312 0.33264700000000008 10.500000000000002 0.27689491232736696
decision_type=2 2 2 2 2 2 2
left_child=4 3 -3 -2 6 -6 -1
right_child=1 2 -4 -5 5 -7 -8
leaf_value=-0.00062042650186086437 1.6958213897124848e-05 -0.00023696019067962862 0.003914879724587695 0.0020967176362339862 0.0010347819864108851 -0.0004595018626925377 -0.0020676268494150764
leaf_weight=267 14751 99 65 65 133 689 115
leaf_count=267 14751 99 65 65 133 689 115
internal_value=2.16752e-06 4.12217e-05 0.00140872 2.60838e-05 -0.000483735 -0.000217717 -0.00105614
internal_weight=16184 14980 164 14816 1204 822 382
internal_count=16184 14980 164 14816 1204 822 382
is_linear=0
shrinkage=0.00834467


Tree=857
num_leaves=6
num_cat=0
split_feature=54 53 7 10 55
split_gain=4.59178 18.7152 13.9388 12.5739 5.52156
threshold=1.1357041280018021 1.1519340848350235 47.500000000000007 3.5000000000000004 1.3915413786032327
decision_type=2 2 2 2 2
left_child=1 4 3 -2 -1
right_child=2 -3 -4 -5 -6
leaf_value=1.1677438671372044e-06 -0.00089401251458581462 0.0039850632451926818 -0.0035247387179669003 0.0023171036644683411 0.0022859325787062497
leaf_weight=15328 351 83 102 112 74
leaf_count=15328 351 83 102 112 74
internal_value=6.48302e-06 3.34439e-05 -0.000732424 -0.000117209 1.21465e-05
internal_weight=16050 15485 565 463 15402
internal_count=16050 15485 565 463 15402
is_linear=0
shrinkage=0.00834467


Tree=858
num_leaves=5
num_cat=0
split_feature=54 7 6 56
split_gain=4.61639 4.0057 11.6057 4.63427
threshold=1.8715316376720852 25.500000000000004 12.500000000000002 0.47107219696044927
decision_type=2 2 2 2
left_child=1 2 -1 -3
right_child=-2 3 -4 -5
leaf_value=-0.00022486252985096718 -0.0021863081395496471 -4.8413870997423361e-05 0.00046527476094082939 -0.0007173663154861771
leaf_weight=3040 67 8270 3840 790
leaf_count=3040 67 8270 3840 790
internal_value=-6.58333e-07 8.52985e-06 0.00016033 -0.000106745
internal_weight=16007 15940 6880 9060
internal_count=16007 15940 6880 9060
is_linear=0
shrinkage=0.00834467


Tree=859
num_leaves=4
num_cat=0
split_feature=9 41 6
split_gain=4.35759 4.27271 4.4455
threshold=32.756839752197273 32.667203903198249 10.500000000000002
decision_type=2 2 2
left_child=1 2 -1
right_child=-2 -3 -4
leaf_value=0.00023755063089748467 0.0021136429245772591 -0.0018957192557082034 -8.7729453874209321e-05
leaf_weight=3862 67 84 12067
leaf_count=3862 67 84 12067
internal_value=-9.8777e-06 -1.8764e-05 -8.86492e-06
internal_weight=16080 16013 15929
internal_count=16080 16013 15929
is_linear=0
shrinkage=0.00834467


Tree=860
num_leaves=7
num_cat=1
split_feature=0 28 52 26 52 32
split_gain=4.48852 15.543 20.4625 9.70061 13.5582 13.1338
threshold=0 28.324242591857914 0.35301556546396801 26.72652626037598 0.84812083641187785 26.098619461059574
decision_type=9 2 2 2 2 2
left_child=1 2 -1 4 -2 -5
right_child=3 -3 -4 5 -6 -7
leaf_value=-3.8222042301124633e-05 -4.6015038992092208e-05 -0.0033301402727157945 0.0016124488970695287 0.0039675142258297448 -0.0015082542252854143 0.00048189605262939265
leaf_weight=1760 12290 78 744 84 458 724
leaf_count=1760 12290 78 744 84 458 724
internal_value=1.84973e-05 0.000336659 0.000452237 -4.232e-05 -9.85503e-05 0.000844305
internal_weight=16138 2582 2504 13556 12748 808
internal_count=16138 2582 2504 13556 12748 808
cat_boundaries=0 1
cat_threshold=10240
is_linear=0
shrinkage=0.00834467


Tree=861
num_leaves=8
num_cat=1
split_feature=56 47 29 55 39 0 54
split_gain=5.16448 10.6663 10.4324 8.35586 16.8643 6.80575 4.4989
threshold=0.061697006225587721 27.598443031311039 27.914534568786625 1.4931445965129371 26.628569602966312 0 1.0291632772727239
decision_type=2 2 2 2 2 9 2
left_child=3 5 -3 6 -5 -2 -1
right_child=1 2 -4 4 -6 -7 -8
leaf_value=-8.8783696670274821e-05 0.00053360478017200265 0.0041512267494428334 0.00045404791593276302 -0.0041127784825764927 0.00086153372536901143 -9.3756114498893834e-05 0.00096497419498967995
leaf_weight=10378 1955 93 124 103 88 3107 290
leaf_count=10378 1955 93 124 103 88 3107 290
internal_value=1.29713e-05 0.000227071 0.00203867 -9.11113e-05 -0.00182102 0.000149407 -6.01374e-05
internal_weight=16138 5279 217 10859 191 5062 10668
internal_count=16138 5279 217 10859 191 5062 10668
cat_boundaries=0 1
cat_threshold=14466
is_linear=0
shrinkage=0.00834467


Tree=862
num_leaves=8
num_cat=0
split_feature=6 6 39 7 15 52 7
split_gain=4.13857 11.625 10.0513 7.88412 5.5989 6.69922 5.66519
threshold=10.500000000000002 11.500000000000002 27.138164520263675 4.5000000000000009 0.97191237280235243 0.18045747265397816 53.500000000000007
decision_type=2 2 2 2 10 2 2
left_child=4 3 -3 -2 6 -6 -1
right_child=1 2 -4 -5 5 -7 -8
leaf_value=3.4404526165238676e-05 0.0010856986523698929 6.2282423725948586e-05 -0.001860141827243007 -0.00087153585506342425 6.7704563402653999e-05 0.00095302436616770891 -0.0014616569650604625
leaf_weight=1431 157 10081 193 1643 1265 1124 201
leaf_count=1431 157 10081 193 1643 1265 1124 201
internal_value=-4.99227e-06 -8.22123e-05 2.61674e-05 -0.000700817 0.000226879 0.000484241 -0.000149861
internal_weight=16095 12074 10274 1800 4021 2389 1632
internal_count=16095 12074 10274 1800 4021 2389 1632
is_linear=0
shrinkage=0.00834467


Tree=863
num_leaves=7
num_cat=0
split_feature=7 53 29 52 52 54
split_gain=4.38901 10.9686 7.27122 8.80919 8.3487 4.2774
threshold=51.500000000000007 0.97204787553875671 26.640708923339847 1.2615107883420882 1.0216023162750458 0.73791090815877003
decision_type=2 2 2 2 2 2
left_child=2 5 3 -1 -4 -2
right_child=1 -3 4 -5 -6 -7
leaf_value=4.8832998878867135e-05 -0.00030705791255010532 -0.0031662185689022848 0.00054086971098170149 -0.0018631996616199924 0.0033552489291390013 0.0012358126528783304
leaf_weight=12846 1887 91 888 170 80 134
leaf_count=12846 1887 91 888 170 80 134
internal_value=2.21999e-05 -0.000332369 7.57506e-05 2.38589e-05 0.000773494 -0.000204754
internal_weight=16096 2112 13984 13016 968 2021
internal_count=16096 2112 13984 13016 968 2021
is_linear=0
shrinkage=0.00834467


Tree=864
num_leaves=5
num_cat=0
split_feature=56 56 46 59
split_gain=4.50153 4.91606 12.338 4.1975
threshold=1.786651611328127 0.088263511657711305 24.61049842834473 5.5000000000000009
decision_type=2 2 2 2
left_child=1 3 -3 -1
right_child=-2 2 -4 -5
leaf_value=-0.00012701687435804181 -0.0015727290526535835 -5.5234438960841268e-05 0.00089034078007371319 0.00046449989938998767
leaf_weight=10575 126 3003 1413 907
leaf_count=10575 126 3003 1413 907
internal_value=-1.74034e-06 1.07115e-05 0.000247325 -8.02907e-05
internal_weight=16024 15898 4416 11482
internal_count=16024 15898 4416 11482
is_linear=0
shrinkage=0.00834467


Tree=865
num_leaves=6
num_cat=0
split_feature=54 7 10 53 53
split_gain=6.16132 12.5782 12.5301 7.49091 5.64168
threshold=1.2656684765438151 47.500000000000007 3.5000000000000004 1.1519340848350235 1.0457167536228291
decision_type=2 2 2 2 2
left_child=3 2 -2 4 -1
right_child=1 -3 -4 -5 -6
leaf_value=5.3623594806057959e-07 -0.0012147742539677221 -0.0038197906435739359 0.0024126433362541082 0.0020635124347294148 -0.0019878040371198902
leaf_weight=15478 260 88 89 122 100
leaf_count=15478 260 88 89 122 100
internal_value=-2.33014e-05 -0.00100063 -0.00028969 3.90246e-06 -1.22288e-05
internal_weight=16137 437 349 15700 15578
internal_count=16137 437 349 15700 15578
is_linear=0
shrinkage=0.00834467


Tree=866
num_leaves=8
num_cat=1
split_feature=55 54 0 7 9 7 7
split_gain=4.38442 16.5898 14.0985 6.95227 4.60791 3.42031 3.05579
threshold=0.47155833202395853 0.34679533268873403 0 16.500000000000004 24.952445030212406 19.500000000000004 16.500000000000004
decision_type=2 2 9 2 2 2 2
left_child=4 2 -2 -3 6 -6 -1
right_child=1 3 -4 -5 5 -7 -8
leaf_value=-0.00041507826850512952 0.0028756838989185559 0.00052558193686533228 0.00022876877222490169 -0.00014473777804745121 0.00082198450838810559 3.002287628757054e-05 -6.8229359791870383e-05
leaf_weight=2472 272 1517 296 3718 592 1059 6217
leaf_count=2472 272 1517 296 3718 592 1059 6217
internal_value=1.2904e-05 0.000196476 0.00155099 4.95083e-05 -9.01201e-05 0.000314 -0.000166907
internal_weight=16143 5803 568 5235 10340 1651 8689
internal_count=16143 5803 568 5235 10340 1651 8689
cat_boundaries=0 1
cat_threshold=16586
is_linear=0
shrinkage=0.00834467


Tree=867
num_leaves=8
num_cat=0
split_feature=6 6 54 55 54 54 9
split_gain=5.59441 15.4082 23.8154 9.78557 9.18929 7.88525 5.99847
threshold=14.500000000000002 13.500000000000002 0.7457858179766268 0.97297735831383003 0.85957819782160538 1.1357041280018021 26.561666488647464
decision_type=2 2 2 2 2 2 2
left_child=1 5 -3 4 -2 -1 -5
right_child=3 2 -4 6 -6 -7 -8
leaf_value=2.283418055903683e-05 -0.00017095917323860213 0.00037133908602607341 0.0029116756871415154 -0.0010564506213219021 0.002875425567672351 -0.001503133760819185 -0.0038938461307978572
leaf_weight=9189 4553 1357 317 257 70 242 65
leaf_count=9189 4553 1357 317 257 70 242 65
internal_value=1.06706e-05 0.000114632 0.000852408 -0.000222796 -0.000124826 -1.63237e-05 -0.00162932
internal_weight=16050 11105 1674 4945 4623 9431 322
internal_count=16050 11105 1674 4945 4623 9431 322
is_linear=0
shrinkage=0.00834467


Tree=868
num_leaves=8
num_cat=0
split_feature=56 47 55 16 55 16 18
split_gain=4.30199 14.1969 11.4535 6.47491 5.5798 11.2066 3.63924
threshold=0.055727005004882819 27.598443031311039 1.0372318852923448 -3.1491484999999995 1.4931445965129371 -1.3686885000000002 21.17616176605225
decision_type=2 2 2 8 2 10 2
left_child=4 3 -3 -2 6 -6 -1
right_child=1 2 -4 -5 5 -7 -8
leaf_value=-0.0010521231030054814 -0.00046751282735747491 0.0010151259856650901 0.005082359923653107 0.00026475076806447146 -0.0030431822206141612 0.0012650973273601513 -3.1087102859278904e-05
leaf_weight=249 1051 160 69 4205 119 65 10205
leaf_count=249 1051 160 69 4205 119 65 10205
internal_value=1.71136e-05 0.000206942 0.00224079 0.000118325 -8.0763e-05 -0.00152125 -5.54077e-05
internal_weight=16123 5485 229 5256 10638 184 10454
internal_count=16123 5485 229 5256 10638 184 10454
is_linear=0
shrinkage=0.00834467


Tree=869
num_leaves=7
num_cat=1
split_feature=0 48 9 26 24 52
split_gain=4.80232 19.3355 28.2411 8.25151 22.1329 10.6451
threshold=0 26.835441780090335 26.027995109558109 26.72652626037598 26.107253074646 1.6599892834646715
decision_type=9 2 2 2 2 2
left_child=1 2 -1 5 -5 -2
right_child=3 -3 -4 4 -6 -7
leaf_value=0.00054902420665692135 -3.3497974776663495e-05 -0.0026616715307864972 0.0057154032729234989 0.00498297164361602 0.00036905961821806553 -0.0031443555247844782
leaf_weight=599 14271 105 84 79 865 77
leaf_count=599 14271 105 84 79 865 77
internal_value=3.24792e-05 0.000663549 0.00118449 -4.73967e-07 0.000755229 -5.01948e-05
internal_weight=16080 788 683 15292 944 14348
internal_count=16080 788 683 15292 944 14348
cat_boundaries=0 1
cat_threshold=2048
is_linear=0
shrinkage=0.00834467


Tree=870
num_leaves=8
num_cat=0
split_feature=17 6 24 17 52 29 19
split_gain=4.27285 5.64739 9.29319 4.58283 4.58262 2.86384 2.77922
threshold=2.3200560000000006 10.500000000000002 24.604086875915531 2.2098880000000003 1.6599892834646715 23.99799728393555 23.503348350524906
decision_type=10 2 2 10 2 2 2
left_child=3 6 -3 4 -1 -5 -2
right_child=1 2 -4 5 -6 -7 -8
leaf_value=5.5213793717432994e-06 -0.00040066806845539128 -0.00067560853044069914 -0.003968745164404903 0.00032758768692164099 -0.0016593351388487496 0.0028046400142291194 0.0015790534182086367
leaf_weight=15136 104 441 69 65 116 65 94
leaf_count=15136 104 441 69 65 116 65 94
internal_value=-2.30181e-05 -0.000656854 -0.00112122 6.1564e-06 -7.14183e-06 0.00156623 0.000539231
internal_weight=16090 708 510 15382 15252 130 198
internal_count=16090 708 510 15382 15252 130 198
is_linear=0
shrinkage=0.00834467


Tree=871
num_leaves=8
num_cat=1
split_feature=0 9 40 28 6 56 53
split_gain=4.59351 5.89849 4.89025 7.13456 6.56413 4.21888 1.41685
threshold=0 21.254704474621587 23.828485488891605 24.019326210021976 10.500000000000002 0.059700965881347663 0.22504254870609389
decision_type=9 2 2 2 2 2 2
left_child=1 6 3 -2 -4 -3 -1
right_child=2 5 4 -5 -6 -7 -8
leaf_value=-0.00074787121872548249 -0.00012590568610875536 1.0811722660781678e-05 -1.7584790088977427e-05 0.0015124126853749416 -0.0011322028790985005 0.00036886663411212709 -0.0021261363306484243
leaf_weight=231 4027 6702 694 194 783 3482 67
leaf_count=231 4027 6702 694 194 783 3482 67
internal_value=-4.37022e-06 9.92775e-05 -0.000194872 -5.06042e-05 -0.000608479 0.000133234 -0.00105781
internal_weight=16180 10482 5698 4221 1477 10184 298
internal_count=16180 10482 5698 4221 1477 10184 298
cat_boundaries=0 1
cat_threshold=27274
is_linear=0
shrinkage=0.00834467


Tree=872
num_leaves=8
num_cat=0
split_feature=59 55 7 53 16 17 6
split_gain=6.07999 19.4009 10.2963 4.85297 27.6446 4.88664 2.16573
threshold=5.5000000000000009 0.68359556342267103 25.500000000000004 0.83641066221078797 -1.0663579999999995 1.3559460000000001 10.500000000000002
decision_type=2 2 2 2 10 10 2
left_child=3 6 -3 5 -5 -1 -2
right_child=1 2 -4 4 -6 -7 -8
leaf_value=7.418794528229817e-05 0.0011737229556734953 0.0057920148718850371 0.0015538361466751385 -0.0016131370998273536 0.0013762008025779468 -0.00039278405104630382 2.7740161654385209e-05
leaf_weight=12121 131 66 101 635 326 1791 930
leaf_count=12121 131 66 101 635 326 1791 930
internal_value=2.10483e-05 0.000585377 0.00322904 -2.55463e-05 -0.00059906 1.40708e-05 0.000169242
internal_weight=16101 1228 167 14873 961 13912 1061
internal_count=16101 1228 167 14873 961 13912 1061
is_linear=0
shrinkage=0.00834467


Tree=873
num_leaves=5
num_cat=0
split_feature=56 6 6 52
split_gain=5.47397 4.4134 9.8765 5.46821
threshold=2.3025903701782231 15.500000000000002 12.500000000000002 0.7843670739961407
decision_type=2 2 2 2
left_child=1 2 -1 -3
right_child=-2 3 -4 -5
leaf_value=-0.00010777227331159862 -0.0023703314259408059 -0.00021370023696056235 0.00035839222684796676 -0.0026069397051684926
leaf_weight=7600 67 2956 5423 68
leaf_count=7600 67 2956 5423 68
internal_value=9.7221e-06 1.96608e-05 8.63467e-05 -0.000267525
internal_weight=16114 16047 13023 3024
internal_count=16114 16047 13023 3024
is_linear=0
shrinkage=0.00834467


Tree=874
num_leaves=6
num_cat=0
split_feature=7 54 54 54 20
split_gain=5.2555 19.6742 9.64966 8.46965 7.04452
threshold=42.500000000000007 1.3371489458562527 0.88563497084160703 1.7377380911442637 26.594993591308597
decision_type=2 2 2 2 2
left_child=3 2 -2 4 -1
right_child=1 -3 -4 -5 -6
leaf_value=2.5830159639270805e-05 -0.00021555173600482092 -0.003769484001017228 0.0021184660741902215 0.0026511750256066409 0.0008431365048366411
leaf_weight=10783 4275 107 127 90 788
leaf_count=10783 4275 107 127 90 788
internal_value=7.77777e-06 -0.000234151 -0.00014821 0.000101326 8.14904e-05
internal_weight=16170 4509 4402 11661 11571
internal_count=16170 4509 4402 11661 11571
is_linear=0
shrinkage=0.00834467


Tree=875
num_leaves=7
num_cat=1
split_feature=14 24 0 6 9 53
split_gain=4.00345 14.5233 5.08703 3.2534 18.5311 11.1228
threshold=1.128003520257822 26.272246360778812 0 12.500000000000002 27.484950065612797 0.63012965341527782
decision_type=8 2 9 2 2 2
left_child=1 2 -1 5 -5 -2
right_child=3 -3 -4 4 -6 -7
leaf_value=0.0016444211392299397 -3.2453587550263585e-05 0.0041019952367738304 -6.9710174611335572e-05 0.00014377400675245693 -0.0038197429140720083 -0.0011184262702660097
leaf_weight=137 6464 74 672 7846 83 731
leaf_count=137 6464 74 672 7846 83 731
internal_value=1.75802e-05 0.000563742 0.00024005 -1.43073e-05 0.00010228 -0.000142788
internal_weight=16007 883 809 15124 7929 7195
internal_count=16007 883 809 15124 7929 7195
cat_boundaries=0 1
cat_threshold=8256
is_linear=0
shrinkage=0.00834467


Tree=876
num_leaves=7
num_cat=0
split_feature=17 24 18 16 4 56
split_gain=4.88216 10.4483 35.8022 5.88731 5.99131 5.84015
threshold=1.3241850000000006 26.390797615051273 26.03409576416016 3.2244655000000009 10.472845000000001 0.86651229842773436
decision_type=10 2 2 10 2 2
left_child=3 2 -2 5 -5 -1
right_child=1 -3 -4 4 -6 -7
leaf_value=4.6711929986390415e-05 -0.00045141507804628383 -0.0028187376473027019 0.0056636452132839445 0.0024286365104685364 0.00034658441110023462 -0.00087230788176576501
leaf_weight=13004 1966 116 69 138 318 500
leaf_count=13004 1966 116 69 138 318 500
internal_value=-1.28464e-05 -0.000382909 -0.000244048 4.41742e-05 0.000976717 1.26836e-05
internal_weight=16111 2151 2035 13960 456 13504
internal_count=16111 2151 2035 13960 456 13504
is_linear=0
shrinkage=0.00834467


Tree=877
num_leaves=5
num_cat=0
split_feature=18 8 33 52
split_gain=4.83966 4.57561 12.028 7.85553
threshold=32.761945724487312 1.5000000000000002 25.027439117431644 0.97951775771038574
decision_type=2 2 2 2
left_child=1 2 -1 -3
right_child=-2 3 -4 -5
leaf_value=0.00064815416551693226 0.0022282026226537704 -3.7641098729643006e-05 -0.00031158134087791586 -0.0017091675700877153
leaf_weight=2288 69 12062 1509 199
leaf_count=2288 69 12062 1509 199
internal_value=2.30919e-05 1.36154e-05 0.000266737 -6.47718e-05
internal_weight=16127 16058 3797 12261
internal_count=16127 16058 3797 12261
is_linear=0
shrinkage=0.00834467


Tree=878
num_leaves=7
num_cat=0
split_feature=52 10 14 56 47 59
split_gain=7.55341 21.9399 8.3363 4.55199 9.95395 3.97184
threshold=1.2615107883420882 3.5000000000000004 1.7529998025284756 0.037014961242677565 27.598443031311039 5.5000000000000009
decision_type=2 2 10 2 2 2
left_child=3 2 -2 5 -5 -1
right_child=1 -3 -4 4 -6 -7
leaf_value=-0.00015146728127468458 -0.0010070147952399319 0.0025842347126394591 -0.0046046647034425764 0.00011846643286278533 0.0018192849729029143 0.00045860829890253797
leaf_weight=9120 82 68 99 5758 250 809
leaf_count=9120 82 68 99 5758 250 809
internal_value=-1.45887e-05 -0.00145672 -0.00297493 7.9441e-06 0.000189242 -0.000101759
internal_weight=16186 249 181 15937 6008 9929
internal_count=16186 249 181 15937 6008 9929
is_linear=0
shrinkage=0.00834467


Tree=879
num_leaves=5
num_cat=0
split_feature=54 23 17 53
split_gain=5.33854 4.2693 4.35767 1.71417
threshold=1.8715316376720852 21.322837829589847 0.47528850000000017 0.19121380214859671
decision_type=2 2 10 2
left_child=1 3 -3 -1
right_child=-2 2 -4 -5
leaf_value=-0.00041882507306760958 -0.0023304732117358979 0.00010196901688190134 -0.00023484020958411162 -0.0014150073776250745
leaf_weight=607 69 11823 3457 150
leaf_count=607 69 11823 3457 150
internal_value=-1.4503e-05 -4.537e-06 2.5768e-05 -0.000616235
internal_weight=16106 16037 15280 757
internal_count=16106 16037 15280 757
is_linear=0
shrinkage=0.00834467


Tree=880
num_leaves=8
num_cat=1
split_feature=55 54 47 28 54 0 52
split_gain=4.20376 18.7833 12.8909 10.4266 7.45809 5.35411 5.34627
threshold=0.62143305964614615 0.34679533268873403 24.799003601074222 28.324242591857914 0.58451216585017995 0 0.3479949262892178
decision_type=2 2 2 2 2 9 2
left_child=4 2 -2 -3 5 -1 -6
right_child=1 3 -4 -5 6 -7 -8
leaf_value=0.00093595703923158842 0.00082663345285798257 0.00021331956945890731 0.0048950016003484354 -0.0018859098788205277 -0.0020000243117426469 -5.4185213404277523e-05 -0.00035718601352247427
leaf_weight=383 123 3098 97 174 224 11746 359
leaf_count=383 123 3098 97 174 224 11746 359
internal_value=3.93891e-06 0.000260379 0.00262055 0.00010168 -6.65056e-05 -2.21916e-05 -0.000988419
internal_weight=16204 3492 220 3272 12712 12129 583
internal_count=16204 3492 220 3272 12712 12129 583
cat_boundaries=0 1
cat_threshold=2048
is_linear=0
shrinkage=0.00834467


Tree=881
num_leaves=7
num_cat=0
split_feature=44 59 24 56 55 53
split_gain=4.51749 4.84249 9.92645 5.25774 3.55071 1.45813
threshold=21.490017890930179 5.5000000000000009 25.606258392333988 0.055727005004882819 0.68968904353178095 0.46998300886414396
decision_type=2 2 2 2 2 2
left_child=4 3 -3 -2 5 -1
right_child=1 2 -4 -5 -6 -7
leaf_value=-0.00042842150310207986 -0.0001072411130417846 0.00031216027308880582 0.0028902621313332292 0.00023445848253075247 -0.0022165908741327623 0.00083035345744019795
leaf_weight=1109 9015 935 117 4808 76 68
leaf_count=1109 9015 935 117 4808 76 68
internal_value=1.26132e-05 5.31469e-05 0.000598912 1.1611e-05 -0.000468579 -0.000355691
internal_weight=16128 14875 1052 13823 1253 1177
internal_count=16128 14875 1052 13823 1253 1177
is_linear=0
shrinkage=0.00834467


Tree=882
num_leaves=5
num_cat=0
split_feature=54 7 55 51
split_gain=4.95612 4.43112 15.7006 13.4875
threshold=1.8715316376720852 42.500000000000007 1.5868855998533167 25.12597293855038
decision_type=2 2 2 2
left_child=1 2 -1 -3
right_child=-2 3 -4 -5
leaf_value=5.2404530449571273e-05 -0.0022243760167988541 6.2884963579773526e-06 0.002844203071069942 -0.0011432507858725892
leaf_weight=11455 70 3560 142 888
leaf_count=11455 70 3560 142 888
internal_value=-8.95809e-06 7.08512e-07 8.65912e-05 -0.000223208
internal_weight=16115 16045 11597 4448
internal_count=16115 16045 11597 4448
is_linear=0
shrinkage=0.00834467


Tree=883
num_leaves=8
num_cat=0
split_feature=8 6 6 7 55 52 54
split_gain=4.39982 8.44388 21.1186 14.2644 4.267 8.12579 5.44999
threshold=1.5000000000000002 14.500000000000002 12.500000000000002 16.500000000000004 1.09768053753281 0.67843130387878103 1.0291632772727239
decision_type=2 2 2 2 2 2 2
left_child=1 2 -1 -3 6 -6 -2
right_child=4 3 -4 -5 5 -7 -8
leaf_value=1.1825795068960368e-05 -5.5091300358078969e-05 0.00092362480224451437 0.0015277741309748197 -0.0017873395118481478 -8.7862519320355457e-05 -0.0026714691199210472 0.0022013371343557186
leaf_weight=2389 11823 227 874 334 259 126 75
leaf_count=2389 11823 227 874 334 259 126 75
internal_value=8.10907e-06 0.000255288 0.000417878 -0.000690393 -6.8844e-05 -0.000933452 -4.08659e-05
internal_weight=16107 3824 3263 561 12283 385 11898
internal_count=16107 3824 3263 561 12283 385 11898
is_linear=0
shrinkage=0.00834467


Tree=884
num_leaves=8
num_cat=1
split_feature=0 56 25 17 51 16 14
split_gain=4.10896 4.49408 6.38275 4.4754 7.11532 7.08609 4.3343
threshold=0 0.046086313215331749 27.16061401311768 -0.84171599999999991 25.343057537076501 3.0744704999999999 1.2245632698782047
decision_type=9 2 2 10 2 10 8
left_child=1 6 -3 5 -5 -2 -1
right_child=3 2 -4 4 -6 -7 -8
leaf_value=0.0012529566158771194 -1.8686279961383381e-05 0.00030323967917299125 0.0018218873777830569 -0.00029237970496922427 -0.0022247333289893852 0.0027303479546323603 -6.55966232513547e-05
leaf_weight=181 6011 2340 210 2919 139 66 4239
leaf_count=181 6011 2340 210 2919 139 66 4239
internal_value=-3.34569e-06 0.00014913 0.000428311 -0.000119717 -0.000380221 1.11742e-05 -1.1599e-05
internal_weight=16105 6970 2550 9135 3058 6077 4420
internal_count=16105 6970 2550 9135 3058 6077 4420
cat_boundaries=0 1
cat_threshold=27138
is_linear=0
shrinkage=0.00834467


Tree=885
num_leaves=4
num_cat=0
split_feature=9 46 46
split_gain=3.84648 4.05903 4.17461
threshold=32.756839752197273 32.712839126445324 28.707708358764652
decision_type=2 2 2
left_child=1 2 -1
right_child=-2 -3 -4
leaf_value=-4.6042638871086253e-05 0.0019988065397673195 -0.0019099325523196352 0.00086907664325882933
leaf_weight=15617 65 80 355
leaf_count=15617 65 80 355
internal_value=-2.68902e-05 -3.50941e-05 -2.57023e-05
internal_weight=16117 16052 15972
internal_count=16117 16052 15972
is_linear=0
shrinkage=0.00834467


Tree=886
num_leaves=7
num_cat=1
split_feature=0 52 44 40 54 55
split_gain=4.22405 6.6527 6.04524 14.122 8.78865 4.97076
threshold=0 1.1554441099334991 23.750382423400882 23.215389251708988 0.55164226065968947 0.62143305964614615
decision_type=9 2 2 2 2 2
left_child=2 5 4 -4 -1 -2
right_child=1 -3 3 -5 -6 -7
leaf_value=2.8796338757490666e-05 -0.00025791659951595621 -0.0022061904389640433 0.0033811105183610621 0.00023186405483476322 -0.00099234210706544159 0.00039805439465660905
leaf_weight=4209 4597 111 101 5391 682 975
leaf_count=4209 4597 111 101 5391 682 975
internal_value=-4.06033e-07 -0.00018311 9.9675e-05 0.000289786 -0.000113593 -0.000143133
internal_weight=16066 5683 10383 5492 4891 5572
internal_count=16066 5683 10383 5492 4891 5572
cat_boundaries=0 1
cat_threshold=27274
is_linear=0
shrinkage=0.00834467


Tree=887
num_leaves=8
num_cat=2
split_feature=14 0 54 53 18 0 56
split_gain=5.12607 15.973 9.08856 7.89596 17.6258 3.66786 3.40226
threshold=1.1401993873399752 0 0.73791090815877003 0.85846140550493077 27.080883027998052 1 0.7691144943237288
decision_type=8 9 2 2 2 9 2
left_child=1 2 -1 5 -5 -2 -3
right_child=3 6 -4 4 -6 -7 -8
leaf_value=0.0011392301415097288 -0.00032997718992383102 0.00029532392109008154 0.0054240865216692398 -0.00026994394770856915 -0.0034660033741414496 6.3759794765424639e-05 -0.0016441591313556213
leaf_weight=67 1888 721 71 701 145 12472 69
leaf_count=67 1888 721 71 701 145 12472 69
internal_value=2.39765e-06 0.000604488 0.00311805 -3.43474e-05 -0.000817765 1.18071e-05 0.000124334
internal_weight=16134 928 138 15206 846 14360 790
internal_count=16134 928 138 15206 846 14360 790
cat_boundaries=0 1 2
cat_threshold=8192 4420
is_linear=0
shrinkage=0.00834467


Tree=888
num_leaves=4
num_cat=0
split_feature=9 47 40
split_gain=4.05971 4.49107 4.2117
threshold=32.756839752197273 32.725061417734381 29.504385948181156
decision_type=2 2 2
left_child=1 2 -1
right_child=-2 -3 -4
leaf_value=-3.5228207487036323e-05 0.0020604558203733882 -0.0019307688792793288 0.0010973028275125484
leaf_weight=15800 65 86 232
leaf_count=15800 65 86 232
internal_value=-2.06474e-05 -2.90412e-05 -1.88386e-05
internal_weight=16183 16118 16032
internal_count=16183 16118 16032
is_linear=0
shrinkage=0.00834467


Tree=889
num_leaves=8
num_cat=0
split_feature=17 14 28 53 20 16 17
split_gain=4.8055 8.09741 7.43038 17.5279 10.7498 5.78996 2.53237
threshold=-0.84171599999999991 6.0940031816324778 28.324242591857914 0.46998300886414396 27.960625648498539 3.163567 -1.972154
decision_type=8 10 2 2 2 10 10
left_child=1 5 4 -4 -2 -1 -3
right_child=2 6 3 -5 -6 -7 -8
leaf_value=0.00055304879361211016 -6.8947653139015205e-05 0.00023918111031501937 0.00026189081356652093 -0.0040347924641262909 0.002637070280232739 0.0029904967958574195 -0.00081652686556477072
leaf_weight=1531 13421 251 168 109 103 71 428
leaf_count=1531 13421 251 168 109 103 71 428
internal_value=-1.74047e-05 0.000337409 -7.60477e-05 -0.00142894 -4.83365e-05 0.000661093 -0.000426275
internal_weight=16082 2281 13801 277 13524 1602 679
internal_count=16082 2281 13801 277 13524 1602 679
is_linear=0
shrinkage=0.00834467


Tree=890
num_leaves=7
num_cat=1
split_feature=17 56 7 14 7 0
split_gain=4.53012 8.68021 7.74067 11.3606 10.491 7.72757
threshold=-0.78584999999999994 -1.3521680831909177 8.5000000000000018 8.7542035943679561 24.500000000000004 0
decision_type=10 2 2 8 2 9
left_child=2 -2 3 -1 -4 -3
right_child=1 5 4 -5 -6 -7
leaf_value=0.0010041512384626043 -0.0024162525102819341 -0.00070918513017187803 0.00062628015783207738 -0.00080043412474645453 3.4133602136259499e-06 2.4067414056397691e-05
leaf_weight=303 119 1278 2761 1225 5921 4493
leaf_count=303 119 1278 2761 1225 5921 4493
internal_value=-1.2121e-06 -0.000185504 0.000105103 -0.000442584 0.000201494 -0.000139501
internal_weight=16100 5890 10210 1528 8682 5771
internal_count=16100 5890 10210 1528 8682 5771
cat_boundaries=0 1
cat_threshold=16773
is_linear=0
shrinkage=0.00834467


Tree=891
num_leaves=7
num_cat=0
split_feature=17 16 28 52 47 15
split_gain=3.80204 7.49211 6.17691 11.9324 6.10651 4.46012
threshold=-0.84171599999999991 3.163567 28.324242591857914 0.26423145473106335 28.326652526855472 6.1345033105026676
decision_type=8 10 2 2 2 8
left_child=1 5 4 -4 -2 -1
right_child=2 -3 3 -5 -6 -7
leaf_value=0.0005211870670557764 -5.256586268121851e-05 0.003057511247090926 0.00025470001818651941 -0.0031929289756610821 0.0017245252367481907 -0.00025311360414623343
leaf_weight=1354 13424 67 157 126 136 839
leaf_count=1354 13424 67 157 126 136 839
internal_value=-8.39792e-06 0.000308941 -6.02067e-05 -0.00128034 -3.47413e-05 0.000224955
internal_weight=16103 2260 13843 283 13560 2193
internal_count=16103 2260 13843 283 13560 2193
is_linear=0
shrinkage=0.00834467


Tree=892
num_leaves=7
num_cat=1
split_feature=44 0 40 6 54 18
split_gain=3.9804 3.98563 5.62509 4.58503 2.6991 1.54382
threshold=21.468225478728034 0 23.670042037963871 15.500000000000002 0.65271965045214675 21.087455749511722
decision_type=2 9 2 2 2 2
left_child=4 2 -2 -3 5 -1
right_child=1 3 -4 -5 -6 -7
leaf_value=-0.0011921590813582085 2.9083792578214067e-05 0.00020866446341881001 -0.00058866934762565461 -0.00026618518232786331 -0.0021014306897166614 -0.00025507427971572285
leaf_weight=139 3265 8352 1497 1705 66 1026
leaf_count=139 3265 8352 1497 1705 66 1026
internal_value=-3.95704e-06 3.39182e-05 -0.00016477 0.000128034 -0.000459903 -0.00036689
internal_weight=16050 14819 4762 10057 1231 1165
internal_count=16050 14819 4762 10057 1231 1165
cat_boundaries=0 1
cat_threshold=1349
is_linear=0
shrinkage=0.00834467


Tree=893
num_leaves=8
num_cat=0
split_feature=55 54 6 6 9 6 19
split_gain=4.33875 10.2248 12.2061 7.34848 3.64015 4.23545 3.92177
threshold=0.41800882919313881 0.34679533268873403 11.500000000000002 16.500000000000004 24.952445030212406 9.5000000000000018 23.635289192199711
decision_type=2 2 2 2 2 2 2
left_child=4 2 -2 -3 6 -6 -1
right_child=1 3 -4 -5 5 -7 -8
leaf_value=-8.8406129442768468e-05 -2.5071766658601139e-06 0.00012617047613404958 0.0019749405774660239 -0.0009821823050550516 0.00084204879186246403 -9.6591729272231102e-05 -0.00055789513832049361
leaf_weight=6254 424 5601 446 450 561 830 1545
leaf_count=6254 424 5601 446 450 561 830 1545
internal_value=7.56311e-06 0.000165362 0.00101123 4.37432e-05 -0.000111275 0.000281972 -0.000181414
internal_weight=16111 6921 870 6051 9190 1391 7799
internal_count=16111 6921 870 6051 9190 1391 7799
is_linear=0
shrinkage=0.00834467


Tree=894
num_leaves=8
num_cat=0
split_feature=8 31 39 17 6 6 53
split_gain=4.79987 8.78187 10.8151 8.94207 4.45332 10.9363 7.86728
threshold=1.5000000000000002 24.745578765869144 25.541108131408695 -0.9905314999999999 10.500000000000002 11.500000000000002 0.45543407320931045
decision_type=2 2 2 8 2 2 2
left_child=1 2 -1 -3 6 -6 -2
right_child=4 3 -4 -5 5 -7 -8
leaf_value=0.00049614168508041619 4.2079457141221749e-05 0.00093899420899712523 0.0032233763230312359 -0.00047333294613946438 -0.00087802178848378324 -5.2076795416628926e-05 0.0013617976394700853
leaf_weight=1882 2275 401 107 1409 1288 8374 365
leaf_count=1882 2275 401 107 1409 1288 8374 365
internal_value=8.75673e-07 0.000260144 0.000642871 -0.000160433 -7.91896e-05 -0.000162181 0.000224545
internal_weight=16101 3799 1989 1810 12302 9662 2640
internal_count=16101 3799 1989 1810 12302 9662 2640
is_linear=0
shrinkage=0.00834467


Tree=895
num_leaves=7
num_cat=0
split_feature=30 17 7 7 53 9
split_gain=3.98068 4.09708 10.4469 9.08257 2.1896 1.25143
threshold=21.281931877136234 -0.84171599999999991 11.500000000000002 8.5000000000000018 0.22311778766577681 21.085356712341312
decision_type=2 10 2 2 2 2
left_child=4 3 -3 -2 5 -1
right_child=1 2 -4 -5 -6 -7
leaf_value=-0.0012562749656107755 -0.00051567589514249469 0.00054233434301763849 -0.00034253720883942 0.00021355746806826667 -0.001665785451200927 -0.00022965655364957059
leaf_weight=103 1393 1151 4818 8133 124 419
leaf_count=103 1393 1151 4818 8133 124 419
internal_value=-2.72475e-05 -4.89968e-07 -0.000171907 0.00010692 -0.000669046 -0.000432246
internal_weight=16141 15495 5969 9526 646 522
internal_count=16141 15495 5969 9526 646 522
is_linear=0
shrinkage=0.00834467


Tree=896
num_leaves=7
num_cat=0
split_feature=54 10 48 52 53 19
split_gain=7.09717 13.2913 25.724 11.3465 9.62105 5.3784
threshold=1.1357041280018021 3.5000000000000004 26.502199554443362 0.97951775771038574 1.1519340848350235 26.667976379394535
decision_type=2 2 2 2 2 2
left_child=4 3 -3 -2 5 -1
right_child=1 2 -4 -5 -6 -7
leaf_value=-2.8640709439032321e-05 -0.00067316962091728487 0.0050777650475310448 -0.0023175293367148114 -0.0035206250760545879 0.0028070905674320297 0.0006622788028825098
leaf_weight=14626 293 66 65 146 86 829
leaf_count=14626 293 66 65 146 86 829
internal_value=-9.63301e-06 -0.000924143 0.00140844 -0.00162022 2.39092e-05 8.42033e-06
internal_weight=16111 570 131 439 15541 15455
internal_count=16111 570 131 439 15541 15455
is_linear=0
shrinkage=0.00834467


Tree=897
num_leaves=6
num_cat=0
split_feature=7 54 54 54 6
split_gain=3.90103 12.6661 11.7247 11.1314 5.56615
threshold=42.500000000000007 1.3371489458562527 0.88563497084160703 1.7377380911442637 12.500000000000002
decision_type=2 2 2 2 2
left_child=3 2 -2 4 -1
right_child=1 -3 -4 -5 -6
leaf_value=-0.00014447637399306828 -0.00021638666801718375 -0.0029710552732630231 0.00235674544901947 0.0029680498464015859 0.00022330011873743311
leaf_weight=5309 4232 113 127 92 6226
leaf_count=5309 4232 113 127 92 6226
internal_value=-3.469e-06 -0.00021292 -0.000141413 7.70905e-05 5.40305e-05
internal_weight=16099 4472 4359 11627 11535
internal_count=16099 4472 4359 11627 11535
is_linear=0
shrinkage=0.00834467


Tree=898
num_leaves=6
num_cat=0
split_feature=18 6 6 15 7
split_gain=3.43551 3.40949 11.378 5.59635 0.581231
threshold=21.087455749511722 10.500000000000002 11.500000000000002 0.97191237280235243 18.500000000000004
decision_type=2 2 2 10 2
left_child=4 3 -3 -2 -1
right_child=1 2 -4 -5 -6
leaf_value=-0.0017395458976846507 -0.00017061665464895452 -0.0006871361944063147 3.4611174870636991e-05 0.00046450911310416345 -0.00078349042865672792
leaf_weight=68 1621 1788 10183 2391 127
leaf_count=68 1621 1788 10183 2391 127
internal_value=-1.60652e-05 -2.63315e-06 -7.31902e-05 0.000207894 -0.00111695
internal_weight=16178 15983 11971 4012 195
internal_count=16178 15983 11971 4012 195
is_linear=0
shrinkage=0.00834467


Tree=899
num_leaves=8
num_cat=0
split_feature=33 59 55 16 24 53 39
split_gain=4.01426 4.04171 7.60682 4.08844 2.11948 2.50032 1.48814
threshold=21.343918800510256 6.5000000000000009 0.36084705715733301 -3.2352629999999998 21.322555541992191 0.24474086291186917 21.245142936706547
decision_type=2 2 2 8 2 2 2
left_child=4 3 -3 -2 5 -1 -6
right_child=1 2 -4 -5 6 -7 -8
leaf_value=-0.00068175725157242604 -0.00029500615724808462 -0.00028651721785557377 0.0031230784601530706 6.9810056030303468e-05 0.00070332327851597943 -0.0023939933108223913 -0.00046652987775734579
leaf_weight=426 2581 101 83 12493 116 69 218
leaf_count=426 2581 101 83 12493 116 69 218
internal_value=-8.37514e-06 2.23508e-05 0.00125159 7.34536e-06 -0.000573889 -0.000920475 -6.0225e-05
internal_weight=16087 15258 184 15074 829 495 334
internal_count=16087 15258 184 15074 829 495 334
is_linear=0
shrinkage=0.00834467


Tree=900
num_leaves=6
num_cat=0
split_feature=55 9 17 35 16
split_gain=5.68164 12.1893 6.22118 12.74 6.5055
threshold=1.6797837711283303 25.6414909362793 0.85908700000000005 27.111243247985843 3.2244655000000009
decision_type=2 2 10 2 10
left_child=2 -2 4 -4 -1
right_child=1 -3 3 -5 -6
leaf_value=4.4816000797091138e-05 -0.00065645485761051505 0.0035595519376755637 -0.00026654978551710155 -0.0038442984784997345 0.0013732288211371077
leaf_weight=12677 96 95 2888 71 262
leaf_count=12677 96 95 2888 71 262
internal_value=9.96439e-06 0.00144059 -7.22409e-06 -0.000352409 7.17159e-05
internal_weight=16089 191 15898 2959 12939
internal_count=16089 191 15898 2959 12939
is_linear=0
shrinkage=0.00834467


Tree=901
num_leaves=5
num_cat=0
split_feature=56 56 46 55
split_gain=9.48143 4.08105 12.6454 7.32801
threshold=1.786651611328127 0.072814941406248238 27.365855216979984 1.4931445965129371
decision_type=2 2 2 2
left_child=1 3 -3 -1
right_child=-2 2 -4 -5
leaf_value=-5.3764293602039418e-05 -0.0023383832540314676 0.00011367090294238994 0.0021268187926816906 -0.001719678236518864
leaf_weight=10934 121 4613 228 187
leaf_count=10934 121 4613 228 187
internal_value=-1.13861e-05 6.25513e-06 0.00020849 -8.17782e-05
internal_weight=16083 15962 4841 11121
internal_count=16083 15962 4841 11121
is_linear=0
shrinkage=0.00834467


Tree=902
num_leaves=8
num_cat=1
split_feature=6 6 51 7 0 7 14
split_gain=4.78283 9.89582 15.6759 7.83839 6.25685 5.62024 4.84904
threshold=10.500000000000002 11.500000000000002 26.955186335349939 10.500000000000002 0 43.500000000000007 7.0278467387127188
decision_type=2 2 2 2 9 2 8
left_child=4 3 -3 -2 6 -6 -1
right_child=1 2 -4 -5 5 -7 -8
leaf_value=0.0010729375214165991 0.00048381637747376181 6.5982309063802443e-05 -0.0028174224693944122 -0.00091722842097530829 0.00026265610223029807 -0.00060736642783273346 0.00015744194310579688
leaf_weight=899 345 10169 133 1433 1645 754 730
leaf_count=899 345 10169 133 1433 1645 754 730
internal_value=1.2564e-05 -7.04673e-05 2.87546e-05 -0.000645371 0.000261575 -1.07465e-05 0.000658639
internal_weight=16108 12080 10302 1778 4028 2399 1629
internal_count=16108 12080 10302 1778 4028 2399 1629
cat_boundaries=0 1
cat_threshold=19266
is_linear=0
shrinkage=0.00834467


Tree=903
num_leaves=7
num_cat=0
split_feature=7 53 8 14 15 34
split_gain=5.38763 11.6489 5.64687 6.47914 4.01865 3.70587
threshold=50.500000000000007 0.97204787553875671 1.5000000000000002 0.83502133836730297 1.7819918059786077 26.603552818298343
decision_type=2 2 2 8 8 2
left_child=2 4 3 -1 -2 -4
right_child=1 -3 5 -5 -6 -7
leaf_value=0.0019233865085026053 0.0010372432894345668 -0.0033361151220978459 -5.6972915637176088e-05 0.00028913254747964462 -0.00033777372457278858 0.00064785929279538622
leaf_weight=179 159 88 9964 2999 2139 548
leaf_count=179 159 88 9964 2999 2139 548
internal_value=9.1808e-06 -0.000356738 7.29562e-05 0.000381187 -0.000242632 -2.02288e-05
internal_weight=16076 2386 13690 3178 2298 10512
internal_count=16076 2386 13690 3178 2298 10512
is_linear=0
shrinkage=0.00834467


Tree=904
num_leaves=6
num_cat=0
split_feature=17 49 18 17 18
split_gain=4.01138 17.7313 22.2939 4.9669 3.60014
threshold=1.3241850000000006 26.220418071738283 25.764037132263187 1.2842974999999999 32.761945724487312
decision_type=10 2 2 10 2
left_child=3 2 -2 4 -1
right_child=1 -3 -4 -5 -6
leaf_value=2.543907053859272e-05 -0.00032114510610255649 -0.0035127266531583372 0.0045385061582748796 0.0019695124465442938 0.0019788721614869935
leaf_weight=13837 1965 116 68 93 66
leaf_count=13837 1965 116 68 93 66
internal_value=-3.96978e-06 -0.000339645 -0.000158578 4.75713e-05 3.47137e-05
internal_weight=16145 2149 2033 13996 13903
internal_count=16145 2149 2033 13996 13903
is_linear=0
shrinkage=0.00834467


Tree=905
num_leaves=7
num_cat=0
split_feature=17 6 3 27 16 54
split_gain=4.43611 8.25941 7.32722 6.49885 5.91608 8.49354
threshold=-0.84171599999999991 10.500000000000002 1.2994190000000001 28.278827667236332 3.0744704999999999 1.1992826704856399
decision_type=10 2 2 2 10 2
left_child=4 3 -3 -2 5 -1
right_child=1 2 -4 -5 -6 -7
leaf_value=0.00014296731998379166 0.00042718868100421765 -0.0010639445468055857 -0.00018927872464773328 -0.0021860316302504891 0.0026148934696723471 -0.0015982477880290358
leaf_weight=9867 1668 828 3428 69 66 199
leaf_count=9867 1668 828 3428 69 66 199
internal_value=1.84244e-05 -0.00016154 -0.000359446 0.00032337 0.000124872 0.000108543
internal_weight=16125 5993 4256 1737 10132 10066
internal_count=16125 5993 4256 1737 10132 10066
is_linear=0
shrinkage=0.00834467


Tree=906
num_leaves=5
num_cat=0
split_feature=18 16 52 49
split_gain=5.00349 4.521 7.01793 4.89823
threshold=32.761945724487312 -3.2352629999999998 0.97951775771038574 27.866635322556643
decision_type=2 8 2 2
left_child=1 2 -1 -3
right_child=-2 3 -4 -5
leaf_value=-0.00025192333048023235 0.0022793012389383887 6.3079567573424752e-05 -0.0024738389471966465 -0.0010259949209239858
leaf_weight=2534 66 13127 103 294
leaf_count=2534 66 13127 103 294
internal_value=-1.34182e-05 -2.28429e-05 -0.000338719 3.92216e-05
internal_weight=16124 16058 2637 13421
internal_count=16124 16058 2637 13421
is_linear=0
shrinkage=0.00834467


Tree=907
num_leaves=5
num_cat=0
split_feature=54 8 53 56
split_gain=6.53623 4.26392 8.6181 5.76199
threshold=1.8715316376720852 1.5000000000000002 1.1519340848350235 -1.5368824005126951
decision_type=2 2 2 2
left_child=1 2 -1 -3
right_child=-2 3 -4 -5
leaf_value=0.00016816905504395219 -0.0025857571943342017 -0.0021044746827084491 0.0021302866719592559 -5.2185670674055723e-05
leaf_weight=3562 68 96 163 12212
leaf_count=3562 68 96 163 12212
internal_value=-4.28055e-06 6.6697e-06 0.000254033 -6.81948e-05
internal_weight=16101 16033 3725 12308
internal_count=16101 16033 3725 12308
is_linear=0
shrinkage=0.00834467


Tree=908
num_leaves=8
num_cat=0
split_feature=47 7 28 53 56 46 37
split_gain=4.57224 5.50406 7.86559 4.28031 4.16605 12.5155 5.31473
threshold=22.272068023681644 30.500000000000004 23.241488456726078 0.39711853506479561 0.055727005004882819 27.365855216979984 24.750315666198734
decision_type=2 2 2 2 2 2 2
left_child=1 3 -3 -1 6 -6 -2
right_child=4 2 -4 -5 5 -7 -8
leaf_value=-7.5497679758221241e-05 0.00014341504581719607 -0.00043609411804272597 -0.0031236730908524271 0.0010513283157823979 0.00019230996094840984 0.0021120525351468111 -0.00031107235429107561
leaf_weight=1713 5007 1883 79 272 4083 251 2790
leaf_count=1713 5007 1883 79 272 4083 251 2790
internal_value=1.58109e-05 -0.00023089 -0.000544324 7.89131e-05 9.60789e-05 0.000303495 -1.92143e-05
internal_weight=16078 3947 1962 1985 12131 4334 7797
internal_count=16078 3947 1962 1985 12131 4334 7797
is_linear=0
shrinkage=0.00834467


Tree=909
num_leaves=5
num_cat=0
split_feature=54 55 54 9
split_gain=6.81142 4.17552 7.71981 3.77059
threshold=1.8715316376720852 0.42344302081067603 0.34679533268873403 24.922546386718754
decision_type=2 2 2 2
left_child=1 3 -3 -1
right_child=-2 2 -4 -5
leaf_value=-0.00016308511118286065 -0.002584888670713961 0.00092989893012040926 7.5098425589171779e-05 0.0003043623757760673
leaf_weight=7843 70 840 5924 1419
leaf_count=7843 70 840 5924 1419
internal_value=1.22922e-05 2.3638e-05 0.000181255 -9.14688e-05
internal_weight=16096 16026 6764 9262
internal_count=16096 16026 6764 9262
is_linear=0
shrinkage=0.00834467


Tree=910
num_leaves=8
num_cat=0
split_feature=6 6 6 15 33 47 7
split_gain=3.91475 8.13652 11.5509 10.671 6.88214 10.68 8.1904
threshold=15.500000000000002 12.500000000000002 10.500000000000002 1.4066938320187294 24.109449386596683 24.234028816223148 43.500000000000007
decision_type=2 2 2 10 2 2 2
left_child=1 2 -1 -3 5 -2 -6
right_child=4 3 -4 -5 6 -7 -8
leaf_value=0.00018996313747605178 -0.00024164939206620578 0.000768882402020139 -0.00045912710365760153 1.2505173012978193e-05 -0.00073550188348117684 0.0023257459312877476 -0.00392440013540769
leaf_weight=4053 2568 2120 3609 3353 282 118 70
leaf_count=4053 2568 2120 3609 3353 282 118 70
internal_value=-2.68136e-06 5.97561e-05 -0.000115775 0.000305493 -0.000272633 -0.000128852 -0.00136975
internal_weight=16173 13135 7662 5473 3038 2686 352
internal_count=16173 13135 7662 5473 3038 2686 352
is_linear=0
shrinkage=0.00834467


Tree=911
num_leaves=8
num_cat=1
split_feature=52 0 27 53 21 6 17
split_gain=4.1063 10.0288 17.9342 8.07323 8.32376 5.26717 3.92137
threshold=0.21647547102977757 0 28.278827667236332 0.65751645271001391 23.771903991699222 14.500000000000002 1.0784425000000004
decision_type=2 9 2 2 2 2 10
left_child=3 2 -2 6 -5 -3 -1
right_child=1 5 -4 4 -6 -7 -8
leaf_value=1.4501517842011053e-05 0.00083930387787522294 0.00016990952868516887 -0.0032427847650674546 -0.00014149772389083606 -0.0034008717658680532 -0.00041141200755715314 -0.0004918240228265374
leaf_weight=7945 1907 3190 78 116 103 1645 1230
leaf_count=7945 1907 3190 78 116 103 1645 1230
internal_value=2.19783e-05 0.000177834 0.000675481 -9.11721e-05 -0.00167453 -2.78149e-05 -5.33769e-05
internal_weight=16214 6820 1985 9394 219 4835 9175
internal_count=16214 6820 1985 9394 219 4835 9175
cat_boundaries=0 1
cat_threshold=10816
is_linear=0
shrinkage=0.00834467


Tree=912
num_leaves=7
num_cat=0
split_feature=31 59 55 6 52 48
split_gain=4.56153 4.21033 13.8595 3.98471 3.55235 1.27958
threshold=21.282774925231937 5.5000000000000009 0.67680578869122832 15.500000000000002 0.26757290345603463 21.233294677359378
decision_type=2 2 2 2 2 2
left_child=4 3 -3 -2 5 -1
right_child=1 2 -4 -5 -6 -7
leaf_value=-0.00084253154126450694 6.2930325961868102e-05 0.00015932849627593346 0.0028315189039470755 -0.00031428019791663881 -0.0023773006952691211 -6.2622054203913491e-05
leaf_weight=290 12038 971 157 2327 75 296
leaf_count=290 12038 971 157 2327 75 296
internal_value=1.14095e-05 4.03736e-05 0.000531277 1.82546e-06 -0.000667463 -0.000448592
internal_weight=16154 15493 1128 14365 661 586
internal_count=16154 15493 1128 14365 661 586
is_linear=0
shrinkage=0.00834467


Tree=913
num_leaves=7
num_cat=0
split_feature=7 18 55 17 6 6
split_gain=4.05269 10.0132 6.47155 11.8686 5.58762 4.86005
threshold=51.500000000000007 27.080883027998052 1.5868855998533167 -0.96419749999999993 12.500000000000002 15.500000000000002
decision_type=2 2 2 10 2 2
left_child=2 5 4 -4 -1 -2
right_child=1 -3 3 -5 -6 -7
leaf_value=-0.00014178718013471177 -2.8909965834091419e-05 -0.002738614331839652 -0.001008352690730911 0.0029339665867962783 0.00019507621875324965 -0.0012304498166412362
leaf_weight=6450 1696 114 85 142 7320 272
leaf_count=6450 1696 114 85 142 7320 272
internal_value=9.22997e-06 -0.00033427 6.03245e-05 0.00145779 3.72862e-05 -0.000194982
internal_weight=16079 2082 13997 227 13770 1968
internal_count=16079 2082 13997 227 13770 1968
is_linear=0
shrinkage=0.00834467


Tree=914
num_leaves=8
num_cat=0
split_feature=17 6 25 17 52 52 22
split_gain=4.51594 8.30827 10.5483 4.84454 5.92275 5.13302 3.34977
threshold=2.3200560000000006 10.500000000000002 24.55639743804932 2.1721440000000007 1.6599892834646715 0.29096789558001684 24.469875335693363
decision_type=10 2 2 10 2 2 2
left_child=3 6 -3 4 -1 -5 -2
right_child=1 2 -4 5 -6 -7 -8
leaf_value=1.2864957865321637e-05 1.9237887274627992e-05 -0.00077204027462497227 -0.0043690251364739289 -5.5182845097467959e-05 -0.0019130896970214867 0.0029342292356783445 0.0023158426147898148
leaf_weight=15116 134 448 65 79 112 81 66
leaf_count=15116 134 448 65 79 112 81 66
internal_value=-1.62065e-05 -0.000665439 -0.00122787 1.38759e-05 -1.3014e-06 0.00145829 0.000777193
internal_weight=16101 713 513 15388 15228 160 200
internal_count=16101 713 513 15388 15228 160 200
is_linear=0
shrinkage=0.00834467


Tree=915
num_leaves=8
num_cat=0
split_feature=17 24 9 48 8 33 55
split_gain=4.03403 13.4238 46.3627 7.98086 6.29891 15.6406 4.66235
threshold=0.85908700000000005 26.45360088348389 26.122481346130375 26.835441780090335 1.5000000000000002 24.541103363037113 1.1440054897441951
decision_type=10 2 2 2 2 2 2
left_child=4 2 -2 -3 5 -1 -6
right_child=1 3 -4 -5 6 -7 -8
leaf_value=0.0012092651409156819 -0.00033432084484616263 -0.0008878823028430667 0.0066877349170557697 -0.0048330148066360358 -2.3293277571504812e-05 -9.9220733911929454e-05 -0.0011264721029294587
leaf_weight=1029 2854 74 67 69 10092 1666 274
leaf_count=1029 2854 74 67 69 10092 1666 274
internal_value=-2.29424e-05 -0.000295446 -0.000173232 -0.00279168 4.09848e-05 0.000400386 -5.24541e-05
internal_weight=16125 3064 2921 143 13061 2695 10366
internal_count=16125 3064 2921 143 13061 2695 10366
is_linear=0
shrinkage=0.00834467


Tree=916
num_leaves=5
num_cat=0
split_feature=54 55 15 17
split_gain=5.58567 4.88676 18.3657 3.88535
threshold=1.8715316376720852 1.5868855998533167 2.7239312480152127 0.85908700000000005
decision_type=2 2 10 10
left_child=1 3 -3 -1
right_child=-2 2 -4 -5
leaf_value=6.1708954014253351e-05 -0.0023984623856348106 -0.00093137964710453139 0.0041890354233153912 -0.00027526839820440452
leaf_weight=12906 67 111 87 2922
leaf_count=12906 67 111 87 2922
internal_value=5.74496e-06 1.57977e-05 0.00131859 -5.00414e-07
internal_weight=16093 16026 198 15828
internal_count=16093 16026 198 15828
is_linear=0
shrinkage=0.00834467


Tree=917
num_leaves=5
num_cat=0
split_feature=56 59 55 53
split_gain=5.34317 3.81261 13.4301 5.53295
threshold=1.786651611328127 5.5000000000000009 0.68359556342267103 0.81506120938171456
decision_type=2 2 2 2
left_child=1 3 -3 -1
right_child=-2 2 -4 -5
leaf_value=-3.097579697284336e-06 -0.0017677389367550401 0.00011977178870150241 0.0028239600690542531 -0.00067073253714489513
leaf_weight=13825 121 1083 145 922
leaf_count=13825 121 1083 145 922
internal_value=-2.08713e-05 -7.63883e-06 0.000439097 -4.48393e-05
internal_weight=16096 15975 1228 14747
internal_count=16096 15975 1228 14747
is_linear=0
shrinkage=0.00834467


Tree=918
num_leaves=7
num_cat=0
split_feature=10 53 7 54 14 20
split_gain=5.35628 14.6629 8.845 6.84172 11.6406 3.91706
threshold=3.5000000000000004 1.22734178158736 11.500000000000002 1.4215506403425544 2.679884941678579 26.594993591308597
decision_type=2 2 2 2 10 2
left_child=3 2 -2 5 -5 -1
right_child=1 -3 -4 4 -6 -7
leaf_value=-2.4374210478516497e-05 0.0020161387985103358 0.0035981479625465666 -5.223594078681903e-05 -0.0028136277955428798 0.001340885728001181 0.00055429660213178098
leaf_weight=13962 172 102 883 147 69 865
leaf_count=13962 172 102 883 147 69 865
internal_value=2.99863e-05 0.000577105 0.000284993 -1.20945e-05 -0.00148649 9.3855e-06
internal_weight=16200 1157 1055 15043 216 14827
internal_count=16200 1157 1055 15043 216 14827
is_linear=0
shrinkage=0.00834467


Tree=919
num_leaves=4
num_cat=0
split_feature=18 39 55
split_gain=4.31148 4.32495 3.88021
threshold=32.761945724487312 32.65788650512696 0.42344302081067603
decision_type=2 2 2
left_child=1 2 -1
right_child=-2 -3 -4
leaf_value=-0.00011067927848024069 0.0020974171920833296 -0.002020656823625136 0.00015246434426730468
leaf_weight=9174 68 74 6790
leaf_count=9174 68 74 6790
internal_value=8.04551e-07 -8.0862e-06 1.24415e-06
internal_weight=16106 16038 15964
internal_count=16106 16038 15964
is_linear=0
shrinkage=0.00834467


Tree=920
num_leaves=7
num_cat=0
split_feature=7 54 54 55 18 12
split_gain=4.99793 14.9762 10.7188 9.26363 19.3821 6.16078
threshold=42.500000000000007 1.3371489458562527 0.88563497084160703 1.6797837711283303 25.647105216979984 2.5000000000000004
decision_type=2 2 2 2 2 2
left_child=3 2 -2 5 -5 -1
right_child=1 -3 -4 4 -6 -7
leaf_value=5.3670823177851776e-05 -0.00022381936363081379 -0.0033147469598082987 0.0023257189227581044 -0.00093018200831737228 0.0054891876087481946 0.002065356604972513
leaf_weight=11311 4256 107 118 65 66 107
leaf_count=11311 4256 107 118 65 66 107
internal_value=6.05882e-06 -0.00023049 -0.000155034 9.78398e-05 0.00230417 7.25244e-05
internal_weight=16030 4481 4374 11549 131 11418
internal_count=16030 4481 4374 11549 131 11418
is_linear=0
shrinkage=0.00834467


Tree=921
num_leaves=8
num_cat=0
split_feature=17 7 7 16 7 6 54
split_gain=3.96452 7.82264 12.3677 12.0197 7.47628 10.7509 6.49381
threshold=-0.78584999999999994 8.5000000000000018 23.500000000000004 -1.1561039999999994 43.500000000000007 11.500000000000002 1.3371489458562527
decision_type=10 2 2 10 2 2 2
left_child=1 3 -3 -1 6 -6 -2
right_child=4 2 -4 -5 5 -7 -8
leaf_value=-0.00063648098231833109 -7.5304586984458662e-05 0.00066569382382160693 -2.5373280739763477e-05 0.0028112242624206479 9.5168671296450401e-05 -0.0013031632457594137 0.0016179769090264237
leaf_weight=1449 4106 2564 6078 74 685 868 164
leaf_count=1449 4106 2564 6078 74 685 868 164
internal_value=-1.69744e-05 8.24807e-05 0.00017966 -0.000468946 -0.000190589 -0.000686388 -1.02664e-05
internal_weight=15988 10165 8642 1523 5823 1553 4270
internal_count=15988 10165 8642 1523 5823 1553 4270
is_linear=0
shrinkage=0.00834467


Tree=922
num_leaves=7
num_cat=0
split_feature=18 6 6 36 3 6
split_gain=3.8863 3.60764 13.052 8.3694 0.808303 0.511324
threshold=21.087455749511722 14.500000000000002 13.500000000000002 27.312244415283207 0.33264700000000008 12.500000000000002
decision_type=2 2 2 2 2 2
left_child=4 2 -2 -3 5 -1
right_child=1 3 -4 -5 -6 -7
leaf_value=-0.0009903997375453619 -1.5711939211731597e-05 -0.00012010374919223249 0.0007838958966465882 -0.0027766290568927432 -0.00038767111948029731 -0.0020220520474838917
leaf_weight=65 9329 4859 1677 84 65 69
leaf_count=65 9329 4859 1677 84 65 69
internal_value=7.55797e-06 2.20186e-05 0.000106126 -0.000165253 -0.00115135 -0.00152173
internal_weight=16148 15949 11006 4943 199 134
internal_count=16148 15949 11006 4943 199 134
is_linear=0
shrinkage=0.00834467


Tree=923
num_leaves=8
num_cat=1
split_feature=55 56 20 56 0 55 17
split_gain=4.66951 9.32722 11.6021 11.2891 3.87485 6.72112 4.96405
threshold=0.62143305964614615 0.86651229842773436 25.438874243127447 0.12819099426269712 0 0.4318454053507807 -0.84171599999999991
decision_type=2 2 2 2 9 2 10
left_child=4 3 -3 -2 5 -1 -6
right_child=1 2 -4 -5 6 -7 -8
leaf_value=0.00027135319666902032 0.00015068956229906288 -0.0025402185950784196 0.00077859161050033716 0.0013185766897945736 4.7121113038505421e-05 0.0031450823932863796 -0.00030801465589569551
leaf_weight=317 2375 170 129 761 8067 69 4151
leaf_count=317 2375 170 129 761 8067 69 4151
internal_value=2.70927e-05 0.000299831 -0.00110838 0.000434099 -4.72376e-05 0.000765291 -7.34744e-05
internal_weight=16039 3435 299 3136 12604 386 12218
internal_count=16039 3435 299 3136 12604 386 12218
cat_boundaries=0 1
cat_threshold=2048
is_linear=0
shrinkage=0.00834467


Tree=924
num_leaves=5
num_cat=0
split_feature=56 59 55 44
split_gain=5.68228 4.19085 8.28881 3.422
threshold=2.3025903701782231 6.5000000000000009 0.36084705715733301 21.490017890930179
decision_type=2 2 2 2
left_child=1 3 -3 -1
right_child=-2 2 -4 -5
leaf_value=-0.0004459721436393741 -0.0024630996189774572 -0.00022556535571182111 0.0032282974095685802 1.0753142721797502e-05
leaf_weight=1239 66 118 82 14638
leaf_count=1239 66 118 82 14638
internal_value=-1.9799e-05 -9.76715e-06 0.00119061 -2.48888e-05
internal_weight=16143 16077 200 15877
internal_count=16143 16077 200 15877
is_linear=0
shrinkage=0.00834467


Tree=925
num_leaves=6
num_cat=0
split_feature=59 55 10 55 53
split_gain=4.07358 7.56835 4.4425 10.5394 6.50872
threshold=6.5000000000000009 0.36084705715733301 4.5000000000000009 0.79696682356744064 1.5637347526849001
decision_type=2 2 2 2 2
left_child=2 -2 4 -4 -1
right_child=1 -3 3 -5 -6
leaf_value=2.4152171840835961e-06 -0.00015892367399712054 0.0031709620981346808 7.8428914690247524e-05 0.0031597072151633944 -0.0016393402968076769
leaf_weight=15371 115 81 301 104 170
leaf_count=15371 115 81 301 104 170
internal_value=2.16373e-05 0.00121729 6.9402e-06 0.000869727 -1.55446e-05
internal_weight=16142 196 15946 405 15541
internal_count=16142 196 15946 405 15541
is_linear=0
shrinkage=0.00834467


Tree=926
num_leaves=5
num_cat=0
split_feature=52 53 20 53
split_gain=5.12918 6.84783 18.5204 5.77066
threshold=1.6599892834646715 1.1519340848350235 26.766536712646488 0.87852598012458827
decision_type=2 2 2 2
left_child=1 3 -3 -1
right_child=-2 2 -4 -5
leaf_value=1.3773157919133543e-05 -0.0016638490394218911 0.0028267750919722134 -0.0022177801265033221 -0.00090350093282408513
leaf_weight=15259 129 177 71 493
leaf_count=15259 129 177 71 493
internal_value=-6.63648e-06 6.72579e-06 0.00138254 -1.49359e-05
internal_weight=16129 16000 248 15752
internal_count=16129 16000 248 15752
is_linear=0
shrinkage=0.00834467


Tree=927
num_leaves=7
num_cat=0
split_feature=59 55 10 53 55 53
split_gain=4.33758 8.90209 4.07465 10.8608 7.85677 1.19491
threshold=6.5000000000000009 0.45013587050852882 3.5000000000000004 1.0028078801907936 1.228987702458288 0.17310300838895185
decision_type=2 2 2 2 2 2
left_child=2 5 4 -4 -1 -2
right_child=1 -3 3 -5 -6 -7
leaf_value=-8.6036390137697319e-06 -0.00075443196947692773 0.0037672963901368432 0.00016682975107581513 0.002623877324090257 -0.0011062362560765354 0.00079844600568376983
leaf_weight=14281 69 65 1010 143 469 69
leaf_count=14281 69 65 1010 143 469 69
internal_value=9.31226e-06 0.00122136 -6.16013e-06 0.000471583 -4.35053e-05 2.20086e-05
internal_weight=16106 203 15903 1153 14750 138
internal_count=16106 203 15903 1153 14750 138
is_linear=0
shrinkage=0.00834467


Tree=928
num_leaves=5
num_cat=0
split_feature=54 10 53 52
split_gain=5.16011 4.73531 24.1642 6.65877
threshold=1.8715316376720852 3.5000000000000004 1.1519340848350235 1.6599892834646715
decision_type=2 2 2 2
left_child=1 3 -3 -1
right_child=-2 2 -4 -5
leaf_value=2.5648056153162971e-06 -0.0023259505311149743 0.00021241531429127224 0.0049732672680376927 -0.0026338469699766854
leaf_weight=14875 65 1029 80 67
leaf_count=14875 65 1029 80 67
internal_value=2.02864e-05 2.97891e-05 0.000555889 -9.25857e-06
internal_weight=16116 16051 1109 14942
internal_count=16116 16051 1109 14942
is_linear=0
shrinkage=0.00834467


Tree=929
num_leaves=8
num_cat=0
split_feature=8 51 9 6 6 6 54
split_gain=4.80049 9.2018 10.0338 7.99197 4.0502 11.039 7.80884
threshold=1.5000000000000002 25.12597293855038 26.027995109558109 14.500000000000002 10.500000000000002 11.500000000000002 0.28779043013875877
decision_type=2 2 2 2 2 2 2
left_child=1 2 -1 -3 6 -6 -2
right_child=4 3 -4 -5 5 -7 -8
leaf_value=0.00050558768231919165 -0.00013287792108907512 0.0001067641561967365 0.0038041277133828806 -0.0013594369315112669 -0.00085110268472933222 -2.1570856794353881e-05 0.00079867802504877462
leaf_weight=2363 1574 1046 66 344 1289 8375 1041
leaf_count=2363 1574 1046 66 344 1289 8375 1041
internal_value=2.69834e-05 0.000285371 0.000595229 -0.000256101 -5.33801e-05 -0.000132216 0.000237965
internal_weight=16098 3819 2429 1390 12279 9664 2615
internal_count=16098 3819 2429 1390 12279 9664 2615
is_linear=0
shrinkage=0.00834467


Tree=930
num_leaves=8
num_cat=0
split_feature=6 6 54 52 7 47 53
split_gain=5.45537 16.5055 14.6388 9.63317 21.7135 6.84869 6.74088
threshold=14.500000000000002 13.500000000000002 0.73791090815877003 0.82058040928954312 19.500000000000004 26.057362556457523 0.85846140550493077
decision_type=2 2 2 2 2 2 2
left_child=1 6 -3 5 -5 -2 -1
right_child=3 2 -4 4 -6 -7 -8
leaf_value=3.1757086646687507e-05 -6.4145876482043157e-05 0.0004929231914748744 0.0024580732524438699 0.00093239255105769534 -0.0044130908076247949 -0.0014367643362643424 -0.0009429175196647787
leaf_weight=8939 4556 1369 327 98 115 268 523
leaf_count=8939 4556 1369 327 98 115 268 523
internal_value=1.08596e-05 0.000113762 0.000871829 -0.000217089 -0.00195374 -0.000140405 -2.21177e-05
internal_weight=16195 11158 1696 5037 213 4824 9462
internal_count=16195 11158 1696 5037 213 4824 9462
is_linear=0
shrinkage=0.00834467


Tree=931
num_leaves=8
num_cat=1
split_feature=0 45 40 30 53 52 21
split_gain=3.72941 5.45178 5.43132 10.4169 9.89552 5.42429 2.7347
threshold=0 21.452135086059574 23.402068139301761 23.139931678771976 0.92737311002860978 1.6599892834646715 21.862367630004886
decision_type=9 2 2 2 2 2 2
left_child=1 6 3 -2 -4 -3 -1
right_child=2 5 4 -5 -6 -7 -8
leaf_value=-0.00053665465881668438 -0.0001631544036371606 0.00014603241809183835 -0.00036340512975883868 0.0011357071045511385 -0.0025940640938751469 -0.0019833519712475853 -0.0023449827285649282
leaf_weight=373 3272 9882 1802 495 150 84 69
leaf_count=373 3272 9882 1802 495 150 84 69
internal_value=-6.27406e-06 8.77777e-05 -0.000177282 7.52406e-06 -0.00053483 0.000128083 -0.000818995
internal_weight=16127 10408 5719 3767 1952 9966 442
internal_count=16127 10408 5719 3767 1952 9966 442
cat_boundaries=0 1
cat_threshold=27274
is_linear=0
shrinkage=0.00834467


Tree=932
num_leaves=8
num_cat=0
split_feature=10 54 22 52 16 7 55
split_gain=4.20134 9.12421 20.1517 8.79722 14.8035 6.42898 3.59435
threshold=3.5000000000000004 0.76550912427142437 25.862777709960941 1.2615107883420882 0.78526900000000011 11.500000000000002 0.32227217985722545
decision_type=2 2 2 2 8 2 2
left_child=3 5 -3 6 -5 -2 -1
right_child=1 2 -4 4 -6 -7 -8
leaf_value=-0.0001570896713852139 0.0016710921086950531 0.0040863090737066612 -0.00035474887472217257 -0.0036603333509981541 0.0012660888084747935 -0.00026752308999257164 0.00010388956436950044
leaf_weight=6791 143 137 148 116 67 713 8008
leaf_count=6791 143 137 148 116 67 713 8008
internal_value=-1.1815e-06 0.000486931 0.00178014 -3.83555e-05 -0.0018567 5.63496e-05 -1.58692e-05
internal_weight=16123 1141 285 14982 183 856 14799
internal_count=16123 1141 285 14982 183 856 14799
is_linear=0
shrinkage=0.00834467


Tree=933
num_leaves=8
num_cat=0
split_feature=59 55 26 53 10 55 52
split_gain=3.60762 13.2193 9.54565 3.80937 14.8371 5.43305 2.48469
threshold=5.5000000000000009 0.68359556342267103 24.363472938537601 0.83641066221078797 3.5000000000000004 0.62143305964614615 0.5489052164757523
decision_type=2 2 2 2 2 2 2
left_child=3 6 -3 5 -5 -1 -2
right_child=1 2 -4 4 -6 -7 -8
leaf_value=-7.564307420547558e-05 -1.1354400405430109e-05 0.0049112847677367519 0.00087361135696361258 -0.0010549660162192398 0.0016140846697993234 0.00036095716862779995 0.0016257143806341912
leaf_weight=11492 1001 72 94 764 179 2399 69
leaf_count=11492 1001 72 94 764 179 2399 69
internal_value=1.00767e-06 0.000434149 0.00262508 -3.50828e-05 -0.000548316 -2.4125e-07 9.42273e-05
internal_weight=16070 1236 166 14834 943 13891 1070
internal_count=16070 1236 166 14834 943 13891 1070
is_linear=0
shrinkage=0.00834467


Tree=934
num_leaves=5
num_cat=0
split_feature=56 14 53 54
split_gain=4.95124 5.25866 11.668 4.82049
threshold=1.786651611328127 1.128003520257822 0.79571157999229591 1.2656684765438151
decision_type=2 8 2 2
left_child=1 2 -1 -3
right_child=-2 3 -4 -5
leaf_value=0.00032450722890919144 -0.0016538838437686863 7.9007632733686278e-06 0.0035147777064834175 -0.000937910943715987
leaf_weight=774 124 14775 89 385
leaf_count=774 124 14775 89 385
internal_value=7.09434e-06 1.99494e-05 0.000653551 -1.61194e-05
internal_weight=16147 16023 863 15160
internal_count=16147 16023 863 15160
is_linear=0
shrinkage=0.00834467


Tree=935
num_leaves=5
num_cat=0
split_feature=54 55 15 52
split_gain=7.25767 4.652 15.1531 5.52354
threshold=1.8715316376720852 1.5868855998533167 2.9659769516099463 0.84812083641187785
decision_type=2 2 10 2
left_child=1 3 -3 -1
right_child=-2 2 -4 -5
leaf_value=8.5760687519885745e-06 -0.0028013564597773222 -0.00045253063762302662 0.0044488875967403146 -0.00078882961796265252
leaf_weight=15171 65 124 68 630
leaf_count=15171 65 124 68 630
internal_value=-1.88397e-05 -7.52913e-06 0.00128352 -2.32177e-05
internal_weight=16058 15993 192 15801
internal_count=16058 15993 192 15801
is_linear=0
shrinkage=0.00834467


Tree=936
num_leaves=8
num_cat=0
split_feature=56 46 55 16 6 6 6
split_gain=4.67471 12.1525 11.4545 5.99171 3.71137 10.9054 5.12987
threshold=0.072814941406248238 27.365855216979984 1.0677520055724321 3.3813370000000007 13.500000000000002 14.500000000000002 10.500000000000002
decision_type=2 2 2 8 2 2 2
left_child=4 3 -3 -2 6 -6 -1
right_child=1 2 -4 -5 5 -7 -8
leaf_value=5.7314708440587349e-05 -0.00011533769560336648 0.00081309977730670388 0.0047535802278032098 0.00049435112976547362 0.00085721010394151226 -0.00012762591336000709 -0.00041547647852386318
leaf_weight=2730 2878 163 75 1840 1006 3531 3854
leaf_count=2730 2878 163 75 1840 1006 3531 3854
internal_value=2.09666e-06 0.000215249 0.00205499 0.000122439 -9.28933e-05 9.07455e-05 -0.000219438
internal_weight=16077 4956 238 4718 11121 4537 6584
internal_count=16077 4956 238 4718 11121 4537 6584
is_linear=0
shrinkage=0.00834467


Tree=937
num_leaves=8
num_cat=1
split_feature=55 54 14 6 54 56 0
split_gain=4.8652 13.2859 10.4696 8.8601 8.42014 4.89967 4.04247
threshold=0.62143305964614615 0.33817529512349659 1.128003520257822 11.500000000000002 0.60060214001267065 1.2576656341552737 0
decision_type=2 2 8 2 2 2 9
left_child=4 3 -3 -2 5 -1 -6
right_child=1 2 -4 -5 6 -7 -8
leaf_value=-5.3953051815139978e-05 0.00018853583917901524 0.001854679816142213 1.1116228801687904e-05 0.0036943858910326362 -0.00041225741380186524 0.0016335934765446829 -0.0020289779786956921
leaf_weight=12031 83 231 3002 127 252 121 205
leaf_count=12031 83 231 3002 127 252 121 205
internal_value=-3.05267e-06 0.000274961 0.000142845 0.00230881 -7.89669e-05 -3.71485e-05 -0.00119093
internal_weight=16052 3443 3233 210 12609 12152 457
internal_count=16052 3443 3233 210 12609 12152 457
cat_boundaries=0 1
cat_threshold=1795
is_linear=0
shrinkage=0.00834467


Tree=938
num_leaves=8
num_cat=1
split_feature=17 0 27 6 29 30 6
split_gain=4.28304 6.64961 9.70676 5.67845 4.7952 8.50578 6.83536
threshold=-0.78584999999999994 0 28.278827667236332 10.500000000000002 26.7399435043335 27.682316780090336 11.500000000000002
decision_type=10 9 2 2 2 2 2
left_child=4 3 -3 -2 6 -6 -1
right_child=1 2 -4 -5 5 -7 -8
leaf_value=-0.00029553239513388524 0.00012882185254713715 1.1655803251479717e-05 -0.0029953255532958354 -0.0010688081575914669 0.0020864285507787841 0.0001350043608805396 0.00019139914085334659
leaf_weight=2883 392 4523 76 929 227 494 6610
leaf_count=2883 392 4523 76 929 227 494 6610
internal_value=-1.01604e-05 -0.000188748 -3.79592e-05 -0.000708059 9.33483e-05 0.000749411 4.35191e-05
internal_weight=16134 5920 4599 1321 10214 721 9493
internal_count=16134 5920 4599 1321 10214 721 9493
cat_boundaries=0 1
cat_threshold=16773
is_linear=0
shrinkage=0.00834467


Tree=939
num_leaves=7
num_cat=0
split_feature=17 24 9 16 2 56
split_gain=3.39275 11.1397 32.1414 5.78553 6.2522 4.22162
threshold=1.3241850000000006 26.326080322265629 25.756809234619144 3.3813370000000007 10.472845000000001 0.86651229842773436
decision_type=10 2 2 10 2 2
left_child=3 2 -2 5 -5 -1
right_child=1 -3 -4 4 -6 -7
leaf_value=1.8413960161895685e-05 -0.00040056570830062244 -0.0027753979761699446 0.0050284623058533878 0.002785519138456316 0.0004029003875683435 -0.00075775694536454896
leaf_weight=12986 1951 123 79 102 309 507
leaf_count=12986 1951 123 79 102 309 507
internal_value=-2.87742e-05 -0.000337022 -0.000189265 1.89574e-05 0.000994259 -1.07512e-05
internal_weight=16057 2153 2030 13904 411 13493
internal_count=16057 2153 2030 13904 411 13493
is_linear=0
shrinkage=0.00834467


Tree=940
num_leaves=7
num_cat=0
split_feature=17 49 9 8 16 56
split_gain=3.95608 10.9573 31.9661 13.5714 5.38823 4.6241
threshold=0.52653550000000005 26.276907348688237 26.027995109558109 1.5000000000000002 3.4269470000000002 0.86651229842773436
decision_type=10 2 2 2 10 2
left_child=4 2 -2 -3 5 -1
right_child=1 3 -4 -5 -6 -7
leaf_value=8.7203679235437045e-05 -0.0002664609260113132 -0.0047001032327219023 0.0050419122126105142 -0.00016074622908472929 0.0019283978745925599 -0.00078078044419573782
leaf_weight=12120 3172 84 81 101 108 443
leaf_count=12120 3172 84 81 101 108 443
internal_value=4.43464e-06 -0.000246615 -0.000134267 -0.002222 7.25516e-05 5.6596e-05
internal_weight=16109 3438 3253 185 12671 12563
internal_count=16109 3438 3253 185 12671 12563
is_linear=0
shrinkage=0.00834467


Tree=941
num_leaves=8
num_cat=0
split_feature=59 55 26 53 10 18 15
split_gain=3.80786 13.5574 14.1238 3.69874 15.4067 4.65404 2.45562
threshold=5.5000000000000009 0.68359556342267103 24.363472938537601 0.83641066221078797 3.5000000000000004 26.843077659606937 6.4588087145461435
decision_type=2 2 2 2 2 2 10
left_child=3 6 -3 5 -5 -1 -2
right_child=1 2 -4 4 -6 -7 -8
leaf_value=-2.7197373486318865e-05 0.00022065050441334003 0.0055333872658543783 0.00054779570813285401 -0.0010735128084038059 0.0015997323714956161 0.00066898463250709907 -0.0014196343540435153
leaf_weight=13315 970 70 91 745 188 704 68
leaf_count=13315 970 70 91 745 188 704 68
internal_value=1.01886e-05 0.000462656 0.00271565 -2.60951e-05 -0.000534841 7.76363e-06 0.000113182
internal_weight=16151 1199 161 14952 933 14019 1038
internal_count=16151 1199 161 14952 933 14019 1038
is_linear=0
shrinkage=0.00834467


Tree=942
num_leaves=5
num_cat=0
split_feature=56 7 51 55
split_gain=4.11686 3.91543 9.27988 7.70284
threshold=2.3025903701782231 42.500000000000007 25.12597293855038 1.5868855998533167
decision_type=2 2 2 2
left_child=1 3 -3 -1
right_child=-2 2 -4 -5
leaf_value=5.3291291122061762e-05 -0.0021049037449355754 -1.9538447302438817e-05 -0.00096917591229456364 0.0018222627855017284
leaf_weight=11458 65 3546 898 174
leaf_count=11458 65 3546 898 174
internal_value=-9.21556e-06 -7.40818e-07 -0.000211434 7.97544e-05
internal_weight=16141 16076 4444 11632
internal_count=16141 16076 4444 11632
is_linear=0
shrinkage=0.00834467


Tree=943
num_leaves=7
num_cat=1
split_feature=55 54 0 52 47 7
split_gain=3.82337 9.16871 13.5177 8.05146 3.49594 2.19997
threshold=0.41800882919313881 0.34679533268873403 0 0.1920945406689015 32.725061417734381 46.500000000000007
decision_type=2 2 9 2 2 2
left_child=4 2 -2 -3 5 -1
right_child=1 3 -4 -5 -6 -7
leaf_value=-4.3686034403065705e-05 0.0017697910329905761 -0.00046083010762900176 -0.00036519313291861647 0.00023157861265711661 0.0015793170392715929 -0.00036210043860056447
leaf_weight=7147 535 1586 333 4452 86 1916
leaf_count=7147 535 1586 333 4452 86 1916
internal_value=1.67687e-05 0.000164986 0.000966911 4.97033e-05 -9.51115e-05 -0.000111002
internal_weight=16055 6906 868 6038 9149 9063
internal_count=16055 6906 868 6038 9149 9063
cat_boundaries=0 1
cat_threshold=18635
is_linear=0
shrinkage=0.00834467


Tree=944
num_leaves=8
num_cat=0
split_feature=7 51 47 55 16 54 6
split_gain=4.39159 14.8315 18.8003 12.6583 14.6989 12.3092 7.92868
threshold=42.500000000000007 25.12597293855038 25.245145797729496 1.5868855998533167 -1.9695205 1.1357041280018021 12.500000000000002
decision_type=2 2 2 2 10 2 2
left_child=3 2 -2 6 -5 -3 -1
right_child=1 5 -4 4 -6 -7 -8
leaf_value=-0.0001940814149449373 -0.00013329277602288359 -0.00089957340981173281 0.0024689209075169872 -0.00029812326862072724 0.0043707251771591023 -0.004588655044717495 0.00024681768232327886
leaf_weight=5251 3393 852 205 87 102 68 6186
leaf_count=5251 3393 852 205 87 102 68 6186
internal_value=-6.00962e-06 -0.000226788 1.49774e-05 7.97875e-05 0.00222167 -0.00117229 4.43904e-05
internal_weight=16144 4518 3598 11626 189 920 11437
internal_count=16144 4518 3598 11626 189 920 11437
is_linear=0
shrinkage=0.00834467


Tree=945
num_leaves=5
num_cat=0
split_feature=9 52 53 28
split_gain=3.39119 3.47167 11.0161 8.77473
threshold=32.756839752197273 0.21647547102977757 0.65751645271001391 28.324242591857914
decision_type=2 2 2 2
left_child=1 2 -1 -3
right_child=-2 3 -4 -5
leaf_value=-7.3924289675260306e-05 0.0018810195502285544 0.00018293792375259589 -0.0019351253566575193 -0.0015110515489854331
leaf_weight=9029 66 6614 227 220
leaf_count=9029 66 6614 227 220
internal_value=-6.50424e-06 -1.42478e-05 -0.000119572 0.000128403
internal_weight=16156 16090 9256 6834
internal_count=16156 16090 9256 6834
is_linear=0
shrinkage=0.00834467


Tree=946
num_leaves=7
num_cat=1
split_feature=0 56 9 55 9 40
split_gain=4.21572 6.52493 7.46854 6.11088 5.40619 3.87469
threshold=0 0.81250572204589855 24.922546386718754 1.6797837711283303 21.174298286437992 23.977659225463871
decision_type=9 2 2 2 2 2
left_child=3 5 -3 4 -1 -2
right_child=1 2 -4 -5 -6 -7
leaf_value=-0.0012282209654804774 -2.7610637322371725e-05 -0.00046386435904332039 -0.0034870289677719933 0.0020462657513680535 7.9640929879839012e-05 -0.00055604212677116808
leaf_weight=225 4144 161 88 108 10051 1260
leaf_count=225 4144 161 88 108 10051 1260
internal_value=-2.8153e-05 -0.000211304 -0.00153239 7.16881e-05 5.10033e-05 -0.000150821
internal_weight=16037 5653 249 10384 10276 5404
internal_count=16037 5653 249 10384 10276 5404
cat_boundaries=0 1
cat_threshold=27274
is_linear=0
shrinkage=0.00834467


Tree=947
num_leaves=5
num_cat=0
split_feature=56 6 6 17
split_gain=5.00806 3.88431 9.40508 5.77807
threshold=1.786651611328127 10.500000000000002 12.500000000000002 -2.4940664999999993
decision_type=2 2 2 10
left_child=1 3 -3 -1
right_child=-2 2 -4 -5
leaf_value=-0.00017640324104860412 -0.001685866218533464 -0.00044163713737105787 6.8248995747741221e-05 0.00047099431990890587
leaf_weight=1586 125 3594 8422 2432
leaf_count=1586 125 3594 8422 2432
internal_value=-2.2125e-05 -9.1536e-06 -8.42588e-05 0.000215451
internal_weight=16159 16034 12016 4018
internal_count=16159 16034 12016 4018
is_linear=0
shrinkage=0.00834467


Tree=948
num_leaves=8
num_cat=1
split_feature=6 15 7 8 52 28 0
split_gain=3.93043 9.36435 13.1559 12.7713 5.03968 13.4259 4.98682
threshold=10.500000000000002 1.4066938320187294 11.500000000000002 1.5000000000000002 0.41762515684605656 27.650968552729498 0
decision_type=2 10 2 2 2 2 9
left_child=4 3 -3 -2 6 -6 -1
right_child=1 2 -4 -5 5 -7 -8
leaf_value=0.00050200921110766139 0.0013865119463798616 0.00041651261624958008 -0.00057913167398392377 7.9997621207524412e-06 0.0015243049207635045 -0.0024363384639976291 -0.00014472750324616611
leaf_weight=1305 506 1190 4136 6228 437 69 2245
leaf_count=1305 506 1190 4136 6228 437 69 2245
internal_value=-1.96351e-05 -9.52096e-05 -0.000356672 0.000111584 0.000205076 0.000984181 9.40237e-05
internal_weight=16116 12060 5326 6734 4056 506 3550
internal_count=16116 12060 5326 6734 4056 506 3550
cat_boundaries=0 1
cat_threshold=19202
is_linear=0
shrinkage=0.00834467


Tree=949
num_leaves=4
num_cat=0
split_feature=54 53 44
split_gain=3.98618 4.46107 3.43822
threshold=1.8715316376720852 1.6946600531907181 21.490017890930179
decision_type=2 2 2
left_child=1 2 -1
right_child=-2 -3 -4
leaf_value=-0.00041286650512648357 -0.0020139199433669786 0.0019284837668198614 3.6814614087859593e-05
leaf_weight=1288 68 84 14658
leaf_count=1288 68 84 14658
internal_value=2.04362e-06 1.05966e-05 4.92469e-07
internal_weight=16098 16030 15946
internal_count=16098 16030 15946
is_linear=0
shrinkage=0.00834467


Tree=950
num_leaves=5
num_cat=0
split_feature=54 55 15 55
split_gain=4.45266 3.93463 15.4921 4.67263
threshold=1.8715316376720852 1.5868855998533167 2.7239312480152127 1.3319807905880989
decision_type=2 2 10 2
left_child=1 3 -3 -1
right_child=-2 2 -4 -5
leaf_value=-2.4968378846327558e-06 -0.0021918268458406831 -0.00088144805533862025 0.0038522652201010686 -0.0013364342200341513
leaf_weight=15705 65 111 85 185
leaf_count=15705 65 111 85 185
internal_value=-1.23414e-05 -3.53323e-06 0.00117153 -1.80281e-05
internal_weight=16151 16086 196 15890
internal_count=16151 16086 196 15890
is_linear=0
shrinkage=0.00834467


Tree=951
num_leaves=8
num_cat=0
split_feature=59 55 7 53 16 55 16
split_gain=3.64825 12.7228 10.5981 4.64887 16.3245 4.61087 3.34822
threshold=5.5000000000000009 0.68359556342267103 35.500000000000007 0.83641066221078797 -1.0663579999999995 0.62143305964614615 -4.2979204999999991
decision_type=2 2 2 2 10 2 8
left_child=3 6 -3 5 -5 -1 -2
right_child=1 2 -4 4 -6 -7 -8
leaf_value=-7.4410230997494286e-05 -0.0015733926965862586 0.0045663181060949477 0.00021567312327750154 -0.0013956531683190342 0.00090647003717458713 0.00033007359476524466 0.00023240394991226997
leaf_weight=11553 77 88 70 627 326 2364 999
leaf_count=11553 77 88 70 627 326 2364 999
internal_value=-8.13141e-06 0.000427863 0.00263895 -4.4313e-05 -0.000608147 -5.70273e-06 0.000103166
internal_weight=16104 1234 158 14870 953 13917 1076
internal_count=16104 1234 158 14870 953 13917 1076
is_linear=0
shrinkage=0.00834467


Tree=952
num_leaves=8
num_cat=1
split_feature=0 40 30 6 45 59 20
split_gain=3.62312 6.90205 6.74766 5.94747 5.09196 4.20619 3.04129
threshold=0 23.629850387573246 23.139931678771976 9.5000000000000018 21.42730808258057 5.5000000000000009 21.985828399658207
decision_type=9 2 2 2 2 2 2
left_child=1 2 -1 -3 6 -6 -2
right_child=4 3 -4 -5 5 -7 -8
leaf_value=-0.00021976313214826059 -0.00052341939092882123 0.00019913614850678864 0.00084963285384635865 -0.0012852634942205495 4.718124545665957e-05 0.00068348923198224853 -0.0024350258327840964
leaf_weight=2441 392 262 494 665 11061 774 68
leaf_count=2441 392 262 494 665 11061 774 68
internal_value=-1.48013e-05 -0.00023741 -3.97672e-05 -0.000865727 5.52709e-05 8.87958e-05 -0.00080605
internal_weight=16157 3862 2935 927 12295 11835 460
internal_count=16157 3862 2935 927 12295 11835 460
cat_boundaries=0 1
cat_threshold=5444
is_linear=0
shrinkage=0.00834467


Tree=953
num_leaves=7
num_cat=0
split_feature=59 55 56 14 7 53
split_gain=3.49978 7.10209 3.30669 14.2312 3.07968 0.926071
threshold=6.5000000000000009 0.45651134146916511 1.786651611328127 2.4519894697552753 25.500000000000004 0.16574682997270757
decision_type=2 2 2 10 2 2
left_child=2 5 4 -4 -1 -2
right_child=1 -3 3 -5 -6 -7
leaf_value=0.00010852785860307995 -0.00066836775097360145 0.003314077026778352 -0.0040865210005890532 0.0014140611954235206 -0.00012730408277653485 0.00069999737015016806
leaf_weight=6755 72 66 66 65 8984 66
leaf_count=6755 72 66 66 65 8984 66
internal_value=-2.31167e-05 0.00106288 -3.70773e-05 -0.00135732 -2.60877e-05 -1.39291e-05
internal_weight=16074 204 15870 131 15739 138
internal_count=16074 204 15870 131 15739 138
is_linear=0
shrinkage=0.00834467


Tree=954
num_leaves=5
num_cat=0
split_feature=54 55 15 17
split_gain=3.7271 6.6442 12.3811 4.17293
threshold=1.8715316376720852 1.5868855998533167 2.7239312480152127 0.85908700000000005
decision_type=2 2 10 10
left_child=1 3 -3 -1
right_child=-2 2 -4 -5
leaf_value=6.4530043952964607e-05 -0.0019389779565560212 -0.00027433257920152823 0.0040653169861310486 -0.00028551095582575762
leaf_weight=12893 68 107 80 2906
leaf_count=12893 68 107 80 2906
internal_value=1.03605e-05 1.86536e-05 0.00158232 1.44875e-07
internal_weight=16054 15986 187 15799
internal_count=16054 15986 187 15799
is_linear=0
shrinkage=0.00834467


Tree=955
num_leaves=7
num_cat=0
split_feature=45 7 53 6 14 3
split_gain=3.5877 3.85015 9.52957 8.67295 1.9145 1.64256
threshold=21.42730808258057 41.500000000000007 1.355801169640211 12.500000000000002 2.7251682120455176 0.57410400000000006
decision_type=2 2 2 2 8 2
left_child=4 3 -3 -2 -1 -6
right_child=1 2 -4 -5 5 -7
leaf_value=-0.0014399290012427103 -0.00012884141859533364 -0.0001072239892183571 -0.0028961456589341613 0.00035056129711722985 -0.00075554798597201418 -5.4504203560969898e-05
leaf_weight=121 4855 4377 87 5728 381 598
leaf_count=121 4855 4377 87 5728 381 598
internal_value=1.03096e-05 4.39409e-05 -0.000161584 0.000130633 -0.000449733 -0.000327336
internal_weight=16147 15047 4464 10583 1100 979
internal_count=16147 15047 4464 10583 1100 979
is_linear=0
shrinkage=0.00834467


Tree=956
num_leaves=6
num_cat=0
split_feature=18 6 6 32 7
split_gain=3.3362 3.43153 12.921 9.85336 0.643166
threshold=21.087455749511722 14.500000000000002 13.500000000000002 24.386364936828617 18.500000000000004
decision_type=2 2 2 2 2
left_child=4 2 -2 -3 -1
right_child=1 3 -4 -5 -6
leaf_value=-0.001770740880890579 -4.7098429678491513e-05 -3.5693651485297393e-06 0.0007522120180910143 -0.00093215279886381831 -0.00075788953198248311
leaf_weight=68 9255 3957 1661 996 122
leaf_count=68 9255 3957 1661 996 122
internal_value=-2.12914e-05 -8.13045e-06 7.45268e-05 -0.0001903 -0.00112046
internal_weight=16059 15869 10916 4953 190
internal_count=16059 15869 10916 4953 190
is_linear=0
shrinkage=0.00834467


Tree=957
num_leaves=8
num_cat=1
split_feature=45 0 59 3 20 55 6
split_gain=3.29625 3.57624 3.80053 2.37713 2.79414 2.34 1.99423
threshold=21.42730808258057 0 6.5000000000000009 0.33264700000000008 21.723917961120609 0.99089535506847526 10.500000000000002
decision_type=2 9 2 2 2 2 2
left_child=3 5 -3 4 -1 -2 -5
right_child=1 2 -4 6 -6 -7 -8
leaf_value=-0.0006528715209465439 -0.00048849071968078454 5.8982575035604689e-05 0.0014711687462919056 0.00082209978889855072 -0.002567621662989481 0.00088577159587470368 -0.00036296202748020028
leaf_weight=289 1192 13603 134 118 65 93 610
leaf_count=289 1192 13603 134 118 65 93 610
internal_value=1.21647e-06 3.32573e-05 7.27061e-05 -0.00044362 -0.00100451 -0.000386021 -0.000170869
internal_weight=16104 15022 13737 1082 354 1285 728
internal_count=16104 15022 13737 1082 354 1285 728
cat_boundaries=0 1
cat_threshold=260
is_linear=0
shrinkage=0.00834467


Tree=958
num_leaves=4
num_cat=0
split_feature=56 9 41
split_gain=4.49876 3.60979 4.62565
threshold=1.786651611328127 32.756839752197273 32.667203903198249
decision_type=2 2 2
left_child=1 2 -1
right_child=-2 -3 -4
leaf_value=9.6601017902124223e-06 -0.0016007934553386651 0.0019120558375969425 -0.0019772898084521292
leaf_weight=15803 122 69 82
leaf_count=15803 122 69 82
internal_value=-4.53223e-06 7.67532e-06 -5.97933e-07
internal_weight=16076 15954 15885
internal_count=16076 15954 15885
is_linear=0
shrinkage=0.00834467


Tree=959
num_leaves=5
num_cat=0
split_feature=54 55 15 55
split_gain=5.16964 4.20666 16.8093 4.67223
threshold=1.8715316376720852 1.5868855998533167 2.9659769516099463 1.4931445965129371
decision_type=2 2 10 2
left_child=1 3 -3 -1
right_child=-2 2 -4 -5
leaf_value=-4.2308524002711316e-06 -0.0023210413518101243 -0.00061636722629071624 0.0044603148569079655 -0.0022289288000235676
leaf_weight=15828 67 126 71 66
leaf_count=15828 67 126 71 66
internal_value=-8.08093e-06 1.5512e-06 0.00121343 -1.34703e-05
internal_weight=16158 16091 197 15894
internal_count=16158 16091 197 15894
is_linear=0
shrinkage=0.00834467


Tree=960
num_leaves=5
num_cat=0
split_feature=54 55 15 17
split_gain=5.05481 7.26906 11.7423 5.45336
threshold=1.8715316376720852 1.5868855998533167 2.7239312480152127 0.7519895000000002
decision_type=2 2 10 10
left_child=1 3 -3 -1
right_child=-2 2 -4 -5
leaf_value=5.5661265878813331e-05 -0.002314295332197945 -0.00014116620224300798 0.0040294089757131196 -0.00033573746189930121
leaf_weight=12837 66 112 81 3072
leaf_count=12837 66 112 81 3072
internal_value=-9.83555e-06 -3.88489e-07 0.00160929 -1.99173e-05
internal_weight=16168 16102 193 15909
internal_count=16168 16102 193 15909
is_linear=0
shrinkage=0.00834467


Tree=961
num_leaves=8
num_cat=0
split_feature=56 46 30 55 36 16 54
split_gain=3.75603 9.08808 15.6337 6.06341 12.9347 4.56191 4.03957
threshold=0.088263511657711305 24.582579612731937 24.166870117187504 1.4931445965129371 26.392487525939945 -4.9819224999999987 1.0291632772727239
decision_type=2 2 2 2 2 8 2
left_child=3 5 -3 6 -5 -2 -1
right_child=1 2 -4 4 -6 -7 -8
leaf_value=-6.8107811309415337e-05 -0.00091248308134965483 0.0030180577794375356 0.0004276569294037297 -0.0037362377459621648 0.00053273264569011429 7.3856870014885539e-05 0.00093297412156073678
leaf_weight=11031 371 185 1318 95 103 2723 288
leaf_count=11031 371 185 1318 95 103 2723 288
internal_value=1.25297e-05 0.000214182 0.000746519 -6.79599e-05 -0.00151559 -4.44171e-05 -4.26356e-05
internal_weight=16114 4597 1503 11517 198 3094 11319
internal_count=16114 4597 1503 11517 198 3094 11319
is_linear=0
shrinkage=0.00834467


Tree=962
num_leaves=8
num_cat=0
split_feature=6 6 16 52 44 33 56
split_gain=4.14536 10.3921 11.7797 9.18828 10.3949 7.02134 5.57249
threshold=14.500000000000002 13.500000000000002 -1.2841824999999998 0.82058040928954312 24.581951141357425 27.279413225681157 0.072814941406248238
decision_type=2 2 8 2 2 2 2
left_child=1 6 -3 5 -5 -2 -1
right_child=3 2 -4 4 -6 -7 -8
leaf_value=-0.00013892763244947957 -7.3940749194667012e-05 -0.00020226860993396734 0.0012393999633476015 -0.0042610623393393955 -0.00043809032224842898 -0.0028351057634462117 0.00030231783946324769
leaf_weight=6569 4733 627 1065 80 130 65 2861
leaf_count=6569 4733 627 1065 80 130 65 2861
internal_value=1.32246e-05 0.000102991 0.000705167 -0.000186133 -0.00189459 -0.000111353 -5.05648e-06
internal_weight=16130 11122 1692 5008 210 4798 9430
internal_count=16130 11122 1692 5008 210 4798 9430
is_linear=0
shrinkage=0.00834467


Tree=963
num_leaves=5
num_cat=1
split_feature=52 0 40 45
split_gain=6.70364 3.71924 7.35096 5.98146
threshold=1.6599892834646715 0 23.670042037963871 21.52122497371094
decision_type=2 9 2 2
left_child=1 3 -3 -1
right_child=-2 2 -4 -5
leaf_value=-0.0007973485274275447 -0.0019335109800412652 2.6406076757597678e-05 -0.00063631093901179818 0.00014542667756675874
leaf_weight=492 125 4022 1641 9852
leaf_count=492 125 4022 1641 9852
internal_value=-8.63207e-06 6.40063e-06 -0.000165342 0.000100487
internal_weight=16132 16007 5663 10344
internal_count=16132 16007 5663 10344
cat_boundaries=0 1
cat_threshold=27274
is_linear=0
shrinkage=0.00834467


Tree=964
num_leaves=6
num_cat=0
split_feature=9 6 6 47 22
split_gain=3.1524 3.04002 13.6326 10.2785 0.548705
threshold=21.085356712341312 14.500000000000002 13.500000000000002 26.057362556457523 21.173850059509281
decision_type=2 2 2 2 2
left_child=4 2 -2 -3 -1
right_child=1 3 -4 -5 -6
leaf_value=-0.0013990223278505997 -1.5943615112537358e-05 -3.846477304167513e-05 0.00081154189216512264 -0.0015423847238776791 -0.00046786615410900149
leaf_weight=119 9307 4566 1629 340 70
leaf_count=119 9307 4566 1629 340 70
internal_value=1.71114e-05 2.9893e-05 0.000107317 -0.000142694 -0.00105419
internal_weight=16031 15842 10936 4906 189
internal_count=16031 15842 10936 4906 189
is_linear=0
shrinkage=0.00834467


Tree=965
num_leaves=8
num_cat=1
split_feature=59 55 7 0 10 41 52
split_gain=4.54761 12.6818 11.3678 3.20246 3.49273 2.65377 2.34966
threshold=5.5000000000000009 0.68968904353178095 25.500000000000004 0 3.5000000000000004 23.256944656372074 0.43501079388602432
decision_type=2 2 2 9 2 2 2
left_child=3 6 -3 5 -5 -1 -2
right_child=1 2 -4 4 -6 -7 -8
leaf_value=-0.00014184216367286597 5.1994609817143297e-06 0.0053117604651260015 0.00084985607472974568 -4.3390433275351506e-05 0.00046936606841360446 -0.00083947682050301733 0.0012090654778697332
leaf_weight=1037 956 66 100 12189 1001 599 128
leaf_count=1037 956 66 100 12189 1001 599 128
internal_value=-7.06822e-06 0.000476288 0.00262407 -4.78209e-05 -4.47321e-06 -0.000394862 0.000147363
internal_weight=16076 1250 166 14826 13190 1636 1084
internal_count=16076 1250 166 14826 13190 1636 1084
cat_boundaries=0 1
cat_threshold=324
is_linear=0
shrinkage=0.00834467


Tree=966
num_leaves=8
num_cat=1
split_feature=59 55 7 56 0 53 52
split_gain=4.41545 15.2598 8.44951 3.56331 6.14583 3.92659 2.72318
threshold=5.5000000000000009 0.68359556342267103 36.500000000000007 0.065798759460449233 0 0.69484175121152891 0.5489052164757523
decision_type=2 2 2 2 9 2 2
left_child=3 6 -3 5 -5 -1 -2
right_child=1 2 -4 4 -6 -7 -8
leaf_value=-3.8239518276687264e-05 4.8201868687466993e-05 0.0045527301747621688 0.00064870437808447622 0.00091129094459016112 6.3926375683279202e-05 -0.0006250801354575604 0.0016863764621612896
leaf_weight=9192 1004 93 66 688 4115 869 76
leaf_count=9192 1004 93 66 688 4115 869 76
internal_value=4.02367e-05 0.000518837 0.00293233 3.4231e-07 0.000187338 -8.89273e-05 0.000163495
internal_weight=16103 1239 159 14864 4803 10061 1080
internal_count=16103 1239 159 14864 4803 10061 1080
cat_boundaries=0 1
cat_threshold=18432
is_linear=0
shrinkage=0.00834467


Tree=967
num_leaves=7
num_cat=0
split_feature=17 24 18 6 9 54
split_gain=3.90819 9.6853 25.7694 3.7257 12.7359 6.25859
threshold=1.3241850000000006 26.390797615051273 25.976819038391117 12.500000000000002 27.484950065612797 1.1357041280018021
decision_type=10 2 2 2 2 2
left_child=3 2 -2 5 -5 -1
right_child=1 -3 -4 4 -6 -7
leaf_value=-4.9767234962664633e-05 -0.0003674710542334648 -0.0026154247433550124 0.0048941077554982698 0.00021898770381870988 -0.0028403756871058323 -0.0015748311992177548
leaf_weight=6422 1981 122 67 7232 96 193
leaf_count=6422 1981 122 67 7232 96 193
internal_value=-1.96511e-06 -0.000331389 -0.000195317 4.93046e-05 0.000178905 -9.42649e-05
internal_weight=16113 2170 2048 13943 7328 6615
internal_count=16113 2170 2048 13943 7328 6615
is_linear=0
shrinkage=0.00834467


Tree=968
num_leaves=7
num_cat=0
split_feature=17 49 9 16 56 52
split_gain=4.77512 10.9608 22.8298 6.37193 5.72299 5.13439
threshold=1.3241850000000006 26.220418071738283 25.674401283264164 3.0744704999999999 0.86651229842773436 0.55760575357611497
decision_type=10 2 2 10 2 2
left_child=3 2 -2 4 -1 -5
right_child=1 -3 -4 5 -6 -7
leaf_value=6.479240095585249e-05 -0.00038319786666274704 -0.0027641715179847698 0.0042479570855575256 0.00064936497857673585 -0.00084063680808472822 0.0030870435106397079
leaf_weight=12987 1976 124 77 428 505 70
leaf_count=12987 1976 124 77 428 505 70
internal_value=8.5442e-06 -0.000355007 -0.000209482 6.5117e-05 3.0902e-05 0.000992064
internal_weight=16167 2177 2053 13990 13492 498
internal_count=16167 2177 2053 13990 13492 498
is_linear=0
shrinkage=0.00834467


Tree=969
num_leaves=8
num_cat=0
split_feature=6 6 48 7 17 52 7
split_gain=3.77597 9.33774 16.9532 6.53046 5.16765 6.09592 5.97236
threshold=10.500000000000002 11.500000000000002 26.835441780090335 10.500000000000002 -2.4940664999999993 0.1920945406689015 2.5000000000000004
decision_type=2 2 2 2 10 2 2
left_child=4 3 -3 -2 6 -6 -1
right_child=1 2 -4 -5 5 -7 -8
leaf_value=-0.0024727666752919347 0.00040499060372211222 6.3306448912329571e-05 -0.0024333386211981391 -0.00087969041535618947 8.9478312362203119e-05 0.00092233945376311236 -4.5254324107325624e-05
leaf_weight=74 340 10097 193 1453 1412 1080 1520
leaf_count=74 340 10097 193 1453 1412 1080 1520
internal_value=-6.20111e-06 -8.03566e-05 1.64769e-05 -0.00063608 0.000213089 0.000450432 -0.000157964
internal_weight=16169 12083 10290 1793 4086 2492 1594
internal_count=16169 12083 10290 1793 4086 2492 1594
is_linear=0
shrinkage=0.00834467


Tree=970
num_leaves=6
num_cat=1
split_feature=47 41 9 6 0
split_gain=3.49733 16.0883 8.16263 7.23777 3.89953
threshold=27.155699729365239 25.943165779113773 28.13314247131348 11.500000000000002 0
decision_type=2 2 2 2 9
left_child=2 -2 4 -3 -1
right_child=1 3 -4 -5 -6
leaf_value=-0.00021335493091673019 0.0044829146286774514 0.00059027104455200419 -0.0027681548915046471 -0.001409390104812521 7.8636523534539502e-05
leaf_weight=4532 66 639 75 157 10649
leaf_count=4532 66 639 75 157 10649
internal_value=7.02975e-06 0.000524143 -2.21887e-05 0.000195853 -8.62082e-06
internal_weight=16118 862 15256 796 15181
internal_count=16118 862 15256 796 15181
cat_boundaries=0 1
cat_threshold=17732
is_linear=0
shrinkage=0.00834467


Tree=971
num_leaves=8
num_cat=1
split_feature=0 14 27 17 6 7 24
split_gain=4.40715 11.3952 9.45511 7.59967 7.50584 6.35818 5.11814
threshold=0 1.1552303173889189 28.068841934204105 -0.84171599999999991 10.500000000000002 8.5000000000000018 25.919052124023441
decision_type=9 8 2 10 2 2 2
left_child=1 6 -3 5 -5 -2 -1
right_child=3 2 -4 4 -6 -7 -8
leaf_value=0.0011919616255833465 -0.00047232199287182023 0.00022722527602068554 -0.0026222801331624878 0.00019336743446820402 -0.0005888405476330372 0.00017778657319002429 0.0041785182974723705
leaf_weight=99 1233 3499 83 1209 2911 6965 67
leaf_count=99 1233 3499 83 1209 2911 6965 67
internal_value=9.39722e-06 0.000259554 0.000161191 -6.68745e-05 -0.000359304 8.00082e-05 0.00239755
internal_weight=16066 3748 3582 12318 4120 8198 166
internal_count=16066 3748 3582 12318 4120 8198 166
cat_boundaries=0 1
cat_threshold=10752
is_linear=0
shrinkage=0.00834467


Tree=972
num_leaves=4
num_cat=0
split_feature=18 40 55
split_gain=2.96713 3.75696 3.83709
threshold=32.761945724487312 32.660984039306648 0.36980575816623423
decision_type=2 2 2
left_child=1 2 -1
right_child=-2 -3 -4
leaf_value=-0.00014305724437963955 0.0017363642514153347 -0.0018500521488320184 0.00011540448048593462
leaf_weight=8030 67 78 7969
leaf_count=8030 67 78 7969
internal_value=-1.5923e-05 -2.32266e-05 -1.43191e-05
internal_weight=16144 16077 15999
internal_count=16144 16077 15999
is_linear=0
shrinkage=0.00834467


Tree=973
num_leaves=8
num_cat=0
split_feature=7 51 33 47 55 7 6
split_gain=3.87412 11.8077 16.5197 16.3252 9.51269 18.5725 5.46426
threshold=42.500000000000007 25.12597293855038 24.8813591003418 25.245145797729496 1.5868855998533167 22.500000000000004 12.500000000000002
decision_type=2 2 2 2 2 2 2
left_child=4 3 -3 -2 6 -6 -1
right_child=1 2 -4 -5 5 -7 -8
leaf_value=-0.00016256660102603455 -0.00014467863311900243 -0.0049366124886021049 -0.0007444756276300537 0.0023039163538545325 -0.00041538095940401324 0.0049365411091250467 0.00020349840147938639
leaf_weight=5235 3341 71 837 201 102 81 6205
leaf_count=5235 3341 71 837 201 102 81 6205
internal_value=-1.39823e-05 -0.000223358 -0.00107232 -5.72084e-06 6.61796e-05 0.00195364 3.59853e-05
internal_weight=16073 4450 908 3542 11623 183 11440
internal_count=16073 4450 908 3542 11623 183 11440
is_linear=0
shrinkage=0.00834467


Tree=974
num_leaves=5
num_cat=0
split_feature=54 53 10 54
split_gain=4.81819 4.57585 20.3954 4.71079
threshold=1.8715316376720852 1.1519340848350235 3.5000000000000004 1.4954939798931177
decision_type=2 2 2 2
left_child=1 3 -3 -1
right_child=-2 2 -4 -5
leaf_value=-8.2576675653629982e-06 -0.0022402334377051069 -0.00023607315411580226 0.0044451271569887971 -0.0020134665363540183
leaf_weight=15633 67 254 87 82
leaf_count=15633 67 254 87 82
internal_value=-7.28952e-06 2.02966e-06 0.000958343 -1.8722e-05
internal_weight=16123 16056 341 15715
internal_count=16123 16056 341 15715
is_linear=0
shrinkage=0.00834467


Tree=975
num_leaves=7
num_cat=0
split_feature=7 53 55 15 54 6
split_gain=3.66942 11.3421 7.21844 13.9845 4.62735 4.23062
threshold=51.500000000000007 0.97204787553875671 1.5868855998533167 1.8364932346787499 0.83491398219273427 12.500000000000002
decision_type=2 2 2 10 2 2
left_child=2 4 5 -4 -2 -1
right_child=1 -3 3 -5 -6 -7
leaf_value=-0.00011880005263582772 -0.00026830397376799724 -0.0032126866862893485 -0.0013738006200087148 0.0030946772117891857 0.0017445211603510787 0.0001748318018231967
leaf_weight=6441 1898 90 74 143 83 7277
leaf_count=6441 1898 90 74 143 83 7277
internal_value=1.21423e-05 -0.000315597 6.08507e-05 0.00157087 -0.000183962 3.69631e-05
internal_weight=16006 2071 13935 217 1981 13718
internal_count=16006 2071 13935 217 1981 13718
is_linear=0
shrinkage=0.00834467


Tree=976
num_leaves=5
num_cat=0
split_feature=56 55 59 56
split_gain=4.70766 5.65589 10.2242 5.2542
threshold=1.786651611328127 0.77419639198656276 5.5000000000000009 1.2576656341552737
decision_type=2 2 2 2
left_child=1 3 -3 -1
right_child=-2 2 -4 -5
leaf_value=-6.5194033248011982e-05 -0.0016998338585764779 0.00027608837867548254 0.0028186974499477759 0.0016670665705542627
leaf_weight=13846 113 1872 117 123
leaf_count=13846 113 1872 117 123
internal_value=-2.67902e-06 9.3397e-06 0.000425667 -4.994e-05
internal_weight=16071 15958 1989 13969
internal_count=16071 15958 1989 13969
is_linear=0
shrinkage=0.00834467


Tree=977
num_leaves=8
num_cat=0
split_feature=6 7 24 6 7 6 54
split_gain=3.847 5.86892 18.4248 5.82235 14.6909 10.0931 4.91742
threshold=15.500000000000002 50.500000000000007 22.698534011840824 12.500000000000002 26.500000000000004 10.500000000000002 0.83491398219273427
decision_type=2 2 2 2 2 2 2
left_child=3 6 -3 5 -5 -1 -2
right_child=1 2 -4 4 -6 -7 -8
leaf_value=0.00019577603540130864 -0.00020523870009314367 -5.752102176494049e-05 -0.0044014147855457103 0.00073854408248895918 -0.00012992773830186973 -0.00041225242190056629 0.0019482430673113799
leaf_weight=4032 2583 233 96 2492 2976 3597 76
leaf_count=4032 2583 233 96 2492 2976 3597 76
internal_value=-3.58979e-06 -0.000273771 -0.00132513 5.80505e-05 0.000265872 -9.09037e-05 -0.000143681
internal_weight=16085 2988 329 13097 5468 7629 2659
internal_count=16085 2988 329 13097 5468 7629 2659
is_linear=0
shrinkage=0.00834467


Tree=978
num_leaves=7
num_cat=0
split_feature=46 59 56 7 32 24
split_gain=4.1847 6.22456 4.65226 3.22091 5.18632 3.1813
threshold=22.867424011230472 6.5000000000000009 0.059700965881347663 30.500000000000004 22.814799308776859 23.632541656494144
decision_type=2 2 2 2 2 2
left_child=3 2 -2 4 -1 -5
right_child=1 -3 -4 5 -6 -7
leaf_value=0.00015775085208240915 -2.6895304137068851e-05 0.0026980112888522066 0.00035168957240457765 -0.00027939918955563708 -0.00094915105664514243 -0.0015018824137301807
leaf_weight=2759 6371 65 3503 2973 330 156
leaf_count=2759 6371 65 3503 2973 330 156
internal_value=1.81383e-05 0.00012436 0.000107416 -0.000151649 3.94972e-05 -0.000340352
internal_weight=16157 9939 9874 6218 3089 3129
internal_count=16157 9939 9874 6218 3089 3129
is_linear=0
shrinkage=0.00834467


Tree=979
num_leaves=8
num_cat=0
split_feature=17 7 7 16 49 7 56
split_gain=3.93964 12.213 8.40063 11.2352 7.77374 7.71403 5.86671
threshold=-0.78584999999999994 43.500000000000007 8.5000000000000018 -2.5248849999999998 26.384430408359865 24.500000000000004 -1.3521680831909177
decision_type=10 2 2 10 2 2 2
left_child=2 6 3 -1 -3 -4 -2
right_child=1 4 5 -5 -6 -7 -8
leaf_value=-0.00069813013993415458 -0.0019939768497251433 -0.00063215435917858109 0.00054676112910001789 0.0019421301397711834 -0.002738754117673534 1.454968621871588e-05 9.2078319762565041e-05
leaf_weight=1400 96 1471 2794 122 133 5903 4227
leaf_count=1400 96 1471 2794 122 133 5903 4227
internal_value=-1.38299e-05 -0.000184986 8.544e-05 -0.000486482 -0.000806844 0.000185528 4.57494e-05
internal_weight=16146 5927 10219 1522 1604 8697 4323
internal_count=16146 5927 10219 1522 1604 8697 4323
is_linear=0
shrinkage=0.00834467


Tree=980
num_leaves=6
num_cat=0
split_feature=7 54 55 15 55
split_gain=3.34833 16.6303 11.5031 7.97371 3.61627
threshold=42.500000000000007 1.3371489458562527 1.6797837711283303 1.1758804750000176 0.62143305964614615
decision_type=2 2 2 10 2
left_child=2 3 4 -2 -1
right_child=1 -3 -4 -5 -6
leaf_value=-2.7618181982753291e-05 0.00023017036780697807 -0.0033970008148223314 0.0025830192581158926 -0.00048035297539848602 0.00033785309337256493
leaf_weight=9113 2282 110 126 2123 2377
leaf_count=9113 2282 110 126 2123 2377
internal_value=5.35291e-07 -0.000192302 7.5489e-05 -0.000112268 4.79891e-05
internal_weight=16131 4515 11616 4405 11490
internal_count=16131 4515 11616 4405 11490
is_linear=0
shrinkage=0.00834467


Tree=981
num_leaves=8
num_cat=0
split_feature=16 53 17 6 28 27 55
split_gain=3.58275 5.86687 5.64115 6.90681 6.1347 4.89982 4.24915
threshold=-5.7924730000000002 0.74714267053662931 -0.84171599999999991 14.500000000000002 28.324242591857914 25.407400131225589 0.83546842541240229
decision_type=8 2 8 2 2 2 2
left_child=1 5 3 -2 -4 -1 -3
right_child=2 6 4 -5 -6 -7 -8
leaf_value=-0.00065504631044093354 0.00082152026074494707 -0.0035343390791775218 -6.2793600229677853e-07 -0.00043831268544675719 -0.0013000490666545462 0.000551223108839026 -0.00056109172770817909
leaf_weight=676 1186 69 13016 407 258 359 65
leaf_count=676 1186 69 13016 407 258 359 65
internal_value=-4.55026e-06 -0.000449357 3.04254e-05 0.000499641 -2.58851e-05 -0.000236639 -0.00209224
internal_weight=16036 1169 14867 1593 13274 1035 134
internal_count=16036 1169 14867 1593 13274 1035 134
is_linear=0
shrinkage=0.00834467


Tree=982
num_leaves=6
num_cat=1
split_feature=17 55 56 16 0
split_gain=4.07022 8.40986 5.82827 4.64823 4.04923
threshold=-0.78584999999999994 1.2658124336981296 1.786651611328127 -5.7549234999999994 0
decision_type=8 2 2 10 9
left_child=1 3 4 -1 -2
right_child=2 -3 -4 -5 -6
leaf_value=-0.00034328690795401589 -0.00034285780577142198 0.0027998989051118313 -0.0021091273318659728 0.00046461931629003154 2.3849726611171992e-05
leaf_weight=719 2579 91 96 1598 11027
leaf_count=719 2579 91 96 1598 11027
internal_value=-4.74684e-06 0.00031165 -6.03509e-05 0.000213913 -4.58939e-05
internal_weight=16110 2408 13702 2317 13606
internal_count=16110 2408 13702 2317 13606
cat_boundaries=0 1
cat_threshold=4548
is_linear=0
shrinkage=0.00834467


Tree=983
num_leaves=8
num_cat=1
split_feature=16 44 32 16 55 22 0
split_gain=4.05395 5.33107 9.4414 5.32847 5.36428 4.25917 3.74131
threshold=-3.1491484999999995 24.739627836884768 24.197687149047855 -2.9210720000000001 0.61678330223847644 25.568980216979984 0
decision_type=8 2 2 8 2 2 9
left_child=1 5 -3 4 -2 -1 -5
right_child=3 2 -4 6 -6 -7 -8
leaf_value=-0.00049535902126403059 0.00013825282252891006 0.003202294463494773 -4.3611950981846527e-05 -0.00042038438966838745 0.0034448988408565646 -0.002337370017812518 9.4511436991307523e-05
leaf_weight=1452 72 66 1141 1059 65 93 12188
leaf_count=1452 72 66 1141 1059 65 93 12188
internal_value=1.00595e-05 -0.000281628 0.000133902 7.00361e-05 0.00170723 -0.000606251 5.3103e-05
internal_weight=16136 2752 1207 13384 137 1545 13247
internal_count=16136 2752 1207 13384 137 1545 13247
cat_boundaries=0 1
cat_threshold=4164
is_linear=0
shrinkage=0.00834467


Tree=984
num_leaves=8
num_cat=1
split_feature=17 24 9 26 9 0 14
split_gain=4.87197 12.6046 35.8872 5.17792 13.4445 10.6149 5.16217
threshold=0.67256600000000011 26.390797615051273 26.231176376342777 26.72652626037598 27.279413225681157 0 2.6522769069681975
decision_type=10 2 2 2 2 9 10
left_child=3 2 -2 4 -1 -5 -3
right_child=1 6 -4 5 -6 -7 -8
leaf_value=5.1626329494815096e-05 -0.00030111059834908252 -0.0038232192145658127 0.0058277232154837627 0.0028024811423223461 -0.0033184310739272352 0.00029435629321875978 -0.00079178832387685738
leaf_weight=11820 3053 94 68 129 83 812 67
leaf_count=11820 3053 94 68 129 83 812 67
internal_value=1.9142e-06 -0.000285017 -0.000167559 7.52333e-05 2.81241e-05 0.000671126 -0.00256182
internal_weight=16126 3282 3121 12844 11903 941 161
internal_count=16126 3282 3121 12844 11903 941 161
cat_boundaries=0 1
cat_threshold=8320
is_linear=0
shrinkage=0.00834467


Tree=985
num_leaves=8
num_cat=0
split_feature=6 33 55 6 15 6 55
split_gain=3.54901 8.74098 8.32464 6.91826 11.7826 8.94424 4.51318
threshold=15.500000000000002 25.16642284589356 0.7179843853919291 12.500000000000002 2.9950195469498802 10.500000000000002 0.64724937307601438
decision_type=2 2 2 2 10 2 2
left_child=3 2 -2 5 -5 -1 -3
right_child=1 6 -4 4 -6 -7 -8
leaf_value=0.00018409798158888812 -0.00024568887866662723 -0.00093147128410533942 0.0018136349851641657 0.00064451104020257484 -0.00013767569846981427 -0.00038760061563131284 -0.0038676946887147784
leaf_weight=4015 2689 83 144 3062 2386 3627 65
leaf_count=4015 2689 83 144 3062 2386 3627 65
internal_value=1.55616e-05 -0.000244292 -0.000141009 7.47385e-05 0.000301946 -8.72383e-05 -0.0022212
internal_weight=16071 2981 2833 13090 5448 7642 148
internal_count=16071 2981 2833 13090 5448 7642 148
is_linear=0
shrinkage=0.00834467


Tree=986
num_leaves=8
num_cat=0
split_feature=6 6 54 55 54 7 54
split_gain=4.00877 12.6317 14.6228 12.4307 6.93888 6.1401 5.91003
threshold=14.500000000000002 13.500000000000002 0.73791090815877003 1.1831691056602758 1.1357041280018021 29.500000000000004 0.87324209052667723
decision_type=2 2 2 2 2 2 2
left_child=1 4 -3 6 -1 -5 -2
right_child=3 2 -4 5 -6 -7 -8
leaf_value=-4.3921897818080929e-08 -0.00016583644755216505 0.00036538210562720211 0.0023285674898909851 -0.0032868424161868613 -0.0014230687021105364 -0.00033377845286295733 0.0016055028238955919
leaf_weight=9130 4601 1358 328 132 245 78 135
leaf_count=9130 4601 1358 328 132 245 78 135
internal_value=-5.95184e-06 8.2354e-05 0.000747318 -0.000203435 -3.72337e-05 -0.00219006 -0.000115341
internal_weight=16007 11061 1686 4946 9375 210 4736
internal_count=16007 11061 1686 4946 9375 210 4736
is_linear=0
shrinkage=0.00834467


Tree=987
num_leaves=7
num_cat=0
split_feature=59 8 24 53 16 57
split_gain=3.32786 11.4328 3.76138 3.0706 16.5144 4.51739
threshold=5.5000000000000009 3.5000000000000004 25.423621177673343 0.83641066221078797 -1.0663579999999995 90.000000000000014
decision_type=2 2 2 2 10 2
left_child=3 2 -2 5 -5 -1
right_child=1 -3 -4 4 -6 -7
leaf_value=4.0096902205486952e-05 4.1801273224379504e-05 0.0031720803502187788 0.0017764710115701036 -0.0012663847884666739 0.0010613936244161474 -0.00059504399500616152
leaf_weight=13128 1038 97 95 634 319 829
leaf_count=13128 1038 97 95 634 319 829
internal_value=5.49469e-06 0.000422675 0.000187264 -2.89208e-05 -0.000487199 2.37123e-06
internal_weight=16140 1230 1133 14910 953 13957
internal_count=16140 1230 1133 14910 953 13957
is_linear=0
shrinkage=0.00834467


Tree=988
num_leaves=8
num_cat=0
split_feature=56 46 19 55 39 49 6
split_gain=4.43801 8.11608 10.2658 7.92303 12.4686 5.45578 3.1711
threshold=0.065798759460449233 24.582579612731937 23.911065101623539 1.4931445965129371 26.628569602966312 25.573214626430179 13.500000000000002
decision_type=2 2 2 2 2 2 2
left_child=3 5 -3 6 -5 -2 -1
right_child=1 2 -4 4 -6 -7 -8
leaf_value=-0.00019234683429622472 2.033415358570121e-05 0.0024911225765832322 0.00043800191489177089 -0.0037250530141792935 0.0006567145371347492 -0.0020953615380696344 9.9070223582405938e-05
leaf_weight=6388 3456 192 1452 104 80 87 4385
leaf_count=6388 3456 192 1452 104 80 87 4385
internal_value=-7.86215e-06 0.000193225 0.000677796 -0.000103056 -0.00182 -3.16233e-05 -7.37296e-05
internal_weight=16144 5187 1644 10957 184 3543 10773
internal_count=16144 5187 1644 10957 184 3543 10773
is_linear=0
shrinkage=0.00834467


Tree=989
num_leaves=4
num_cat=0
split_feature=52 54 17
split_gain=3.10047 4.40196 3.776
threshold=1.6599892834646715 1.7377380911442637 1.3241850000000006
decision_type=2 2 10
left_child=1 2 -1
right_child=-2 -3 -4
leaf_value=4.9938523281618186e-05 -0.0013101727369187017 0.0019865310941018905 -0.00032932221107119747
leaf_weight=13719 125 78 2109
leaf_count=13719 125 78 2109
internal_value=-1.13856e-06 9.1495e-06 -5.96199e-07
internal_weight=16031 15906 15828
internal_count=16031 15906 15828
is_linear=0
shrinkage=0.00834467


Tree=990
num_leaves=8
num_cat=0
split_feature=55 59 24 54 49 33 20
split_gain=4.87752 9.95488 13.0031 7.03882 3.58762 6.18054 3.80312
threshold=0.42344302081067603 5.5000000000000009 25.639363288879398 0.28779043013875877 25.009985065272708 24.970484733581547 23.661376953125004
decision_type=2 2 2 2 2 2 2
left_child=4 3 -3 -2 6 -6 -1
right_child=1 2 -4 -5 5 -7 -8
leaf_value=-8.0140561615686087e-05 0.0010993603674354436 0.00068976013123462959 0.0045777809300856396 4.2052511161260099e-05 0.0024609288575702338 0.0001491054381671196 -0.00054239531550976001
leaf_weight=6470 473 258 78 6000 86 1263 1533
leaf_count=6470 473 258 78 6000 86 1263 1533
internal_value=2.21135e-05 0.00019201 0.00159244 0.000119314 -0.000101585 0.000296503 -0.000168687
internal_weight=16161 6809 336 6473 9352 1349 8003
internal_count=16161 6809 336 6473 9352 1349 8003
is_linear=0
shrinkage=0.00834467


Tree=991
num_leaves=8
num_cat=0
split_feature=6 33 55 6 51 56 7
split_gain=3.7114 6.44766 8.565 6.25718 12.4035 6.80459 5.45952
threshold=15.500000000000002 24.109449386596683 0.69504659408691771 13.500000000000002 26.955186335349939 0.061697006225587721 42.500000000000007
decision_type=2 2 2 2 2 2 2
left_child=3 2 -2 5 -5 -1 -3
right_child=1 6 -4 4 -6 -7 -8
leaf_value=-0.00020314179758286824 -0.00022488707550843379 -0.00080389461531735228 0.0020122342161267136 0.00044070201311840833 -0.0024828863799855635 0.00027533070603080875 -0.0034074585823353561
leaf_weight=6426 2551 282 125 3549 104 3053 70
leaf_count=6426 2551 282 125 3549 104 3053 70
internal_value=3.31722e-06 -0.000260039 -0.000120381 6.40426e-05 0.000357462 -4.90351e-05 -0.00132173
internal_weight=16160 3028 2676 13132 3653 9479 352
internal_count=16160 3028 2676 13132 3653 9479 352
is_linear=0
shrinkage=0.00834467


Tree=992
num_leaves=4
num_cat=0
split_feature=18 39 31
split_gain=3.91545 3.99862 3.86121
threshold=32.761945724487312 32.65788650512696 21.282774925231937
decision_type=2 2 2
left_child=1 2 -1
right_child=-2 -3 -4
leaf_value=-0.00063840548605204224 0.0019953550033465473 -0.0018837471130886826 2.4654608130833795e-05
leaf_weight=637 68 79 15304
leaf_count=637 68 79 15304
internal_value=-2.6409e-06 -1.1123e-05 -1.84155e-06
internal_weight=16088 16020 15941
internal_count=16088 16020 15941
is_linear=0
shrinkage=0.00834467


Tree=993
num_leaves=8
num_cat=1
split_feature=59 55 7 56 0 17 15
split_gain=3.93122 12.7724 7.9233 3.99925 7.39784 3.00939 2.7545
threshold=5.5000000000000009 0.68968904353178095 35.500000000000007 0.038704872131347663 0 0.2089670000000001 6.3423389636115681
decision_type=2 2 2 2 9 10 10
left_child=3 6 -3 5 -5 -1 -2
right_child=1 2 -4 4 -6 -7 -8
leaf_value=-6.1058092825548718e-05 0.00023469436538066195 0.004291044250192483 0.00059128615247643296 0.00051303941476013321 -0.00010131532348517809 -0.00042780484710051733 -0.0015257796883043941
leaf_weight=7229 991 90 73 2243 3459 1986 66
leaf_count=7229 991 90 73 2243 3459 1986 66
internal_value=4.62775e-06 0.000460056 0.00263423 -3.26202e-05 0.000141076 -0.000140099 0.000124756
internal_weight=16137 1220 163 14917 5702 9215 1057
internal_count=16137 1220 163 14917 5702 9215 1057
cat_boundaries=0 1
cat_threshold=30786
is_linear=0
shrinkage=0.00834467


Tree=994
num_leaves=4
num_cat=0
split_feature=54 9 38
split_gain=5.11 3.56681 3.79533
threshold=1.8715316376720852 32.756839752197273 32.64433670043946
decision_type=2 2 2
left_child=1 2 -1
right_child=-2 -3 -4
leaf_value=-5.8321343730571016e-06 -0.0023330647731153462 0.0018728642760110698 -0.0018628216850714509
leaf_weight=15916 66 70 77
leaf_count=15916 66 70 77
internal_value=-1.60683e-05 -6.54678e-06 -1.47739e-05
internal_weight=16129 16063 15993
internal_count=16129 16063 15993
is_linear=0
shrinkage=0.00834467


Tree=995
num_leaves=7
num_cat=0
split_feature=52 36 18 46 6 52
split_gain=5.35391 19.1559 5.97293 3.83161 6.35495 3.59936
threshold=1.2615107883420882 25.659426690952152 25.219780921936039 22.889352798461918 8.5000000000000018 0.45738873073847114
decision_type=2 2 2 2 2 2
left_child=3 2 -2 5 -5 -1
right_child=1 -3 -4 4 -6 -7
leaf_value=-0.00020782919661025 -0.0013031977785159642 0.0023970694060833032 -0.0044160684099621046 0.0010915652091959033 8.0092931539896332e-05 0.00044145834897082195
leaf_weight=5539 94 72 79 454 9145 666
leaf_count=5539 94 72 79 454 9145 666
internal_value=4.49039e-06 -0.0012196 -0.00272485 2.34674e-05 0.000127933 -0.000138139
internal_weight=16049 245 173 15804 9599 6205
internal_count=16049 245 173 15804 9599 6205
is_linear=0
shrinkage=0.00834467


Tree=996
num_leaves=8
num_cat=0
split_feature=6 6 7 55 25 47 15
split_gain=4.07507 15.2271 18.6095 8.93349 7.69525 6.61059 4.83784
threshold=14.500000000000002 13.500000000000002 32.500000000000007 1.1831691056602758 25.105989456176761 27.155699729365239 3.5790126036160195
decision_type=2 2 2 2 2 2 10
left_child=1 5 -3 6 -5 -1 -2
right_child=3 2 -4 4 -6 -7 -8
leaf_value=-0.00012526143642827166 4.3117419605670858e-07 0.0016317000835271518 -0.00012418176045194014 -0.0041692375899729187 -0.00075555279237630839 0.00069333702848457942 -0.00063236081603853546
leaf_weight=8675 3687 888 798 70 134 746 1090
leaf_count=8675 3687 888 798 70 134 746 1090
internal_value=-1.86704e-05 7.02673e-05 0.000800628 -0.00021699 -0.00192706 -6.04402e-05 -0.000143958
internal_weight=16088 11107 1686 4981 204 9421 4777
internal_count=16088 11107 1686 4981 204 9421 4777
is_linear=0
shrinkage=0.00834467


Tree=997
num_leaves=8
num_cat=1
split_feature=8 33 17 0 16 39 52
split_gain=4.44838 8.59678 10.9995 5.30473 3.13626 3.4433 3.16622
threshold=1.5000000000000002 24.569562911987308 1.0193000000000003 0 -3.2352629999999998 28.506158828735355 0.06168493742746254
decision_type=2 2 10 9 8 2 2
left_child=1 2 -1 -3 6 -6 -2
right_child=4 3 -4 -5 5 -7 -8
leaf_value=0.0012017329863770949 0.00072499938736842579 -0.00076394276365349481 -0.00012670568463198388 0.00016468927237756447 -3.2903037521800466e-05 0.0011473411081663846 -0.00051082334415594938
leaf_weight=1095 159 604 719 1410 10451 175 1567
leaf_count=1095 159 604 719 1410 10451 175 1567
internal_value=9.97165e-06 0.000258515 0.000675193 -0.000116786 -6.70545e-05 -1.34645e-05 -0.000396975
internal_weight=16180 3828 1814 2014 12352 10626 1726
internal_count=16180 3828 1814 2014 12352 10626 1726
cat_boundaries=0 1
cat_threshold=8457
is_linear=0
shrinkage=0.00834467


Tree=998
num_leaves=8
num_cat=0
split_feature=16 44 9 22 52 28 53
split_gain=3.1959 7.35654 7.87941 4.619 4.52892 15.9341 5.56605
threshold=-3.1491484999999995 24.817347526550297 24.140427589416507 25.568980216979984 0.21122835017336603 28.324242591857914 0.53194087505996035
decision_type=8 2 2 2 2 2 2
left_child=1 3 -3 -1 6 -6 -2
right_child=4 2 -4 -5 5 -7 -8
leaf_value=-0.00051930735411506528 -3.5585034218565927e-05 0.0030360816504341726 6.8545144268992425e-05 -0.0023722975775794068 0.00031210400781971266 -0.0026351014186224717 -0.0012542219388998928
leaf_weight=1479 7809 66 1110 100 5117 131 270
leaf_count=1479 7809 66 1110 100 5117 131 270
internal_value=-5.81626e-06 -0.000264542 0.000235114 -0.000636673 4.76686e-05 0.000238531 -7.63133e-05
internal_weight=16082 2755 1176 1579 13327 5248 8079
internal_count=16082 2755 1176 1579 13327 5248 8079
is_linear=0
shrinkage=0.00834467


Tree=999
num_leaves=8
num_cat=0
split_feature=56 46 55 52 37 36 23
split_gain=3.5003 10.9187 8.234 5.5162 3.36681 6.61279 6.5207
threshold=0.055727005004882819 27.365855216979984 0.87395303106109223 1.2615107883420882 24.750315666198734 25.472916603088382 24.838911056518558
decision_type=2 2 2 2 2 2 2
left_child=4 3 -3 -2 6 -6 -1
right_child=1 2 -4 -5 5 -7 -8
leaf_value=-4.4953175915015981e-05 0.00013931089309159801 0.00054531651045913016 0.0036265238012664789 -0.0018298816738498722 -0.00082806162253223144 2.3677006872730125e-06 0.001050048110361197
leaf_weight=7436 5122 137 108 101 1106 1685 399
leaf_count=7436 5122 137 108 101 1106 1685 399
internal_value=1.04375e-05 0.000181991 0.00190365 0.000101228 -7.78418e-05 -0.000326711 1.08114e-05
internal_weight=16094 5468 245 5223 10626 2791 7835
internal_count=16094 5468 245 5223 10626 2791 7835
is_linear=0
shrinkage=0.00834467


Tree=1000
num_leaves=7
num_cat=0
split_feature=48 54 36 55 3 18
split_gain=3.26172 3.21698 6.65053 3.79013 0.774555 0.436305
threshold=21.176848793029787 1.6018466907557627 26.392487525939945 0.77419639198656276 3.1661955000000006 21.087455749511722
decision_type=2 2 2 2 2 2
left_child=4 3 -3 -2 5 -1
right_child=1 2 -4 -5 -6 -7
leaf_value=-0.0014097628821462993 -1.6295082201099611e-05 -0.0026139454869392128 0.00056052859907902871 0.00038606003763871178 -0.00021905637043025114 -0.00062128115198943363
leaf_weight=137 13779 95 89 1849 94 76
leaf_count=137 13779 95 89 1849 94 76
internal_value=1.85329e-06 1.83937e-05 -0.00107852 3.13091e-05 -0.000850032 -0.00112847
internal_weight=16119 15812 184 15628 307 213
internal_count=16119 15812 184 15628 307 213
is_linear=0
shrinkage=0.00834467


Tree=1001
num_leaves=5
num_cat=0
split_feature=54 55 15 8
split_gain=4.46525 6.12338 21.2428 3.9701
threshold=1.8715316376720852 1.5868855998533167 2.9659769516099463 1.5000000000000002
decision_type=2 2 10 2
left_child=1 3 -3 -1
right_child=-2 2 -4 -5
leaf_value=0.00023311253872909034 -0.0021666783406799717 -0.00050121591332059976 0.0053267229185480934 -8.1223364492233533e-05
leaf_weight=3620 66 128 66 12320
leaf_count=3620 66 128 66 12320
internal_value=-7.63581e-07 8.09791e-06 0.00148165 -9.83707e-06
internal_weight=16200 16134 194 15940
internal_count=16200 16134 194 15940
is_linear=0
shrinkage=0.00834467


Tree=1002
num_leaves=8
num_cat=0
split_feature=56 46 31 16 6 6 55
split_gain=3.32533 11.3624 11.0406 6.04498 3.51692 9.1804 4.33752
threshold=0.059700965881347663 27.365855216979984 26.94167518615723 -3.0871119999999999 13.500000000000002 14.500000000000002 1.4931445965129371
decision_type=2 2 2 8 2 2 2
left_child=4 3 -3 -2 6 -6 -1
right_child=1 2 -4 -5 5 -7 -8
leaf_value=-0.00017907253006042471 -0.00046613239865102865 0.0047659388697227391 0.00084790601060622201 0.00023439603775561292 0.00080386661763762169 -0.00010532784017291289 -0.0018972140456188472
leaf_weight=6282 1088 68 190 4053 997 3447 104
leaf_count=6282 1088 68 190 4053 997 3447 104
internal_value=2.72511e-06 0.000171901 0.00188071 8.61412e-05 -8.16128e-05 9.86489e-05 -0.000207056
internal_weight=16229 5399 258 5141 10830 4444 6386
internal_count=16229 5399 258 5141 10830 4444 6386
is_linear=0
shrinkage=0.00834467


Tree=1003
num_leaves=8
num_cat=0
split_feature=59 55 45 6 6 54 15
split_gain=3.90053 10.6989 6.71716 3.7289 5.93189 5.87518 1.78905
threshold=5.5000000000000009 0.68359556342267103 23.900358200073246 15.500000000000002 13.500000000000002 0.35664805297513441 6.1747350357026454
decision_type=2 2 2 2 2 2 10
left_child=3 6 -3 4 -1 -5 -2
right_child=1 2 -4 5 -6 -7 -8
leaf_value=-7.3781973257524029e-05 0.0002555102559307651 0.00046532035370100107 0.0039309567069805741 -2.1303897676952488e-05 0.00033536729128424395 -0.00086620141539944014 -0.00114287335267733
leaf_weight=9003 1007 67 93 1661 3399 875 68
leaf_count=9003 1007 67 93 1661 3399 875 68
internal_value=1.59963e-05 0.000466695 0.00247984 -2.12655e-05 3.83532e-05 -0.000312822 0.000167045
internal_weight=16173 1235 160 14938 12402 2536 1075
internal_count=16173 1235 160 14938 12402 2536 1075
is_linear=0
shrinkage=0.00834467


Tree=1004
num_leaves=7
num_cat=1
split_feature=14 24 0 17 6 9
split_gain=4.73692 14.3705 4.50643 4.38545 8.29727 4.33427
threshold=1.128003520257822 26.272246360778812 0 -0.84171599999999991 10.500000000000002 23.295901298522953
decision_type=8 2 9 10 2 2
left_child=1 2 -1 5 -5 -2
right_child=3 -3 -4 4 -6 -7
leaf_value=0.0015868778204514969 -7.6087647056291772e-05 0.0042481633754077111 -1.4962050093797481e-05 0.00029798230986007675 -0.00043994108626410887 0.00027914841905425885
leaf_weight=140 6002 69 670 1476 3774 3976
leaf_count=140 6002 69 670 1476 3774 3976
internal_value=-2.87218e-06 0.000592755 0.000281321 -3.72537e-05 -0.000232479 6.54658e-05
internal_weight=16107 879 810 15228 5250 9978
internal_count=16107 879 810 15228 5250 9978
cat_boundaries=0 1
cat_threshold=8256
is_linear=0
shrinkage=0.00834467


Tree=1005
num_leaves=6
num_cat=0
split_feature=17 49 9 52 6
split_gain=3.72875 8.45889 23.9539 6.27671 4.04164
threshold=1.3241850000000006 26.121455001924804 25.674401283264164 1.6599892834646715 15.500000000000002
decision_type=10 2 2 2 2
left_child=3 2 -2 4 -1
right_child=1 -3 -4 -5 -6
leaf_value=0.00013970788492474571 -0.00035437271620002533 -0.0024346510429541107 0.0047550173373592988 -0.0021437496456237909 -0.00021121517795283915
leaf_weight=11024 1993 124 66 90 2883
leaf_count=11024 1993 124 66 90 2883
internal_value=2.71545e-06 -0.000318052 -0.000190573 5.27432e-05 6.69594e-05
internal_weight=16180 2183 2059 13997 13907
internal_count=16180 2183 2059 13997 13907
is_linear=0
shrinkage=0.00834467


Tree=1006
num_leaves=7
num_cat=2
split_feature=59 53 53 16 0 0
split_gain=3.97347 10.9619 4.53497 16.4437 4.54322 2.74165
threshold=5.5000000000000009 0.75990903280524702 0.87852598012458827 -0.8694970000000003 0 1
decision_type=2 2 2 10 9 9
left_child=2 5 4 -4 -1 -2
right_child=1 -3 3 -5 -6 -7
leaf_value=0.00072708451585414523 0.00069580988443330809 0.0035875074670169487 -0.001481165025482147 0.00107412590111571 -4.119720338441889e-05 -0.00012767978324802298
leaf_weight=548 509 73 543 259 13563 614
leaf_count=548 509 73 543 259 13563 614
internal_value=-8.45157e-06 0.000454329 -4.55661e-05 -0.00065595 -1.08745e-05 0.000250629
internal_weight=16109 1196 14913 802 14111 1123
internal_count=16109 1196 14913 802 14111 1123
cat_boundaries=0 1 2
cat_threshold=2048 10952
is_linear=0
shrinkage=0.00834467


Tree=1007
num_leaves=8
num_cat=1
split_feature=55 54 0 6 9 45 20
split_gain=4.3218 9.7779 15.2195 7.44186 3.20518 4.17625 3.49828
threshold=0.40181703001319896 0.34679533268873403 0 14.500000000000002 25.215469360351566 25.469796180725101 23.661376953125004
decision_type=2 2 9 2 2 2 2
left_child=4 2 -2 -3 6 -6 -1
right_child=1 3 -4 -5 5 -7 -8
leaf_value=-7.7561687713564872e-05 -0.0003707076971081735 0.00023055704233399478 0.0017196037093982553 -0.00039457184927111668 0.0012166052023007603 1.9308461593569552e-05 -0.00051620232527296351
leaf_weight=6066 393 4433 624 1892 269 825 1600
leaf_count=6066 393 4433 624 1892 269 825 1600
internal_value=1.63435e-05 0.000165673 0.000925111 4.35616e-05 -0.000108814 0.000313716 -0.000169113
internal_weight=16102 7342 1017 6325 8760 1094 7666
internal_count=16102 7342 1017 6325 8760 1094 7666
cat_boundaries=0 1
cat_threshold=14084
is_linear=0
shrinkage=0.00834467


Tree=1008
num_leaves=7
num_cat=0
split_feature=54 41 18 53 17 53
split_gain=3.89008 12.7903 25.0561 10.002 7.85893 5.41771
threshold=1.2656684765438151 26.63049411773682 26.646412849426273 1.1519340848350235 0.80597550000000029 0.97204787553875671
decision_type=2 2 2 2 8 2
left_child=3 2 -2 5 -5 -1
right_child=1 -3 -4 4 -6 -7
leaf_value=2.1898780410391192e-06 -8.1641496414629333e-05 0.0014692135078442144 -0.0051661183000252077 0.00028483584663214405 0.0043574385886022424 -0.001334748183311043
leaf_weight=15326 212 124 99 67 65 214
leaf_count=15326 212 124 99 67 65 214
internal_value=-1.83977e-05 -0.000796782 -0.00170028 3.20798e-06 0.00229046 -1.62218e-05
internal_weight=16107 435 311 15672 132 15540
internal_count=16107 435 311 15672 132 15540
is_linear=0
shrinkage=0.00834467


Tree=1009
num_leaves=8
num_cat=0
split_feature=36 42 52 52 15 16 16
split_gain=3.47657 9.34247 7.59317 6.89699 6.52034 4.79951 4.01956
threshold=26.538700103759769 25.825097084045414 1.2615107883420882 0.51920757416678731 3.9077323466438565 -1.3686885000000002 -4.9819224999999987
decision_type=2 2 2 2 8 8 8
left_child=2 3 6 -2 -3 -4 -1
right_child=1 4 5 -5 -6 -7 -8
leaf_value=-0.00045445720940202872 0.00071315325502498183 -0.0010092038819075732 -0.0034013079621510196 0.0044003826159700462 0.00050011904763386944 -0.0006630608759209582 2.0897290737024553e-05
leaf_weight=1365 76 258 72 66 876 117 13385
leaf_count=1365 76 258 72 66 876 117 13385
internal_value=-8.67965e-06 0.000409401 -4.43898e-05 0.00242712 0.000156722 -0.00170632 -2.30934e-05
internal_weight=16215 1276 14939 142 1134 189 14750
internal_count=16215 1276 14939 142 1134 189 14750
is_linear=0
shrinkage=0.00834467


Tree=1010
num_leaves=5
num_cat=0
split_feature=54 17 7 6
split_gain=5.56028 3.81044 8.52559 6.55156
threshold=1.8715316376720852 -0.78584999999999994 8.5000000000000018 10.500000000000002
decision_type=2 10 2 2
left_child=1 2 -1 -3
right_child=-2 3 -4 -5
leaf_value=-0.00047181015503568511 -0.002439839535635124 0.00026989720691199406 0.00020402288016090062 -0.00034585739379526607
leaf_weight=1529 65 1703 8669 4100
leaf_count=1529 65 1703 8669 4100
internal_value=-4.33961e-06 5.55546e-06 0.000102694 -0.000165152
internal_weight=16066 16001 10198 5803
internal_count=16066 16001 10198 5803
is_linear=0
shrinkage=0.00834467


Tree=1011
num_leaves=8
num_cat=0
split_feature=17 29 53 20 17 8 8
split_gain=3.38645 4.97305 8.74781 5.66406 4.55382 4.33926 4.25808
threshold=-0.84171599999999991 28.100689888000492 0.46998300886414396 27.960625648498539 -0.96419749999999993 1.5000000000000002 1.5000000000000002
decision_type=8 2 2 2 10 2 2
left_child=4 3 -3 -2 6 -6 -1
right_child=1 2 -4 -5 5 -7 -8
leaf_value=0.00073010976367073749 -4.0971038176797049e-05 4.096081389740941e-05 -0.0028242438812126282 0.0020593290584197017 -0.00037641923078240817 0.0020107848574445692 -9.8497006194450608e-05
leaf_weight=630 13406 187 123 90 74 187 1373
leaf_count=630 13406 187 123 90 74 187 1373
internal_value=-1.91235e-06 -5.09668e-05 -0.00109593 -2.69634e-05 0.000297223 0.00133396 0.000162125
internal_weight=16070 13806 310 13496 2264 261 2003
internal_count=16070 13806 310 13496 2264 261 2003
is_linear=0
shrinkage=0.00834467


Tree=1012
num_leaves=7
num_cat=1
split_feature=10 53 52 16 0 6
split_gain=4.12474 14.7042 9.31945 14.9654 7.57688 2.705
threshold=3.5000000000000004 1.1519340848350235 1.2615107883420882 0.78526900000000011 0 12.500000000000002
decision_type=2 2 2 8 9 2
left_child=2 4 5 -4 -2 -1
right_child=1 -3 3 -5 -6 -7
leaf_value=-0.00012318078638521172 0.0008656798553748011 0.0033350969286124622 -0.0037275126435477529 0.0012573295689533683 -0.00054918700609722323 0.00010303260121819501
leaf_weight=7036 530 114 115 66 506 7719
leaf_count=7036 530 114 115 66 506 7719
internal_value=9.15251e-06 0.000490711 -2.79255e-05 -0.00190987 0.000177691 -4.83846e-06
internal_weight=16086 1150 14936 181 1036 14755
internal_count=16086 1150 14936 181 1036 14755
cat_boundaries=0 1
cat_threshold=31297
is_linear=0
shrinkage=0.00834467


Tree=1013
num_leaves=8
num_cat=0
split_feature=17 7 8 16 6 7 25
split_gain=3.72473 9.74327 10.401 9.53494 8.37427 8.52357 4.92016
threshold=-0.78584999999999994 8.5000000000000018 1.5000000000000002 -1.5994209999999998 10.500000000000002 43.500000000000007 26.888803482055668
decision_type=10 2 2 10 2 2 2
left_child=1 3 -3 -1 6 -6 -2
right_child=4 2 -4 -5 5 -7 -8
leaf_value=-0.0006968822981165653 0.00041081766242558851 0.00083141779636295582 5.0038262426060216e-05 0.0021938278547225212 -0.00018779316691349337 -0.0010787945470132477 -0.0014619362838104483
leaf_weight=1466 1607 1419 7231 84 3195 976 104
leaf_count=1466 1607 1419 7231 84 3195 976 104
internal_value=-2.73908e-05 6.90473e-05 0.000178221 -0.000540212 -0.000194624 -0.000396287 0.000296978
internal_weight=16082 10200 8650 1550 5882 4171 1711
internal_count=16082 10200 8650 1550 5882 4171 1711
is_linear=0
shrinkage=0.00834467


Tree=1014
num_leaves=7
num_cat=0
split_feature=50 17 7 7 20 53
split_gain=3.08013 3.05813 8.67743 6.22316 0.401468 0.50733
threshold=21.198670005723759 -0.84171599999999991 8.5000000000000018 43.500000000000007 21.038643836975101 0.08016814245496634
decision_type=2 10 2 2 2 2
left_child=4 2 -2 -3 -1 -6
right_child=1 3 -4 -5 5 -7
leaf_value=-0.001388973662878793 -0.00047105406568593206 3.8116005980212696e-05 0.00021902374864151767 -0.00056853948051563885 -0.001069777610263403 -0.00012564798624436262
leaf_weight=83 1495 4405 8388 1607 95 68
leaf_count=83 1495 4405 8388 1607 95 68
internal_value=1.00188e-05 2.43596e-05 0.000114635 -0.000124043 -0.00091656 -0.000675938
internal_weight=16141 15895 9883 6012 246 163
internal_count=16141 15895 9883 6012 246 163
is_linear=0
shrinkage=0.00834467


Tree=1015
num_leaves=7
num_cat=1
split_feature=0 40 28 52 59 45
split_gain=3.67214 6.10833 12.748 5.30151 4.08047 3.89091
threshold=0 23.402068139301761 23.133864402771 0.57785479348768765 6.5000000000000009 21.468225478728034
decision_type=9 2 2 2 2 2
left_child=1 2 -1 -3 5 -2
right_child=4 3 -4 -5 -6 -7
leaf_value=-0.00022017666651682078 -0.00065878592734677224 -0.00049016894497512455 0.0014817741213393886 -0.0020898823068105413 0.0016234895732965418 9.5142640185382778e-05
leaf_weight=2368 497 985 352 169 118 11642
leaf_count=2368 497 985 352 169 118 11642
internal_value=8.43115e-06 -0.000215193 8.02673e-08 -0.000724458 7.92219e-05 6.42745e-05
internal_weight=16131 3874 2720 1154 12257 12139
internal_count=16131 3874 2720 1154 12257 12139
cat_boundaries=0 1
cat_threshold=5444
is_linear=0
shrinkage=0.00834467


Tree=1016
num_leaves=8
num_cat=1
split_feature=59 55 26 56 38 6 0
split_gain=3.91133 16.0673 7.77932 3.39294 8.44884 2.76308 1.9488
threshold=5.5000000000000009 0.68359556342267103 24.363472938537601 -1.5368824005126951 24.016492843627933 15.500000000000002 0
decision_type=2 2 2 2 2 2 9
left_child=3 6 -3 4 -1 -5 -2
right_child=1 2 -4 5 -6 -7 -8
leaf_value=-0.0032889651812399194 0.00048487578219040376 0.0049895165360241437 0.0012514809824297345 5.0861571168512334e-05 0.00040033189208542915 -0.00025435068267262625 -0.00021745726621727311
leaf_weight=75 508 72 84 12208 102 2486 579
leaf_count=75 508 72 84 12208 102 2486 579
internal_value=2.29769e-05 0.000472656 0.00297693 -1.461e-05 -0.00116302 -7.75806e-07 0.000113233
internal_weight=16114 1243 156 14871 177 14694 1087
internal_count=16114 1243 156 14871 177 14694 1087
cat_boundaries=0 1
cat_threshold=8841
is_linear=0
shrinkage=0.00834467


Tree=1017
num_leaves=8
num_cat=0
split_feature=55 54 46 22 54 52 56
split_gain=3.91901 14.1999 13.7464 9.06944 5.29665 4.96317 3.81131
threshold=0.62143305964614615 0.33569644316042346 24.582579612731937 28.574729920754397 0.59533663954746674 0.36619668150472867 1.2576656341552737
decision_type=2 2 2 2 2 2 2
left_child=4 2 -2 -3 6 -6 -1
right_child=1 3 -4 -5 5 -7 -8
leaf_value=-1.7804480399451428e-05 0.00014262864333799659 0.00023512518709614664 0.0044173666391041227 -0.0019662519006392425 -0.0019270453002010256 -0.0002245985220582063 0.0014828418730522858
leaf_weight=12113 100 3115 110 136 193 312 119
leaf_count=12113 100 3115 110 136 193 312 119
internal_value=2.988e-05 0.00027888 0.00238188 0.000143029 -3.77803e-05 -0.000875261 -3.20416e-06
internal_weight=16198 3461 210 3251 12737 505 12232
internal_count=16198 3461 210 3251 12737 505 12232
is_linear=0
shrinkage=0.00834467


Tree=1018
num_leaves=8
num_cat=0
split_feature=6 6 7 6 54 51 15
split_gain=3.58008 11.4127 19.1252 9.28945 14.1435 6.75518 4.75861
threshold=12.500000000000002 14.500000000000002 32.500000000000007 10.500000000000002 0.60060214001267065 26.955186335349939 0.97191237280235243
decision_type=2 2 2 2 2 2 10
left_child=3 2 -2 6 -5 -3 -1
right_child=1 5 -4 4 -6 -7 -8
leaf_value=-0.00019269189527207025 0.0010594621516852442 -8.7347930095932295e-05 -0.00019307962838658194 -0.00018283990600222855 -0.001537200898270812 -0.0025939942613108758 0.00039345917712060608
leaf_weight=1622 1896 4964 1537 2978 655 76 2379
leaf_count=1622 1896 4964 1537 2978 655 76 2379
internal_value=9.51978e-06 0.000127608 0.000498683 -0.000121546 -0.000427023 -0.000125151 0.000155834
internal_weight=16107 8473 3433 7634 3633 5040 4001
internal_count=16107 8473 3433 7634 3633 5040 4001
is_linear=0
shrinkage=0.00834467


Tree=1019
num_leaves=7
num_cat=0
split_feature=8 32 46 10 55 55
split_gain=4.61764 8.66067 12.5242 6.70126 4.2935 5.13754
threshold=1.5000000000000002 24.58604717254639 25.268524167663578 4.5000000000000009 1.5868855998533167 1.3915413786032327
decision_type=2 2 2 2 2 2
left_child=1 2 -1 -3 5 -2
right_child=4 3 -4 -5 -6 -7
leaf_value=0.00045863713634310274 -7.8501161133103807e-05 -0.00023835037393477821 0.002966567610374319 0.0020442855096684709 0.0018721664799769408 -0.0022987137123300478
leaf_weight=1695 12179 1891 151 94 78 73
leaf_count=1695 12179 1891 151 94 78 73
internal_value=-6.81466e-07 0.000252371 0.000663796 -0.000130246 -7.93063e-05 -9.17315e-05
internal_weight=16161 3831 1846 1985 12330 12252
internal_count=16161 3831 1846 1985 12330 12252
is_linear=0
shrinkage=0.00834467


Tree=1020
num_leaves=6
num_cat=0
split_feature=52 27 52 19 6
split_gain=4.16144 15.6116 7.66736 4.29873 4.027
threshold=1.1554441099334991 26.904150962829593 1.0216023162750458 24.745135307312015 15.500000000000002
decision_type=2 2 2 2 2
left_child=2 3 4 -2 -1
right_child=1 -3 -4 -5 -6
leaf_value=9.3761158468158598e-05 -0.00073418187538700646 0.0027378874507181759 0.0021041807894146523 -0.0028974765923957817 -0.00024849284116457057
leaf_weight=12717 125 65 125 131 2949
leaf_count=12717 125 65 125 131 2949
internal_value=2.6639e-05 -0.000913954 4.576e-05 -0.00184125 2.93344e-05
internal_weight=16112 321 15791 256 15666
internal_count=16112 321 15791 256 15666
is_linear=0
shrinkage=0.00834467


Tree=1021
num_leaves=7
num_cat=0
split_feature=50 16 52 49 55 53
split_gain=3.23827 3.04238 8.58253 3.76625 1.17518 0.737936
threshold=21.198670005723759 -3.2352629999999998 0.97951775771038574 27.866635322556643 0.20309873107142518 0.084947993913294939
decision_type=2 8 2 2 2 2
left_child=4 2 -2 -3 5 -1
right_child=1 3 -4 -5 -6 -7
leaf_value=-0.0010185080362302818 -0.00014467828269524392 9.0606884446100525e-05 -0.0025677443495323257 -0.00081898434502148515 -0.0018016787639686613 4.0970363638175611e-05
leaf_weight=107 2557 12834 106 325 75 80
leaf_count=107 2557 12834 106 325 75 80
internal_value=8.49718e-07 1.60866e-05 -0.000241137 6.81413e-05 -0.000919262 -0.000565277
internal_weight=16084 15822 2663 13159 262 187
internal_count=16084 15822 2663 13159 262 187
is_linear=0
shrinkage=0.00834467


Tree=1022
num_leaves=7
num_cat=0
split_feature=6 9 6 54 6 52
split_gain=3.96218 14.5461 12.7736 11.3731 11.1215 5.22409
threshold=12.500000000000002 28.13314247131348 14.500000000000002 0.60060214001267065 11.500000000000002 0.6069351018305047
decision_type=2 2 2 2 2 2
left_child=3 2 -2 5 -5 -1
right_child=1 -3 -4 4 -6 -7
leaf_value=-4.957671570391613e-05 0.00054321816685260079 -0.0037239075267038509 -0.00012040720793815648 -0.00026985563291692693 -0.001963545389326827 0.0013169716560323377
leaf_weight=6301 3417 68 4939 717 433 201
leaf_count=6301 3417 68 4939 717 433 201
internal_value=-5.17261e-06 0.000119685 0.000150968 -0.000142627 -0.000907578 -7.32994e-06
internal_weight=16076 8424 8356 7652 1150 6502
internal_count=16076 8424 8356 7652 1150 6502
is_linear=0
shrinkage=0.00834467


Tree=1023
num_leaves=4
num_cat=0
split_feature=56 18 39
split_gain=4.51583 3.34513 4.94698
threshold=1.786651611328127 32.761945724487312 32.65788650512696
decision_type=2 2 2
left_child=1 2 -1
right_child=-2 -3 -4
leaf_value=1.3745306106870308e-05 -0.0016005701839430697 0.0018999782762095211 -0.0020536287052872861
leaf_weight=15832 122 65 81
leaf_count=15832 122 65 81
internal_value=-1.27429e-06 1.09381e-05 3.22076e-06
internal_weight=16100 15978 15913
internal_count=16100 15978 15913
is_linear=0
shrinkage=0.00834467


Tree=1024
num_leaves=7
num_cat=0
split_feature=29 31 53 53 34 25
split_gain=3.25527 8.96144 10.2501 8.55876 6.63434 8.48574
threshold=26.835339546203617 27.254744529724125 0.5378393989571344 0.90113007969947867 27.498133659362797 27.369404792785648
decision_type=2 2 2 2 2 2
left_child=4 3 -3 -2 5 -1
right_child=1 2 -4 -5 -6 -7
leaf_value=-2.8774297983467168e-05 0.00085187199842936428 0.00059216481590645921 -0.0016238498282272616 0.0042183966569099641 -0.0025365865812393544 0.0028426711921475472
leaf_weight=14968 188 539 199 73 73 72
leaf_count=14968 188 539 199 73 73 72
internal_value=3.28793e-06 0.000464625 -5.39186e-06 0.00179359 -2.72077e-05 -1.50262e-05
internal_weight=16112 999 738 261 15113 15040
internal_count=16112 999 738 261 15113 15040
is_linear=0
shrinkage=0.00834467


Tree=1025
num_leaves=7
num_cat=0
split_feature=33 7 53 55 55 24
split_gain=3.18936 3.80095 11.315 9.76266 1.5646 1.07091
threshold=21.3087911605835 51.500000000000007 0.97204787553875671 1.5868855998533167 0.42071865459709873 21.412434577941898
decision_type=2 2 2 2 2 2
left_child=4 3 -3 -2 5 -1
right_child=1 2 -4 -5 -6 -7
leaf_value=-0.00060490388484374759 2.6556274416999732e-05 -0.00020068112440582803 -0.0032935301284504584 0.0017950416395456014 -0.0017377339495094314 0.00028092887133449084
leaf_weight=506 13169 1945 86 221 72 117
leaf_count=506 13169 1945 86 221 72 117
internal_value=-2.01979e-05 4.72338e-06 -0.000331659 5.57461e-05 -0.000573157 -0.000438542
internal_weight=16116 15421 2031 13390 695 623
internal_count=16116 15421 2031 13390 695 623
is_linear=0
shrinkage=0.00834467


Tree=1026
num_leaves=5
num_cat=0
split_feature=56 52 53 22
split_gain=3.08592 3.46613 9.63371 7.51195
threshold=1.786651611328127 0.21647547102977757 0.63876031647111142 28.574729920754397
decision_type=2 2 2 2
left_child=1 2 -1 -3
right_child=-2 3 -4 -5
leaf_value=-6.1440129202996522e-05 -0.0013223960705127894 0.00018827138505301034 -0.0017552765817992915 -0.0016199113607268053
leaf_weight=9056 124 6524 240 164
leaf_count=9056 124 6524 240 164
internal_value=-1.1117e-05 -9.436e-07 -0.000105173 0.00014393
internal_weight=16108 15984 9296 6688
internal_count=16108 15984 9296 6688
is_linear=0
shrinkage=0.00834467


Tree=1027
num_leaves=8
num_cat=0
split_feature=23 17 7 56 32 53 37
split_gain=3.49333 3.3813 9.08195 8.41032 1.50187 2.88765 1.15462
threshold=21.322837829589847 -0.78584999999999994 8.5000000000000018 -1.3521680831909177 21.376972198486332 0.22311778766577681 21.511041641235355
decision_type=2 10 2 2 2 2 2
left_child=4 2 -2 -3 5 -1 -6
right_child=1 3 -4 -5 6 -7 -8
leaf_value=-0.00053991961006951274 -0.00047914039052185923 -0.0022622190739378266 0.00025041775888153759 -6.5579237376524338e-05 0.00057558555510076623 -0.00237987236260437 -0.00059659043433295722
leaf_weight=469 1393 124 8080 5703 125 68 110
leaf_count=469 1393 124 8080 5703 125 68 110
internal_value=1.82078e-05 4.58428e-05 0.000143136 -0.000112328 -0.000529474 -0.00077295 2.69055e-05
internal_weight=16072 15300 9473 5827 772 537 235
internal_count=16072 15300 9473 5827 772 537 235
is_linear=0
shrinkage=0.00834467


Tree=1028
num_leaves=5
num_cat=0
split_feature=56 8 53 56
split_gain=5.96074 3.84787 6.97029 4.64195
threshold=1.786651611328127 1.5000000000000002 0.078810069257847185 -1.5368824005126951
decision_type=2 2 2 2
left_child=1 2 -1 -3
right_child=-2 3 -4 -5
leaf_value=0.0027603970867766691 -0.001828833491242395 -0.0019841468185926763 0.00019069597798965064 -4.9868904790341002e-05
leaf_weight=75 124 87 3659 12199
leaf_count=75 124 87 3659 12199
internal_value=-6.37818e-06 7.72931e-06 0.000242317 -6.35675e-05
internal_weight=16144 16020 3734 12286
internal_count=16144 16020 3734 12286
is_linear=0
shrinkage=0.00834467


Tree=1029
num_leaves=7
num_cat=1
split_feature=0 53 36 55 50 41
split_gain=3.2973 4.68383 15.5899 4.38936 3.51094 3.07314
threshold=0 0.83641066221078797 25.415033340454105 0.99089535506847526 21.198670005723759 23.331087112426761
decision_type=9 2 2 2 2 2
left_child=3 4 -3 5 -2 -1
right_child=1 2 -4 -5 -6 -7
leaf_value=-0.00018231096315158001 -0.0010538042658673411 -0.0013405244062930171 0.00094621584822653516 0.001253965817256672 9.7780352640964636e-05 -0.00089083896846257611
leaf_weight=1327 187 591 320 117 12977 628
leaf_count=1327 187 591 320 117 12977 628
internal_value=-4.47745e-06 4.13461e-05 -0.000537277 -0.000314436 8.14209e-05 -0.000409913
internal_weight=16147 14075 911 2072 13164 1955
internal_count=16147 14075 911 2072 13164 1955
cat_boundaries=0 1
cat_threshold=4420
is_linear=0
shrinkage=0.00834467


Tree=1030
num_leaves=5
num_cat=0
split_feature=9 7 54 6
split_gain=3.52108 3.05913 11.5199 4.25287
threshold=32.756839752197273 51.500000000000007 1.0949892040960993 10.500000000000002
decision_type=2 2 2 2
left_child=1 3 -3 -1
right_child=-2 2 -4 -5
leaf_value=0.0002833791094093183 0.0019245938344371095 -0.00018802984715320315 -0.0032403330069769166 -5.8220160309913803e-05
leaf_weight=3328 65 1983 90 10689
leaf_count=3328 65 1983 90 10689
internal_value=-1.35337e-05 -2.13644e-05 -0.000320561 2.28845e-05
internal_weight=16155 16090 2073 14017
internal_count=16155 16090 2073 14017
is_linear=0
shrinkage=0.00834467


Tree=1031
num_leaves=8
num_cat=0
split_feature=15 17 28 28 17 53 53
split_gain=3.02641 5.57331 6.07461 4.69451 6.27937 5.28476 4.1896
threshold=6.2921159756380058 -0.78584999999999994 28.324242591857914 25.528824806213382 0.0534680000000003 0.52763198923773091 0.68441711329103405
decision_type=10 8 2 2 10 2 2
left_child=1 6 -3 5 -5 -2 -1
right_child=3 2 -4 4 -6 -7 -8
leaf_value=0.00033274488175272845 -0.00032314785935810147 -2.3960022399855573e-06 -0.0013451526047342465 -0.00014703682040842717 0.0020772484039509719 -0.001632185792230285 0.0016095817120040867
leaf_weight=1320 862 12738 239 467 109 286 207
leaf_count=1320 862 12738 239 467 109 286 207
internal_value=-1.03034e-05 2.89851e-05 -2.71268e-05 -0.000340836 0.000273906 -0.000649278 0.000505842
internal_weight=16228 14504 12977 1724 576 1148 1527
internal_count=16228 14504 12977 1724 576 1148 1527
is_linear=0
shrinkage=0.00834467


Tree=1032
num_leaves=8
num_cat=0
split_feature=16 52 44 15 55 18 55
split_gain=3.30662 5.78682 5.80422 3.79958 3.43017 13.9454 5.1772
threshold=-3.2352629999999998 0.06168493742746254 24.716908454895023 5.4195681542177274 1.6797837711283303 25.520937919616703 1.4931445965129371
decision_type=8 2 2 10 2 2 2
left_child=1 3 -3 -1 6 -6 -2
right_child=4 2 -4 -5 5 -7 -8
leaf_value=0.0027091307809764226 5.7074943708552766e-05 -0.000751033107745372 6.2255679281543279e-05 0.0002650158850656112 -0.0010586908465006033 0.0039738576714900874 -0.0017288346562830648
leaf_weight=68 13156 1325 1134 127 82 72 114
leaf_count=68 13156 1325 1134 127 82 72 114
internal_value=2.89134e-06 -0.000266247 -0.000375976 0.00111741 5.61016e-05 0.00129429 4.17313e-05
internal_weight=16078 2654 2459 195 13424 154 13270
internal_count=16078 2654 2459 195 13424 154 13270
is_linear=0
shrinkage=0.00834467


Tree=1033
num_leaves=7
num_cat=0
split_feature=36 52 40 53 14 55
split_gain=3.5411 10.548 8.52483 5.58085 5.56972 5.13609
threshold=26.538700103759769 1.2615107883420882 25.823324203491214 1.1519340848350235 1.7529998025284756 1.5868855998533167
decision_type=2 2 2 2 10 2
left_child=1 3 -2 -1 -3 -4
right_child=2 4 5 -5 -6 -7
leaf_value=-4.1414127995642439e-05 0.0024515320395516924 -0.00027620539179749035 6.0587718123657176e-06 0.0016821225958007389 -0.0031700475407630069 0.002034248613447409
leaf_weight=14528 128 78 1024 132 114 95
leaf_count=14528 128 78 1024 132 114 95
internal_value=-1.54838e-05 -5.13446e-05 0.000411623 -2.58941e-05 -0.0019945 0.000178263
internal_weight=16099 14852 1247 14660 192 1119
internal_count=16099 14852 1247 14660 192 1119
is_linear=0
shrinkage=0.00834467


Tree=1034
num_leaves=7
num_cat=0
split_feature=55 12 7 6 9 17
split_gain=4.30407 8.38143 6.81459 2.97396 4.52745 2.97956
threshold=0.62143305964614615 2.5000000000000004 15.500000000000002 15.500000000000002 22.665654182434086 -0.84171599999999991
decision_type=2 2 2 2 2 10
left_child=3 2 -2 5 -5 -1
right_child=1 -3 -4 4 -6 -7
leaf_value=0.00013987907152893786 0.00081889359071023692 0.0031872284258359284 -9.611198390103492e-06 -0.00010350002981375859 -0.00091369968707715355 -0.00015298892414171542
leaf_weight=5931 970 68 2406 2063 626 4085
leaf_count=5931 970 68 2406 2063 626 4085
internal_value=2.52108e-05 0.000286867 0.000228438 -4.57177e-05 -0.000292117 2.04336e-05
internal_weight=16149 3444 3376 12705 2689 10016
internal_count=16149 3444 3376 12705 2689 10016
is_linear=0
shrinkage=0.00834467


Tree=1035
num_leaves=4
num_cat=0
split_feature=54 56 55
split_gain=5.13883 3.42496 3.42638
threshold=1.8715316376720852 1.786651611328127 0.77419639198656276
decision_type=2 2 2
left_child=1 2 -1
right_child=-2 -3 -4
leaf_value=-2.2986361356878146e-05 -0.0023389333012282954 -0.0013751038001988071 0.00035119050073728435
leaf_weight=13963 65 123 1941
leaf_count=13963 65 123 1941
internal_value=2.4547e-06 1.1952e-05 2.26802e-05
internal_weight=16092 16027 15904
internal_count=16092 16027 15904
is_linear=0
shrinkage=0.00834467


Tree=1036
num_leaves=7
num_cat=0
split_feature=6 6 7 9 17 56
split_gain=3.43056 12.513 14.0676 11.4035 8.53365 5.91455
threshold=14.500000000000002 13.500000000000002 30.500000000000004 26.831568716791995 1.5270175000000004 0.072814941406248238
decision_type=2 2 2 2 10 2
left_child=1 5 -3 4 -2 -1
right_child=3 2 -4 -5 -6 -7
leaf_value=-0.00018169924508092437 -4.494236554946146e-05 0.001495610473936776 -4.1001104618275444e-05 -0.0032568353523858033 -0.0014261660582398045 0.00027372526261808087
leaf_weight=6590 4617 845 815 83 334 2842
leaf_count=6590 4617 845 815 83 334 2842
internal_value=-8.88517e-06 7.31084e-05 0.000741194 -0.000189551 -0.000138124 -4.4473e-05
internal_weight=16126 11092 1660 5034 4951 9432
internal_count=16126 11092 1660 5034 4951 9432
is_linear=0
shrinkage=0.00834467


Tree=1037
num_leaves=4
num_cat=0
split_feature=9 41 40
split_gain=3.58712 3.54739 3.75438
threshold=32.756839752197273 32.667203903198249 29.504385948181156
decision_type=2 2 2
left_child=1 2 -1
right_child=-2 -3 -4
leaf_value=-3.9233635835644853e-05 0.0019021881972399613 -0.0017326366912017318 0.0010145215199538955
leaf_weight=15755 67 85 239
leaf_count=15755 67 85 239
internal_value=-2.44935e-05 -3.25229e-05 -2.34867e-05
internal_weight=16146 16079 15994
internal_count=16146 16079 15994
is_linear=0
shrinkage=0.00834467


Tree=1038
num_leaves=8
num_cat=0
split_feature=52 53 7 45 24 48 53
split_gain=3.49478 10.0947 7.38242 15.0491 8.2137 5.17072 4.84958
threshold=0.21647547102977757 0.53194087505996035 16.500000000000004 26.365359306335453 28.586996078491214 23.921161460876466 0.48674625248435982
decision_type=2 2 2 2 2 2 2
left_child=1 6 3 -2 -4 -3 -1
right_child=2 5 4 -5 -6 -7 -8
leaf_value=-4.523090415445773e-05 0.00034553455255148996 -0.00058972483088858495 4.9347184689066348e-05 0.0027161924413311596 -0.0021789225918375722 -0.0025722643874173945 0.0020579112379584589
leaf_weight=8856 1663 218 4824 210 118 158 77
leaf_count=8856 1663 218 4824 210 118 158 77
internal_value=2.16371e-05 -8.34777e-05 0.000165219 0.000611344 -3.86131e-06 -0.00142286 -2.71002e-05
internal_weight=16124 9309 6815 1873 4942 376 8933
internal_count=16124 9309 6815 1873 4942 376 8933
is_linear=0
shrinkage=0.00834467


Tree=1039
num_leaves=6
num_cat=0
split_feature=53 48 53 42 20
split_gain=3.33213 8.07344 5.09813 15.6321 4.01876
threshold=1.5637347526849001 26.502199554443362 1.1519340848350235 25.74144268035889 26.594993591308597
decision_type=2 2 2 2 2
left_child=2 -2 4 -4 -1
right_child=1 -3 3 -5 -6
leaf_value=-3.8051430029376006e-05 0.00018469724536414298 -0.0034540893007954866 0.0030102109540309464 -0.0019950827160496506 0.00051478600909064852
leaf_weight=14798 119 66 131 65 976
leaf_count=14798 119 66 131 65 976
internal_value=-1.24094e-07 -0.00111358 1.27751e-05 0.00135028 -3.84489e-06
internal_weight=16155 185 15970 196 15774
internal_count=16155 185 15970 196 15774
is_linear=0
shrinkage=0.00834467


Tree=1040
num_leaves=5
num_cat=0
split_feature=9 55 54 54
split_gain=3.82675 3.44485 16.2903 7.97911
threshold=32.756839752197273 0.62143305964614615 0.31763046307054194 0.58962698345428433
decision_type=2 2 2 2
left_child=1 3 -3 -1
right_child=-2 2 -4 -5
leaf_value=-4.2296186309457312e-05 0.0019912310518685134 0.0026132322554428202 7.459197977399664e-05 -0.0010913025524796828
leaf_weight=12042 66 186 3275 527
leaf_count=12042 66 186 3275 527
internal_value=-1.38321e-05 -2.20887e-05 0.00021103 -8.62803e-05
internal_weight=16096 16030 3461 12569
internal_count=16096 16030 3461 12569
is_linear=0
shrinkage=0.00834467


Tree=1041
num_leaves=5
num_cat=0
split_feature=52 53 21 54
split_gain=3.83308 5.2069 14.35 5.54932
threshold=1.6599892834646715 1.1519340848350235 26.866754530000005 1.4954939798931177
decision_type=2 2 2 2
left_child=1 3 -3 -1
right_child=-2 2 -4 -5
leaf_value=-2.9531605488466187e-06 -0.0014991144301982277 0.0024936419065725675 -0.0020547465093386378 -0.0021283944730068807
leaf_weight=15601 119 173 67 86
leaf_count=15601 119 173 67 86
internal_value=-7.09258e-06 4.0561e-06 0.00122385 -1.46067e-05
internal_weight=16046 15927 240 15687
internal_count=16046 15927 240 15687
is_linear=0
shrinkage=0.00834467


Tree=1042
num_leaves=5
num_cat=0
split_feature=54 55 15 52
split_gain=4.69875 4.40245 15.122 3.77049
threshold=1.8715316376720852 1.5868855998533167 2.7239312480152127 1.6599892834646715
decision_type=2 2 10 2
left_child=1 3 -3 -1
right_child=-2 2 -4 -5
leaf_value=-1.8556637884903481e-05 -0.0022262880069559804 -0.00082992394629516927 0.0038501167978250046 -0.0019192654300976655
leaf_weight=15849 67 109 86 73
leaf_count=15849 67 109 86 73
internal_value=-2.11774e-05 -1.20092e-05 0.00123418 -2.72723e-05
internal_weight=16184 16117 195 15922
internal_count=16184 16117 195 15922
is_linear=0
shrinkage=0.00834467


Tree=1043
num_leaves=8
num_cat=0
split_feature=52 53 22 53 39 10 9
split_gain=3.45062 11.691 11.0669 9.25492 9.13197 8.17386 3.44718
threshold=0.21647547102977757 0.65751645271001391 28.574729920754397 0.60750135193709143 28.506158828735355 1.5000000000000002 28.452870368957523
decision_type=2 2 2 2 2 2 2
left_child=1 6 4 -4 -2 -3 -1
right_child=2 5 3 -5 -6 -7 -8
leaf_value=-8.6104238131676027e-05 0.0001624548921902547 -0.0004512057818406649 -0.00030918305087255252 -0.0042903006979619395 0.0029814517503186345 -0.0036556594020023675 0.00086934213112812382
leaf_weight=8839 6544 115 97 70 81 107 271
leaf_count=8839 6544 115 97 70 81 107 271
internal_value=3.54539e-07 -0.000103789 0.000143445 -0.00197807 0.000196925 -0.00199579 -5.76812e-05
internal_weight=16124 9332 6792 167 6625 222 9110
internal_count=16124 9332 6792 167 6625 222 9110
is_linear=0
shrinkage=0.00834467


end of trees

feature_importances:
source_temp=1065
hour=707
temp_lag_1=428
temp_roll_mean_5=389
minute=340
temp_roll_std_30=340
temp_roll_std_20=278
temp_roll_mean_10=273
temp_roll_std_5=236
temp_roll_std_10=220
nearest_person_dy=182
object_id=179
temp_delta_1=136
temp_lag_2=131
day_of_week=130
temp_roll_mean_30=126
nearest_person_distance=106
temp_lag_30=96
temp_lag_3=94
nearest_person_dx=80
temp_roll_mean_20=79
people_count_total=78
target_minutes_ahead=75
temp_lag_11=72
temp_lag_29=66
temp_lag_9=61
temp_lag_7=58
temp_lag_27=55
mean_person_distance=53
temp_lag_10=49
temp_lag_22=49
temp_lag_12=47
temp_lag_23=44
temp_lag_16=42
temp_lag_28=42
temp_lag_4=36
temp_lag_6=31
people_count_within_2m=30
display_y=26
temp_lag_15=26
temp_lag_26=25
temp_lag_5=24
temp_lag_17=23
temp_lag_14=22
temp_lag_19=21
temp_lag_8=16
temp_lag_24=16
temp_lag_25=11
temp_lag_13=8
temp_lag_21=8
display_x=5
temp_lag_20=4
canonical_label=3
anchor_y=3
people_count_within_1m=3
anchor_x=2
people_count_within_3m=2
temp_lag_18=2
seconds_since_previous=1

parameters:
[boosting: gbdt]
[objective: regression]
[metric: rmse,l2]
[tree_learner: serial]
[device_type: cpu]
[data_sample_strategy: bagging]
[data: ]
[valid: ]
[num_iterations: 2000]
[learning_rate: 0.00834467]
[num_leaves: 66]
[num_threads: 8]
[seed: 42]
[deterministic: 0]
[force_col_wise: 0]
[force_row_wise: 0]
[histogram_pool_size: -1]
[max_depth: 3]
[min_data_in_leaf: 65]
[min_sum_hessian_in_leaf: 0.001]
[bagging_fraction: 0.85]
[pos_bagging_fraction: 1]
[neg_bagging_fraction: 1]
[bagging_freq: 1]
[bagging_seed: 400]
[bagging_by_query: 0]
[feature_fraction: 0.85]
[feature_fraction_bynode: 1]
[feature_fraction_seed: 30056]
[extra_trees: 0]
[extra_seed: 12879]
[early_stopping_round: 0]
[early_stopping_min_delta: 0]
[first_metric_only: 0]
[max_delta_step: 0]
[lambda_l1: 0]
[lambda_l2: 0.00965712]
[linear_lambda: 0]
[min_gain_to_split: 0]
[drop_rate: 0.1]
[max_drop: 50]
[skip_drop: 0.5]
[xgboost_dart_mode: 0]
[uniform_drop: 0]
[drop_seed: 17869]
[top_rate: 0.2]
[other_rate: 0.1]
[min_data_per_group: 100]
[max_cat_threshold: 32]
[cat_l2: 10]
[cat_smooth: 10]
[max_cat_to_onehot: 4]
[top_k: 20]
[monotone_constraints: ]
[monotone_constraints_method: basic]
[monotone_penalty: 0]
[feature_contri: ]
[forcedsplits_filename: ]
[refit_decay_rate: 0.9]
[cegb_tradeoff: 1]
[cegb_penalty_split: 0]
[cegb_penalty_feature_lazy: ]
[cegb_penalty_feature_coupled: ]
[path_smooth: 0]
[interaction_constraints: ]
[verbosity: -1]
[saved_feature_importance_type: 0]
[use_quantized_grad: 0]
[num_grad_quant_bins: 4]
[quant_train_renew_leaf: 0]
[stochastic_rounding: 1]
[linear_tree: 0]
[max_bin: 255]
[max_bin_by_feature: ]
[min_data_in_bin: 3]
[bin_construct_sample_cnt: 200000]
[data_random_seed: 175]
[is_enable_sparse: 1]
[enable_bundle: 1]
[use_missing: 1]
[zero_as_missing: 0]
[feature_pre_filter: 1]
[pre_partition: 0]
[two_round: 0]
[header: 0]
[label_column: ]
[weight_column: ]
[group_column: ]
[ignore_column: ]
[categorical_feature: 0,1]
[forcedbins_filename: ]
[precise_float_parser: 0]
[parser_config_file: ]
[objective_seed: 16083]
[num_class: 1]
[is_unbalance: 0]
[scale_pos_weight: 1]
[sigmoid: 1]
[boost_from_average: 1]
[reg_sqrt: 0]
[alpha: 0.9]
[fair_c: 1]
[poisson_max_delta_step: 0.7]
[tweedie_variance_power: 1.5]
[lambdarank_truncation_level: 30]
[lambdarank_norm: 1]
[label_gain: ]
[lambdarank_position_bias_regularization: 0]
[eval_at: ]
[multi_error_top_k: 1]
[auc_mu_weights: ]
[num_machines: 1]
[local_listen_port: 12400]
[time_out: 120]
[machine_list_filename: ]
[machines: ]
[gpu_platform_id: -1]
[gpu_device_id: -1]
[gpu_use_dp: 0]
[num_gpu: 1]

end of parameters

pandas_categorical:[["light_1", "light_2", "light_3", "light_4", "machine_1", "machine_2", "machine_3", "machine_4", "machine_5", "machine_6", "machine_7", "machine_8", "screen_1", "screen_2", "window_1"], ["Light", "Machine", "Screen", "Window"]]
