tree
version=v4
num_class=1
num_tree_per_iteration=1
label_index=0
max_feature_idx=59
objective=regression
feature_names=object_id canonical_label display_x display_y anchor_x anchor_y hour minute day_of_week source_temp people_count_total people_count_within_1m people_count_within_2m people_count_within_3m nearest_person_distance mean_person_distance nearest_person_dx nearest_person_dy temp_lag_1 temp_lag_2 temp_lag_3 temp_lag_4 temp_lag_5 temp_lag_6 temp_lag_7 temp_lag_8 temp_lag_9 temp_lag_10 temp_lag_11 temp_lag_12 temp_lag_13 temp_lag_14 temp_lag_15 temp_lag_16 temp_lag_17 temp_lag_18 temp_lag_19 temp_lag_20 temp_lag_21 temp_lag_22 temp_lag_23 temp_lag_24 temp_lag_25 temp_lag_26 temp_lag_27 temp_lag_28 temp_lag_29 temp_lag_30 temp_roll_mean_5 temp_roll_mean_10 temp_roll_mean_20 temp_roll_mean_30 temp_roll_std_5 temp_roll_std_10 temp_roll_std_20 temp_roll_std_30 temp_delta_1 seconds_since_previous observations_in_frame target_minutes_ahead
feature_infos=-1:11:12:10:3:2:1:6:0:13:8:9:7 -1:0:3:2:4 [0.73553599999999997:11.689842000000001] [0.42585099999999998:5.3357780000000004] [0.73553599999999997:11.689842000000001] [0.42585099999999998:5.3357780000000004] [7:21] [0:59] [1:3] [20.085569:29.203589999999998] [0:5] [0:2] [0:3] [0:4] [0.070291688982410477:12.026550245522319] [0.13520276365518533:12.026550245522319] [-11.669877:8.6284930000000006] [-4.910965:4.3807780000000003] [20.085569:29.203589999999998] [20.085569:29.203589999999998] [20.085569:29.203589999999998] [20.085569:29.203589999999998] [20.085569:29.203589999999998] [20.085569:29.203589999999998] [20.085569:29.203589999999998] [20.085569:29.203589999999998] [20.085569:29.203589999999998] [20.085569:29.203589999999998] [20.085569:29.203589999999998] [20.085569:29.203589999999998] [20.085569:29.203589999999998] [20.085569:29.203589999999998] [20.085569:29.203589999999998] [20.085569:29.203589999999998] [20.085569:29.203589999999998] [20.085569:29.203589999999998] [20.085569:29.203589999999998] [20.085569:29.203589999999998] [20.085569:29.203589999999998] [20.085569:29.203589999999998] [20.085569:29.203589999999998] [20.085569:29.203589999999998] [20.085569:29.203589999999998] [20.085569:29.203589999999998] [20.085569:29.203589999999998] [20.085569:29.203589999999998] [20.085569:29.203589999999998] [20.085569:29.203589999999998] [20.327488800000001:28.585895399999998] [20.4100207:28.4939097] [20.496198100000001:28.178804149999998] [20.497939933333331:27.854107366666664] [0.0038862633724495118:2.1437337035399793] [0.010658555971830361:1.9356071503260501] [0.018109256235069492:1.8523263703181907] [0.029653856570367506:1.8490427414841792] [-4.6128439999999991:4.6459690000000009] [28:16770] [1:3] [10:15]
tree_sizes=1490 1576 1578 1567 1573 1576 1577 1600 1585 1587 1581 1576 1605 1592 1573 1585 1598 1589 1581 1595 1593 1593 1589 1605 1588 1594 1602 1595 1581 1586 1597 1607 1599 1575 1586 1583 1583 1583 1584 1597 1611 1609 1594 1613 1600 1587 1618 1614 1607 1601 1590 1612 1613 1616 1597 1594 1604 1603 1613 1607 1609 1611 1631 1627 1588 1605 1609 1630 1586 1619 1589 1594 1619 1611 1622 1620 1612 1610 1620 1625 1620 1605 1617 1619 1622 1613 1610 1598 1620 1624 1612 1637 1621 1637 1611 1631 1608 1614 1612 1609 1608 1585 1615 1610 1630 1622 1606 1644 1613 1642 1623 1619 1643

Tree=0
num_leaves=16
num_cat=0
split_feature=49 49 49 48 50 48 9 9 50 9 9 50 9 49 49
split_gain=16258.9 3965.11 3527.76 664.477 641.451 452.122 334.389 123.7 106.636 99.87 80.0585 61.2288 59.787 46.8324 42.3357
threshold=22.677981750000004 24.258648500000003 21.677819700000004 23.233722200000006 22.147206950000005 21.037854000000006 25.093103500000002 23.461739000000005 21.370181425000002 22.120388500000004 26.085972250000005 23.035430800000004 21.882023000000004 23.590680500000005 25.223659750000003
decision_type=2 2 2 2 2 2 2 2 2 2 2 2 2 2 2
left_child=2 3 5 11 12 -1 -3 -5 -7 -6 14 -2 -4 -9 -8
right_child=1 6 4 7 9 8 10 13 -10 -11 -12 -13 -14 -15 -16
leaf_value=22.312081316656492 22.390869859248831 22.459934170036227 22.351643110425286 22.410252028439356 22.365930274461466 22.328583853613907 22.473636592169488 22.417662843928056 22.340029778654621 22.379444694425946 22.519634421017763 22.401876476205999 22.3607078321904 22.431369021074136 22.497512722578605
leaf_weight=1949 2672 925 2734 1372 1230 2418 200 663 3449 4270 204 1318 2374 1268 369
leaf_count=1949 2672 925 2734 1372 1230 2418 200 663 3449 4270 204 1318 2374 1268 369
internal_value=22.3733 22.4194 22.3508 22.406 22.3665 22.3295 22.4769 22.4198 22.3353 22.3764 22.4972 22.3945 22.3559 22.4267 22.4891
internal_weight=27415 8991 18424 7293 10608 7816 1698 3303 5867 5500 773 3990 5108 1931 569
internal_count=27415 8991 18424 7293 10608 7816 1698 3303 5867 5500 773 3990 5108 1931 569
is_linear=0
shrinkage=1


Tree=1
num_leaves=16
num_cat=0
split_feature=49 49 49 49 50 49 9 49 50 18 9 9 9 16 6
split_gain=15147.7 3555.16 3220.16 627.005 539.957 430.09 294.976 116.644 97.3917 86.9987 72.4547 69.2626 68.6426 45.5473 37.3932
threshold=22.677981750000004 24.258648500000003 21.689473100000004 23.417608500000004 22.203603375000004 21.063698600000002 25.093103500000002 23.001016150000005 21.496972050000004 26.090524500000004 22.142146000000004 21.882023000000004 23.483905000000004 1.9433520000000002 14.500000000000002
decision_type=2 2 2 2 2 2 2 2 2 2 2 2 2 8 2
left_child=2 3 5 7 11 14 -3 -2 -7 13 -6 -4 -5 -8 -1
right_child=1 6 4 12 10 8 9 -9 -10 -11 -12 -13 -14 -15 -16
leaf_value=-0.049655191324623038 0.017079059466609467 0.08273358615720712 -0.020359494565501755 0.039011438870831736 -0.0061286302775493988 -0.040197410928635921 0.095488554357600536 0.030169070160712724 -0.02899384888513698 0.14187432563173288 0.0061213565347567039 -0.010975856077924107 0.05366833077751007 0.11922464367759537 -0.062531948399135021
leaf_weight=548 2692 938 2682 845 1077 3891 239 2129 2079 193 3884 2816 1643 345 1400
leaf_count=548 2692 938 2682 845 1077 3891 239 2129 2079 193 3884 2816 1643 345 1400
internal_value=1.85878e-05 0.0443583 -0.0217543 0.0316526 -0.00653383 -0.0418593 0.0985074 0.0228597 -0.0362959 0.11755 0.00346197 -0.0155533 0.0486904 0.109511 -0.0589095
internal_weight=27401 9024 18377 7309 10459 7918 1715 4821 5970 777 4961 5498 2488 584 1948
internal_count=27401 9024 18377 7309 10459 7918 1715 4821 5970 777 4961 5498 2488 584 1948
is_linear=0
shrinkage=0.0417893


Tree=2
num_leaves=16
num_cat=0
split_feature=49 49 49 49 49 51 18 49 51 18 20 49 51 6 6
split_gain=13879.2 3606.81 2635.58 723.432 409.799 397.568 286.849 144.521 87.5711 78.0728 63.9323 54.8133 54.3562 49.6766 43.7647
threshold=22.591748100000004 24.258648500000003 21.689473100000004 23.145111250000003 21.063698600000002 22.108774033333336 25.094444500000005 23.616855800000003 21.412349483333333 22.130932000000005 26.094008500000005 22.854077350000001 24.387678383333334 8.5000000000000018 14.500000000000002
decision_type=2 2 2 2 2 2 2 2 2 2 2 2 2 2 2
left_child=2 3 4 11 -1 14 12 -5 -6 -7 13 -2 -3 -8 -4
right_child=1 6 5 7 8 9 10 -9 -10 -11 -12 -13 -14 -15 -16
leaf_value=-0.056610587906222302 0.012353306628396654 0.061535948221668024 -0.013884626442416944 0.03426425923308897 -0.040077821556553123 -0.0074096083630999779 0.12035991112683275 0.050820709239587793 -0.029986578745899762 0.0038745086930108423 0.13373548881337896 0.021750314041031109 0.084675533215989973 0.096209532161517938 -0.022779792586137253
leaf_weight=1974 2488 242 3258 2133 2806 1541 253 1620 3231 3509 193 1921 663 361 1373
leaf_count=1974 2488 242 3258 2133 2806 1541 253 1620 3231 3509 193 1921 663 361 1373
internal_value=-0.000198491 0.0394934 -0.0223508 0.0279261 -0.0400817 -0.00767848 0.094641 0.0414109 -0.034677 0.000431177 0.112756 0.0164476 0.078488 0.106161 -0.0165219
internal_weight=27566 9874 17692 8162 8011 9681 1712 3753 6037 5050 807 4409 905 614 4631
internal_count=27566 9874 17692 8162 8011 9681 1712 3753 6037 5050 807 4409 905 614 4631
is_linear=0
shrinkage=0.0417893


Tree=3
num_leaves=16
num_cat=0
split_feature=49 48 50 49 48 49 48 18 50 49 48 48 6 48 50
split_gain=12716.8 3815.49 1759.5 785.718 413.277 302.821 242.971 105.092 103.328 80.9192 55.0978 54.6093 45.393 40.9178 38.0568
threshold=22.402191300000002 24.025024700000007 21.542572850000003 23.085331850000006 25.130526300000003 21.99987295 21.037854000000006 23.302802000000003 24.392663600000002 22.810673675000007 21.706703900000004 25.877646300000006 8.5000000000000018 23.603042700000007 22.192308725
decision_type=2 2 2 2 2 2 2 2 2 2 2 2 2 2 2
left_child=2 3 6 9 8 10 -1 -5 -3 -2 -4 12 -6 -9 -7
right_child=1 4 5 7 11 14 -8 13 -10 -11 -12 -13 -14 -15 -16
leaf_value=-0.054190788819602306 0.0089586022636251143 0.057514939511799951 -0.025072248673371468 0.027895314989165025 0.11606763781006274 -0.0091376855712356486 -0.036380513285799047 0.036518112244573991 0.080340583870254112 0.019281422845245758 -0.016366648135545687 0.1255186680737633 0.091074157171753198 0.047847718923769759 -0.00092068247684656986
leaf_weight=1921 4145 659 2077 1423 207 1759 4405 1067 730 1950 3266 219 328 1164 2235
leaf_count=1921 4145 659 2077 1423 207 1759 4405 1067 730 1950 3266 219 328 1164 2235
internal_value=-3.59727e-05 0.032545 -0.0247728 0.021447 0.0830322 -0.013244 -0.0417889 0.0367692 0.0695112 0.0122612 -0.0197508 0.10794 0.100745 0.0424292 -0.00453954
internal_weight=27555 11892 15663 9749 2143 9337 6326 3654 1389 6095 5343 754 535 2231 3994
internal_count=27555 11892 15663 9749 2143 9337 6326 3654 1389 6095 5343 754 535 2231 3994
is_linear=0
shrinkage=0.0417893


Tree=4
num_leaves=16
num_cat=0
split_feature=49 48 49 49 48 48 49 9 9 9 51 6 49 9 9
split_gain=11760.2 3660.71 1484.7 868.004 322.597 242.321 192.544 122.161 110.181 60.6801 58.0835 41.6102 40.0383 39.3148 37.2717
threshold=22.347555500000002 24.146546000000004 21.548060950000004 23.123865150000004 25.130526300000003 21.037854000000006 21.99987295 23.301429000000002 22.634320500000005 26.085972250000005 24.114261716666672 8.5000000000000018 21.343584000000003 21.760997000000003 22.024843000000001
decision_type=2 2 2 2 2 2 2 2 2 2 2 2 2 2 2
left_child=2 3 5 8 10 -1 13 -5 14 11 -3 -6 -7 -4 -2
right_child=1 4 6 7 9 12 -8 -9 -10 -11 -12 -13 -14 -15 -16
leaf_value=-0.051941239953122498 -0.0060122624583457086 0.054866436858302808 -0.022169838184609023 0.026910614330923295 0.11205707184103406 -0.038570183730830224 -0.0056869889189126149 0.042578158982702667 0.016896515517949431 0.12586741930833747 0.075413248520282417 0.088849461219832102 -0.030734629989883584 -0.014840151139918861 0.0078445803655379891
leaf_weight=1992 381 338 2541 1394 222 2178 3432 2308 3421 179 831 344 2387 2571 3074
leaf_count=1992 381 338 2541 1394 222 2178 3432 2308 3421 179 831 344 2387 2571 3074
internal_value=-8.94346e-06 0.0299868 -0.0248223 0.020364 0.0831685 -0.0397798 -0.0133433 0.0366785 0.0115804 0.104659 0.0694724 0.0979522 -0.034473 -0.0184835 0.00631652
internal_weight=27593 12492 15101 10578 1914 6557 8544 3702 6876 745 1169 566 4565 5112 3455
internal_count=27593 12492 15101 10578 1914 6557 8544 3702 6876 745 1169 566 4565 5112 3455
is_linear=0
shrinkage=0.0417893


Tree=5
num_leaves=16
num_cat=0
split_feature=49 49 50 50 49 48 18 49 50 20 49 18 6 49 6
split_gain=10904.2 2577.77 2356.63 453.112 432.053 277.506 226.895 81.7363 66.2966 62.2868 60.0262 47.5418 46.6842 46.5128 32.3109
threshold=22.688348325000003 24.258648500000003 21.674170425000003 22.157349975000006 23.417608500000004 21.037854000000006 25.094444500000005 23.001016150000005 21.347744850000002 26.094008500000005 22.358307650000004 23.5111065 8.5000000000000018 21.854527950000001 14.500000000000002
decision_type=2 2 2 2 2 2 2 2 2 2 2 2 2 2 2
left_child=2 4 5 13 7 14 -3 -2 -7 12 -5 -6 -8 -4 -1
right_child=1 6 3 10 11 8 9 -9 -10 -11 -12 -13 -14 -15 -16
leaf_value=-0.041099365168807078 0.014439601141876653 0.068965331820263695 -0.018722273147462651 -0.0027468069473513216 0.032947060462033009 -0.037132979097611138 0.10615611592777593 0.025418168334766348 -0.027835713574817428 0.11948186498778343 0.0061719363727602223 0.04517258308110076 0.083139472038023257 -0.010947832831515529 -0.053099465159050036
leaf_weight=544 2590 927 2400 2187 844 2187 262 2182 3456 198 3316 1625 373 3054 1401
leaf_count=544 2590 927 2400 2187 844 2187 262 2182 3456 198 3316 1625 373 3054 1401
internal_value=8.77223e-05 0.0378276 -0.0182297 -0.00583273 0.0268021 -0.0361308 0.0831888 0.0194596 -0.031439 0.0990173 0.00262745 0.0409934 0.0926362 -0.0143689 -0.0497431
internal_weight=27546 9001 18545 10957 7241 7588 1760 4772 5643 833 5503 2469 635 5454 1945
internal_count=27546 9001 18545 10957 7241 7588 1760 4772 5643 833 5503 2469 635 5454 1945
is_linear=0
shrinkage=0.0417893


Tree=6
num_leaves=16
num_cat=0
split_feature=49 48 48 49 9 48 51 9 9 50 21 9 49 6 48
split_gain=9998.6 2925.54 1441.26 603.98 273.543 251.369 197.544 88.9184 77.4454 63.7984 60.6221 56.0386 55.5301 40.1057 32.856
threshold=22.446518050000005 24.146546000000004 21.635667000000002 23.145111250000003 25.093103500000002 21.037854000000006 22.040096283333337 23.301429000000002 22.729121000000003 24.392663600000002 26.094008500000005 22.096354750000007 21.343584000000003 8.5000000000000018 23.626161600000007
decision_type=2 2 2 2 2 2 2 2 2 2 2 2 2 2 2
left_child=2 3 5 8 9 -1 -4 -5 -2 -3 13 -8 -7 -6 -9
right_child=1 4 6 7 10 12 11 14 -10 -11 -12 -13 -14 -15 -16
leaf_value=-0.047589187191626151 0.0077916731554151337 0.050390020461876892 -0.015618779448676621 0.025135598284736806 0.10131795841855849 -0.035226041605915748 -0.0092079871256477968 0.03352625254223221 0.017370273038095491 0.070702757605596037 0.11570748762904937 0.00082443240686086807 -0.026695508691154571 0.07981322194837262 0.043561141862637681
leaf_weight=1925 3288 431 4445 1324 255 2206 1556 1095 2672 723 186 2592 3366 373 1188
leaf_count=1925 3288 431 4445 1324 255 2206 1556 1095 2672 723 186 2592 3366 373 1188
internal_value=0.000106682 0.0297996 -0.0211803 0.0202544 0.0762014 -0.0345705 -0.00949798 0.0337514 0.012086 0.0631163 0.094752 -0.00293893 -0.0300728 0.0885453 0.0387481
internal_weight=27625 11535 16090 9567 1968 7497 8593 3607 5960 1154 814 4148 5572 628 2283
internal_count=27625 11535 16090 9567 1968 7497 8593 3607 5960 1154 814 4148 5572 628 2283
is_linear=0
shrinkage=0.0417893


Tree=7
num_leaves=16
num_cat=1
split_feature=50 49 50 49 9 49 50 9 9 18 9 9 6 49 0
split_gain=9159.27 2974.78 1099.39 727.01 247.024 175.979 139.7 110.633 91.1213 66.0135 46.8273 44.7756 39.9881 39.6635 39.0186
threshold=22.326577275000002 24.178086050000001 21.542572850000003 23.105444050000006 24.980127500000005 20.994822400000004 21.864876887499999 23.276302500000003 22.634320500000005 26.090524500000004 24.041743500000006 21.942117000000003 8.5000000000000018 23.616855800000003 0
decision_type=2 2 2 2 2 2 2 2 2 2 2 2 2 2 9
left_child=2 3 5 8 10 -1 -4 -5 14 12 -3 -8 -6 -9 -2
right_child=1 4 6 7 9 -7 11 13 -10 -11 -12 -13 -14 -15 -16
leaf_value=-0.046870397466779123 0.0092757121476965167 0.042350982400207487 -0.018642743084379205 0.022646916055587996 0.096929122330005169 -0.031274624377792777 -0.012996364792537577 0.032013451876303937 0.014605090795576351 0.1118836700685846 0.064852334570648706 -0.0046558541054477895 0.07653750153348006 0.042545438410738344 0.00070453460335004271
leaf_weight=1743 1875 206 3703 1400 276 4593 1813 1239 3286 197 748 2958 429 1259 1843
leaf_count=1743 1875 206 3703 1400 276 4593 1813 1239 3286 197 748 2958 429 1259 1843
internal_value=-4.09246e-05 0.0259116 -0.0223976 0.0175855 0.0748179 -0.0355649 -0.0125523 0.0320511 0.00953492 0.0904969 0.0599936 -0.00782528 0.0845207 0.0373216 0.00505385
internal_weight=27568 12758 14810 10902 1856 6336 8474 3898 7004 902 954 4771 705 2498 3718
internal_count=27568 12758 14810 10902 1856 6336 8474 3898 7004 902 954 4771 705 2498 3718
cat_boundaries=0 1
cat_threshold=2124
is_linear=0
shrinkage=0.0417893


Tree=8
num_leaves=16
num_cat=0
split_feature=50 49 49 48 50 48 9 9 21 50 9 51 9 9 9
split_gain=8357.71 2102.72 1768.08 381.796 279.702 252.562 168.338 73.2763 57.6072 56.9709 51.4681 39.1644 37.1032 36.546 29.5822
threshold=22.657920875000002 24.258648500000003 21.698087300000005 23.233722200000006 22.168961425000006 21.128068000000003 24.782394750000005 23.301429000000002 26.094008500000005 21.507699875000004 22.167855500000005 20.830162250000004 21.882023000000004 22.784638500000003 24.458981500000004
decision_type=2 2 2 2 2 2 2 2 2 2 2 2 2 2 2
left_child=2 3 5 13 12 11 -3 -5 -8 -7 -6 -1 -4 -2 -9
right_child=1 6 4 7 10 9 8 14 -10 -11 -12 -13 -14 -15 -16
leaf_value=-0.049470059591494274 0.010581913926121074 0.057703090994580181 -0.015308482657985024 0.023386734484280174 -0.0050532762490420324 -0.029407136678449061 0.079579491840715069 0.035759926735772322 0.10479263534488358 -0.020701262414933603 0.0045852676857606085 -0.038356051102451293 -0.0081586161249556956 0.018355168341681268 0.051204569387833347
leaf_weight=875 2108 693 2541 911 1299 3582 859 2137 194 2072 3791 1508 2529 2117 241
leaf_count=875 2108 693 2541 911 1299 3582 859 2137 194 2072 3791 1508 2529 2117 241
internal_value=6.68677e-05 0.0323873 -0.0163802 0.022788 -0.00479463 -0.0310261 0.0736981 0.0334645 0.0842247 -0.0262167 0.00212545 -0.0424369 -0.011742 0.0144768 0.0373252
internal_weight=27457 9260 18197 7514 10160 8037 1746 3289 1053 5654 5090 2383 5070 4225 2378
internal_count=27457 9260 18197 7514 10160 8037 1746 3289 1053 5654 5090 2383 5070 4225 2378
is_linear=0
shrinkage=0.0417893


Tree=9
num_leaves=16
num_cat=0
split_feature=50 48 49 48 48 48 50 9 9 50 9 55 9 49 18
split_gain=7622.83 2455.58 909.148 575.164 212.647 157.88 113.689 88.2247 80.2802 46.8525 40.8886 36.8727 34.9784 34.2318 33.0892
threshold=22.326577275000002 24.146546000000004 21.548060950000004 23.108014700000002 25.130526300000003 20.980691200000003 21.855441400000007 23.276302500000003 22.622583000000002 24.392663600000002 21.960135000000005 0.19281171127386987 21.346983500000004 23.641093575000003 26.090524500000004
decision_type=2 2 2 2 2 2 2 2 2 2 2 2 2 2 2
left_child=2 3 5 8 9 -1 -4 -5 -2 -3 -8 -9 -7 -13 -6
right_child=1 4 6 7 14 12 10 11 -10 -11 -12 13 -14 -15 -16
leaf_value=-0.042895566214779156 0.0045177962263699819 0.045448073002864575 -0.017091451574121438 0.020377930324857834 0.078964986641019197 -0.031493872281525628 -0.011639433281712002 0.045843248333629412 0.013452610999147921 0.062480774224154191 -0.0038057968170020036 0.026555364257118803 -0.024351687126647117 0.037285372467421689 0.098732880546149385
leaf_weight=1734 3659 460 3334 1347 552 2589 1984 370 3377 729 2814 1120 2228 968 202
leaf_count=1734 3659 460 3334 1347 552 2589 1984 370 3377 729 2814 1120 2228 968 202
internal_value=4.49159e-05 0.0236384 -0.0204971 0.0158846 0.0669004 -0.0320828 -0.0111639 0.0289738 0.00880615 0.0558912 -0.00704505 0.0336844 -0.0281904 0.0315298 0.084261
internal_weight=27467 12784 14683 10841 1943 6551 8132 3805 7036 1189 4798 2458 4817 2088 754
internal_count=27467 12784 14683 10841 1943 6551 8132 3805 7036 1189 4798 2458 4817 2088 754
is_linear=0
shrinkage=0.0417893


Tree=10
num_leaves=16
num_cat=0
split_feature=49 50 51 50 9 49 9 9 9 49 9 9 59 19 6
split_gain=6987.8 1966.93 1054.99 538.474 159.056 156.288 142.638 93.4417 64.7843 40.9718 35.8933 35.5771 31.5991 31.501 28.295
threshold=22.446518050000005 24.310351975000003 21.618229133333337 23.152425512500006 20.972768500000004 22.011797500000004 25.093103500000002 23.461739000000005 22.876076000000001 21.343584000000003 22.096354750000007 24.095824500000003 10.750000000000002 26.094008500000005 16.500000000000004
decision_type=2 2 2 2 2 2 2 2 2 2 2 2 2 2 2
left_child=2 3 4 8 14 -4 11 -5 -2 -6 -7 -3 -9 -8 -1
right_child=1 6 5 7 9 10 13 12 -10 -11 -12 -13 -14 -15 -16
leaf_value=-0.034624998627156296 0.0069395600755925661 0.039959137568369149 -0.013710777822106904 0.023203676061397834 -0.030515462755761613 -0.0078216666028638419 0.076279001982713104 0.034311186900294874 0.016135510333264585 -0.022988871443377933 0.00012612445895477086 0.060634466690484563 0.050511590257132553 0.096286394901903868 -0.045252442204968393
leaf_weight=747 3954 186 4776 1834 2314 1550 571 1804 2022 2781 2758 665 238 181 1056
leaf_count=747 3954 186 4776 1834 2314 1550 571 1804 2022 2781 2758 665 238 181 1056
internal_value=-6.46593e-06 0.0249042 -0.017861 0.0179192 -0.0301821 -0.00850489 0.0678338 0.0300502 0.010051 -0.0264072 -0.00273346 0.0561156 0.0361994 0.0810947 -0.0408494
internal_weight=27437 11455 15982 9852 6898 9084 1603 3876 5976 5095 4308 851 2042 752 1803
internal_count=27437 11455 15982 9852 6898 9084 1603 3876 5976 5095 4308 851 2042 752 1803
is_linear=0
shrinkage=0.0417893


Tree=11
num_leaves=16
num_cat=0
split_feature=48 48 48 50 50 9 51 51 9 38 18 9 9 6 59
split_gain=6542.78 1658.62 1241.55 326.774 196.706 189.154 163.974 56.1861 53.2635 50.86 50.6632 47.3253 41.5675 39.6109 37.8008
threshold=22.578229100000005 24.146546000000004 21.697814150000003 23.215773587500006 21.302869775000005 24.869433500000003 22.108774033333336 20.830162250000004 23.461739000000005 24.240337000000004 26.090524500000004 22.784638500000003 22.096354750000007 8.5000000000000018 10.508333333333335
decision_type=2 2 2 2 2 2 2 2 2 2 2 2 2 2 2
left_child=2 3 4 11 7 9 14 -1 -5 -3 13 -2 -8 -7 -4
right_child=1 5 6 8 -6 10 12 -9 -10 -11 -12 -13 -14 -15 -16
leaf_value=-0.043725264812357716 0.0076754264193295459 0.037079780027142545 -0.01193310711892473 0.023439896387512857 -0.021412053390306326 0.081670212589231905 -0.0060122008866677831 -0.031579240141366066 0.034199732012694037 0.056794743292653306 0.093858067979673429 0.015910735135151656 0.0025516302820394704 0.062458441853148264 0.0036839091266339095
leaf_weight=873 2373 393 4060 1539 4470 310 1362 2793 1681 546 195 2505 3622 474 290
leaf_count=873 2373 393 4060 1539 4470 310 1362 2793 1681 546 195 2505 3622 474 290
internal_value=7.38629e-05 0.027001 -0.0153641 0.0187249 -0.0272966 0.0619436 -0.00496322 -0.0344716 0.0290571 0.0485435 0.0747962 0.0119045 0.000211353 0.070055 -0.010892
internal_weight=27486 10016 17470 8098 8136 1918 9334 3666 3220 939 979 4878 4984 784 4350
internal_count=27486 10016 17470 8098 8136 1918 9334 3666 3220 939 979 4878 4984 784 4350
is_linear=0
shrinkage=0.0417893


Tree=12
num_leaves=16
num_cat=1
split_feature=50 49 50 9 49 9 50 9 51 55 15 9 19 6 0
split_gain=5984.9 1875.67 726.861 409.503 246.804 117.112 96.8555 71.2764 55.3925 54.6824 37.6071 37.1632 34.3225 33.2334 33.4116
threshold=22.326577275000002 23.641093575000003 21.542572850000003 24.616100500000005 22.895683600000002 21.020160000000004 21.855441400000007 26.085972250000005 24.387678383333334 0.19061251669034021 2.3159936155569585 22.488111500000006 25.096068500000005 12.500000000000002 0
decision_type=2 2 2 2 2 2 2 2 2 2 8 2 2 2 9
left_child=2 4 5 8 11 -1 -4 10 -3 -6 -5 -2 -12 14 -8
right_child=1 3 6 7 9 -7 13 -9 -10 -11 12 -13 -14 -15 -16
leaf_value=-0.03720424707649269 0.0022685876560819065 0.032687379864936979 -0.015256401626100306 0.04446516360502191 0.035434454555103467 -0.024944664862267155 -0.0082494589514680184 0.089225935487559124 0.049388277014487551 0.01820447564168964 0.057062029755767144 0.009106232612037397 0.073418009702424097 -0.0095831473924753528 0.0017466415375306076
leaf_weight=1999 2495 1524 3615 170 354 4262 1033 208 449 3522 415 3129 487 2493 1324
leaf_count=1999 2495 1524 3615 170 354 4262 1033 208 449 3522 415 3129 487 2493 1324
internal_value=8.57246e-05 0.0210427 -0.0180634 0.0484305 0.0116646 -0.0288589 -0.0100788 0.0668387 0.0364881 0.0197781 0.0624948 0.00607282 0.0658928 -0.00621958 -0.00266193
internal_weight=27479 12753 14726 3253 9500 6261 8465 1280 1973 3876 1072 5624 902 4850 2357
internal_count=27479 12753 14726 3253 9500 6261 8465 1280 1973 3876 1072 5624 902 4850 2357
cat_boundaries=0 1
cat_threshold=5953
is_linear=0
shrinkage=0.0417893


Tree=13
num_leaves=16
num_cat=2
split_feature=48 48 48 9 9 9 9 36 9 0 48 6 15 0 6
split_gain=5527.71 1389.62 1069.48 247.954 174.393 163.624 144.289 49.972 49.726 45.3534 40.8033 40.1152 40.0361 39.1547 30.9445
threshold=22.801877400000002 21.706703900000004 24.146546000000004 22.109409500000002 21.125034000000003 24.869433500000003 23.276302500000003 21.973412500000006 26.085972250000005 0 23.603042700000007 12.500000000000002 3.7067976964636302 1 16.500000000000004
decision_type=2 2 2 2 2 2 2 2 2 9 2 2 8 9 2
left_child=1 4 6 -3 14 9 -2 -5 12 -4 -8 -6 -7 -9 -1
right_child=2 3 5 7 11 8 10 13 -10 -11 -12 -13 -14 -15 -16
leaf_value=-0.029364011402467523 0.014651579639153084 -0.0094711016195787694 0.049380574635299275 -0.0056205958099837649 -0.014677627463672177 0.046709765121507138 0.023077818144698618 0.0088905031373065525 0.086639642909200662 0.023376711342033351 0.033208150718831021 -0.022821315513184892 0.069008954764545022 0.0016723479620998742 -0.03855126071502276
leaf_weight=1284 3133 4925 746 1006 1403 185 1519 2155 209 216 1279 4275 586 3373 1277
leaf_count=1284 3133 4925 746 1006 1403 185 1519 2155 209 216 1279 4275 586 3373 1277
internal_value=2.73418e-05 -0.0118023 0.0296247 -0.00239061 -0.0248922 0.0565413 0.0208113 0.00294631 0.0685595 0.0442982 0.0277085 -0.0208091 0.0636583 0.00450534 -0.0339451
internal_weight=27571 19698 7873 11459 8239 1942 5931 6534 980 962 2798 5678 771 5528 2561
internal_count=27571 19698 7873 11459 8239 1942 5931 6534 980 962 2798 5678 771 5528 2561
cat_boundaries=0 1 2
cat_threshold=2368 10312
is_linear=0
shrinkage=0.0417893


Tree=14
num_leaves=16
num_cat=0
split_feature=48 48 48 48 51 9 51 9 51 24 51 9 59 9 55
split_gain=5055.07 1374.06 966.377 228.123 161.332 156.238 137.363 50.2346 44.569 44.1715 40.769 37.1918 33.351 32.87 29.2882
threshold=22.578229100000005 24.146546000000004 21.706703900000004 23.233722200000006 21.306809433333338 24.869433500000003 22.108774033333336 23.301429000000002 20.830162250000004 26.107335000000003 24.19017916666667 22.741980500000004 10.508333333333335 22.024843000000001 0.64090693664069509
decision_type=2 2 2 2 2 2 2 2 2 2 2 2 2 2 2
left_child=2 3 4 11 8 10 12 -5 -1 -7 -3 -2 -4 -8 -12
right_child=1 5 6 7 -6 9 13 -9 -10 -11 14 -13 -14 -15 -16
leaf_value=-0.038697594599571387 0.0065064793061658131 0.031191874769971595 -0.010701846966780018 0.01681142432308623 -0.01865723784864522 0.062545657166771171 -0.0061161669043264559 0.028412790118357949 -0.027845942785198346 0.085108076214014533 0.043176830038984142 0.013769794736345844 0.0036823279041204469 0.0022917516114923657 0.062259237558346441
leaf_weight=865 2211 327 3966 928 4604 799 1024 2190 2802 187 437 2778 303 3922 207
leaf_count=865 2211 327 3966 928 4604 799 1024 2190 2802 187 437 2778 303 3922 207
internal_value=8.38532e-05 0.0236793 -0.0134964 0.0160927 -0.023866 0.0551073 -0.00418909 0.0249599 -0.0304057 0.0668248 0.0432088 0.0105509 -0.0096809 0.000551009 0.0493105
internal_weight=27550 10064 17486 8107 8271 1957 9215 3118 3667 986 971 4989 4269 4946 644
internal_count=27550 10064 17486 8107 8271 1957 9215 3118 3667 986 971 4989 4269 4946 644
is_linear=0
shrinkage=0.0417893


Tree=15
num_leaves=16
num_cat=0
split_feature=49 49 48 49 51 51 18 9 49 59 51 9 59 51 8
split_gain=4676.86 1074.73 1028.55 192.683 160.679 149.218 101.91 49.703 41.1403 34.1512 30.4734 29.7521 28.6496 26.5778 24.0658
threshold=22.688348325000003 24.258648500000003 21.706703900000004 23.490293050000002 22.302089116666668 21.306809433333338 24.980271500000004 23.077108500000005 20.790293350000002 10.508333333333335 21.918901775000005 26.085972250000005 10.508333333333335 21.631774433333337 1.5000000000000002
decision_type=2 2 2 2 2 2 2 2 2 2 2 2 2 2 2
left_child=2 3 5 7 9 8 -3 -2 -1 10 -4 -8 -5 -7 -11
right_child=1 6 4 12 -6 13 11 -9 -10 14 -12 -13 -14 -15 -16
leaf_value=-0.037920871107674628 0.010069412417503022 0.043955527798408799 -0.011902693606329879 0.026400869159246859 0.0032637928471265362 -0.020200938800469432 0.060280195200626663 0.01854092162784831 -0.026980117577824762 0.015709489415893542 -0.0057199127636797954 0.078891257659359532 0.040868011677504298 -0.013495966886399665 -0.0036873408332083802
leaf_weight=759 3143 836 2376 1874 4115 3076 699 1966 2869 174 3362 191 274 1554 312
leaf_count=759 3143 836 2376 1874 4115 3076 699 1966 2869 174 3362 191 274 1554 312
internal_value=3.36226e-05 0.0247939 -0.0119265 0.0177446 -0.00314321 -0.0229231 0.0544328 0.0133293 -0.029269 -0.0073792 -0.00828009 0.0642743 0.0282463 -0.0179505 0.00325721
internal_weight=27580 8983 18597 7257 10339 8258 1726 5109 3628 6224 5738 890 2148 4630 486
internal_count=27580 8983 18597 7257 10339 8258 1726 5109 3628 6224 5738 890 2148 4630 486
is_linear=0
shrinkage=0.0417893


Tree=16
num_leaves=16
num_cat=2
split_feature=49 48 50 50 48 49 51 18 54 0 51 0 59 6 54
split_gain=4327.68 1348.41 543.203 242.468 198.97 88.5599 83.2295 47.2722 45.463 38.5902 32.9923 31.2184 35.1553 30.6237 28.1792
threshold=22.358307650000004 23.888762800000006 21.542572850000003 23.056021700000006 24.700500800000004 20.965230100000003 21.889266500000005 25.303182000000003 0.19146751513680102 0 24.387678383333334 1 10.491666666666669 14.500000000000002 0.75083800376535403
decision_type=2 2 2 2 2 2 2 2 2 9 2 9 2 2 2
left_child=2 3 5 9 10 -1 -4 -6 -5 13 -3 12 -10 -2 -11
right_child=1 4 6 8 7 -7 -8 -9 11 14 -12 -13 -14 -15 -16
leaf_value=-0.032702531342657055 0.01524341394340786 0.029887462665639651 -0.012831761048353454 0.031602627067398525 0.04970171665357883 -0.021388749028099396 -0.0047175278046193729 0.066363315192282377 0.019650650690374548 0.0053836708935171744 0.044199447514840409 0.013230545535483655 0.036392712699598394 -0.00091006046458708709 -0.0087351109069368476
leaf_weight=1621 1204 873 3954 512 583 4745 4998 607 1390 4559 415 1415 260 247 261
leaf_count=1621 1204 873 3954 512 583 4745 4998 607 1390 4559 415 1415 260 247 261
internal_value=-0.000105592 0.0183268 -0.0149377 0.0113935 0.045881 -0.0242696 -0.0083015 0.0582006 0.0200757 0.00644117 0.0344989 0.0181501 0.0221545 0.0124081 0.00460958
internal_weight=27644 12326 15318 9848 2478 6366 8952 1190 3577 6271 1288 3065 1650 1451 4820
internal_count=27644 12326 15318 9848 2478 6366 8952 1190 3577 6271 1288 3065 1650 1451 4820
cat_boundaries=0 1 2
cat_threshold=11200 10248
is_linear=0
shrinkage=0.0417893


Tree=17
num_leaves=16
num_cat=3
split_feature=49 50 48 50 50 9 19 9 51 0 6 0 9 6 0
split_gain=3999.32 932.071 846.066 160.574 131.596 129.554 99.511 45.2014 40.3856 32.6378 30.7272 32.0751 29.8074 25.6734 23.7712
threshold=22.688348325000003 24.224972200000003 21.716422500000004 23.172501737500003 22.316504637500007 21.281221500000004 25.096068500000005 23.461739000000005 20.858621133333337 0 16.500000000000004 1 26.085972250000005 8.5000000000000018 2
decision_type=2 2 2 2 2 2 2 2 2 9 2 9 2 2 9
left_child=2 3 5 9 10 8 -3 -5 -1 -2 11 -4 13 -8 -6
right_child=1 6 4 7 14 -7 12 -9 -10 -11 -12 -13 -14 -15 -16
leaf_value=-0.033472506026871345 0.017811244149666311 0.041237536034288792 -0.0099324801439890885 0.017609674576435603 0.0071700759310638013 -0.016196795890931901 0.067181366258434891 0.026962685078676874 -0.023955452083836679 0.0078775994855081275 -0.016035617618326788 -0.0034292257023335049 0.076152113013985639 0.049718957620628154 0.00042279963556342189
leaf_weight=1083 746 938 2117 1731 1478 4512 250 1885 2771 2847 569 3616 183 357 2372
leaf_count=1083 746 938 2117 1731 1478 4512 250 1885 2771 2847 569 3616 183 357 2372
internal_value=-8.30343e-05 0.0228757 -0.0111632 0.0162684 -0.00305446 -0.021003 0.0504408 0.0224853 -0.0266298 0.0100116 -0.00677325 -0.00585396 0.0613682 0.0569111 0.00303278
internal_weight=27455 8937 18518 7209 10152 8366 1728 3616 3854 3593 6302 5733 790 607 3850
internal_count=27455 8937 18518 7209 10152 8366 1728 3616 3854 3593 6302 5733 790 607 3850
cat_boundaries=0 1 2 3
cat_threshold=2496 5952 10440
is_linear=0
shrinkage=0.0417893


Tree=18
num_leaves=16
num_cat=0
split_feature=50 50 9 48 48 48 18 59 9 49 16 51 54 9 54
split_gain=3646.81 896.148 731.13 198.246 130.737 103.22 71.6556 46.1743 34.4354 29.2893 27.5104 26.5271 24.538 22.7022 22.6754
threshold=22.646454012500005 24.310351975000003 21.622490000000003 23.233722200000006 22.035384000000004 21.128068000000003 25.094444500000005 10.508333333333335 22.457135000000005 23.616855800000003 -1.7960279999999995 21.467938216666671 0.22702924366118324 26.085972250000005 0.28525957838547822
decision_type=2 2 2 2 2 2 2 2 2 2 10 2 2 2 2
left_child=2 3 5 -2 -4 -1 -3 9 -6 12 -9 -7 -5 14 -8
right_child=1 6 4 7 8 11 13 10 -10 -11 -12 -13 -14 -15 -16
leaf_value=-0.02805323937352255 0.0092902685829954357 0.041030348742836849 -0.0091544516056394198 0.027250828711170173 -0.0021069499134974247 -0.020214129059509083 0.064230557428256785 0.026666315621259228 0.0045083849816342988 0.02511748031268619 0.048795240586814975 -0.014280770972194524 0.014174413134469209 0.071867982499296781 0.047632090447890095
leaf_weight=2354 4378 875 4450 316 3729 2922 249 232 2176 1489 170 2394 1211 173 340
leaf_count=2354 4378 875 4450 316 3729 2922 249 232 2176 1489 170 2394 1211 173 340
internal_value=2.83741e-05 0.0210807 -0.0109889 0.0151784 -0.00374543 -0.0207681 0.0491894 0.0227204 0.00033081 0.0209471 0.0360244 -0.0175421 0.0168805 0.0585584 0.0546491
internal_weight=27458 9433 18025 7796 10355 7670 1637 3418 5905 3016 402 5316 1527 762 589
internal_count=27458 9433 18025 7796 10355 7670 1637 3418 5905 3016 402 5316 1527 762 589
is_linear=0
shrinkage=0.0417893


Tree=19
num_leaves=16
num_cat=2
split_feature=50 9 50 49 9 9 19 50 9 48 0 16 54 17 0
split_gain=3406.07 772.465 738.602 162.445 153.149 88.3455 78.3645 36.1405 32.504 30.7626 29.2646 26.9269 25.5169 25.4009 24.2007
threshold=22.714804725000004 24.458981500000004 21.636511987500004 23.490293050000002 22.109409500000002 21.084863000000002 25.305242500000002 22.326577275000002 23.508546500000005 23.071694200000003 0 0.11986449999999983 0.56519223079342307 0.33138200000000034 1
decision_type=2 2 2 2 2 2 2 2 2 2 9 8 2 10 9
left_child=2 3 5 9 14 -1 11 -6 -5 10 12 13 -2 -3 -4
right_child=1 6 4 8 7 -7 -8 -9 -10 -11 -12 -13 -14 -15 -16
leaf_value=-0.027099695216599554 0.011492641915287621 0.041033170367510446 -0.011675188301698348 0.017312172150759905 -0.0026555217080321374 -0.017253370972052574 0.059468400274887874 0.0041823803399404138 0.027798008542315823 0.015337886248249038 0.0062611330037149427 0.046249046078986875 0.030789347003577654 0.020170308208914241 -0.0060257997455985058
leaf_weight=2340 410 246 2176 753 2227 4974 608 3427 1642 1868 2313 587 169 174 3631
leaf_count=2340 410 246 2176 753 2227 4974 608 3427 1642 1868 2313 587 169 174 3631
internal_value=1.54711e-05 0.0215166 -0.0100279 0.0156243 -0.00340657 -0.0204036 0.0476216 0.00148906 0.0245012 0.0111578 0.00845782 0.0404687 0.0168343 0.03239 -0.00817322
internal_weight=27545 8770 18775 7155 11461 7314 1615 5654 2395 4760 2892 1007 579 420 5807
internal_count=27545 8770 18775 7155 11461 7314 1615 5654 2395 4760 2892 1007 579 420 5807
cat_boundaries=0 1 2
cat_threshold=2112 5696
is_linear=0
shrinkage=0.0417893


Tree=20
num_leaves=16
num_cat=3
split_feature=50 48 50 19 50 18 50 50 0 55 0 59 6 6 0
split_gain=3096.51 682.762 675.541 131.429 103.766 92.9055 91.9438 33.2859 31.7861 30.9534 34.2029 35.3639 27.5102 26.0405 33.0728
threshold=22.714804725000004 24.146546000000004 21.805123975000004 21.292700000000004 23.193943350000005 24.786345500000007 22.316504637500007 20.801491625000008 0 0.17206073323076165 1 10.491666666666669 16.500000000000004 12.500000000000002 2
decision_type=2 2 2 2 2 2 2 2 9 2 9 2 2 2 9
left_child=2 4 3 7 -2 8 13 -1 -3 -6 11 -11 -5 14 -4
right_child=1 5 6 12 9 -7 -8 -9 -10 10 -12 -13 -14 -15 -16
leaf_value=-0.031218517669836618 0.0091825335295032638 0.036509343763743304 -0.0074001540326493354 -0.011169522945216817 0.032483176029032036 0.050319877627737493 0.002969314816754253 -0.021507912905390461 0.014865809374414439 0.019879329148060704 0.012877886432952613 0.036849115103192678 -0.017483054138534182 -0.0080372514148663431 0.0021584741745758946
leaf_weight=764 3476 638 1158 3512 292 1100 4081 3192 204 1473 1343 251 1835 2898 1373
leaf_count=764 3476 638 1158 3512 292 1100 4081 3192 204 1473 1343 251 1835 2898 1373
internal_value=-3.97018e-05 0.0204569 -0.00960216 -0.0176086 0.0142442 0.042323 -0.00176997 -0.0233833 0.0318757 0.0194821 0.0182443 0.0222211 -0.0133362 -0.0053325 -0.00223556
internal_weight=27590 8777 18813 9303 6835 1942 9510 3956 842 3359 3067 1724 5347 5429 2531
internal_count=27590 8777 18813 9303 6835 1942 9510 3956 842 3359 3067 1724 5347 5429 2531
cat_boundaries=0 1 2 3
cat_threshold=2368 2120 5953
is_linear=0
shrinkage=0.0417893


Tree=21
num_leaves=16
num_cat=2
split_feature=48 48 48 9 50 9 49 18 54 0 0 59 7 40 6
split_gain=2876.83 817.355 445.508 149.641 130.461 85.6224 62.9631 41.699 38.4457 33.876 32.5382 28.3269 27.7939 27.3543 26.5418
threshold=22.456931200000003 23.888762800000006 21.550340500000001 24.782394750000005 23.035430800000004 22.036893500000001 20.965230100000003 26.090524500000004 0.19146751513680102 0 1 10.508333333333335 47.500000000000007 21.945578750000003 8.5000000000000018
decision_type=2 2 2 2 2 2 2 2 2 9 9 2 2 2 2
left_child=2 4 6 9 10 -4 -1 14 -6 -3 12 -10 -2 -7 -5
right_child=1 3 5 7 8 13 -8 -9 11 -11 -12 -13 -14 -15 -16
leaf_value=-0.026667336262057344 0.015193620335780082 0.032747265101420946 -0.0087667628723541793 0.054144864423410231 0.026777415419975636 -0.0067528674924007956 -0.017186901994557423 0.066213794113573671 0.013182688956184772 0.017027512186068086 0.0041294579439836868 0.026098140291795108 -0.0020856343980424717 0.0011648648833087402 0.039495133741480941
leaf_weight=1618 953 952 5690 347 526 1017 5016 197 2778 432 3948 332 196 3039 572
leaf_count=1618 953 952 5690 347 526 1017 5016 197 2778 432 3948 332 196 3039 572
internal_value=2.43041e-05 0.0163126 -0.0111458 0.0373811 0.0102813 -0.00545973 -0.0194991 0.0487667 0.0163287 0.0282002 0.00596726 0.0145614 0.0121404 -0.000820425 0.0450267
internal_weight=27613 11233 16380 2500 8733 9746 6634 1116 3636 1384 5097 3110 1149 4056 919
internal_count=27613 11233 16380 2500 8733 9746 6634 1116 3636 1384 5097 3110 1149 4056 919
cat_boundaries=0 1 2
cat_threshold=6976 11072
is_linear=0
shrinkage=0.0417893


Tree=22
num_leaves=16
num_cat=2
split_feature=48 50 48 50 51 49 6 23 59 6 59 55 0 0 14
split_gain=2606.91 606.807 551.244 127.139 104.178 79.7419 52.5651 41.1554 40.8979 58.0749 31.1801 25.6831 24.3262 24.2295 29.1307
threshold=22.665110600000002 24.310351975000003 21.655952700000004 23.193943350000005 22.228724008333337 21.102973575000004 13.500000000000002 25.101359000000006 10.508333333333335 10.500000000000002 10.508333333333335 0.17206073323076165 0 1 0.95167963780316855
decision_type=2 2 2 2 2 2 2 2 2 2 2 2 9 9 10
left_child=2 3 5 13 10 -1 7 -3 11 -10 -4 -5 -13 14 -2
right_child=1 6 4 8 -6 -7 -8 -9 9 -11 -12 12 -14 -15 -16
leaf_value=-0.024401076218937199 0.022448660918700958 0.037256309022841612 -0.0074815055151097676 0.029972220459309078 0.0016702756267609792 -0.014976639482751955 0.02243056759605255 0.051664040795391462 0.013894426365912376 0.04506947055477073 0.0044898832670704656 0.0078072226038241946 0.01801120729170215 0.0062119999191191152 0.0070740065700278113
leaf_weight=2181 410 688 5525 255 4701 5577 218 697 189 233 408 558 2347 3083 453
leaf_count=2181 410 688 5525 255 4701 5577 218 697 189 233 408 558 2347 3083 453
internal_value=-9.38685e-05 0.0181592 -0.00915588 0.013188 -0.00297644 -0.0176261 0.0415047 0.044507 0.0188881 0.0311072 -0.00665826 0.0172563 0.0161401 0.00801374 0.0142136
internal_weight=27523 9131 18392 7528 10634 7758 1603 1385 3582 422 5933 3160 2905 3946 863
internal_count=27523 9131 18392 7528 10634 7758 1603 1385 3582 422 5933 3160 2905 3946 863
cat_boundaries=0 1 2
cat_threshold=4358 3008
is_linear=0
shrinkage=0.0417893


Tree=23
num_leaves=16
num_cat=1
split_feature=49 9 49 18 9 9 18 49 0 49 7 7 7 59 54
split_gain=2350.8 601.843 494.941 113.77 99.3895 82.5872 36.1024 31.713 26.7325 26.2823 25.6953 23.2301 22.8149 21.9231 21.288
threshold=22.786682300000002 21.663719500000003 24.408739175000004 22.096400250000006 23.227624000000002 21.302486250000005 25.094444500000005 23.590680500000005 0 20.790293350000002 47.500000000000007 28.500000000000004 8.5000000000000018 10.008333333333335 0.20609399359641281
decision_type=2 2 2 2 2 2 2 2 9 2 2 2 2 2 2
left_child=1 5 4 -3 -2 9 -4 14 10 -1 12 13 -5 -9 -6
right_child=2 3 6 8 7 -7 -8 11 -10 -11 -12 -13 -14 -15 -16
leaf_value=-0.027728026874968666 0.0086582109585934316 -0.0064649879246260226 0.033800832130708523 -0.0022444962876685842 0.025244546406978697 -0.012286024274852923 0.046807102875156374 0.022154009498434456 -0.00015256308025324216 -0.019129914988934349 -0.0034667189122368921 0.018598030927213613 0.0095362040970497098 0.036382061854960415 0.012703311888806424
leaf_weight=760 3126 4943 704 348 286 3993 792 431 3987 3391 462 939 1640 337 1362
leaf_count=760 3126 4943 704 348 286 3993 792 431 3987 3391 462 939 1640 337 1362
internal_value=-9.39356e-05 -0.00790363 0.0190206 -0.0016968 0.0140195 -0.0165767 0.0406865 0.0190148 0.00196472 -0.0207041 0.00538889 0.0230069 0.00747399 0.0283973 0.0148798
internal_weight=27501 19524 7977 11380 6481 8144 1496 3355 6437 4151 2450 1707 1988 768 1648
internal_count=27501 19524 7977 11380 6481 8144 1496 3355 6437 4151 2450 1707 1988 768 1648
cat_boundaries=0 1
cat_threshold=10440
is_linear=0
shrinkage=0.0417893


Tree=24
num_leaves=16
num_cat=2
split_feature=49 49 51 9 9 9 9 0 55 55 8 49 51 7 0
split_gain=2225.68 522.369 497.409 107.872 94.7623 57.0374 54.3045 33.0518 34.4145 31.7435 31.7167 26.6807 26.2797 24.0403 24.5385
threshold=22.688348325000003 24.333836650000002 21.846502816666668 21.335581500000007 23.227624000000002 22.096354750000007 25.422368000000002 0 0.56489881706181244 0.19281171127386987 1.5000000000000002 23.687831200000002 20.830162250000004 47.500000000000007 1
decision_type=2 2 2 2 2 2 2 9 2 2 2 2 2 2 9
left_child=2 4 3 12 7 -4 -3 8 -2 -6 -8 -11 -1 14 -7
right_child=1 6 5 -5 9 13 10 -9 -10 11 -12 -13 -14 -15 -16
leaf_value=-0.026192023146730282 0.0094814368348325722 0.03341742244400956 -0.0052456435412790723 -0.010819519825923921 0.028648070036112448 -0.0032644308768844379 0.057913658435532388 0.005955892026863161 0.027388244780786108 0.012816332772466514 0.036051111967380471 0.020939790621524689 -0.018076657081822916 -0.004260585672304926 0.0045194262147101724
leaf_weight=868 555 1119 3568 5283 394 884 319 3160 283 1790 182 1166 3534 999 3442
leaf_count=868 555 1119 3568 5283 394 884 319 3160 283 1790 182 1166 3534 999 3442
internal_value=-3.99214e-05 0.017057 -0.00829299 -0.0148453 0.0123214 -0.0011571 0.038537 0.0079773 0.0153456 0.0175058 0.0499716 0.0160206 -0.0196769 0.00158241 0.00293173
internal_weight=27546 8968 18578 9685 7348 8893 1620 3998 838 3350 501 2956 4402 5325 4326
internal_count=27546 8968 18578 9685 7348 8893 1620 3998 838 3350 501 2956 4402 5325 4326
cat_boundaries=0 1 2
cat_threshold=2112 4865
is_linear=0
shrinkage=0.0417893


Tree=25
num_leaves=16
num_cat=2
split_feature=48 48 51 50 51 49 18 0 59 59 54 0 6 6 59
split_gain=2042.13 472.275 463.6 103.833 99.0916 51.176 37.2163 31.7628 54.7476 30.4176 28.6198 24.4203 33.453 23.4855 21.4036
threshold=22.698972300000005 24.524600900000003 21.631774433333337 23.215773587500006 22.219635183333335 20.965230100000003 26.090524500000004 0 10.508333333333335 10.508333333333335 0.23857981945265741 1 9.5000000000000018 8.5000000000000018 10.475000000000001
decision_type=2 2 2 2 2 2 2 9 2 2 2 9 2 2 2
left_child=2 3 5 -2 9 -1 13 10 -9 -4 -5 12 -6 -3 -15
right_child=1 6 4 7 11 -7 -8 8 -10 -11 -12 -13 -14 14 -16
leaf_value=-0.022625571078839026 0.0075328569093374362 0.043535578618254696 -0.0068143264954259979 0.022920555666112011 0.020465979805361269 -0.014198736047707734 0.054983063550497466 0.018759894613188884 0.043468392791099569 0.0048060145078093952 0.0088277990958033035 -0.00038977186169722087 0.0034694725196577586 0.027344983257852756 0.043677528718459355
leaf_weight=1635 3738 449 5997 330 232 5466 212 2135 169 421 1060 3374 1576 559 187
leaf_count=1635 3738 449 5997 330 232 5466 212 2135 169 421 1060 3374 1576 559 187
internal_value=9.39315e-05 0.0166461 -0.00772944 0.0124432 -0.00258148 -0.016139 0.0388468 0.017412 0.0204834 -0.00605207 0.0120866 0.00171691 0.00561936 0.0359841 0.0314391
internal_weight=27540 8839 18701 7432 11600 7101 1407 3694 2304 6418 1390 5182 1808 1195 746
internal_count=27540 8839 18701 7432 11600 7101 1407 3694 2304 6418 1390 5182 1808 1195 746
cat_boundaries=0 1 2
cat_threshold=9478 2120
is_linear=0
shrinkage=0.0417893


Tree=26
num_leaves=16
num_cat=1
split_feature=49 48 9 9 9 49 50 22 0 54 38 59 6 17 54
split_gain=1908.4 595.891 244.561 109.405 106.423 41.7825 36.9536 33.1863 31.8764 30.26 26.6154 24.864 22.7774 20.2045 18.574
threshold=22.347555500000002 23.888762800000006 21.528015000000007 23.005897500000003 24.782394750000005 20.965230100000003 21.855441400000007 26.096706500000003 0 0.19387372708837355 24.414151250000003 10.991666666666669 14.500000000000002 0.55649050000000011 0.75083800376535403
decision_type=2 2 2 2 2 2 2 2 9 2 2 2 2 10 2
left_child=2 3 5 8 10 -1 -4 13 12 -5 -3 -11 -2 -6 -10
right_child=1 4 6 9 7 -7 -8 -9 14 11 -12 -13 -14 -15 -16
leaf_value=-0.021885275858521819 0.0097538188366639803 0.018093526774994668 -0.0086092999722924089 0.021508806267229678 0.039762541178810777 -0.014165178160990369 -0.003016743415125661 0.055702883750865913 0.0023669605600673336 0.010265685010288662 0.030082482771445162 0.022988300958488056 -0.0008976237582174418 0.023697074561160467 -0.010753164713956523
leaf_weight=1624 1981 842 3531 627 734 4974 4964 197 3549 2862 525 296 426 168 199
leaf_count=1624 1981 842 3531 627 734 4974 4964 197 3549 2862 525 296 426 168 199
internal_value=-4.85138e-05 0.0120941 -0.0100294 0.00753233 0.0304819 -0.0160654 -0.00534132 0.0401641 0.0040943 0.0131231 0.0226979 0.0114582 0.00783613 0.0367703 0.0016659
internal_weight=27499 12406 15093 9940 2466 6598 8495 1099 6155 3785 1367 3158 2407 902 3748
internal_count=27499 12406 15093 9940 2466 6598 8495 1099 6155 3785 1367 3158 2407 902 3748
cat_boundaries=0 1
cat_threshold=2120
is_linear=0
shrinkage=0.0417893


Tree=27
num_leaves=16
num_cat=2
split_feature=50 9 9 50 9 6 0 0 6 22 48 51 47 6 7
split_gain=1698.51 539.353 224.436 119.278 89.651 49.5292 37.0902 30.6476 29.0283 31.9885 28.6199 27.7284 24.6677 24.471 22.5355
threshold=22.326577275000002 23.799585500000003 21.397467500000001 24.310351975000003 22.858495000000001 16.500000000000004 0 1 13.500000000000002 25.098621500000004 23.054017400000003 20.830162250000004 24.908192750000001 12.500000000000002 21.500000000000004
decision_type=2 2 2 2 2 2 9 9 2 2 2 2 2 2 2
left_child=2 4 11 14 7 6 -4 -2 9 12 -6 -1 -5 -8 -3
right_child=1 3 5 8 10 -7 13 -9 -10 -11 -12 -13 -14 -15 -16
leaf_value=-0.023430407438414298 0.0049787921460403292 0.026003886811830638 -0.0077638569051515496 0.037709035970069714 0.0065937199572378364 -0.01221962899107963 0.0014541111805483223 -0.0020344381237817062 0.019485267597740632 0.043696433159320848 0.013720587894271654 -0.015253050618162487 0.021354467008203211 -0.0046993465102171273 0.014303936120283104
leaf_weight=872 4134 424 3356 381 1532 1740 2026 1473 180 683 2751 4271 279 2548 893
leaf_count=872 4134 424 3356 381 1532 1740 2026 1473 180 683 2751 4271 279 2548 893
internal_value=3.40498e-05 0.0112284 -0.0095862 0.0272803 0.00661901 -0.00583487 -0.00443393 0.00314162 0.0352443 0.0373565 0.0111714 -0.0166395 0.0307955 -0.00196944 0.0180707
internal_weight=27543 12730 14813 2840 9890 9670 7930 5607 1523 1343 4283 5143 660 4574 1317
internal_count=27543 12730 14813 2840 9890 9670 7930 5607 1523 1343 4283 5143 660 4574 1317
cat_boundaries=0 1 2
cat_threshold=5952 2127
is_linear=0
shrinkage=0.0417893


Tree=28
num_leaves=16
num_cat=2
split_feature=49 49 9 9 49 23 49 0 6 6 54 9 6 0 6
split_gain=1588.9 479.105 208.697 123 59.635 38.6856 33.6432 29.6557 37.1455 41.9328 30.1197 29.2736 23.3307 19.3355 22.2878
threshold=22.347555500000002 23.616855800000003 21.562977000000004 24.782394750000005 23.001016150000005 21.128158500000005 21.854527950000001 0 11.500000000000002 13.500000000000002 0.21145263908201842 26.085972250000005 8.5000000000000018 1 9.5000000000000018
decision_type=2 2 2 2 2 2 2 9 2 2 2 2 2 9 2
left_child=2 4 5 7 13 -1 -4 8 10 -10 -3 12 -5 -2 -15
right_child=1 3 6 11 -6 -7 -8 -9 9 -11 -12 -13 -14 14 -16
leaf_value=-0.018498042933379116 0.00019962068795744184 0.033877650948500648 -0.0077887231212590714 0.041409136036328127 0.010866532143680163 -0.012034408413532649 -0.0022818057010683354 0.013344492058880358 0.047203703505600741 0.020761549892708342 0.013943584199410898 0.050138518544411391 0.027499833512508197 0.013011255710425378 0.0040881379148479009
leaf_weight=2499 1901 170 3230 339 3060 4582 4841 1037 207 212 598 209 556 567 3546
leaf_count=2499 1901 170 3230 339 3060 4582 4841 1037 207 212 598 209 556 567 3546
internal_value=-6.04532e-07 0.0110914 -0.00907947 0.024654 0.00611715 -0.0143155 -0.00448566 0.0189936 0.0236175 0.0338249 0.0183561 0.0360567 0.0327683 0.0037006 0.00530534
internal_weight=27554 12402 15152 3328 9074 7081 8071 2224 1187 419 768 1104 895 6014 4113
internal_count=27554 12402 15152 3328 9074 7081 8071 2224 1187 419 768 1104 895 6014 4113
cat_boundaries=0 1 2
cat_threshold=2368 5122
is_linear=0
shrinkage=0.0417893


Tree=29
num_leaves=16
num_cat=0
split_feature=50 50 48 18 51 51 18 8 59 59 54 42 16 7 8
split_gain=1466.8 347.697 315.426 66.0848 59.1442 42.574 41.9984 29.3658 36.2309 24.9567 24.9051 21.9721 21.2607 19.5792 19.1776
threshold=22.680907450000003 24.224972200000003 21.635667000000002 23.276672000000005 22.108774033333336 21.306809433333338 24.786345500000007 1.5000000000000002 10.008333333333335 10.508333333333335 0.22702924366118324 24.245788500000003 4.5155605000000012 29.500000000000004 1.5000000000000002
decision_type=2 2 2 2 2 2 2 2 2 2 2 2 10 2 2
left_child=2 3 5 12 7 -1 -3 8 -4 10 -5 -8 -2 -6 -13
right_child=1 6 4 9 13 -7 11 -9 -10 -11 -12 14 -14 -15 -16
leaf_value=-0.016567597515218229 0.0058509102019866773 0.02290429055847638 -0.0045879550492766092 0.021245594410273082 0.0030930229662664869 -0.010257370818271791 0.049409812424013939 -0.0068807765415726087 0.013690665776667757 0.024863814633717382 0.011143217117391089 0.036684644964358068 0.020451164627360324 -0.0017622743352582718 0.021834916142044487
leaf_weight=3614 4051 730 553 533 2972 3863 177 4216 288 362 2126 652 182 2833 198
leaf_count=3614 4051 730 553 533 2972 3863 177 4216 288 362 2126 652 182 2833 198
internal_value=8.20303e-05 0.0138882 -0.00670174 0.00984826 -0.00215463 -0.0133074 0.0305677 -0.00545849 0.00167155 0.0145697 0.0131683 0.0360149 0.00647866 0.000723504 0.0332255
internal_weight=27350 9011 18339 7254 10862 7477 1757 5057 841 3021 2659 1027 4233 5805 850
internal_count=27350 9011 18339 7254 10862 7477 1757 5057 841 3021 2659 1027 4233 5805 850
is_linear=0
shrinkage=0.0417893


Tree=30
num_leaves=16
num_cat=1
split_feature=9 51 9 48 9 51 19 59 2 6 0 21 47 6 6
split_gain=1342.74 330.636 285.523 71.7167 51.2888 49.1053 44.3388 35.0922 43.3938 30.5826 27.3687 21.7465 18.474 17.9242 34.905
threshold=22.622583000000002 24.114261716666672 21.663719500000003 23.071694200000003 22.072337500000003 21.306809433333338 25.096068500000005 10.508333333333335 9.249916500000003 9.5000000000000018 0 22.001242500000004 25.828110500000005 11.500000000000002 13.500000000000002
decision_type=2 2 2 2 2 2 2 2 2 2 9 2 2 2 2
left_child=2 3 5 11 -4 -1 13 9 -9 -5 -6 -2 -8 -3 -15
right_child=1 6 4 7 10 -7 12 8 -10 -11 -12 -13 -14 14 -16
leaf_value=-0.016021914214429625 -0.0059261061012248145 0.01911033575646225 -0.0050680071016054682 0.017063802621894837 0.0033902012736713298 -0.0094716040674256066 0.040277713986508701 0.013667075556670703 0.039875863811626236 0.0087251283520320046 -0.0026188757528976736 0.0058504971502292731 0.025685986916614244 0.042085845768998972 0.017026219274579001
leaf_weight=3568 298 666 4585 1167 3218 4544 573 285 180 2247 2235 3376 206 208 182
leaf_count=3568 298 666 4585 1167 3218 4544 573 285 180 2247 2235 3376 206 208 182
internal_value=0.000114379 0.012945 -0.00652219 0.00907943 -0.00181038 -0.0123527 0.0288559 0.0130424 0.0238124 0.0115755 0.000928699 0.00489529 0.0364191 0.0232766 0.0303914
internal_weight=27538 9388 18150 7553 10038 8112 1835 3879 465 3414 5453 3674 779 1056 390
internal_count=27538 9388 18150 7553 10038 8112 1835 3879 465 3414 5453 3674 779 1056 390
cat_boundaries=0 1
cat_threshold=2190
is_linear=0
shrinkage=0.0417893


Tree=31
num_leaves=16
num_cat=1
split_feature=50 9 51 0 23 59 9 9 50 54 6 55 6 6 6
split_gain=1250.33 282.032 279.348 70.4295 65.9539 51.431 37.1513 35.1725 33.2649 21.2685 20.4586 19.9885 18.5209 18.5057 28.7751
threshold=22.714804725000004 23.890240500000004 21.856127516666671 0 21.303099500000005 10.491666666666669 22.167855500000005 23.139142000000003 24.310351975000003 0.70905319121178512 16.500000000000004 0.14226748083850049 16.500000000000004 9.5000000000000018 10.500000000000002
decision_type=2 2 2 9 2 2 2 2 2 2 2 2 2 2 2
left_child=2 7 4 -3 12 8 -4 -2 -5 13 -6 -9 -1 -8 -15
right_child=1 3 6 5 10 -7 9 11 -10 -11 -12 -13 -14 14 -16
leaf_value=-0.01241479039338215 0.0055247565931523879 0.012556265551021375 -0.0036838604395915465 0.016558803472351044 -0.0062262095317593283 0.045632958302173302 0.00800057691836315 0.024959295785924696 0.029833680646371558 -0.010911279277810446 -0.01161169698475647 0.010890628189835921 -0.018067178796892784 -0.0082610737548493452 0.0024852820907585796
leaf_weight=2286 3521 688 3968 457 3834 276 828 190 1183 222 1815 2457 1817 498 3447
leaf_count=2286 3521 688 3968 457 3834 276 828 190 1183 222 1815 2457 1817 498 3447
internal_value=0.000111158 0.0131296 -0.00599078 0.0246619 -0.0108854 0.028793 -0.00066525 0.0082609 0.0261345 0.00173272 -0.00795654 0.0119005 -0.0149179 0.00232081 0.00112871
internal_weight=27487 8772 18715 2604 9752 1916 8963 6168 1640 4995 5649 2647 4103 4773 3945
internal_count=27487 8772 18715 2604 9752 1916 8963 6168 1640 4995 5649 2647 4103 4773 3945
cat_boundaries=0 1
cat_threshold=9742
is_linear=0
shrinkage=0.0417893


Tree=32
num_leaves=16
num_cat=2
split_feature=49 51 9 9 50 0 9 55 6 55 16 9 6 0 55
split_gain=1163.11 322.604 225.768 61.5479 43.9177 40.6929 36.5343 29.8781 49.8707 38.5529 22.7472 20.5931 19.6984 25.9034 17.8455
threshold=22.895683600000002 21.856127516666671 24.458981500000004 21.302486250000005 22.316504637500007 0 26.085972250000005 0.57631951695892725 11.500000000000002 0.19520446203522854 0.93736850000000038 22.755092000000001 12.500000000000002 1 0.13892701799641069
decision_type=2 2 2 2 2 9 2 2 2 2 8 2 2 9 2
left_child=1 3 5 -1 12 7 10 9 -9 -2 -4 -7 13 -3 -15
right_child=2 4 6 -5 -6 11 -8 8 -10 -11 -12 -13 -14 14 -16
leaf_value=-0.014416251608367509 0.02887723894977837 -0.005190491968411321 0.019744919922768826 -0.0077048950202073946 0.0025104448367088174 0.00070712677444464739 0.044252500293967795 0.010760192414035131 0.033893605915664121 0.0088882053012847382 0.030575118771258607 0.0092518587184534633 -0.0054599375751684396 0.014023991056256518 0.0014355404266562857
leaf_weight=4098 198 997 598 5713 5693 591 219 313 339 1131 781 2957 2522 240 1089
leaf_count=4098 198 997 598 5713 5693 591 219 313 339 1131 781 2957 2522 240 1089
internal_value=3.31221e-05 -0.00505462 0.0145618 -0.0105082 2.1273e-05 0.0105632 0.0283967 0.0153833 0.0227882 0.0118663 0.0258786 0.00780654 -0.00290176 -0.000128013 0.00368116
internal_weight=27479 20352 7127 9811 10541 5529 1598 1981 652 1329 1379 3548 4848 2326 1329
internal_count=27479 20352 7127 9811 10541 5529 1598 1981 652 1329 1379 3548 4848 2326 1329
cat_boundaries=0 1 2
cat_threshold=2752 5953
is_linear=0
shrinkage=0.0417893


Tree=33
num_leaves=16
num_cat=0
split_feature=48 50 51 50 18 48 42 50 59 7 16 8 8 7 6
split_gain=1053.11 274.032 204.199 49.4133 48.0982 41.3701 33.2298 28.144 23.9095 26.8438 33.132 20.863 19.0839 18.3151 19.2238
threshold=22.578229100000005 24.079936700000001 21.606776275000005 23.135880175000004 24.786345500000007 22.091546400000006 24.187351250000003 20.801491625000008 10.008333333333335 21.500000000000004 -2.5089894999999998 1.5000000000000002 1.5000000000000002 49.500000000000007 9.5000000000000018
decision_type=2 2 2 2 2 2 2 2 2 2 10 2 2 2 2
left_child=2 3 7 13 -3 -4 -6 -1 -5 10 -10 -11 -8 14 -2
right_child=1 4 5 8 6 -7 12 -9 9 11 -12 -13 -14 -15 -16
leaf_value=-0.019295192509965368 0.012895436184811317 0.01770560638767359 -0.0049283270590402967 0.008215846753075056 0.046917768678514132 0.00031236152606418732 0.030834664164616634 -0.010850066201848465 0.013512055190798615 0.017961823992105313 0.035567212497525695 0.0057052037332643189 0.016231205098525159 -0.0012181147354182824 0.0044379008740185431
leaf_weight=777 552 905 5820 2168 185 4800 668 6094 271 437 212 545 204 815 3134
leaf_count=777 552 905 5820 2168 185 4800 668 6094 271 437 212 545 204 815 3134
internal_value=1.16899e-05 0.0107586 -0.00619154 0.00737725 0.0247768 -0.00255965 0.0308312 -0.0118051 0.0110027 0.0151268 0.0231926 0.0111595 0.0274183 0.00445099 0.00570447
internal_weight=27587 10096 17491 8134 1962 10620 1057 6871 3633 1465 483 982 872 4501 3686
internal_count=27587 10096 17491 8134 1962 10620 1057 6871 3633 1465 483 982 872 4501 3686
is_linear=0
shrinkage=0.0417893


Tree=34
num_leaves=16
num_cat=3
split_feature=9 9 9 18 0 9 0 9 9 19 6 43 8 7 0
split_gain=974.432 260.401 166.955 84.4564 32.9707 32.8334 32.3333 24.3083 22.1594 20.9986 18.3236 18.2509 18.0538 23.4905 21.8491
threshold=22.4775375 24.616100500000005 21.633930500000002 23.228979000000006 0 21.125034000000003 1 22.060503000000004 26.085972250000005 22.265332500000003 12.500000000000002 23.369776000000005 1.5000000000000002 32.500000000000007 2
decision_type=2 2 2 2 9 2 9 2 2 2 2 2 2 2 9
left_child=2 3 5 9 -5 -1 7 -4 11 -2 -7 -3 14 -14 -11
right_child=1 8 6 4 -6 10 -8 -9 -10 12 -12 -13 13 -15 -16
leaf_value=-0.014592627892030354 -0.0032647451508518183 0.01180886665874633 -0.0033930771880865116 0.0081951727810817207 0.01624479186758401 -0.004508886506508789 -0.0072289063137776829 0.00154025086531148 0.039080786906452468 -0.0027182183036994919 -0.010266872583772462 0.026490259683327348 0.0064311001270991597 -0.00062095590473268392 0.010284374294325776
leaf_weight=2622 612 173 3758 1924 1796 1276 1909 3255 210 267 3962 1018 1753 1558 1491
leaf_count=2622 612 173 3758 1924 1796 1276 1909 3255 210 267 3962 1018 1753 1558 1491
internal_value=-3.28371e-05 0.00975715 -0.00633432 0.00725239 0.0121472 -0.0107751 -0.0024221 -0.00110176 0.0265646 0.0040472 -0.0088642 0.0243577 0.00493 0.00311274 0.00835262
internal_weight=27584 10802 16782 9401 3720 7860 8922 7013 1401 5681 5238 1191 5069 3311 1758
internal_count=27584 10802 16782 9401 3720 7860 8922 7013 1401 5681 5238 1191 5069 3311 1758
cat_boundaries=0 1 2 3
cat_threshold=5135 3087 9472
is_linear=0
shrinkage=0.0417893


Tree=35
num_leaves=16
num_cat=0
split_feature=49 9 9 9 18 49 9 6 55 40 6 6 53 38 55
split_gain=892.919 245.655 160.754 45.9868 39.4344 34.538 27.1272 18.2249 22.3373 17.5874 17.5606 17.0549 15.9458 15.8916 25.503
threshold=22.854077350000001 21.768928500000005 24.458981500000004 21.302486250000005 23.276672000000005 22.2733071 25.422368000000002 12.500000000000002 0.11775008292457508 25.619716000000004 8.5000000000000018 14.500000000000002 0.62651417953811961 24.356207000000001 0.60544305508492957
decision_type=2 2 2 2 2 2 2 2 2 2 2 2 2 2 2
left_child=1 3 4 11 -2 7 10 8 -3 -8 -4 -1 -7 -6 -15
right_child=2 5 6 -5 13 12 9 -9 -10 -11 -12 -13 -14 14 -16
leaf_value=-0.0093893385733977517 0.0054223185374531616 0.010767379584411858 0.027951534490167039 -0.0069355071121208096 0.011013060346313885 0.0025348925072517159 0.039073090677883442 -0.00511662471412201 -0.0016182760653796365 0.023513441662454709 0.016498348159083256 -0.014895340206471706 -0.0064617673670570881 0.011882398094855603 0.030996714005487796
leaf_weight=1581 2653 289 356 5253 2667 5285 286 2736 2117 228 681 2595 368 328 194
leaf_count=1581 2653 289 356 5253 2667 5285 286 2736 2117 228 681 2595 368 328 194
internal_value=-6.64161e-05 -0.00460959 0.0123617 -0.00953762 0.00918659 -0.000305162 0.0243212 -0.00278359 -0.000130554 0.0321712 0.0204302 -0.0128108 0.00194923 0.0123182 0.0189862
internal_weight=27617 20224 7393 9429 5842 10795 1551 5142 2406 514 1037 4176 5653 3189 522
internal_count=27617 20224 7393 9429 5842 10795 1551 5142 2406 514 1037 4176 5653 3189 522
is_linear=0
shrinkage=0.0417893


Tree=36
num_leaves=16
num_cat=4
split_feature=9 49 9 19 9 0 46 6 9 0 59 0 0 59 6
split_gain=825.174 210.534 166.123 57.4876 33.0636 29.9583 25.6175 20.5861 20.2322 19.9777 18.3627 17.2655 16.3873 23.8751 16.3514
threshold=22.577508000000005 23.641093575000003 21.562977000000004 25.305242500000002 22.072337500000003 0 20.896484500000003 15.500000000000002 23.799585500000003 1 10.508333333333335 2 3 10.491666666666669 15.500000000000002
decision_type=2 2 2 2 2 9 2 2 2 9 2 9 9 2 2
left_child=2 5 6 8 10 -2 -1 -7 -3 14 -4 -12 -10 -14 -6
right_child=1 3 4 -5 9 7 -8 -9 12 -11 11 -13 13 -15 -16
leaf_value=-0.015546430808963669 0.0023917200793687169 0.010501077196958543 -0.004903787208893058 0.030106177923257298 0.0044910985057342867 0.0089166461434049202 -0.0091231971070115086 -0.0041132617941015111 0.0077332422267847364 -0.0019714647679287545 0.012458486236333655 -0.0045967315656239892 0.018105916875667382 0.033402823137367296 -0.0079203033119546514
leaf_weight=1340 3006 837 5274 610 2030 3358 5683 226 263 2739 206 194 1280 207 204
leaf_count=1340 3006 837 5274 610 2030 3358 5683 226 263 2739 206 194 1280 207 204
internal_value=3.18418e-05 0.00976615 -0.00535976 0.0185659 -0.00206891 0.00549711 -0.0103488 0.00807248 0.0158448 0.000418586 -0.00424908 0.00438325 0.0184007 0.0201002 0.00334277
internal_weight=27457 9787 17670 3197 10647 6590 7023 3584 2587 4973 5674 400 1750 1487 2234
internal_count=27457 9787 17670 3197 10647 6590 7023 3584 2587 4973 5674 400 1750 1487 2234
cat_boundaries=0 1 2 3 4
cat_threshold=5127 2188 4110 8206
is_linear=0
shrinkage=0.0417893


Tree=37
num_leaves=16
num_cat=4
split_feature=9 50 46 50 9 46 18 55 0 0 47 0 0 52 8
split_gain=778.409 199.687 159.456 50.9484 40.9419 24.172 24.1481 25.2777 22.6845 21.4126 19.6746 18.6382 17.7168 15.8707 15.399
threshold=22.622583000000002 24.310351975000003 21.609602250000002 23.172501737500003 22.024843000000001 20.896484500000003 26.090524500000004 0.17470323160656254 0 1 24.733725500000002 2 3 0.65001985086277125 1.5000000000000002
decision_type=2 2 2 2 2 2 2 2 9 9 2 9 9 2 2
left_child=2 3 5 8 11 -1 7 -3 -2 13 -9 -4 -6 -5 -13
right_child=1 6 4 9 12 -7 -8 10 -10 -11 -12 14 -14 -15 -16
leaf_value=-0.014718345857088177 0.014247673043124577 0.035127109174370452 -0.008650303261151928 0.012663370039772635 0.0025277354430038902 -0.0085964032984492695 0.037135316163970832 0.025278412829542237 0.0030357633106432432 0.007234791883539665 0.014573097326778112 0.0033876731527254984 -0.002442497283973828 0.025352706197545347 -0.0039685420753446041
leaf_weight=1398 336 200 1320 1663 3548 5796 192 520 3865 1704 708 578 1924 192 3544
leaf_count=1398 336 200 1320 1663 3548 5796 192 520 3865 1704 708 578 1924 192 3544
internal_value=0.000105361 0.00987619 -0.00495596 0.00709029 -0.00177217 -0.00978607 0.023221 0.0213501 0.00397365 0.0107691 0.0191063 -0.00433873 0.000780317 0.0139018 -0.00292992
internal_weight=27488 9380 18108 7760 10914 7194 1620 1428 4201 3559 1228 5442 5472 1855 4122
internal_count=27488 9380 18108 7760 10914 7194 1620 1428 4201 3559 1228 5442 5472 1855 4122
cat_boundaries=0 1 2 3 4
cat_threshold=960 6280 4800 2254
is_linear=0
shrinkage=0.0417893


Tree=38
num_leaves=16
num_cat=2
split_feature=9 49 9 9 19 6 47 0 7 55 8 55 0 39 59
split_gain=711.656 172.018 149.741 40.8884 33.4306 26.6386 22.4014 21.7677 25.9755 21.753 21.668 20.2161 20.0612 17.8869 17.6497
threshold=22.622583000000002 23.715966350000006 21.528015000000007 25.422368000000002 22.025489000000004 15.500000000000002 20.896614000000003 0 26.500000000000004 0.56489881706181244 1.5000000000000002 0.32125343428454217 1 23.566429500000002 10.508333333333335
decision_type=2 2 2 2 2 2 2 9 2 2 2 2 9 2 2
left_child=2 5 6 12 -4 7 -1 8 13 -10 -5 -7 -3 -2 -14
right_child=1 3 4 10 -6 11 -8 -9 9 -11 -12 -13 14 -15 -16
leaf_value=-0.014609822002146167 0.020211224390393519 0.0011397147307976182 -0.0042377244705339183 0.035097588541238713 0.00028104270875872213 0.0028290064124951485 -0.0085618602189386633 0.0047379084957239522 0.0022219123966151929 0.016833887530642567 0.017263153248958159 -0.015232832333698982 0.015447919454091586 0.0059936017272663447 0.028350309848710075
leaf_weight=1338 543 171 5522 324 5929 281 5330 4401 723 236 188 176 2004 216 204
leaf_count=1338 543 171 5522 324 5929 281 5330 4401 723 236 188 176 2004 216 204
internal_value=5.46978e-05 0.00934044 -0.00479701 0.0178362 -0.00189804 0.00560545 -0.00977544 0.00633232 0.010329 0.00581777 0.028549 -0.00412698 0.0155306 0.0161651 0.016565
internal_weight=27586 9467 18119 2891 11451 6576 6668 6119 1718 959 512 457 2379 759 2208
internal_count=27586 9467 18119 2891 11451 6576 6668 6119 1718 959 512 457 2379 759 2208
cat_boundaries=0 1 2
cat_threshold=2496 6
is_linear=0
shrinkage=0.0417893


Tree=39
num_leaves=16
num_cat=3
split_feature=50 9 51 0 48 51 54 6 0 6 0 55 55 3 52
split_gain=642.371 216.486 88.8815 54.9953 37.6844 28.2175 29.5542 27.3131 22.7606 24.2466 20.8252 19.6882 18.3471 18.2193 15.4612
threshold=22.326577275000002 23.890240500000004 21.442528333333339 0 23.023267750000002 23.431910325000004 0.6777898929700944 12.500000000000002 1 9.5000000000000018 2 0.19520446203522854 0.14226748083850049 0.45019800000000004 0.12320949777079504
decision_type=2 2 2 9 2 2 2 2 9 2 9 2 2 2 2
left_child=2 4 13 14 8 -5 11 10 9 -2 -4 -7 -6 -1 -3
right_child=1 3 7 5 12 6 -8 -9 -10 -11 -12 -13 -14 -15 -16
leaf_value=-0.019828349669062922 0.015965858566425743 0.018204363538021816 -0.0036033760327231434 0.0050573776660837507 0.02008696045862806 0.032181147172047023 0.032798002783044594 -0.0054408535821167444 0.00017780399364135044 0.003702810387367415 0.0024659980644444182 0.017830904689759879 0.0067830307572489031 -0.0097076249200532001 0.0041778632812776492
leaf_weight=332 325 182 2209 168 191 196 410 5563 3925 2107 1770 1127 3466 4825 558
leaf_count=332 325 182 2209 168 191 196 410 5563 3925 2107 1770 1127 3466 4825 558
internal_value=3.10906e-06 0.00690488 -0.00593892 0.017548 0.00409796 0.0212976 0.0229949 -0.00354998 0.00215359 0.00531971 -0.000906362 0.0199569 0.00747788 -0.0103592 0.00752593
internal_weight=27354 12655 14699 2641 10014 1901 1733 9542 6357 2432 3979 1323 3657 5157 740
internal_count=27354 12655 14699 2641 10014 1901 1733 9542 6357 2432 3979 1323 3657 5157 740
cat_boundaries=0 1 2 3
cat_threshold=9742 2120 5953
is_linear=0
shrinkage=0.0417893


Tree=40
num_leaves=16
num_cat=1
split_feature=9 48 43 48 19 0 36 8 54 59 55 2 16 9 54
split_gain=593.887 187.175 86.5515 39.0428 36.5209 36.3316 23.031 21.3191 20.8304 20.475 19.8896 19.7759 17.7557 17.5176 15.9476
threshold=22.352516250000004 23.888762800000006 21.607344500000004 23.039503200000002 25.305242500000002 0 23.049973500000004 1.5000000000000002 0.68793855843828255 10.491666666666669 0.19520446203522854 10.540192500000002 3.9338224999999998 20.851429000000003 0.19146751513680102
decision_type=2 2 2 2 2 9 2 2 2 2 2 2 10 2 2
left_child=2 3 13 12 6 -4 -3 11 10 -7 -8 -6 -2 -1 -5
right_child=1 4 5 14 7 9 8 -9 -10 -11 -12 -13 -14 -15 -16
leaf_value=-0.013600799233479142 0.0017102312138904572 -0.00029439870670752011 -0.0076400738238323876 0.014382001789773911 0.021855246811263912 -0.0020492488361096252 0.026769562566676921 0.014927171672731566 0.026990538832667946 0.0047041904407984884 0.011867235360909901 0.040047879021606309 0.013084869761552959 -0.0079611260237810819 0.0065265225233137429
leaf_weight=1144 5793 174 1913 530 201 5511 179 208 243 914 1239 217 250 6040 3040
leaf_count=1144 5793 174 1913 530 201 5511 179 208 243 914 1239 217 250 6040 3040
internal_value=-9.05035e-05 0.00686041 -0.00549737 0.00422778 0.0171438 -0.00260082 0.0141704 0.0258597 0.0156857 -0.00108683 0.0137484 0.0312998 0.0021808 -0.0088592 0.00769274
internal_weight=27596 12074 15522 9613 2461 8338 1835 626 1661 6425 1418 418 6043 7184 3570
internal_count=27596 12074 15522 9613 2461 8338 1835 626 1661 6425 1418 418 6043 7184 3570
cat_boundaries=0 1
cat_threshold=12992
is_linear=0
shrinkage=0.0417893


Tree=41
num_leaves=16
num_cat=2
split_feature=49 51 9 28 0 59 19 54 59 9 6 6 0 6 54
split_gain=532.959 148.604 108.272 32.8049 24.9141 36.3496 21.65 21.6452 21.1682 18.6199 16.8568 14.6903 13.2907 15.0573 22.0828
threshold=22.854077350000001 21.856127516666671 24.458981500000004 21.295725500000003 0 10.508333333333335 22.168425750000004 0.17961055952494712 10.750000000000002 26.085972250000005 8.5000000000000018 16.500000000000004 1 12.500000000000002 0.22175619659047888
decision_type=2 2 2 2 9 2 2 2 2 2 2 2 9 2 2
left_child=1 3 4 11 5 -2 12 -6 -5 10 -4 -1 -3 14 -14
right_child=2 6 9 8 7 -7 -8 -9 -10 -11 -12 -13 13 -15 -16
leaf_value=-0.0079277874516759817 0.0084134472308376763 -0.0078624589946468242 0.02388742549676056 -0.0058264297011901495 0.012966801789165814 0.028123456861459662 0.0014814041102163018 0.0024167688517759741 0.0057949621477494028 0.030980948639320216 0.014094411020209426 -0.013014363846007357 0.010101642218770737 -0.0038616798712900842 -0.0013042508971365125
leaf_weight=2261 2945 652 474 5518 398 173 6200 2315 288 208 871 1766 403 1904 1121
leaf_count=2261 2945 652 474 5518 398 173 6200 2315 288 208 871 1766 403 1904 1121
internal_value=-6.22558e-05 -0.0035874 0.00953975 -0.00726018 0.00692824 0.00947665 -7.43176e-05 0.00394991 -0.00524996 0.0193451 0.0175456 -0.0101585 -0.0024384 -0.0013798 0.00171188
internal_weight=27497 20113 7384 9833 5831 3118 10280 2713 5806 1553 1345 4027 4080 3428 1524
internal_count=27497 20113 7384 9833 5831 3118 10280 2713 5806 1553 1345 4027 4080 3428 1524
cat_boundaries=0 1 2
cat_threshold=2248 4672
is_linear=0
shrinkage=0.0417893


Tree=42
num_leaves=16
num_cat=3
split_feature=9 18 45 50 0 6 6 7 0 0 59 54 59 16 54
split_gain=492.835 123.679 109.147 41.0959 29.8105 29.2047 18.8582 22.3484 21.0993 17.3664 55.9365 18.6442 17.1997 17.8318 16.7261
threshold=22.622583000000002 24.618382500000003 21.704706500000004 23.172501737500003 0 16.500000000000004 13.500000000000002 47.500000000000007 1 2 10.508333333333335 0.21397184399973077 10.491666666666669 1.3235820000000007 0.72123070736026096
decision_type=2 2 2 2 9 2 2 2 9 9 2 2 2 8 2
left_child=2 3 5 14 6 -1 7 8 -4 10 -5 -11 13 -3 -2
right_child=1 12 4 9 -6 -7 -8 -9 -10 11 -12 -13 -14 -15 -16
leaf_value=-0.0055603983474322161 0.0034563922680610772 0.010969780020933108 0.010851320992367772 0.0093753189033496977 -0.0054795734607077443 -0.010635551238850518 -0.0020639629114218359 -0.0035659372388327079 0.0020689582339356882 0.014003062088678532 0.0343223577504429 0.0026947960666839714 0.03037379420320457 0.021676001978930312 -0.0098124960430305049
leaf_weight=4803 4044 452 585 2203 2147 3369 3745 947 2511 328 169 1138 212 681 173
leaf_count=4803 4044 452 585 2203 2147 3369 3745 947 2511 328 169 1138 212 681 173
internal_value=-4.50156e-05 0.00771841 -0.00407529 0.00575966 -0.00113272 -0.00765269 7.25698e-05 0.0020518 0.00377015 0.00888849 0.0111059 0.00518949 0.019449 0.0174049 0.00291204
internal_weight=27507 9400 18107 8055 9935 8172 7788 4043 3096 3838 2372 1466 1345 1133 4217
internal_count=27507 9400 18107 8055 9935 8172 7788 4043 3096 3838 2372 1466 1345 1133 4217
cat_boundaries=0 1 2 3
cat_threshold=3087 2048 6344
is_linear=0
shrinkage=0.0417893


Tree=43
num_leaves=16
num_cat=1
split_feature=50 18 33 18 0 59 25 55 6 55 54 8 18 18 6
split_gain=470.797 109.403 104.752 27.4509 25.9978 39.7383 22.5133 19.7894 30.3389 23.4404 18.9611 18.5114 24.5536 15.8945 15.1762
threshold=22.714804725000004 24.459313250000005 21.654626000000004 22.036761000000002 0 10.491666666666669 21.179313500000003 0.57631951695892725 11.500000000000002 0.2039339136778654 0.70905319121178512 1.5000000000000002 25.773480500000002 22.784490500000004 8.5000000000000018
decision_type=2 2 2 2 9 2 2 2 2 2 2 2 2 2 2
left_child=2 4 6 -4 5 7 -1 9 -9 -2 -5 12 14 -6 -3
right_child=1 11 3 10 13 -7 -8 8 -10 -11 -12 -13 -14 -15 -16
leaf_value=-0.010448568002928971 0.019528188030776685 0.023740200999883634 -0.0034539277694362602 0.0012491050047070383 0.00038295392051081742 0.028512480677983301 -0.0058014323178829045 0.0048255937184557389 0.022966297125374669 0.0027984078740927493 -0.011092432783771512 0.011572516456128069 0.034397373636203397 0.005584600977135719 0.012544476828815227
leaf_weight=2816 168 416 4869 5711 1442 179 5150 321 323 1130 226 532 198 3555 430
leaf_count=2816 168 416 4869 5711 1442 179 5150 321 323 1130 226 532 198 3555 430
internal_value=-8.49895e-05 0.00795453 -0.00380838 -0.00112812 0.00574871 0.00962639 -0.00744421 0.00793516 0.0139241 0.00496375 0.000779307 0.0179171 0.0211501 0.00407539 0.0180497
internal_weight=27466 8694 18772 10806 7118 2121 7966 1942 644 1298 5937 1576 1044 4997 846
internal_count=27466 8694 18772 10806 7118 2121 7966 1942 644 1298 5937 1576 1044 4997 846
cat_boundaries=0 1
cat_threshold=2112
is_linear=0
shrinkage=0.0417893


Tree=44
num_leaves=16
num_cat=0
split_feature=9 50 42 50 6 6 19 16 6 3 3 7 7 6 6
split_gain=437.875 142.244 69.4478 35.5574 23.7142 30.3309 22.4736 22.2278 19.3016 18.5674 17.3288 16.2643 15.7659 15.414 32.9739
threshold=22.383028000000003 24.079936700000001 21.597978500000004 23.135880175000004 13.500000000000002 12.500000000000002 24.982759500000004 -0.28430649999999996 8.5000000000000018 0.43629400000000002 0.48552650000000003 50.500000000000007 3.5000000000000004 12.500000000000002 10.500000000000002
decision_type=2 2 2 2 2 2 2 8 2 2 2 2 2 2 2
left_child=2 3 9 7 5 6 -3 8 -2 -1 -9 12 -4 14 -14
right_child=1 4 11 -5 -6 -7 -8 10 -10 -11 -12 -13 13 -15 -16
leaf_value=-0.01709005906525897 0.010102921241147112 0.01061000251458463 -0.0076899687152690976 0.0073993087431231943 0.0049266461860871004 0.030678197848154874 0.02143954455880202 0.013457320250946508 -0.0030454784075708004 -0.0071633562180057316 0.0031118982183363213 -0.0064975643923654309 -0.0032003735365733594 -0.0025581328177783288 0.0054549705452464963
leaf_weight=346 220 699 624 3572 263 291 642 304 1714 6720 4045 1242 1436 3731 1654
leaf_count=346 220 699 624 3572 263 291 642 304 1714 6720 4045 1242 1436 3731 1654
internal_value=-1.89685e-05 0.00608641 -0.00457291 0.00407019 0.0165719 0.0184485 0.0157946 0.00217752 -0.00154979 -0.00764944 0.00383506 -0.00207047 -0.00133192 -0.000750272 0.00143262
internal_weight=27503 11750 15753 9855 1895 1632 1341 6283 1934 7066 4349 8687 7445 6821 3090
internal_count=27503 11750 15753 9855 1895 1632 1341 6283 1934 7066 4349 8687 7445 6821 3090
is_linear=0
shrinkage=0.0417893


Tree=45
num_leaves=16
num_cat=3
split_feature=50 49 51 18 0 6 59 6 2 0 47 23 0 59 51
split_gain=401.967 127.153 56.4521 32.5155 23.447 23.255 18.6801 17.5126 15.415 14.598 14.3048 15.8522 14.1322 20.7378 13.7858
threshold=22.316504637500007 23.616855800000003 21.422240800000001 24.872464500000003 0 16.500000000000004 10.508333333333335 14.500000000000002 6.9109285000000016 1 25.627981500000004 25.596308500000003 2 10.475000000000001 22.539959866666667
decision_type=2 2 2 2 9 2 2 2 2 9 2 2 9 2 2
left_child=2 4 -1 12 7 6 9 14 -8 -4 11 -5 13 -3 -2
right_child=1 3 5 10 -6 -7 8 -9 -10 -11 -12 -13 -14 -15 -16
leaf_value=-0.0083510398879393429 0.013136062604578211 0.010185977979559238 -0.0056225978234030333 0.018182680468405064 0.0010383227900996727 -0.0071739308467774184 -0.0036795950723280658 -0.00058986320003948654 0.0096738645818021437 -0.0013883816261448846 0.010870041121060074 0.032394600854627732 0.0062984415198817081 0.023819416003637472 0.0054361946618695948
leaf_weight=4898 467 909 1924 546 5162 1785 236 748 419 5461 297 183 1190 248 3112
leaf_count=4898 467 909 1924 546 5162 1785 236 748 419 5461 297 183 1190 248 3112
internal_value=2.8854e-05 0.00542604 -0.00468613 0.0123951 0.00294878 -0.00285908 -0.00190112 0.00521346 0.00486254 -0.00250101 0.0186008 0.0217503 0.00968232 0.012996 0.0064409
internal_weight=27585 12862 14723 3373 9489 9825 8040 4327 655 7385 1026 729 2347 1157 3579
internal_count=27585 12862 14723 3373 9489 9825 8040 4327 655 7385 1026 729 2347 1157 3579
cat_boundaries=0 1 2 3
cat_threshold=2504 4672 2112
is_linear=0
shrinkage=0.0417893


Tree=46
num_leaves=16
num_cat=1
split_feature=51 9 23 9 59 55 55 15 55 51 54 0 8 7 17
split_gain=368.361 124.737 50.3856 43.3419 24.2286 21.2971 22.1396 22.7022 18.4536 16.775 24.8349 15.7942 15.8536 33.1979 15.7257
threshold=22.312640099999999 24.458981500000004 21.315025000000002 23.005897500000003 10.750000000000002 0.19281171127386987 0.56489881706181244 5.7492615301150769 0.76352705094931761 23.573232283333336 0.80112055937523641 0 1.5000000000000002 15.500000000000002 0.55649050000000011
decision_type=2 2 2 2 2 2 2 8 2 2 2 9 2 2 10
left_child=2 3 -1 8 11 -5 -7 -8 -2 -3 14 -4 13 -13 -11
right_child=1 9 4 5 -6 6 7 -9 -10 10 -12 12 -14 -15 -16
leaf_value=-0.0083059529397051645 0.0021102083161103854 0.0039715149452058196 -0.0064864353092275208 0.014722636676844043 0.0052417111445795762 0.0038884139329028681 0.0052101969567897423 0.017200502482754492 -0.0065767890129527313 0.017967977856414939 0.031573727611569957 -0.011278796136278595 -0.0031841637979463113 0.0075193901372023874 0.006405244959473911
leaf_weight=4275 6318 175 2251 522 599 2987 591 517 458 951 194 219 6686 654 262
leaf_count=4275 6318 175 2251 522 599 2987 591 517 458 951 194 219 6686 654 262
internal_value=4.70845e-05 0.0051775 -0.00448622 0.00365066 -0.00291745 0.00677319 0.00575985 0.010805 0.00152304 0.0161732 0.0176909 -0.00341565 -0.00248932 0.00280369 0.0154705
internal_weight=27659 12975 14684 11393 10409 4617 4095 1108 6776 1582 1407 9810 7559 873 1213
internal_count=27659 12975 14684 11393 10409 4617 4095 1108 6776 1582 1407 9810 7559 873 1213
cat_boundaries=0 1
cat_threshold=4672
is_linear=0
shrinkage=0.0417893


Tree=47
num_leaves=16
num_cat=1
split_feature=9 48 41 9 0 6 6 38 55 55 55 6 46 52 59
split_gain=339.864 84.0767 71.0238 27.9993 23.0707 22.2197 18.6961 18.1276 19.2664 19.331 16.0949 16.0838 16.0368 14.9615 13.4812
threshold=22.577508000000005 23.626161600000007 21.597446000000001 25.303182000000003 0 15.500000000000002 13.500000000000002 22.818918000000004 0.66837117650267819 0.17788805547326619 0.31582772324915515 16.500000000000004 25.628617750000007 0.63722067797264925 10.508333333333335
decision_type=2 2 2 2 9 2 2 2 2 2 2 2 2 2 2
left_child=2 5 11 7 6 14 -4 -3 9 -9 -7 -1 -5 -10 -2
right_child=1 3 4 12 -6 10 -8 8 13 -11 -12 -13 -14 -15 -16
leaf_value=-0.004949737038072239 0.0034736464364285282 -0.0027194503635114076 0.0023627512939424031 0.024456437596776549 -0.0038880031410531632 0.00084079252484866175 -0.0020349417533730794 0.019584042778531718 0.012219140868020567 0.0074966841107291342 -0.014898130501624644 -0.0089565563789639896 0.010644466670861831 0.028190523037137188 0.0099141352914731817
leaf_weight=4001 5417 189 3387 409 3827 296 3366 265 247 1804 184 3109 229 175 634
leaf_count=4001 5417 189 3387 409 3827 296 3366 265 247 1804 184 3109 229 175 634
internal_value=-7.75503e-06 0.00621398 -0.00347174 0.011631 -0.00130106 0.00346194 0.00017049 0.00975795 0.0107047 0.00904485 -0.00519247 -0.00670181 0.0194989 0.0188424 0.00414846
internal_weight=27539 9849 17690 3318 10580 6531 6753 2680 2491 2069 480 7110 638 422 6051
internal_count=27539 9849 17690 3318 10580 6531 6753 2680 2491 2069 480 7110 638 422 6051
cat_boundaries=0 1
cat_threshold=2063
is_linear=0
shrinkage=0.0417893


Tree=48
num_leaves=16
num_cat=2
split_feature=18 9 51 0 59 51 59 0 55 59 4 52 7 7 3
split_gain=310.238 105.638 43.8951 37.2672 39.4115 24.6944 20.3371 18.4383 18.4022 14.7766 14.0407 13.9242 13.2417 12.5044 12.1155
threshold=22.264566500000004 23.585715500000003 21.442528333333339 0 10.491666666666669 23.450512683333336 10.508333333333335 1 0.18317553852319102 10.508333333333335 6.9109285000000016 0.70558966931404277 3.5000000000000004 51.500000000000007 0.45019800000000004
decision_type=2 2 2 9 2 2 2 9 2 2 2 2 2 2 2
left_child=2 7 14 4 5 -3 -4 9 -7 12 -8 -9 -2 -14 -1
right_child=1 3 6 -5 -6 8 10 11 -10 -11 -12 -13 13 -15 -16
leaf_value=-0.0151111264478849 -0.0049014925655342526 -0.00061600257986081934 -0.0030550804953615941 0.0051292156922591019 0.027897707709498655 0.026611301648253774 -0.0030800386899151599 0.0012330043533458591 0.012191123379629186 0.015976897241911016 0.0094954253162988257 -0.0080599989596854462 0.0056385083002398161 -0.0013558539619613337 -0.0067896619358587184
leaf_weight=326 276 242 8719 1356 311 172 254 5107 1523 186 398 298 3013 524 4869
leaf_count=326 276 242 8719 1356 311 172 254 5107 1523 186 398 298 3013 524 4869
internal_value=-4.18978e-05 0.00464869 -0.00423078 0.0107319 0.0140263 0.0118715 -0.00252272 0.00231735 0.0136544 0.00446427 0.0045964 0.000719311 0.00391438 0.00460231 -0.00731186
internal_weight=27574 13008 14566 3604 2248 1937 9371 9404 1695 3999 652 5405 3813 3537 5195
internal_count=27574 13008 14566 3604 2248 1937 9371 9404 1695 3999 652 5405 3813 3537 5195
cat_boundaries=0 1 2
cat_threshold=2496 2248
is_linear=0
shrinkage=0.0417893


Tree=49
num_leaves=16
num_cat=2
split_feature=18 9 9 9 8 9 9 7 7 54 7 7 0 59 0
split_gain=295.86 73.5703 63.6665 21.548 22.9911 20.6659 18.5345 18.1094 17.4445 16.9554 18.7983 16.869 15.3848 12.9244 15.6985
threshold=22.681096500000002 24.458981500000004 21.778486500000003 23.227624000000002 1.5000000000000002 26.085972250000005 20.972768500000004 49.500000000000007 29.500000000000004 0.20100368007735783 33.500000000000007 6.5000000000000009 0 10.008333333333335 1
decision_type=2 2 2 2 2 2 2 2 2 2 2 2 9 2 9
left_child=2 3 6 4 9 -3 -1 11 13 -2 -11 -4 -13 -5 -15
right_child=1 5 7 8 -6 -7 -8 -9 -10 10 -12 12 -14 14 -16
leaf_value=-0.0090246014162686881 0.018999244771007406 0.012649223296579531 -0.0044795094363745055 0.0072827749021948888 5.7070387386908136e-05 0.026550791738328909 -0.0043692155904184573 -0.004569926281936477 0.0043055188638207792 0.00086077437460398934 0.011378019115155756 0.0026986906202419569 -0.0014346400405739455 0.024381837730056678 0.0093636898203794412
leaf_weight=1860 173 1379 1069 937 2464 216 7579 1534 1827 748 492 4241 2490 208 391
leaf_count=1860 173 1379 1069 937 2464 216 7579 1534 1827 748 492 4241 2490 208 391
internal_value=0.00010122 0.00640723 -0.00286653 0.00461735 0.00249403 0.0145318 -0.00528658 -0.000419256 0.00706519 0.00674361 0.00503375 0.000397043 0.00117152 0.0103477 0.0151421
internal_weight=27608 8835 18773 7240 3877 1595 9439 9334 3363 1413 1240 7800 6731 1536 599
internal_count=27608 8835 18773 7240 3877 1595 9439 9334 3363 1413 1240 7800 6731 1536 599
cat_boundaries=0 1 2
cat_threshold=2254 2112
is_linear=0
shrinkage=0.0417893


Tree=50
num_leaves=16
num_cat=0
split_feature=9 9 50 9 7 6 6 14 59 59 6 16 6 55 6
split_gain=265.105 95.5148 34.6337 34.4858 19.1794 27.5752 36.6984 23.1881 18.3388 16.7712 36.2447 15.1919 13.0691 12.1857 11.3097
threshold=22.198925000000006 24.616100500000005 23.193943350000005 21.335581500000007 47.500000000000007 9.5000000000000018 10.500000000000002 3.8728311485720628 10.491666666666669 10.508333333333335 11.500000000000002 1.7215480000000005 12.500000000000002 0.17206073323076165 10.500000000000002
decision_type=2 2 2 2 2 2 2 8 2 2 2 8 2 2 2
left_child=3 2 4 -1 5 7 -7 -2 11 13 -11 -3 14 -4 -5
right_child=1 8 9 12 -6 6 -8 -9 -10 10 -12 -13 -14 -15 -16
leaf_value=-0.0071571678818467656 -0.0047368466121909128 0.0070753796811038007 0.01349025641588786 -0.0032987718464210876 -0.0025952895781989603 -0.0079632126233559961 0.002479820193166078 0.011493260493648509 0.025548062576972123 0.0020258477872176807 0.026044032669386818 0.016618588143203068 -0.0039216419245485384 0.0044445211391953817 0.0013874002890606274
leaf_weight=4427 187 524 283 1635 1686 668 4886 864 219 223 216 656 5758 3210 1999
leaf_count=4427 187 524 283 1635 1686 668 4886 864 219 223 216 656 5758 3210 1999
internal_value=-3.83982e-05 0.00409866 0.0029148 -0.00411648 0.00138291 0.00239839 0.0012238 0.00860551 0.014442 0.00614495 0.0138435 0.0123808 -0.00268323 0.0051774 -0.00072099
internal_weight=27441 13622 12223 13819 8291 6605 5554 1051 1399 3932 439 1180 9392 3493 3634
internal_count=27441 13622 12223 13819 8291 6605 5554 1051 1399 3932 439 1180 9392 3493 3634
is_linear=0
shrinkage=0.0417893


Tree=51
num_leaves=16
num_cat=1
split_feature=9 9 28 1 59 55 9 6 47 55 6 59 6 3 55
split_gain=247.663 72.7862 47.6803 29.0293 36.256 20.2869 18.5829 16.2347 15.8323 15.3296 26.7191 28.4097 21.9634 15.3217 15.0959
threshold=22.488111500000006 23.799585500000003 21.380275000000005 0 10.508333333333335 0.18048041725444322 22.024843000000001 15.500000000000002 22.751004000000005 0.20662903684754538 11.500000000000002 10.508333333333335 9.5000000000000018 0.48552650000000003 0.31582772324915515
decision_type=2 2 2 1 2 2 2 2 2 2 2 2 2 2 2
left_child=2 7 -1 4 5 -3 -4 9 -7 12 13 -12 -2 -11 -9
right_child=1 3 6 -5 -6 8 -8 14 -10 10 11 -13 -14 -15 -16
leaf_value=-0.0066027215446311143 0.013456238059549481 0.022427229140499601 -0.0029481251238634605 0.0017596931049951923 0.030524434217900721 -0.0025253551102887165 0.00045248055573241056 0.0011379032017982795 0.010892156687403296 0.010322636852406831 0.0037920186224657173 0.01683360101741822 0.0025711276854906476 -0.0014276711027633321 -0.013449293642749709
leaf_weight=4834 595 248 7580 545 183 168 4456 346 1789 210 2926 324 710 2511 193
leaf_count=4834 595 248 7580 545 183 168 4456 346 1789 210 2926 324 710 2511 193
internal_value=6.15787e-05 0.00501942 -0.0030971 0.0106329 0.0125979 0.0111672 -0.00168914 0.00291265 0.00974032 0.00343106 0.00253432 0.00509217 0.00753407 -0.00052081 -0.00408535
internal_weight=27618 10748 16870 2933 2388 2205 12036 7815 1957 7276 5971 3250 1305 2721 539
internal_count=27618 10748 16870 2933 2388 2205 12036 7815 1957 7276 5971 3250 1305 2721 539
cat_boundaries=0 1
cat_threshold=12
is_linear=0
shrinkage=0.0417893


Tree=52
num_leaves=16
num_cat=2
split_feature=50 27 0 59 19 59 7 54 54 0 18 5 16 54 52
split_gain=235.884 57.7842 57.1553 59.7999 24.939 20.011 20.0246 18.6366 27.6562 14.4542 13.7115 12.0749 10.6193 9.80777 9.69097
threshold=22.714804725000004 21.557236500000005 0 10.750000000000002 25.305242500000002 10.508333333333335 51.500000000000007 0.82011445933114768 0.60290948014333401 1 22.167855500000005 0.43629400000000002 3.7766059999999997 0.68793855843828255 0.22684984392207072
decision_type=2 2 9 2 2 2 2 2 2 9 2 2 8 2 2
left_child=1 11 3 4 7 6 10 8 -2 -7 -3 -1 -8 -12 -6
right_child=2 5 -4 -5 14 9 12 -9 -10 -11 13 -13 -14 -15 -16
leaf_value=-0.013222804979992137 0.0060505133098242916 -0.0019977651272539911 0.0027062642814511466 0.03311811626622041 0.022958155202809458 -0.0041822200323348192 -0.011269094184844078 -0.0039643961306858409 0.01707486837797801 0.0079147762423210938 0.0016667382259582541 -0.0052255291549324614 -0.0034890909422491444 -0.0084779223021651928 0.011756427078202491
leaf_weight=347 2381 5444 4968 179 237 223 450 252 477 708 3824 6616 960 174 313
leaf_count=347 2381 5444 4968 179 237 223 450 252 477 708 3824 6616 960 174 313
internal_value=4.43757e-05 -0.00260589 0.00568556 0.00950922 0.00838055 -0.000822342 -0.00132676 0.00692989 0.00789048 0.00505731 -0.000633064 -0.00562407 -0.00597207 0.00122522 0.0165834
internal_weight=27553 18746 8807 3839 3660 11783 10852 3110 2858 931 9442 6963 1410 3998 550
internal_count=27553 18746 8807 3839 3660 11783 10852 3110 2858 931 9442 6963 1410 3998 550
cat_boundaries=0 1 2
cat_threshold=2496 1920
is_linear=0
shrinkage=0.0417893


Tree=53
num_leaves=16
num_cat=2
split_feature=9 49 0 9 0 59 8 55 42 38 54 54 28 55 15
split_gain=217.02 84.3493 28.2648 21.9284 21.7257 22.8509 19.067 40.1333 17.7427 12.6569 15.3181 12.1013 11.7842 11.7416 11.7331
threshold=22.167855500000005 23.687831200000002 0 25.422368000000002 1 10.508333333333335 1.5000000000000002 0.13892701799641069 25.456039000000004 22.898271500000003 0.73439794991708995 0.75083800376535403 21.641285500000006 0.20964858117143173 1.9980898678419015
decision_type=2 2 9 2 9 2 2 2 2 2 2 2 2 2 8
left_child=2 4 11 9 5 14 7 -4 -5 -3 -11 13 -6 -1 -2
right_child=1 3 6 8 12 -7 -8 -9 -10 10 -12 -13 -14 -15 -16
leaf_value=-0.0071809206615453614 -0.0038340469212034115 -0.0025794923926769995 0.021663949262422159 0.025265386422494127 -0.0083204383193427271 0.017259642340096932 -0.0027462589727804626 -0.00061253278388397688 0.0097614786378423715 0.0079303695964852306 0.019188660780696518 -0.016237103262069858 0.00076349568202217343 -0.0035583302106535616 0.0041578542443612646
leaf_weight=3268 349 175 176 265 260 222 6256 715 251 2071 235 187 6112 2994 3971
leaf_count=3268 349 175 176 265 260 222 6256 715 251 2071 235 187 6112 2994 3971
internal_value=6.24734e-06 0.00367585 -0.00374838 0.00988562 0.00197064 0.00417496 -0.00192898 0.00378777 0.0177238 0.00825543 0.00907768 -0.00575278 0.000392223 -0.00544888 0.00351221
internal_weight=27507 13911 13596 2997 10914 4542 7147 891 516 2481 2306 6449 6372 6262 4320
internal_count=27507 13911 13596 2997 10914 4542 7147 891 516 2481 2306 6449 6372 6262 4320
cat_boundaries=0 1 2
cat_threshold=12993 2248
is_linear=0
shrinkage=0.0417893


Tree=54
num_leaves=16
num_cat=0
split_feature=48 38 18 54 6 6 7 54 6 59 18 6 16 6 6
split_gain=207.606 54.7625 45.2626 18.1482 17.5391 22.3562 17.8833 16.1846 28.783 37.4226 18.6518 19.0135 18.4892 17.3212 23.7319
threshold=22.719625600000004 21.699649500000003 24.786345500000007 0.65798839745043469 12.500000000000002 11.500000000000002 27.500000000000004 0.19387372708837355 10.500000000000002 10.508333333333335 23.228979000000006 9.5000000000000018 -3.5629459999999988 9.5000000000000018 8.5000000000000018
decision_type=2 2 2 2 2 2 2 2 2 2 2 2 8 2 2
left_child=1 3 7 4 5 -1 -7 13 10 12 -9 -12 -10 14 -2
right_child=2 -3 -4 -5 -6 6 -8 8 9 -11 11 -13 -14 -15 -16
leaf_value=-0.003748309224518786 0.0083480623348209191 -0.00044235439972813623 0.012996858384960869 -0.01497334169127817 -0.0057479681327781843 -0.00074006521139783146 0.015159021042738578 -0.0054398202427712846 -0.0034990983972349107 0.01687947044185616 0.0054497660691972191 -0.0055663572966927382 0.0051891835481185627 0.0020102262475027257 0.025876277833280031
leaf_weight=1541 557 10476 1173 306 5962 274 225 833 494 443 1012 375 3189 427 178
leaf_count=1541 557 10476 1173 306 5962 274 225 833 494 443 1012 375 3189 427 178
internal_value=1.81993e-05 -0.00245174 0.00536267 -0.00498548 -0.00460354 -0.00125889 0.00642887 0.00416995 0.00333971 0.00540411 -0.000497114 0.00247136 0.00402383 0.00870415 0.012593
internal_weight=27465 18784 8681 8308 8002 2040 499 7508 6346 4126 2220 1387 3683 1162 735
internal_count=27465 18784 8681 8308 8002 2040 499 7508 6346 4126 2220 1387 3683 1162 735
is_linear=0
shrinkage=0.0417893


Tree=55
num_leaves=16
num_cat=0
split_feature=48 18 9 24 52 9 55 42 55 7 55 7 7 8 16
split_gain=184.223 50.9859 36.8265 15.1395 14.9363 14.7842 13.8256 20.7498 20.317 17.8533 15.5141 12.6773 17.495 12.6151 11.5847
threshold=22.880746700000003 21.871788500000005 24.782394750000005 26.107335000000003 0.61258603346165952 20.972768500000004 0.57070429137612544 23.018529000000004 0.19924357698838857 44.500000000000007 0.67555900853754192 8.5000000000000018 48.500000000000007 1.5000000000000002 -0.12291650000000008
decision_type=2 2 2 2 2 2 2 2 2 2 2 2 2 2 8
left_child=1 5 6 14 11 -1 8 10 -2 -9 -8 -3 -13 -14 -4
right_child=2 4 3 -5 -6 -7 7 9 -10 -11 -12 12 13 -15 -16
leaf_value=-0.0075160277541354873 0.010121779124496048 -0.0031834436788413137 0.0046800485896420661 0.023397069881560664 -0.0065297812859252237 -0.0033785199071339135 0.0096871004384717491 0.015826819532690019 0.0020741913075349875 0.0038034390635120477 -0.0038319628940594527 0.0022135008783609562 0.004069531432826721 -0.004662334461644658 0.014036882933072084
leaf_weight=1824 638 1370 377 187 557 8710 253 619 3877 331 358 6065 375 1259 597
leaf_count=1824 638 1370 377 187 557 8710 253 619 3877 331 358 6065 375 1259 597
internal_value=-3.28403e-05 -0.00208599 0.00568658 0.0125062 0.000112473 -0.00409494 0.00438349 0.0077737 0.00321137 0.0116376 0.00176595 0.000520428 0.00117951 -0.00265839 0.0104152
internal_weight=27397 20160 7237 1161 9626 10534 6076 1561 4515 950 611 9069 7699 1634 974
internal_count=27397 20160 7237 1161 9626 10534 6076 1561 4515 950 611 9069 7699 1634 974
is_linear=0
shrinkage=0.0417893


Tree=56
num_leaves=16
num_cat=2
split_feature=9 6 0 0 59 54 51 6 15 59 6 52 51 7 7
split_gain=166.764 56.4936 35.1201 34.2346 38.6742 25.3235 19.4863 18.7748 18.3375 16.6855 16.3479 13.0976 12.1326 12.121 16.2268
threshold=22.955114500000004 16.500000000000004 0 1 10.508333333333335 0.21397184399973077 23.573232283333336 11.500000000000002 2.2606610716203952 10.508333333333335 8.5000000000000018 0.32077095090358781 20.969869000000003 51.500000000000007 7.5000000000000009
decision_type=2 2 9 9 2 2 2 2 8 2 2 2 2 2 2
left_child=1 2 9 4 5 10 8 -8 -7 13 -2 12 -3 14 -1
right_child=3 11 -4 -5 -6 6 7 -9 -10 -11 -12 -13 -14 -15 -16
leaf_value=-0.0032608997516858935 0.011082356202685141 -0.009732903980104797 -0.0025679879908967781 0.0028029870801377903 0.027467896435661308 -0.010487625629502319 0.0044341830500129048 0.013526697778750705 0.0040857105249189193 0.0090935112589404319 0.026159255554929532 -0.017140888382824189 -0.0043912149015998938 -0.0034781653185708278 0.0024202199368597794
leaf_weight=1054 489 992 8937 3514 183 204 929 692 578 449 169 184 2953 1001 5258
leaf_count=1054 489 992 8937 3514 183 204 929 692 578 449 169 184 2953 1001 5258
internal_value=-1.50686e-05 -0.00186586 -0.000783635 0.00568903 0.00877958 0.00769098 0.005702 0.00831575 0.000283967 0.0012725 0.0149547 -0.00624273 -0.00573442 0.000794049 0.00147157
internal_weight=27586 20828 16699 6758 3244 3061 2403 1621 782 7762 658 4129 3945 7313 6312
internal_count=27586 20828 16699 6758 3244 3061 2403 1621 782 7762 658 4129 3945 7313 6312
cat_boundaries=0 1 2
cat_threshold=2062 2496
is_linear=0
shrinkage=0.0417893


Tree=57
num_leaves=16
num_cat=2
split_feature=9 6 0 59 0 55 55 6 6 8 53 59 52 35 6
split_gain=153.964 41.6646 40.4487 43.9657 30.6462 27.3027 20.3111 27.3984 25.8072 13.9567 13.0838 11.4243 10.4697 10.103 9.91445
threshold=22.716733000000001 16.500000000000004 0 10.508333333333335 1 0.20114614801188233 0.57631951695892725 9.5000000000000018 11.500000000000002 1.5000000000000002 0.59629664354883316 10.750000000000002 0.47795524585500132 21.848000500000005 13.500000000000002
decision_type=2 2 9 2 9 2 2 2 2 2 2 2 2 2 2
left_child=1 4 3 5 14 9 7 -7 -8 -2 11 -6 -4 -13 -1
right_child=2 -3 12 -5 10 6 8 -9 -10 -11 -12 13 -14 -15 -16
leaf_value=0.0018296708623565024 0.022271734334650971 -0.0058595307006417833 0.0031433398312874583 0.027275288015772586 -0.0034528565108106471 0.0082560914659767365 0.002377125027132547 -0.0022027609103866322 0.015035848679132045 0.008758339208975105 -0.011523726937212039 0.0075400715760118812 -0.0016983409866059512 -0.0035544563889972989 -0.0010170816365038524
leaf_weight=4753 271 4022 3915 196 5369 798 489 968 662 263 320 329 974 254 3881
leaf_count=4753 271 4022 3915 196 5369 798 489 968 662 263 320 329 974 254 3881
internal_value=1.614e-05 -0.00208506 0.00467541 0.00800036 -0.00106662 0.00692881 0.00533844 0.00252327 0.00965782 0.0156163 -0.00328687 -0.00284955 0.00217432 0.00270644 0.000549414
internal_weight=27464 18928 8536 3647 14906 3451 2917 1766 1151 534 6272 5952 4889 583 8634
internal_count=27464 18928 8536 3647 14906 3451 2917 1766 1151 534 6272 5952 4889 583 8634
cat_boundaries=0 1 2
cat_threshold=2496 3086
is_linear=0
shrinkage=0.0417893


Tree=58
num_leaves=16
num_cat=2
split_feature=18 18 6 0 6 7 0 47 19 7 55 59 6 54 59
split_gain=152.046 38.7832 35.9075 26.4885 19.0185 18.8939 15.6356 14.8827 15.7254 14.7328 14.0579 13.9461 12.566 11.4412 10.4273
threshold=22.577058000000005 24.786345500000007 16.500000000000004 0 15.500000000000002 51.500000000000007 1 25.627981500000004 25.595601000000006 7.5000000000000009 0.31582772324915515 10.991666666666669 13.500000000000002 0.64848965840825123 10.491666666666669
decision_type=2 2 2 9 2 2 9 2 2 2 2 2 2 2 2
left_child=2 4 3 5 6 9 11 8 -3 -1 -6 -2 -11 14 -5
right_child=1 7 -4 13 10 -7 -8 -9 -10 12 -12 -13 -14 -15 -16
leaf_value=-0.0033332897501384467 0.004799112014597426 0.010804108184498186 -0.0057356773148590241 -0.0038277783079950539 0.0011618039678003441 -0.0049421171332265654 0.0016727178715730713 0.003345966446629974 0.023686339517564537 0.0038684322068387538 -0.013186839539787023 0.014917669788841084 -0.00012068189485342451 -0.011835819473452249 0.00060291376739551872
leaf_weight=1056 4243 650 4063 4630 289 1011 3700 304 222 3027 203 252 2533 264 1160
leaf_count=1056 4243 650 4063 4630 289 1011 3700 304 222 3027 203 252 2533 264 1160
internal_value=2.60948e-05 0.00418582 -0.00228609 -0.00126162 0.00322165 0.000378109 0.00370075 0.011308 0.0140838 0.00119167 -0.00475848 0.00535447 0.00205109 -0.00332254 -0.00294011
internal_weight=27607 9863 17744 13681 8687 7627 8195 1176 872 6616 492 4495 5560 6054 5790
internal_count=27607 9863 17744 13681 8687 7627 8195 1176 872 6616 492 4495 5560 6054 5790
cat_boundaries=0 1 2
cat_threshold=3086 10440
is_linear=0
shrinkage=0.0417893


Tree=59
num_leaves=16
num_cat=2
split_feature=19 9 6 7 6 52 52 6 17 0 55 54 0 59 53
split_gain=133.788 43.4728 24.1183 21.6728 24.7654 27.8756 21.619 19.146 17.7625 15.2103 27.4643 14.8104 14.3818 14.0178 13.7262
threshold=22.168425750000004 23.227624000000002 12.500000000000002 28.500000000000004 13.500000000000002 0.61258603346165952 0.87597749729055063 9.5000000000000018 -1.2388834999999998 0 0.34436501751007831 0.63174737879531029 1 10.491666666666669 0.38670726004988076
decision_type=2 2 2 2 2 2 2 2 10 9 2 2 9 2 2
left_child=2 6 9 4 5 7 -2 -3 11 10 -1 -5 -4 -11 -10
right_child=1 3 12 8 -6 -7 -8 -9 14 13 -12 -13 -14 -15 -16
leaf_value=0.018641673457853773 0.0014273374401994124 0.013410064495169433 -0.0060778700824415301 0.0053128394240092832 2.1746914417644118e-05 0.024468180242368718 -0.011474392071801618 0.0043857991528399995 0.004916184197230538 -0.0024679544524275751 -0.0043580544197531412 0.018245964110844153 -0.0027006408169599244 0.0034745396168363277 -0.0029454853366607074
leaf_weight=193 8543 856 3989 1097 443 235 233 789 691 3199 171 180 5046 885 884
leaf_count=193 8543 856 3989 1097 443 235 233 789 691 3199 171 180 5046 885 884
internal_value=7.20982e-06 0.00287614 -0.0029613 0.00591398 0.0089105 0.011005 0.0010848 0.00908171 0.00347326 -0.00044231 0.00762732 0.00713584 -0.00420142 -0.00117734 0.000503667
internal_weight=27434 13951 13483 5175 2323 1880 8776 1645 2852 4448 364 1277 9035 4084 1575
internal_count=27434 13951 13483 5175 2323 1880 8776 1645 2852 4448 364 1277 9035 4084 1575
cat_boundaries=0 1 2
cat_threshold=2048 12481
is_linear=0
shrinkage=0.0417893


Tree=60
num_leaves=16
num_cat=2
split_feature=9 0 59 6 7 6 26 51 0 59 6 52 48 55 7
split_gain=124.304 47.8791 40.5173 27.1545 31.0253 21.498 18.6885 15.376 14.4391 12.7236 14.4527 12.1703 12.2944 11.6049 31.7596
threshold=22.096354750000007 0 10.991666666666669 13.500000000000002 22.500000000000004 12.500000000000002 25.203179500000005 24.266307008333339 1 10.491666666666669 11.500000000000002 0.79909615630372988 23.108014700000002 0.11775008292457508 29.500000000000004
decision_type=2 9 2 2 2 2 2 2 9 2 2 2 2 2 2
left_child=5 2 3 4 7 9 -6 -2 -7 13 -11 12 -3 14 -1
right_child=1 11 -4 -5 6 8 -8 -9 -10 10 -12 -13 -14 -15 -16
leaf_value=-0.0045084421751799388 0.0095103554703710735 0.00028402888946348542 0.025142219205204173 -0.00076184930711463384 0.0024538460002692091 -0.0061125148228337728 0.012447671137143524 0.020058865892878145 -0.0026853040908097533 0.001282293881587982 0.014981969609304469 -0.0069682756394921237 0.0036925444257663864 -0.0028681152503445884 0.015287007527106709
leaf_weight=345 898 7007 186 1021 1939 3901 393 330 4900 674 168 331 2510 2754 240
leaf_count=345 898 7007 186 1021 1939 3901 393 330 4900 674 168 331 2510 2754 240
internal_value=-6.64813e-05 0.00257682 0.00600969 0.00524598 0.00696901 -0.00304229 0.00413806 0.0123451 -0.0042144 -0.000574999 0.00401573 0.000908093 0.00118299 -0.00173265 0.00361277
internal_weight=27597 14615 4767 4581 3560 12982 2332 1228 8801 4181 842 9848 9517 3339 585
internal_count=27597 14615 4767 4581 3560 12982 2332 1228 8801 4181 842 9848 9517 3339 585
cat_boundaries=0 1 2
cat_threshold=2496 12481
is_linear=0
shrinkage=0.0417893


Tree=61
num_leaves=16
num_cat=2
split_feature=48 6 23 0 55 55 51 46 54 59 0 52 59 6 3
split_gain=121.197 37.2194 22.4978 21.5121 18.4889 12.8826 20.9175 31.1124 11.0113 10.9973 10.5557 9.58068 8.89892 11.7802 8.73414
threshold=22.925931300000006 16.500000000000004 26.105181250000005 0 0.15489342277755191 0.57070429137612544 24.966236950000003 23.008505000000003 0.63967534659659842 11.491666666666669 1 0.28593112692013395 10.508333333333335 9.5000000000000018 2.7871270000000004
decision_type=2 2 2 9 2 2 2 2 2 2 9 2 2 2 2
left_child=1 3 4 9 10 -6 7 -7 12 -1 -2 -3 13 -5 -14
right_child=2 11 -4 8 5 6 -8 -9 -10 -11 -12 -13 14 -15 -16
leaf_value=0.00053408021408861135 0.0043128532344848345 -0.0047415142824756666 0.018004452837781484 0.0015541019638206021 0.0025124054070902123 0.0012826195476425652 -0.0048448156251040004 0.013119262358257059 -0.0088698181543617367 0.0093224357426703285 0.018054850612132339 -0.01403224491361918 -0.0033087862654361173 -0.003042120975570526 0.0057335810060302004
leaf_weight=7660 192 3889 217 1155 4386 647 240 968 412 257 250 204 299 6208 496
leaf_count=7660 192 3889 217 1155 4386 647 240 968 412 257 250 204 299 6208 496
internal_value=-3.0835e-05 -0.00163779 0.00476209 -0.000752315 0.0043321 0.00374715 0.0066666 0.00837728 -0.00220167 0.000818333 0.0125915 -0.00520458 -0.00186761 -0.00232113 0.00233274
internal_weight=27480 20580 6900 16487 6683 6241 1855 1615 8570 7917 442 4093 8158 7363 795
internal_count=27480 20580 6900 16487 6683 6241 1855 1615 8570 7917 442 4093 8158 7363 795
cat_boundaries=0 1 2
cat_threshold=10254 4552
is_linear=0
shrinkage=0.0417893


Tree=62
num_leaves=16
num_cat=1
split_feature=51 0 59 55 55 7 35 19 38 59 54 20 7 7 18
split_gain=112.069 44.0085 50.1884 19.8199 20.3715 19.9715 19.7237 19.6494 18.4422 14.3839 14.3979 9.89993 9.55438 11.9598 9.51451
threshold=22.302089116666668 0 10.750000000000002 0.22278755856974411 0.56489881706181244 20.500000000000004 24.124816500000005 21.281525500000004 22.599400500000005 10.508333333333335 0.72123070736026096 22.940283000000004 51.500000000000007 6.5000000000000009 23.939034500000002
decision_type=2 9 2 2 2 2 2 2 2 2 2 2 2 2 2
left_child=7 2 3 5 14 -2 -7 -1 -6 10 12 -3 13 -9 -5
right_child=1 11 -4 4 8 6 -8 9 -10 -11 -12 -13 -14 -15 -16
leaf_value=-0.0049501361962107698 0.020161163456382813 2.8455500003174455e-05 0.028376198747957337 -0.0008557784146541055 -0.0046396217416927151 -0.00035691836763385756 0.016501159000049646 -0.0051135363155105527 0.0097655299214000017 0.0046303769666963387 -0.012724236353853589 0.0028973794834875207 -0.0050194517017517872 -0.00050455611731193466 0.0052500902137903056
leaf_weight=3914 289 5103 174 1262 178 303 202 1137 1212 632 209 3570 1268 7269 689
leaf_count=3914 289 5103 174 1262 178 303 202 1137 1212 632 209 3570 1268 7269 689
internal_value=0.00011204 0.00292908 0.00637565 0.00546529 0.00405486 0.0114001 0.00638632 -0.0024225 0.00792084 -0.00148163 -0.00187248 0.00120798 -0.00163804 -0.00112797 0.00130052
internal_weight=27411 12982 4309 4135 3341 794 505 14429 1390 10515 9883 8673 9674 8406 1951
internal_count=27411 12982 4309 4135 3341 794 505 14429 1390 10515 9883 8673 9674 8406 1951
cat_boundaries=0 1
cat_threshold=2368
is_linear=0
shrinkage=0.0417893


Tree=63
num_leaves=16
num_cat=1
split_feature=9 0 59 16 51 55 55 55 15 48 9 54 52 54 7
split_gain=102.748 44.5569 55.3163 21.3768 23.6051 15.969 32.0885 16.0838 13.8679 13.0788 12.0316 11.0987 10.3704 9.4497 9.24711
threshold=22.072337500000003 0 10.508333333333335 0.38598350000000053 23.524133483333337 0.64090693664069509 0.79306083919963954 0.19924357698838857 2.0651296578471969 23.071694200000003 21.144087500000001 0.70905319121178512 0.47121090335544641 0.76934696884914255 16.500000000000004
decision_type=2 9 2 8 2 2 2 2 10 2 2 2 2 2 2
left_child=10 2 3 4 8 7 -7 -5 -2 11 -1 -3 -11 -12 -6
right_child=1 9 -4 5 14 6 -8 -9 -10 12 13 -13 -14 -15 -16
leaf_value=-0.0052826226621200132 -0.014233862580021047 0.00022834336476099419 0.028108462666502992 0.010787209272705843 0.013032692937196645 0.022647266404449334 0.0037101533853079191 0.0030490737194011882 -0.00069438967894993881 0.0044662178298946024 -0.0019590565899106089 -0.0071620456045355628 -0.001030331422860313 -0.010678565838515272 0.0019973155499403306
leaf_weight=2735 225 6937 187 644 202 296 331 1727 320 2356 9738 374 804 222 386
leaf_count=2735 225 6937 187 644 202 296 331 1727 320 2356 9738 374 804 222 386
internal_value=-6.97518e-05 0.00229758 0.00586401 0.00487125 -1.87608e-05 0.00671927 0.0126502 0.00515087 -0.00628409 0.000820478 -0.00282756 -0.000149718 0.00306773 -0.00215341 0.00578839
internal_weight=27484 14789 4318 4131 1133 2998 627 2371 545 10471 12695 7311 3160 9960 588
internal_count=27484 14789 4318 4131 1133 2998 627 2371 545 10471 12695 7311 3160 9960 588
cat_boundaries=0 1
cat_threshold=2240
is_linear=0
shrinkage=0.0417893


Tree=64
num_leaves=16
num_cat=0
split_feature=51 9 6 19 6 7 55 55 59 17 6 6 7 25 6
split_gain=96.3729 35.5709 23.2706 17.5904 14.9781 22.362 20.4092 14.8665 14.7652 14.1045 13.4937 41.7601 38.8521 20.0137 15.9065
threshold=22.302089116666668 23.483905000000004 12.500000000000002 26.094008500000005 11.500000000000002 27.500000000000004 0.34870705826084963 0.17206073323076165 10.991666666666669 2.2109915000000004 10.500000000000002 9.5000000000000018 36.500000000000007 23.220054500000007 13.500000000000002
decision_type=2 2 2 2 2 2 2 2 2 8 2 2 2 2 2
left_child=2 10 4 7 9 -6 -7 -3 -9 -1 11 12 13 -2 -12
right_child=1 3 -4 -5 5 6 -8 8 -10 -11 14 -13 -14 -15 -16
leaf_value=-0.0062128903858703283 0.0123335417567602 0.012673977479150786 -0.0035347752841310646 0.01776048555847002 -0.00064257701915197717 0.023161747239364688 0.0044311694380828517 0.0034411270242904993 0.01295707150188808 9.41033127752006e-05 0.0044852070809735245 -0.0073774159039363026 -0.004080890929894442 -0.0014980551338406357 0.00025724851361650682
leaf_weight=778 686 419 9577 207 612 168 257 3057 314 3034 2945 1147 758 249 3290
leaf_count=778 686 419 9577 207 612 168 257 3057 314 3034 2945 1147 758 249 3290
internal_value=1.45037e-05 0.00261343 -0.00234049 0.00589814 1.82754e-05 0.0044713 0.0118353 0.00525025 0.00432751 -0.00119311 0.00116671 -0.00122092 0.00295008 0.00865005 0.00225426
internal_weight=27498 13072 14426 3997 4849 1037 425 3790 3371 3812 9075 2840 1693 935 6235
internal_count=27498 13072 14426 3997 4849 1037 425 3790 3371 3812 9075 2840 1693 935 6235
is_linear=0
shrinkage=0.0417893


Tree=65
num_leaves=16
num_cat=2
split_feature=18 9 16 59 0 6 55 6 0 7 7 35 17 45 7
split_gain=80.1999 33.5457 17.8712 16.5529 14.2138 16.3392 13.8421 13.5947 13.3272 12.3709 14.1913 12.0395 10.4944 8.68616 8.4574
threshold=22.024789000000002 23.483905000000004 -0.94570649999999989 10.750000000000002 0 9.5000000000000018 0.15489342277755191 15.500000000000002 1 7.5000000000000009 47.500000000000007 23.124035000000003 1.1173655 23.817153000000005 27.500000000000004
decision_type=2 2 8 2 9 2 2 2 9 2 2 2 10 2 2
left_child=8 4 11 6 5 -2 -4 9 -1 -6 -11 -3 -8 -13 -9
right_child=1 2 3 -5 7 -7 12 14 -10 10 -12 13 -14 -15 -16
leaf_value=-0.0038723944976497724 0.00070461720942215946 -0.0054055359094258362 0.015637535403645042 0.01832590554499371 -0.001938983894440837 -0.0093174689930322751 0.0070317511141945298 -0.00061713806721509638 -0.001111751671201608 0.0035191371198578696 -0.00059192276849707548 0.0081911716202950884 0.001021291999879077 -0.00032585246798064773 -0.0091971773425949341
leaf_weight=6078 676 358 246 212 1282 490 1695 590 6183 5858 1956 401 724 437 304
leaf_count=6078 676 358 246 212 1282 490 1695 590 6183 5858 1956 401 724 437 304
internal_value=3.12575e-05 0.00205657 0.00530254 0.0070873 0.00087148 -0.00347725 0.00619327 0.00138115 -0.00248432 0.00186582 0.00249006 0.00100927 0.00523284 0.00374972 -0.00353474
internal_weight=27490 15229 4073 2877 11156 1166 2665 9990 12261 9096 7814 1196 2419 838 894
internal_count=27490 15229 4073 2877 11156 1166 2665 9990 12261 9096 7814 1196 2419 838 894
cat_boundaries=0 1 2
cat_threshold=4864 12993
is_linear=0
shrinkage=0.0417893


Tree=66
num_leaves=16
num_cat=2
split_feature=18 24 0 6 0 52 51 55 52 6 55 8 54 47 6
split_gain=84.1906 26.6235 22.5407 19.5507 14.8488 16.3608 17.0491 14.4342 14.2165 11.5332 12.032 10.8902 10.7886 10.563 9.69513
threshold=22.467516000000003 25.101359000000006 0 12.500000000000002 1 0.66327878803552465 23.597193558333334 0.18820672466013541 0.67454010063169423 14.500000000000002 0.79306083919963954 1.5000000000000002 0.75083800376535403 25.828110500000005 16.500000000000004
decision_type=2 2 9 2 9 2 2 2 2 2 2 2 2 2 2
left_child=2 4 3 7 5 9 -7 -1 -6 10 -2 -5 14 -3 -4
right_child=1 13 12 11 8 6 -8 -9 -10 -11 -12 -13 -14 -15 -16
leaf_value=0.0069779003953279496 0.0050428761238853559 0.012797483819697595 -0.0024447137030884246 0.0044953929875574524 0.0016623232705903332 0.004584789886328689 0.021954336380453365 0.000516004888498704 -0.0057119983678174478 -0.005440929670872687 -0.004956728536457497 -0.0023145602401553876 -0.012650084372358511 0.002194389968987475 -0.0060659718221361758
leaf_weight=829 2551 621 5611 442 6173 217 181 2221 493 234 229 5680 221 223 1677
leaf_count=829 2551 621 5611 442 6173 217 181 2221 493 234 229 5680 221 223 1677
internal_value=1.42101e-05 0.0028664 -0.00185328 -0.000460576 0.00226932 0.00450753 0.012484 0.00227237 0.00111526 0.00346918 0.00421917 -0.00182289 -0.00354909 0.00999596 -0.00327798
internal_weight=27603 10922 16681 9172 10078 3412 398 3050 6666 3014 2780 6122 7509 844 7288
internal_count=27603 10922 16681 9172 10078 3412 398 3050 6666 3014 2780 6122 7509 844 7288
cat_boundaries=0 1 2
cat_threshold=3086 10432
is_linear=0
shrinkage=0.0417893


Tree=67
num_leaves=16
num_cat=1
split_feature=9 6 7 7 8 0 24 7 6 52 17 6 6 53 6
split_gain=70.9687 29.5301 23.3692 29.5594 19.5222 17.3309 16.724 17.2271 22.2706 22.9778 17.5059 16.5414 13.5302 12.4005 11.9289
threshold=23.227624000000002 16.500000000000004 49.500000000000007 6.5000000000000009 1.5000000000000002 0 26.107335000000003 29.500000000000004 13.500000000000002 0.63722067797264925 -1.2388834999999998 13.500000000000002 8.5000000000000018 0.37906610922809952 9.5000000000000018
decision_type=2 2 2 2 2 9 2 2 2 2 10 2 2 2 2
left_child=1 2 3 -1 -4 11 7 8 9 14 -9 -5 -7 -12 -2
right_child=6 -3 4 5 -6 12 -8 10 -10 -11 13 -13 -14 -15 -16
leaf_value=-0.0041696358596037698 0.010195536703114856 -0.0042909164263015068 0.0025190009857746364 0.0043178283198879739 -0.0054613526373719122 0.0042100634340985956 0.015792087172541661 0.0054395607260897651 -0.0020389069281321805 0.021750183548801819 0.0030230495348186693 0.00024209147916937976 -0.0014352526353331758 -0.0044909498588576683 0.0032863100039881008
leaf_weight=2186 887 4075 690 3870 2388 871 212 1162 444 200 663 3158 4983 910 859
leaf_count=2186 887 4075 690 3870 2388 871 212 1162 444 200 663 3158 4983 910 859
internal_value=-3.69007e-05 -0.0010762 -0.000354282 0.00032352 -0.00367238 0.00108598 0.00429031 0.00381453 0.00640634 0.00833321 0.00154965 0.00248288 -0.000594287 -0.00132389 0.00679633
internal_weight=27558 22221 18146 15068 3078 12882 5337 5125 2390 1946 2735 7028 5854 1573 1746
internal_count=27558 22221 18146 15068 3078 12882 5337 5125 2390 1946 2735 7028 5854 1573 1746
cat_boundaries=0 1
cat_threshold=2126
is_linear=0
shrinkage=0.0417893


Tree=68
num_leaves=16
num_cat=4
split_feature=19 19 6 6 0 6 6 0 0 50 6 59 54 52 0
split_gain=70.9676 26.452 17.0396 16.1436 16.4141 13.2406 34.7893 31.7514 13.0528 18.8495 14.2226 13.5712 11.4316 18.4733 11.1633
threshold=22.265332500000003 25.305242500000002 12.500000000000002 15.500000000000002 0 11.500000000000002 13.500000000000002 1 2 21.952156875000004 11.500000000000002 10.491666666666669 0.6777898929700944 0.2486800317382262 3
decision_type=2 2 2 2 9 2 2 9 9 2 2 2 2 2 9
left_child=2 3 8 4 5 7 -7 -2 9 -1 -10 -12 13 -3 -4
right_child=1 12 14 -5 -6 6 -8 -9 10 -11 11 -13 -14 -15 -16
leaf_value=0.017557005279170576 0.015184195637847476 0.013846324335858484 -0.0051351192754018546 -0.0041374709984844608 0.00059517992950011071 0.010255691406524107 0.0012039249507647702 0.00036684528940492199 -0.0019137759279483652 -1.2267155971213548e-05 0.0011307703939385022 0.01300629809109599 0.018739558889489735 -0.0037133293189759811 -0.0020520369620718655
leaf_weight=175 269 258 3024 746 5683 1480 1486 2686 3580 273 745 217 203 176 6508
leaf_count=175 269 258 3024 746 5683 1480 1486 2686 3580 273 745 217 203 176 6508
internal_value=5.27496e-06 0.00224976 -0.00200196 0.00182143 0.00220452 0.00374184 0.00572065 0.00176833 -2.35243e-05 0.00670116 -0.000700027 0.00380956 0.0105541 0.00672536 -0.00303768
internal_weight=27509 12987 14522 12350 11604 5921 2966 2955 4990 448 4542 962 637 434 9532
internal_count=27509 12987 14522 12350 11604 5921 2966 2955 4990 448 4542 962 637 434 9532
cat_boundaries=0 1 2 3 4
cat_threshold=10440 64 2048 12480
is_linear=0
shrinkage=0.0417893


Tree=69
num_leaves=16
num_cat=2
split_feature=9 0 59 6 7 16 16 7 34 51 0 59 55 52 48
split_gain=67.8055 28.2061 46.8474 24.6815 25.4913 18.6939 16.5707 12.1644 13.3419 13.2637 11.6879 10.3765 11.0408 10.0686 9.70856
threshold=22.072337500000003 0 10.508333333333335 13.500000000000002 24.500000000000004 1.9433520000000002 -0.90360199999999924 19.500000000000004 23.143788000000004 23.573232283333336 1 10.508333333333335 0.72193662486114352 0.7715071363513013 23.054017400000003
decision_type=2 9 2 2 2 8 8 2 2 2 9 2 2 2 2
left_child=10 2 3 4 5 -2 -6 8 -5 -9 -1 12 -12 14 -3
right_child=1 13 -4 7 6 -7 -8 9 -10 -11 11 -13 -14 -15 -16
leaf_value=-0.0078552497489914296 0.0041045323551761759 0.00015424124587092548 0.024633874150110657 -0.00092292419918685884 -0.0086740913342908833 0.014895531514254325 0.0040439594002457009 -0.0023045521397848682 -0.016516810891587987 0.010915133756856583 -0.0020058055824023402 0.0032246254454872661 -0.00996346243815939 -0.0059557251671711314 0.0029830138480712292
leaf_weight=604 469 7008 198 223 199 697 1772 428 168 192 11185 645 313 376 3037
leaf_count=604 469 7008 198 223 199 697 1772 428 168 192 11185 645 313 376 3037
internal_value=1.29912e-05 0.00194042 0.00476428 0.00382731 0.00565731 0.0105551 0.00275989 -0.00185092 -0.00762312 0.00178929 -0.00221987 -0.00193151 -0.00222243 0.000757452 0.00100949
internal_weight=27514 14767 4346 4148 3137 1166 1971 1011 391 620 12747 12143 11498 10421 10045
internal_count=27514 14767 4346 4148 3137 1166 1971 1011 391 620 12747 12143 11498 10421 10045
cat_boundaries=0 1 2
cat_threshold=2240 8832
is_linear=0
shrinkage=0.0417893


Tree=70
num_leaves=16
num_cat=3
split_feature=9 8 9 0 44 6 6 6 0 51 51 6 0 15 54
split_gain=56.6179 22.4547 18.2 17.0039 22.5035 20.9061 80.8793 33.3761 15.2246 14.0764 25.64 23.0531 13.5632 10.9303 9.31257
threshold=22.298825000000004 1.5000000000000002 25.773404000000003 0 23.386294500000002 11.500000000000002 9.5000000000000018 13.500000000000002 1 24.966236950000003 23.597193558333334 11.500000000000002 2 2.2899225670661942 0.75083800376535403
decision_type=2 2 2 9 2 2 2 2 9 2 2 2 9 8 2
left_child=12 2 3 4 -2 6 -5 -7 9 10 13 -12 -1 -3 -14
right_child=1 8 -4 5 -6 7 -8 -9 -10 -11 11 -13 14 -15 -16
leaf_value=-0.00060085747849239935 0.022462891325469928 -0.0078277494707351247 0.016714074930684171 0.0058444508631312151 0.004595088796171742 0.012384011720612971 -0.011956848747183439 0.0017187307780860133 -0.0016245240378916748 -0.0069195702807391462 0.0034628572914078711 0.016579475304029128 -0.0028765078350914768 0.0016529935420738111 -0.012234796766971702
leaf_weight=8017 189 228 196 1283 353 803 683 1416 3124 280 585 390 6689 3096 191
leaf_count=8017 189 228 196 1283 353 803 683 1416 3124 280 585 390 6689 3096 191
internal_value=-2.73009e-05 0.00203148 0.00423594 0.00371854 0.0106296 0.00279142 -0.000339827 0.00557823 0.000622611 0.00215455 0.00275057 0.00870951 -0.00177223 0.00100269 -0.00313176
internal_weight=27523 12626 4923 4727 542 4185 1966 2219 7703 4579 4299 975 14897 3324 6880
internal_count=27523 12626 4923 4727 542 4185 1966 2219 7703 4579 4299 975 14897 3324 6880
cat_boundaries=0 1 2 3
cat_threshold=192 11272 3086
is_linear=0
shrinkage=0.0417893


Tree=71
num_leaves=16
num_cat=2
split_feature=18 8 9 55 6 6 6 0 16 0 52 50 6 10 6
split_gain=55.1537 22.8609 25.0546 18.7838 39.2507 46.2908 37.1011 15.332 15.1007 21.6864 15.094 20.4911 13.9115 14.8081 9.66833
threshold=22.024789000000002 1.5000000000000002 25.773404000000003 0.22278755856974411 11.500000000000002 9.5000000000000018 13.500000000000002 0 0.38598350000000053 1 0.12753963759920114 24.555001775000004 8.5000000000000018 1.5000000000000002 9.5000000000000018
decision_type=2 2 2 2 2 2 2 9 8 9 2 2 2 2 2
left_child=-1 2 3 7 5 -5 -6 -2 12 10 14 -12 -3 -14 -10
right_child=1 8 -4 4 6 -7 -8 -9 9 -11 11 -13 13 -15 -16
leaf_value=-0.0021103742551891996 0.01519314123643618 0.0053800275731582482 0.01855250613216456 0.0046105757872217544 0.011684932137678003 -0.0088557791633840297 0.001511265531471029 0.0041878023998769198 0.0077792263356778668 0.00024558080203233883 0.012670647454442902 -0.0021793066975430357 -0.004813594835629465 0.0022911393932143818 -0.0039386338381711926
leaf_weight=12385 363 392 193 822 996 974 1685 609 196 5000 714 210 2050 683 330
leaf_count=12385 363 392 193 822 996 974 1685 609 196 5000 714 210 2050 683 330
internal_value=-3.97622e-05 0.00164549 0.00375558 0.00323148 0.00208824 -0.00269245 0.00529082 0.00849722 0.000402139 0.00155729 0.0060371 0.00929566 -0.0019821 -0.00303806 0.00042772
internal_weight=27602 15217 5642 5449 4477 1796 2681 972 9575 6450 1450 924 3125 2733 526
internal_count=27602 15217 5642 5449 4477 1796 2681 972 9575 6450 1450 924 3125 2733 526
cat_boundaries=0 1 2
cat_threshold=2125 2048
is_linear=0
shrinkage=0.0417893


Tree=72
num_leaves=16
num_cat=2
split_feature=18 6 7 7 9 0 6 44 16 6 6 59 0 6 16
split_gain=52.3241 17.2863 21.4367 21.8024 15.4931 12.8062 12.0695 11.6504 10.5425 9.78574 9.54465 24.9597 21.0681 22.813 14.0757
threshold=22.681096500000002 16.500000000000004 49.500000000000007 7.5000000000000009 24.782394750000005 0 9.5000000000000018 25.628617750000007 -0.94570649999999989 15.500000000000002 11.500000000000002 10.508333333333335 1 9.5000000000000018 -2.5527849999999987
decision_type=2 2 2 2 2 9 2 2 10 2 2 2 9 2 8
left_child=1 2 3 -1 9 -5 -7 8 -6 10 12 14 -2 -14 -12
right_child=4 -3 -4 5 7 6 -8 -9 -10 -11 11 -13 13 -15 -16
leaf_value=-0.0039615542741787647 0.01364768650775411 -0.0037069335652702598 -0.0041982264770979803 -0.0012377308409051682 0.0065858951719257102 0.0073270777705190457 0.0013302323904427489 0.00013770145946524539 0.016751531816044912 -0.0043447339437557523 -0.0036393281108022379 0.014243876892929398 0.0026399793045371093 -0.0042672734429429413 0.0038742723863000742
leaf_weight=1959 200 4130 2465 3405 608 648 6136 312 252 415 522 360 2205 1344 2625
leaf_count=1959 200 4130 2465 3405 608 648 6136 312 252 415 522 360 2205 1344 2625
internal_value=-6.96018e-05 -0.00131972 -0.000645036 7.59564e-05 0.00258006 0.000852233 0.00190024 0.0070551 0.00956467 0.00189635 0.00225331 0.00382037 0.000787399 2.41467e-05 0.00262797
internal_weight=27586 18743 14613 12148 8843 10189 6784 1172 860 7671 7256 3507 3749 3549 3147
internal_count=27586 18743 14613 12148 8843 10189 6784 1172 860 7671 7256 3507 3749 3549 3147
cat_boundaries=0 1 2
cat_threshold=4737 64
is_linear=0
shrinkage=0.0417893


Tree=73
num_leaves=16
num_cat=1
split_feature=9 0 59 6 7 15 16 7 51 33 6 6 59 7 9
split_gain=49.1516 29.3354 33.7414 18.5052 24.771 18.1218 15.7694 12.1983 13.8537 13.2106 9.72519 25.1294 15.2959 14.9159 13.967
threshold=22.024843000000001 0 10.508333333333335 13.500000000000002 22.500000000000004 2.1206684452544522 1.7215480000000005 19.500000000000004 23.573232283333336 23.122465500000004 8.5000000000000018 10.500000000000002 10.991666666666669 36.500000000000007 23.179980000000004
decision_type=2 9 2 2 2 8 8 2 2 2 2 2 2 2 2
left_child=-1 2 3 4 6 -6 -2 9 -9 -5 13 -12 -13 -3 -15
right_child=1 10 -4 7 5 -7 -8 8 -10 -11 11 12 -14 14 -16
leaf_value=-0.0018840459151362892 0.0043159333239051146 0.0076729435095713224 0.021634014209526511 -0.00021048951908728025 -0.0078230244505485044 0.0041372349486997516 0.014569036090964561 -0.0015105278678271912 0.011678146967925421 -0.015616261725673654 -0.0042391531702540911 0.00052408247053529046 0.0072918513377195513 -0.0068809564130605403 0.0049646802766581755
leaf_weight=12301 437 769 193 227 252 1812 654 462 199 170 1937 6789 638 337 359
leaf_count=12301 437 769 193 227 252 1812 654 462 199 170 1937 6789 638 337 359
internal_value=8.08267e-05 0.0016673 0.00453768 0.00376526 0.00536909 0.00267697 0.0104622 -0.00101745 0.00246005 -0.00680743 0.000494777 -1.1117e-07 0.00110545 0.00366139 -0.000770923
internal_weight=27536 15235 4406 4213 3155 2064 1091 1058 661 397 10829 9364 7427 1465 696
internal_count=27536 15235 4406 4213 3155 2064 1091 1058 661 397 10829 9364 7427 1465 696
cat_boundaries=0 1
cat_threshold=2240
is_linear=0
shrinkage=0.0417893


Tree=74
num_leaves=16
num_cat=1
split_feature=33 7 6 7 9 7 6 40 52 52 55 6 0 27 55
split_gain=47.5541 19.2261 23.3523 24.644 18.6086 17.7967 17.2281 17.2248 17.7951 11.8437 11.5678 16.8924 25.0874 54.3816 13.272
threshold=22.767643500000002 52.500000000000007 16.500000000000004 7.5000000000000009 25.093103500000002 24.500000000000004 10.500000000000002 24.360404000000003 0.27795747333571713 0.24108416974057126 0.56489881706181244 11.500000000000002 0 23.959722250000002 0.7441938674804266
decision_type=2 2 2 2 2 2 2 2 2 2 2 2 9 2 2
left_child=1 2 3 -1 10 -5 -7 -6 -9 -4 -2 14 13 -13 -12
right_child=4 -3 9 5 7 6 -8 8 -10 -11 11 12 -14 -15 -16
leaf_value=-0.0040064308869638245 0.0011284660295440582 -0.0046450113393644056 -0.0029194252547461623 0.0030981780773195137 0.020027822086529153 -0.0039200601244813327 0.00089516117789075942 0.010800315967282634 -0.0036882404323402718 -0.013192581392149542 0.0037918997938690803 0.034636672067083082 0.0033976705218719625 0.0043542053899833727 -0.0088010008182457088
leaf_weight=1997 5369 2236 3391 4430 184 1719 5293 406 233 208 404 168 908 270 229
leaf_count=1997 5369 2236 3391 4430 184 1719 5293 406 233 208 404 168 908 270 229
internal_value=0.000130921 -0.00100169 -0.00052355 0.000277073 0.00280255 0.00102468 -0.000285296 0.00876148 0.00551732 -0.00351315 0.00213513 0.00486618 0.00751387 0.015613 -0.000763829
internal_weight=27445 19274 17038 13439 8171 11442 7012 823 639 3599 7348 1979 1346 438 633
internal_count=27445 19274 17038 13439 8171 11442 7012 823 639 3599 7348 1979 1346 438 633
cat_boundaries=0 1
cat_threshold=2048
is_linear=0
shrinkage=0.0417893


Tree=75
num_leaves=16
num_cat=1
split_feature=9 6 7 7 8 7 6 52 0 6 6 53 16 55 6
split_gain=41.2579 19.58 17.5388 24.598 17.6128 14.7819 16.9115 19.656 14.1943 12.7714 23.375 10.8438 14.2098 10.171 9.68318
threshold=23.227624000000002 16.500000000000004 6.5000000000000009 49.500000000000007 1.5000000000000002 29.500000000000004 13.500000000000002 0.61258603346165952 0 9.5000000000000018 11.500000000000002 0.37906610922809952 4.6512339999999996 0.50503398711538106 8.5000000000000018
decision_type=2 2 2 2 2 2 2 2 9 2 2 2 8 2 2
left_child=1 2 -1 8 -5 6 7 9 13 -2 -11 -7 -13 -4 -10
right_child=5 -3 3 4 -6 11 -8 -9 14 10 -12 12 -14 -15 -16
leaf_value=-0.0036844748990097131 0.0092574146316490302 -0.0033883365639247112 0.001672233046344183 0.0028338717501126447 -0.004721822821096313 0.0035707958127791772 -0.001356293769839046 0.018459249564230302 0.0036303743809028284 -0.0060216560128526315 0.0080791227892420148 -0.0041314374058947527 0.0062800974836247376 0.0059951964268866644 -0.0011322841175180184
leaf_weight=2207 908 4109 5819 693 2421 1569 481 245 877 356 485 956 301 1136 4972
leaf_count=2207 908 4109 5819 693 2421 1569 481 245 877 356 485 956 301 1136 4972
internal_value=6.07243e-06 -0.000783781 -0.000193319 0.000290723 -0.00304035 0.00331896 0.00567699 0.00737358 0.00110086 0.0058207 0.00211018 0.0012538 -0.0016383 0.00237491 -0.000417456
internal_weight=27535 22234 18125 15918 3114 5301 2475 1994 12804 1749 841 2826 1257 6955 5849
internal_count=27535 22234 18125 15918 3114 5301 2475 1994 12804 1749 841 2826 1257 6955 5849
cat_boundaries=0 1
cat_threshold=2126
is_linear=0
shrinkage=0.0417893


Tree=76
num_leaves=16
num_cat=1
split_feature=6 0 59 2 6 6 7 7 8 59 6 8 42 8 55
split_gain=34.8706 24.4581 20.401 33.8855 13.1329 19.9602 17.8553 17.5793 17.1576 15.2826 14.5019 10.7216 10.2823 9.8647 9.85779
threshold=14.500000000000002 0 10.991666666666669 9.249916500000003 8.5000000000000018 10.500000000000002 34.500000000000007 14.500000000000002 1.5000000000000002 10.508333333333335 9.5000000000000018 1.5000000000000002 22.341171500000005 2.5000000000000004 0.19061251669034021
decision_type=2 9 2 2 2 2 2 2 2 2 2 2 2 2 2
left_child=1 2 14 -4 6 7 -3 10 -8 -7 -6 -2 -11 -9 -1
right_child=11 4 3 -5 5 9 8 13 -10 12 -12 -13 -14 -15 -16
leaf_value=0.0055673491910098148 0.0014395108816536197 0.0067923493505893766 0.00055629772161324299 0.022205272544664808 0.009630737585724131 -0.00044156061638201755 0.0062187450658909649 -0.0074228414121448082 -0.0056938615873063673 0.010031323924619228 -0.0044216466612199247 -0.0028410364184826122 0.00011750832440721831 0.001148886352056152 0.0015361055850456153
leaf_weight=1282 1192 995 264 242 257 6325 334 1558 574 435 256 7159 315 276 6099
leaf_count=1282 1192 995 264 242 257 6325 334 1558 574 435 256 7159 315 276 6099
internal_value=2.44506e-05 0.00100443 0.00278924 0.0109102 -0.00024081 -0.000880573 0.00292547 -0.00422008 -0.00131191 0.000227247 0.00261824 -0.00223004 0.00586752 -0.00613288 0.00223629
internal_weight=27563 19212 7887 506 11325 9422 1903 2347 908 7075 513 8351 750 1834 7381
internal_count=27563 19212 7887 506 11325 9422 1903 2347 908 7075 513 8351 750 1834 7381
cat_boundaries=0 1
cat_threshold=10312
is_linear=0
shrinkage=0.0417893


Tree=77
num_leaves=16
num_cat=2
split_feature=18 0 59 6 6 54 6 52 7 30 51 0 59 6 6
split_gain=36.0419 17.6156 34.9172 20.6417 27.8819 38.0423 24.4305 13.8156 12.3482 12.495 11.0653 9.49761 7.4281 7.1931 20.884
threshold=22.024789000000002 0 10.508333333333335 13.500000000000002 11.500000000000002 0.55930645549114721 9.5000000000000018 0.7715071363513013 20.500000000000004 23.004532000000005 23.597193558333334 1 10.508333333333335 8.5000000000000018 10.500000000000002
decision_type=2 9 2 2 2 2 2 2 2 2 2 9 2 2 2
left_child=11 2 3 4 6 -6 -2 13 9 -5 -10 -1 -13 -3 -15
right_child=1 7 -4 8 5 -7 -8 -9 10 -11 -12 12 -14 14 -16
leaf_value=-0.0069081473566852836 0.0058198585128114901 0.003455933746493152 0.020575559025895307 -0.0012587156899954704 0.0015797154575079564 0.019830557939408272 -0.0027726183925293937 -0.0069704744084587728 -0.0020894265116085629 -0.015487091524699589 0.010141658106909233 -0.0016912023825338852 0.003116997005687413 -0.0035482769559639932 0.0013416667464446936
leaf_weight=576 1356 1450 201 238 379 421 1007 424 445 197 182 11092 591 1946 7054
leaf_count=576 1356 1450 201 238 379 421 1007 424 445 197 182 11092 591 1946 7054
internal_value=-2.18375e-05 0.00133092 0.0035501 0.00274853 0.00444106 0.0111842 0.00215815 0.000423998 -0.00229242 -0.00770238 0.00146091 -0.00171016 -0.00144673 0.000724428 0.000284352
internal_weight=27559 15300 4426 4225 3163 800 2363 10874 1062 435 627 12259 11683 10450 9000
internal_count=27559 15300 4426 4225 3163 800 2363 10874 1062 435 627 12259 11683 10450 9000
cat_boundaries=0 1 2
cat_threshold=2240 8832
is_linear=0
shrinkage=0.0417893


Tree=78
num_leaves=16
num_cat=1
split_feature=9 0 7 6 7 7 6 52 6 6 7 52 55 55 6
split_gain=34.675 15.2692 12.5307 14.4247 14.5125 12.1422 16.3035 16.2819 12.6279 22.8673 10.4564 10.4233 10.2431 9.94088 8.86211
threshold=23.227624000000002 0 3.5000000000000004 14.500000000000002 47.500000000000007 28.500000000000004 13.500000000000002 0.63722067797264925 9.5000000000000018 12.500000000000002 12.500000000000002 0.47121090335544641 0.80680081048592844 0.61096533796422536 12.500000000000002
decision_type=2 9 2 2 2 2 2 2 2 2 2 2 2 2 2
left_child=1 14 -3 4 12 6 7 8 10 -10 -2 -7 -4 -13 -1
right_child=5 2 3 -5 -6 11 -8 -9 9 -11 -12 13 -14 -15 -16
leaf_value=-0.0011582148347093646 0.01636230103389746 -0.0042226093970821714 0.0022602308467736835 -0.0014656433919492582 -0.001766220182189899 0.0027099303384466346 -0.0018801501330252023 0.018121918189976719 -0.0034201663366537623 0.011017827040761121 0.006204794142452081 -0.0081313718863831059 -0.0075918234010896582 0.0014372039569972468 -0.0046592971026024029
leaf_weight=2734 250 1232 7400 5995 2313 2145 450 204 518 304 606 352 189 411 2346
leaf_count=2734 250 1232 7400 5995 2313 2145 450 204 518 304 606 352 189 411 2346
internal_value=-3.86154e-05 -0.000760074 -0.00016239 0.00015217 0.00113165 0.00301918 0.00526556 0.00697415 0.00561887 0.00191944 0.00917136 0.00121776 0.00201487 -0.00297713 -0.0027696
internal_weight=27449 22209 17129 15897 9902 5240 2332 1882 1678 822 856 2908 7589 763 5080
internal_count=27449 22209 17129 15897 9902 5240 2332 1882 1678 822 856 2908 7589 763 5080
cat_boundaries=0 1
cat_threshold=13184
is_linear=0
shrinkage=0.0417893


Tree=79
num_leaves=16
num_cat=1
split_feature=8 9 7 6 47 59 6 7 6 0 6 6 7 55 6
split_gain=33.3865 34.7028 31.1767 59.6166 28.5086 25.6771 22.3334 33.8044 33.6877 24.8087 22.195 20.1556 24.0033 19.2185 17.6061
threshold=1.5000000000000002 25.773404000000003 33.500000000000007 13.500000000000002 22.332329500000004 10.008333333333335 11.500000000000002 40.500000000000007 9.5000000000000018 0 8.5000000000000018 11.500000000000002 25.500000000000004 0.31007760231752274 10.500000000000002
decision_type=2 2 2 2 2 2 2 2 2 9 2 2 2 2 2
left_child=1 5 3 4 -2 10 7 8 -7 -8 -1 -12 -13 -5 -4
right_child=2 -3 14 13 -6 6 9 -9 -10 -11 11 12 -14 -15 -16
leaf_value=0.0078696603576593523 0.00064901667698949559 0.020237144829711295 -0.0058399504558894859 -0.00099548664978904881 0.006833591230202888 0.0055076350808488618 0.020740629223565989 0.010891381476982431 -0.010712997220031386 0.0060726336697596852 -0.0047406206116156714 -0.0026119382910023883 0.0054913072750948826 -0.0068179755099687404 -0.0015842099364879749
leaf_weight=572 2473 187 2299 4974 2748 429 266 470 467 869 1515 1308 1247 1236 6490
leaf_count=572 2473 187 2299 4974 2748 429 266 470 467 869 1515 1308 1247 1236 6490
internal_value=4.98593e-05 0.00246603 -0.000826034 0.000612821 0.00390418 0.0020008 0.00541424 0.00181461 -0.00294665 0.00974649 0.000161709 -0.000921571 0.00134295 -0.00215436 -0.00269741
internal_weight=27550 7330 20220 11431 5221 7143 2501 1366 896 1135 4642 4070 2555 6210 8789
internal_count=27550 7330 20220 11431 5221 7143 2501 1366 896 1135 4642 4070 2555 6210 8789
cat_boundaries=0 1
cat_threshold=6144
is_linear=0
shrinkage=0.0417893


Tree=80
num_leaves=16
num_cat=2
split_feature=6 9 7 6 7 6 6 55 0 59 4 55 0 17 15
split_gain=24.8863 17.1698 17.4379 16.8641 39.3944 36.1962 14.9126 18.8126 12.4052 11.1707 14.2963 13.2323 12.915 9.84111 12.342
threshold=14.500000000000002 23.461739000000005 3.5000000000000004 10.500000000000002 33.500000000000007 9.5000000000000018 12.500000000000002 0.42811546543550572 0 10.991666666666669 7.9570635000000012 0.18048041725444322 1 0.55649050000000011 2.2606610716203952
decision_type=2 2 2 2 2 2 2 2 9 2 2 2 9 10 10
left_child=1 2 -1 4 5 -4 7 -5 -8 11 -11 12 -3 -13 -15
right_child=-2 9 3 6 -6 -7 8 -9 -10 10 -12 13 -14 14 -16
leaf_value=-0.0055526851357388671 -0.0020623872836138578 0.01563658091431477 0.0065649483186366172 0.0051830100683777748 -0.0052955864290285927 -0.0046460087632660546 -0.0037719223761741609 -0.00055369374633123028 0.0010116281066509876 0.002340858822641268 0.018759651052263134 0.0034776663333007372 0.00062239055464976601 -0.010181309228899883 0.00056896355191787427
leaf_weight=915 8280 233 1366 2869 2459 796 1227 1531 4025 198 174 1843 183 224 1114
leaf_count=915 8280 233 1366 2869 2459 796 1227 1531 4025 198 174 1843 183 224 1114
internal_value=-0.000148018 0.000679406 3.98566e-05 0.000398378 -0.00167764 0.00243732 0.00139229 0.0031869 -0.000111186 0.00312674 0.0100206 0.00241378 0.00942263 0.00149719 -0.00123079
internal_weight=27437 19157 15188 14273 4621 2162 9652 4400 5252 3969 372 3597 416 3181 1338
internal_count=27437 19157 15188 14273 4621 2162 9652 4400 5252 3969 372 3597 416 3181 1338
cat_boundaries=0 1 2
cat_threshold=12480 3072
is_linear=0
shrinkage=0.0417893


Tree=81
num_leaves=16
num_cat=0
split_feature=42 59 54 7 6 4 6 8 33 55 6 52 48 16 6
split_gain=26.2568 14.8769 19.2448 13.082 32.1822 23.1467 17.7448 17.4476 16.2418 13.9224 21.414 12.524 12.5088 12.3565 10.9215
threshold=22.222133750000001 10.991666666666669 0.72123070736026096 27.500000000000004 13.500000000000002 11.194761000000002 12.500000000000002 1.5000000000000002 23.256864750000002 0.66837117650267819 12.500000000000002 0.49894620264077372 22.686818700000007 0.48744550000000025 10.500000000000002
decision_type=2 2 2 2 2 2 2 2 2 2 2 2 2 8 2
left_child=1 2 12 4 5 -2 13 9 -6 11 -11 14 -1 -7 -5
right_child=3 -3 -4 7 8 6 -8 -9 -10 10 -12 -13 -14 -15 -16
leaf_value=-0.0015886694574172584 0.0027540335739214702 0.0045608571039297552 -0.010188334041858989 0.00028519771520160025 0.00041992505393553472 -0.00070424666637993968 0.020206279067958143 -0.0015833644709085778 -0.0083078210864443516 0.00021083698884372619 0.020855429086999767 -0.0058815058824612902 0.0063340801948523571 0.0099146143429222362 0.006677108310415473
leaf_weight=12472 2867 706 447 1188 1807 256 225 4490 469 177 174 341 358 758 769
leaf_count=12472 2867 706 447 1188 1807 256 225 4490 469 177 174 341 358 758 769
internal_value=-8.05722e-05 -0.00135025 -0.00166457 0.00123249 0.00260728 0.00481667 0.00958952 3.47156e-06 -0.00137854 0.00269313 0.0104449 0.0015091 -0.0013676 0.00723372 0.00279689
internal_weight=27504 13983 13277 13521 6382 4106 1239 7139 2276 2649 351 2298 12830 1014 1957
internal_count=27504 13983 13277 13521 6382 4106 1239 7139 2276 2649 351 2298 12830 1014 1957
is_linear=0
shrinkage=0.0417893


Tree=82
num_leaves=16
num_cat=1
split_feature=8 7 6 42 59 6 1 7 6 6 6 7 6 54 7
split_gain=28.3859 26.0419 46.7787 28.6087 22.7185 26.6145 34.604 31.3926 32.4089 23.6371 33.4767 22.689 38.0104 20.4486 16.9391
threshold=1.5000000000000002 32.500000000000007 13.500000000000002 22.331283500000001 10.008333333333335 11.500000000000002 0 40.500000000000007 9.5000000000000018 9.5000000000000018 11.500000000000002 25.500000000000004 12.500000000000002 0.4436906172955522 5.5000000000000009
decision_type=2 2 2 2 2 2 1 2 2 2 2 2 2 2 2
left_child=4 2 3 -2 9 7 -7 8 -6 -1 -11 -12 -13 -4 -5
right_child=1 -3 13 14 5 6 -8 -9 -10 10 11 12 -14 -15 -16
leaf_value=0.0062264207264603969 0.00028190863469987928 -0.0023803272698258481 -0.0010808045096677426 -0.00043537830717201568 0.0049617656939328989 0.022144505857509208 0.0056815775154027432 0.010155080046960994 -0.010760550982179642 -0.0068586492078767901 -0.0021049312500251429 0.020301965918186983 0.0021055572547805661 -0.0094627332795866968 0.0081502604122400939
leaf_weight=1023 2403 9104 5409 492 452 299 894 484 464 1155 1335 250 1012 561 2177
leaf_count=1023 2403 9104 5409 492 452 299 894 484 464 1155 1335 250 1012 561 2177
internal_value=8.61014e-05 -0.000725644 0.000638623 0.00358958 0.00230562 0.00545457 0.0100409 0.00154634 -0.00300238 0.000595629 -0.000939632 0.00169282 0.00571024 -0.00186845 0.0065676
internal_weight=27514 20146 11042 5072 7368 2593 1193 1400 916 4775 3752 2597 1262 5970 2669
internal_count=27514 20146 11042 5072 7368 2593 1193 1400 916 4775 3752 2597 1262 5970 2669
cat_boundaries=0 1
cat_threshold=8
is_linear=0
shrinkage=0.0417893


Tree=83
num_leaves=16
num_cat=2
split_feature=8 9 7 43 59 7 53 16 0 59 54 0 53 16 55
split_gain=23.5995 26.9304 24.1348 22.195 19.6702 18.2056 16.8329 17.2814 16.201 14.2521 13.0614 11.5473 11.1121 10.9988 10.6336
threshold=1.5000000000000002 25.773404000000003 33.500000000000007 22.309153500000004 10.008333333333335 6.5000000000000009 0.085034912993862635 -1.0361334999999998 0 10.508333333333335 0.24679934025657144 1 0.50863295214042681 0.38598350000000053 0.76352705094931761
decision_type=2 2 2 2 2 2 2 10 9 2 2 9 2 10 2
left_child=1 4 3 -2 10 -5 -6 -8 12 -9 -1 -4 -7 -10 -12
right_child=2 -3 11 5 6 8 7 9 13 -11 14 -13 -14 -15 -16
leaf_value=0.0029288414296606527 -0.0009515850053226758 0.017126158668039682 -0.004879084836945104 -0.0020603641811412026 0.015746969325061626 0.00067221238105922003 0.0011037813232366879 0.0050615571491415016 0.0060946435084580286 0.018145479295921269 -0.0011082064386592325 -0.0015000270060232476 0.010751955360660289 0.015711922410039412 -0.011726611734218318
leaf_weight=1622 7193 199 2460 1000 213 1650 1616 483 1100 208 2798 6319 216 256 175
leaf_count=1622 7193 199 2460 1000 213 1650 1616 483 1100 208 2798 6319 216 256 175
internal_value=-7.01463e-05 0.00196371 -0.000806783 0.000460169 0.00153963 0.00286537 0.00450668 0.00346888 0.00439415 0.009 -8.75609e-05 -0.00245415 0.0018292 0.00785239 -0.00173324
internal_weight=27508 7314 20194 11415 7115 4222 2520 2307 3222 691 4595 8779 1866 1356 2973
internal_count=27508 7314 20194 11415 7115 4222 2520 2307 3222 691 4595 8779 1866 1356 2973
cat_boundaries=0 1 2
cat_threshold=12303 6016
is_linear=0
shrinkage=0.0417893


Tree=84
num_leaves=16
num_cat=2
split_feature=6 6 7 59 0 8 42 54 6 54 0 14 3 7 7
split_gain=22.9515 41.5947 29.8169 28.2763 32.4613 22.0337 19.6895 17.4405 15.3209 11.275 18.7315 10.5529 10.1951 10.0361 18.2683
threshold=9.5000000000000018 10.500000000000002 36.500000000000007 10.508333333333335 0 1.5000000000000002 22.400758500000006 0.87176034621777931 12.500000000000002 0.58967671443621728 1 2.8892570257424932 2.7871270000000004 50.500000000000007 22.500000000000004
decision_type=2 2 2 2 9 2 2 2 2 2 9 8 2 2 2
left_child=2 13 11 6 -5 -4 7 8 -3 -8 -11 -1 -6 14 -2
right_child=1 3 5 4 12 -7 9 -9 -10 10 -12 -13 -14 -15 -16
leaf_value=-0.0018131932166898697 -0.0021529269627212928 0.001618445464342106 0.005077102447893782 0.021499714282509748 -0.0025728614697545092 -0.0043330267757710657 0.00062769969696234852 -0.013392636300857234 -0.0018839019609718352 0.0083838272822116863 -0.0019794469762265802 0.0063560434147935463 0.0059058380724146022 -0.00035600022075319153 -0.010656016729905718
leaf_weight=311 735 2805 644 190 366 1336 5052 205 9808 896 459 2464 766 460 1104
leaf_count=311 735 2805 644 190 366 1336 5052 205 9808 896 459 2464 766 460 1104
internal_value=3.8162e-06 -0.000545951 0.00264524 5.04998e-05 0.0059623 -0.00127236 -0.000356023 -0.00130153 -0.00110502 0.00153559 0.00492058 0.0054405 0.00313678 -0.00587665 -0.00725756
internal_weight=27601 22846 4755 20547 1322 1980 19225 12818 12613 6407 1355 2775 1132 2299 1839
internal_count=27601 22846 4755 20547 1322 1980 19225 12818 12613 6407 1355 2775 1132 2299 1839
cat_boundaries=0 1 2
cat_threshold=6144 10312
is_linear=0
shrinkage=0.0417893


Tree=85
num_leaves=16
num_cat=2
split_feature=29 54 0 59 55 55 6 9 0 8 7 17 6 6 7
split_gain=22.3865 15.6151 15.4325 38.8102 11.2659 15.9099 37.1374 12.5041 11.0098 12.2061 34.6458 8.98826 8.05169 7.2893 10.6977
threshold=22.137150500000001 0.70905319121178512 0 10.508333333333335 0.20662903684754538 0.61096533796422536 11.500000000000002 22.705116500000003 1 1.5000000000000002 27.500000000000004 -0.71988499999999989 13.500000000000002 8.5000000000000018 36.500000000000007
decision_type=2 2 9 2 2 2 2 2 9 2 2 10 2 2 2
left_child=1 8 3 4 7 12 -7 -2 -1 10 -10 -3 -6 14 -4
right_child=2 11 13 -5 5 6 -8 -9 9 -11 -12 -13 -14 -15 -16
leaf_value=-0.001932045984723383 0.0024763600466399141 -0.0028733031375534407 0.0064223066266546709 0.022915189140556964 0.00098959186354399494 -0.0037008995534789533 0.011591744988744369 0.014381975691281997 -0.005653427202605101 -0.00014584786366727897 0.015703343320180193 -0.015193435733239792 -0.0046555632309127912 -0.00019473736183719595 -0.00071012438449040633
leaf_weight=7911 357 201 763 169 1630 461 696 271 233 4407 308 213 605 8571 708
leaf_count=7911 357 201 763 169 1630 461 696 271 233 4407 308 213 605 8571 708
internal_value=1.09052e-05 -0.0012236 0.00116231 0.00328945 0.00247257 0.00152068 0.00549848 0.00761398 -0.000966413 0.0005802 0.00650533 -0.00921193 -0.000538516 0.000271425 0.00298943
internal_weight=27504 13273 14231 4189 4020 3392 1157 628 12859 4948 541 414 2235 10042 1471
internal_count=27504 13273 14231 4189 4020 3392 1157 628 12859 4948 541 414 2235 10042 1471
cat_boundaries=0 1 2
cat_threshold=2112 13889
is_linear=0
shrinkage=0.0417893


Tree=86
num_leaves=16
num_cat=0
split_feature=6 9 7 7 6 55 6 6 2 7 8 9 39 53 49
split_gain=19.7171 14.2008 12.6082 14.2577 25.4296 26.6713 20.0114 33.5374 17.783 16.0445 8.00111 9.263 7.02687 6.10679 5.83845
threshold=14.500000000000002 26.085972250000005 3.5000000000000004 22.500000000000004 13.500000000000002 0.23402006873165579 10.500000000000002 9.5000000000000018 11.194761000000002 50.500000000000007 1.5000000000000002 22.921477500000005 23.092186000000002 0.33559954955187526 20.965230100000003
decision_type=2 2 2 2 2 2 2 2 2 2 2 2 2 2 2
left_child=1 2 12 4 8 -6 7 -5 -4 -8 -2 14 -1 -14 -12
right_child=10 -3 3 6 5 -7 9 -9 -10 -11 11 -13 13 -15 -16
leaf_value=-0.005694763864710033 0.0015432724384351363 0.011694218102372625 0.0025972528654304369 0.00044142693891931293 0.0039211931050738263 -0.0082548497823680816 0.0026211340199398712 -0.0070569443205083012 0.0086594419773047531 -0.0018308499227951865 -0.0044561291258295877 -0.010736115748880875 0.0071304254955360203 -0.0040714746314792173 -0.0013355640196495455
leaf_weight=810 1178 206 3266 3219 590 672 5540 1540 1140 1898 1283 214 168 172 5693
leaf_count=810 1178 206 3266 3219 590 672 5540 1540 1140 1898 1283 214 168 172 5693
internal_value=4.39942e-05 0.000781119 0.000662892 0.00093591 0.00266772 -0.00256241 0.000131129 -0.00198503 0.00416577 0.00148509 -0.00164916 -0.0021722 -0.00357838 0.00146358 -0.00190949
internal_weight=27589 19221 19015 17865 5668 1262 12197 4759 4406 7438 8368 7190 1150 340 6976
internal_count=27589 19221 19015 17865 5668 1262 12197 4759 4406 7438 8368 7190 1150 340 6976
is_linear=0
shrinkage=0.0417893


Tree=87
num_leaves=16
num_cat=2
split_feature=8 59 7 7 51 28 0 55 48 0 42 59 5 49 52
split_gain=18.9036 19.9952 18.8553 22.4827 22.9004 18.965 17.1285 16.2749 14.5518 14.3908 16.6202 25.525 15.7916 13.0555 11.7091
threshold=1.5000000000000002 10.008333333333335 27.500000000000004 3.5000000000000004 23.412529016666671 24.169954500000006 0 0.7441938674804266 25.248132300000002 1 24.085550500000004 10.508333333333335 4.4976420000000008 20.994822400000004 0.62372531950686294
decision_type=2 2 2 2 2 2 9 2 2 9 2 2 2 2 2
left_child=1 8 3 -2 7 6 -6 13 14 10 11 12 -3 -5 -1
right_child=2 9 -4 4 5 -7 -8 -9 -10 -11 -12 -13 -14 -15 -16
leaf_value=0.00020828472921220379 -0.0042271364314223781 0.013252842672514283 -0.0018924569657612033 -0.0042631745385754453 0.02082422674918781 -0.00074276012319197775 0.0040540092150522875 -0.01183883883920578 0.0089587668825462478 0.0017171322756468939 0.0011315535577332816 0.02587146921843083 0.00013933907853501699 0.001722064846034601 -0.0075521617502036491
leaf_weight=4123 1397 379 10768 706 250 242 210 173 308 1369 408 170 278 6460 370
leaf_count=4123 1397 379 10768 706 250 242 210 173 308 1369 408 170 278 6460 370
internal_value=-3.53896e-05 0.00177084 -0.000697329 0.000666216 0.00151636 0.00872712 0.0137091 0.000826626 0.000171581 0.0047194 0.007969 0.0114386 0.00770406 0.00113239 -0.000430791
internal_weight=27611 7405 20206 9438 8041 702 460 7339 4801 2604 1235 827 657 7166 4493
internal_count=27611 7405 20206 9438 8041 702 460 7339 4801 2604 1235 827 657 7166 4493
cat_boundaries=0 1 2
cat_threshold=3072 6208
is_linear=0
shrinkage=0.0417893


Tree=88
num_leaves=16
num_cat=2
split_feature=0 42 54 59 54 48 48 7 55 54 31 51 8 52 0
split_gain=17.8928 15.4688 19.808 22.0635 17.9963 13.0393 10.9728 10.6201 10.4162 12.7445 10.2701 9.44482 7.46293 7.20485 6.9792
threshold=0 22.400758500000006 0.60290948014333401 10.491666666666669 0.70905319121178512 23.349981300000007 22.686818700000007 27.500000000000004 0.19061251669034021 0.091951039445528807 21.113095500000004 24.114261716666672 2.5000000000000004 0.7715071363513013 1
decision_type=9 2 2 2 2 2 2 2 2 2 2 2 2 2 9
left_child=1 4 7 5 6 -4 -1 8 9 -3 -2 -7 -10 -12 -9
right_child=10 2 3 -5 -6 11 -8 14 12 -11 13 -13 -14 -15 -16
leaf_value=-0.0003790906256803122 -0.0034617328304175805 0.00093776105102450218 0.011844479701265042 0.021384199421149067 -0.01214749894483287 -0.0044199998069080707 0.0083474857560059904 0.0020414305998112687 0.0032760358835644834 0.014417622958536967 -0.00020367149141511224 0.0058349805419979171 -0.0038677204385962286 -0.0055983314920484356 -0.0022994265496166406
leaf_weight=4119 2152 207 345 174 218 258 268 1214 1717 300 14117 400 300 446 1362
leaf_count=4119 2152 207 345 174 218 258 268 1214 1717 300 14117 400 300 446 1362
internal_value=9.18413e-05 0.00140987 0.00276068 0.00764727 -0.00042834 0.00526419 0.000154013 0.00163293 0.00355945 0.00891402 -0.000766621 0.00181403 0.0022135 -0.000368886 -0.000254698
internal_weight=27597 10882 6277 1177 4605 1003 4387 5100 2524 507 16715 658 2017 14563 2576
internal_count=27597 10882 6277 1177 4605 1003 4387 5100 2524 507 16715 658 2017 14563 2576
cat_boundaries=0 1 2
cat_threshold=2376 72
is_linear=0
shrinkage=0.0417893


Tree=89
num_leaves=16
num_cat=1
split_feature=6 0 59 2 16 7 6 54 35 6 6 8 7 8 40
split_gain=15.7368 11.1734 12.7569 23.6344 9.03178 9.04429 8.45146 8.29714 8.05964 7.21013 15.9972 12.1283 11.5274 11.9197 10.0624
threshold=14.500000000000002 0 10.991666666666669 9.249916500000003 -0.90360199999999924 3.5000000000000004 11.500000000000002 0.58967671443621728 22.943151500000003 8.5000000000000018 10.500000000000002 2.5000000000000004 34.500000000000007 1.5000000000000002 24.030793500000005
decision_type=2 9 2 2 8 2 2 2 2 2 2 2 2 2 2
left_child=1 2 4 -4 6 -6 8 -7 -1 12 11 -11 -3 -14 -12
right_child=-2 9 3 -5 5 7 -8 -9 -10 10 14 -13 13 -15 -16
leaf_value=-0.010931421437158452 -0.0015165405669068733 0.0053077815145995784 -0.00062291473943021911 0.017868433226797341 -0.0040772401289097355 0.0017476915082878955 0.0010014261652164724 0.0058569302405365609 0.00011939685768494387 -0.0049142376821616355 0.00058106300159048484 0.0035737630609976021 0.0049297297475418365 -0.0048531748235553238 -0.0096229322543185704
leaf_weight=272 8342 984 246 237 391 4756 693 1047 200 1988 6900 345 348 580 173
leaf_count=272 8342 984 246 237 391 4756 693 1047 200 1988 6900 345 348 580 173
internal_value=-1.57363e-06 0.000658022 0.00186909 0.00845049 0.00143967 0.00207459 -0.00193604 0.0024891 -0.00624888 -0.000182594 -0.000658302 -0.00365905 0.00215668 -0.00118458 0.000331481
internal_weight=27502 19160 7842 483 7359 6194 1165 5803 472 11318 9406 2333 1912 928 7073
internal_count=27502 19160 7842 483 7359 6194 1165 5803 472 11318 9406 2333 1912 928 7073
cat_boundaries=0 1
cat_threshold=10312
is_linear=0
shrinkage=0.0417893


Tree=90
num_leaves=16
num_cat=3
split_feature=6 6 59 0 7 8 42 54 6 17 29 0 6 0 55
split_gain=15.8262 38.3335 27.6451 30.6385 22.1133 18.7836 15.7017 14.8175 13.7557 11.1092 11.7304 13.6439 13.5175 11.0361 15.0963
threshold=9.5000000000000018 10.500000000000002 10.991666666666669 0 35.500000000000007 1.5000000000000002 22.400758500000006 0.75083800376535403 12.500000000000002 2.2770615000000007 23.961670000000002 1 8.5000000000000018 2 0.65358340257573189
decision_type=2 2 2 9 2 2 2 2 2 8 2 9 2 9 2
left_child=4 -2 6 -4 9 -6 7 8 -3 -1 11 -11 -13 14 -8
right_child=1 2 3 -5 5 -7 13 -9 -10 10 -12 12 -14 -15 -16
leaf_value=0.00014882281007489199 -0.0055538991728669605 0.0018044099355503062 0.018406557143223663 0.0024641492818857249 0.0047520687072121013 -0.0036980671631250154 0.0015491093033764315 -0.0092468708554541909 -0.0015397978428236033 0.0033372727725249703 0.00097034567962143439 0.0076661968228954906 0.018556905412826213 -0.00052200344240369901 0.0079911691064463459
leaf_weight=670 2277 2752 274 855 680 1416 2868 374 9786 608 516 516 324 2769 816
leaf_count=670 2277 2752 274 855 680 1416 2868 374 9786 608 516 516 324 2769 816
internal_value=4.69315e-05 -0.000409966 0.000161554 0.00651812 0.00224651 -0.00095661 -0.00020904 -0.00105027 -0.000805768 0.00479539 0.00638052 0.00830845 0.0117273 0.0014742 0.00296796
internal_weight=27501 22771 20494 1129 4730 2096 19365 12912 12538 2634 1964 1448 840 6453 3684
internal_count=27501 22771 20494 1129 4730 2096 19365 12912 12538 2634 1964 1448 840 6453 3684
cat_boundaries=0 1 2 3
cat_threshold=6152 13185 10312
is_linear=0
shrinkage=0.0417893


Tree=91
num_leaves=16
num_cat=1
split_feature=18 16 55 6 6 0 54 10 6 59 14 34 51 55 59
split_gain=15.6327 12.4152 14.1932 25.5565 52.8816 23.1006 14.9866 11.7999 9.84273 9.60512 8.79931 8.0945 7.4818 6.79116 6.50547
threshold=22.024789000000002 -0.14840899999999999 0.50503398711538106 13.500000000000002 11.500000000000002 0 0.72123070736026096 1.5000000000000002 8.5000000000000018 10.008333333333335 5.7642810200721071 23.209339500000002 22.547710200000004 0.28446675726361742 11.025000000000002
decision_type=2 8 2 2 2 9 2 2 2 2 10 2 2 2 2
left_child=12 7 13 4 6 -6 -4 8 -2 -5 -9 -10 14 -3 -1
right_child=1 2 3 9 5 -7 -8 10 11 -11 -12 -13 -14 -15 -16
leaf_value=-0.0010973589502913769 0.0039021467663853814 0.0019737134150641846 0.0029610364739563939 -0.0057057727544645538 0.021865493542753019 0.0082850967831808262 -0.0085049717974663361 0.0010251192819008604 -0.0048737307884821751 0.0054615800442407731 0.010907915167116412 -6.6308669571076958e-05 -0.0091328046030508016 -0.00043033703132693436 0.0044511565824004711
leaf_weight=11740 389 4286 774 500 361 653 268 939 1765 184 189 936 197 3937 381
leaf_count=11740 389 4286 774 500 361 653 268 939 1765 184 189 936 197 3937 381
internal_value=5.18723e-05 0.000949391 0.00169067 0.0042955 0.00662336 0.0134173 1.20031e-05 -0.000977258 -0.00231271 -0.00270169 0.00268102 -0.00320778 -0.00105425 0.000822705 -0.000922952
internal_weight=27499 15181 10963 2740 2056 1014 1042 4218 3090 684 1128 2701 12318 8223 12121
internal_count=27499 15181 10963 2740 2056 1014 1042 4218 3090 684 1128 2701 12318 8223 12121
cat_boundaries=0 1
cat_threshold=2048
is_linear=0
shrinkage=0.0417893


Tree=92
num_leaves=16
num_cat=2
split_feature=23 59 0 6 6 7 8 43 7 7 0 26 7 7 6
split_gain=15.4642 12.1277 43.1231 17.6796 32.2778 21.7616 18.8926 15.4978 10.3882 10.9695 8.97444 14.3719 7.7749 13.484 7.7734
threshold=21.315025000000002 10.508333333333335 0 9.5000000000000018 10.500000000000002 36.500000000000007 1.5000000000000002 23.739738500000005 3.5000000000000004 51.500000000000007 1 23.094337500000005 50.500000000000007 26.500000000000004 10.500000000000002
decision_type=2 2 9 2 2 2 2 2 2 2 9 2 2 2 2
left_child=-1 3 -3 5 12 10 -7 14 -6 -10 11 -2 13 -5 -4
right_child=1 2 7 4 8 6 -8 -9 9 -11 -12 -13 -14 -15 -16
leaf_value=-0.0022930376588660793 0.015463075453758747 0.01813105075308229 -0.0014548307769945306 -0.0026473431591529416 -0.0035017583027658994 0.0050810582563831528 -0.0042129807764900145 -0.0089125949475386823 0.0010053181620699795 -0.0023278637258780837 0.0026725351804079583 0.0050395078999661324 0.00016346866747844044 -0.010390990572176607 0.0050435255923662456
leaf_weight=4247 323 292 513 739 1206 588 1090 239 12276 2006 1188 811 345 838 861
leaf_count=4247 323 292 513 739 1206 588 1090 239 12276 2006 1188 811 345 838 861
internal_value=2.62226e-05 0.000448693 0.00364389 0.000164393 -0.000411211 0.00266971 -0.000956189 0.000903287 0.000222654 0.000537151 0.00528997 0.00793848 -0.00551907 -0.00676223 0.00261728
internal_weight=27562 23315 1905 21410 17410 4000 1678 1613 15488 14282 2322 1134 1922 1577 1374
internal_count=27562 23315 1905 21410 17410 4000 1678 1613 15488 14282 2322 1134 1922 1577 1374
cat_boundaries=0 1 2
cat_threshold=6144 3136
is_linear=0
shrinkage=0.0417893


Tree=93
num_leaves=16
num_cat=1
split_feature=0 59 2 45 6 6 54 6 47 43 6 6 52 15 41
split_gain=13.7921 10.4387 20.9514 10.121 9.12354 14.0447 11.5113 24.0467 8.46731 9.1134 7.16583 9.50555 13.2326 13.0503 11.4218
threshold=0 10.491666666666669 11.194761000000002 23.408129000000002 9.5000000000000018 10.500000000000002 0.29626214217623409 8.5000000000000018 25.627981500000004 22.413716000000004 12.500000000000002 11.500000000000002 0.29359598745853743 2.3159936155569585 21.993950000000002
decision_type=9 2 2 2 2 2 2 2 2 2 2 2 2 8 2
left_child=10 4 3 -3 6 -6 7 -2 9 -7 11 13 -13 -1 -14
right_child=1 2 -4 -5 5 8 -8 -9 -10 -11 -12 12 14 -15 -16
leaf_value=-0.010578963489334559 0.0018087722698331334 0.0032670039413654197 0.013075622451075429 -0.0037060491538329402 -0.0048436624654262907 -0.00060446192787383499 0.00020221102629778515 0.016991836970155424 -0.0089069818893170935 0.0018301508978129885 -0.0022534243025158097 -0.00066797721772666563 0.016414789402446089 -0.00037534287619824338 0.002155997127251202
leaf_weight=231 578 1616 327 469 1025 6442 1180 266 173 4604 5615 505 204 4178 189
leaf_count=231 578 1616 327 469 1025 6442 1180 266 173 4604 5615 505 204 4178 189
internal_value=-5.79208e-05 0.000697867 0.00324091 0.00169848 0.000268455 -0.000161189 0.00286755 0.00659396 0.000266616 0.000410291 -0.00121168 -0.000111767 0.0038071 -0.000909941 0.00955752
internal_weight=27602 16680 2412 2085 14268 12244 2024 844 11219 11046 10922 5307 898 4409 393
internal_count=27602 16680 2412 2085 14268 12244 2024 844 11219 11046 10922 5307 898 4409 393
cat_boundaries=0 1
cat_threshold=13953
is_linear=0
shrinkage=0.0417893


Tree=94
num_leaves=16
num_cat=2
split_feature=0 6 6 7 59 0 54 29 6 16 45 50 7 16 7
split_gain=13.2814 11.2385 23.0658 20.0441 17.7398 18.6146 12.9622 10.5681 11.4791 21.7843 8.5388 9.16895 8.19913 10.0573 6.62366
threshold=0 9.5000000000000018 10.500000000000002 34.500000000000007 10.991666666666669 1 0.20873864045541726 23.789882500000001 8.5000000000000018 2.2116575000000007 24.562128500000004 23.804420225000005 3.5000000000000004 5.1069680000000011 13.500000000000002
decision_type=9 2 2 2 2 9 2 2 2 8 2 2 2 10 2
left_child=-1 3 -3 7 12 -6 -5 8 14 -10 11 -8 -4 -14 -2
right_child=1 2 4 6 5 -7 10 -9 9 -11 -12 -13 13 -15 -16
leaf_value=-0.0016105167246644643 -0.001616207419327501 -0.0047170158502013579 -0.0032544048238395051 0.0055994822003927356 0.00161681738726371 0.015422366958100125 -0.0033033476695875775 0.0016834077902406336 0.0030713675810862609 0.022467642255119363 -0.011006949155125531 0.0069056393155447022 0.00034943903141634723 0.0095678505501610826 0.0075030553396612867
leaf_weight=7289 193 1619 1103 420 468 267 821 704 183 226 192 189 13071 210 498
leaf_count=7289 193 1619 1103 420 468 267 821 704 183 226 192 189 13071 210 498
internal_value=-8.30135e-05 0.000469723 2.36081e-05 0.00265062 0.000531252 0.00686373 -0.000720367 0.00568153 0.00824032 0.0137891 -0.00292863 -0.00139295 0.000207672 0.000495201 0.004956
internal_weight=27453 20164 16738 3426 15119 735 1622 1804 1100 409 1202 1010 14384 13281 691
internal_count=27453 20164 16738 3426 15119 735 1622 1804 1100 409 1202 1010 14384 13281 691
cat_boundaries=0 1 2
cat_threshold=12929 1348
is_linear=0
shrinkage=0.0417893


Tree=95
num_leaves=16
num_cat=2
split_feature=6 9 0 16 53 19 9 0 16 44 16 37 59 9 42
split_gain=13.5183 12.0669 8.89875 9.00161 11.2413 10.6807 6.70474 6.64374 5.60806 4.62727 4.42374 3.98071 5.7171 4.75604 3.96449
threshold=14.500000000000002 26.085972250000005 0 -0.94570649999999989 0.34991229845771316 22.645831000000005 22.521647000000005 1 5.0298885000000002 25.828110500000005 -1.0361334999999998 22.507876000000003 10.508333333333335 23.436914000000005 22.253352000000003
decision_type=2 2 9 8 2 2 2 9 10 2 8 2 2 2 2
left_child=1 2 10 4 5 -4 -6 -2 9 -5 -1 12 -12 -13 -9
right_child=7 -3 3 8 6 -7 -8 14 -10 -11 11 13 -14 -15 -16
leaf_value=-0.006578518208070515 0.00019953917299195376 0.010480721978005156 -0.0024182762411765289 0.0015705137098782471 0.0018035502665506345 0.0046292150116112657 -0.0046470418986989028 -0.0027478241921549034 0.0070492089969280899 -0.0048767925366113253 -0.00074435683391481313 -0.0058201538329492007 0.0049060900151528487 0.0018764580913515562 0.00041390230134241175
leaf_weight=241 3045 216 646 10694 358 897 1315 4457 322 198 3250 499 346 195 820
leaf_count=241 3045 216 646 10694 358 897 1315 4457 322 198 3250 499 346 195 820
internal_value=4.88992e-05 0.000659266 0.000547381 0.00105432 -0.000893964 0.00167868 -0.0032667 -0.00135761 0.00161399 0.00145331 -0.00106704 -0.000759907 -0.000200681 -0.00365756 -0.00225225
internal_weight=27499 19177 18961 14430 3216 1543 1673 8322 11214 10892 4531 4290 3596 694 5277
internal_count=27499 19177 18961 14430 3216 1543 1673 8322 11214 10892 4531 4290 3596 694 5277
cat_boundaries=0 1 2
cat_threshold=4737 14
is_linear=0
shrinkage=0.0417893


Tree=96
num_leaves=16
num_cat=0
split_feature=8 7 52 6 53 7 6 47 54 54 6 6 59 7 52
split_gain=12.9742 17.5461 18.6488 24.7944 24.9066 16.6955 25.6828 16.743 16.0947 15.3681 14.4131 52.5995 29.3365 20.6138 25.3397
threshold=1.5000000000000002 35.500000000000007 0.46303856091136192 10.500000000000002 0.11134554156157468 33.500000000000007 13.500000000000002 22.363460750000005 0.61700380759199591 0.44727135945000623 9.5000000000000018 11.500000000000002 10.008333333333335 10.500000000000002 0.17588608344950799
decision_type=2 2 2 2 2 2 2 2 2 2 2 2 2 2 2
left_child=1 10 3 -3 -5 6 7 -2 -6 -8 -1 13 -13 -12 -15
right_child=5 2 -4 4 8 -7 9 -9 -10 -11 11 12 -14 14 -16
leaf_value=0.004340336941313261 0.00017792141401462146 0.00092562105205898674 -0.0025782516541721433 0.024697763191060738 0.0051540605753592423 -0.0019613184511379756 -0.00070006422246735749 0.0049108011281303729 0.019266837325573199 -0.0078845046947390845 0.00056532571942099423 -0.0010526213593355712 0.0087619342800834346 -0.0045070913691636289 -0.019488913641641185
leaf_weight=983 2534 998 585 169 882 8787 5522 2692 168 574 284 1740 766 367 426
leaf_count=983 2534 998 585 169 882 8787 5522 2692 168 574 284 1740 766 367 426
internal_value=-4.48336e-05 0.00145534 0.00405858 0.00580984 0.00980857 -0.000594502 0.000466284 0.00261591 0.00741211 -0.00137655 -0.000142181 -0.00137197 0.00194736 -0.00909548 -0.0125553
internal_weight=27477 7368 2802 2217 1219 20109 11322 5226 1050 6096 4566 3583 2506 1077 793
internal_count=27477 7368 2802 2217 1219 20109 11322 5226 1050 6096 4566 3583 2506 1077 793
is_linear=0
shrinkage=0.0417893


Tree=97
num_leaves=16
num_cat=2
split_feature=0 59 52 6 6 46 23 53 54 6 54 0 18 52 6
split_gain=11.5903 38.2277 7.45451 6.97001 5.7306 5.61511 10.2511 10.1226 6.99741 15.5738 11.7673 5.15985 5.12931 4.93249 7.65497
threshold=0 10.508333333333335 0.7715071363513013 16.500000000000004 13.500000000000002 25.628617750000007 25.308920000000004 0.38670726004988076 0.72123070736026096 11.500000000000002 0.58967671443621728 1 21.697226500000003 0.33065670268285036 11.500000000000002
decision_type=9 2 2 2 2 2 2 2 2 2 2 9 2 2 2
left_child=1 5 3 11 -4 6 8 -7 10 -10 -1 13 -5 -2 -15
right_child=2 -3 4 12 -6 7 -8 -9 9 -11 -12 -13 -14 14 -16
leaf_value=0.00060196316736362541 -0.0020292929510415014 0.015827155659763524 -0.0019737889368165278 -0.0017915032536664436 -0.01087237991614841 0.0026790014738261648 0.010251635212199791 -0.011658376967982323 -0.01241523894724896 0.0023788586683611652 0.0070622952851689368 0.00037114865718841021 -0.0091743401499186309 -0.0031983941491910374 0.0073579437235262819
leaf_weight=6317 3150 306 327 2960 206 173 204 171 218 289 534 12111 174 222 261
leaf_count=6317 3150 306 327 2960 206 173 204 171 218 289 534 12111 174 222 261
internal_value=1.77981e-05 0.00133291 -0.00053898 -0.000401652 -0.00541303 0.000773596 0.00101113 -0.00444802 0.000754938 -0.00398232 0.00110551 -4.33942e-05 -0.0022014 -0.00142242 0.00250596
internal_weight=27623 8212 19411 18878 533 7906 7562 344 7358 507 6851 15744 3134 3633 483
internal_count=27623 8212 19411 18878 533 7906 7562 344 7358 507 6851 15744 3134 3633 483
cat_boundaries=0 1 2
cat_threshold=2056 4608
is_linear=0
shrinkage=0.0417893


Tree=98
num_leaves=16
num_cat=2
split_feature=8 51 51 6 6 54 6 6 16 0 53 55 53 52 0
split_gain=10.3768 15.7563 24.7141 12.7133 33.1431 28.0246 30.4365 24.0416 24.6675 15.9923 14.5436 11.2448 9.5544 8.64632 8.59639
threshold=1.5000000000000002 24.867417900000003 24.19017916666667 11.500000000000002 9.5000000000000018 0.22175619659047888 10.500000000000002 13.500000000000002 -1.0829900000000003 0 0.57189034254861648 0.42811546543550572 0.40669218496464099 0.075509566239755882 1
decision_type=2 2 2 2 2 2 2 2 10 9 2 2 2 2 9
left_child=3 2 14 4 -1 6 -6 8 -5 12 -9 -10 -7 -8 -2
right_child=1 -3 -4 7 5 9 13 10 11 -11 -12 -13 -14 -15 -16
leaf_value=0.0038409625267511118 -0.0016574742911969391 -0.0097164993927400523 0.012152596942089613 0.0023565398904978438 -0.0082170511189605822 -0.006218255557917802 0.017470930206523357 0.0016294129388201419 0.022306554101129132 -0.010866028940550113 -0.008136243821689022 0.0099013416509051953 0.0065351425724713315 0.0043861967942179286 0.00016518008028955348
leaf_weight=1684 7014 316 274 869 239 244 181 1928 169 869 309 521 177 172 12672
leaf_count=1684 7014 316 274 869 239 244 181 1928 169 869 309 521 177 172 12672
internal_value=2.98493e-05 -0.000458073 -0.000311496 0.00137366 -0.00041806 -0.004229 0.00329864 0.00305681 0.00704057 -0.00768355 0.000280467 0.0129397 -0.000836505 0.0110954 -0.000484978
internal_weight=27638 20276 19960 7362 3566 1882 592 3796 1559 1290 2237 690 421 353 19686
internal_count=27638 20276 19960 7362 3566 1882 592 3796 1559 1290 2237 690 421 353 19686
cat_boundaries=0 1 2
cat_threshold=9280 12993
is_linear=0
shrinkage=0.0417893


Tree=99
num_leaves=16
num_cat=3
split_feature=0 59 7 6 6 8 55 55 17 0 6 6 17 0 53
split_gain=10.6846 32.0582 6.34359 10.4142 20.6923 10.088 9.79129 9.94094 7.96152 7.62 6.55812 15.7516 6.36907 12.1014 10.508
threshold=0 10.991666666666669 47.500000000000007 9.5000000000000018 10.500000000000002 1.5000000000000002 0.79306083919963954 0.58170681287891457 2.1377100000000007 1 12.500000000000002 10.500000000000002 3.7369150000000011 2 0.34991229845771316
decision_type=9 2 2 2 2 2 2 2 8 9 2 2 8 9 2
left_child=1 -1 3 12 -5 10 7 -6 -7 -10 11 -4 14 -14 -2
right_child=2 -3 5 4 6 8 -8 -9 9 -11 -12 -13 13 -15 -16
leaf_value=0.00081533238807691359 0.0027721962395110683 0.016444569531435704 -0.0010159541063365003 -0.0060205075301921311 -0.0002997518265543 -0.0072167022874178848 -0.0074472434686773583 0.0040583297104857278 0.00057182078708083086 -0.0042124469387825065 -0.0023950239649810504 0.013914505184128978 0.013362849164606186 0.0024592992542185441 -0.0064928121942208414
leaf_weight=7941 621 236 310 1137 10522 669 310 1001 1066 1272 365 205 197 1388 326
leaf_count=7941 621 236 310 1137 10522 669 310 1001 1066 1272 365 205 197 1388 326
internal_value=-1.11376e-06 0.00126487 -0.000535398 -0.000157172 -0.000635742 -0.0020452 -0.000118334 7.88337e-05 -0.00319689 -0.00204665 0.00189017 0.00492725 0.00229427 0.00391433 -0.000417238
internal_weight=27566 8177 19389 15502 12970 3887 11833 11523 3007 2338 880 515 2532 1585 947
internal_count=27566 8177 19389 15502 12970 3887 11833 11523 3007 2338 880 515 2532 1585 947
cat_boundaries=0 1 2 3
cat_threshold=2056 263 68
is_linear=0
shrinkage=0.0417893


Tree=100
num_leaves=16
num_cat=2
split_feature=8 51 51 59 6 7 0 6 6 6 7 6 55 0 7
split_gain=9.72714 13.7612 23.4277 13.668 15.979 24.7039 23.8325 19.138 14.04 20.5928 18.3247 30.6328 12.8686 12.5005 10.8184
threshold=1.5000000000000002 24.867417900000003 24.19017916666667 10.008333333333335 11.500000000000002 40.500000000000007 0 9.5000000000000018 9.5000000000000018 11.500000000000002 25.500000000000004 12.500000000000002 0.41796499605905751 1 27.500000000000004
decision_type=2 2 2 2 2 2 9 2 2 2 2 2 2 9 2
left_child=3 2 14 8 5 7 -6 -5 -1 -10 -11 -12 -9 -7 -2
right_child=1 -3 -4 4 6 13 -8 12 9 10 11 -13 -14 -15 -16
leaf_value=0.0043538879901812372 0.00053082983196243668 -0.0093384545232837908 0.011875328928622416 0.0028294009808278119 0.017337251414288064 -0.00073129175749923501 0.0037209402150263468 -0.0030293729942878754 -0.0058348400113533185 -0.0025576081433228634 0.017523282934268351 0.0012299466780571332 -0.01696835808934221 0.013289824555608915 -0.001440900159281837
leaf_weight=1004 9125 302 270 448 297 179 908 259 1162 1341 251 1022 209 303 10396
leaf_count=1004 9125 302 270 448 297 179 908 259 1162 1341 251 1022 209 303 10396
internal_value=-8.60319e-06 -0.000485226 -0.00035013 0.00128854 0.0037251 0.000685319 0.00725176 -0.00334435 -3.83215e-05 -0.00120617 0.000851417 0.00444254 -0.00925427 0.00834337 -0.000519224
internal_weight=27476 20093 19791 7383 2603 1398 1205 916 4780 3776 2614 1273 468 482 19521
internal_count=27476 20093 19791 7383 2603 1398 1205 916 4780 3776 2614 1273 468 482 19521
cat_boundaries=0 1 2
cat_threshold=6144 1804
is_linear=0
shrinkage=0.0417893


Tree=101
num_leaves=16
num_cat=3
split_feature=0 6 6 54 6 7 59 0 45 50 7 16 45 28 0
split_gain=10.0198 7.27641 19.2771 18.813 18.0073 12.8724 11.9379 20.3323 10.5558 10.24 8.05626 11.0365 6.93537 15.2126 9.95329
threshold=0 9.5000000000000018 10.500000000000002 0.1889734987048228 8.5000000000000018 36.500000000000007 10.508333333333335 1 24.648836250000006 23.7691735125 3.5000000000000004 5.1069680000000011 22.580589000000003 22.127080000000003 2
decision_type=9 2 2 2 2 2 2 9 2 2 2 10 2 2 9
left_child=-1 3 -3 4 -2 12 10 -8 9 -7 -4 -12 13 -5 -14
right_child=1 2 6 5 -6 8 7 -9 -10 -11 11 -13 14 -15 -16
leaf_value=-0.0013377102141896176 0.00436502981369983 -0.0042518644269320905 -0.00318747188474217 0.0010810724251796885 0.020278681669743275 -0.0031618563610824953 0.016860686643448409 0.001612661008066292 -0.012274794662705098 0.0076480351630945987 0.0004074381347815172 0.010323982161159342 -0.007059028370751539 0.016662914636104594 0.0036861551808968079
leaf_weight=7812 440 1613 1086 258 173 739 195 629 169 193 12973 199 186 190 644
leaf_count=7812 440 1613 1086 258 173 739 195 629 169 193 12973 199 186 190 644
internal_value=-7.23811e-05 0.000430175 9.02819e-05 0.00232818 0.00885617 0.000646098 0.000554669 0.00544531 -0.00266574 -0.000923325 0.000272028 0.000557256 0.00349926 0.00768945 0.00123756
internal_weight=27499 19687 16695 2992 613 2379 15082 824 1101 932 14258 13172 1278 448 830
internal_count=27499 19687 16695 2992 613 2379 15082 824 1101 932 14258 13172 1278 448 830
cat_boundaries=0 1 2 3
cat_threshold=13185 2050 14
is_linear=0
shrinkage=0.0417893


Tree=102
num_leaves=16
num_cat=1
split_feature=8 50 50 6 54 0 6 6 16 15 7 7 7 6 50
split_gain=9.54727 13.7263 14.1927 13.4095 27.2846 25.6458 23.8693 22.0672 20.5342 19.5575 20.9969 17.3529 25.6002 14.7176 13.7172
threshold=1.5000000000000002 24.773872500000007 24.147667050000003 11.500000000000002 0.2302804666391918 0 9.5000000000000018 13.500000000000002 3.5295499999999995 3.2086890387119094 28.500000000000004 40.500000000000007 11.500000000000002 8.5000000000000018 24.147667050000003
decision_type=2 2 2 2 2 9 2 2 10 8 2 2 2 2 2
left_child=3 2 -2 4 5 13 -6 8 9 -5 -11 12 -8 -1 -9
right_child=1 -3 -4 7 6 -7 11 14 -10 10 -12 -13 -14 -15 -16
leaf_value=0.0043136407470194668 -0.00038409277150525247 -0.0088697760319703719 0.0091081711380642284 0.013921256881717503 0.002272557571077193 0.00054797348595834365 0.0018359312153089942 0.0014180916090836744 0.020174660953399284 -0.0030960435374846277 0.0089462050531555933 0.00099693135008133214 -0.014073821250441243 0.020715159510664476 -0.010667534623559705
leaf_weight=176 19561 328 279 337 743 1173 236 2086 181 563 459 336 702 209 178
leaf_count=176 19561 328 279 337 743 1173 236 2086 181 563 459 336 702 209 178
internal_value=7.97969e-05 -0.000390785 -0.000250608 0.00136597 -0.000471646 0.00368224 -0.00368025 0.00309297 0.00695216 0.0051911 0.00231237 -0.00715194 -0.0100709 0.0128827 0.000467895
internal_weight=27547 20168 19840 7379 3575 1558 2017 3804 1540 1359 1022 1274 938 385 2264
internal_count=27547 20168 19840 7379 3575 1558 2017 3804 1540 1359 1022 1274 938 385 2264
cat_boundaries=0 1
cat_threshold=2113
is_linear=0
shrinkage=0.0417893


Tree=103
num_leaves=16
num_cat=0
split_feature=6 6 7 55 59 2 8 7 6 8 17 29 6 28 29
split_gain=9.0936 21.8805 14.8437 15.1839 14.4028 13.6037 10.5762 8.97629 11.8786 20.905 8.38277 10.5176 15.7323 10.7183 7.89123
threshold=9.5000000000000018 10.500000000000002 36.500000000000007 0.18048041725444322 10.991666666666669 9.249916500000003 1.5000000000000002 3.5000000000000004 12.500000000000002 2.5000000000000004 1.6629635000000003 23.719917500000005 7.5000000000000009 22.091285000000003 23.457527500000005
decision_type=2 2 2 2 2 2 2 2 2 2 8 2 2 2 2
left_child=2 -2 10 -4 7 -6 -7 -3 9 -9 -1 12 -12 -14 -10
right_child=1 4 3 -5 5 6 -8 8 14 -11 11 -13 13 -15 -16
leaf_value=-0.00082669900380022323 -0.0042358312491244743 -0.003322931828323856 0.0074964738003211861 -0.0026188270128194003 0.001228530078666104 0.018122124590419147 0.0045131192720975436 0.00073500116941213427 -0.00088157837182975085 0.0088432714052123548 0.00061914797601566771 0.00049123676680668492 0.0025878317782761233 0.012308105662868069 0.0027960577365779954
leaf_weight=588 2311 1496 305 1724 723 186 215 3846 12293 649 493 683 270 744 1111
leaf_count=588 2311 1496 305 1724 723 186 215 3846 12293 649 493 683 270 744 1111
internal_value=-3.30493e-05 -0.000380883 0.00161893 -0.00109829 5.32895e-05 0.00465238 0.0108255 -0.000213242 4.66663e-05 0.0019057 0.00360353 0.00479302 0.00674266 0.00971987 -0.000576755
internal_weight=27637 22830 4807 2029 20519 1124 401 19395 17899 4495 2778 2190 1507 1014 13404
internal_count=27637 22830 4807 2029 20519 1124 401 19395 17899 4495 2778 2190 1507 1014 13404
is_linear=0
shrinkage=0.0417893


Tree=104
num_leaves=16
num_cat=2
split_feature=0 25 44 55 55 0 17 6 37 9 8 7 9 6 54
split_gain=8.27302 7.59656 12.9845 11.0116 6.82728 28.6986 14.6007 6.70072 8.00314 7.39363 5.69413 9.78989 4.3124 4.54307 4.01115
threshold=0 26.106073750000004 25.828110500000005 0.93614336265012177 0.64726543368081868 1 -0.29629349999999993 8.5000000000000018 23.588981500000003 23.005897500000003 1.5000000000000002 33.500000000000007 21.892499000000004 17.500000000000004 0.24131118609372124
decision_type=9 2 2 2 2 9 8 2 2 2 2 2 2 2 2
left_child=7 2 3 4 6 -6 -2 10 9 12 -1 -12 13 -9 -14
right_child=1 -3 -4 -5 5 -7 -8 8 -10 -11 11 -13 14 -15 -16
leaf_value=0.0044112150187662312 -0.0044291363246206491 0.0084001924223997323 -0.010067428441833365 -0.0073554992566701796 0.0095387816891633979 -0.0013610884731527361 0.00057029340455178371 -0.00049432990471562366 -0.0090994976163935783 0.0057671398510396737 0.003767146007897145 -0.006806423380274128 -0.00098743932904579376 -0.0043806765069507991 -0.0065381523972674457
leaf_weight=568 1081 204 209 315 694 1052 18121 2432 271 220 313 299 358 670 623
leaf_count=568 1081 204 209 315 694 1052 18121 2432 271 220 313 299 358 670 623
internal_value=-1.05367e-07 0.000373918 0.000297836 0.000399719 0.000516337 0.00301823 0.000288844 -0.0014073 -0.00213407 -0.00169539 0.00139794 -0.0013987 -0.00209749 -0.00133374 -0.00451251
internal_weight=27430 21676 21472 21263 20948 1746 19202 5754 4574 4303 1180 612 4083 3102 981
internal_count=27430 21676 21472 21263 20948 1746 19202 5754 4574 4303 1180 612 4083 3102 981
cat_boundaries=0 1 2
cat_threshold=13184 2112
is_linear=0
shrinkage=0.0417893


Tree=105
num_leaves=16
num_cat=1
split_feature=46 7 27 41 29 55 55 6 6 0 6 49 14 7 7
split_gain=9.17717 6.95831 9.86346 11.355 9.2704 11.1128 8.80786 24.7915 48.4457 37.445 24.2555 13.2107 10.909 10.2078 17.9098
threshold=21.278121000000002 47.500000000000007 24.993129000000003 24.245048500000003 23.022647000000003 0.58170681287891457 0.57070429137612544 11.500000000000002 13.500000000000002 0 10.500000000000002 22.468349275000005 4.0182413411348916 7.5000000000000009 20.500000000000004
decision_type=2 2 2 2 2 2 2 2 2 9 2 2 8 2 2
left_child=-1 6 3 4 5 -3 13 10 9 -9 12 -10 -8 -2 -15
right_child=1 2 -4 -5 -6 -7 7 8 11 -11 -12 -13 -14 14 -16
leaf_value=-0.0019304064256881149 -0.0020998360100430323 -0.0010606912983755132 0.008307954302298956 -0.01008565846048105 0.002665299051003833 -0.0078843724758012306 -0.007113480842893689 0.019591751664806738 0.0038349017322138901 0.0037893334109539638 -0.013645378168561654 -0.0069748938535949059 0.0047618750310817731 0.0028791546575854215 -0.00034695925446726945
leaf_weight=3810 2668 2891 185 256 931 487 188 500 353 573 259 448 480 4508 9014
leaf_count=3810 2668 2891 185 256 931 487 188 500 353 573 259 448 480 4508 9014
internal_value=-2.65337e-05 0.000279003 -0.00115152 -0.00153487 -0.00102686 -0.00204445 0.000636803 0.00280048 0.00556561 0.0113709 -0.00278942 -0.00221103 0.00141971 0.000262469 0.000728571
internal_weight=27551 23741 4750 4565 4309 3378 18991 2801 1874 1073 927 801 668 16190 13522
internal_count=27551 23741 4750 4565 4309 3378 18991 2801 1874 1073 927 801 668 16190 13522
cat_boundaries=0 1
cat_threshold=2050
is_linear=0
shrinkage=0.0417893


Tree=106
num_leaves=16
num_cat=0
split_feature=22 24 44 55 6 6 6 7 8 6 55 54 3 7 7
split_gain=7.65838 7.0427 10.8856 7.149 9.56662 14.7673 7.99135 6.80065 15.5186 14.7877 3.07261 3.40365 2.96829 3.38792 2.93714
threshold=21.302371000000004 26.107335000000003 25.828110500000005 0.79306083919963954 11.500000000000002 13.500000000000002 9.5000000000000018 27.500000000000004 1.5000000000000002 9.5000000000000018 0.44559565747616253 0.24396150123525787 2.7871270000000004 32.500000000000007 9.5000000000000018
decision_type=2 2 2 2 2 2 2 2 2 2 2 2 2 2 2
left_child=10 2 3 7 6 -6 -5 9 -9 -2 11 14 -13 -14 -1
right_child=1 -3 -4 4 5 -7 -8 8 -10 -11 -12 12 13 -15 -16
leaf_value=-0.0046505681529090586 0.004780119441005517 0.0076476400147411621 -0.0090237146328335637 -0.0025496667736036854 0.0057093011383782602 -0.0088711112830581317 -0.015073635581237662 0.0021400867650353821 -0.0012263310575581778 0.0005040243044251286 -0.0052405020394477309 -0.0022020240535386092 0.0079126882234150809 -0.0002720364880363601 -0.0012830037748316585
leaf_weight=545 1689 223 222 181 321 195 175 3345 8388 8622 386 217 185 169 2659
leaf_count=545 1689 223 222 181 321 195 175 3345 8388 8622 386 217 185 169 2659
internal_value=-3.74911e-05 0.000256712 0.000185479 0.000274694 -0.00343643 0.000199259 -0.00870612 0.000421496 -0.000266588 0.00120447 -0.00168923 -0.0013261 0.0016463 0.0040053 -0.00185583
internal_weight=27522 23361 23138 22916 872 516 356 22044 11733 10311 4161 3775 571 354 3204
internal_count=27522 23361 23138 22916 872 516 356 22044 11733 10311 4161 3775 571 354 3204
is_linear=0
shrinkage=0.0417893


Tree=107
num_leaves=16
num_cat=2
split_feature=9 7 6 16 7 0 7 53 10 0 41 47 56 26 9
split_gain=9.24683 8.38927 7.70276 11.7962 12.7673 9.20157 8.61613 7.54899 6.20173 5.84542 5.72444 5.6301 4.06101 6.45063 3.20309
threshold=26.085972250000005 3.5000000000000004 14.500000000000002 0.11986449999999983 33.500000000000007 0 43.500000000000007 0.74197422373039346 1.5000000000000002 1 21.833769250000003 24.199132000000002 -0.40158599999999994 23.245945000000003 22.498897500000002
decision_type=2 2 2 8 2 9 2 2 2 9 2 2 2 2 2
left_child=1 12 3 4 8 10 -6 9 -3 -4 -5 -7 -1 -14 -11
right_child=-2 2 7 5 6 11 -8 -9 -10 14 -12 -13 13 -15 -16
leaf_value=-0.0084092348778578886 0.0086353696286474782 -0.00042773548165634312 0.00045731710522081909 0.0012081826865263767 -0.0070244361435067076 0.0021350353978607382 -0.0015612649493393989 -0.0092278797108660705 0.0044397502320049353 -0.0015868061803922186 -0.0024619705301778963 -0.0010744790478082568 -0.0033213747677546604 0.0033095050818379517 -0.0064144695179204252
leaf_weight=199 214 1680 3467 1339 797 9273 1372 190 628 3630 1665 1064 1392 314 257
leaf_count=199 214 1680 3467 1339 797 9273 1372 190 628 3630 1665 1064 1392 314 257
internal_value=-1.74276e-05 -8.53376e-05 0.000115555 0.000589435 -0.00126669 0.00121232 -0.00356871 -0.00100369 0.000896694 -0.000791207 -0.000823299 0.00180293 -0.0027599 -0.00210092 -0.00190111
internal_weight=27481 27267 25362 17818 4477 13341 2169 7544 2308 7354 3004 10337 1905 1706 3887
internal_count=27481 27267 25362 17818 4477 13341 2169 7544 2308 7354 3004 10337 1905 1706 3887
cat_boundaries=0 1 2
cat_threshold=4992 15
is_linear=0
shrinkage=0.0417893


Tree=108
num_leaves=16
num_cat=3
split_feature=0 59 0 16 9 16 15 6 0 10 6 52 59 15 9
split_gain=7.78335 7.13953 9.61333 6.07715 5.88039 8.24038 5.81908 4.60735 6.31342 5.31198 8.67554 9.93338 4.83499 4.57891 6.14719
threshold=0 11.008333333333335 1 -1.0361334999999998 22.130932000000005 -0.47562099999999935 2.0261366126955456 8.5000000000000018 2 1.5000000000000002 12.500000000000002 0.25879377786981778 10.750000000000002 4.311423526590386 24.532346500000003
decision_type=9 2 9 8 2 10 10 2 9 2 2 2 2 10 2
left_child=1 3 -3 6 5 -5 -1 12 -9 -10 11 -11 13 14 -2
right_child=7 2 -4 4 -6 -7 -8 8 9 10 -12 -13 -14 -15 -16
leaf_value=-0.0088619122980465887 -0.00075600942226102539 0.012189555751972664 0.0011212995695229924 0.0002370909979433044 0.001513919571184596 -0.0053409584641623412 -0.0010129424444880685 -0.006059981157591262 -0.0012548226313758406 0.00048276505944717328 -0.0036483857686011585 0.012013574267297027 -0.0050546349836973845 0.005789119287144073 0.0071080820959992909
leaf_weight=182 1001 204 404 5380 7663 506 1761 432 8383 305 282 228 197 395 210
leaf_count=182 1001 204 404 5380 7663 506 1761 432 8383 305 282 228 197 395 210
internal_value=1.95036e-05 0.000611441 0.00505393 0.000437485 0.000750918 -0.000242436 -0.00174815 -0.000813888 -0.00117759 -0.000940669 0.00227914 0.00541527 0.00112417 0.00188209 0.000607708
internal_weight=27533 16100 608 15492 13549 5886 1943 11433 9630 9198 815 533 1803 1606 1211
internal_count=27533 16100 608 15492 13549 5886 1943 11433 9630 9198 815 533 1803 1606 1211
cat_boundaries=0 1 2 3
cat_threshold=2126 2052 896
is_linear=0
shrinkage=0.0417893


Tree=109
num_leaves=16
num_cat=1
split_feature=0 59 2 44 16 9 6 40 55 6 53 6 55 15 59
split_gain=6.76655 8.30928 15.929 8.23432 5.93177 5.89936 7.47416 9.04623 8.33705 5.58346 6.32231 6.05101 8.24344 7.32008 6.46112
threshold=0 10.491666666666669 11.194761000000002 23.939100500000006 0.082901999999999823 21.942117000000003 13.500000000000002 24.245048500000003 0.19737995388623067 12.500000000000002 0.72448870152622435 11.500000000000002 0.4666708862454586 2.2606610716203952 10.991666666666669
decision_type=9 2 2 2 8 2 2 2 2 2 2 2 2 8 2
left_child=1 4 3 -3 -1 -6 8 -8 -7 11 -11 13 -13 -2 -15
right_child=9 2 -4 -5 5 6 7 -9 -10 10 -12 12 -14 14 -16
leaf_value=-0.001633783724166567 -0.0079442304881925472 0.0024468432329382483 0.011598789640428942 -0.0063904914969501762 -0.00057597916677741567 0.0068392872172916121 0.00036022863332990673 -0.0093862399187524866 0.0016970867243115133 -0.001417408646139523 -0.0089645366822997917 0.0064654645051823098 -0.0016718887058373643 0.00042774188957837281 -0.00490516388166648
leaf_weight=2530 216 1734 318 206 4485 661 2752 177 3297 5441 201 556 357 4212 438
leaf_count=2530 216 1734 318 206 4485 661 2752 177 3297 5441 201 556 357 4212 438
internal_value=2.77466e-05 0.000577867 0.0029295 0.00150844 0.000196325 0.000603481 0.00137158 -0.000228754 0.00255585 -0.000750488 -0.00168628 0.000161821 0.00328361 -0.000423915 -7.45839e-05
internal_weight=27581 16160 2258 1940 13902 11372 6887 2929 3958 11421 5642 5779 913 4866 4650
internal_count=27581 16160 2258 1940 13902 11372 6887 2929 3958 11421 5642 5779 913 4866 4650
cat_boundaries=0 1
cat_threshold=2126
is_linear=0
shrinkage=0.0417893


Tree=110
num_leaves=16
num_cat=2
split_feature=7 7 6 55 54 0 59 16 7 34 55 6 0 26 6
split_gain=6.18925 7.44715 14.6004 20.8345 17.4336 18.8836 16.9968 10.742 10.5648 11.928 8.13938 13.7407 11.2784 9.06675 7.65071
threshold=3.5000000000000004 26.500000000000004 13.500000000000002 0.37871719665607967 0.082466246379128028 0 10.008333333333335 -1.0000000180025095e-35 8.5000000000000018 22.8785895 0.50503398711538106 11.500000000000002 1 22.133846750000004 12.500000000000002
decision_type=2 2 2 2 2 9 2 8 2 2 2 2 9 2 2
left_child=-1 2 4 -4 -2 6 -6 -3 9 -5 14 12 -12 -13 -9
right_child=1 7 3 8 5 -7 -8 10 -10 -11 11 13 -14 -15 -16
leaf_value=-0.0023772995764675324 -0.0058126013005911775 -0.0026771452653663163 0.0006425021401622377 0.0073483222295008671 0.0047214802262200272 0.0018164481348371851 0.016438342339229108 0.00093277476801123657 -0.0093662675854384245 -0.0081721668871107753 -0.0050362099195206747 -0.0018610561481196774 0.0043439538475580101 0.0070778434815919108 -0.0014352483799724644
leaf_weight=1897 411 3133 4144 176 720 3977 309 4108 630 170 572 248 355 986 5673
leaf_count=1897 411 3133 4144 176 720 3977 309 4108 630 170 572 248 355 986 5673
internal_value=-7.40829e-05 9.65092e-05 0.000948841 -0.000651208 0.00246116 0.00314045 0.00816065 -0.000499246 -0.00614417 -0.000277352 7.21284e-05 0.00239319 -0.00145149 0.00528137 -0.000440684
internal_weight=27509 25612 10537 5120 5417 5006 1029 15075 976 346 11942 2161 927 1234 9781
internal_count=27509 25612 10537 5120 5417 5006 1029 15075 976 346 11942 2161 927 1234 9781
cat_boundaries=0 1 2
cat_threshold=2048 7170
is_linear=0
shrinkage=0.0417893


Tree=111
num_leaves=16
num_cat=2
split_feature=8 50 51 59 6 0 53 0 53 6 6 52 50 41 6
split_gain=8.04426 13.591 19.6261 10.7727 12.489 21.1929 14.7996 12.2222 10.3792 9.38721 14.7884 8.69437 7.82381 9.05663 6.32527
threshold=1.5000000000000002 24.773872500000007 24.19017916666667 10.008333333333335 11.500000000000002 0 0.089648080341472355 1 0.5873507380007742 9.5000000000000018 11.500000000000002 0.60127334808202171 21.898955975000003 22.253074000000002 12.500000000000002
decision_type=2 2 2 2 2 9 2 9 2 2 2 2 2 2 2
left_child=3 2 14 9 6 -6 -5 -8 -7 -1 12 -12 -11 -14 -2
right_child=1 -3 -4 4 5 8 7 -9 -10 10 11 -13 13 -15 -16
leaf_value=0.0035791599427595455 0.00048335709877369106 -0.0088607428562502977 0.011409113333514839 0.01217173542030209 0.015898780747593346 0.0055020224726003309 0.0036971030644511959 -0.0047093872787868814 -0.0053594019410752149 0.0006000592836226744 0.0016281043293286186 -0.0058852547483013986 -0.015597419748262328 -0.0048279748501704016 -0.001051398013132473
leaf_weight=1011 7757 329 247 170 300 711 533 672 196 320 2334 304 173 644 11859
leaf_count=1011 7757 329 247 170 300 711 533 672 196 320 2334 304 173 644 11859
internal_value=-5.34695e-06 -0.000436621 -0.000297089 0.00117656 0.00335207 0.00645412 0.000629036 -0.000999398 0.00312049 2.89362e-06 -0.000954883 0.000762273 -0.00493892 -0.00710842 -0.000444491
internal_weight=27560 20192 19863 7368 2582 1207 1375 1205 907 4786 3775 2638 1137 817 19616
internal_count=27560 20192 19863 7368 2582 1207 1375 1205 907 4786 3775 2638 1137 817 19616
cat_boundaries=0 1 2
cat_threshold=6144 5312
is_linear=0
shrinkage=0.0417893


Tree=112
num_leaves=16
num_cat=1
split_feature=0 21 46 56 55 25 52 9 53 14 15 44 20 16 2
split_gain=6.98762 5.76093 8.31108 5.36599 5.07327 6.21125 3.50117 6.22266 8.03904 4.20171 3.36471 2.96748 4.11251 2.84593 2.85243
threshold=0 26.094008500000005 25.831418000000003 0.91688599999999998 0.93614336265012177 25.101962000000004 0.32531524097555947 22.876076000000001 0.57189034254861648 3.0289695313580824 2.6794162633628855 22.855918000000006 22.500296000000002 -1.0361334999999998 2.4207095000000005
decision_type=9 2 2 2 2 2 2 2 2 10 10 2 2 8 2
left_child=6 2 3 4 5 -2 11 8 9 -8 -5 12 13 -1 -15
right_child=1 -3 -4 10 -6 -7 7 -9 -10 -11 -12 -13 -14 14 -16
leaf_value=-0.0068038135546781607 0.00044921630742794178 0.0072190539416211964 -0.0077095538081025494 0.0010067256507537722 -0.0050896514774693207 0.0055356079917624661 -0.00069847195325074666 0.0076238745543064134 -0.0080109987683573951 0.0072862411061955191 -0.0054062300243376306 -0.0048918798885609184 0.0030018447974789462 -0.0044107307952926189 -0.0010540544129712516
leaf_weight=193 20545 211 225 210 282 428 352 195 196 171 447 494 331 525 2800
leaf_count=193 20545 211 225 210 282 428 352 195 196 171 447 494 331 525 2800
internal_value=2.39082e-05 0.000346476 0.000281126 0.000363177 0.000478151 0.000553015 -0.00134546 0.00100283 -0.000792866 0.00191221 -0.00335643 -0.00184276 -0.00145142 -0.00187042 -0.00158406
internal_weight=27605 22348 22137 21912 21255 20973 5257 914 719 523 657 4343 3849 3518 3325
internal_count=27605 22348 22137 21912 21255 20973 5257 914 719 523 657 4343 3849 3518 3325
cat_boundaries=0 1
cat_threshold=12928
is_linear=0
shrinkage=0.0417893


end of trees

feature_importances:
hour=267
source_temp=178
object_id=159
minute=127
target_minutes_ahead=103
temp_roll_std_30=91
temp_roll_mean_10=85
temp_roll_mean_20=77
temp_roll_mean_5=69
temp_roll_mean_30=65
temp_roll_std_20=65
day_of_week=47
temp_lag_1=45
nearest_person_dx=41
temp_roll_std_5=37
temp_lag_2=20
temp_roll_std_10=19
mean_person_distance=15
nearest_person_dy=14
temp_lag_25=13
temp_lag_30=12
display_x=10
display_y=8
temp_lag_6=8
temp_lag_29=8
temp_lag_21=7
temp_lag_27=7
nearest_person_distance=6
temp_lag_11=6
temp_lag_12=6
temp_lag_28=6
temp_lag_7=5
temp_lag_23=5
temp_lag_24=5
temp_lag_26=5
people_count_total=4
temp_lag_3=4
temp_lag_4=4
temp_lag_8=4
temp_lag_9=4
temp_lag_16=4
temp_lag_18=4
anchor_x=3
temp_lag_5=3
temp_lag_10=3
temp_lag_17=3
canonical_label=2
anchor_y=2
temp_lag_19=2
temp_lag_20=2
temp_lag_22=2
temp_delta_1=2
temp_lag_13=1
temp_lag_14=1

parameters:
[boosting: gbdt]
[objective: regression]
[metric: rmse,l2]
[tree_learner: serial]
[device_type: cpu]
[data_sample_strategy: bagging]
[data: ]
[valid: ]
[num_iterations: 2000]
[learning_rate: 0.0417893]
[num_leaves: 16]
[num_threads: 8]
[seed: 42]
[deterministic: 0]
[force_col_wise: 0]
[force_row_wise: 0]
[histogram_pool_size: -1]
[max_depth: 6]
[min_data_in_leaf: 168]
[min_sum_hessian_in_leaf: 0.001]
[bagging_fraction: 0.85]
[pos_bagging_fraction: 1]
[neg_bagging_fraction: 1]
[bagging_freq: 1]
[bagging_seed: 400]
[bagging_by_query: 0]
[feature_fraction: 0.85]
[feature_fraction_bynode: 1]
[feature_fraction_seed: 30056]
[extra_trees: 0]
[extra_seed: 12879]
[early_stopping_round: 0]
[early_stopping_min_delta: 0]
[first_metric_only: 0]
[max_delta_step: 0]
[lambda_l1: 0]
[lambda_l2: 0.000460664]
[linear_lambda: 0]
[min_gain_to_split: 0]
[drop_rate: 0.1]
[max_drop: 50]
[skip_drop: 0.5]
[xgboost_dart_mode: 0]
[uniform_drop: 0]
[drop_seed: 17869]
[top_rate: 0.2]
[other_rate: 0.1]
[min_data_per_group: 100]
[max_cat_threshold: 32]
[cat_l2: 10]
[cat_smooth: 10]
[max_cat_to_onehot: 4]
[top_k: 20]
[monotone_constraints: ]
[monotone_constraints_method: basic]
[monotone_penalty: 0]
[feature_contri: ]
[forcedsplits_filename: ]
[refit_decay_rate: 0.9]
[cegb_tradeoff: 1]
[cegb_penalty_split: 0]
[cegb_penalty_feature_lazy: ]
[cegb_penalty_feature_coupled: ]
[path_smooth: 0]
[interaction_constraints: ]
[verbosity: -1]
[saved_feature_importance_type: 0]
[use_quantized_grad: 0]
[num_grad_quant_bins: 4]
[quant_train_renew_leaf: 0]
[stochastic_rounding: 1]
[linear_tree: 0]
[max_bin: 255]
[max_bin_by_feature: ]
[min_data_in_bin: 3]
[bin_construct_sample_cnt: 200000]
[data_random_seed: 175]
[is_enable_sparse: 1]
[enable_bundle: 1]
[use_missing: 1]
[zero_as_missing: 0]
[feature_pre_filter: 1]
[pre_partition: 0]
[two_round: 0]
[header: 0]
[label_column: ]
[weight_column: ]
[group_column: ]
[ignore_column: ]
[categorical_feature: 0,1]
[forcedbins_filename: ]
[precise_float_parser: 0]
[parser_config_file: ]
[objective_seed: 16083]
[num_class: 1]
[is_unbalance: 0]
[scale_pos_weight: 1]
[sigmoid: 1]
[boost_from_average: 1]
[reg_sqrt: 0]
[alpha: 0.9]
[fair_c: 1]
[poisson_max_delta_step: 0.7]
[tweedie_variance_power: 1.5]
[lambdarank_truncation_level: 30]
[lambdarank_norm: 1]
[label_gain: ]
[lambdarank_position_bias_regularization: 0]
[eval_at: ]
[multi_error_top_k: 1]
[auc_mu_weights: ]
[num_machines: 1]
[local_listen_port: 12400]
[time_out: 120]
[machine_list_filename: ]
[machines: ]
[gpu_platform_id: -1]
[gpu_device_id: -1]
[gpu_use_dp: 0]
[num_gpu: 1]

end of parameters

pandas_categorical:[["cableduct_1", "cableduct_2", "cableduct_3", "cableduct_4", "chair_1", "machine_1", "machine_2", "machine_3", "machine_4", "machine_5", "machine_6", "screen_1", "screen_2", "window_1"], ["Cableduct", "Chair", "Machine", "Screen", "Window"]]
