tree
version=v4
num_class=1
num_tree_per_iteration=1
label_index=0
max_feature_idx=58
objective=regression
feature_names=object_id label display_x display_y anchor_x anchor_y hour minute day_of_week source_temp people_count_total people_count_within_1m people_count_within_2m people_count_within_3m nearest_person_distance mean_person_distance nearest_person_dx nearest_person_dy temp_lag_1 temp_lag_2 temp_lag_3 temp_lag_4 temp_lag_5 temp_lag_6 temp_lag_7 temp_lag_8 temp_lag_9 temp_lag_10 temp_lag_11 temp_lag_12 temp_lag_13 temp_lag_14 temp_lag_15 temp_lag_16 temp_lag_17 temp_lag_18 temp_lag_19 temp_lag_20 temp_lag_21 temp_lag_22 temp_lag_23 temp_lag_24 temp_lag_25 temp_lag_26 temp_lag_27 temp_lag_28 temp_lag_29 temp_lag_30 temp_roll_mean_5 temp_roll_mean_10 temp_roll_mean_20 temp_roll_mean_30 temp_roll_std_5 temp_roll_std_10 temp_roll_std_20 temp_roll_std_30 temp_delta_1 seconds_since_previous target_minutes_ahead
feature_infos=-1:3:1:9:0:11:5:6:12:7:2:4:10 -1:1:0:2:3 [0.65677700000000006:10.635484999999999] [0.181031:3.755376] [0.65677700000000006:10.635484999999999] [0.181031:3.755376] [8:22] [0:59] [1:4] [20.767314910888672:34.357685089111328] [0:8] [0:3] [0:6] [0:8] [-1:12.555159157760208] [-1:12.555159157760208] [-12.092689999999999:7.2496249999999991] [-3.7595900000000002:2.7911589999999999] [20.767314910888672:34.357685089111328] [20.767314910888672:34.357685089111328] [20.767314910888672:34.357685089111328] [20.767314910888672:34.357685089111328] [20.767314910888672:34.357685089111328] [20.767314910888672:34.357685089111328] [20.740428924560547:34.357685089111328] [20.740428924560547:34.357685089111328] [20.740428924560547:34.357685089111328] [20.740428924560547:34.357685089111328] [20.740428924560547:34.357685089111328] [20.740428924560547:34.357685089111328] [20.740428924560547:34.357685089111328] [20.740428924560547:34.357685089111328] [20.740428924560547:34.357685089111328] [20.740428924560547:34.357685089111328] [20.740428924560547:34.357685089111328] [20.60832405090332:34.357685089111328] [20.60832405090332:34.357685089111328] [20.60832405090332:34.357685089111328] [20.52905273:34.357685089111328] [20.52905273:34.357685089111328] [20.52905273:34.357685089111328] [20.52905273:34.357685089111328] [20.52905273:34.357685089111328] [20.52905273:34.357685089111328] [20.52905273:34.357685089111328] [20.52905273:34.357685089111328] [20.52905273:34.357685089111328] [20.52905273:34.357685089111328] [20.844284439086913:34.301384736044916] [20.86952991474805:34.27119560288574] [20.957993888854979:34.165245819326174] [21.013332176208497:34.119628524778321] [0.0046546274530860493:4.1595707097818613] [0.013041314038002714:3.345309931681534] [0.027526308275021994:3.0383026114688216] [0.036703725052626479:3.1220182675991532] [-8.6861438751220703:7.9542140960693359] [60:5400] [10:15]
tree_sizes=2692 2839 2828 2829 2835 2838 2839 2846 2861 2835 2841 2843 2846 2856 2837 2852 2828 2819 2842 2850 2836 2845 2851 2883 2865 2875 2860 2847 2863 2883 2862 2878 2868 2876 2864 2867 2877 2861 2858 2854 2901 2878 2834 2866 2880 2890 2885 2874 2881 2889 2865 2892 2904 2898 2895 2900 2855 2873 2870 2901 2855 2895 2844 2916 2863 2846 2866 2883 2836 2867 2886 2895 2860 2876 2898 2900 2849 2852 2882 2895 2872 2887 2899 2868 2904 2873 2872 2876 2859 2854 2899 2889 2888 2909 2858 2892 2901 2900 2899 2896 2868 2909 2907 2906 2912 2910 2927 2889 2921 2849 2893 2892 2875 2888 2858 2898 2929 2899 2939 2874 2918 2905 2917 2885

Tree=0
num_leaves=31
num_cat=0
split_feature=48 48 48 48 9 9 49 9 48 9 49 9 9 9 30 9 5 48 48 33 9 9 6 4 9 43 9 49 49 18
split_gain=54185.3 18031.5 10408.8 3104.91 1700.72 1387.23 1277.8 933.614 300.521 262.417 260.694 244.805 179.21 143.028 124.747 124.696 119.04 111.782 107.008 87.874 83.396 75.2417 73.9415 83.0634 60.504 59.7426 58.779 52.5633 48.4374 45.7058
threshold=24.80167026519776 29.325242233276374 23.059317207336431 25.856956862951662 22.069253921508793 31.602984428405765 23.761725234985356 27.359121322631839 21.706225586125004 24.226724624633793 22.377001380951665 25.408536911010746 33.462202072143562 23.468993186950687 23.82273101806641 30.025896072387699 3.7002795000000006 26.852425193786626 28.180988121032716 25.322278976440433 22.811860084533695 24.17874908447266 10.500000000000002 0.9565760000000002 32.32448387395997 24.973835945129398 26.327013015747074 24.380789184570315 25.588709831230716 28.810048104199222
decision_type=2 2 2 2 2 2 2 2 2 2 2 2 2 2 2 2 2 2 2 2 2 2 2 2 2 2 2 2 2 2
left_child=2 3 4 11 8 15 13 16 -1 -8 -6 21 24 -4 -9 -3 17 26 22 20 -12 -2 23 -16 -7 -20 -5 -11 -23 -27
right_child=1 5 6 7 10 12 9 14 -10 27 19 -13 -14 -15 18 -17 -18 -19 25 -21 -22 28 -24 -25 -26 29 -28 -29 -30 -31
leaf_value=23.85841710982789 23.942920342674864 24.083199713706893 23.911130798942423 23.994602835442961 23.883972930874048 24.161583939203119 23.933046820583229 23.968426608184544 23.875059725354479 23.94201873901001 23.893957479651547 23.979236208080529 24.229971323499321 23.923097373633606 24.103453933775349 24.123100785093573 23.942551695378686 24.016322115875425 24.101101460380136 23.943489733427462 23.90382339003714 23.962204756604326 24.021076135960392 24.04074998109915 24.191543681466243 24.042946026260395 24.00620877575362 23.951945137279115 23.979391195288585 24.070203178768669
leaf_weight=1910 171 126 2217 997 1801 91 2272 20 1998 803 2084 1170 92 1512 21 160 30 432 28 38 1224 1659 187 201 182 129 648 1194 162 97
leaf_count=1910 171 126 2217 997 1801 91 2272 20 1998 803 2084 1170 92 1512 21 160 30 432 28 38 1224 1659 187 201 182 129 648 1194 162 97
internal_value=23.9321 24.0051 23.9039 23.9887 23.8818 24.155 23.9288 24.0118 23.8669 23.94 23.8932 23.9683 24.1938 23.916 24.0422 24.1055 24.0019 24.0027 24.0445 23.8981 23.8976 23.9619 24.035 24.0467 24.1816 24.0598 23.9992 23.948 23.9637 24.0546
internal_weight=23656 6603 17053 5952 9055 651 7998 2790 3908 4269 5147 3162 365 3729 683 286 2107 2077 663 3346 3308 1992 409 222 273 254 1645 1997 1821 226
internal_count=23656 6603 17053 5952 9055 651 7998 2790 3908 4269 5147 3162 365 3729 683 286 2107 2077 663 3346 3308 1992 409 222 273 254 1645 1997 1821 226
is_linear=0
shrinkage=1


Tree=1
num_leaves=31
num_cat=0
split_feature=48 48 48 48 49 48 48 48 48 48 49 18 18 18 18 33 3 18 18 53 30 46 27 18 55 30 49 48 33 28
split_gain=50989.9 17868.2 8619.83 3574.18 1380.99 1252.49 1079.01 821.601 306.615 233.551 230.16 184.053 151.347 116.838 103.752 102.923 97.2908 85.8077 77.7719 67.205 63.5992 64.1927 61.1094 50.2585 48.3932 47.8511 46.9684 43.8427 43.5871 40.7115
threshold=24.618556976318363 29.325242233276374 22.787166213989263 25.856956862951662 23.718981742867438 31.602084732055669 21.88026332855225 27.208563995861333 25.298513603446292 23.364006805715334 22.305402183619389 32.775291442871101 24.233662605285648 27.706545829772953 21.462190628051761 25.322278976440433 3.7002795000000006 30.029041290283207 26.386636734008793 1.1104330557436375 24.969556808471683 25.356755256652836 26.138368606567386 24.85787391662598 1.3787832903696273 33.715789794921882 25.588709831230716 26.572463417053225 24.921269416809086 26.095197677612308
decision_type=2 2 2 2 2 2 2 2 2 2 2 2 2 2 2 2 2 2 2 2 2 2 2 2 2 2 2 2 2 2
left_child=2 3 6 8 9 17 14 16 19 -4 -8 -7 -6 29 -1 -12 18 -3 24 23 -15 -22 -23 -2 27 -13 -10 -5 -20 -9
right_child=1 5 4 7 12 11 10 13 26 -11 15 25 -14 20 -16 -17 -18 -19 28 -21 21 22 -24 -25 -26 -27 -28 -29 -30 -31
leaf_value=-0.073368359648601875 0.021511205370729272 0.14869901631595725 -0.024683639500634083 0.05936976081340592 0.00017997529483527539 0.23134263411481329 -0.050642794441267291 0.062362723177255587 0.038472979514980361 -0.011197687068768261 -0.03835119749195201 0.25825006049612298 0.012532323454609629 0.067174280512332915 -0.061662424507897433 0.026814337609843773 0.01380379319936037 0.18237595565570808 0.10009114101136986 0.0044518228507201586 0.14463701124152831 0.063160255551338196 0.11472017636517283 0.030741434783012916 0.08611459955871105 0.28884771699490752 0.049209972827944135 0.082769417705444187 0.073000829284522797 0.094011617301069952
leaf_weight=1350 896 118 2922 947 2390 188 2435 43 833 1912 2570 92 1425 25 1376 22 30 161 57 126 62 22 347 1303 75 92 655 78 859 245
leaf_count=1350 896 118 2922 947 2390 188 2435 43 833 1912 2570 92 1425 25 1376 22 30 161 57 126 62 22 347 1303 75 92 655 78 859 245
internal_value=1.82409e-10 0.0662296 -0.0292909 0.0514456 -0.00870007 0.216182 -0.0522614 0.0772486 0.0325653 -0.0193495 -0.0440199 0.252219 0.00479389 0.104246 -0.0674596 -0.0377981 0.0674315 0.168133 0.0682295 0.0257596 0.113694 0.116392 0.111646 0.0269805 0.0628525 0.273549 0.0431993 0.0611504 0.0746866 0.0892863
internal_weight=23656 7254 16402 6603 8649 651 7753 2790 3813 4834 5027 372 3815 744 2726 2592 2046 279 2016 2325 456 431 369 2199 1100 184 1488 1025 916 288
internal_count=23656 7254 16402 6603 8649 651 7753 2790 3813 4834 5027 372 3815 744 2726 2592 2046 279 2016 2325 456 431 369 2199 1100 184 1488 1025 916 288
is_linear=0
shrinkage=0.03


Tree=2
num_leaves=31
num_cat=0
split_feature=48 48 48 48 9 9 49 9 48 9 49 9 9 29 9 9 3 48 48 33 9 9 6 2 35 9 9 33 26 49
split_gain=47983 15961 9224.95 2746.11 1516.49 1232.63 1128.56 835.624 265.382 236.937 227.842 223.499 158.881 143.756 129.723 112.372 106.585 98.9624 80.5216 78.8739 76.4226 75.1962 60.9574 76.0122 57.4929 54.7616 53.2484 50.29 50.0834 48.791
threshold=24.80167026519776 29.325242233276374 23.059317207336431 25.856956862951662 22.069253921508793 31.602984428405765 23.761725234985356 27.359121322631839 21.706225586125004 24.254726409912113 22.377001380951665 25.088553428649906 33.462202072143562 24.660064697265629 23.418996810913089 30.025896072387699 3.7002795000000006 26.852425193786626 28.180988121032716 25.322278976440433 25.683939933776859 22.811860084533695 10.500000000000002 0.9565760000000002 27.355128288269047 32.32448387395997 26.327013015747074 25.263874053955082 23.24146938323975 24.380789184570315
decision_type=2 2 2 2 2 2 2 2 2 2 2 2 2 2 2 2 2 2 2 2 2 2 2 2 2 2 2 2 2 2
left_child=2 3 4 11 8 15 14 16 -1 -8 -6 28 25 -9 -4 -3 17 26 22 21 -13 -12 23 -15 -20 -7 -5 -24 -2 -11
right_child=1 5 6 7 10 12 9 13 -10 29 19 20 -14 18 -16 -17 -18 -19 24 -21 -22 -23 27 -25 -26 -27 -28 -29 -30 -31
leaf_value=-0.069409192087899169 -0.0089992844536900523 0.14187103721357527 -0.020321607538638035 0.058687151406304074 -0.045229361876304976 0.2157459051792438 0.0010185431797628812 0.03315770651847124 -0.053769802020166305 0.0092832839759140612 -0.035955292492353144 0.036337708218312899 0.28033331953960916 0.16294725349971226 -0.0090931121176635026 0.17974918994307515 0.0094405660852789879 0.079172860522651003 0.14589664948397671 0.010979781888033214 0.049098807533001228 -0.02658695551526833 0.1246825723171234 0.10296378243770173 0.11191445415243884 0.24424849017635808 0.069733592575346975 0.078850568507869659 0.025135329782831447 0.019063269598234261
leaf_weight=1910 40 126 2017 997 1801 91 2344 25 1998 756 2084 1325 92 21 1712 160 30 432 58 38 620 1224 25 201 197 182 648 156 1177 1169
leaf_count=1910 40 126 2017 997 1801 91 2344 25 1998 756 2084 1325 92 21 1712 160 30 432 58 38 620 1224 25 201 197 182 648 156 1177 1169
internal_value=1.35609e-10 0.0686632 -0.0265867 0.0532377 -0.0473239 0.209696 -0.00310896 0.0749311 -0.0614134 0.00742342 -0.036626 0.0340965 0.246238 0.103768 -0.0151666 0.163062 0.0655835 0.0663944 0.106451 -0.0319952 0.0404055 -0.0324889 0.0981026 0.108638 0.119644 0.234748 0.0630386 0.085181 0.0240134 0.0152224
internal_weight=23656 6603 17053 5952 9055 651 7998 2790 3908 4269 5147 3162 365 683 3729 286 2107 2077 658 3346 1945 3308 403 222 255 273 1645 181 1217 1925
internal_count=23656 6603 17053 5952 9055 651 7998 2790 3908 4269 5147 3162 365 683 3729 286 2107 2077 658 3346 1945 3308 403 222 255 273 1645 181 1217 1925
is_linear=0
shrinkage=0.03


Tree=3
num_leaves=31
num_cat=0
split_feature=48 48 48 48 49 9 9 9 9 48 48 9 49 9 29 9 3 45 33 6 48 9 18 9 26 9 9 9 9 29
split_gain=45155 15816.4 7636.67 3161.43 1219.95 1159.78 975.494 786.239 304.195 209.799 175.674 164.074 156.128 149.491 135.26 106.275 100.286 99.7337 98.4337 94.7701 93.3376 73.3595 55.5157 53.1526 52.9317 51.5252 46.4671 45.2449 41.4911 41.4189
threshold=24.618556976318363 29.325242233276374 22.787166213989263 25.856956862951662 23.718981742867438 31.602984428405765 21.957931518554691 27.359121322631839 25.088553428649906 23.364006805715334 21.706225586125004 23.953875541687015 22.342526435852054 33.462202072143562 24.660064697265629 29.563299179077152 3.7002795000000006 24.947970390319828 25.322278976440433 11.500000000000002 26.7697572711084 25.683939933776859 28.810048104199222 22.754701614379886 23.24146938323975 32.32448387395997 24.525965690612797 22.660907745361332 30.665832519531254 25.079011917114261
decision_type=2 2 2 2 2 2 2 2 2 2 2 2 2 2 2 2 2 2 2 2 2 2 2 2 2 2 2 2 2 2
left_child=2 3 6 8 9 15 10 16 24 23 -1 27 -8 25 -9 -3 20 -16 -14 22 -5 -10 -19 -4 -2 -7 -13 -6 -17 -22
right_child=1 5 4 7 11 13 12 14 21 -11 -12 26 18 -15 17 28 -18 19 -20 -21 29 -23 -24 -25 -26 -27 -28 -29 -30 -31
leaf_value=-0.067441131631836349 -0.0098648677306606408 0.12229894449776511 -0.031933996114600981 0.060764999392927406 -0.03536006426340655 0.2092735266161489 -0.045846227103245575 0.032162975066900246 0.034720423988848552 -0.010466166052166666 -0.053562448558049064 0.0067255747954904736 -0.035138958798318375 0.27192331397015113 0.13738131335248116 0.15784786778482895 0.0091573489904403678 0.099747858114559634 0.030108688133103505 0.072965114945682752 0.11241195401320091 0.046995157078589436 0.12520852190442383 -0.021363178856579654 0.022403788374500692 0.23692103296845823 0.015968748072773653 -0.0022155707544889622 0.18454845062116296 0.073547664489252151
leaf_weight=1890 47 59 521 1565 38 91 2100 25 1409 1912 1451 1552 2291 92 69 145 30 391 21 102 26 636 96 2401 1721 182 715 1510 82 486
leaf_count=1890 47 59 521 1565 38 91 2100 25 1409 1912 1451 1552 2291 92 69 145 30 391 21 102 26 636 96 2401 1721 182 715 1510 82 486
internal_value=-2.98297e-11 0.0623251 -0.0275641 0.0484158 -0.00818307 0.203406 -0.049185 0.0726832 0.0306591 -0.0181924 -0.0614136 0.00449975 -0.0399248 0.238851 0.100655 0.15817 0.063616 0.103257 -0.0345463 0.0992595 0.0644026 0.0385379 0.104767 -0.023248 0.021546 0.227705 0.00964082 -0.0030292 0.167493 0.0755212
internal_weight=23656 7254 16402 6603 8649 651 7753 2790 3813 4834 3341 3815 4412 365 683 286 2107 658 2312 589 2077 2045 487 2922 1768 273 2267 1548 227 512
internal_count=23656 7254 16402 6603 8649 651 7753 2790 3813 4834 3341 3815 4412 365 683 286 2107 658 2312 589 2077 2045 487 2922 1768 273 2267 1548 227 512
is_linear=0
shrinkage=0.03


Tree=4
num_leaves=31
num_cat=0
split_feature=48 48 48 48 9 9 49 9 51 48 9 9 50 29 9 9 3 48 48 9 6 2 33 9 43 9 9 9 48 33
split_gain=42499.7 14126.8 8171.29 2426.96 1446.46 1091.24 900.888 739.772 240.223 233.176 200.132 192.334 141.184 127.266 120.34 100.559 94.359 88.0883 73.2288 65.5444 55.8501 70.6362 55.5457 59.2227 53.3275 50.0295 49.892 48.033 46.1469 45.9792
threshold=24.80167026519776 29.325242233276374 23.107831573486333 25.856956862951662 22.069253921508793 31.602984428405765 23.805935382843021 27.359121322631839 22.54094756453101 21.706225586125004 25.408536911010746 24.4079704284668 33.556916237191409 24.660064697265629 23.468993186950687 30.025896072387699 3.7002795000000006 26.852425193786626 28.180988121032716 24.17874908447266 10.500000000000002 0.9565760000000002 25.322278976440433 22.754701614379886 24.973835945129398 26.181600570678714 23.930653572082523 32.32448387395997 22.467741584809087 25.263874053955082
decision_type=2 2 2 2 2 2 2 2 2 2 2 2 2 2 2 2 2 2 2 2 2 2 2 2 2 2 2 2 2 2
left_child=2 3 4 10 9 15 14 16 28 -1 19 26 27 -9 -4 -3 17 25 20 -2 21 -15 23 -10 -20 -5 -8 -7 -6 -22
right_child=1 5 6 7 8 12 11 13 22 -11 -12 -13 -14 18 -16 -17 -18 -19 24 -21 29 -23 -24 -25 -26 -27 -28 -29 -30 -31
leaf_value=-0.065310467098746938 0.008571665901363941 0.13337885107423753 -0.017940081550916351 0.053835041229648675 -0.043199123490535597 0.20299532403002726 -0.0018126510052605975 0.031198086154460906 -0.032698256166197738 -0.05065610652064801 0.041962276496781178 0.01614787774343316 0.26359392243046909 0.15463629858834402 -0.0069643292918800869 0.16921075026690957 0.0088826286904513819 0.074526470834906725 0.15260775221718684 0.027997551055878745 0.11760057492256165 0.096812881738392267 0.004857368339662967 -0.023951217917331867 0.10801980725636608 0.064308961377987625 0.0065038175445256254 0.22971404144118504 -0.034581709124548721 0.073776901324566171
leaf_weight=1910 171 126 2014 786 1773 91 1226 25 1411 2001 1170 1475 93 21 1624 160 30 432 27 1821 25 201 46 1376 228 859 1380 181 817 156
leaf_count=1910 171 126 2014 786 1773 91 1226 25 1411 2001 1170 1475 93 21 1624 160 30 432 27 1821 25 201 46 1376 228 859 1380 181 817 156
internal_value=9.08864e-11 0.064621 -0.0250215 0.0501088 -0.0439063 0.197303 -0.00218556 0.0705027 -0.0338772 -0.0578128 0.0321142 0.00749108 0.231685 0.0976352 -0.0130405 0.153425 0.0617075 0.0624705 0.100159 0.02633 0.0921984 0.102283 -0.02784 -0.0283797 0.112741 0.0593044 0.00259131 0.220775 -0.0404808 0.0798299
internal_weight=23656 6603 17053 5952 9334 651 7719 2790 5423 3911 3162 4081 365 683 3638 286 2107 2077 658 1992 403 222 2833 2787 255 1645 2606 272 2590 181
internal_count=23656 6603 17053 5952 9334 651 7719 2790 5423 3911 3162 4081 365 683 3638 286 2107 2077 658 1992 403 222 2833 2787 255 1645 2606 272 2590 181
is_linear=0
shrinkage=0.03


Tree=5
num_leaves=31
num_cat=0
split_feature=48 48 48 48 9 48 9 9 9 9 48 9 48 29 9 3 45 6 9 33 52 9 48 29 9 18 26 6 9 55
split_gain=40004.7 14188.7 6511.36 2936.32 1026.75 982.151 865.103 696.051 297.542 248.961 154.672 133.234 132.268 119.891 96.5678 88.7824 84.2423 90.4082 83.0485 76.4571 72.8082 69.6844 66.0168 63.6009 55.5482 51.2345 49.2537 47.2385 45.4296 45.385
threshold=24.568722534415532 29.325242233276374 22.787166213989263 25.856956862951662 31.602984428405765 23.463342475891118 21.957931518554691 27.359121322631839 25.088553428649906 23.953875541687015 21.706225586125004 33.462202072143562 22.31487808272998 24.400399208068851 29.563299179077152 3.7002795000000006 24.947970390319828 11.500000000000002 26.383757591247562 25.292714118957523 1.8956635199422684 23.15745830535889 25.557925224304203 25.276597023010257 22.660907745361332 28.810048104199222 23.24146938323975 10.500000000000002 32.32448387395997 1.5355497297555496
decision_type=2 2 2 2 2 2 2 2 2 2 2 2 2 2 2 2 2 2 2 2 2 2 2 2 2 2 2 2 2 2
left_child=2 3 6 8 14 21 10 15 26 24 -1 28 -8 -9 -3 18 -15 25 20 -14 -5 -4 -10 -22 -7 -18 -2 -11 -6 -23
right_child=1 4 5 7 11 9 12 13 22 27 -12 -13 19 16 -16 -17 17 -19 -20 -21 23 29 -24 -25 -26 -27 -28 -29 -30 -31
leaf_value=-0.063458582677361028 -0.0087099247917814069 0.11462861332600399 -0.024293932540738562 0.05355117956416957 0.19690546502123821 -0.033324741314236933 -0.043281164435437183 0.024135514263595854 0.032488671000423304 0.014286727014262708 -0.050435891789990729 0.25595721478047573 -0.033332647002177827 0.12782085313107555 0.15770918270039663 0.00861614977568388 0.093815674914085129 0.067695368977571002 0.067490278795694497 0.025568036634474992 0.13055775618553161 -0.016440056264069886 0.043948322662102156 0.066683418719058335 -0.0052392218160177053 0.11826875419821589 0.02061605748381716 0.0048426837358707172 0.22286613330736263 0.025994499681881913
leaf_weight=1890 53 59 1861 1115 91 65 1996 21 1402 670 1451 92 2396 71 227 30 392 103 895 20 20 1650 668 47 2542 96 1876 1652 182 23
leaf_count=1890 53 59 1861 1115 91 65 1996 21 1402 670 1451 92 2396 71 227 30 392 103 895 20 20 1650 668 47 2542 96 1876 1652 182 23
internal_value=1.37929e-11 0.0575959 -0.0264253 0.0447668 0.191384 -0.00823009 -0.0462869 0.0683876 0.0282872 0.000423617 -0.0578028 0.224735 -0.0375664 0.0947061 0.148822 0.0598563 0.0969448 0.0932355 0.0605964 -0.0328451 0.0553763 -0.0202997 0.0361868 0.0857504 -0.00593947 0.0986261 0.0198103 0.00756771 0.214213 -0.0158567
internal_weight=23656 7440 16216 6789 651 8463 7753 2790 3999 4929 3341 365 4412 683 286 2107 662 591 2077 2416 1182 3534 2070 67 2607 488 1929 2322 273 1673
internal_count=23656 7440 16216 6789 651 8463 7753 2790 3999 4929 3341 365 4412 683 286 2107 662 591 2077 2416 1182 3534 2070 67 2607 488 1929 2322 273 1673
is_linear=0
shrinkage=0.03


Tree=6
num_leaves=31
num_cat=0
split_feature=49 49 9 49 9 49 9 9 9 9 49 9 9 26 9 32 29 18 49 51 9 18 18 19 45 55 52 21 55 9
split_gain=37546.5 13518.4 5780.06 2860.97 997.33 930.311 814.984 771.907 253.879 200.987 158.49 140.478 128.84 125.982 100.178 95.2515 94.0245 85.1443 72.6003 60.3815 55.2576 54.6501 52.3783 51.097 81.7794 47.9951 60.3189 46.5477 45.0416 42.6162
threshold=24.499453353881837 29.331502723475101 22.754701614379886 25.747661876678468 31.602984428405765 23.471683883769291 21.957931518554691 27.359121322631839 25.115983009338382 23.953875541687015 22.342526435852054 21.462049484252933 26.383757591247562 33.592250823974616 30.025896072387699 25.290784835815433 24.579893112182621 28.810048104199222 22.780202293082034 23.860023752863935 23.930653572082523 24.457066535949711 27.070193290710453 26.952487945556644 24.914579390698247 1.3787832903696273 0.22586268233593135 27.545369148254398 0.6238929016818402 32.32448387395997
decision_type=2 2 2 2 2 2 2 2 2 2 2 2 2 2 2 2 2 2 2 2 2 2 2 2 2 2 2 2 2 2
left_child=2 3 6 8 14 18 11 12 19 -7 -8 -1 21 29 -3 28 -9 23 -4 -2 -21 -5 -10 -18 -25 -22 -27 -19 -12 -6
right_child=1 4 5 7 13 9 10 16 22 -11 15 -13 -14 -15 -16 -17 17 27 -20 20 25 -23 -24 24 -26 26 -28 -29 -30 -31
leaf_value=-0.063182672142506918 0.055950799936858503 0.12330875149158041 -0.028700782197298432 0.008959389086812734 0.19099829773326496 -0.005450112207578889 -0.042741859748605893 0.027968219261616467 0.033624007307448849 0.0072311922236510291 -0.033772655162831164 -0.050775301419302671 0.064823863530703088 0.24835348543913466 0.15904345440414716 0.024799578280912504 0.069629939243025643 0.075465470339086918 -0.017940224036561699 0.0037647827382160113 0.019156562006001646 0.051276286516458713 0.081293706691690851 0.14472681036362278 0.089835954622762032 0.015613114780613353 0.087517151204603058 0.12319666298638496 -0.02303917086485743 0.21614225306353727
leaf_weight=1410 39 127 697 28 91 2462 1933 20 1707 2071 1978 1967 912 92 159 27 103 22 2964 213 1977 1442 21 26 404 21 21 112 428 182
leaf_count=1410 39 127 697 28 91 2462 1933 20 1707 2071 1978 1967 912 92 159 27 103 22 2964 213 1977 1442 21 26 404 21 21 112 428 182
internal_value=-1.21141e-10 0.0543073 -0.0263034 0.0422584 0.185123 -0.00874074 -0.0448891 0.0640459 0.0255378 0.000343619 -0.0363292 -0.0559558 0.0559658 0.217992 0.143175 -0.0312345 0.0920613 0.0939832 -0.0199889 0.0189442 0.0182976 0.0504703 0.0342033 0.0886088 0.0931549 0.0198307 0.0515651 0.11536 -0.0318633 0.207761
internal_weight=23656 7719 15937 7068 651 8194 7743 3069 3999 4533 4366 3377 2382 365 286 2433 687 667 3661 2271 2232 1470 1728 533 430 2019 42 134 2406 273
internal_count=23656 7719 15937 7068 651 8194 7743 3069 3999 4533 4366 3377 2382 365 286 2433 687 667 3661 2271 2232 1470 1728 533 430 2019 42 134 2406 273
is_linear=0
shrinkage=0.03


Tree=7
num_leaves=31
num_cat=0
split_feature=48 48 48 48 9 9 49 9 51 48 9 9 21 9 29 9 3 48 48 9 34 6 6 2 53 35 9 9 6 52
split_gain=35455.2 11764.3 6815.73 2020.37 1206.56 907.218 753.9 613.297 203.45 196.208 169.759 153.648 118.714 108.801 107.627 87.3916 82.2513 78.1009 62.9527 58.2176 51.7943 51.5049 50.2308 64.6632 49.7781 49.5907 49.4549 49.0522 42.4581 47.5999
threshold=24.80167026519776 29.325242233276374 23.107831573486333 25.856956862951662 22.069253921508793 31.602984428405765 23.854276275596437 27.359121322631839 22.54094756453101 21.706225586125004 25.438990592956547 24.525965690612797 33.527359011147468 23.468993186950687 24.660064697265629 29.563299179077152 3.7002795000000006 26.852425193786626 28.180988121032716 24.17874908447266 25.329578399658207 9.5000000000000018 10.500000000000002 0.9565760000000002 1.3100828263867654 27.355128288269047 23.953875541687015 22.772413254011234 14.500000000000002 1.7296507965995647
decision_type=2 2 2 2 2 2 2 2 2 2 2 2 2 2 2 2 2 2 2 2 2 2 2 2 2 2 2 2 2 2
left_child=2 3 4 10 9 15 13 16 -6 -1 19 21 -7 -4 -9 -3 17 28 22 -2 27 24 23 -16 -8 -20 -23 -10 29 -5
right_child=1 5 6 7 8 12 11 14 20 -11 -12 -13 -14 -15 18 -17 -18 -19 25 -21 -22 26 -24 -25 -26 -27 -28 -29 -30 -31
leaf_value=-0.059680043457612318 0.0075055747789347631 0.10756727140333693 -0.016175507700098495 0.05504824504161817 -0.037018734373733653 0.201520681983822 0.011243893250675759 0.027995405477285386 -0.029724091027173619 -0.046237444793627451 0.0388454825351493 0.016748076317931168 0.24092491134353303 -0.0060187827993669757 0.14368626935141426 0.14854993349655082 0.0070594390183687213 0.068443213697561678 0.12746024493770353 0.025786443047665364 0.0051900262644096291 -0.0029133898931245133 0.072301723292272385 0.088361603717750578 0.058793678029240772 0.095899716088463205 0.0057231860746787587 -0.021751128463923772 0.041476555756208566 0.089077776909658776
leaf_weight=1910 171 59 2051 1398 2590 273 351 25 1457 2001 1105 1105 92 1767 21 227 30 432 58 1886 49 1062 181 201 21 197 1362 1327 209 38
leaf_count=1910 171 59 2051 1398 2590 273 351 25 1457 2001 1105 1105 92 1767 21 227 30 432 58 1886 49 1062 181 201 21 197 1362 1327 209 38
internal_value=4.96936e-11 0.0590229 -0.0228539 0.0457797 -0.0401013 0.180104 -0.00199797 0.064387 -0.0309415 -0.0528024 0.0293615 0.00727733 0.211453 -0.0114749 0.0890916 0.140095 0.0563789 0.0570912 0.0914128 0.0242667 -0.0253856 0.00353442 0.0840315 0.093595 0.0139282 0.103078 0.00193934 -0.0259238 0.05411 0.0559487
internal_weight=23656 6603 17053 5952 9334 651 7719 2790 5423 3911 3162 3901 365 3818 683 286 2107 2077 658 2057 2833 2796 403 222 372 255 2424 2784 1645 1436
internal_count=23656 6603 17053 5952 9334 651 7719 2790 5423 3911 3162 3901 365 3818 683 286 2107 2077 658 2057 2833 2796 403 222 372 255 2424 2784 1645 1436
is_linear=0
shrinkage=0.03


Tree=8
num_leaves=31
num_cat=0
split_feature=48 48 48 48 49 48 48 48 48 48 49 18 33 18 48 18 34 18 53 18 18 30 46 3 6 8 18 50 39 49
split_gain=33366.2 11817.9 5428.06 2447.06 889.113 821.599 684.353 553.895 242.653 157.881 137.075 127.622 88.7698 83.2447 74.9345 73.1241 69.6561 60.2711 59.6579 55.3742 46.3416 45.6277 51.3868 45.5091 44.595 39.7306 39.3194 36.8361 48.6349 35.4111
threshold=24.568722534415532 29.325242233276374 22.748831367492681 25.856956862951662 23.527176189422608 31.602084732055669 21.88026332855225 27.208563995861333 25.298513603446292 24.03848056793213 22.305402183619389 32.775291442871101 25.322278976440433 27.706545829772953 23.247495269275394 21.462190628051761 23.60941314697266 30.029041290283207 1.1104330557436375 26.386636734008793 24.85787391662598 24.969556808471683 25.356755256652836 0.22337950000000004 9.5000000000000018 2.5000000000000004 28.810048104199222 23.714054966199466 22.658219337463382 25.588709831230716
decision_type=2 2 2 2 2 2 2 2 2 2 2 2 2 2 2 2 2 2 2 2 2 2 2 2 2 2 2 2 2 2
left_child=2 3 6 8 14 17 15 16 18 27 -8 -7 -12 -9 -4 -1 -5 -3 20 -18 -2 -15 -23 26 -11 -25 -24 -6 -29 -10
right_child=1 5 4 7 9 11 10 13 29 24 12 -13 -14 21 -16 -17 19 -19 -20 -21 -22 22 23 25 -26 -27 -28 28 -30 -31
leaf_value=-0.059673078725776735 0.016518983190821634 0.11949728830133455 -0.021561687992202865 0.0065280334982607095 -0.0092171952841475207 0.18650403834403828 -0.040939728647207227 0.071995053655700747 0.031343989532288848 0.01714289900371941 -0.031370630917844769 0.22164940618950388 0.032096767924726009 0.053194635272026058 -0.013151564312634499 -0.049845686441877597 0.050498298579618864 0.14772164595423279 0.00091012768068412023 0.060475948561482085 0.024967857463331106 0.12015366612663192 0.091374513510416241 0.058679951272904873 0.0051851908108053422 0.091061826872674723 0.11947283295334361 0.041822445014107 -0.002100647804238629 0.040666857185069731
leaf_weight=1350 1039 118 2433 27 830 188 2434 288 833 333 2387 184 20 25 1568 1376 1101 161 137 918 1335 62 169 60 1787 79 61 23 1675 655
leaf_count=1350 1039 118 2433 27 830 188 2434 288 833 333 2387 184 20 25 1568 1376 1101 161 137 918 1335 62 169 60 1787 79 61 23 1675 655
internal_value=8.22033e-12 0.0526004 -0.0241334 0.0408922 -0.00789845 0.174701 -0.0426898 0.0624554 0.025848 0.00102573 -0.0359197 0.203888 -0.0308433 0.084622 -0.0182657 -0.0547125 0.0543948 0.135784 0.0201593 0.0550349 0.0212701 0.092597 0.0948825 0.0906364 0.00706345 0.077084 0.0988267 -0.00403756 -0.00150569 0.0354478
internal_weight=23656 7440 16216 6789 8649 651 7567 2790 3999 4648 4841 372 2407 744 4001 2726 2046 279 2511 2019 2374 456 431 369 2120 139 230 2528 1698 1488
internal_count=23656 7440 16216 6789 8649 651 7567 2790 3999 4648 4841 372 2407 744 4001 2726 2046 279 2511 2019 2374 456 431 369 2120 139 230 2528 1698 1488
is_linear=0
shrinkage=0.03


Tree=9
num_leaves=31
num_cat=0
split_feature=48 48 48 48 9 9 9 9 51 48 9 49 9 49 29 9 3 45 48 49 9 34 9 9 9 49 29 9 20 9
split_gain=31396.8 10413.5 6037.6 1786.9 1076.19 805.995 669.688 549.682 180.983 173.031 154.619 139.272 108.422 101.576 98.6723 79.7836 75.3242 74.0867 69.7651 61.8022 53.5476 47.4735 46.8357 43.9875 39.8348 38.2345 37.8884 37.858 37.5517 37.511
threshold=24.80167026519776 29.325242233276374 23.107831573486333 25.856956862951662 22.069253921508793 31.602984428405765 23.930653572082523 27.359121322631839 22.54094756453101 21.706225586125004 25.438990592956547 23.471683883769291 33.462202072143562 24.380789184570315 24.400399208068851 29.563299179077152 3.7002795000000006 24.947970390319828 26.7697572711084 27.288110923838136 24.17874908447266 25.329578399658207 28.810048104199222 22.772413254011234 22.473168373107914 25.588709831230716 25.079011917114261 32.32448387395997 22.739851951599125 22.811860084533695
decision_type=2 2 2 2 2 2 2 2 2 2 2 2 2 2 2 2 2 2 2 2 2 2 2 2 2 2 2 2 2 2
left_child=2 3 4 10 9 15 11 16 29 -1 20 -4 27 -8 -9 -3 18 -16 -5 -19 -2 23 -21 -10 -13 -22 -20 -7 -23 -6
right_child=1 5 6 7 8 12 13 14 21 -11 -12 24 -14 -15 17 -17 -18 19 26 22 25 28 -24 -25 -26 -27 -28 -29 -30 -31
leaf_value=-0.056193144648877112 0.0067049476308666429 0.10066922561597016 -0.015780596748793996 0.050537142502138026 -0.03631507431653179 0.17371710840162338 0.0038267694691364118 0.019948149940797258 -0.02796228093510128 -0.04356943513363086 0.03669326331738669 -0.03590331338043954 0.22717370028081146 0.01449639256993185 0.11495607736874633 0.13982736458862405 0.0058033496532589194 0.065191204008111292 0.098578092180765589 0.082879277228802534 0.02284980720132861 0.031156245839595791 0.10641583210414217 -0.020412132291246263 -0.0045514733598459658 0.037387442542860902 0.061407080192498305 0.19741582317666692 -0.021379931122064592 -0.026100114189791135
leaf_weight=1910 171 59 1841 1565 2211 91 1869 21 1457 2001 1105 37 92 1408 71 227 30 141 26 353 1706 25 97 1327 2564 180 486 182 24 379
leaf_count=1910 171 59 1841 1565 2211 91 1869 21 1457 2001 1105 37 92 1408 71 227 30 141 26 353 1706 25 97 1327 2564 180 486 182 24 379
internal_value=-3.72613e-11 0.0555422 -0.0215062 0.0430825 -0.0377392 0.16946 -0.00187684 0.0605817 -0.0290885 -0.0497344 0.027642 -0.00946656 0.199008 0.00841109 0.0839699 0.131749 0.0530003 0.0860008 0.053682 0.0825223 0.0227798 -0.0238483 0.0879527 -0.0243635 -0.00499746 0.0242373 0.0632947 0.189516 0.00542424 -0.0348203
internal_weight=23656 6603 17053 5952 9334 651 7719 2790 5423 3911 3162 4442 365 3277 683 286 2107 662 2077 591 2057 2833 450 2784 2601 1886 512 273 49 2590
internal_count=23656 6603 17053 5952 9334 651 7719 2790 5423 3911 3162 4442 365 3277 683 286 2107 662 2077 591 2057 2833 450 2784 2601 1886 512 273 49 2590
is_linear=0
shrinkage=0.03


Tree=10
num_leaves=31
num_cat=0
split_feature=48 48 9 48 48 9 48 9 9 9 48 51 29 9 45 6 3 3 9 52 9 32 51 29 9 55 26 6 3 9
split_gain=29551.8 10460.3 4812.11 2163.82 781.43 758.361 659.236 517.196 226.72 163.678 154.331 102.209 93.2382 76.3854 74.41 79.2607 92.6135 70.8725 70.8643 67.7544 79.3352 58.7645 58.4366 57.6044 56.5945 50.6214 42.5742 41.8051 39.8556 38.9779
threshold=24.568722534415532 29.325242233276374 22.754701614379886 25.856956862951662 23.463342475891118 31.602984428405765 21.88026332855225 27.359121322631839 25.088553428649906 23.953875541687015 22.334550666840332 33.691511281493334 24.660064697265629 30.025896072387699 24.947970390319828 10.500000000000002 0.19302850000000002 3.7002795000000006 21.514192581176761 1.8956635199422684 26.383757591247562 25.319479942321781 22.869316037542813 25.276597023010257 25.683939933776859 1.7474269604769683 23.24146938323975 10.500000000000002 0.27658100000000008 25.17087364306153
decision_type=2 2 2 2 2 2 2 2 2 2 2 2 2 2 2 2 2 2 2 2 2 2 2 2 2 2 2 2 2 2
left_child=2 3 6 8 22 13 18 17 26 -6 -8 -7 -9 -3 -14 16 -16 19 -1 20 -5 -12 -4 -21 -10 -24 -2 -11 -25 -29
right_child=1 5 4 7 9 11 10 12 24 27 21 -13 14 -15 15 -17 -18 -19 -20 23 -22 -23 25 28 -26 -27 -28 29 -30 -31
leaf_value=-0.056154499681016497 -0.0095748774861952046 0.11032579448961076 -0.02367504748398349 0.045668868796707798 -0.0044965630903177943 0.18375502903671825 -0.038726700629674635 0.024585088920593263 0.02790272120726791 0.012862849509232301 -0.028721052343001388 0.22018722118869904 0.11308661136938176 0.14155522864311934 0.12904947143919923 0.067989808558785128 0.083504335448038272 0.0056292489543557167 -0.046367888114711084 0.12181304322821752 0.057710118276339505 0.014228384630947277 -0.015691048748999868 0.09173428883919349 0.038617686122765775 0.022275342737557366 0.017690168463694578 0.0026430416040737355 0.042069554894485259 0.019879110762485653
leaf_weight=1493 53 126 1027 1115 2522 272 2491 25 1426 670 2527 93 69 160 47 265 277 30 1202 21 882 29 2571 26 644 32 1876 1524 33 128
leaf_count=1493 53 126 1027 1115 2522 272 2491 25 1426 670 2527 93 69 160 47 265 277 30 1202 21 882 29 2571 26 644 32 1876 1524 33 128
internal_value=-1.45592e-10 0.0495026 -0.0227121 0.0384874 -0.00709144 0.164376 -0.0398097 0.0587643 0.0243407 0.000794859 -0.0334127 0.193038 0.0814508 0.127797 0.0836114 0.0801584 0.0901112 0.0514103 -0.0517896 0.0520715 0.050987 -0.0282338 -0.0176152 0.0791433 0.0312363 -0.0152243 0.0169411 0.00654205 0.0639557 0.00397852
internal_weight=23656 7440 16216 6789 8474 651 7742 2790 3999 4844 5047 365 683 286 658 589 324 2107 2695 2077 1997 2556 3630 80 2070 2603 1929 2322 59 1652
internal_count=23656 7440 16216 6789 8474 651 7742 2790 3999 4844 5047 365 683 286 658 589 324 2107 2695 2077 1997 2556 3630 80 2070 2603 1929 2322 59 1652
is_linear=0
shrinkage=0.03


Tree=11
num_leaves=31
num_cat=0
split_feature=48 48 48 48 48 48 49 48 49 48 18 51 19 47 3 48 47 26 2 48 53 40 33 18 47 2 33 17 18 55
split_gain=27812 9216.32 5351.63 1582.99 879.293 686.445 665.239 377.213 217.49 142.552 131.808 130.163 109.951 90.6156 84.3682 74.7544 63.9046 66.3829 52.5983 49.039 52.732 48.0371 47.731 45.5264 41.2078 41.1935 40.8222 62.1929 39.7603 37.0598
threshold=24.80167026519776 29.325242233276374 23.059317207336431 26.079782485961918 22.085768318176275 31.602084732055669 23.761725234985356 27.377808380126954 25.588709831230716 21.706225586125004 24.259856224060062 22.54094756453101 32.788452148437507 23.69425201416016 3.7002795000000006 23.380317115533696 24.950664522365724 26.045637130737308 8.9239605000000015 25.298513603446292 1.1104330557436375 28.141317367553714 25.322278976440433 30.685413360595707 31.534093856811527 6.5827470000000003 24.367583274841312 -0.9913479999999999 28.13264083862305 0.455615704336441
decision_type=2 2 2 2 2 2 2 2 2 2 2 2 2 2 2 2 2 2 2 2 2 2 2 2 2 2 2 2 2 2
left_child=2 3 4 8 9 18 15 14 19 -1 29 -6 -7 -9 26 -4 -15 -18 21 20 -2 -3 -13 -23 28 -10 27 -5 -19 -8
right_child=1 5 6 7 11 12 10 13 25 -11 -12 22 -14 16 -16 -17 17 24 -20 -21 -22 23 -24 -25 -26 -27 -28 -29 -30 -31
leaf_value=-0.052538369530486365 0.021443207366426978 0.16642889334605288 -0.016197207962070144 0.049542044992076935 -0.032861971802119895 0.1699008273185893 -0.0030887110888342451 0.022046057190746069 0.034997813721134696 -0.040984538260430151 0.011582781317379694 -0.023855953711841942 0.20252102527102908 0.11233093186400152 -0.00025968210150798161 -0.0076777908562396897 0.043915145590739404 0.072024428991826026 0.080415833100028658 0.029069819540357249 -0.0032365721444281318 0.11430678690315052 0.010008564697284448 0.14298193520062591 0.12267371586390903 0.047112454228180972 0.052342886829119487 0.1148287982493639 0.088915864304671521 0.0044567556336125623
leaf_weight=1974 1565 26 1724 29 2540 187 1086 24 742 1873 1911 2630 185 55 27 2005 46 273 23 855 82 157 38 73 21 383 1594 24 232 1272
leaf_count=1974 1565 26 1724 29 2540 187 1086 24 742 1873 1911 2630 185 55 27 2005 46 273 23 855 82 157 38 73 21 383 1594 24 232 1272
internal_value=1.38516e-11 0.0522753 -0.0202412 0.0405536 -0.0360359 0.159445 -0.00235917 0.0598774 0.0281666 -0.0469131 0.00572718 -0.0280012 0.186123 0.0792545 0.0523418 -0.0116165 0.0814443 0.0784745 0.123873 0.0232406 0.0202145 0.127777 -0.0233736 0.123408 0.0814968 0.0391222 0.0532041 0.0791059 0.0797845 0.000981617
internal_weight=23656 6603 17053 5952 9055 651 7998 2325 3627 3847 4269 5208 372 651 1674 3729 627 572 279 2502 1647 256 2668 230 526 1125 1647 53 505 2358
internal_count=23656 6603 17053 5952 9055 651 7998 2325 3627 3847 4269 5208 372 651 1674 3729 627 572 279 2502 1647 256 2668 230 526 1125 1647 53 505 2358
is_linear=0
shrinkage=0.03


Tree=12
num_leaves=31
num_cat=0
split_feature=48 48 9 48 48 9 48 9 9 9 48 9 29 9 9 9 45 6 2 51 34 52 29 55 9 32 6 26 6 54
split_gain=26177.2 9258.1 4282.66 1917.27 730.991 673.275 551.061 473.494 186.738 147.937 123.366 93.2209 84.5891 69.5892 66.2122 63.8163 61.3689 77.046 83.5697 60.7174 47.4079 61.312 53.141 46.7426 44.4205 41.4009 39.7017 39.253 39.034 37.6469
threshold=24.568722534415532 29.325242233276374 22.713953971862797 25.817503356714848 23.463342475891118 31.602984428405765 21.88026332855225 27.359121322631839 25.088553428649906 23.953875541687015 22.334550666840332 33.462202072143562 24.400399208068851 29.563299179077152 26.508200645446781 21.514192581176761 24.947970390319828 10.500000000000002 0.9565760000000002 22.869316037542813 23.76021766662598 1.7296507965995647 25.158589363098148 1.7474269604769683 25.683939933776859 25.319479942321781 15.500000000000002 23.24146938323975 10.500000000000002 0.29657338764594543
decision_type=2 2 2 2 2 2 2 2 2 2 2 2 2 2 2 2 2 2 2 2 2 2 2 2 2 2 2 2 2 2
left_child=2 3 6 8 19 13 15 14 27 26 -8 -7 -9 -3 20 -1 -14 18 -18 -4 -5 -22 -23 -21 -10 -12 29 -2 -11 -6
right_child=1 5 4 7 9 11 10 12 24 28 25 -13 16 -15 -16 -17 17 -19 -20 23 21 22 -24 -25 -26 -27 -28 -29 -30 -31
leaf_value=-0.052904624791101008 -0.0095994714830281592 0.091168660486148578 -0.022635954228286948 0.0056079477444291115 -0.007703562597500534 0.17286619382900195 -0.036529439321593783 0.017238457373210361 0.02608119960979392 0.012322240941267314 -0.02737842173347307 0.20778416462566543 0.10454720834891 0.12773960223544537 0.055283804127516649 -0.043615290787238484 0.12207121519332237 0.06338416283567333 0.078806935922925217 -0.014785632829096158 0.043489865159997143 0.11009348756887695 0.055586000215262173 0.021691291644237935 0.035923699372215193 0.011432003778219221 -0.019135605386507354 0.016582252130565505 0.003737418955376705 -7.1306860656136621e-05
leaf_weight=1493 53 59 1133 28 1013 273 2482 21 1401 670 2356 92 72 227 741 1201 47 270 277 2641 1345 22 60 32 585 25 152 1867 1652 1366
leaf_count=1493 53 59 1133 28 1013 273 2482 21 1401 670 2356 92 72 227 741 1201 47 270 277 2641 1345 22 60 32 585 25 152 1867 1652 1366
internal_value=-2.73622e-11 0.0465905 -0.021376 0.0362275 -0.00697319 0.154661 -0.0378791 0.0547844 0.0225308 0.000746011 -0.0318494 0.181667 0.0765211 0.120195 0.0479842 -0.0487634 0.0783904 0.0752199 0.0850829 -0.0168159 0.0442667 0.0450253 0.07021 -0.0143489 0.0289804 -0.0269709 -0.00427093 0.0158595 0.00621452 -0.00332119
internal_weight=23656 7440 16216 6789 8659 651 7557 2883 3906 4853 4863 365 687 286 2196 2694 666 594 324 3806 1455 1427 82 2673 1986 2381 2531 1920 2322 2379
internal_count=23656 7440 16216 6789 8659 651 7557 2883 3906 4853 4863 365 687 286 2196 2694 666 594 324 3806 1455 1427 82 2673 1986 2381 2531 1920 2322 2379
is_linear=0
shrinkage=0.03


Tree=13
num_leaves=31
num_cat=0
split_feature=48 48 48 9 9 9 9 48 48 48 50 18 50 9 36 9 9 49 34 35 20 9 9 42 9 6 6 3 41 23
split_gain=24639.6 7377.07 5804.49 993.327 958.169 701.138 633.485 307.023 163.966 141.109 139.734 136.937 99.0033 89.44 73.9018 65.9978 64.7971 57.6565 52.6106 51.8553 45.9399 48.4343 45.2737 41.7068 40.4899 40.2316 36.1401 38.8844 35.5744 34.7109
threshold=25.11644191741944 29.325242233276374 23.193091392517093 26.779591562863775 22.145884513854984 23.953875541687015 31.602984428405765 25.776381111301273 21.74398593902588 24.425848579406743 22.342735815052496 27.706545829772953 23.696928167343142 32.761945724487312 22.616114616394047 30.025896072387699 22.754701614379886 26.616102886199958 25.329578399658207 23.41911602020264 27.083062171936039 24.359519958496097 24.879459381103519 23.908236503601078 22.44335270106934 15.500000000000002 10.500000000000002 0.27658100000000008 24.995832443237308 23.621454237399906
decision_type=2 2 2 2 2 2 2 2 2 2 2 2 2 2 2 2 2 2 2 2 2 2 2 2 2 2 2 2 2 2
left_child=2 3 4 7 8 12 15 29 -1 -7 -6 23 24 -8 -14 -3 18 -13 -12 -9 21 -21 -11 -5 -4 -16 27 -23 -25 -2
right_child=1 6 5 11 10 9 13 19 -10 22 16 17 14 -15 25 -17 -18 -19 -20 20 -22 26 -24 28 -26 -27 -28 -29 -30 -31
leaf_value=-0.049555911148153241 -0.012660254783928394 0.10034970226741972 -0.035197294228488378 0.024358303097467268 -0.032607396316128481 0.0042995267420534973 0.16132617854810025 -0.0010071841643556306 -0.03778817145506648 0.012045287340226937 -0.025818451442982605 0.045401117838010555 0.052501599376343869 0.19102727311556456 -0.0016814613253568651 0.12937814059853553 -0.017810550530104038 0.082634257689464918 0.020820631303570487 0.0005056836642324924 0.059227246351473958 0.083029660301076044 0.020908413199312557 0.083530535267419964 -0.010804219461519363 -0.020154087305794245 0.038700342105729535 0.046463593662095563 0.057884432665966261 0.027070894339570169
leaf_weight=2000 20 126 63 31 1388 1937 182 23 2281 1372 2063 41 22 183 1740 160 2045 430 22 24 169 27 834 53 2196 113 774 855 597 1885
leaf_count=2000 20 126 63 31 1388 1937 182 23 2281 1372 2063 41 22 183 1740 160 2045 430 22 24 169 27 834 53 2196 113 774 855 597 1885
internal_value=-6.61259e-11 0.0551063 -0.0170111 0.0425704 -0.0326353 0.00148608 0.150021 0.0351327 -0.0432858 0.010208 -0.0243724 0.0669561 -0.00725487 0.176217 -0.002159 0.116589 -0.0216048 0.0793932 -0.0253263 0.043761 0.0443179 0.0428181 0.0153961 0.0583542 -0.0114845 -0.00280796 0.0434313 0.047583 0.0599756 0.0266538
internal_weight=23656 5580 18076 4929 9799 8277 651 3777 4281 4143 5518 1152 4134 365 1875 286 4130 471 2085 1872 1849 1680 2206 681 2259 1853 1656 882 650 1905
internal_count=23656 5580 18076 4929 9799 8277 651 3777 4281 4143 5518 1152 4134 365 1875 286 4130 471 2085 1872 1849 1680 2206 681 2259 1853 1656 882 650 1905
is_linear=0
shrinkage=0.03


Tree=14
num_leaves=31
num_cat=0
split_feature=48 48 9 48 9 49 9 9 9 51 9 9 18 3 49 32 48 53 9 29 45 3 21 9 8 25 9 53 49 42
split_gain=23185.2 7734.87 4400.07 1364.01 733.452 596.093 596.046 337.288 209.038 141.092 124.395 107.319 85.0813 82.7971 75.5016 68.5059 63.5587 65.8404 63.2301 61.8734 65.5526 53.3712 52.71 50.9658 45.3476 39.2967 38.1949 34.7345 34.6535 38.7853
threshold=24.774865722656255 29.325242233276374 23.005092620849613 26.079782485961918 22.069253921508793 23.742674064245609 31.602984428405765 27.359121322631839 25.683939933776859 22.599044767953046 21.462049484252933 24.525965690612797 33.469865800498049 3.7002795000000006 23.358171939849857 25.261417388916019 25.298513603446292 0.79590052366101027 29.563299179077152 24.660064697265629 24.947970390319828 0.22337950000000004 25.246972083818363 28.810048104199222 2.5000000000000004 23.150784492492679 26.508200645446781 0.26438695771796855 24.359889316558839 22.839789390563968
decision_type=2 2 2 2 2 2 2 2 2 2 2 2 2 2 2 2 2 2 2 2 2 2 2 2 2 2 2 2 2 2
left_child=2 3 4 8 10 14 18 13 16 -6 -1 28 27 22 -4 -11 17 -2 -3 -9 -21 23 -5 -22 -23 -17 -24 -8 -7 -30
right_child=1 6 5 7 9 11 12 19 -10 15 -12 -13 -14 -15 -16 25 -18 -19 -20 20 21 24 26 -25 -26 -27 -28 -29 29 -31
leaf_value=-0.049963609077716527 0.019485608755697707 0.085423110068096941 -0.015047149852796926 0.08988798019372754 -0.030392881326121033 0.0004394505885021502 0.16682573196735789 0.024357702859231958 0.037205152285198773 -0.021099234551484432 -0.038838010576665354 0.013513510777688651 0.19588139518447545 -0.004648090062869919 -0.0066427687863319998 0.044796974478023388 0.026644104878748253 0.00032928551403948894 0.120283105593946 0.1025230556370607 0.07385575498704712 0.051247401470845597 0.043599241226503965 0.1050033446085655 0.075562337768859553 -0.006841794277230898 0.052953474683003127 0.13591155767440796 0.048712721496820453 0.0064728286172444039
leaf_weight=1409 1432 59 2009 27 2583 2169 235 23 993 2368 2526 1075 92 27 1846 21 1113 182 227 67 238 159 914 59 122 36 689 38 20 898
leaf_count=1409 1432 59 2009 27 2583 2169 235 23 993 2368 2526 1075 92 27 1846 21 1113 182 227 67 238 159 914 59 122 36 689 38 20 898
internal_value=8.40078e-11 0.0472673 -0.0186617 0.0366862 -0.0331295 -0.00252279 0.145521 0.0547119 0.0254201 -0.0255139 -0.0428217 0.00535008 0.170931 0.0474569 -0.0110226 -0.0203169 0.0211288 0.0173255 0.113092 0.0727082 0.0744323 0.0711761 0.04832 0.0800433 0.0618041 0.012183 0.0476199 0.162523 0.0025073 0.00739309
internal_weight=23656 6696 16960 6045 8943 8017 651 2325 3720 5008 3935 4162 365 1657 3855 2425 2727 1614 286 668 645 578 1630 297 281 57 1603 273 3087 918
internal_count=23656 6696 16960 6045 8943 8017 651 2325 3720 5008 3935 4162 365 1657 3855 2425 2727 1614 286 668 645 578 1630 297 281 57 1603 273 3087 918
is_linear=0
shrinkage=0.03


Tree=15
num_leaves=31
num_cat=0
split_feature=48 48 48 9 9 9 9 48 48 48 51 48 49 9 9 9 51 40 53 33 51 9 9 9 54 33 40 9 55 13
split_gain=21825.1 6528.8 5145.06 883.186 847.972 623.725 560.82 245.673 149.372 147.661 134.801 123.865 83.7716 80.5033 59.9562 54.0717 48.4875 47.5528 43.0593 72.4501 61.7615 50.2186 40.7439 35.6276 34.2138 62.7065 34.1222 32.1373 32.8579 31.8057
threshold=25.11644191741944 29.325242233276374 23.193091392517093 26.634457588195804 22.145884513854984 23.953875541687015 31.602984428405765 25.776381111301273 27.377808380126954 21.706225586125004 22.54094756453101 24.425848579406743 23.761725234985356 32.761945724487312 30.025896072387699 28.131484985351566 24.549234008758305 23.428519248962406 1.5984034883671894 24.367583274841312 25.959882005042484 24.664380073547367 24.879459381103519 23.292504309897463 1.7646728911732963 24.394159317016605 24.582457542419437 24.17874908447266 1.3787832903696273 1.5000000000000002
decision_type=2 2 2 2 2 2 2 2 2 2 2 2 2 2 2 2 2 2 2 2 2 2 2 2 2 2 2 2 2 2
left_child=2 3 4 7 9 12 14 27 17 29 -6 -7 23 -8 -3 -10 -9 -5 21 -20 -21 -18 -13 -4 -14 -26 -12 -2 -29 -1
right_child=1 6 5 8 10 11 13 16 15 -11 26 22 24 -15 -16 -17 18 -19 19 20 -22 -23 -24 -25 25 -27 -28 28 -30 -31
leaf_value=-0.047676625716032053 0.0051468470755597229 0.094220418623160745 -0.014855493277228765 0.009591289447701495 -0.028443822791165127 0.0040953517556411578 0.1516752587045942 -0.002635641687590143 0.063778677703363526 -0.035724499877966567 -0.019596000825581092 0.011313061975074116 -0.0019167755595747079 0.17985346911383457 0.12188830543309449 0.082038997989892962 0.003334058459678834 0.053418070934445117 0.11101387497782707 0.0099271123214728293 0.064158302976173309 0.040735534946045142 0.019721107094141606 -0.0075257677981687074 0.064172142863273621 -0.0077534429612569518 -0.0041294157627358363 0.025264477411933172 0.061349722308957064 -0.026931619271636009
leaf_weight=1847 71 126 906 23 2324 1937 182 23 311 2365 3060 1372 1435 183 160 275 33 713 20 27 63 1544 834 1749 20 24 134 1803 23 69
leaf_count=1847 71 126 906 23 2324 1937 182 23 311 2365 3060 1372 1435 183 160 275 33 713 20 27 63 1544 834 1749 20 24 134 1803 23 69
internal_value=-2.39428e-11 0.0518637 -0.0160101 0.0400705 -0.0307201 0.00140471 0.141155 0.0323825 0.0610466 -0.0407394 -0.0229468 0.00963109 -0.00683959 0.165803 0.109699 0.0723479 0.0406289 0.0520485 0.0412187 0.0593662 0.0478889 0.0399529 0.0144918 -0.010027 -0.00111779 0.02494 -0.0189471 0.024949 0.025719 -0.0469295
internal_weight=23656 5580 18076 4929 9799 8277 651 3607 1322 4281 5518 4143 4134 365 286 586 1710 736 1687 110 90 1577 2206 2655 1479 44 3194 1897 1826 1916
internal_count=23656 5580 18076 4929 9799 8277 651 3607 1322 4281 5518 4143 4134 365 286 586 1710 736 1687 110 90 1577 2206 2655 1479 44 3194 1897 1826 1916
is_linear=0
shrinkage=0.03


Tree=16
num_leaves=31
num_cat=0
split_feature=49 48 9 48 49 9 48 9 9 9 49 21 29 45 6 2 32 9 3 52 9 29 9 44 48 9 9 53 50 6
split_gain=20547.6 7393.76 3189.89 1616.83 537.188 527.675 437.227 369.817 189.45 110.738 98.7471 77.6402 65.8969 60.6248 67.5766 74.0029 57.885 57.4523 54.0699 55.9574 59.3333 50.5856 50.3626 48.4553 48.1717 46.6083 38.2488 38.0812 35.8425 34.9382
threshold=24.499453353881837 29.325242233276374 22.713953971862797 25.856956862951662 23.471683883769291 31.602984428405765 21.88026332855225 27.359121322631839 25.088553428649906 23.953875541687015 22.342526435852054 33.527359011147468 24.660064697265629 24.947970390319828 10.500000000000002 0.9565760000000002 25.290784835815433 29.563299179077152 3.7002795000000006 1.8956635199422684 26.383757591247562 25.276597023010257 21.462049484252933 23.046659469604496 23.059317207336431 23.389775276184086 25.683939933776859 1.1104330557436375 26.607065915948493 14.500000000000002
decision_type=2 2 2 2 2 2 2 2 2 2 2 2 2 2 2 2 2 2 2 2 2 2 2 2 2 2 2 2 2 2
left_child=2 3 6 8 24 17 22 18 23 -6 -8 -7 -9 -14 15 -15 -12 -3 19 20 -5 -21 -1 27 -4 -25 -10 -2 -23 -22
right_child=1 5 4 7 9 11 10 12 26 -11 16 -13 13 14 -16 -17 -18 -19 -20 21 29 28 -24 25 -26 -27 -28 -29 -30 -31
leaf_value=-0.047431901542977092 0.023611737051978707 0.080033807251286712 -0.018682119506851332 0.037814454940166491 -0.0040208755695484485 0.15279674265410872 -0.032432455723813536 0.019410032937303184 0.02349154646319929 0.0053799567841824108 -0.024379602572911198 0.18466335001199141 0.096624192802802378 0.11089899164565066 0.055666256455036832 0.070186333908608678 0.019796178746554587 0.11326295251888326 0.0028340884223580359 0.10798731650624956 0.050228039825718003 0.024515507463365793 -0.039227819108143498 -0.015243624480656132 -0.011925759352437806 0.013507855946155662 0.032327891185450423 0.072048048206738061 0.072459140827025592 0.03040482372840804
leaf_weight=1333 48 59 1736 1115 2476 273 2468 24 1417 2071 2368 92 69 47 265 277 27 227 30 21 793 23 1361 52 2097 2101 640 21 36 89
leaf_count=1333 48 59 1736 1115 2476 273 2468 24 1417 2071 2368 92 69 47 265 277 27 227 30 21 793 23 1361 52 2097 2101 640 21 36 89
internal_value=2.14843e-11 0.0401749 -0.0194585 0.0312641 -0.00671292 0.13692 -0.0335921 0.0490367 0.0196801 0.000260876 -0.0282212 0.160829 0.068238 0.070019 0.0669022 0.0760922 -0.0238816 0.106408 0.0428216 0.0433992 0.0424136 0.0680015 -0.0432872 0.0136065 -0.0149858 0.0128134 0.0262408 0.0383532 0.0537692 0.0482277
internal_weight=23656 7719 15937 7068 8380 651 7557 2789 4279 4547 4863 365 682 658 589 324 2395 286 2107 2077 1997 80 2694 2222 3833 2153 2057 69 59 882
internal_count=23656 7719 15937 7068 8380 651 7557 2789 4279 4547 4863 365 682 658 589 324 2395 286 2107 2077 1997 80 2694 2222 3833 2153 2057 69 59 882
is_linear=0
shrinkage=0.03


Tree=17
num_leaves=31
num_cat=0
split_feature=48 48 9 9 49 9 9 48 9 51 18 9 49 19 32 9 49 51 6 55 52 23 2 25 42 9 6 42 16 31
split_gain=19343 5776.19 4558.69 785.411 745.133 615.891 496.489 238.605 154.891 118.455 111.093 104.23 83.0756 73.4048 61.9792 56.1585 47.6364 45.3953 45.3431 67.045 39.1838 55.7322 46.9758 36.8127 36.7522 35.1958 33.985 32.0193 45.8231 34.8976
threshold=25.11644191741944 29.325242233276374 23.005092620849613 26.779591562863775 23.854276275596437 22.069253921508793 31.602984428405765 25.776381111301273 24.525965690612797 22.599044767953046 27.706545829772953 21.462049484252933 23.399807071397465 33.469865800498049 25.261417388916019 30.665832519531254 26.616102886199958 24.549234008758305 9.5000000000000018 1.3787832903696273 1.7296507965995647 25.079281806945804 7.250382000000001 23.150784492492679 23.908236503601078 24.664380073547367 9.5000000000000018 25.28928375244141 -1.6732390000000004 25.287118911743168
decision_type=2 2 2 2 2 2 2 2 2 2 2 2 2 2 2 2 2 2 2 2 2 2 2 2 2 2 2 2 2 2
left_child=2 3 5 7 12 11 15 -2 18 -7 24 -1 -4 -8 -11 -3 -12 -9 19 -6 25 -22 -23 -16 -5 -19 -10 28 -26 -29
right_child=1 6 4 10 8 9 13 17 26 14 16 -13 -14 -15 23 -17 -18 20 -20 -21 21 22 -24 -25 27 -27 -28 29 -30 -31
leaf_value=-0.045692158288916852 0.023644527815605006 0.094787490898195437 -0.013200825513774262 0.019756226111804286 0.0098757730376729282 -0.027779501844447309 0.14813727895564893 -0.0031612781921158666 0.021665863104667362 -0.01930916985535144 0.039721519138845723 -0.035512677552065268 -0.0048341055865208163 0.1790120635494109 0.04369572939617293 0.12418360691245009 0.0735650003623044 0.0097061314830850613 0.002034072632436921 0.062631169157507618 0.10276245231181383 0.021489195602812938 0.071001075357198712 -0.0057973482106861308 0.037123905093125673 0.03889482344256126 0.012292398764954048 0.011904483711579815 0.088453470368166351 0.052236583994861731
leaf_weight=1410 1905 204 2264 31 378 2583 272 23 455 2373 41 2529 2022 93 21 82 430 38 2498 23 20 35 34 38 23 1722 1482 20 49 558
leaf_count=1410 1905 204 2264 31 378 2583 272 23 455 2373 41 2529 2022 93 21 82 430 38 2498 23 20 35 34 38 23 1722 1482 20 49 558
internal_value=-2.17303e-10 0.0488255 -0.0150723 0.0377329 -0.000145939 -0.0302787 0.132813 0.0311192 0.00792597 -0.0233056 0.0594168 -0.0391565 -0.00925367 0.156004 -0.018554 0.103216 0.070619 0.0387257 0.00353731 0.0129016 0.0392467 0.0586675 0.0458864 0.0118188 0.051669 0.0382646 0.0144942 0.053191 0.0720565 0.050841
internal_weight=23656 5580 18076 4929 9122 8954 651 3777 4836 5015 1152 3939 4286 365 2432 286 471 1872 2899 401 1849 89 69 59 681 1760 1937 650 72 578
internal_count=23656 5580 18076 4929 9122 8954 651 3777 4836 5015 1152 3939 4286 365 2432 286 471 1872 2899 401 1849 89 69 59 681 1760 1937 650 72 578
is_linear=0
shrinkage=0.03


Tree=18
num_leaves=31
num_cat=0
split_feature=49 48 48 48 9 49 48 9 9 9 48 9 29 45 6 2 33 9 9 5 48 44 9 9 6 33 9 49 53 9
split_gain=18212.6 6542.37 2828.87 1428.59 467.147 431.627 379.042 328.142 168.992 103.686 82.1964 70.5647 60.811 56.6664 63.08 69.1638 53.1805 52.9936 51.4676 48.958 47.7086 45.5482 44.151 42.6501 37.1868 40.1484 36.9999 36.0086 35.3209 34.7677
threshold=24.499453353881837 29.325242233276374 22.748831367492681 25.856956862951662 31.602984428405765 23.527176189422608 21.864699364020996 27.359121322631839 25.088553428649906 23.953875541687015 22.2969196323501 32.761945724487312 24.660064697265629 24.947970390319828 10.500000000000002 0.9565760000000002 25.236443519592289 29.563299179077152 23.15745830535889 3.7002795000000006 26.852425193786626 23.046659469604496 21.514192581176761 23.389775276184086 14.500000000000002 24.292951583862308 22.660907745361332 25.588709831230716 1.1104330557436375 24.776408195495609
decision_type=2 2 2 2 2 2 2 2 2 2 2 2 2 2 2 2 2 2 2 2 2 2 2 2 2 2 2 2 2 2
left_child=2 3 6 8 17 18 22 19 21 26 -8 -6 -9 -14 15 -15 -12 -3 -4 20 24 28 -1 -23 25 -5 -7 -10 -2 -27
right_child=1 4 5 7 11 9 10 12 27 -11 16 -13 13 14 -16 -17 -18 -19 -20 -21 -22 23 -24 -25 -26 29 -28 -29 -30 -31
leaf_value=-0.044210830860007537 0.022611840011959428 0.074789166430295526 -0.016820298052507569 0.075804527436516111 0.138096980373938 -0.025919939325026731 -0.030503928000227779 0.017328432574868203 0.022162648166175792 0.005147601703192963 -0.023165240960018561 0.16447851509344383 0.091667141473811609 0.10546036598530222 0.052076176458969704 0.066101337968092755 0.025957878811284897 0.10670287210773266 -0.010017752728395689 0.0022424342855811119 0.049714802951914147 -0.014792038271955859 -0.036371766790415198 0.012711492298512634 0.026689114345802421 0.0021079885316166009 -0.003459201943794581 0.030840807864753919 0.069259691408702306 0.040119695213030687
leaf_weight=1489 48 59 2000 28 182 68 2517 24 1444 2045 2398 183 69 47 265 277 20 227 2004 30 432 52 1143 2101 209 22 2253 613 21 1386
leaf_count=1489 48 59 2000 28 182 68 2517 24 1444 2045 2398 183 69 47 265 277 20 227 2004 30 432 52 1143 2101 209 22 2253 613 21 1386
internal_value=-1.74609e-10 0.0378233 -0.0183195 0.0294412 0.128828 -0.00630173 -0.0316126 0.0461473 0.0185524 0.000222333 -0.0267091 0.151324 0.0642343 0.0659452 0.0629319 0.0718108 -0.0227589 0.100119 -0.0134156 0.0402928 0.0408424 0.0128161 -0.0408066 0.0120472 0.0385124 0.0402331 -0.00411725 0.0247488 0.036809 0.0395258
internal_weight=23656 7719 15937 7068 651 8370 7567 2789 4279 4366 4935 365 682 658 589 324 2418 286 4004 2107 2077 2222 2632 2153 1645 1436 2321 2057 69 1408
internal_count=23656 7719 15937 7068 651 8370 7567 2789 4279 4366 4935 365 682 658 589 324 2418 286 4004 2107 2077 2222 2632 2153 1645 1436 2321 2057 69 1408
is_linear=0
shrinkage=0.03


Tree=19
num_leaves=31
num_cat=0
split_feature=49 49 9 9 9 49 9 20 49 9 49 50 9 9 9 40 9 55 9 43 53 55 18 25 49 34 31 17 50 31
split_gain=17136.2 6115.22 2666.51 1305.71 451.335 443.544 362.405 300.506 176.506 109.395 78.7477 67.049 63.3948 60.6191 55.2811 55.0061 55.5948 50.7883 48.7908 62.9309 41.8927 41.1651 61.8072 37.4924 33.4124 33.1298 32.695 36.2336 35.722 31.1148
threshold=24.499453353881837 29.331502723475101 22.713953971862797 25.922722816467289 31.602984428405765 23.422259235625003 21.923859597729496 27.224102973937992 25.264171695858398 23.953875541687015 22.342526435852054 33.556916237191409 27.698343275798344 21.462049484252933 30.665832519531254 23.428519248962406 26.779591562863775 0.6238929016818402 24.801237106721192 23.141004562377933 1.1104330557436375 0.67686679074211498 24.363572120666507 24.387494087219242 22.780202293082034 25.29957485198975 24.359519958496097 0.25167450000000008 25.798842763939088 24.858574867248539
decision_type=2 2 2 2 2 2 2 2 2 2 2 2 2 2 2 2 2 2 2 2 2 2 2 2 2 2 2 2 2 2
left_child=2 3 6 8 14 24 13 15 18 -7 -8 -6 -9 -1 -3 -5 -17 -12 19 23 -20 -10 -23 -2 -4 -19 -24 28 -28 -14
right_child=1 4 5 7 11 9 10 12 21 -11 17 -13 29 -15 -16 16 -18 25 20 -21 -22 22 26 -25 -26 -27 27 -29 -30 -31
leaf_value=-0.043023870476026162 0.074296551190316681 0.088091422393918026 -0.019580446869487244 0.0033422545147569556 0.13926572825321379 -0.0041573478818920052 -0.029280100577655715 0.051704359550960359 0.022844809021084989 0.0049623618052401213 -0.023383851242284523 0.16877360513133388 0.033003431595861908 -0.034697653539907572 0.1172570130447062 0.03667443957220165 0.048465934504209586 -0.013880399369407536 0.018499210650742417 0.008282182584251915 -0.025260965667665003 0.0026991309825098141 0.061600236830914888 0.021612111790886807 -0.01258516883155468 0.023908955779942599 0.024318435234884014 0.013932542606768473 0.043616164049465507 0.071364929648496361
leaf_weight=1410 20 204 789 38 272 2710 2090 320 1294 2102 1844 93 20 1781 82 1355 490 410 1266 1264 20 56 41 31 2779 22 129 71 261 392
leaf_count=1410 20 204 789 38 272 2710 2090 320 1294 2102 1844 93 20 1781 82 1355 490 410 1266 1264 20 56 41 31 2779 22 129 71 261 392
internal_value=6.38356e-13 0.0366886 -0.0177699 0.0285848 0.124673 -0.00611679 -0.0306921 0.045411 0.0187037 -0.000173634 -0.0250756 0.146784 0.061722 -0.0383767 0.0964536 0.0390702 0.0398061 -0.0212148 0.0136637 0.00960045 0.0178186 0.0257819 0.032593 0.0422727 -0.0141321 -0.0119559 0.0359277 0.0336445 0.0372331 0.0695027
internal_weight=23656 7719 15937 7068 651 8380 7557 2615 4453 4812 4366 365 732 3191 286 1883 1845 2276 2601 1315 1286 1852 558 51 3568 432 502 461 390 412
internal_count=23656 7719 15937 7068 651 8380 7557 2615 4453 4812 4366 365 732 3191 286 1883 1845 2276 2601 1315 1286 1852 558 51 3568 432 502 461 390 412
is_linear=0
shrinkage=0.03


Tree=20
num_leaves=31
num_cat=0
split_feature=48 48 9 48 49 9 48 9 48 9 48 29 6 49 9 45 6 2 9 3 52 9 29 36 9 54 9 9 3 2
split_gain=16141 5681.18 2653.23 1176.86 426.407 416.322 376.13 286.574 130.307 101.742 92.405 63.7672 62.769 60.2455 52.2896 50.8052 60.051 64.3243 46.5655 45.3875 49.729 49.6304 46.1307 40.8482 38.7478 38.3721 34.1062 32.643 32.3057 31.6111
threshold=24.568722534415532 29.325242233276374 22.772413254011234 25.856956862951662 23.628423500232913 32.32448387395997 21.88026332855225 27.359121322631839 25.298513603446292 30.665832519531254 22.334550666840332 24.400399208068851 9.5000000000000018 23.253314018249515 24.879459381103519 24.947970390319828 10.500000000000002 0.9565760000000002 23.953875541687015 3.7002795000000006 1.8956635199422684 26.383757591247562 25.276597023010257 25.275816917419437 21.514192581176761 1.4897552637418774 25.683939933776859 33.462202072143562 0.27658100000000008 6.5827470000000003
decision_type=2 2 2 2 2 2 2 2 2 2 2 2 2 2 2 2 2 2 2 2 2 2 2 2 2 2 2 2 2 2
left_child=2 3 6 8 13 9 24 19 14 -3 -8 -9 25 -4 -2 -13 17 -17 -14 20 21 -5 -22 -12 -1 29 -10 -7 -24 -6
right_child=1 5 4 7 12 27 10 11 26 -11 23 15 18 -15 -16 16 -18 -19 -20 -21 22 -23 28 -25 -26 -27 -28 -29 -30 -31
leaf_value=-0.041637618010695238 0.0094648125442602718 0.086437985677929485 -0.014626846614856505 0.033340448707271153 0.020095888556256974 0.14202160866705926 -0.02871128277787394 0.0088411249433244972 0.021982703150137891 0.11771350159121385 -0.021061640641401383 0.08591865040047067 -0.0031439286814644684 -0.0075191577719745922 0.018124326661371551 0.10019213714498154 0.048525895038305705 0.062235073935348093 0.0038230419467704391 0.0013101275041699409 0.099853143606867104 0.04286429574256953 0.073087004953278953 0.014145261079072951 -0.034404226024292849 0.051184561337743482 0.031753193610377532 0.16394772104595018 0.028373049680482255 0.0046041932761167678
leaf_weight=1493 1235 204 2470 1115 179 182 2497 21 1018 173 2611 71 1646 1898 1276 47 267 277 1816 30 21 882 26 30 1204 21 470 92 33 351
leaf_count=1493 1235 204 2470 1115 179 182 2497 21 1018 173 2611 71 1646 1898 1276 47 267 277 1816 30 21 882 26 30 1204 21 470 92 33 351
internal_value=1.70133e-11 0.0365848 -0.0167853 0.028467 -0.00505236 0.121243 -0.029336 0.0434208 0.018034 0.10079 -0.0245737 0.0603081 0.00200744 -0.0115384 0.0138653 0.0619408 0.0590602 0.0677412 0.000510612 0.0379467 0.0384759 0.0375468 0.0616686 -0.0206617 -0.0384085 0.0114122 0.0250688 0.149384 0.0480775 0.00983629
internal_weight=23656 7440 16216 6789 8381 651 7835 2790 3999 377 5138 683 4013 4368 2511 662 591 324 3462 2107 2077 1997 80 2641 2697 551 1488 274 59 530
internal_count=23656 7440 16216 6789 8381 651 7835 2790 3999 377 5138 683 4013 4368 2511 662 591 324 3462 2107 2077 1997 80 2641 2697 551 1488 274 59 530
is_linear=0
shrinkage=0.03


Tree=21
num_leaves=31
num_cat=0
split_feature=48 48 9 9 48 9 9 50 18 49 9 55 9 48 18 49 32 6 34 2 6 30 9 6 25 41 52 48 52 6
split_gain=15188.1 4525.47 3587.49 621.019 587.483 488.062 391.718 174.665 109.653 108.903 95.7293 95.6539 84.345 82.4184 58.0093 39.4065 37.1746 34.5422 36.9729 35.131 32.8261 35.4841 30.7137 30.5975 30.5524 30.0756 48.9533 29.6197 30.2968 56.6669
threshold=25.11644191741944 29.325242233276374 23.005092620849613 26.634457588195804 24.06515808105469 22.069253921508793 32.32448387395997 25.798842763939088 27.706545829772953 23.422259235625003 30.665832519531254 0.6238929016818402 24.801237106721192 21.706225586125004 22.509648323059086 26.616102886199958 25.261417388916019 9.5000000000000018 22.651844978332523 6.5827470000000003 10.500000000000002 24.378218650817875 33.462202072143562 9.5000000000000018 23.150784492492679 26.738366127014164 0.86063684159986531 25.517454147728031 1.048733127663839 13.500000000000002
decision_type=2 2 2 2 2 2 2 2 2 2 2 2 2 2 2 2 2 2 2 2 2 2 2 2 2 2 2 2 2 2
left_child=2 3 5 7 9 13 10 27 20 -4 -3 14 23 -1 -7 -10 -13 18 -11 -20 -5 -22 -8 -6 -18 -17 -27 -2 -29 -30
right_child=1 6 4 8 12 11 22 -9 15 17 -12 16 -14 -15 -16 25 24 -19 19 -21 21 -23 -24 -25 -26 26 -28 28 29 -31
leaf_value=-0.039221084770818447 0.017848103851681729 0.083844846591682107 -0.011469170857813304 0.049829758775965072 0.013151121191102368 -0.025779599843802556 0.13776095957546444 0.033980023717815055 0.035184911477357847 0.045603035343345255 0.11418209690234564 -0.012862179874225811 0.015531699045329623 -0.030538110980828752 -0.018749925039868144 0.078441590464633434 0.039901646050539877 -0.0039928426561927216 0.023810448084203968 -0.001042875161752358 0.069815482569151904 0.035267974464357373 0.15902928051741225 0.0044613812245622875 -0.0047417752968298421 0.064128954781540501 0.021895061698224808 0.023558319591642497 0.023328516602862712 0.079431980940011832
leaf_weight=1910 1187 204 2331 472 435 2209 182 1703 43 20 173 722 1164 2029 2025 115 22 2580 63 273 29 346 92 2256 37 290 27 648 43 26
leaf_count=1910 1187 204 2331 472 435 2209 182 1703 43 20 173 722 1164 2029 2025 115 22 2580 63 273 29 346 92 2256 37 290 27 648 43 26
internal_value=-9.31677e-11 0.0432649 -0.0133557 0.0334464 -0.000114476 -0.0268454 0.117605 0.0269997 0.0510358 -0.00662783 0.0977662 -0.0206381 0.00878457 -0.0347484 -0.0224175 0.0625733 -0.0109912 -0.0027841 0.00597588 0.00361712 0.0445655 0.0379396 0.144902 0.00586608 0.0119049 0.0652994 0.0605317 0.0207562 0.0255706 0.044469
internal_weight=23656 5580 18076 4929 9122 8954 651 3607 1322 5267 377 5015 3855 3939 4234 475 781 2936 356 336 847 375 274 2691 59 432 317 1904 717 69
internal_count=23656 5580 18076 4929 9122 8954 651 3607 1322 5267 377 5015 3855 3939 4234 475 781 2936 356 336 847 375 274 2691 59 432 317 1904 717 69
is_linear=0
shrinkage=0.03


Tree=22
num_leaves=31
num_cat=0
split_feature=48 48 48 48 50 9 9 48 9 9 35 9 33 9 9 18 40 9 50 9 9 6 3 34 6 55 23 39 28 6
split_gain=14300.1 5027.9 2354.28 1043.38 385.286 368.567 299.929 255.326 115.863 90.0717 88.4176 77.4274 71.2133 69.4165 61.2833 57.1598 47.9646 50.3054 45.6551 43.5623 36.5002 33.7924 31.665 38.723 31.3677 45.8432 36.3398 30.4527 42.291 30.043
threshold=24.568722534415532 29.325242233276374 22.748831367492681 25.856956862951662 23.696928167343142 32.32448387395997 21.957931518554691 27.208563995861333 25.322278976440433 30.665832519531254 22.581912994384769 23.809475898742679 25.292714118957523 27.930052757263187 23.062169075012211 21.462190628051761 23.443244934082035 26.779591562863775 22.342735815052496 24.359519958496097 24.776408195495609 16.500000000000004 0.27658100000000008 27.340689659118656 14.500000000000002 1.2650590720051402 25.460547447204593 26.734825134277347 25.519486427307132 10.500000000000002
decision_type=2 2 2 2 2 2 2 2 2 2 2 2 2 2 2 2 2 2 2 2 2 2 2 2 2 2 2 2 2 2
left_child=2 3 6 8 14 9 15 16 20 -3 -6 21 18 22 -4 -1 -5 19 -8 -18 -2 -12 23 -9 25 -21 -27 28 -15 -13
right_child=1 5 4 7 10 -7 12 13 -10 -11 11 29 -14 27 -16 -17 17 -19 -20 24 -22 -23 -24 -25 -26 26 -28 -29 -30 -31
leaf_value=-0.039491848910536712 0.0090473202820969423 0.081329500542077063 -0.015413882749327725 0.0024551323786951027 0.063246052265167232 0.14055508602274597 -0.02624387784301379 0.079658080766220454 0.023716348921787006 0.11075663613618453 -0.003188283848861571 0.0099887820597759271 0.033761474967934184 0.042769257858395575 -0.008303959244634675 -0.031497576436318134 -0.0093427323869296475 0.045182839928683445 -0.01998915362793444 0.034310779945511516 0.016291508079888075 -0.028795438557281158 0.038409118195361802 0.048144572205539492 0.022732997163419463 0.091187452971935271 0.045877809692174198 0.060514376724220734 0.092566746140364559 0.0026512690091336443
leaf_weight=1355 1117 204 1706 39 21 274 2014 46 1458 173 1375 701 20 20 3027 1983 21 427 2195 1282 1424 48 191 148 190 21 66 273 66 1771
leaf_count=1355 1117 204 1706 39 21 274 2014 46 1458 173 1375 701 20 20 3027 1983 21 427 2195 1282 1424 48 191 148 190 21 66 273 66 1771
internal_value=6.0656e-11 0.0344355 -0.0157992 0.0267986 -0.00510724 0.114077 -0.02802 0.0408789 0.0169751 0.0948332 0.00185384 0.00152284 -0.0227137 0.0559288 -0.0108667 -0.0347427 0.0354062 0.0360466 -0.022982 0.0335774 0.013107 -0.00405205 0.04708 0.0556168 0.0341556 0.0357409 0.0568146 0.0654184 0.0809859 0.00473201
internal_weight=23656 7440 16216 6789 8649 651 7567 2790 3999 377 3916 3895 4229 744 4733 3338 2046 2007 4209 1580 2541 1423 385 194 1559 1369 87 359 86 2472
internal_count=23656 7440 16216 6789 8649 651 7567 2790 3999 377 3916 3895 4229 744 4733 3338 2046 2007 4209 1580 2541 1423 385 194 1559 1369 87 359 86 2472
is_linear=0
shrinkage=0.03


Tree=23
num_leaves=31
num_cat=1
split_feature=49 48 9 48 49 9 48 20 9 9 9 47 40 9 48 9 35 51 55 36 51 9 6 9 0 13 52 6 6 21
split_gain=13468.4 4821.97 2094.01 1055.45 382.26 346.785 269.094 249.755 114.846 84.7484 80.9972 69.2199 68.5313 59.2895 58.1972 56.4958 50.8103 39.2838 38.0153 35.8865 35.3727 35.0772 32.895 30.9483 30.8696 30.3808 30.2101 30.9973 29.4853 29.181
threshold=24.499453353881837 29.325242233276374 22.660907745361332 25.817503356714848 23.440530013796636 32.32448387395997 21.864699364020996 27.224102973937992 25.115983009338382 30.665832519531254 23.809475898742679 23.507684707641605 23.460509300231937 26.779591562863775 22.2969196323501 28.395379066467289 24.520828247070316 23.860023752863935 0.41548582534632972 25.275816917419437 22.869316037542813 24.359519958496097 10.500000000000002 23.887007713317875 0 1.5000000000000002 1.8956635199422684 10.500000000000002 15.500000000000002 33.527359011147468
decision_type=2 2 2 2 2 2 2 2 2 2 2 2 2 2 2 2 2 2 2 2 2 2 2 2 9 2 2 2 2 2
left_child=2 3 6 8 20 9 25 12 17 -3 28 -9 -5 21 -8 16 -13 -2 -12 -16 -4 -14 -18 -19 -20 -1 27 -23 -6 -7
right_child=1 5 4 7 10 29 14 11 -10 -11 18 15 13 -15 19 -17 22 23 24 -21 -22 26 -24 -25 -26 -27 -28 -29 -30 -31
leaf_value=-0.036031955823905386 0.04144233749101036 0.078889618450227891 -0.016653712535463609 -0.0077929191163608009 -0.0033668186144912866 0.12937771443482282 -0.026604159873394324 0.0044290495321154593 0.021177142708081777 0.1074339349163061 -0.00072970377088389085 0.09744566056877374 -0.0075942175984382619 0.04435809111389237 -0.020272766679088932 0.069162233529670034 0.0558991165537309 -0.00058169737500138579 0.0026504910545432753 0.019124755976455549 -0.010654108207497598 0.03563105331933001 0.041353833507338573 0.011780656198434027 0.011402304979959912 -0.019779118340876367 0.060359580676235702 0.027131572292888435 -0.016790402523350526 0.15010854285696279
leaf_weight=2490 38 204 1351 35 1996 182 2381 25 1894 173 1096 20 20 436 2279 194 286 200 832 21 2561 851 274 2054 663 108 34 707 159 92
leaf_count=2490 38 204 1351 35 1996 182 2381 25 1894 173 1096 20 20 436 2279 194 286 200 832 21 2561 851 274 2054 663 108 34 707 159 92
internal_value=-1.01585e-10 0.0325261 -0.0157538 0.02533 -0.00578291 0.110655 -0.0276137 0.0393015 0.0157108 0.0919882 -5.98682e-05 0.053561 0.0338319 0.0345432 -0.0233165 0.0551479 0.0504604 0.0111937 0.00351436 -0.0199131 -0.0127261 0.0318886 0.0487823 0.0106837 0.00662573 -0.0353563 0.0323846 0.0317741 -0.00435724 0.136338
internal_weight=23656 7719 15937 7068 8658 651 7279 2882 4186 377 4746 799 2083 2048 4681 774 580 2292 2591 2300 3912 1612 560 2254 1495 2598 1592 1558 2155 274
internal_count=23656 7719 15937 7068 8658 651 7279 2882 4186 377 4746 799 2083 2048 4681 774 580 2292 2591 2300 3912 1612 560 2254 1495 2598 1592 1558 2155 274
cat_boundaries=0 1
cat_threshold=713
is_linear=0
shrinkage=0.03


Tree=24
num_leaves=31
num_cat=0
split_feature=49 9 9 9 49 18 9 18 49 53 9 49 6 28 6 32 34 6 9 54 55 10 9 9 18 6 55 30 46 6
split_gain=12672.3 4513.82 1970.45 989.723 326.896 317.909 272.158 249.326 126.863 123.058 69.882 67.8475 64.3171 48.3157 47.3113 42.8179 41.5192 40.9009 40.2583 38.6028 59.3107 58.2761 35.1718 35.1336 33.3434 33.0315 34.9014 33.6803 32.0334 45.4555
threshold=24.499453353881837 29.563299179077152 22.713953971862797 25.922722816467289 23.471683883769291 32.330232622739267 21.878433227539066 27.19608306884766 25.264171695858398 0.85652248775697792 24.199960708618168 22.342526435852054 9.5000000000000018 23.914641380310062 10.500000000000002 25.748928070068363 25.29957485198975 10.500000000000002 21.367027282714847 2.4183177020071427 1.3787832903696273 3.5000000000000004 25.322278976440433 28.131484985351566 23.159254074096683 15.500000000000002 0.40258097983612223 22.613791465759281 31.495845794677738 9.5000000000000018
decision_type=2 2 2 2 2 2 2 2 2 2 2 2 2 2 2 2 2 2 2 2 2 2 2 2 2 2 2 2 2 2
left_child=2 3 6 8 24 9 18 13 12 14 25 -8 -2 -5 28 -11 -13 -15 -1 20 22 -22 -10 -9 -4 26 -6 -28 29 -3
right_child=1 5 4 7 10 -7 11 23 19 15 -12 16 -14 17 -16 -17 -18 -19 -20 -21 21 -23 -24 -25 -26 -27 27 -29 -30 -31
leaf_value=-0.038338141875806295 0.020705217183279123 0.13932668089866637 -0.01426296348283327 -0.0038584993202840129 -0.0046765420438365894 0.13192751949248108 -0.025463343961899615 0.048078141349141255 0.015113904040910613 0.0095379129743669178 0.0059607312005281066 -0.018610774832077751 0.009264809309377146 0.037891132732332848 0.07756626371414431 0.06955698885560116 0.022801289510997858 0.028820540281664114 -0.030964871936716137 -0.015006169402599334 0.032499815464241924 0.084138284474611288 0.024177203903122772 0.061024958965930763 -0.0086418631325863061 -0.013353460151409821 -0.019326110477415989 0.0027456116934143769 0.092755757255817015 0.099035114560808449
leaf_weight=1034 565 42 2097 31 1473 276 2354 444 592 20 1330 2272 2036 1020 93 23 22 797 1875 25 109 24 1104 328 1736 223 65 1456 127 63
leaf_count=1034 565 42 2097 31 1473 276 2354 444 592 20 1330 2272 2036 1020 93 23 22 797 1875 25 109 24 1104 328 1736 223 65 1456 127 63
internal_value=1.78167e-07 0.0315503 -0.0152809 0.0246289 -0.00526359 0.107589 -0.0263892 0.0392604 0.0160241 0.0893346 0.00017656 -0.0218853 0.0117499 0.0332788 0.0956449 0.0416411 -0.0182136 0.0339125 -0.0335857 0.0220203 0.0225264 0.041818 0.0210136 0.0535789 -0.0117171 -0.00221478 -0.00138515 0.00180238 0.102892 0.115152
internal_weight=23656 7719 15937 7075 8380 644 7557 2620 4455 368 4547 4648 2601 1848 325 43 2294 1817 2909 1854 1829 133 1696 772 3833 3217 2994 1521 232 105
internal_count=23656 7719 15937 7075 8380 644 7557 2620 4455 368 4547 4648 2601 1848 325 43 2294 1817 2909 1854 1829 133 1696 772 3833 3217 2994 1521 232 105
is_linear=0
shrinkage=0.03


Tree=25
num_leaves=31
num_cat=1
split_feature=48 48 48 49 9 9 9 50 48 48 50 36 9 6 19 6 0 6 9 50 9 40 41 41 36 6 54 36 2 7
split_gain=11938.6 3540.78 2821.67 505.486 492.312 317.798 307.714 128.751 105.257 97.8613 77.3524 65.7254 60.5437 52.4182 51.4009 47.1483 46.7173 45.5215 41.7222 39.7405 35.6077 35.1116 36.6593 55.68 32.9181 30.5847 32.8558 28.3854 27.3844 25.7988
threshold=25.11644191741944 29.325242233276374 23.247495269275394 22.260767078486332 26.572516441345218 24.199960708618168 31.602984428405765 25.798842763939088 21.74398593902588 27.377808380126954 23.770239448547368 22.616114616394047 22.754701614379886 10.500000000000002 32.788452148437507 12.500000000000002 0 14.500000000000002 29.563299179077152 24.23864259719495 28.131484985351566 23.428519248962406 24.802154542961429 24.090848921479495 21.507736206054691 16.500000000000004 0.31285611546006026 27.918096542358402 0.9565760000000002 19.500000000000004
decision_type=2 2 2 2 2 2 2 2 2 2 2 2 2 2 2 2 9 2 2 2 2 2 2 2 2 2 2 2 2 2
left_child=2 4 3 8 7 10 18 -2 -1 21 24 -12 -5 16 -8 28 -7 19 -3 -17 -11 -6 23 -23 -4 26 -13 -20 -15 -22
right_child=1 6 5 12 9 13 14 -9 -10 20 11 25 -14 15 -16 17 -18 -19 27 -21 29 22 -24 -25 -26 -27 -28 -29 -30 -31
leaf_value=-0.034518716907880651 0.018353952354812502 0.05833964785276833 -0.042865320559105149 -0.018852022409114644 0.0021968364133499564 0.020987681902008119 0.11095998290926218 0.029863840024755076 -0.025586074891453571 0.047083367625872292 0.054619208291172984 -0.0044231879811462323 -0.012355174881973321 0.022631658742825189 0.13347804814416009 0.005387481292697398 0.0081763916014725851 0.0019234190629117331 0.11825092450432155 0.018675582218191305 0.047254413575865323 0.035636507341185127 0.037074185270052441 0.090634509056806561 -0.0068052983790213442 -0.02669170394539833 0.0030783247008288922 0.083094666622140823 -0.0015115849272331356 0.067639222614051114
leaf_weight=2051 1893 59 23 2844 24 489 180 1626 2819 315 20 810 2364 45 185 331 627 474 23 522 78 37 729 30 2423 38 1496 204 700 197
leaf_count=2051 1893 59 23 2844 24 489 180 1626 2819 315 20 810 2364 45 185 331 627 474 23 522 78 37 729 30 2423 38 1496 204 700 197
internal_value=1.72885e-07 0.0383587 -0.011841 -0.0224001 0.0296738 0.00146418 0.104116 0.0236722 -0.0293481 0.0446521 -0.00340429 0.000465521 -0.015903 0.00880964 0.122373 0.00598645 0.0140513 0.00937725 0.0808151 0.0135192 0.0539695 0.037948 0.039026 0.0602625 -0.00714437 3.45851e-06 0.000443361 0.0866568 -5.32682e-05 0.0618573
internal_weight=23656 5580 18076 10078 4929 7998 651 3519 4870 1410 4810 2364 5208 3188 365 2072 1116 1327 286 853 590 820 796 67 2446 2344 2306 227 745 275
internal_count=23656 5580 18076 10078 4929 7998 651 3519 4870 1410 4810 2364 5208 3188 365 2072 1116 1327 286 853 590 820 796 67 2446 2344 2306 227 745 275
cat_boundaries=0 1
cat_threshold=2131
is_linear=0
shrinkage=0.03


Tree=26
num_leaves=31
num_cat=0
split_feature=49 49 18 49 18 49 18 19 18 36 18 55 18 47 37 10 52 6 6 2 55 18 3 52 32 41 39 6 54 42
split_gain=11226.7 3991.69 1751.54 852.502 291.67 268.465 242.36 234.139 72.4047 71.2056 71.6476 63.5936 63.1301 58.1368 57.8669 50.8678 46.7557 45.861 42.7676 104.659 63.2671 42.7053 38.7843 51.5222 38.5628 36.1815 35.2264 35.1046 67.8599 42.7576
threshold=24.499453353881837 29.331502723475101 22.735838890075687 25.747661876678468 32.330232622739267 23.471683883769291 21.923958778381351 27.204222679138187 30.685413360595707 22.599883079528812 24.85787391662598 0.6238929016818402 23.95517730712891 23.507684707641605 23.561038017272953 3.5000000000000004 1.1074545177776149 10.500000000000002 10.500000000000002 0.9565760000000002 2.0824737922017778 21.367829322814945 2.8888675000000004 0.43964944381009635 25.290784835815433 23.751822471618656 25.495702743530277 10.500000000000002 1.077511767669433 26.595953941345218
decision_type=2 2 2 2 2 2 2 2 2 2 2 2 2 2 2 2 2 2 2 2 2 2 2 2 2 2 2 2 2 2
left_child=2 3 6 9 8 -4 21 14 -3 -2 15 -8 -7 -9 -5 -11 -17 -16 19 -15 26 25 23 -19 -13 -1 -20 28 29 -12
right_child=1 4 5 7 -6 12 11 13 -10 10 27 24 -14 18 17 16 -18 22 20 -21 -22 -23 -24 -25 -26 -27 -28 -29 -30 -31
leaf_value=-0.036842496858512951 0.070486474681645636 0.071289338149241543 -0.010809756629682237 -0.014343989815276402 0.12418808416179988 -0.0031739786516017943 -0.021530713254474778 0.0020941848340241807 0.097722407292960015 0.0069688952166532024 0.021346447570431554 -0.012266581435512987 0.0039090605921455312 0.095676516749642115 0.034814979453365161 0.018681127602966238 0.067461562928344515 0.021941310584687693 0.063890893990578859 0.05116003449548568 0.087222476734055421 -0.028639426971526785 -0.014128562227955886 0.035555317022680534 0.025902144849300385 0.0039040714949369428 0.035639180647612539 0.01378745134354066 -0.026825508486766084 0.063622631901367133
leaf_weight=1014 20 201 3717 26 276 2489 3930 23 174 1400 1010 506 2078 55 1162 112 21 668 46 350 27 2158 21 400 25 20 291 1388 26 22
leaf_count=1014 20 201 3717 26 276 2489 3930 23 174 1400 1010 506 2078 55 1162 112 21 668 46 350 27 2158 21 400 25 20 291 1388 26 22
internal_value=5.37518e-07 0.0296967 -0.0143826 0.0231494 0.100782 -0.00482338 -0.0247301 0.0350426 0.0835543 0.0140221 0.0137383 -0.0202141 4.88275e-05 0.0490926 0.0301556 0.00865325 0.0263833 0.0306696 0.0504983 0.0572055 0.0430357 -0.0310414 0.0262463 0.0270402 -0.0104696 -0.0360544 0.0394955 0.0169252 0.0210417 0.0222477
internal_weight=23656 7719 15937 7068 651 8284 7653 3069 375 3999 3979 4461 4567 792 2277 1533 133 2251 769 405 364 3192 1089 1068 531 1034 337 2446 1058 1032
internal_count=23656 7719 15937 7068 651 8284 7653 3069 375 3999 3979 4461 4567 792 2277 1533 133 2251 769 405 364 3192 1089 1068 531 1034 337 2446 1058 1032
is_linear=0
shrinkage=0.03


Tree=27
num_leaves=31
num_cat=0
split_feature=48 48 9 9 48 18 9 18 48 50 9 55 9 9 35 9 35 44 46 6 26 6 16 55 54 6 32 25 44 26
split_gain=10579.4 3134.5 2514.13 441.728 408.415 346.108 274.421 113.988 90.1557 71.2881 68.5337 67.7268 62.3806 59.6015 54.8793 43.4846 37.8653 32.3318 32.4756 37.6222 31.1127 40.3844 33.5906 29.1439 34.2247 29.8437 27.7785 31.7692 27.7033 26.5226
threshold=25.11644191741944 29.325242233276374 23.005092620849613 26.383757591247562 24.06515808105469 22.068250656127933 32.32448387395997 27.706545829772953 25.557925224304203 23.653667735775759 30.665832519531254 0.6238929016818402 24.525965690612797 21.579690933227543 22.708586692810062 22.456305503845218 23.685007095336918 23.773294448852543 24.949374198913578 11.500000000000002 25.007942199707035 10.500000000000002 -1.6732390000000004 1.3787832903696273 1.1463466369616846 10.500000000000002 25.261417388916019 23.150784492492679 28.805324554443363 33.592250823974616
decision_type=2 2 2 2 2 2 2 2 2 2 2 2 2 2 2 2 2 2 2 2 2 2 2 2 2 2 2 2 2 2
left_child=2 3 5 8 9 13 10 16 23 -4 -3 15 -6 -1 -11 -7 -5 -9 -19 -20 22 28 -18 24 25 -2 -13 -28 -22 -8
right_child=1 6 4 7 12 11 29 17 -10 14 -12 26 -14 -15 -16 -17 20 18 19 -21 21 -23 -24 -25 -26 -27 27 -29 -30 -31
leaf_value=-0.033340612350306033 0.021100032274919502 0.069594797647612935 -0.0082284042666658577 -0.0054922160133719445 0.0036332442707498556 -0.021887024221728887 0.11419024244769589 0.015321148306131363 0.025721811235883588 0.048405926634528439 0.095263624855376386 -0.010845746454655336 0.011267912958820491 -0.025864933003149605 -0.0015385353198224276 -0.015821451430528592 0.027918958872556684 0.076382372368056825 0.055243058364488118 0.029893593144783327 0.038739266100041032 0.028396336325255352 0.077190466848286718 0.048358003939501938 -0.012327994619496166 0.011904618987051944 0.03908863891254772 -0.0064351165053006766 0.072262532678635222 0.13395426213741302
leaf_weight=1718 556 204 3262 20 1974 2072 182 20 1887 20 173 744 1881 2175 1985 2186 20 53 351 62 627 472 33 24 40 741 22 37 23 92
leaf_count=1718 556 204 3262 20 1974 2072 182 20 1887 20 173 744 1881 2175 1985 2186 20 53 351 62 627 472 33 24 40 741 22 37 23 92
internal_value=5.21373e-07 0.0361094 -0.0111462 0.027938 -6.13857e-05 -0.022439 0.0979791 0.0404217 0.0214771 -0.00549211 0.0813739 -0.017266 0.00735849 -0.029164 -0.00104034 -0.018773 0.0354397 0.0526716 0.0542746 0.0514376 0.0361364 0.0350754 0.0585974 0.0155918 0.0150036 0.0158465 -0.00927445 0.0105398 0.0399255 0.120826
internal_weight=23656 5580 18076 4929 9122 8954 651 1681 3248 5267 377 5061 3855 3893 2005 4258 1195 486 466 413 1175 1122 53 1361 1337 1297 803 59 650 274
internal_count=23656 5580 18076 4929 9122 8954 651 1681 3248 5267 377 5061 3855 3893 2005 4258 1195 486 466 413 1175 1122 53 1361 1337 1297 803 59 650 274
is_linear=0
shrinkage=0.03


Tree=28
num_leaves=31
num_cat=0
split_feature=48 48 9 9 49 9 9 50 9 55 9 29 9 9 48 21 6 6 2 35 6 55 9 17 55 6 55 6 54 55
split_gain=9954.13 2949.25 2365.55 416.929 385.738 326.861 258.202 131.348 84.9369 70.9025 64.4834 61.5397 67.5004 57.1716 42.3455 39.6496 38.4615 38.0084 36.1054 35.5054 33.4861 54.3039 30.129 29.5778 28.8666 143.473 41.5227 38.8075 28.019 42.2596
threshold=25.11644191741944 29.325242233276374 23.005092620849613 26.779591562863775 23.854276275596437 22.069253921508793 32.32448387395997 25.837377119130377 24.525965690612797 0.6238929016818402 30.665832519531254 23.615794181823734 28.131484985351566 21.462049484252933 23.380317115533696 27.383802413940433 15.500000000000002 10.500000000000002 0.9565760000000002 27.183430671691898 9.5000000000000018 1.3787832903696273 24.776408195495609 2.5604610000000005 1.3787832903696273 13.500000000000002 1.1915348173342439 10.500000000000002 1.2823806037734666 0.54960568053872849
decision_type=2 2 2 2 2 2 2 2 2 2 2 2 2 2 2 2 2 2 2 2 2 2 2 2 2 2 2 2 2 2
left_child=2 3 5 7 14 13 10 24 20 16 -3 -5 17 -1 -4 -14 -7 18 -13 -17 21 -6 -9 -11 26 -26 27 -2 29 -22
right_child=1 6 4 11 8 9 -8 22 -10 23 -12 12 15 -15 -16 19 -18 -19 -20 -21 28 -23 -24 -25 25 -27 -28 -29 -30 -31
leaf_value=-0.033073711398206258 0.021676719500346255 0.067506953416501772 -0.0096591865309816477 -0.0067951065606691617 0.007822439472961594 -0.016623820589434748 0.11720154473816391 0.0065508863742330236 0.010612086573573959 -0.0094199384896876959 0.092405716111032946 0.082415031357245011 0.036743630757782517 -0.025534594502727572 -0.0036939326634090972 0.078587415050715204 -0.023346489545916099 0.03170885671246744 0.04296756731332653 0.053848772938902438 -0.0011554184699734979 0.055301154800083324 0.02891031635311191 0.024408020339906213 -8.1902998824452241e-05 0.084583670035485295 -0.018725967407226561 0.013026770430620558 -0.012086319054787357 0.0071225363484220044
leaf_weight=1410 836 204 2097 22 378 3230 274 56 1937 757 173 22 82 2529 2189 72 1004 353 411 190 1472 23 1724 24 43 31 30 1057 135 891
leaf_count=1410 836 204 2097 22 378 3230 274 56 1937 757 173 22 82 2529 2189 72 1004 353 411 190 1472 23 1724 24 43 31 30 1057 135 891
internal_value=5.05781e-07 0.0350262 -0.0108118 0.0270998 -5.95441e-05 -0.0217658 0.0950397 0.0222812 0.00574817 -0.0166859 0.0789326 0.0428985 0.043866 -0.0282333 -0.00661254 0.0549492 -0.018218 0.0390153 0.0449718 0.0606472 0.0024983 0.0105457 0.0282069 -0.00838041 0.0169994 0.0353861 0.0162919 0.0168468 0.00120647 0.00196589
internal_weight=23656 5580 18076 4929 9122 8954 651 3777 4836 5015 377 1152 1130 3939 4286 344 4234 786 433 262 2899 401 1780 781 1997 74 1923 1893 2498 2363
internal_count=23656 5580 18076 4929 9122 8954 651 3777 4836 5015 377 1152 1130 3939 4286 344 4234 786 433 262 2899 401 1780 781 1997 74 1923 1893 2498 2363
is_linear=0
shrinkage=0.03


Tree=29
num_leaves=31
num_cat=1
split_feature=49 48 48 48 9 9 48 9 9 9 50 33 43 29 45 6 2 49 9 34 55 0 6 34 6 52 51 9 33 52
split_gain=9367.34 3343.96 1468.08 743.042 242.943 221.956 201.502 172.806 90.2105 60.6724 59.2282 59.0096 46.6235 43.6435 43.6265 45.0009 50.2306 38.8955 37.749 37.1934 36.107 38.1579 34.5291 32.6895 38.8997 34.3207 38.8173 32.3376 32.0898 30.9596
threshold=24.499453353881837 29.325242233276374 22.748831367492681 25.856956862951662 32.32448387395997 23.468993186950687 21.961136245727541 27.359121322631839 24.776408195495609 30.665832519531254 23.674540328988041 25.322278976440433 23.141004562377933 24.660064697265629 24.947970390319828 10.500000000000002 0.9565760000000002 25.588709831230716 21.514192581176761 23.682095527648929 0.41293054413073266 0 10.500000000000002 24.349204063415531 10.500000000000002 0.36779760435636627 26.105808957425868 22.333166122436527 21.510100364685062 1.7296507965995647
decision_type=2 2 2 2 2 2 2 2 2 2 2 2 2 2 2 2 2 2 2 2 2 9 2 2 2 2 2 2 2 2
left_child=2 3 6 8 9 28 18 19 12 -3 -7 27 -2 -9 -15 16 -16 22 -1 -5 -12 -22 -10 29 -25 -26 -27 -8 -4 -21
right_child=1 4 5 7 -6 10 11 13 17 -11 20 -13 -14 14 15 -17 -18 -19 -20 23 21 -23 -24 24 25 26 -28 -29 -30 -31
leaf_value=-0.031886405597105774 0.034641404349251455 0.065481745007940947 -0.040099318583586042 -0.0067257344866028202 0.11368549995613793 -0.0050600244489323754 -0.021356993363021062 0.0065703946352005001 0.018605965136687778 0.089633545121016525 -0.0012695331449627165 0.032885041655972599 0.0059564602144625911 0.07032608323771021 0.08128864242675457 0.035943895274597522 0.047746639334821962 0.022836358362282864 -0.025355476540340885 0.036516125779598951 0.001020160208415197 0.009970156251875844 0.011106608416449755 0.032491410542760328 0.018609927374435873 0.018313272206399302 0.037047851863808247 -0.016184353137571692 -0.0094548510389543209 0.081375609442591673
leaf_weight=1509 53 204 31 26 274 1384 2170 24 998 173 1347 20 1349 69 47 265 277 641 1687 45 918 811 1238 1104 481 156 275 2181 3879 20
leaf_count=1509 53 204 31 26 274 1384 2170 24 998 173 1347 20 1349 69 47 265 277 641 1687 45 918 811 1238 1104 481 156 275 2181 3879 20
internal_value=4.90582e-07 0.0271262 -0.0131377 0.0211336 0.0921885 -0.00448021 -0.0227139 0.033182 0.0132807 0.0765647 9.39623e-05 -0.0185278 0.00704084 0.0463075 0.0477569 0.0451129 0.0526123 0.0163215 -0.0284391 0.0289335 0.00241292 0.00528179 0.0144538 0.029379 0.0287038 0.0241189 0.0302669 -0.0187641 -0.00969781 0.050319
internal_weight=23656 7719 15937 7068 651 8370 7567 2789 4279 377 4460 4371 1402 682 658 589 324 2877 3196 2107 3076 1729 2236 2081 2016 912 431 4351 3910 65
internal_count=23656 7719 15937 7068 651 8370 7567 2789 4279 377 4460 4371 1402 682 658 589 324 2877 3196 2107 3076 1729 2236 2081 2016 912 431 4351 3910 65
cat_boundaries=0 1
cat_threshold=713
is_linear=0
shrinkage=0.03


Tree=30
num_leaves=31
num_cat=0
split_feature=48 9 9 9 48 50 19 52 18 48 48 51 9 9 6 6 55 36 6 42 5 7 30 46 6 6 6 6 2 18
split_gain=8819.11 2617.12 2100.65 383.523 327.898 309.708 219.681 113.963 112.962 70.8796 70.134 61.3049 51.3186 42.3318 40.6428 40.1763 36.1079 35.4318 30.8401 33.8545 28.6205 28.8963 28.1013 27.6383 37.0702 26.6042 30.5358 34.9743 30.2181 26.1498
threshold=25.11644191741944 29.563299179077152 23.042264938354496 26.327013015747074 24.085049057006838 22.257131147384648 32.339450836181648 0.59834429293255154 27.706545829772953 25.694284629696785 21.77449989318848 23.412658246316571 24.801237106721192 22.410684585571293 10.500000000000002 10.500000000000002 0.60907446420840772 22.635321617126468 10.500000000000002 21.566504478454593 0.27658100000000008 45.500000000000007 26.061253547668461 31.495845794677738 9.5000000000000018 15.500000000000002 12.500000000000002 10.500000000000002 6.5827470000000003 33.469865800498049
decision_type=2 2 2 2 2 2 2 2 2 2 2 2 2 2 2 2 2 2 2 2 2 2 2 2 2 2 2 2 2 2
left_child=2 3 5 9 11 10 7 15 14 -2 -1 18 -6 -7 20 23 -15 -13 -4 -20 21 -5 -9 24 -3 26 27 28 -19 -8
right_child=1 6 4 8 12 13 29 22 -10 -11 -12 17 -14 16 -16 -17 -18 25 19 -21 -22 -23 -24 -25 -26 -27 -28 -29 -30 -31
leaf_value=-0.029782581646411989 0.015112884223984336 0.12039965499531137 -0.0026224658733465405 0.065794894744952509 0.0045725457695836198 -0.018667612218886086 0.10348260781457347 0.012220858347912629 0.048554111172162906 0.024126614896557277 -0.022395227531878645 0.037807892533543053 0.012164325067035997 -0.014177841104852637 0.02572499756525393 0.064461378236611674 -0.0058498535303672322 0.021667692448760642 -0.048619905454771857 -0.010271980197151611 0.03451357012570884 0.025006071762605143 0.056361020743846892 0.078294296262770138 0.084272220740552808 -0.012716092449708786 0.0023768015588013095 -0.0072963235933486007 -0.00055024940288308122 0.1230362500315127
leaf_weight=2079 1700 44 567 54 2597 1530 186 27 514 1459 2607 20 1159 2338 548 90 586 61 21 1550 639 22 25 119 61 204 1110 1078 569 92
leaf_count=2079 1700 44 567 54 2597 1530 186 27 514 1459 2607 20 1159 2338 548 90 586 61 21 1550 639 22 25 119 61 204 1110 1078 569 92
internal_value=6.15266e-07 0.032969 -0.0101766 0.0255478 0.000166445 -0.0202888 0.0898491 0.0745785 0.0366974 0.0192759 -0.0256727 -0.00472703 0.00691516 -0.0146244 0.0318722 0.0813909 -0.0125088 -0.00199095 -0.00861998 -0.0107846 0.0365835 0.0539876 0.0334421 0.0881929 0.0994113 -0.00225435 -0.001497 -0.00401452 0.00160101 0.109954
internal_weight=23656 5580 18076 4936 8936 9140 644 366 1777 3159 4686 5180 3756 4454 1263 314 2924 3042 2138 1571 715 76 52 224 105 3022 2818 1708 630 278
internal_count=23656 5580 18076 4936 8936 9140 644 366 1777 3159 4686 5180 3756 4454 1263 314 2924 3042 2138 1571 715 76 52 224 105 3022 2818 1708 630 278
is_linear=0
shrinkage=0.03


Tree=31
num_leaves=31
num_cat=1
split_feature=48 9 9 48 50 19 9 20 9 53 36 3 48 48 6 9 9 47 34 6 6 6 33 0 45 6 55 6 6 54
split_gain=8302.25 2906.76 1378.42 633.598 260.568 206.698 171.503 122.242 116.914 96.893 71.208 69.6674 54.9682 52.4732 44.8559 39.8992 38.3799 47.5626 62.0613 37.6409 35.936 35.2238 55.0419 34.3969 31.8744 34.8227 30.4085 39.789 54.8259 45.436
threshold=24.568722534415532 29.563299179077152 22.660907745361332 26.120580100763188 23.696928167343142 32.339450836181648 21.740428925412601 27.387870788503424 25.683939933776859 0.85652248775697792 22.581963539123539 3.7002795000000006 22.334550666840332 23.247495269275394 16.500000000000004 24.776408195495609 27.698343275798344 24.168337821960453 25.154516220092777 9.5000000000000018 10.500000000000002 10.500000000000002 24.759983062744144 0 31.479162216186527 9.5000000000000018 0.54960568053872849 12.500000000000002 14.500000000000002 0.62091997908856233
decision_type=2 2 2 2 2 2 2 2 2 2 2 2 2 2 2 2 2 2 2 2 2 2 2 9 2 2 2 2 2 2
left_child=2 3 6 8 13 9 -1 11 15 20 -6 21 -8 -4 19 -2 17 -9 -19 23 24 -5 -23 -12 25 -3 -21 29 -29 -28
right_child=1 5 4 7 10 -7 12 16 -10 -11 14 -13 -14 -15 -16 -17 -18 18 -20 26 -22 22 -24 -25 -26 -27 27 28 -30 -31
leaf_value=-0.028610603057147181 0.0067029910045341692 0.11678766554052179 -0.01136384894845646 0.03332019093362356 0.053222354101017111 0.10665498896897267 -0.021274059710292274 -0.0010095338369237965 0.022601855145200783 0.02946902767888137 0.0040783798637189974 -0.026987461745738982 -0.014902201671094004 -0.0052150605810418107 -0.025028690674195164 0.013570319361852278 0.049478762730074642 0.088952970142875398 0.035345375908447704 -0.0016853206617981177 0.062152333853225543 0.059527794179078691 0.021824246621574079 0.02191137761340059 0.074065123565998786 0.081772516965866085 0.0091070565013502119 0.016640859930866538 -2.6838363656129454e-05 -0.0078899793220037449
leaf_weight=2251 1132 44 2808 864 24 278 2956 29 1087 42 345 20 2073 2250 57 2326 420 21 261 1999 93 37 599 135 126 61 227 386 329 376
leaf_count=2251 1132 44 2808 864 24 278 2956 29 1087 42 345 20 2073 2250 57 2326 420 21 261 1999 93 37 599 135 126 61 227 386 329 376
internal_value=5.96769e-07 0.0262388 -0.0120376 0.0204664 -0.00414298 0.0871536 -0.0217281 0.0334825 0.0140199 0.0723411 0.00170756 0.0286343 -0.0186475 -0.00862862 0.00138677 0.0113223 0.0435636 0.0355752 0.0393374 0.00178331 0.0778986 0.0293759 0.0240177 0.00963536 0.084238 0.0964455 0.000647047 0.00418453 0.00897139 -0.00149143
internal_weight=23656 7440 16216 6796 8936 644 7280 2251 4545 366 3878 1520 5029 5058 3854 3458 731 311 282 3797 324 1500 636 480 231 105 3317 1318 715 603
internal_count=23656 7440 16216 6796 8936 644 7280 2251 4545 366 3878 1520 5029 5058 3854 3458 731 311 282 3797 324 1500 636 480 231 105 3317 1318 715 603
cat_boundaries=0 1
cat_threshold=680
is_linear=0
shrinkage=0.03


Tree=32
num_leaves=31
num_cat=0
split_feature=49 48 18 48 18 48 48 20 48 40 32 6 55 6 29 55 55 30 55 6 18 55 13 18 52 50 28 29 18 6
split_gain=7816.85 2781.28 1230.72 619.319 198.286 187.747 175.096 122.019 114.554 72.833 58.7449 51.0687 46.1106 37.6507 37.3191 45.5315 33.9279 33.6803 35.6843 42.1101 32.6292 30.4406 32.6912 30.1801 30.1053 29.6278 29.3447 33.7541 31.2416 27.9972
threshold=24.499453353881837 29.325242233276374 22.735838890075687 26.079782485961918 32.330232622739267 23.51265258793897 21.961136245727541 27.545369148254398 25.298513603446292 23.460509300231937 25.290784835815433 10.500000000000002 1.598522680713639 9.5000000000000018 22.860051155090336 0.41293054413073266 1.3787832903696273 23.82273101806641 1.3787832903696273 10.500000000000002 23.811682701110843 1.5355497297555496 1.5000000000000002 21.462190628051761 0.41118097268647874 22.257131147384648 23.9848165512085 24.96530151289063 28.13264083862305 10.500000000000002
decision_type=2 2 2 2 2 2 2 2 2 2 2 2 2 2 2 2 2 2 2 2 2 2 2 2 2 2 2 2 2 2
left_child=2 3 6 8 11 12 23 9 13 -5 25 -3 -4 -2 -7 29 -10 -11 19 -19 -17 -18 -23 -1 -21 -8 -9 -28 -29 -16
right_child=1 4 5 7 -6 14 10 26 16 17 -12 -13 -14 -15 15 20 21 18 -20 24 -22 22 -24 -25 -26 -27 27 28 -30 -31
leaf_value=-0.029422087704021029 0.016021104289913657 0.077769389346602463 -0.0090319584552744792 -0.020122571058039156 0.10335512937621519 -0.010812428332974805 -0.020457884917076122 0.0085654373200876373 0.01785622736021163 -0.0090905884172700884 0.026471206758703503 0.054315040127285531 0.025076290275901553 0.0074302989770683378 0.003449812768130953 -0.0010716999858761782 0.06975587640702724 0.032122218223436493 0.045415844527985985 0.016307683874500142 0.0066775670550764596 0.010462677229124192 0.055558472424745556 -0.023519418555730337 0.029405530632196111 -0.015321644994720697 0.079502202123403545 0.036824935999236239 0.050900003104740361 -0.0046137446069808305
leaf_weight=1366 579 248 3912 28 277 255 1555 21 1864 21 28 126 36 2218 539 747 20 904 113 359 1416 39 23 1816 282 2888 24 314 259 1379
leaf_count=1366 579 248 3912 28 277 255 1555 21 1864 21 28 126 36 2218 539 747 20 904 113 359 1416 39 23 1816 282 2888 24 314 259 1379
internal_value=9.0848e-07 0.0247802 -0.0120008 0.019315 0.0841166 -0.00398787 -0.0206744 0.0319987 0.0130975 0.0278635 -0.0168463 0.0698677 -0.00872094 0.00920866 0.000321679 0.00101739 0.0186871 0.0286637 0.0291419 0.0279517 0.00400133 0.0375733 0.0271918 -0.0260534 0.0220699 -0.0171193 0.0434208 0.0446469 0.043187 -0.00234771
internal_weight=23656 7719 15937 7068 651 8284 7653 2325 4743 1707 4471 374 3948 2797 4336 4081 1946 1679 1658 1545 2163 82 62 3182 641 4443 618 597 573 1918
internal_count=23656 7719 15937 7068 651 8284 7653 2325 4743 1707 4471 374 3948 2797 4336 4081 1946 1679 1658 1545 2163 82 62 3182 641 4443 618 597 573 1918
is_linear=0
shrinkage=0.03


Tree=33
num_leaves=31
num_cat=2
split_feature=48 48 48 48 18 48 48 50 47 51 41 6 6 18 50 48 0 25 20 0 50 51 2 39 15 56 18 6 6 27
split_gain=7358.84 2169.88 1753.34 310.787 297.684 211.773 187.361 96.6129 74.8186 57.3859 52.4617 46.2928 43.7199 42.582 41.7506 41.3684 34.628 33.5712 33.2589 33.1726 32.8282 57.1751 31.5804 34.9539 30.8812 33.5211 30.5236 28.4077 42.3789 27.3588
threshold=25.11644191741944 29.325242233276374 23.193091392517093 26.7697572711084 22.068250656127933 24.085049057006838 31.602084732055669 25.837377119130377 23.507684707641605 22.54094756453101 24.774787902832035 9.5000000000000018 15.500000000000002 27.706545829772953 33.556916237191409 21.706225586125004 0 22.66539287567139 23.067538261413578 1 23.749627637714724 23.560117308196947 8.9239605000000015 27.947178840637211 2.2037165933630116 0.31713676452636724 24.611954689025882 12.500000000000002 14.500000000000002 23.115370750427246
decision_type=2 2 2 2 2 2 2 2 2 2 2 2 2 2 2 2 9 2 2 9 2 2 2 2 2 2 2 2 2 2
left_child=2 3 4 7 15 12 22 29 -5 -6 24 16 20 -12 -8 -1 -7 -13 -19 -20 -4 -22 23 -3 -10 -26 -9 -21 -29 -2
right_child=1 6 5 8 9 11 14 26 10 -11 13 17 -14 -15 -16 -17 -18 18 19 27 21 -23 -24 -25 25 -27 -28 28 -30 -31
leaf_value=-0.027380276450892579 -0.014104901346667059 0.10131718863611634 -0.0049432884125366608 -0.013052667562778179 -0.016961391815972737 0.019582364621551444 0.089728500864478533 -0.01244221694022417 0.031533884980848852 -0.010984846561483403 0.031235524041975452 -0.030165033584833141 -0.014605726103640264 0.043633309258021648 0.11293877732369206 -0.021221866291834011 0.0060017755350005595 0.041494473689659077 0.0001239371096132265 0.0025261352434321851 0.050912053856067362 -0.00011854926271006576 0.029335856644193761 0.062551504613935563 0.055892036329297456 0.10409928338868277 0.024832114977508764 0.013968081609921145 0.0019211016683234378 0.015241549557153471
leaf_weight=1948 29 23 2496 26 2576 349 279 20 21 3296 572 25 301 442 93 1979 378 22 1049 829 20 1647 23 233 34 21 1737 759 402 2027
leaf_count=1948 29 23 2496 26 2576 349 279 20 21 3296 572 25 301 442 93 1979 378 22 1049 829 20 1647 23 233 34 21 1737 759 402 2027
internal_value=8.81211e-07 0.0301163 -0.00929565 0.0233175 -0.0178828 0.000870509 0.0815931 0.0192421 0.0372418 -0.0136067 0.0384415 0.00606268 -0.00356447 0.0366397 0.0955311 -0.0242768 0.0128731 0.00445827 0.00474105 0.00447498 -0.00276614 0.000493696 0.063009 0.0660344 0.0624819 0.0742984 0.0244078 0.00673411 0.00979678 0.0148276
internal_weight=23656 5580 18076 4929 9799 8277 651 3813 1116 5872 1090 3813 4464 1014 372 3927 727 3086 3061 3039 4163 1667 279 256 76 55 1757 1990 1161 2056
internal_count=23656 5580 18076 4929 9799 8277 651 3813 1116 5872 1090 3813 4464 1014 372 3927 727 3086 3061 3039 4163 1667 279 256 76 55 1757 1990 1161 2056
cat_boundaries=0 1 2
cat_threshold=2131 680
is_linear=0
shrinkage=0.03


Tree=34
num_leaves=31
num_cat=0
split_feature=9 48 18 50 9 9 9 20 53 9 55 9 7 32 9 6 18 29 54 43 18 53 41 6 6 55 6 6 9 6
split_gain=6937.53 2290.68 1360.78 426.285 224.53 178.56 175.241 120.514 48.0046 47.3196 46.3636 44.8956 43.0895 41.0688 45.3811 40.5869 40.2316 39.4238 39.0931 105.233 39.0717 35.5564 34.3699 34.3201 33.2353 31.6909 29.0909 28.4738 32.6424 28.3403
threshold=24.776408195495609 29.325242233276374 23.008403778076175 25.912921190261844 22.069253921508793 32.32448387395997 23.809475898742679 27.224102973937992 1.5984034883671894 25.683939933776859 0.6238929016818402 30.665832519531254 26.500000000000004 24.809366226196293 28.810048104199222 10.500000000000002 21.367829322814945 23.762885091259768 1.7646728911732963 23.350234985351566 26.786277770996097 1.1104330557436375 23.751822471618656 12.500000000000002 15.500000000000002 0.54960568053872849 10.500000000000002 10.500000000000002 25.378973960876468 15.500000000000002
decision_type=2 2 2 2 2 2 2 2 2 2 2 2 2 2 2 2 2 2 2 2 2 2 2 2 2 2 2 2 2 2
left_child=2 3 4 9 16 11 18 27 15 21 24 -3 -10 -9 -15 -8 22 -11 29 -20 -19 26 -1 -17 -6 -25 -2 28 -5 -4
right_child=1 5 6 7 10 -7 8 13 12 17 -12 -13 -14 14 -16 23 -18 20 19 -21 -22 -23 -24 25 -26 -27 -28 -29 -30 -31
leaf_value=-0.029642512941131047 0.015347907797572872 0.056383711795868541 -0.0049017785519972195 0.061787866204977032 -0.01382559529468533 0.097795576666393422 0.0080886675587556866 -0.002968633398413658 0.0047727381041453732 0.0015139540567850837 -0.0072434739635671829 0.07718288262412383 0.054792449118629578 0.037162918877853293 0.056973260878807025 -0.0032944219973597547 -0.021881860243538973 0.019127595501219428 0.075118393599987024 -0.0052398691949519238 0.042555438867237949 -0.0092115506154828164 0.010082565665245057 0.00012850714118084849 -0.020071085725807892 0.0088189378425599721 0.0087207814395580865 0.021195451760640496 0.027729131326979232 -0.013459384698604833
leaf_weight=984 1062 203 3947 26 3257 274 1058 20 31 104 758 173 31 598 126 982 2895 756 20 55 70 76 20 874 1003 665 1359 870 977 382
leaf_count=984 1062 203 3947 26 3257 274 1058 20 31 104 758 173 31 598 126 982 2895 756 20 55 70 76 20 874 1003 665 1359 870 977 382
internal_value=1.18084e-06 0.0258624 -0.0102049 0.0201073 -0.0182759 0.0793762 -0.00125898 0.0292245 0.00361058 0.0131449 -0.0140797 0.0659535 0.0297826 0.0394391 0.0406106 0.00315719 -0.0236765 0.0189213 -0.00528488 0.016189 0.021113 0.0109936 -0.0288512 0.00108758 -0.0152961 0.00388363 0.0116278 0.0251671 0.028612 -0.00565692
internal_weight=23656 6694 16962 6044 8917 650 8045 2617 3641 3427 5018 376 62 744 724 3579 3899 930 4404 75 826 2497 1004 2521 4260 1539 2421 1873 1003 4329
internal_count=23656 6694 16962 6044 8917 650 8045 2617 3641 3427 5018 376 62 744 724 3579 3899 930 4404 75 826 2497 1004 2521 4260 1539 2421 1873 1003 4329
is_linear=0
shrinkage=0.03


Tree=35
num_leaves=31
num_cat=1
split_feature=49 9 9 9 49 19 9 18 48 53 9 55 6 6 6 6 53 3 28 31 3 50 54 7 54 6 32 55 0 6
split_gain=6528.4 2334.31 1032.36 530.024 187.183 161.486 136.643 125.571 81.4764 79.5907 47.8016 45.213 43.7275 43.0101 46.47 44.3115 40.423 37.672 37.5466 33.6408 33.1446 45.9753 60.5143 32.8539 32.2171 35.8415 27.85 25.9848 26.7154 25.6294
threshold=24.499453353881837 29.563299179077152 22.660907745361332 25.962282180786136 23.422259235625003 32.339450836181648 21.740428925412601 27.19608306884766 25.517454147728031 0.85652248775697792 23.809475898742679 0.6238929016818402 10.500000000000002 10.500000000000002 12.500000000000002 14.500000000000002 0.45000412652292604 0.87008850000000015 23.914641380310062 24.480825424194339 2.9426885000000005 24.26463341712952 1.1146025523964955 40.500000000000007 1.0433416496784129 8.5000000000000018 25.748928070068363 0.41548582534632972 0 10.500000000000002
decision_type=2 2 2 2 2 2 2 2 2 2 2 2 2 2 2 2 2 2 2 2 2 2 2 2 2 2 2 2 9 2
left_child=2 3 6 8 -4 9 -1 18 13 24 -6 -8 16 20 19 -16 -13 -14 -5 -15 21 -2 -23 -17 25 -3 -11 -12 -29 -9
right_child=1 5 4 7 10 -7 11 29 -10 26 27 12 17 14 15 23 -18 -19 -20 -21 -22 22 -24 -25 -26 -27 -28 28 -30 -31
leaf_value=-0.025437418291316689 0.060274766896452218 0.10163197726011275 -0.0089231385273065705 -0.0084662279510690323 -0.0032666394391200164 0.094564987189478145 -0.017514395055849317 0.043980758858361724 0.01813684445761269 -0.00024241133825853467 -0.00078495305115198295 0.035070245082889286 -0.030043526232410016 -0.017345641125381613 0.01500502833538152 0.0082131264954372202 -0.003659115738317936 -0.007985084537878006 0.024844341635040536 0.0029793841364270366 0.0055200536618336647 0.016884143690151739 -0.02450329460880973 -0.0090251550994414308 0.10129898566466111 0.06339870480949697 0.048671451717276465 0.001616519257793259 0.0097002545362959124 0.033011554933147016
leaf_weight=2251 21 24 3826 31 2228 278 4504 405 1230 20 1100 35 89 81 708 344 79 321 1730 770 347 871 33 140 26 274 22 836 668 364
leaf_count=2251 21 24 3826 31 2228 278 4504 405 1230 20 1100 35 89 81 708 344 79 321 1730 770 347 871 33 140 26 274 22 836 668 364
internal_value=1.1454e-06 0.0226464 -0.0109669 0.017669 -0.00396594 0.0773279 -0.0192943 0.0286746 0.0115427 0.0642353 -4.08057e-05 -0.0165441 -0.00820362 0.00909599 0.00639965 0.0102226 0.00823148 -0.0127734 0.024258 0.0010448 0.0134267 0.0163927 0.0153733 0.00322685 0.0692722 0.0664779 0.0253791 0.00271924 0.00528215 0.0387886
internal_weight=23656 7719 15937 7075 8658 644 7279 2530 4545 366 4832 5028 524 3315 2043 1192 114 410 1761 851 1272 925 904 484 324 298 42 2604 1504 769
internal_count=23656 7719 15937 7075 8658 644 7279 2530 4545 366 4832 5028 524 3315 2043 1192 114 410 1761 851 1272 925 904 484 324 298 42 2604 1504 769
cat_boundaries=0 1
cat_threshold=713
is_linear=0
shrinkage=0.03


Tree=36
num_leaves=31
num_cat=1
split_feature=9 20 18 49 9 49 9 9 9 29 55 29 2 9 49 33 53 0 35 53 6 2 34 6 6 42 6 34 42 58
split_gain=6149.8 2019.02 1208.64 394.896 199.828 165.459 154.942 86.9361 68.0536 54.5463 41.1243 37.5539 38.2142 36.4965 34.6912 37.6102 33.8235 32.9144 51.6387 68.695 32.2693 52.3736 33.9269 30.7788 29.785 29.8334 28.7979 30.5859 28.0775 27.5725
threshold=24.776408195495609 29.599962234497074 23.008403778076175 26.223674297332767 22.069253921508793 23.805935382843021 32.32448387395997 27.930052757263187 25.683939933776859 27.474072456359867 0.6238929016818402 23.744011878967289 6.5827470000000003 21.367027282714847 24.359889316558839 22.726987838745121 1.1104330557436375 0 24.149808883666996 1.4854043561016457 10.500000000000002 0.9565760000000002 26.251137733459476 15.500000000000002 10.500000000000002 26.809333801269535 8.5000000000000018 28.099131584167484 23.657838821411136 10.500000000000002
decision_type=2 2 2 2 2 2 2 2 2 2 2 2 2 2 2 2 2 9 2 2 2 2 2 2 2 2 2 2 2 2
left_child=2 3 4 8 13 -4 9 20 16 -3 23 -10 -13 28 -7 -16 24 -17 19 -19 21 -5 29 -6 25 -2 -11 -28 -1 -22
right_child=1 6 5 7 10 14 -8 -9 11 26 -12 12 -14 -15 15 17 -18 18 -20 -21 22 -23 -24 -25 -26 -27 27 -29 -30 -31
leaf_value=-0.027989398768194947 0.01436216321842209 0.020350031924362365 -0.0055271157736934912 0.073255683231353758 -0.012986235070861061 0.00046306868359896109 0.092049774057673714 0.041736941118111645 0.0012030066470756675 0.09862660613926974 -0.0068173568853155475 0.01651835346524945 0.027377265509251125 -0.020572428177023264 0.046938039556145665 -0.0040590479972629784 -0.0085620884372133617 0.015078427251905965 0.0049130664507600402 0.073005007048719567 0.026876755876137928 0.029194015602961695 0.017258911198819865 -0.018996489275180002 0.008571903072302111 0.048888918912929041 0.093688354492187501 0.060314667261754197 0.0024697551982743398 0.055697756345782959
leaf_weight=1000 1087 26 3978 25 3257 2151 274 433 99 22 758 819 453 2871 20 271 79 234 1371 20 204 842 479 1003 1475 23 27 292 28 35
leaf_count=1000 1087 26 3978 25 3257 2151 274 433 99 22 758 819 453 2871 20 271 79 234 1371 20 204 842 479 1003 1475 23 27 292 28 35
internal_value=1.25454e-06 0.02435 -0.0096079 0.0189884 -0.0172144 -0.00117693 0.0749797 0.0298237 0.0135695 0.0622353 -0.0132557 0.0190004 0.0203856 -0.0223092 0.00307807 0.0060138 0.0107745 0.00558211 0.00717081 0.0196396 0.0265691 0.0304645 0.0218653 -0.0144013 0.0113654 0.0150776 0.0654289 0.0631394 -0.0271598 0.0310974
internal_weight=23656 6694 16962 6053 8917 8045 641 2018 4035 367 5018 1371 1272 3899 4067 1916 2664 1896 1625 254 1585 867 718 4260 2585 1110 341 319 1028 239
internal_count=23656 6694 16962 6053 8917 8045 641 2018 4035 367 5018 1371 1272 3899 4067 1916 2664 1896 1625 254 1585 867 718 4260 2585 1110 341 319 1028 239
cat_boundaries=0 1
cat_threshold=544
is_linear=0
shrinkage=0.03


Tree=37
num_leaves=31
num_cat=0
split_feature=48 48 48 48 50 48 18 50 47 48 20 34 6 6 28 50 51 34 16 42 6 6 18 54 20 28 54 6 51 53
split_gain=5787.91 1702.37 1382.16 300.99 214.025 191.679 96.5947 75.4671 62.7548 51.0956 50.0658 42.229 41.4584 39.6622 34.1512 30.4056 51.527 28.3214 32.8942 27.8894 31.464 27.8205 27.1107 26.7397 29.3417 26.7295 25.5483 35.3128 33.5967 37.2708
threshold=25.11644191741944 29.918395614624028 23.107831573486333 26.7697572711084 22.257131147384648 24.085049057006838 32.330232622739267 25.837377119130377 23.507684707641605 21.74398593902588 27.727675437927253 24.65196514129639 15.500000000000002 9.5000000000000018 25.519486427307132 23.749627637714724 23.560117308196947 27.062473297119144 -1.0001379999999995 23.605673789978031 15.500000000000002 8.5000000000000018 24.638157844543461 1.2358544444415289 23.314443588256839 22.933881759643558 0.57581284583935466 10.500000000000002 27.444594478591558 0.1795691192412896
decision_type=2 2 2 2 2 2 2 2 2 2 2 2 2 2 2 2 2 2 2 2 2 2 2 2 2 2 2 2 2 2
left_child=2 3 4 7 9 12 21 -2 -5 -1 -10 -12 15 -7 -13 -4 -17 18 -16 20 -6 -3 -9 -15 -25 -26 27 -24 29 -28
right_child=1 6 5 8 19 13 -8 22 10 -11 11 14 -14 23 17 16 -18 -19 -20 -21 -22 -23 26 24 25 -27 28 -29 -30 -31
leaf_value=-0.024374914491759846 0.013148810094650942 0.095692201386327336 -0.0046741180639262251 -0.010993878063228395 -0.011285447510677246 0.011682879536956821 0.089037202298641205 -0.010050513674505055 0.029222167174817359 -0.01807868190635074 0.084405274450778958 0.0083401329031792173 -0.013208566321690957 0.0045723984433856443 0.080334150089937106 0.048266340292815582 -0.00017419754567557475 0.038591196047551332 0.043170228511062933 -0.0057799830348946729 -0.018152950631291701 0.061263981309780516 0.02351530133266002 0.022445777580142021 -0.039679327855507533 -0.0066421695351600637 0.066800679013780923 0.012763335715452517 0.00093017656076699491 0.027718159071001638
leaf_weight=2000 2056 23 2867 27 3202 727 276 24 604 2762 20 29 372 2914 34 20 1670 437 58 631 739 259 750 25 27 120 23 434 40 486
leaf_count=2000 2056 23 2867 27 3202 727 276 24 604 2762 20 29 372 2914 34 20 1670 437 58 631 739 259 750 25 27 120 23 434 40 486
internal_value=1.16548e-06 0.0267094 -0.00824359 0.021186 -0.0162718 0.000328334 0.0764204 0.0170504 0.034229 -0.020723 0.0352621 0.0415736 -0.00357879 0.00537901 0.0400384 -0.00279269 0.000399063 0.0417762 0.0569047 -0.0116357 -0.0125732 0.064072 0.0216159 0.00389394 -0.00760034 -0.0127102 0.0220545 0.0195741 0.0274037 0.0294842
internal_weight=23656 5580 18076 5022 9334 8742 558 3813 1209 4762 1182 578 4929 3813 558 4557 1690 529 92 4572 3941 282 1757 3086 172 147 1733 1184 549 509
internal_count=23656 5580 18076 5022 9334 8742 558 3813 1209 4762 1182 578 4929 3813 558 4557 1690 529 92 4572 3941 282 1757 3086 172 147 1733 1184 549 509
is_linear=0
shrinkage=0.03


Tree=38
num_leaves=31
num_cat=0
split_feature=49 48 18 48 48 51 20 48 35 47 6 51 54 6 6 43 7 35 29 55 18 34 18 55 52 6 32 34 55 29
split_gain=5448.97 1940.77 849.475 445.09 140.536 127.509 127.271 125.746 42.3762 42.2061 41.1373 48.849 57.4241 48.4585 50.0449 40.6698 40.4909 38.8465 38.6638 38.4304 36.2741 32.9965 31.2366 30.0266 29.9765 31.4386 29.412 29.3068 28.3854 33.1261
threshold=24.478421306610112 29.325242233276374 22.735838890075687 25.694284629696785 31.602084732055669 21.97322308213835 27.224102973937992 23.51265258793897 23.613310813903812 23.256944656372074 10.500000000000002 23.860023752863935 1.077511767669433 12.500000000000002 14.500000000000002 26.744563102722172 41.500000000000007 24.520828247070316 23.991421699523929 1.598522680713639 33.469865800498049 21.509298324584964 28.13264083862305 1.2650590720051402 1.8956635199422684 10.500000000000002 25.290784835815433 25.514599800109867 0.41293054413073266 22.860051155090336
decision_type=2 2 2 2 2 2 2 2 2 2 2 2 2 2 2 2 2 2 2 2 2 2 2 2 2 2 2 2 2 2
left_child=2 3 5 10 -3 -1 8 19 -5 -8 11 -2 15 18 23 -13 -16 -11 -12 -4 -6 -9 -19 -15 25 -10 -7 -28 -23 -30
right_child=1 4 7 6 20 26 9 21 24 17 13 12 -14 14 16 -17 -18 22 -20 -21 -22 28 -24 -25 -26 -27 27 -29 29 -31
leaf_value=-0.022094380432647508 0.057555655376477673 0.054004340147679686 -0.0075288970888803784 -0.012853641880845482 0.076800894679235565 -0.014396522372415356 -0.0072310607986790787 -0.036454928635873581 0.024117311723498801 0.071224329736497671 -0.025398598030209541 0.01309566467070292 -0.016488402061543221 0.013849711727316487 0.008475289394265435 0.055145649377788812 -0.0090341453240188746 0.029974574719141053 0.0030705371233342056 0.024047234569277081 0.098513823229333622 -0.0023369765727962516 0.042659982164813717 0.042215776870825464 0.039788267658902456 0.017010231112640453 0.037115960463881485 -0.013626610594136373 -0.0082516428480218906 0.0037901720199382616
leaf_weight=3018 22 279 3912 33 280 4594 21 22 1183 27 45 1452 59 831 439 21 163 479 935 35 92 1901 275 35 77 1064 20 21 228 2093
leaf_count=3018 22 279 3912 33 280 4594 21 22 1183 27 45 1452 59 831 439 21 163 479 935 35 92 1901 275 35 77 1064 20 21 228 2093
internal_value=1.13045e-06 0.0205061 -0.010109 0.0159976 0.0700994 -0.0172955 0.0244159 -0.00339452 0.0209033 0.0347388 0.00935261 0.0131701 0.0125327 0.00692923 0.0103779 0.0136952 0.00373436 0.0358673 0.00176328 -0.0072489 0.0821708 0.000190117 0.0346012 0.0149961 0.0213827 0.020752 -0.0141708 0.0111259 0.000381067 0.00260726
internal_weight=23656 7812 15844 7161 651 7653 3159 8191 2357 802 4002 1554 1532 2448 1468 1473 602 781 980 3947 372 4244 754 866 2324 2247 4635 41 4222 2321
internal_count=23656 7812 15844 7161 651 7653 3159 8191 2357 802 4002 1554 1532 2448 1468 1473 602 781 980 3947 372 4244 754 866 2324 2247 4635 41 4222 2321
is_linear=0
shrinkage=0.03


Tree=39
num_leaves=31
num_cat=0
split_feature=9 9 9 49 9 49 19 30 9 48 55 19 6 6 2 34 6 54 6 6 55 32 17 49 9 22 42 34 45 55
split_gain=5152.04 1689.04 1007.94 330.567 175.301 136.472 131.492 78.7748 69.8488 59.1486 47.2618 45.2313 33.3606 32.3636 53.0289 34.905 29.9709 53.7063 31.5679 67.907 99.8153 29.4973 29.3503 29.2007 26.6318 26.0209 25.9101 25.2838 24.8606 32.5058
threshold=24.776408195495609 29.563299179077152 23.005092620849613 26.223674297332767 21.957931518554691 23.872980690133058 30.731120109558109 25.525288583481451 28.131484985351566 25.557925224304203 0.6238929016818402 32.788452148437507 15.500000000000002 10.500000000000002 0.9565760000000002 26.251137733459476 9.5000000000000018 1.6290940475938933 12.500000000000002 14.500000000000002 1.3787832903696273 22.475677490234379 2.5604610000000005 24.380789184570315 21.367027282714847 26.643377304077152 23.657838821411136 28.340000154619144 28.836277961730961 2.0824737922017778
decision_type=2 2 2 2 2 2 2 2 2 2 2 2 2 2 2 2 2 2 2 2 2 2 2 2 2 2 2 2 2 2
left_child=2 3 4 9 24 -4 7 -3 13 21 12 -8 -6 14 -5 -15 17 -7 -18 20 23 -2 -12 -20 26 -10 -1 -9 29 -16
right_child=1 6 5 8 10 16 11 27 25 -11 22 -13 -14 15 28 -17 18 -19 19 -21 -22 -23 -24 -25 -26 -27 -28 -29 -30 -31
leaf_value=-0.025896857613859656 -0.016532627865672112 -0.002059192809462547 -0.004768707367007052 0.068465782630032501 -0.012151066928157012 0.0075374214694474244 0.069298970854415332 0.075174892709723537 0.010316980840265749 0.017328709901951077 -0.0068843679556310393 0.088570070724229552 -0.017968076456563321 0.029307569516307339 0.02738328796332334 0.015682421266894109 -0.0010754004786261405 0.054337412572425345 0.0036188078682785527 -0.0018779932818841739 0.063282772312241206 0.010093199717548337 0.026111774682998658 0.014666378860159203 -0.019326293260140504 0.042133577577874899 0.0033607239169733865 0.048323954818990288 0.05874269647015766 -0.0095512717792933643
leaf_weight=1006 38 25 4213 29 3550 545 269 42 25 1411 822 185 1183 253 851 511 1576 23 487 739 31 2574 25 386 2348 310 28 127 22 22
leaf_count=1006 38 25 4213 29 3550 545 269 42 25 1411 822 185 1183 253 851 511 1576 23 487 739 31 2574 25 386 2348 310 28 127 22 22
internal_value=1.09657e-06 0.0222873 -0.00879408 0.0173538 -0.0157035 -0.00105378 0.0683177 0.0476444 0.0272461 0.0123794 -0.012437 0.0771517 -0.013605 0.0247627 0.0285399 0.0201944 0.00307904 0.00943249 0.00195796 0.00486763 0.010382 0.00970584 -0.00591046 0.00850353 -0.0210929 0.0397592 -0.0251046 0.054997 0.0272462 0.0264525
internal_weight=23656 6694 16962 6046 8962 8000 648 194 2023 4023 5580 454 4733 1688 924 764 3787 568 3219 1643 904 2612 847 873 3382 335 1034 169 895 873
internal_count=23656 6694 16962 6046 8962 8000 648 194 2023 4023 5580 454 4733 1688 924 764 3787 568 3219 1643 904 2612 847 873 3382 335 1034 169 895 873
is_linear=0
shrinkage=0.03


Tree=40
num_leaves=31
num_cat=1
split_feature=9 9 19 49 9 9 19 31 9 48 9 38 49 22 48 29 6 6 3 53 0 51 39 6 6 45 32 50 6 6
split_gain=4847.55 1589.22 949.874 311.031 144.085 143.529 123.915 81.1404 66.0037 55.6529 41.1909 37.4061 34.241 31.9287 31.2673 56.7366 32.4786 35.0568 30.8629 51.8181 29.2455 28.5058 84.164 29.5846 43.6995 28.2987 27.754 26.852 28.4116 26.4405
threshold=24.776408195495609 29.563299179077152 22.908281326293949 26.223674297332767 22.145884513854984 23.7708883262085 32.339450836181648 25.432813644409183 27.930052757263187 25.557925224304203 21.740428925412601 25.022498130798343 21.757398223876958 26.158948898315433 26.225393295288089 25.33516883841553 10.500000000000002 12.500000000000002 0.55585200000000012 0.30571363115883698 0 23.412658246316571 22.658219337463382 12.500000000000002 15.500000000000002 24.976934432983402 22.475677490234379 24.020593547758548 14.500000000000002 10.500000000000002
decision_type=2 2 2 2 2 2 2 2 2 2 2 2 2 2 2 2 2 2 2 2 9 2 2 2 2 2 2 2 2 2
left_child=2 3 4 9 12 10 7 -3 29 26 -4 -6 -1 -10 16 -16 20 18 19 -18 -7 -12 -23 -24 -25 -15 -2 -19 -29 -5
right_child=1 6 5 8 11 14 -8 -9 13 -11 21 -13 -14 25 15 -17 17 27 -20 -21 -22 22 23 24 -26 -27 -28 28 -30 -31
leaf_value=-0.022438399461051951 -0.016036648897355749 0.00032849537613599192 -0.044169547520577904 0.027171470239201502 -0.012055647219638076 0.0032551008653960733 0.081402933025102819 0.058513620753399491 0.0034526473563164469 0.016808848581917901 -0.0072004585147603418 0.013074066481656498 -0.01702861877721918 0.064067460894584649 0.063476674897330138 -0.0062595388067087955 0.038063839720334947 -0.0013353285602845674 -0.0054695490930247101 -0.0026973402707345701 0.013666121245281198 0.052252005569636814 -0.0059952479032375806 0.0037961552255242515 -0.011637286308438527 0.036505017869424922 0.0097904037325370862 0.011227315148603664 0.0011179257761915354 0.019437046410585624
leaf_weight=1984 38 23 24 877 4173 730 278 347 24 1411 2246 54 2244 37 21 21 41 628 909 89 371 25 1357 832 206 357 2574 543 464 728
leaf_count=1984 38 23 24 877 4173 730 278 347 24 1411 2246 54 2244 37 21 21 41 628 909 89 371 25 1357 832 206 357 2574 543 464 728
internal_value=1.06366e-06 0.0216187 -0.00853026 0.0168332 -0.0156514 -0.00145269 0.0662682 0.0548967 0.0264287 0.0120081 -0.00496811 -0.0117346 -0.0195672 0.037047 0.00286676 0.0286086 0.00258036 0.000794801 -0.00351421 0.0101581 0.00691695 -0.00476647 -0.00250749 -0.00307909 0.000733256 0.0390934 0.00941467 0.00353307 0.00656917 0.0236633
internal_weight=23656 6694 16962 6046 8455 8507 648 370 2023 4023 4690 4227 4228 418 3817 42 3775 2674 1039 130 1101 4666 2420 2395 1038 394 2612 1635 1007 1605
internal_count=23656 6694 16962 6046 8455 8507 648 370 2023 4023 4690 4227 4228 418 3817 42 3775 2674 1039 130 1101 4666 2420 2395 1038 394 2612 1635 1007 1605
cat_boundaries=0 1
cat_threshold=2600
is_linear=0
shrinkage=0.03


Tree=41
num_leaves=31
num_cat=2
split_feature=48 48 18 48 48 18 18 49 3 52 53 55 54 51 51 41 55 46 6 18 41 0 0 52 6 39 6 6 54 3
split_gain=4554.19 1334.58 1090.33 238.939 173.624 157.363 76.785 50.4134 44.2294 66.9355 59.7968 96.2711 48.9236 39.3406 36.1524 47.4117 35.569 35.3152 33.2198 29.66 29.0126 28.5146 28.1997 26.1115 24.2969 24.2017 24.1318 60.7188 36.5275 30.4085
threshold=25.11644191741944 29.918395614624028 23.008403778076175 26.7697572711084 24.085049057006838 22.068250656127933 32.330232622739267 25.588709831230716 0.27658100000000008 2.0980166161844136 0.85652248775697792 0.9888065534418049 1.882414355890208 24.76613289508407 23.412658246316571 22.585499763488773 0.6238929016818402 25.203135489394537 9.5000000000000018 21.367829322814945 23.751822471618656 0 1 0.45709921003084381 10.500000000000002 25.495702743530277 12.500000000000002 14.500000000000002 0.65947350293555396 0.22337950000000004
decision_type=2 2 2 2 2 2 2 2 2 2 2 2 2 2 2 2 2 2 2 2 2 9 9 2 2 2 2 2 2 2
left_child=2 3 5 7 14 19 23 -2 9 10 11 -5 17 -9 -4 -16 -7 -10 21 20 -1 -6 -17 -3 -19 -26 28 -28 29 -20
right_child=1 6 4 8 18 16 -8 13 12 -11 -12 -13 -14 -15 15 22 -18 24 26 -21 -22 -23 -24 -25 25 -27 27 -29 -30 -31
leaf_value=-0.024300456186990699 0.010850244904864442 0.059219859142766423 -0.0064326603652810664 0.034171018450768496 0.016755351873346234 -0.012303605832096094 0.078956258264572712 -0.02113327450726343 0.045600613326765592 0.075049544165008947 0.011565834145992993 0.085416787564754487 -0.010486542257395657 0.018299265387384165 0.041496261942969716 -0.0043082196543386209 -0.0053293466002355171 0.029131548150315791 0.034591040258916711 -0.017678454397966725 0.012186800301074982 0.0045024374383871154 0.00143337642896837 0.023657075554132462 0.044859431450781619 0.012136597847288199 0.010723083907125662 -0.0013697745463038839 -0.0087431005170069548 0.0023850118845955941
leaf_weight=1014 1507 262 2209 395 348 4242 276 23 80 38 90 36 33 2283 23 1705 779 338 27 2906 20 376 1393 20 23 176 980 604 291 1159
leaf_count=1014 1507 262 2209 395 348 4242 276 23 80 38 90 36 33 2283 23 1705 779 338 27 2906 20 376 1393 20 23 176 980 604 291 1159
internal_value=1.24632e-06 0.0236926 -0.0073122 0.0188021 -6.72764e-06 -0.0147432 0.0677073 0.0151174 0.0304232 0.0366107 0.0338071 0.0384514 0.0251019 0.017906 -0.00349585 -0.00141722 -0.0112216 0.0270054 0.00490663 -0.0192311 -0.0235947 0.0106856 -0.00173582 0.0566977 0.0242351 0.0159186 0.00353977 0.00611192 0.000781276 0.0031182
internal_weight=23656 5580 18076 5022 9115 8961 558 3813 1209 559 521 431 650 2306 5330 3121 5021 617 3785 3940 1034 724 3098 282 537 199 3061 1584 1477 1186
internal_count=23656 5580 18076 5022 9115 8961 558 3813 1209 559 521 431 650 2306 5330 3121 5021 617 3785 3940 1034 724 3098 282 537 199 3061 1584 1477 1186
cat_boundaries=0 1 2
cat_threshold=2131 717
is_linear=0
shrinkage=0.03


Tree=42
num_leaves=31
num_cat=1
split_feature=9 9 18 50 53 49 9 32 9 20 18 8 33 37 0 44 8 27 7 49 55 53 41 2 45 29 49 55 7 48
split_gain=4301.47 1513.01 709.255 338.533 112.536 106.357 104.852 90.5334 81.2691 49.2583 43.4822 41.7177 37.9474 36.316 36.1892 32.0427 25.6782 24.931 23.5562 29.5888 38.4083 22.3666 44.5014 32.3457 26.2952 24.3715 21.678 34.5856 30.8358 24.5339
threshold=24.505189895629886 29.563299179077152 22.773268699646 25.877974128804812 0.19310341685298885 23.718981742867438 21.957931518554691 25.748928070068363 27.064710614650885 26.966339111328129 26.786277770996097 1.5000000000000002 25.322278976440433 25.021641731262211 0 23.575104712744146 1.5000000000000002 33.611036300659187 41.500000000000007 22.47118082080884 0.33362243681689191 0.81484770342887403 25.701913833618168 8.9239605000000015 31.479162216186527 26.617621420009769 25.340948867797856 1.3332055861132257 42.500000000000007 26.225393295288089
decision_type=2 2 2 2 2 2 2 2 2 2 2 2 2 2 9 2 2 2 2 2 2 2 2 2 2 2 2 2 2 2
left_child=2 3 6 10 17 -4 -1 -6 -5 -7 14 -11 16 15 26 -12 18 -3 -8 20 -20 24 23 -23 -10 -25 27 -2 -29 -28
right_child=1 4 5 8 7 9 12 -9 21 11 13 -13 -14 -15 -16 -17 -18 -19 19 -21 -22 22 -24 25 -26 -27 29 28 -30 -31
leaf_value=-0.01932733345334187 0.0036334176362398337 0.070144579489674189 -0.0056545416250854911 0.019255450301771723 -0.0057925053685903543 0.00081071090025679703 -0.011310493513453437 0.054673665004531635 0.031984786287806516 0.060488759609668152 0.010861489602497646 0.0055067385401990684 0.023839139350904866 0.00068674320887242041 0.010247813036559566 0.055740343665083243 -0.013492198140667128 0.08912320109300835 -0.012751734427121632 -0.0081802079917397338 0.026704646602738649 0.011534250351515684 0.010208262037604226 0.032038081616163255 0.06692203071713447 0.077319230566854066 0.026054673954896943 -0.0018841933202929794 -0.047423997184504636 -0.0090311650373041622
leaf_weight=3328 834 226 4656 1918 24 3514 452 312 634 23 21 27 26 28 3143 45 3758 86 34 150 64 22 118 20 20 23 71 32 23 24
leaf_count=3328 834 226 4656 1918 24 3514 452 312 634 23 21 27 26 28 3143 45 3758 86 34 150 64 22 118 20 20 23 71 32 23 24
internal_value=1.44209e-06 0.0185522 -0.00882035 0.014479 0.0624019 -0.00266895 -0.015293 0.0503547 0.0226592 0.00123141 0.00913986 0.0307985 -0.0122988 0.0293153 0.00868033 0.0414607 -0.0125095 0.0753759 -0.00723405 0.000195594 0.0130157 0.0304591 0.0211882 0.0411209 0.0330532 0.0562582 0.00353356 0.00211386 -0.0209281 0.0171909
internal_weight=23656 7624 16032 6976 648 8220 7812 336 2755 3564 4221 50 4484 94 4127 66 4458 312 700 248 98 837 183 65 654 43 984 889 55 95
internal_count=23656 7624 16032 6976 648 8220 7812 336 2755 3564 4221 50 4484 94 4127 66 4458 312 700 248 98 837 183 65 654 43 984 889 55 95
cat_boundaries=0 1
cat_threshold=680
is_linear=0
shrinkage=0.03


Tree=43
num_leaves=31
num_cat=0
split_feature=9 9 9 49 50 54 49 32 9 9 9 20 44 15 27 6 54 6 2 34 6 54 42 6 6 54 54 54 27 6
split_gain=4051.21 1324.79 797.526 260.899 141.15 107.304 105.53 86.0563 57.0217 48.1086 34.37 28.8248 48.0862 29.3033 27.7135 27.6963 36.7144 27.3507 46.7949 33.5924 26.124 36.8941 25.9062 25.5398 54.0914 39.9657 29.5496 30.9895 34.7075 28.9441
threshold=24.776408195495609 29.563299179077152 23.005092620849613 26.223674297332767 22.257131147384648 0.26336631919670089 23.742674064245609 25.748928070068363 28.131484985351566 25.683939933776859 21.579690933227543 26.243459701538089 23.702972412109379 4.2443348411899811 22.818686485290531 9.5000000000000018 1.4897552637418774 10.500000000000002 0.9565760000000002 26.251137733459476 10.500000000000002 1.077511767669433 26.809333801269535 12.500000000000002 14.500000000000002 0.72107580076742528 0.64126431125727812 0.48932172711432925 24.116681098937992 13.500000000000002
decision_type=2 2 2 2 2 2 2 2 2 2 2 2 2 2 2 2 2 2 2 2 2 2 2 2 2 2 2 2 2 2
left_child=2 3 4 9 10 -3 -4 -7 17 20 -1 15 -13 -14 -11 16 -8 18 -5 -19 21 22 -2 26 25 -25 27 -17 -29 -27
right_child=1 5 6 8 -6 7 11 -9 -10 14 -12 12 13 -15 -16 23 -18 19 -20 -21 -22 -23 -24 24 -26 29 -28 28 -30 -31
leaf_value=-0.020965227555269347 0.012201825440940001 0.073678208714723581 -0.0045999874148985606 0.062917183134062526 -0.010008544091509896 -0.0056187301687896252 0.0064340231145436884 0.053255331002453908 0.035488823917374679 -0.017828671434386208 -0.015612422697545468 0.057631579971110278 -0.0057936696259646998 0.037297790145501497 0.01611816515494852 -0.0013630365877753906 0.045909815315495837 0.02667964795330105 0.024196220401937255 0.013313141523139576 0.0060805452143324881 -0.026379099652509796 0.045084142796695231 0.00475226549073991 -0.0023666166999863217 0.0093248663786798715 -0.0097317447363060288 0.034272889342713858 0.0037509001088209255 0.030392305671159074
leaf_weight=1690 1087 300 3729 29 4283 24 586 324 335 22 2989 22 49 20 1337 1264 22 253 895 511 1533 22 22 772 805 130 330 47 117 107
leaf_count=1690 1087 300 3729 29 4283 24 586 324 335 22 2989 22 49 20 1337 1264 22 253 895 511 1533 22 22 772 805 130 330 47 117 107
internal_value=1.52879e-06 0.0197639 -0.00779762 0.0153947 -0.0139437 0.0605298 -0.000912485 0.0491951 0.0241829 0.0109754 -0.0175458 0.00230706 0.0190106 0.00669661 0.0155686 0.00194342 0.00786242 0.0219391 0.0254115 0.0177395 0.00863227 0.012091 0.0128541 0.000935935 0.0034332 0.00806041 -0.00164088 0.000228854 0.0124981 0.0188363
internal_weight=23656 6694 16962 6046 8962 648 8000 348 2023 4023 4679 4271 91 69 1359 4180 608 1688 924 764 2664 1131 1109 3572 1814 1009 1758 1428 164 237
internal_count=23656 6694 16962 6046 8962 648 8000 348 2023 4023 4679 4271 91 69 1359 4180 608 1688 924 764 2664 1131 1109 3572 1814 1009 1758 1428 164 237
is_linear=0
shrinkage=0.03


Tree=44
num_leaves=31
num_cat=0
split_feature=9 9 9 9 51 19 9 18 30 35 48 9 27 6 6 48 19 29 9 55 6 52 3 55 6 6 8 6 43 6
split_gain=3813.66 1338.62 631.255 303.595 124.563 102.794 86.6765 86.4049 61.2258 46.2671 38.2706 36.321 35.3486 35.0364 56.3378 60.8556 34.5498 34.1094 31.8956 30.5836 40.7072 47.9881 33.9659 29.4559 28.2871 35.0341 27.7087 27.0171 27.6719 26.3629
threshold=24.505189895629886 29.563299179077152 22.660907745361332 25.922722816467289 23.412658246316571 30.731120109558109 21.740428925412601 27.19608306884766 25.525288583481451 22.581912994384769 25.298513603446292 33.462202072143562 25.101541519165043 15.500000000000002 12.500000000000002 25.897714042663576 26.864627836657718 23.406559944152836 23.809475898742679 0.6238929016818402 10.500000000000002 0.1206128950412431 0.87008850000000015 1.3332055861132257 10.500000000000002 12.500000000000002 2.5000000000000004 10.500000000000002 21.964608192443851 10.500000000000002
decision_type=2 2 2 2 2 2 2 2 2 2 2 2 2 2 2 2 2 2 2 2 2 2 2 2 2 2 2 2 2 2
left_child=2 3 6 10 27 8 -1 17 -3 -6 23 -7 -9 14 18 -16 -14 -5 -11 -8 21 -21 -22 24 -2 -26 -25 -4 -29 -20
right_child=1 5 4 7 9 11 19 12 -10 13 -12 -13 16 -15 15 -17 -18 -19 29 20 22 -23 -24 26 25 -27 -28 28 -30 -31
leaf_value=-0.019711706745137177 0.010777354693933847 -0.0033835549414157869 -0.0023833462718887348 -0.0066020434288954245 0.039282987651725602 0.062246933188701038 -0.013434849390927824 0.05743270841985941 0.046917388224037439 -0.005061759707809429 0.012300098982345447 0.083356524343075958 0.0091782941320911037 -0.008548617503182164 0.0041039144678543743 0.056715049758553501 0.030664108447426206 0.018753233398456904 0.0057369004552844521 0.050985739273684362 -0.026611548856403048 0.00082504666380044263 -0.0056802869284808075 0.0012250949591831413 -0.0014607224305733155 0.0078715199728263182 -0.039012022223323582 -0.018919707068263788 -0.0077124523738546372 -0.0026409519352689152
leaf_weight=2256 1043 25 820 49 27 362 4505 40 169 1488 1621 92 75 406 1861 20 661 1873 638 21 89 94 323 43 578 969 24 215 2550 719
leaf_count=2256 1043 25 820 49 27 362 4505 40 169 1488 1621 92 75 406 1861 20 661 1873 638 21 89 94 323 43 578 969 24 215 2550 719
internal_value=1.4829e-06 0.0174687 -0.00830504 0.0136374 -0.00287029 0.058714 -0.0148255 0.0215181 0.0404353 0.000114555 0.00866733 0.0665246 0.0299673 -9.15147e-05 0.000635016 0.00466331 0.0284747 0.0181068 -0.00202833 -0.0126349 -0.00579678 0.00998483 -0.0102018 0.00645103 0.00695907 0.00438475 -0.0131882 -0.00716564 -0.0085839 0.00129794
internal_weight=23656 7624 16032 6976 8744 648 7288 2698 194 5159 4278 454 776 5132 4726 1881 736 1922 2845 5032 527 115 412 2657 2590 1547 67 3585 2765 1357
internal_count=23656 7624 16032 6976 8744 648 7288 2698 194 5159 4278 454 776 5132 4726 1881 736 1922 2845 5032 527 115 412 2657 2590 1547 67 3585 2765 1357
is_linear=0
shrinkage=0.03


Tree=45
num_leaves=31
num_cat=1
split_feature=9 9 19 50 9 50 54 32 20 9 0 32 7 6 18 23 28 43 18 6 21 6 3 6 54 52 6 50 6 46
split_gain=3589.36 1172.37 709.386 230.614 111.066 106.123 96.7471 77.124 69.5782 37.6184 32.0222 39.7839 30.2696 37.64 29.3 28.0839 26.5174 27.7957 25.6198 24.7391 40.5757 24.5918 24.2923 23.9526 42.9576 49.7392 31.3373 23.9026 22.7117 32.5509
threshold=24.776408195495609 29.563299179077152 22.889492034912113 25.877974128804812 23.7708883262085 22.245330524382084 0.26336631919670089 25.748928070068363 27.224102973937992 21.740428925412601 0 24.950502395629886 28.500000000000004 14.500000000000002 26.786277770996097 23.781764984130863 25.519486427307132 25.704177858859868 24.778981208801273 10.500000000000002 26.243459701538089 15.500000000000002 0.27658100000000008 10.500000000000002 0.9881657762529189 0.16740819308167568 11.500000000000002 21.79290380488489 10.500000000000002 27.237932205200199
decision_type=2 2 2 2 2 2 2 2 2 2 9 2 2 2 2 2 2 2 2 2 2 2 2 2 2 2 2 2 2 2
left_child=2 3 5 10 9 12 -3 -8 -5 -4 11 14 13 -1 -2 -12 -10 -18 19 -6 -21 -11 -19 24 -7 -26 -25 -14 29 -9
right_child=1 6 4 8 18 23 7 28 16 21 15 -13 27 -15 -16 -17 17 22 -20 20 -22 -23 -24 26 25 -27 -28 -29 -30 -31
leaf_value=-0.010403049862063724 0.018585358086284056 0.06943733567893505 -0.041041741508245466 0.017933399600813259 0.0056063929095762433 -0.0066853987020412866 -0.0057013664022088047 0.091834201633930204 0.0056510311919589374 -0.0034550505982537368 -0.0034644264802470375 0.0091728606315455829 -0.022615040527045077 -0.018166283743152704 0.04890857944325093 0.0080970998917000644 0.046352371965966574 0.032695377382074349 0.0087266256459395345 -0.00049650559241666179 0.040438270650126722 -0.010892636575510402 0.02095192224779845 -0.018739280963921221 0.058982501059770584 -0.0044908915936946866 -0.009770444049582775 -0.016453643994381806 0.03805934273383834 0.051738116011750407
leaf_weight=1164 383 300 25 1944 960 592 24 20 43 4314 209 716 974 1087 31 1985 82 382 518 2320 22 441 271 402 20 25 2743 1355 99 205
leaf_count=1164 383 300 25 1944 960 592 24 20 43 4314 209 716 974 1087 31 1985 82 382 518 2320 22 441 271 402 20 25 2743 1355 99 205
internal_value=1.4384e-06 0.0186032 -0.0073397 0.014493 -0.00129006 -0.0135615 0.0569525 0.0461898 0.0209677 -0.00433782 0.00919098 0.0133352 -0.0166327 -0.0141519 0.0208559 0.00696401 0.0285495 0.0298891 0.00252363 0.00155054 -0.000111977 -0.00414485 0.0278218 -0.00984238 -0.00453749 0.0237195 -0.0109169 -0.0190304 0.0500336 0.0553022
internal_weight=23656 6694 16962 6046 8600 8362 648 348 2722 4780 3324 1130 4580 2251 414 2194 778 735 3820 3302 2342 4755 653 3782 637 45 3145 2329 324 225
internal_count=23656 6694 16962 6046 8600 8362 648 348 2722 4780 3324 1130 4580 2251 414 2194 778 735 3820 3302 2342 4755 653 3782 637 45 3145 2329 324 225
cat_boundaries=0 1
cat_threshold=2128
is_linear=0
shrinkage=0.03


Tree=46
num_leaves=31
num_cat=1
split_feature=49 9 19 9 19 9 51 29 36 19 48 29 22 20 55 55 45 0 7 52 29 55 52 35 5 9 9 51 9 34
split_gain=3379.07 1204.18 545.229 231.156 165.919 102.335 74.8156 50.3488 44.8655 41.7301 39.4486 35.4607 33.3115 27.4972 30.9729 47.0136 28.3062 26.128 26.0831 24.502 24.381 32.8544 20.7111 25.9591 32.2451 20.3973 20.3463 19.5064 18.867 38.2584
threshold=24.499453353881837 28.810048104199222 22.645387649536136 25.962282180786136 30.731120109558109 23.468993186950687 21.959106349835697 24.798530578613285 22.635321617126468 27.204222679138187 25.298513603446292 23.666032791137699 33.527359011147468 24.323506355285648 1.3787832903696273 1.5355497297555496 24.514374734377444 0 29.500000000000004 1.1892482201511803 22.860051155090336 0.35196755892123843 0.63245371506655668 27.695451736450199 0.55585200000000012 29.128031730651859 26.634457588195804 22.92717520405526 22.301338195800785 25.184377670288089
decision_type=2 2 2 2 2 2 2 2 2 2 2 2 2 2 2 2 2 9 2 2 2 2 2 2 2 2 2 2 2 2
left_child=2 3 6 8 7 27 18 -3 -2 11 19 -5 -6 -12 -15 -16 -17 -7 -1 -10 -19 -22 23 24 -9 -24 -23 -4 -8 -30
right_child=1 4 5 9 12 17 28 22 10 -11 13 -13 -14 14 15 16 -18 20 -20 -21 21 26 25 -25 -26 -27 -28 -29 29 -31
leaf_value=-0.015012852455437624 0.053078776761889455 -0.0063923390861600629 -0.0092378091176413945 -0.019516112441601962 0.058563880074501688 -0.0020567252046598782 -0.013372140135090483 0.086949545741081241 0.0062427660722319273 0.026647187851862889 -0.022671550427164348 0.017981972739029146 0.078693158242010286 0.010791465571640404 0.065061471734357917 -0.0037886660670240721 0.029463549270294605 -0.010175277413463793 -0.020690693447004437 -0.010714265715943862 -0.0016111833859872777 0.0055973793970545997 0.049491393193602559 0.037864029312633316 0.03956133342747177 0.01455520073268211 0.034677587220953265 -0.0048315960227682713 -0.0097907868562600968 0.03190817106887698
leaf_weight=1533 20 24 1292 23 362 2129 2246 24 2624 602 21 1724 93 1678 23 36 64 128 1387 79 786 1376 21 220 28 53 22 3013 2005 20
leaf_count=1533 20 24 1292 23 362 2129 2246 24 2624 602 21 1724 93 1678 23 36 64 128 1387 79 786 1376 21 220 28 53 22 3013 2005 20
internal_value=1.39526e-06 0.0162933 -0.0078895 0.0121943 0.0505461 -0.002858 -0.014009 0.0356268 0.00824507 0.0198355 0.00804691 0.0174883 0.0626782 0.0114587 0.0118566 0.0263877 0.0174928 0.000337028 -0.0177098 0.00574717 0.00253922 0.00329602 0.0385414 0.0423698 0.0614328 0.0244695 0.00605501 -0.00615397 -0.0114789 -0.00937895
internal_weight=23656 7719 15937 6894 825 8746 7191 370 4545 2349 4525 1747 455 1822 1801 123 100 4441 2920 2703 2312 2184 346 272 52 74 1398 4305 4271 2025
internal_count=23656 7719 15937 6894 825 8746 7191 370 4545 2349 4525 1747 455 1822 1801 123 100 4441 2920 2703 2312 2184 346 272 52 74 1398 4305 4271 2025
cat_boundaries=0 1
cat_threshold=589
is_linear=0
shrinkage=0.03


Tree=47
num_leaves=31
num_cat=1
split_feature=9 9 51 9 54 18 48 18 32 20 51 7 8 42 29 54 26 55 50 46 22 9 54 0 7 44 49 54 3 3
split_gain=3184.37 1115.11 529.117 254.349 86.8374 86.4027 78.4283 72.7567 69.3767 41.5776 33.5957 36.4059 33.5322 32.4988 29.1459 28.1753 24.0725 23.6597 22.0352 21.6378 21.0928 20.6294 19.2596 20.0332 26.3154 24.9445 23.1645 19.1327 19.116 18.2567
threshold=24.505189895629886 29.563299179077152 22.807548840866705 25.922722816467289 0.26336631919670089 23.404399871826175 21.77449989318848 27.19608306884766 25.748928070068363 26.966339111328129 26.154037634518392 50.500000000000007 1.5000000000000002 25.738530158996586 23.406559944152836 1.6290940475938933 25.953918457031254 0.59952272817427532 22.342735815052496 23.918985366821293 24.686332702636722 22.410684585571293 0.63418302767856638 0 35.500000000000007 24.140785215949712 24.152701091618656 1.077511767669433 2.8888675000000004 0.22337950000000004
decision_type=2 2 2 2 2 2 2 2 2 2 2 2 2 2 2 2 2 2 2 2 2 2 2 9 2 2 2 2 2 2
left_child=2 3 6 10 -3 21 -1 14 -6 17 15 13 -11 -12 -5 28 -13 -7 -8 -20 -9 -4 23 24 -19 -26 -27 -10 -2 -22
right_child=1 4 5 7 8 9 18 20 27 12 11 16 -14 -15 -16 -17 -18 22 19 -21 29 -23 -24 -25 25 26 -28 -29 -30 -31
leaf_value=-0.018212563219547638 0.008217381775999932 0.06543547023236751 -0.011985579308373137 -0.0062918014535490348 -0.0058052332792431121 -0.0013490053330756269 -0.013073933764150142 0.057841291800141331 0.044359501688103924 0.056616865077189035 0.038526109018577975 0.059179478588824469 0.0047078013699501757 0.0095147242560685453 0.017146145455393537 -0.024073682814263381 0.018325748603045939 0.0055702785535756017 -0.0095169565639850601 0.020374214066700504 0.031402047280145506 -0.0050655662386541274 0.00091640863331025511 0.0013506039116825714 0.010453378223477208 0.064061482768844477 0.024319824274968017 0.066763583880204425 0.0025765378370117675 0.022075416674086638
leaf_weight=2122 3191 300 442 49 24 3445 3133 20 285 21 39 27 24 319 1873 26 25 115 2346 22 369 3157 904 199 47 22 33 39 651 387
leaf_count=2122 3191 300 442 49 24 3445 3133 20 285 21 39 27 24 319 1873 26 25 115 2346 22 369 3157 904 199 47 22 33 39 651 387
internal_value=1.32732e-06 0.0159625 -0.00758899 0.0124657 0.0536073 -0.00239987 -0.0133132 0.0196789 0.0434107 0.000230587 0.0079165 0.0160822 0.028932 0.0126752 0.0165486 0.00705095 0.0395383 -4.04651e-05 -0.0114232 -0.00923925 0.0274322 -0.00591543 0.00337463 0.00871652 0.0147304 0.0265021 0.0402165 0.0470563 0.00726158 0.0266277
internal_weight=23656 7624 16032 6976 648 8409 7623 2698 348 4810 4278 410 45 358 1922 3868 52 4765 5501 2368 776 3599 1320 416 217 102 55 324 3842 756
internal_count=23656 7624 16032 6976 648 8409 7623 2698 348 4810 4278 410 45 358 1922 3868 52 4765 5501 2368 776 3599 1320 416 217 102 55 324 3842 756
cat_boundaries=0 1
cat_threshold=4642
is_linear=0
shrinkage=0.03


Tree=48
num_leaves=31
num_cat=0
split_feature=9 20 18 9 19 49 18 19 49 31 53 6 41 6 3 55 41 18 6 6 3 3 32 10 21 53 6 6 6 53
split_gain=2998.01 960.297 628.914 208.098 102.716 92.7851 57.7367 52.3675 36.7337 35.3222 29.9234 28.4272 35.2866 33.4774 28.3716 34.9789 29.7398 28.0633 26.6339 26.1487 29.7595 41.2942 26.104 25.9554 48.7703 24.0874 23.9455 23.7243 23.5188 24.0029
threshold=24.855451583862308 30.098149299621586 23.008403778076175 26.327013015747074 22.069369316101078 24.197216987609867 27.706545829772953 32.788452148437507 25.588709831230716 22.70382118225098 1.1104330557436375 10.500000000000002 21.532134056091312 11.500000000000002 0.22337950000000004 0.9292231608278968 26.365359306335453 23.140807151794437 13.500000000000002 15.500000000000002 0.55585200000000012 0.27658100000000008 23.124547958999027 3.5000000000000004 26.243459701538089 0.25482914018138475 15.500000000000002 10.500000000000002 12.500000000000002 0.47035055749566929
decision_type=2 2 2 2 2 2 2 2 2 2 2 2 2 2 2 2 2 2 2 2 2 2 2 2 2 2 2 2 2 2
left_child=2 3 4 8 26 11 22 -3 10 -7 27 17 -13 -14 15 -8 -16 -4 -12 20 21 -15 -5 -11 -25 -23 -1 -2 -29 -30
right_child=1 7 5 6 -6 9 14 -9 -10 23 18 12 13 19 16 -17 -18 -19 -20 -21 -22 25 -24 24 -26 -27 -28 28 29 -31
leaf_value=-0.013825493266398283 0.01175015001491108 0.048822879263187111 -0.012311179740797904 -0.011858823430538177 -0.0092170838013680076 0.043702133797109126 0.031715187299420536 0.068415883309132342 0.013449832277206796 0.002743658554569994 -0.028265785913054758 -0.042738461622170036 -0.0098213142044517362 0.0011700817438858478 0.032951829564347862 0.060414641360667619 0.012785354107919839 0.0025960539759938097 0.0067950034621529851 -0.0093256915589784283 -0.0026223972659790862 0.050610267694294449 0.01908147340919196 0.0089881539168181999 0.057838302791118623 0.014422315534546364 -0.018652053495221966 6.9307699325018676e-05 0.0030493028923927797 0.013356916820256621
leaf_weight=2371 953 365 126 25 5034 20 291 185 1595 2439 39 21 688 253 125 44 139 1160 39 455 2834 25 1338 229 20 49 1517 460 381 436
leaf_count=2371 953 365 126 25 5034 20 291 185 1595 2439 39 21 688 253 125 44 139 1160 39 455 2834 25 1338 229 20 49 1517 460 381 436
internal_value=1.30464e-06 0.0175098 -0.00651324 0.0139554 -0.012046 -0.000579464 0.0219256 0.0554133 0.00994883 0.00398112 0.00752938 -0.00278051 -0.00394489 -0.00375561 0.0296887 0.0354847 0.0223339 0.00113547 -0.0107354 -0.00260152 -0.00163363 0.00693572 0.018514 0.00368558 0.0129119 0.026648 -0.0157087 0.00816824 0.00549513 0.00855006
internal_weight=23656 6415 17241 5865 8922 8319 1962 550 3903 2708 2308 5611 4325 4304 599 335 264 1286 78 3616 3161 327 1363 2688 249 74 3888 2230 1277 817
internal_count=23656 6415 17241 5865 8922 8319 1962 550 3903 2708 2308 5611 4325 4304 599 335 264 1286 78 3616 3161 327 1363 2688 249 74 3888 2230 1277 817
is_linear=0
shrinkage=0.03


Tree=49
num_leaves=31
num_cat=1
split_feature=9 9 9 50 51 53 9 31 9 36 6 6 54 9 53 0 6 20 6 54 37 55 6 52 3 6 6 6 9 2
split_gain=2822.86 987.652 472.614 225.864 99.8754 82.4313 66.2105 61.7423 57.899 53.0998 35.9422 45.7783 36.4084 36.2991 36.2135 33.0928 29.48 29.3732 53.2712 27.761 34.6098 27.1355 39.6151 43.5342 28.2592 26.5331 43.194 30.3857 34.2541 25.4578
threshold=24.505189895629886 29.563299179077152 22.644634246826175 25.837377119130377 23.412658246316571 0.19310341685298885 21.740428925412601 25.432813644409183 26.944979667663578 22.500047683715824 10.500000000000002 12.500000000000002 0.4856139497713754 26.44217681884766 0.48928927776861703 0 11.500000000000002 26.966339111328129 11.500000000000002 0.74607760889089192 22.773149490356449 0.6238929016818402 10.500000000000002 0.14282966964873919 0.87008850000000015 15.500000000000002 12.500000000000002 10.500000000000002 23.228299140930179 8.9239605000000015
decision_type=2 2 2 2 2 2 2 2 2 2 2 2 2 2 2 9 2 2 2 2 2 2 2 2 2 2 2 2 2 2
left_child=2 3 6 10 -4 -3 -1 -7 -5 -6 15 12 -12 -14 -13 19 -10 25 -19 -2 -21 -8 23 -23 -24 26 27 28 -11 -16
right_child=1 5 4 8 9 7 21 -9 16 17 11 14 13 -15 29 -17 -18 18 -20 20 -22 22 24 -25 -26 -27 -28 -29 -30 -31
leaf_value=-0.017111803382600516 0.0064999595579387512 0.061561027885629588 -0.0062808765933416765 0.015309347068344144 0.047798371613025664 -0.0084378461980006911 -0.011663246952164004 0.04355053253282027 0.027241848830373599 -0.014115620707679126 0.003479730108146404 0.0031880270585316907 -0.013635837522285458 0.020876618395409274 0.009841439360276703 0.013106739180713228 0.013904850182291912 -0.0051225819852617049 0.057766099839725277 0.01818647489324212 -0.029243897644182046 0.04824618036980214 -0.02411084905091454 0.001891565373040397 -0.0046117955688463157 -0.0075633135129464782 0.0039496430916134096 -0.0044399555403618713 0.0036677502679697761 0.023283970519149516
leaf_weight=2256 397 312 3671 1933 21 22 4429 314 722 108 645 710 238 31 642 1247 188 27 22 20 45 23 85 88 314 408 1869 1710 1001 158
leaf_count=2256 397 312 3671 1933 21 22 4429 314 722 108 645 710 238 31 642 1247 188 27 22 20 45 23 85 88 314 408 1869 1710 1001 158
internal_value=1.26549e-06 0.0150291 -0.00714523 0.0117382 -0.00249747 0.0504572 -0.0128537 0.0401465 0.0182468 0.000191051 0.00726113 0.00491206 -0.000387011 -0.00965857 0.00811958 0.010593 0.0244865 -3.26482e-06 0.0231132 0.00344966 -0.0146499 -0.0109087 -0.0043557 0.0114966 -0.00876573 -0.000225538 0.000413074 -0.00193168 0.00193592 0.0124963
internal_weight=23656 7624 16032 6976 8837 648 7195 336 2843 5166 4133 2424 914 269 1510 1709 910 5145 49 462 65 4939 510 111 399 5096 4688 2819 1109 800
internal_count=23656 7624 16032 6976 8837 648 7195 336 2843 5166 4133 2424 914 269 1510 1709 910 5145 49 462 65 4939 510 111 399 5096 4688 2819 1109 800
cat_boundaries=0 1
cat_threshold=552
is_linear=0
shrinkage=0.03


Tree=50
num_leaves=31
num_cat=2
split_feature=49 9 19 9 19 9 9 53 36 34 29 6 2 48 6 0 0 9 9 2 6 20 53 24 9 40 55 18 37 9
split_gain=2659.81 947.656 431.564 181.011 133.348 80.7656 57.5422 47.5933 40.7001 34.1829 33.2533 31.4233 44.4599 31.1391 28.5745 37.548 31.5129 28.4319 26.8459 29.4547 26.2177 24.7949 27.4721 31.6991 50.3264 24.7597 25.2145 24.1475 22.5883 22.39
threshold=24.499453353881837 28.810048104199222 22.645387649536136 25.962282180786136 30.731120109558109 23.468993186950687 21.957931518554691 0.83589669682689538 22.635321617126468 25.329578399658207 23.615794181823734 10.500000000000002 0.9565760000000002 25.298513603446292 10.500000000000002 0 1 33.462202072143562 25.201457023620609 8.9239605000000015 9.5000000000000018 24.323506355285648 1.5984034883671894 24.334634780883793 24.829035758972172 21.965930938720707 0.58284030630536687 27.070193290710453 25.453625679016117 23.189990997314457
decision_type=2 2 2 2 2 2 2 2 2 2 2 2 2 2 2 9 9 2 2 2 2 2 2 2 2 2 2 2 2 2
left_child=2 3 6 8 7 -4 -1 20 -2 -8 -5 12 -12 29 16 18 -7 -6 25 -20 -3 -15 -23 -24 -25 -16 -27 -14 -29 -10
right_child=1 4 5 10 17 14 9 -9 13 -11 11 -13 27 21 15 -17 -18 -19 19 -21 -22 22 23 24 -26 26 -28 28 -30 -31
leaf_value=-0.015371843241985976 0.050026547759771348 0.068883533640341332 -0.0054511631682898657 -0.015520109550820458 0.051942824674539333 0.00076192357286047961 -0.010185464342312453 0.012061270353352201 -0.018746002390980721 0.029135550342500208 0.053937164694070817 0.014033573665234101 0.017618723676226893 -0.022242517428738728 -0.031023889205285482 -0.0043429541216184128 0.011011838854676702 0.070614489640878589 0.0059149858575007624 0.048331262674587573 0.034781500253366071 0.0096231872218547464 -0.0085454024970531457 0.063139925091527396 0.015495082102013082 -0.00033879827354816195 0.0088629559485331084 0.057913009850308297 0.025043565732084286 0.0054055119882962322
leaf_weight=3283 20 22 4305 27 363 810 3888 87 35 20 36 1023 925 21 21 1632 400 92 41 23 261 1696 20 32 53 1166 348 20 318 2668
leaf_count=3283 20 22 4305 27 363 810 3888 87 35 20 36 1023 925 21 21 1632 400 92 41 23 261 1696 20 32 53 1166 348 20 318 2668
internal_value=1.39373e-06 0.0144558 -0.0069995 0.0108195 0.0448418 -0.00252308 -0.0124439 0.0314669 0.00732475 -0.00998423 0.0175813 0.0179662 0.0210633 0.00713601 0.000315335 -0.0011573 0.00424763 0.0557182 0.00210808 0.0211583 0.0374325 0.0101672 0.0105451 0.0254363 0.033432 0.00132754 0.00177627 0.0201262 0.0269885 0.00509278
internal_weight=23656 7719 15937 6894 825 8746 7191 370 4545 3908 2349 2322 1299 4525 4441 3231 1210 455 1599 64 283 1822 1801 105 85 1535 1514 1263 338 2703
internal_count=23656 7719 15937 6894 825 8746 7191 370 4545 3908 2349 2322 1299 4525 4441 3231 1210 455 1599 64 283 1822 1801 105 85 1535 1514 1263 338 2703
cat_boundaries=0 1 2
cat_threshold=6194 556
is_linear=0
shrinkage=0.03


Tree=51
num_leaves=31
num_cat=2
split_feature=9 20 18 9 9 9 0 9 20 48 35 33 53 33 6 32 37 6 6 6 54 53 46 6 51 39 6 6 42 0
split_gain=2506.53 816.499 499.286 188.299 90.6858 65.6284 60.3396 50.0023 46.3327 39.7064 33.6761 30.2472 29.8382 29.2156 27.7278 27.0307 30.1375 40.045 25.0483 24.656 26.2156 24.4201 40.1011 25.2865 24.0686 55.1254 50.452 23.9049 24.7889 23.1478
threshold=24.776408195495609 30.098149299621586 22.773268699646 26.327013015747074 23.809475898742679 21.740428925412601 0 28.131484985351566 32.815729140126962 25.557925224304203 26.718588829040531 25.322278976440433 1.1104330557436375 24.921269416809086 15.500000000000002 23.887337684716801 23.878746986389164 13.500000000000002 10.500000000000002 12.500000000000002 0.57581284583935466 1.5984034883671894 24.438846590393069 10.500000000000002 23.412658246316571 22.658219337463382 12.500000000000002 15.500000000000002 24.136874198913578 1
decision_type=2 2 2 2 2 2 9 2 2 2 2 2 2 2 2 2 2 2 2 2 2 2 2 2 2 2 2 2 2 9
left_child=2 3 5 9 14 -1 7 13 -3 12 -9 27 18 -5 24 -8 -17 -18 -2 20 -20 23 -23 -6 -4 -26 -27 -7 -29 -25
right_child=1 8 4 6 21 11 15 10 -10 -11 -12 -13 -14 -15 -16 16 17 -19 19 -21 -22 22 -24 29 25 26 -28 28 -30 -31
leaf_value=-0.016044986012433555 0.010623868073327604 0.04437046224205711 -0.0051746190908119674 0.043068207425877768 0.0058413385469364403 -0.0088894677807216591 -0.0058688813041556966 0.049819082537860916 0.062816321496730262 0.012377288295186304 0.028447857510433543 0.022321814269973681 -0.010846683555764371 0.018748778119418993 -0.010430300295175273 0.046597170531749721 0.016867645255794747 -0.0027424921377156024 0.0025725583880945725 0.0076387415865441129 -0.014408939767163247 0.0046355379381301728 0.055868333134800191 -0.002448225253180778 0.044248874019831415 -0.0048757584811411191 0.0040716528405818795 -0.013772859882541337 0.015769057740242436 0.0032551393226945662
leaf_weight=2233 1015 367 2532 47 1061 4013 66 83 184 1680 331 26 87 822 517 25 471 117 450 849 100 44 20 1307 24 1479 920 1523 26 1237
leaf_count=2233 1015 367 2532 47 1061 4013 66 83 184 1680 331 26 87 822 517 25 471 117 450 849 100 44 20 1307 24 1479 920 1523 26 1237
internal_value=1.44618e-06 0.0155461 -0.00613322 0.0124082 -0.00137229 -0.0116977 0.0200756 0.0239651 0.0505302 0.0088102 0.0327324 -0.00996048 0.00641408 0.0200641 -0.00381907 0.0121936 0.0143372 0.0129656 0.00703615 0.0044332 -0.000514987 0.00227687 0.0206458 0.00195076 -0.00312926 -0.000991892 -0.00144449 -0.0101114 -0.013277 0.000328163
internal_weight=23656 6694 16962 6143 9141 7821 1962 1283 551 4181 414 5588 2501 869 5472 679 613 588 2414 1399 550 3669 64 3605 4955 2423 2399 5562 1549 2544
internal_count=23656 6694 16962 6143 9141 7821 1962 1283 551 4181 414 5588 2501 869 5472 679 613 588 2414 1399 550 3669 64 3605 4955 2423 2399 5562 1549 2544
cat_boundaries=0 1 2
cat_threshold=7186 2697
is_linear=0
shrinkage=0.03


Tree=52
num_leaves=31
num_cat=1
split_feature=48 48 19 20 50 18 47 6 6 44 32 55 47 7 6 19 23 6 36 35 18 34 55 41 54 6 0 6 6 51
split_gain=2357.35 639.789 637.483 149.199 113.2 87.2247 33.5721 31.3429 36.7488 35.6344 32.1379 34.9127 38.4383 29.2527 36.0307 28.5046 28.2414 28.1626 27.8876 26.2209 28.0752 25.0982 23.9352 23.7284 26.2371 22.8906 31.8742 27.1793 35.4956 22.0332
threshold=25.298513603446292 23.247495269275394 30.731120109558109 27.224102973937992 22.257131147384648 24.233662605285648 23.256944656372074 10.500000000000002 11.500000000000002 24.561273574829105 24.182475090026859 1.2650590720051402 23.584016799926761 29.500000000000004 14.500000000000002 32.788452148437507 22.444595336914066 16.500000000000004 23.943418502807621 24.220899581909183 28.810048104199222 21.509298324584964 0.29315858845537951 23.953253746032718 0.53600300300111137 10.500000000000002 0 12.500000000000002 14.500000000000002 21.679308128510339
decision_type=2 2 2 2 2 2 2 2 2 2 2 2 2 2 2 2 2 2 2 2 2 2 2 2 2 2 9 2 2 2
left_child=1 4 3 7 13 17 -5 18 9 -9 11 -10 -13 14 -1 -4 -7 21 -2 -8 -21 -3 -23 -12 -25 26 -18 -27 -29 -15
right_child=2 5 15 6 -6 16 19 8 10 -11 23 12 -14 29 -16 -17 25 -19 -20 20 -22 22 -24 24 -26 27 -28 28 -30 -31
leaf_value=-0.0075941049050136187 -0.012792320261942223 -0.031770494319498535 0.045824225001758145 -0.010653161963690882 -0.0069829963240444068 -0.028560571089063 0.056344014787673945 -0.036959797907620669 0.012929307775185356 0.0039259059647434452 -0.0079620797619602435 0.020647514283657072 0.079464556396007538 -0.019612376641624553 -0.014876558798124497 0.060985887781266235 0.01231886101269266 -0.017022698496115728 0.015482364061345779 0.021581132256259187 0.03249842551572002 -0.0042628302651011966 0.00037204008254804855 0.0061329674628277271 0.015419239128676546 -0.0010560549701666996 0.0029344854397727669 0.0091458813092013119 -0.00050626277826961396 -0.013539959290953491
leaf_weight=1282 32 24 279 23 5313 23 25 20 53 471 59 20 20 850 1169 186 696 103 1660 636 318 1431 3351 469 658 910 645 919 547 1464
leaf_count=1282 32 24 279 23 5313 23 25 20 53 471 59 20 20 850 1169 186 696 103 1660 636 318 1431 3351 469 658 910 645 919 547 1464
internal_value=1.41302e-06 -0.00485715 0.0184608 0.0149787 -0.00999405 0.00112848 0.0251733 0.0120281 0.00923721 0.0022605 0.0119155 0.0288978 0.050056 -0.0133514 -0.0110675 0.0518889 0.00458006 -0.00150117 0.0149476 0.026015 0.0252202 -0.00116852 -0.00101493 0.0105839 0.0115548 0.00478513 0.00791887 0.00301647 0.00554443 -0.0157705
internal_weight=23656 18727 4929 4464 10078 8649 1002 3462 1770 491 1279 93 40 4765 2451 465 3740 4909 1692 979 954 4806 4782 1186 1127 3717 1341 2376 1466 2314
internal_count=23656 18727 4929 4464 10078 8649 1002 3462 1770 491 1279 93 40 4765 2451 465 3740 4909 1692 979 954 4806 4782 1186 1127 3717 1341 2376 1466 2314
cat_boundaries=0 1
cat_threshold=2131
is_linear=0
shrinkage=0.03


Tree=53
num_leaves=31
num_cat=0
split_feature=48 19 18 20 48 51 27 18 47 18 7 19 6 6 6 6 5 55 19 6 55 21 6 53 6 33 6 55 6 51
split_gain=2218.77 643.702 535.434 159.968 86.2758 83.54 42.1153 32.6719 31.1554 29.5094 28.5609 26.82 26.4746 25.3045 29.7862 30.4466 37.2903 28.3035 25.6201 23.3821 45.4479 57.47 33.785 61.3605 26.4912 23.2279 24.2567 41.6361 38.0717 24.7781
threshold=25.11644191741944 30.731120109558109 23.008403778076175 27.224102973937992 24.085049057006838 22.28114802032227 23.115370750427246 26.096968650817875 23.256944656372074 21.274491310119632 29.500000000000004 32.788452148437507 14.500000000000002 14.500000000000002 13.500000000000002 10.500000000000002 0.27658100000000008 0.68910710295645894 24.144383430480961 10.500000000000002 0.97401156030698688 22.699929237365726 11.500000000000002 1.2300366531636111 15.500000000000002 21.510100364685062 10.500000000000002 1.7474269604769683 11.500000000000002 23.332704098956388
decision_type=2 2 2 2 2 2 2 2 2 2 2 2 2 2 2 2 2 2 2 2 2 2 2 2 2 2 2 2 2 2
left_child=2 3 5 6 25 9 -2 -8 -5 -1 12 -3 -11 14 15 -6 18 -16 -17 20 -7 -22 23 -21 -24 -4 27 -27 -28 -30
right_child=1 11 4 8 13 19 7 -9 -10 10 -12 -13 -14 -15 17 16 -18 -19 -20 22 21 -23 24 -25 -26 26 28 -29 29 -31
leaf_value=-0.01907878144717998 -0.027980053584650159 0.044449498046950628 -0.024150276263032785 -0.010333567546761553 0.006617484941294458 -0.004872480672727361 0.0090111686111421802 0.014563307464339662 0.024988090684218617 -0.0065247438595126038 -0.014663760413623094 0.059156309539271937 -0.013270998010870392 -0.0021494487993032147 0.006598669988375749 0.043052134577717095 -0.0019655226033882677 0.021735105214353935 0.0081945616945737817 -0.017391312747963069 0.037878709369722534 -0.018417862514033913 -0.0052824287451091667 0.030742226421833038 -0.011694795801387289 0.00057873365408389274 -0.0099844089345623773 0.036367182180285451 -0.0053133862582094753 -6.9307282332248691e-05
leaf_weight=631 25 279 44 23 1254 615 2564 1519 984 1124 2016 186 980 604 387 21 1166 156 197 512 51 24 2195 25 788 1181 657 30 1323 2095
leaf_count=631 25 279 44 23 1254 615 2564 1519 984 1124 2016 186 980 604 387 21 1166 156 197 512 51 24 2195 25 788 1181 657 30 1323 2095
internal_value=1.56408e-06 0.016538 -0.00510317 0.0134658 1.62773e-05 -0.0103106 0.010839 0.0110767 0.0241813 -0.0130373 -0.012112 0.0503322 -0.00966701 0.0034798 0.00454867 0.0032316 0.000163746 0.0109473 0.0115524 -0.0072335 -0.00218375 0.0198638 -0.00822336 -0.0151505 -0.00697634 -0.00244328 -0.00226259 0.00146532 -0.00337045 -0.00209912
internal_weight=23656 5580 18076 5115 9115 8961 4108 4083 1007 4751 4120 465 2104 3785 3181 2638 1384 543 218 4210 690 75 3520 537 2983 5330 5286 1211 4075 3418
internal_count=23656 5580 18076 5115 9115 8961 4108 4083 1007 4751 4120 465 2104 3785 3181 2638 1384 543 218 4210 690 75 3520 537 2983 5330 5286 1211 4075 3418
is_linear=0
shrinkage=0.03


Tree=54
num_leaves=31
num_cat=0
split_feature=9 9 9 19 48 51 3 36 9 6 6 6 6 55 52 6 3 52 29 25 3 54 6 6 43 6 7 48 3 48
split_gain=2098.77 793.614 288.833 161.506 157.833 66.8656 51.8669 46.7008 33.9226 30.8492 30.3172 26.1107 46.8503 49.817 29.7468 25.922 43.8669 35.3125 31.0631 31.4197 29.6643 25.815 25.6795 26.5067 29.9791 25.5896 26.5992 25.4325 23.9593 22.9926
threshold=24.199960708618168 28.131484985351566 22.427556991577152 30.731120109558109 25.557925224304203 23.412658246316571 2.8888675000000004 22.581963539123539 21.740428925412601 10.500000000000002 12.500000000000002 12.500000000000002 14.500000000000002 0.46824940871665238 1.5626805193017568 10.500000000000002 0.19302850000000002 0.40021952860630156 24.374980926513675 25.001657485961918 0.87008850000000015 1.1146025523964955 10.500000000000002 11.500000000000002 21.982161521911625 14.500000000000002 40.500000000000007 24.618556976318363 2.8888675000000004 23.007919311708012
decision_type=2 2 2 2 2 2 2 2 2 2 2 2 2 2 2 2 2 2 2 2 2 2 2 2 2 2 2 2 2 2
left_child=2 4 8 6 9 22 -3 -7 29 21 -11 -9 13 -13 -15 16 -6 20 19 -19 -17 28 -4 -24 -25 -12 27 -27 -2 -1
right_child=1 3 5 -5 15 7 -8 11 -10 10 25 12 -14 14 -16 17 -18 18 -20 -21 -22 -23 23 24 -26 26 -28 -29 -30 -31
leaf_value=-0.014554947728973141 0.011382676228076819 0.027669263668979205 -0.0017479394520131645 0.049795113390319751 0.052823757400479295 0.039419055592555263 -0.018330950730520747 -0.0030167854801345325 -0.010181117981051509 -0.00094061134660736602 0.0082533801442799728 -0.00019673291653027938 -0.0028439448206015578 0.012028462076967984 0.044557816452450223 0.010706021215880148 0.015585614816521062 0.062547677922248829 0.014268607796374346 0.012771497304950441 -0.0010230556914117036 -0.014636365900832143 -0.015564847482022959 -0.014694058772063822 -0.0053364869648427375 -0.0032198273632080281 -0.0090522667023663714 0.01030627766638798 0.0038939755650538033 -0.046864712884649634
leaf_weight=2236 1052 540 1059 457 29 26 23 2335 3730 1109 1085 452 953 402 27 595 1561 25 617 21 288 44 302 343 3031 223 180 285 606 20
leaf_count=2236 1052 540 1059 457 29 26 23 2335 3730 1109 1085 452 953 402 27 595 1561 25 617 21 288 44 302 343 3031 223 180 285 606 20
internal_value=1.51715e-06 0.0116751 -0.00683858 0.0365453 0.00838913 -0.00342067 0.02579 -0.000662693 -0.0119375 0.00484118 0.00294991 -0.000912663 0.00176625 0.00675321 0.0140758 0.0135753 0.0162648 0.0108092 0.0160417 0.0398238 0.00688046 0.00804367 -0.00586412 -0.00704993 -0.00628778 0.00538341 0.000857354 0.00436864 0.00864555 -0.0148414
internal_weight=23656 8740 14916 1020 7720 8930 563 4195 5986 4584 2882 4169 1834 881 429 3136 1590 1546 663 46 883 1702 4735 3676 3374 1773 688 508 1658 2256
internal_count=23656 8740 14916 1020 7720 8930 563 4195 5986 4584 2882 4169 1834 881 429 3136 1590 1546 663 46 883 1702 4735 3676 3374 1773 688 508 1658 2256
is_linear=0
shrinkage=0.03


Tree=55
num_leaves=31
num_cat=0
split_feature=9 9 9 19 48 51 3 36 6 6 6 34 3 6 6 55 52 6 6 43 9 19 6 2 53 3 42 26 55 55
split_gain=1974.73 746.711 271.763 151.961 148.505 62.9139 48.8016 43.9408 32.1447 29.026 28.5255 26.0108 25.2313 24.5676 44.0814 46.8728 27.9888 24.1618 24.9402 28.2073 24.1302 27.1862 26.7042 34.7977 23.5912 23.3094 22.7542 22.5262 22.1969 25.5866
threshold=24.199960708618168 28.131484985351566 22.427556991577152 30.731120109558109 25.557925224304203 23.412658246316571 2.8888675000000004 22.581963539123539 15.500000000000002 10.500000000000002 12.500000000000002 23.401868820190433 3.7002795000000006 12.500000000000002 14.500000000000002 0.46824940871665238 1.5626805193017568 10.500000000000002 11.500000000000002 21.982161521911625 26.095709800720218 24.980099678039554 10.500000000000002 0.9565760000000002 1.3741556482490884 2.8888675000000004 28.401448249106448 33.592250823974616 1.0069823284439103 0.65087356051980727
decision_type=2 2 2 2 2 2 2 2 2 2 2 2 2 2 2 2 2 2 2 2 2 2 2 2 2 2 2 2 2 2
left_child=2 4 8 6 9 17 -3 -7 -1 24 -11 -6 -12 26 15 -15 -17 -4 -19 -20 21 -13 23 -22 25 -2 -9 -5 29 -16
right_child=1 3 5 27 11 7 -8 13 -10 10 12 20 -14 14 28 16 -18 18 19 -21 22 -23 -24 -25 -26 -27 -28 -29 -30 -31
leaf_value=-0.0099727316270813403 0.010922028584912022 0.026839185898399186 -0.0016955012570274795 0.04495734750948948 -0.01561730682849884 0.038236483943003878 -0.017781022629984045 -0.0032151051699657995 -0.014587522356122045 -0.00091239298711609019 0.0066549419329728111 0.038128983537035602 -0.0037155816635896207 -0.00019083093024792347 -0.0038780729566543519 0.011667608194428481 0.043221081958876716 -0.015097902081432654 -0.014253237069514511 -0.0051763923525807477 0.051239045225726115 0.0097008802606621796 0.011402057387987151 0.017904598469445816 -0.020555090216489939 0.0035713367414530331 0.027439549329944631 0.061567866426447168 -0.016130594793241471 0.0088557308241724968
leaf_weight=3902 1065 540 1059 365 28 26 23 2313 2084 1109 1528 31 245 452 673 402 27 302 343 3031 29 1296 750 1002 26 611 22 92 100 180
leaf_count=3902 1065 540 1059 365 28 26 23 2313 2084 1109 1528 31 245 452 673 402 27 302 343 3031 29 1296 750 1002 26 611 22 92 100 180
internal_value=1.47165e-06 0.0113248 -0.00663343 0.0354489 0.00813745 -0.00331805 0.0250163 -0.000642813 -0.0115794 0.00469594 0.00286141 0.013168 0.0052219 -0.000885284 0.00171326 0.00655062 0.0136535 -0.0056882 -0.00683843 -0.00609914 0.0134274 0.010365 0.0157091 0.0188422 0.00780236 0.00824227 -0.00292628 0.0483013 -0.00275863 -0.00119099
internal_weight=23656 8740 14916 1020 7720 8930 563 4195 5986 4584 2882 3136 1773 4169 1834 881 429 4735 3676 3374 3108 1327 1781 1031 1702 1676 2335 457 953 853
internal_count=23656 8740 14916 1020 7720 8930 563 4195 5986 4584 2882 3136 1773 4169 1834 881 429 4735 3676 3374 3108 1327 1781 1031 1702 1676 2335 457 953 853
is_linear=0
shrinkage=0.03


Tree=56
num_leaves=31
num_cat=3
split_feature=9 21 9 9 9 49 9 0 33 6 6 4 0 42 50 55 39 40 32 22 25 6 54 32 0 43 53 4 8 6
split_gain=1860.07 592.564 394.033 116.274 73.7047 56.2631 56.1639 41.1909 31.3359 30.2366 30.047 61.9657 29.317 28.7758 27.2118 26.1304 26.1216 25.9743 25.6833 28.8491 25.1231 24.4222 36.5543 26.7614 24.1171 23.8416 23.6581 51.6018 23.5964 23.4027
threshold=24.855451583862308 29.599962234497074 23.042264938354496 26.327013015747074 22.181354522705082 24.197216987609867 32.32448387395997 0 24.921269416809086 10.500000000000002 10.500000000000002 2.7039940000000002 1 23.265363693237308 25.767369079518804 0.97401156030698688 24.967152595520023 22.059381484985355 25.261417388916019 22.855008125305179 28.548566818237308 13.500000000000002 0.53600300300111137 24.863398551940918 2 28.425627708435062 1.061869092541851 7.250382000000001 1.5000000000000002 8.5000000000000018
decision_type=2 2 2 2 2 2 2 9 2 2 2 2 9 2 2 2 2 2 2 2 2 2 2 2 9 2 2 2 2 2
left_child=2 3 4 14 24 9 29 8 28 16 11 20 17 26 15 -2 -4 -11 -6 -20 -10 23 -23 -9 -1 -15 -7 -28 -5 -3
right_child=1 6 5 7 18 13 -8 21 10 12 -12 -13 -14 25 -16 -17 -18 -19 19 -21 -22 22 -24 -25 -26 -27 27 -29 -30 -31
leaf_value=-0.015136703367252742 0.0068245479512475064 0.063448379093950444 0.0010204570619464506 0.058460077446970071 -0.007014803004311519 0.0082884387904778121 0.051367033211751421 -0.0021613723524363643 0.068945714761229113 -0.01905264434230048 0.014008942162462524 0.02038453566902837 -0.0054177368348397696 0.0021827371016459839 0.011289711098255042 -0.0050280220545052233 0.020844380122919875 0.00042350524653161524 0.041913874514400963 -0.0012445007653340051 0.032737364345363208 -0.03808705007052049 0.0056691937383691795 0.016368406447551109 -0.010296003757426972 0.034281775989636248 0.065456783920526507 0.0019083499260570693 0.02284902455175624 0.031538244113783656
leaf_weight=1655 2392 22 1186 33 4584 117 275 83 34 64 524 539 2428 2505 1323 180 63 1663 20 46 35 20 122 453 2843 21 23 23 34 346
leaf_count=1655 2392 22 1186 33 4584 117 275 83 34 64 524 539 2428 2505 1323 180 63 1663 20 46 35 20 122 453 2843 21 23 23 34 346
internal_value=1.42748e-06 0.0137925 -0.00512993 0.0107493 -0.00939571 -0.000308074 0.0411105 0.016883 0.0202845 -0.00207255 0.0192738 0.0238112 -0.00330289 0.00323794 0.00779347 0.00599505 0.00202038 -0.000296534 -0.00674727 0.0118338 0.0505792 0.0104148 -0.000493658 0.0134991 -0.0121336 0.00244959 0.0154549 0.0336826 0.0403888 0.0334459
internal_weight=23656 6415 17241 5772 9148 8093 643 1877 1199 5404 1132 608 4155 2689 3895 2572 1249 1727 4650 66 69 678 142 536 4498 2526 163 46 67 368
internal_count=23656 6415 17241 5772 9148 8093 643 1877 1199 5404 1132 608 4155 2689 3895 2572 1249 1727 4650 66 69 678 142 536 4498 2526 163 46 67 368
cat_boundaries=0 1 2 3
cat_threshold=7186 6194 4132
is_linear=0
shrinkage=0.03


Tree=57
num_leaves=31
num_cat=1
split_feature=9 9 51 19 18 3 48 48 41 6 6 51 9 6 6 0 54 35 19 41 21 7 3 52 42 40 3 54 3 21
split_gain=1752.03 667.244 240.944 134.806 133.977 44.4118 36.6496 36.5956 27.9507 27.7465 27.1222 31.5513 31.0462 30.721 37.501 29.7276 29.0175 27.7328 25.8229 58.4095 25.0967 23.2947 27.9714 21.4821 28.5841 25.7945 26.1167 20.8464 20.7199 20.6354
threshold=24.17874908447266 28.131484985351566 22.599044767953046 30.731120109558109 25.688286781311039 2.8888675000000004 21.74398593902588 23.380317115533696 23.979513168334964 16.500000000000004 10.500000000000002 26.154037634518392 25.580368041992191 12.500000000000002 14.500000000000002 0 1.1146025523964955 23.836814880371097 26.791204452514652 24.584098815917972 26.1992301940918 14.500000000000002 2.8888675000000004 0.71994941476464458 25.672144889831547 26.654498100280765 0.55585200000000012 0.60273151542669956 0.27658100000000008 33.527359011147468
decision_type=2 2 2 2 2 2 2 2 2 2 2 2 2 2 2 9 2 2 2 2 2 2 2 2 2 2 2 2 2 2
left_child=2 4 6 5 10 23 -1 -4 -6 -9 11 16 -13 27 15 -15 -2 -17 -10 -20 -19 -16 -23 25 -25 26 -3 -12 -27 -5
right_child=1 3 7 29 8 -7 -8 9 18 -11 13 12 -14 14 21 17 -18 20 19 -21 -22 22 -24 24 -26 28 -28 -29 -30 -31
leaf_value=-0.013959127919798682 0.0074390576461590618 0.074413403660058969 -0.0048508546671320301 0.042302184302831856 -0.00071870834858135408 -0.017255725905947063 -0.0090958918353840276 -0.00048315920056887438 0.011624062825561037 -0.0177068528579548 0.0012942179132040608 0.055567981204949317 0.0094405977068276244 0.0050729777448381254 0.0078337215807257974 0.0046674710847544017 -0.017504868585356447 0.018145544597024992 0.06747741449092115 0.016743601377534251 0.046953560308583317 -0.00080755276596671454 -0.02186376135635118 0.030076870432025508 0.0012732918078408523 0.02850340126887705 0.033349675212217413 -0.0081913086361622891 0.0084414816600355234 0.058200281210567632
leaf_weight=2002 1758 20 4165 365 131 23 4597 3973 1932 86 965 24 29 760 241 131 43 223 21 744 31 449 65 57 68 294 46 266 55 92
leaf_count=2002 1758 20 4165 365 131 23 4597 3973 1932 86 965 24 29 760 241 131 43 223 21 744 31 449 65 57 68 294 46 266 55 92
internal_value=9.93426e-07 0.0105773 -0.00630144 0.0333975 0.00759814 0.0235714 -0.0105713 -0.00287527 0.0128139 -0.000848086 0.0046392 0.00751487 0.0303285 0.0029364 0.00532834 0.00875078 0.00684351 0.0154771 0.0134712 0.0181363 0.0216615 0.000138002 -0.0034703 0.0253104 0.0144077 0.0285943 0.0457932 -0.000755457 0.0253418 0.0455027
internal_weight=23656 8833 14823 1020 7813 563 6599 8224 2828 4059 4985 1854 53 3131 1900 1145 1801 385 2697 765 254 755 514 540 125 415 66 1231 349 457
internal_count=23656 8833 14823 1020 7813 563 6599 8224 2828 4059 4985 1854 53 3131 1900 1145 1801 385 2697 765 254 755 514 540 125 415 66 1231 349 457
cat_boundaries=0 1
cat_threshold=4619
is_linear=0
shrinkage=0.03


Tree=58
num_leaves=31
num_cat=2
split_feature=9 20 18 9 9 51 0 9 9 36 53 46 5 33 7 16 29 16 50 54 53 23 37 27 18 46 51 39 0 43
split_gain=1649.69 527.233 350.982 119.674 68.3119 46.4435 44.2479 33.1437 32.0203 28.9215 27.7676 50.6794 26.4612 25.687 24.4226 23.7801 22.607 20.8607 20.269 19.8257 18.9832 22.7381 17.6079 17.1103 16.4942 16.2774 15.714 48.7748 21.6949 20.9909
threshold=24.855451583862308 30.098149299621586 22.773268699646 26.383757591247562 23.809475898742679 22.042603238570479 0 28.131484985351566 32.761945724487312 27.360423089238285 1.5984034883671894 24.462956428527836 2.8888675000000004 24.921269416809086 29.500000000000004 -0.99991200000000002 23.762885091259768 -0.11473800000000044 27.68678097706238 1.3730359512129169 0.13280887451327003 21.39262676239014 23.392961502075199 21.668188095092777 25.688286781311039 24.780130386352543 23.412658246316571 22.658219337463382 1 23.30062294006348
decision_type=2 2 2 2 2 2 9 2 2 2 2 2 2 2 2 2 2 2 2 2 2 2 2 2 2 2 2 2 9 2
left_child=2 3 5 12 26 14 7 13 -3 15 -6 -12 24 25 17 -9 22 -1 -11 -14 21 -19 -8 -23 -2 -5 -4 -28 29 -29
right_child=1 8 4 6 10 -7 16 9 -10 18 11 -13 19 -15 -16 -17 -18 20 -20 -21 -22 23 -24 -25 -26 -27 27 28 -30 -31
leaf_value=-0.011033966909210815 0.0065294650168113734 0.035962486856335352 -0.0046566043026664101 0.021176687225022098 0.0017429637102877797 -0.0075149085449588999 0.0093345417247878166 0.055484227008931332 0.051324809213153647 -0.0048255147339533204 0.0023696579950173262 0.056147289813961831 0.0013157225397614505 0.015391775864359965 -0.014805846530312342 0.027575542037604282 0.01156462205139178 -0.01721725520278726 0.024471004903482804 -0.026045991104955857 -0.0076734010980580927 0.040954810338360924 -0.024059607997536658 0.0079181689556774709 0.010644906498259662 0.058102254292794635 0.041133654452860359 0.010415126057449361 -0.0048880488218778469 -0.00070791013826262928
leaf_weight=1488 2247 367 2821 22 3873 4453 27 50 183 23 46 24 286 779 1640 61 576 21 280 26 160 21 30 43 1437 21 24 173 1153 1301
leaf_count=1488 2247 367 2821 22 3873 4453 27 50 183 23 46 24 286 779 1640 61 576 21 280 26 160 21 30 43 1437 21 24 173 1153 1301
internal_value=1.02795e-06 0.0129888 -0.00483144 0.0103551 -0.000928944 -0.0095263 0.0166211 0.0199626 0.041074 0.0270464 0.00208142 0.0208077 0.00742431 0.0166377 -0.0121817 0.040147 0.00962903 -0.00969839 0.0222472 -0.00096442 -0.00158683 0.00987023 -0.00824133 0.0187583 0.00813476 0.0392101 -0.00309814 -0.00143975 -0.00182869 0.000593548
internal_weight=23656 6415 17241 5865 9415 7826 1869 1236 550 414 3943 70 3996 822 3373 111 633 1733 303 312 245 85 57 64 3684 43 5472 2651 2627 1474
internal_count=23656 6415 17241 5865 9415 7826 1869 1236 550 414 3943 70 3996 822 3373 111 633 1733 303 312 245 85 57 64 3684 43 5472 2651 2627 1474
cat_boundaries=0 1 2
cat_threshold=7186 6802
is_linear=0
shrinkage=0.03


Tree=59
num_leaves=31
num_cat=2
split_feature=18 19 51 20 50 6 6 58 6 48 30 51 18 0 0 6 53 6 6 53 25 53 47 36 29 53 49 53 7 7
split_gain=1551.56 588.165 219.897 129.326 93.2461 36.7703 71.2702 46.9732 40.6346 33.3619 32.8158 30.6347 27.3563 28.5499 25.9862 28.3937 47.5674 34.2596 33.3688 29.4356 25.6494 28.727 25.6397 25.5428 25.1901 24.5322 27.2583 24.2518 23.261 22.6475
threshold=24.233662605285648 27.712713241577152 22.583959992913659 30.763505935512701 25.767369079518804 10.500000000000002 11.500000000000002 11.500000000000002 15.500000000000002 21.74398593902588 24.105970382690433 23.39664300271102 22.678343772888187 0 1 10.500000000000002 1.4854043561016457 12.500000000000002 14.500000000000002 0.57773532487889245 25.059596061706547 1.061869092541851 23.711240769143071 26.877029418945316 24.632914543151859 0.62453812942591902 25.509609031285162 1.3741556482490884 22.500000000000004 12.500000000000002
decision_type=2 2 2 2 2 2 2 2 2 2 2 2 2 9 9 2 2 2 2 2 2 2 2 2 2 2 2 2 2 2
left_child=2 4 9 10 14 7 -7 -4 11 -1 -3 22 -13 -14 -2 27 17 19 25 -17 -12 23 -8 -22 -6 -19 -27 -16 -21 -20
right_child=1 3 5 -5 24 6 8 -9 -10 -11 20 12 13 -15 15 16 -18 18 29 28 21 -23 -24 -25 -26 26 -28 -29 -30 -31
leaf_value=-0.013196891591111114 -0.0040163877750272765 -0.014142346802082928 0.00056417237379934309 0.042318829659717193 -0.016099712613584668 -0.01013871716852812 -0.0045318170010368612 0.035680233274187359 -0.0083048166364111577 -0.0085457484162392468 0.054223984071741928 -0.015025756552138111 0.0070530669509555523 -0.00028456092637136276 0.0086023530325201603 0.0011587469696906355 0.037571831286574403 0.006134576852840406 0.0083061211666406367 -0.02430922819301486 0.040163921266449264 0.00697670128690649 0.0054925074874774948 0.022026306067299269 0.012022641102628746 0.013606276533129498 0.047119585118489335 -0.017356269156390967 -0.0038658671610589533 -0.0035575357220936524
leaf_weight=2004 292 22 1674 454 29 1241 2157 35 830 4515 23 88 687 1519 1755 862 36 811 212 78 81 98 257 509 2490 243 24 33 140 457
leaf_count=2004 292 22 1674 454 29 1241 2157 35 830 4515 23 88 687 1519 1755 862 36 811 212 78 81 98 257 509 2490 243 24 33 140 457
internal_value=9.35122e-07 0.0101214 -0.00583178 0.0297364 0.00700113 -0.00264925 -0.00364067 0.00128334 -0.00218453 -0.00997555 0.0219433 -0.00110555 0.00137691 0.00203123 0.00460711 0.00514608 0.00330476 0.00286839 0.00546505 -0.00133195 0.0230598 0.022018 -0.0034646 0.0245164 0.0116989 0.0087313 0.0166187 0.00812325 -0.0111805 0.000201949
internal_weight=23656 8649 15007 1187 7462 8488 6779 1709 5538 6519 733 4708 2294 2206 4943 4651 2863 2827 1747 1080 711 688 2414 590 2519 1078 267 1788 218 669
internal_count=23656 8649 15007 1187 7462 8488 6779 1709 5538 6519 733 4708 2294 2206 4943 4651 2863 2827 1747 1080 711 688 2414 590 2519 1078 267 1788 218 669
cat_boundaries=0 1 2
cat_threshold=2608 512
is_linear=0
shrinkage=0.03


Tree=60
num_leaves=31
num_cat=0
split_feature=18 19 51 18 50 18 48 23 23 29 23 48 19 42 41 6 6 6 7 54 53 27 39 2 2 20 20 6 2 18
split_gain=1460.4 506.646 252.654 121.565 68.4907 50.8183 31.2033 31.0203 25.0868 24.3512 23.9035 26.191 23.3201 22.1325 21.4758 20.6919 26.4526 25.5422 23.6423 22.7586 21.0651 20.6508 20.1993 24.2197 21.1855 20.1394 19.9997 19.2458 37.9582 27.2384
threshold=24.507459640502933 27.712713241577152 22.583959992913659 30.685413360595707 25.767369079518804 23.404399871826175 21.77449989318848 26.031131744384769 22.349353790283207 24.632914543151859 27.770239830017093 26.079782485961918 26.71972751617432 25.851937294006351 24.745862960815433 10.500000000000002 12.500000000000002 14.500000000000002 41.500000000000007 0.38464059809448375 1.3741556482490884 33.611036300659187 27.543843269348148 0.9565760000000002 6.5827470000000003 28.859903335329594 23.474962234497074 10.500000000000002 0.9565760000000002 25.294208526611332
decision_type=2 2 2 2 2 2 2 2 2 2 2 2 2 2 2 2 2 2 2 2 2 2 2 2 2 2 2 2 2 2
left_child=2 4 6 7 8 -4 -1 13 -2 -6 11 -7 15 -3 -14 20 19 -18 -19 -17 -10 -5 23 -9 -24 -25 -21 28 -11 -30
right_child=1 3 5 21 9 10 -8 22 12 27 -12 -13 14 -15 -16 16 17 18 -20 26 -22 -23 24 25 -26 -27 -28 -29 29 -31
leaf_value=-0.012701841851523555 -0.026214192422187848 0.014805194074908891 -0.0042413420940944878 0.037771097272100138 -0.016970686763525006 -0.00013345678637743301 -0.0082587355077850012 0.059875805303454398 0.0080003002727081114 0.055254178985953327 0.032875657126307481 0.034269099041819573 0.037796291629406245 -0.020400234931055458 -0.0007886260673403739 0.0025590617710819752 0.0086405202588853824 0.0039531061082864957 -0.0109202524396062 0.011743667681542475 -0.017802725467702438 0.053670743690884627 0.023136847295145702 0.034732377733164857 0.0071660766872997965 0.01134413857362233 -0.010794789247420862 0.0089699631476673463 0.04091865231399424 0.012880159883525869
leaf_weight=2095 23 45 4690 366 27 4773 4432 24 1573 20 20 20 37 25 20 537 896 387 128 41 29 92 381 107 93 48 261 1213 32 1221
leaf_count=2095 23 45 4690 366 27 4773 4432 24 1573 20 20 20 37 25 20 537 896 387 128 41 29 92 381 107 93 48 261 1213 32 1221
internal_value=9.41971e-07 0.0108079 -0.0051403 0.0288718 0.00749786 -0.00201894 -0.00968486 0.0212112 0.00502548 0.0113663 0.000146667 1.00965e-05 0.00520929 0.00223183 0.0242577 0.00492742 0.0030721 0.00558042 0.000256427 -0.00114629 0.0075332 0.0409649 0.0232458 0.0318319 0.0200033 0.0274896 -0.00773493 0.0116741 0.0142507 0.0135962
internal_weight=23656 7626 16030 1181 6445 9503 6527 723 3932 2513 4813 4793 3909 70 57 3852 2250 1411 515 839 1602 458 653 179 474 155 302 2486 1273 1253
internal_count=23656 7626 16030 1181 6445 9503 6527 723 3932 2513 4813 4793 3909 70 57 3852 2250 1411 515 839 1602 458 653 179 474 155 302 2486 1273 1253
is_linear=0
shrinkage=0.03


Tree=61
num_leaves=31
num_cat=3
split_feature=9 9 9 19 18 51 37 3 30 0 0 6 51 20 6 6 0 54 55 6 7 3 6 6 44 24 6 6 8 55
split_gain=1382.87 524.994 191.862 106.98 106.289 43.5987 38.4519 37.5887 29.6161 29.2274 22.5207 22.4292 27.7235 31.828 26.8164 33.0504 27.2447 26.4281 23.3139 21.3424 21.2298 25.7884 21.1316 22.9365 23.7204 20.8424 20.0041 19.9473 32.9284 23.1902
threshold=24.17874908447266 28.131484985351566 22.427556991577152 30.731120109558109 25.688286781311039 23.412658246316571 22.582346916198734 2.8888675000000004 23.394674301147464 0 1 10.500000000000002 26.154037634518392 25.700372695922855 12.500000000000002 14.500000000000002 2 1.1146025523964955 1.227039243788125 15.500000000000002 14.500000000000002 2.8888675000000004 10.500000000000002 11.500000000000002 22.037485122680668 22.951189994812015 15.500000000000002 9.5000000000000018 2.5000000000000004 0.71023208536421212
decision_type=2 2 2 2 2 2 2 2 2 9 9 2 2 2 2 2 9 2 2 2 2 2 2 2 2 2 2 2 2 2
left_child=2 4 9 7 11 22 -7 -3 -6 -1 -8 12 17 -14 -13 16 -16 -2 -18 -11 -17 -22 -4 -24 -25 -12 -27 28 -10 -29
right_child=1 3 5 -5 8 6 10 -9 27 19 25 14 13 -15 15 20 18 -19 -20 -21 21 -23 23 24 -26 26 -28 29 -30 -31
leaf_value=-0.012983440711826019 0.0066731544144452565 0.022485580266427455 -0.001018763844719702 0.040422881678178806 -0.01302020340395922 0.036561100684292615 -0.0029734364311430057 -0.01667449939024189 0.014247503082229534 -0.0066746549343997498 0.017446118592691254 -0.00087870750850226173 0.055715830028057099 0.0085343721172501958 0.0045111246827896079 0.0072794346240468901 0.012381300351136935 -0.017131815641945186 0.037132877287896056 -0.011140193491269294 -0.00095521807861421038 -0.021173063296251571 -0.013767500951556655 -0.012172673326352332 -0.0042236655611424213 0.0017470360389767929 -0.0099040944664825561 0.0076401184181943632 0.040371095528421198 0.0143935103223392
leaf_weight=1822 1758 540 1057 457 44 25 2047 23 776 2651 71 1231 22 31 760 241 347 43 38 1513 449 65 301 381 2984 1828 143 1235 46 727
leaf_count=1822 1758 540 1057 457 44 25 2047 23 776 2651 71 1231 22 31 760 241 347 43 38 1513 449 65 301 381 2984 1828 143 1235 46 727
internal_value=9.13715e-07 0.00939718 -0.00559831 0.0296392 0.00675456 -0.00278923 -0.000531444 0.0208858 0.0114002 -0.00974529 -0.000758226 0.00411906 0.00673412 0.0281191 0.00257057 0.00480533 0.00801828 0.0061048 0.014449 -0.00827734 -6.72825e-05 -0.00351195 -0.00475589 -0.00583339 -0.00512369 0.00146977 0.000901723 0.0117862 0.0157094 0.0101425
internal_weight=23656 8833 14823 1020 7813 8837 4114 563 2828 5986 4089 4985 1854 53 3131 1900 1145 1801 385 4164 755 514 4723 3666 3365 2042 1971 2784 822 1962
internal_count=23656 8833 14823 1020 7813 8837 4114 563 2828 5986 4089 4985 1854 53 3131 1900 1145 1801 385 4164 755 514 4723 3666 3365 2042 1971 2784 822 1962
cat_boundaries=0 1 2 3
cat_threshold=4132 237 4619
is_linear=0
shrinkage=0.03


Tree=62
num_leaves=31
num_cat=5
split_feature=9 21 9 9 9 9 49 0 33 6 6 2 42 0 0 54 39 40 6 54 32 22 53 2 8 32 43 0 0 6
split_gain=1302.02 413.8 278.378 84.2314 53.9672 42.1025 40.3401 31.5808 27.4929 26.3491 26.294 52.0289 26.1033 24.7447 24.1231 24.3698 23.9912 22.4519 22.3485 34.0154 22.1846 27.0662 21.6339 47.0801 21.5635 21.4108 21.3354 20.8259 20.8161 20.7894
threshold=24.855451583862308 29.599962234497074 23.042264938354496 26.327013015747074 22.215206146240238 32.32448387395997 24.197216987609867 0 24.921269416809086 10.500000000000002 10.500000000000002 2.7039940000000002 23.265363693237308 1 2 1.3730359512129169 24.967152595520023 22.059381484985355 13.500000000000002 0.53600300300111137 25.261417388916019 22.855008125305179 1.061869092541851 7.250382000000001 1.5000000000000002 24.863398551940918 28.425627708435062 3 4 12.500000000000002
decision_type=2 2 2 2 2 2 2 9 2 2 2 2 2 9 9 2 2 2 2 2 2 2 2 2 2 2 2 9 9 2
left_child=2 3 4 14 27 -3 9 8 24 16 11 -10 22 17 29 -16 -4 -11 25 -20 -6 -22 -8 -24 -5 -9 28 -1 -14 -2
right_child=1 5 6 7 20 -7 12 18 10 13 -12 -13 26 -15 15 -17 -18 -19 19 -21 21 -23 23 -25 -26 -27 -28 -29 -30 -31
leaf_value=-0.01289283847692712 0.0068411301436546766 0.027731399699873493 0.0011288860593699618 0.053276689765466879 -0.0057766786740403048 0.043247781160846356 0.0075458685337350916 -0.0024912420834179026 0.044996078001416244 -0.017559112942399223 0.011298392935903059 0.01732816075793522 -0.0036773281458847445 -0.0048250155823031261 0.0045896851256988615 -0.026461100170145864 0.020127244462436508 0.00054836403591065712 -0.038133396372199056 0.0040759099656563309 0.040882184565067287 -0.00092135753320611038 0.062179526699625932 0.001479171546904937 0.019234157344874211 0.014082939771504375 0.032124865874648093 -0.0085109710298705652 0.0031184685702127153 0.01372510963506097
leaf_weight=1679 1206 368 1186 33 4398 275 117 83 69 64 524 539 500 2428 2079 23 63 1663 20 122 20 46 23 23 34 453 21 3005 2005 587
leaf_count=1679 1206 368 1186 33 4398 275 117 83 69 64 524 539 500 2428 2079 23 63 1663 20 122 20 46 23 23 34 453 21 3005 2005 587
internal_value=7.41155e-07 0.0115391 -0.00429242 0.00899599 -0.00787791 0.0343675 -0.000239522 0.0142165 0.0171853 -0.0017336 0.0162235 0.0204681 0.00276308 -0.00288213 0.0064802 0.00422981 0.00208717 -0.000121965 0.00858633 -0.00186906 -0.0055176 0.0117464 0.0143989 0.0318293 0.0360014 0.0115164 0.00201223 -0.0101274 0.00175979 0.00904439
internal_weight=23656 6415 17241 5772 9148 643 8093 1877 1199 5404 1132 608 2689 4155 3895 2102 1249 1727 678 142 4464 66 163 46 67 536 2526 4684 2505 1793
internal_count=23656 6415 17241 5772 9148 643 8093 1877 1199 5404 1132 608 2689 4155 3895 2102 1249 1727 678 142 4464 66 163 46 67 536 2526 4684 2505 1793
cat_boundaries=0 1 2 3 4 5
cat_threshold=7186 6194 2160 4132 672
is_linear=0
shrinkage=0.03


Tree=63
num_leaves=31
num_cat=1
split_feature=9 9 9 19 18 51 36 5 30 6 7 9 6 6 55 6 51 20 6 6 0 54 35 55 52 55 55 54 42 54
split_gain=1226.51 465.832 170.332 95.3666 94.8323 38.918 35.9638 34.1643 27.4687 27.1156 21.3308 21.1323 20.9881 35.2842 40.7958 20.9837 25.739 30.0262 25.0102 31.2014 24.9011 24.8348 24.3894 21.3997 20.8657 20.7287 24.1664 22.1562 20.4243 20.8386
threshold=24.17874908447266 28.131484985351566 22.427556991577152 30.731120109558109 25.688286781311039 23.412658246316571 22.581963539123539 2.8888675000000004 23.394674301147464 15.500000000000002 23.500000000000004 21.610940933227543 12.500000000000002 14.500000000000002 0.46824940871665238 10.500000000000002 26.154037634518392 25.700372695922855 12.500000000000002 14.500000000000002 0 1.1146025523964955 23.836814880371097 1.3787832903696273 1.5626805193017568 1.0069823284439103 0.65087356051980727 0.73687071357302747 28.401448249106448 0.62091997908856233
decision_type=2 2 2 2 2 2 2 2 2 2 2 2 2 2 2 2 2 2 2 2 9 2 2 2 2 2 2 2 2 2
left_child=2 4 9 7 15 -4 -7 -3 -6 10 -1 -12 28 14 -14 16 21 -18 -17 20 -20 -2 -22 -24 -16 26 -15 -28 29 -8
right_child=1 3 5 -5 8 6 12 -9 -10 -11 11 -13 13 25 24 18 17 -19 19 -21 22 -23 23 -25 -26 -27 27 -29 -30 -31
leaf_value=-0.0048900995225704784 0.0063447984835501058 0.02117742856910142 -0.0044841244675077035 0.03809846615724477 -0.012770057766782967 0.034678576049896388 -0.0014064465908652547 -0.016156234903180078 0.011120107557813157 -0.011943030111980914 -0.014153414322241438 -0.0077717518021353377 -0.0002438536303187091 -0.0034470434377907979 0.011088731241770268 -0.00095803010269825389 0.053809855497357513 0.007983274753055266 0.0043005940975438398 -0.00020310122292605998 0.0036450211971088219 -0.016731423725655604 0.016967565732130725 0.048587026000022883 0.038840841461832705 -0.015304885434946326 0.017845833413036805 -0.0035872511731813083 0.026145236217840147 -0.0084357618487154312
leaf_weight=1495 1758 540 4723 457 44 26 1786 23 2784 2084 634 1773 444 658 392 1231 22 31 760 755 131 43 233 21 26 99 105 74 22 482
leaf_count=1495 1758 540 4723 457 44 26 1786 23 2784 2084 634 1773 444 658 392 1231 22 31 760 755 131 43 233 21 26 99 105 74 22 482
internal_value=3.79204e-07 0.00884951 -0.00527281 0.0279169 0.00636024 -0.00262603 -0.000492883 0.0196523 0.0107484 -0.00918018 -0.00770458 -0.00945267 -0.000716576 0.00170934 0.0060886 0.00387082 0.00640022 0.0270056 0.00237306 0.00453125 0.00765304 0.00579384 0.0138007 0.0195818 0.0128149 -0.0023237 -0.00078829 0.00898523 -0.00262129 -0.00290033
internal_weight=23656 8833 14823 1020 7813 8837 4114 563 2828 5986 3902 2407 4088 1798 862 4985 1854 53 3131 1900 1145 1801 385 254 418 936 837 179 2290 2268
internal_count=23656 8833 14823 1020 7813 8837 4114 563 2828 5986 3902 2407 4088 1798 862 4985 1854 53 3131 1900 1145 1801 385 254 418 936 837 179 2290 2268
cat_boundaries=0 1
cat_threshold=4619
is_linear=0
shrinkage=0.03


Tree=64
num_leaves=31
num_cat=3
split_feature=9 20 19 9 6 9 0 52 9 53 52 53 36 9 0 55 6 53 3 27 17 55 6 30 6 10 19 2 0 41
split_gain=1155.03 368.925 247.788 87.0967 42.9297 42.0685 34.1146 29.2362 28.2446 26.4951 34.7796 25.9135 24.8232 22.6934 22.6377 28.4636 62.796 33.2435 22.2253 22.0992 21.2772 19.5138 23.3318 20.0375 19.49 29.0939 19.3501 19.0959 18.8949 19.2285
threshold=24.855451583862308 30.098149299621586 22.889492034912113 26.383757591247562 15.500000000000002 23.7708883262085 0 2.0980166161844136 21.740428925412601 1.061869092541851 0.32781929200089743 0.12489443595018419 27.360423089238285 28.810048104199222 1 1.0263217621186491 10.500000000000002 0.36210419138566147 2.8888675000000004 25.101541519165043 0.69413000000000002 0.54960568053872849 10.500000000000002 22.270658493041996 13.500000000000002 4.5000000000000009 26.583355903625492 6.5827470000000003 2 24.027417182922367
decision_type=2 2 2 2 2 2 9 2 2 2 2 2 2 2 9 2 2 2 2 2 2 2 2 2 2 2 2 2 9 2
left_child=2 3 4 18 14 8 7 9 -4 10 20 -3 -11 19 15 -1 17 -17 -2 -12 -5 22 27 -23 -8 26 -26 -7 -6 -30
right_child=1 11 5 6 28 21 24 -9 -10 12 13 -13 -14 -15 -16 16 -18 -19 -20 -21 -22 23 -24 -25 25 -27 -28 -29 29 -31
leaf_value=-0.011007048955598266 0.006815698934615551 0.042941906323183829 -0.034265845048427584 0.016131016205962526 -0.014355309412118282 0.010902724004307284 0.010784100086160727 0.047378906424024272 -0.0022947672949582398 0.013457301861696665 0.051427512211459026 0.029419463304215694 -0.017090721504332929 0.041243686840605379 -0.0052013519913710164 0.0561319972100583 -0.013920126831158995 0.0093233371898531914 -0.0015234248996868981 0.019438241628244864 0.0016387438546275315 -0.015959228431539876 -0.001944190678073201 0.0050665528750678136 0.0016206526270379192 0.028723131385834318 -0.023838901032101022 0.0012952771410111113 -0.0092687834174679587 0.013542780886200489
leaf_weight=1322 3684 201 25 652 989 258 497 28 4755 62 21 349 39 67 4364 22 80 36 312 261 106 42 1705 1419 69 23 44 669 1521 34
leaf_count=1322 3684 201 25 652 989 258 497 28 4755 62 21 349 39 67 4364 22 80 36 312 261 106 42 1705 1419 69 23 44 669 1521 34
internal_value=4.22363e-07 0.010868 -0.00404315 0.00866483 -0.00774658 -0.000550492 0.0140104 0.016936 -0.00246198 0.0163706 0.0177126 0.0343613 0.00166153 0.0255492 -0.00632642 -0.00958802 0.00331112 0.0270783 0.0061646 0.0218204 0.0141044 0.00168183 0.000138525 0.00446212 0.00790551 -0.00203275 -0.0082928 0.00396919 -0.0109978 -0.00871397
internal_weight=23656 6415 17241 5865 8368 8873 1869 1236 4780 1208 1107 550 101 349 5824 1460 138 58 3996 282 758 4093 2632 1461 633 136 113 927 2544 1555
internal_count=23656 6415 17241 5865 8368 8873 1869 1236 4780 1208 1107 550 101 349 5824 1460 138 58 3996 282 758 4093 2632 1461 633 136 113 927 2544 1555
cat_boundaries=0 1 2 3
cat_threshold=7186 4132 548
is_linear=0
shrinkage=0.03


Tree=65
num_leaves=31
num_cat=2
split_feature=18 19 9 9 9 51 30 25 23 58 55 53 0 21 35 3 23 21 53 23 30 0 9 3 53 52 41 18 55 47
split_gain=1087.21 412.804 158.661 92.9939 77.9601 33.3101 27.9582 32.2541 41.1425 25.1058 24.6274 33.0313 23.7547 22.0315 21.5558 26.7565 20.5926 19.6545 19.3931 28.5888 48.8595 18.4554 17.31 16.7177 16.443 16.2429 16.2203 15.8275 16.0515 19.5751
threshold=24.233662605285648 27.712713241577152 22.427556991577152 30.665832519531254 25.723391532897953 22.92717520405526 24.105970382690433 25.059596061706547 26.031131744384769 11.500000000000002 0.38804552413186888 0.37205189526034227 0 26.647293090820316 26.718588829040531 0.27658100000000008 22.363965987377934 26.9657096862793 1.5984034883671894 25.249814987182621 24.086520195007328 1 33.462202072143562 3.7002795000000006 2.0257432909483923 1.5626805193017568 25.887962341308597 22.409682275356449 0.28859288463288729 25.862066268920902
decision_type=2 2 2 2 2 2 2 2 2 2 2 2 9 2 2 2 2 2 2 2 2 9 2 2 2 2 2 2 2 2
left_child=2 4 12 6 16 -4 -3 -8 13 17 -11 -12 -1 -9 15 -10 -2 27 21 20 -20 -18 -5 24 -6 -21 -17 -7 -29 -30
right_child=1 3 5 22 23 9 7 8 14 10 11 -13 -14 -15 -16 26 18 -19 19 25 -22 -23 -24 -25 -26 -27 -28 28 29 -31
leaf_value=-0.01159412823813174 -0.020357508523156865 -0.015000548674301669 -0.0052913500434625012 0.032632885394086472 0.010035040538563324 -0.016706402237947667 0.052809312736988065 0.0075856226472450156 0.063607923750366488 -0.0028670114161458943 0.049000128635338369 0.0073184873556204934 -0.0073517948122980379 -0.031885192751884457 0.018056602473803009 0.037306327051841295 -0.0044125087618141247 0.02158948951824145 0.003991480598395521 0.021178848914802071 0.067966263102633609 0.0039596154252362356 0.047209975233544477 -0.012187031164765359 0.029422277575358747 -0.015093435993790627 0.00737841538552727 -0.0037680170754054092 -7.0793128602266345e-06 -0.0091704288189514323
leaf_weight=1821 32 22 2536 361 2509 62 25 35 21 57 28 44 4149 20 544 39 244 33 22 20 21 4519 92 30 40 25 28 1910 4146 221
leaf_count=1821 32 22 2536 361 2509 62 25 35 21 57 28 44 4149 20 544 39 244 33 22 20 21 4519 92 30 40 25 28 1910 4146 221
internal_value=1.61677e-07 0.00847188 -0.00488236 0.0249047 0.00585787 -0.00237518 0.0183081 0.0193373 0.0181192 -0.00123761 0.0118651 0.023528 -0.00867755 -0.0067674 0.020285 0.0340603 0.00362937 -0.00150287 0.0037876 0.0177426 0.035235 0.00352978 0.0355934 0.0100772 0.0103393 0.00102758 0.0247991 -0.00162308 -0.0014741 -0.000470807
internal_weight=23656 8649 15007 1187 7462 9037 734 712 687 6501 129 72 5970 55 632 88 4883 6372 4851 88 43 4763 453 2579 2549 45 67 6339 6277 4367
internal_count=23656 8649 15007 1187 7462 9037 734 712 687 6501 129 72 5970 55 632 88 4883 6372 4851 88 43 4763 453 2579 2549 45 67 6339 6277 4367
cat_boundaries=0 1 2
cat_threshold=4132 512
is_linear=0
shrinkage=0.03


Tree=66
num_leaves=31
num_cat=0
split_feature=9 9 51 24 9 6 6 6 53 17 54 9 6 7 39 7 7 4 8 46 9 9 36 52 30 54 54 54 26 54
split_gain=1025.85 333.483 208.998 81.9558 38.6198 32.7968 30.8541 28.6199 26.9251 24.5078 24.1852 25.3614 23.9959 36.5086 27.0851 24.5015 40.1537 30.5728 42.4573 21.5256 21.644 21.0959 20.9536 30.3198 20.7364 21.8156 19.8271 18.9675 18.9069 19.4404
threshold=24.776408195495609 30.025896072387699 22.807548840866705 26.801321029663089 23.809475898742679 15.500000000000002 10.500000000000002 12.500000000000002 0.14616904241913378 1.1558070000000003 0.60941745965553629 26.44217681884766 14.500000000000002 11.500000000000002 24.477409362792972 29.500000000000004 15.500000000000002 8.9239605000000015 3.5000000000000004 21.745718002319339 22.410684585571293 26.142670631408695 23.921624183654789 2.0980166161844136 26.843494415283207 1.0433416496784129 1.077511767669433 1.2823806037734666 21.302151679992679 1.0140904424192541
decision_type=2 2 2 2 2 2 2 2 2 2 2 2 2 2 2 2 2 2 2 2 2 2 2 2 2 2 2 2 2 2
left_child=2 3 5 6 19 28 21 10 -3 22 -8 -12 15 14 -14 16 -9 -18 -19 -4 -21 26 -5 -24 -10 -26 -2 -13 -1 -30
right_child=1 8 4 9 -6 -7 7 12 24 -11 11 27 13 -15 -16 -17 17 18 -20 20 -22 -23 23 -25 25 -27 -28 -29 29 -31
leaf_value=-0.012034398592304043 0.007421866492476753 0.039756803790810688 0.027867545400347027 -0.014263289362192153 0.001511239383772113 -0.010508528826258823 0.0024821440596941515 0.0046784531677875555 -0.0031329928077757359 0.0016295971982181073 -0.014395432912551768 -0.010765279481268446 -0.0050454112372415906 -0.0026187353913797958 0.020837307657723819 0.0051766995894578175 0.018003339196400875 0.074929890998385165 0.014535610925406218 -0.0087064234395048731 -0.0020043511035591696 0.013195114718049308 0.015890091742613612 0.046467512182891371 0.026055522330381952 0.056487490016481151 -0.013471796468698552 0.02571556324075008 -0.0054371121726062895 -0.019216752102638176
leaf_weight=467 1528 241 21 20 3620 2402 814 198 20 115 168 23 51 452 127 548 199 22 20 473 5216 678 1075 30 271 23 42 29 4669 94
leaf_count=467 1528 241 21 20 3620 2402 814 198 20 115 168 23 51 452 127 548 199 22 20 473 5216 678 1075 30 271 23 42 29 4669 94
internal_value=-8.91944e-08 0.00994452 -0.0039247 0.0079312 -0.000912854 -0.00760663 0.00618731 0.00399492 0.0322144 0.014821 9.68882e-05 -0.00872856 0.00648754 0.00191326 0.0134215 0.00940729 0.0146883 0.0229122 0.0461707 -0.00244967 -0.00256158 0.00877272 0.0161694 0.0167202 0.0264255 0.0284363 0.00686293 0.00957981 -0.00627387 -0.00570906
internal_weight=23656 6694 16962 6139 9330 7632 4899 2651 555 1240 1034 220 1617 630 178 987 439 241 42 5710 5689 2248 1125 1105 314 294 1570 52 5230 4763
internal_count=23656 6694 16962 6139 9330 7632 4899 2651 555 1240 1034 220 1617 630 178 987 439 241 42 5710 5689 2248 1125 1105 314 294 1570 52 5230 4763
is_linear=0
shrinkage=0.03


Tree=67
num_leaves=31
num_cat=0
split_feature=48 9 9 6 51 9 6 40 6 6 49 3 2 32 7 51 27 53 29 41 6 27 23 43 54 47 17 6 53 55
split_gain=967.554 270.358 258.198 49.7293 47.9394 42.2951 35.4703 33.875 33.0832 34.3419 40.9169 45.4033 31.0227 29.0188 23.9593 22.5418 48.0281 23.2233 48.8371 35.6345 21.6603 21.2587 39.1966 29.9906 20.4516 20.1344 19.6756 29.8703 19.7426 19.3644
threshold=25.298513603446292 23.15745830535889 29.563299179077152 10.500000000000002 22.28114802032227 26.779591562863775 9.5000000000000018 21.505230903625492 11.500000000000002 14.500000000000002 24.359889316558839 0.55585200000000012 6.5827470000000003 26.852937698364265 29.500000000000004 24.021822643261562 23.793564796533207 1.5984034883671894 24.352922439575199 25.083543777465824 14.500000000000002 25.070118905605472 25.746377944946293 23.739171028137211 0.9881657762529189 24.039796829223636 -1.3485769999999997 13.500000000000002 0.36877442323913079 1.7474269604769683
decision_type=2 2 2 2 2 2 2 2 2 2 2 2 2 2 2 2 2 2 2 2 2 2 2 2 2 2 2 2 2 2
left_child=1 4 5 12 14 15 -4 -5 25 10 11 26 -3 -8 20 -2 -17 -18 -19 -20 24 23 -23 -7 -1 -9 -10 28 -28 -14
right_child=2 3 6 7 -6 21 13 8 9 -11 -12 -13 29 -15 -16 16 17 18 19 -21 -22 22 -24 -25 -26 -27 27 -29 -30 -31
leaf_value=-0.0034840880984885738 0.034658062251077759 0.0091890552523454863 0.037586992462764361 -0.039775947913527489 -0.0045174202258376215 0.005601853374391794 -0.0092420297116041182 -0.011106818514011709 0.0028212305215856758 -0.0029209265506258113 0.0076999223510674022 -0.00092467589029978487 0.0015094892992895883 0.025579807326131691 -0.010903442138288985 -0.025954562120426159 0.0070083152108099574 0.06076888073574413 -0.01206051519996411 0.024619972627999177 -0.0096723796182070013 -0.0085074701165111458 0.014555282453036033 0.045318677497350357 -0.03202853868189065 -0.0027141181523269776 0.058848200988024471 0.0058418159744821401 0.021850660626627764 0.021222854165927223
leaf_weight=1269 27 767 280 20 4931 28 23 339 64 1748 908 2188 1788 339 2339 39 2945 22 37 67 1135 71 1007 44 23 1067 25 43 27 46
leaf_count=1269 27 767 280 20 4931 28 23 339 64 1748 908 2188 1788 339 2339 39 2945 22 37 67 1135 71 1007 44 23 1067 25 43 27 46
internal_value=-8.65064e-08 -0.00311276 0.0118261 0.000622593 -0.00659118 0.00916894 0.0295691 -0.000793468 -0.000671819 0.000470815 0.00229225 0.000200144 0.00412273 0.0233674 -0.00873673 0.00736476 0.00712781 0.00754793 0.0201604 0.0115702 -0.00664858 0.0140904 0.0130363 0.0298732 -0.00399223 -0.00473768 0.0156788 0.0243407 0.0396379 0.00200394
internal_weight=23656 18727 4929 9030 9697 4287 642 6429 6409 5003 3255 2347 2601 362 4766 3137 3110 3071 126 104 2427 1150 1078 72 1292 1406 159 95 52 1834
internal_count=23656 18727 4929 9030 9697 4287 642 6429 6409 5003 3255 2347 2601 362 4766 3137 3110 3071 126 104 2427 1150 1078 72 1292 1406 159 95 52 1834
is_linear=0
shrinkage=0.03


Tree=68
num_leaves=31
num_cat=4
split_feature=9 18 51 18 9 6 54 8 42 6 6 8 0 52 36 22 33 49 55 0 28 0 7 6 8 51 0 53 35 36
split_gain=912.257 347 128.48 69.08 68.5152 28.5588 50.513 32.3867 25.4537 27.9726 37.8717 33.3188 24.6215 49.0433 27.1968 25.6842 26.1152 24.5292 32.4999 30.9137 23.2706 22.2232 21.3072 20.3327 24.3234 22.9333 21.1335 28.5206 24.9051 22.092
threshold=24.17874908447266 27.930052757263187 22.599044767953046 30.685413360595707 25.683939933776859 9.5000000000000018 1.7646728911732963 1.5000000000000002 28.401448249106448 12.500000000000002 15.500000000000002 3.5000000000000004 0 1.5626805193017568 26.877029418945316 27.973353385925297 24.921269416809086 22.553674030383551 1.0474774996544187 1 21.346254348754886 2 53.500000000000007 9.5000000000000018 2.5000000000000004 24.988395023311366 3 0.14142989421718447 26.165541651279302 26.963030815124515
decision_type=2 2 2 2 2 2 2 2 2 2 2 2 9 2 2 2 2 2 2 9 2 9 2 2 2 2 9 2 2 2
left_child=2 4 20 12 21 6 17 -7 9 -9 11 -11 14 -14 -3 16 -15 18 -4 -19 -1 -2 -12 24 -6 -26 27 -25 29 -29
right_child=1 3 5 -5 23 7 -8 8 -10 10 22 -13 13 15 -16 -17 -18 19 -20 -21 -22 -23 -24 26 25 -27 -28 28 -30 -31
leaf_value=-0.012055993060921274 -0.0053521044678054748 0.03640056269959762 -0.00044832890587193623 0.032210158065975221 0.011641219235847192 -8.9281128633525667e-05 0.048110443719408723 -0.0069101309544627324 0.028010650165379045 -0.0025125628672787834 -0.0064656701294478029 0.0064721704796565143 -0.023458850059658289 0.033014811990516528 0.017179780694682529 0.043985247637914573 -0.0090815379718939462 -0.0035293607814836339 0.046611588102579114 0.0093977779065857504 -0.0069428800231729933 0.0037070008910159253 -0.025422962230855019 0.035107230753214522 0.011658959255354212 0.048836129531264302 0.0050096716587212037 0.01380383144516409 0.0046532528473684316 0.04257612590892957
leaf_weight=933 250 78 28 463 755 2799 22 2077 22 1253 667 528 40 21 440 23 36 510 25 235 5666 4651 58 44 28 32 1275 315 356 26
leaf_count=933 250 78 28 463 755 2799 22 2077 22 1253 667 528 40 21 440 23 36 510 25 235 5666 4651 58 44 28 32 1275 315 356 26
internal_value=-8.39199e-08 0.00763165 -0.00454782 0.023389 0.00538787 -0.00204593 0.00326629 -0.00263426 -0.00418115 -0.00433568 -0.00220194 0.000151075 0.0169875 0.00338217 0.0196938 0.0172255 0.00642764 0.00202998 0.0217497 0.000627098 -0.0076658 0.00324154 -0.00798225 0.00910357 0.0131022 0.0314868 0.00748705 0.0115266 0.0102034 0.0159976
internal_weight=23656 8833 14823 1101 7732 8224 820 7404 4605 4583 2506 1781 638 120 518 80 57 798 53 745 6599 4901 725 2831 815 60 2016 741 697 341
internal_count=23656 8833 14823 1101 7732 8224 820 7404 4605 4583 2506 1781 638 120 518 80 57 798 53 745 6599 4901 725 2831 815 60 2016 741 697 341
cat_boundaries=0 1 2 3 4
cat_threshold=7168 548 512 2096
is_linear=0
shrinkage=0.03


Tree=69
num_leaves=31
num_cat=1
split_feature=18 9 9 9 54 21 6 55 32 37 6 2 0 27 53 29 41 34 6 32 54 43 30 29 35 7 34 6 2 33
split_gain=859.786 322.895 127.197 67.3327 61.6785 30.74 28.3885 23.7698 23.6665 21.8226 26.4907 25.9125 21.5783 21.3752 29.5239 36.149 38.0992 22.79 24.3944 21.0115 40.7812 84.6167 19.7491 18.2534 20.5434 17.3568 15.5304 15.0793 27.2729 18.7669
threshold=24.233662605285648 28.131484985351566 22.427556991577152 25.922722816467289 0.27775206082403442 27.383802413940433 15.500000000000002 0.28214013599619397 22.006628036499027 32.660984039306648 9.5000000000000018 0.9565760000000002 0 23.645477294921879 1.5984034883671894 24.374980926513675 25.083543777465824 24.245283126831058 12.500000000000002 27.877727508544925 1.7646728911732963 23.350234985351566 26.766781806945804 25.629757881164554 27.355128288269047 52.500000000000007 23.76021766662598 10.500000000000002 0.9565760000000002 26.443635940551761
decision_type=2 2 2 2 2 2 2 2 2 2 2 2 9 2 2 2 2 2 2 2 2 2 2 2 2 2 2 2 2 2
left_child=2 3 12 13 -3 -6 7 -4 -9 10 11 -7 -1 17 -15 -16 -17 -2 -19 20 -10 -22 -18 -12 -25 -8 -23 28 -5 -29
right_child=1 4 6 27 5 9 25 8 19 -11 23 -13 -14 14 15 16 22 18 -20 -21 21 26 -24 24 -26 -27 -28 29 -30 -31
leaf_value=-0.010510073218584364 0.00079865268499651823 0.033855148390458341 -0.0038721524607352653 0.040724963612597566 0.0018742705583572386 0.050323388212256959 -0.0056878087304654363 -0.0088688553622532224 -9.0072469330709402e-05 -0.00093723172178635222 -0.0052816301698868084 0.019859100791843647 -0.0064832490282882961 0.0038149457518024052 0.050392736560450152 -0.016572625954304972 0.0091976737182947899 -0.031782824637989204 -0.0010373813030309976 -0.022139255098606411 0.074894362002611167 -0.01562255894360335 0.045446193064562976 0.038455274389947162 0.018103939224796774 -0.020414969743444367 0.015459707697423605 0.01099679528338475 0.011289118976211453 0.0028215124335088568
leaf_weight=1821 349 342 2576 29 90 54 940 280 5043 39 26 47 4149 4824 26 31 31 45 48 38 20 23 24 51 358 78 39 523 1223 489
leaf_count=1821 349 342 2576 29 90 54 940 280 5043 39 26 47 4149 4824 26 31 31 45 48 38 20 23 24 51 358 78 39 523 1223 489
internal_value=3.56991e-08 0.00753376 -0.00434188 0.00542959 0.023502 0.0181776 -0.00209703 -0.00149794 -0.000374299 0.0207294 0.0223059 0.0361469 -0.00774 0.00360251 0.00416848 0.0193955 0.0100242 -0.00271785 -0.0159142 8.6378e-05 0.000251173 0.0212378 0.0250152 0.0190922 0.0206416 -0.00681622 0.00392919 0.00976973 0.0119709 0.00704649
internal_weight=23656 8649 15007 7642 1007 665 9037 8019 5443 575 536 101 5970 5378 4936 112 86 442 93 5163 5125 82 55 435 409 1018 62 2264 1252 1012
internal_count=23656 8649 15007 7642 1007 665 9037 8019 5443 575 536 101 5970 5378 4936 112 86 442 93 5163 5125 82 55 435 409 1018 62 2264 1252 1012
cat_boundaries=0 1
cat_threshold=4132
is_linear=0
shrinkage=0.03


Tree=70
num_leaves=31
num_cat=0
split_feature=9 20 19 23 6 9 29 3 9 6 6 7 2 54 29 20 30 28 17 55 6 9 55 18 45 6 47 7 6 55
split_gain=811.715 257.915 175.722 61.9258 35.6514 27.5427 23.1838 22.8769 22.858 22.0461 24.4131 22.667 34.5943 27.9877 21.784 20.917 19.1261 18.2018 18.1457 18.0605 20.1331 17.1642 17.0262 16.7877 16.6682 19.7747 16.5561 22.7103 18.9363 28.5756
threshold=24.855451583862308 30.098149299621586 22.944904328884281 26.797231674194339 15.500000000000002 23.7708883262085 24.771813392639164 3.7002795000000006 21.740428925412601 10.500000000000002 12.500000000000002 30.500000000000004 8.9239605000000015 0.52506085407231795 23.491026878356937 32.815729140126962 24.330897333198248 23.554657936096195 1.1558070000000003 0.54960568053872849 10.500000000000002 28.131484985351566 0.53160002764639835 22.869206428527836 24.750662803649906 10.500000000000002 21.897820472717289 29.500000000000004 12.500000000000002 1.227039243788125
decision_type=2 2 2 2 2 2 2 2 2 2 2 2 2 2 2 2 2 2 2 2 2 2 2 2 2 2 2 2 2 2
left_child=2 3 4 7 26 8 -5 9 -4 17 14 12 -12 22 -11 -3 -14 -2 21 20 -7 -8 -13 -9 -23 -26 27 -1 29 -28
right_child=1 15 5 6 -6 19 18 23 -10 10 11 13 16 -15 -16 -17 -18 -19 -20 -21 -22 24 -24 -25 25 -27 28 -29 -30 -31
leaf_value=-0.0038369431119265867 -0.013532233102755113 0.024605280000937826 -0.033194354389395032 -0.008937908887136272 -0.0093540747844781443 0.0035072239724475165 0.012611306535659877 0.023831794850528238 -0.0018222385630546956 -0.030474946606904269 0.0071100468477425091 0.00025892127678821703 0.046055693779554631 0.0075632137876948547 0.0011740416485282151 0.03700474524627561 0.018172289282537814 0.0089371968244182226 0.002279250341364079 0.004112514724374905 -0.0019895045826211297 0.047309156320989129 -0.016136721260396832 -0.0046950393152375104 0.026472425039995598 0.011603260615433099 -0.0064773281825282209 -0.010628894278445997 -0.00186650336424332 0.012584889467856655
leaf_weight=806 33 366 21 41 2592 926 742 20 4491 20 610 182 27 422 917 184 123 1936 108 1456 1702 20 83 259 162 160 2324 984 1866 73
leaf_count=806 33 366 21 41 2592 926 742 20 4491 20 610 182 27 422 917 184 123 1936 108 1456 1702 20 83 259 162 160 2324 984 1866 73
internal_value=-1.80886e-07 0.00911018 -0.00338995 0.00726809 -0.00641003 -0.00035265 0.0132429 0.00567764 -0.00196825 0.0062114 0.00427113 0.00671408 0.010284 0.00276485 0.000498503 0.0287535 0.0231913 0.00856061 0.0140059 0.00143227 -5.26817e-05 0.0151742 -0.00487632 -0.0026501 0.0207346 0.019084 -0.00514933 -0.00757062 -0.00413266 -0.00589679
internal_weight=23656 6415 17241 5865 8645 8596 1233 4632 4512 4353 2384 1447 760 687 937 550 150 1969 1192 4084 2628 1084 265 279 342 322 6053 1790 4263 2397
internal_count=23656 6415 17241 5865 8645 8596 1233 4632 4512 4353 2384 1447 760 687 937 550 150 1969 1192 4084 2628 1084 265 279 342 322 6053 1790 4263 2397
is_linear=0
shrinkage=0.03


Tree=71
num_leaves=31
num_cat=3
split_feature=48 9 9 6 0 0 20 0 53 6 29 54 9 40 6 6 42 6 6 54 7 8 47 41 50 3 7 25 54 8
split_gain=763.994 214.37 202.831 44.1846 39.806 36.1485 34.0431 33.2155 30.8283 29.9119 27.1197 23.9464 22.018 21.8532 21.6593 24.1864 20.205 19.9794 30.4536 29.1788 19.6104 17.769 17.6484 25.1757 22.7205 23.5899 16.6243 17.6737 16.3753 15.712
threshold=25.298513603446292 23.15745830535889 29.563299179077152 10.500000000000002 0 1 27.224102973937992 2 0.14616904241913378 15.500000000000002 25.96840858459473 1.0433416496784129 24.17874908447266 22.059381484985355 11.500000000000002 15.500000000000002 24.090883255004886 12.500000000000002 14.500000000000002 0.4019050881928336 50.500000000000007 3.5000000000000004 22.8874044418335 23.751822471618656 24.931576442640381 2.3073580000000002 30.500000000000004 25.53881931304932 0.58596935540209183 1.5000000000000002
decision_type=2 2 2 2 9 9 2 9 2 2 2 2 2 2 2 2 2 2 2 2 2 2 2 2 2 2 2 2 2 2
left_child=1 4 6 5 -1 -3 12 17 -4 21 -10 -12 -2 -9 -15 -16 -11 28 19 -19 -17 29 -14 -24 25 -25 -21 -28 -5 -6
right_child=2 3 8 7 9 -7 -8 13 10 16 11 -13 22 14 15 20 -18 18 -20 26 -22 -23 23 24 -26 -27 27 -29 -30 -31
leaf_value=-0.0092931835463500763 -0.011494963313452899 0.0011942893019272641 0.034714497234131288 -0.0038358653699990929 -0.00093811184838444044 0.0085823377349232149 0.013565018472894881 -0.016317185602135589 -0.0078984373725122861 -0.0083795823052033314 0.020681499807729518 0.045807077286666942 0.030054289920255543 -0.0041411723725445146 0.0039602811928009631 -0.0022510903399605821 0.0094367976126781966 -0.0053527087687846916 -0.005323114652007464 0.0099893772642135545 -0.025822825950259962 0.0038982107536867259 -0.011997597871288176 0.012281987527012825 0.0069233314688377789 0.048993007203807004 -0.00047677792042898206 0.023441231667995454 -0.011591725003109225 -0.0049027646419825691
leaf_weight=2330 58 1676 241 1115 1170 925 841 61 27 1974 336 38 30 465 2271 270 59 314 794 379 36 271 62 50 3223 23 380 30 314 3893
leaf_count=2330 58 1676 241 1115 1170 925 841 61 27 1974 336 38 30 465 2271 270 59 314 794 379 36 271 62 50 3223 23 380 30 314 3893
internal_value=-1.75458e-07 -0.0027661 0.0105086 0.000560065 -0.00586348 0.00385931 0.00815351 -0.000774719 0.0262346 -0.00475968 0.0211381 0.0232344 0.00683282 0.00145692 0.00181813 0.00289344 -0.00786253 -0.00285254 -0.000843051 0.00238194 -0.00502424 -0.00358598 0.00714658 0.00694193 0.00729819 0.0238485 0.00546012 0.00127332 -0.00554009 -0.00398658
internal_weight=23656 18727 4929 9030 9697 2601 4287 6429 642 7367 401 374 3446 3103 3042 2577 2033 3326 1897 1103 306 5334 3388 3358 3296 73 789 410 1429 5063
internal_count=23656 18727 4929 9030 9697 2601 4287 6429 642 7367 401 374 3446 3103 3042 2577 2033 3326 1897 1103 306 5334 3388 3358 3296 73 789 410 1429 5063
cat_boundaries=0 1 2 3
cat_threshold=4132 2604 717
is_linear=0
shrinkage=0.03


Tree=72
num_leaves=31
num_cat=1
split_feature=18 19 9 9 9 6 30 25 23 55 32 21 32 54 44 0 35 3 3 6 3 52 25 34 21 23 53 53 23 30
split_gain=720.456 274.427 107.294 60.8143 52.0066 24.0602 22.856 31.1127 33.9632 21.4386 21.2346 20.398 19.8175 37.9077 75.7055 19.156 19.0444 23.057 18.6061 17.6338 30.2326 17.6963 19.7508 30.3875 19.9085 17.5301 17.2493 16.2838 26.191 43.4643
threshold=24.233662605285648 27.712713241577152 22.427556991577152 30.665832519531254 25.723391532897953 15.500000000000002 24.105970382690433 25.059596061706547 26.031131744384769 0.28214013599619397 22.006628036499027 26.647293090820316 27.877727508544925 1.7646728911732963 23.353186605329594 0 26.718588829040531 0.27658100000000008 2.8888675000000004 10.500000000000002 0.19302850000000002 0.43964944381009635 26.735129356384281 26.636110306169439 26.722414016723636 22.363965987377934 0.10440803881657043 1.5984034883671894 25.249814987182621 24.086520195007328
decision_type=2 2 2 2 2 2 2 2 2 2 2 2 2 2 2 9 2 2 2 2 2 2 2 2 2 2 2 2 2 2
left_child=2 4 15 6 25 9 -3 -8 11 -4 -11 -9 13 -12 -15 -1 17 -10 -16 20 -6 26 -23 24 -24 -2 -21 -27 29 -29
right_child=1 3 5 -5 19 -7 7 8 16 10 12 -13 -14 14 18 -17 -18 -19 -20 21 -22 22 23 -25 -26 27 -28 28 -30 -31
leaf_value=-0.0097022486696847453 -0.019186813272781364 -0.015156294676390561 -0.0036162311687322293 0.028938265917761039 0.046300657359617095 -0.0062575324364366166 0.048765045315027233 0.0058936947504324563 0.05703902726726872 -0.0083406182612483712 -2.6916279265806861e-05 -0.032085602145642045 -0.021442849161593537 0.069664282117571141 0.025682725391604683 -0.0059140292349151797 0.014567495383722843 0.021012961231867102 -0.008821362973405765 0.020945421206050138 0.010020695435021458 0.0063726384553413548 0.018716036881586271 0.0037730358522385359 0.04985397723588076 0.00285443919792126 0.0013407659879885612 0.0031528046032921835 -0.0001205698624253273 0.063492205164262225
leaf_weight=1821 32 22 2576 453 21 1018 25 35 21 280 5043 20 38 21 22 4149 544 67 39 43 1324 390 42 60 33 4763 666 22 45 21
leaf_count=1821 32 22 2576 453 21 1018 25 35 21 280 5043 20 38 21 22 4149 544 67 39 43 1324 390 42 60 33 4763 666 22 45 21
internal_value=-1.6406e-07 0.00689617 -0.00397473 0.0202946 0.00476484 -0.00191298 0.01496 0.0158906 0.0146943 -0.00136144 -0.000294324 -0.00791696 0.000142043 0.000302087 0.0205358 -0.00709569 0.016662 0.0296101 0.00362273 0.00821104 0.0105871 0.00562121 0.00979613 0.0196862 0.0324167 0.0029447 0.00252976 0.0030907 0.0158781 0.0326209
internal_weight=23656 8649 15007 1187 7462 9037 734 712 687 8019 5443 55 5163 5125 82 5970 632 88 61 2579 1345 1234 525 135 75 4883 709 4851 88 43
internal_count=23656 8649 15007 1187 7462 9037 734 712 687 8019 5443 55 5163 5125 82 5970 632 88 61 2579 1345 1234 525 135 75 4883 709 4851 88 43
cat_boundaries=0 1
cat_threshold=4132
is_linear=0
shrinkage=0.03


Tree=73
num_leaves=31
num_cat=2
split_feature=9 20 18 9 9 0 18 33 8 6 2 50 41 38 0 54 6 55 53 6 46 30 6 28 6 54 54 8 50 53
split_gain=679.53 215.627 147.634 52.6437 29.0536 25.4854 24.7661 24.6445 22.9741 22.8666 42.8896 21.8284 21.4916 20.1719 19.188 21.3861 19.1184 65.0409 30.0788 25.0099 20.0407 18.9029 18.2373 32.6277 25.3991 20.0054 18.5902 26.0767 17.9721 17.6826
threshold=24.855451583862308 30.098149299621586 22.773268699646 26.383757591247562 23.809475898742679 0 21.367829322814945 24.921269416809086 1.5000000000000002 10.500000000000002 2.7039940000000002 28.882388830242437 23.751822471618656 28.719320297241214 1 1.3730359512129169 10.500000000000002 0.97401156030698688 0.36210419138566147 11.500000000000002 21.965652465820316 33.715789794921882 12.500000000000002 23.935360908508304 10.500000000000002 0.51173247008607115 0.64126431125727812 2.5000000000000004 25.00798001295264 1.5984034883671894
decision_type=2 2 2 2 2 9 2 2 2 2 2 2 2 2 9 2 2 2 2 2 2 2 2 2 2 2 2 2 2 2
left_child=2 3 6 14 -4 7 12 8 -5 10 11 -9 -1 -12 22 -16 17 -8 -19 -18 -21 -3 23 -2 26 -24 27 -25 -29 -6
right_child=1 21 4 5 29 -7 16 9 -10 -11 13 -13 -14 -15 15 -17 19 18 -20 20 -22 -23 25 24 -26 -27 -28 28 -30 -31
leaf_value=-0.011082516177379856 -0.019889182478148974 0.023787212338058087 -0.0019855106627868361 0.049536470929160713 0.0011222877222388163 0.0056032578710531441 -0.0035541841139739992 0.051867846617331868 0.013299262977295343 0.0080020639963170308 0.014601712967024673 0.023221774296534638 0.020321544393897054 -0.0078314970118495125 0.0030767829354543803 -0.024297871153013639 -0.01234063749294728 0.054195957326889033 0.0096403443887829784 -0.008083425736132686 -0.0041611842422716351 0.038624932150686943 -0.0016275166758619572 0.0081429562820164308 -0.0004097003498538136 0.013564673361224831 -0.0021072710949485585 0.043707667410373685 0.016780313807700214 0.016336009704108749
leaf_weight=1013 46 457 5472 32 3873 633 1076 39 31 552 481 62 20 39 2119 26 540 25 30 1817 3305 93 92 573 392 513 118 30 87 70
leaf_count=1013 46 457 5472 32 3873 633 1076 39 31 552 481 62 20 39 2119 26 540 25 30 1817 3305 93 92 573 392 513 118 30 87 70
internal_value=-3.57186e-07 0.00833526 -0.00310186 0.00665095 -0.000570852 0.0108069 -0.00614677 0.0133188 0.0317055 0.0124448 0.0163939 0.0342831 -0.0104745 0.0129192 0.00470715 0.00273223 -0.00548866 -0.00192767 0.0298929 -0.00619997 -0.00555258 0.0262961 0.00694348 0.00490599 0.00585648 0.0112545 0.0088965 0.0107783 0.0236848 0.00139238
internal_weight=23656 6415 17241 5865 9415 1869 7826 1236 63 1173 621 101 1033 520 3996 2145 6793 1131 55 5662 5122 550 1851 1246 1200 605 808 690 117 3943
internal_count=23656 6415 17241 5865 9415 1869 7826 1236 63 1173 621 101 1033 520 3996 2145 6793 1131 55 5662 5122 550 1851 1246 1200 605 808 690 117 3943
cat_boundaries=0 1 2
cat_threshold=7186 2160
is_linear=0
shrinkage=0.03


Tree=74
num_leaves=31
num_cat=2
split_feature=18 21 51 19 6 6 58 6 20 53 7 51 20 33 50 33 6 3 36 44 0 50 23 7 6 48 55 0 19 51
split_gain=640.385 221.466 115.156 55.7866 27.8142 59.823 33.6238 31.6548 27.7878 24.2402 22.3628 22.1274 27.98 21.6286 21.3206 21.0108 23.9426 31.3529 21.2382 19.8521 21.0004 22.0888 20.9534 19.3187 21.1871 19.2081 28.7496 20.5055 19.358 18.7444
threshold=24.528878211975101 29.599962234497074 22.583959992913659 26.791204452514652 10.500000000000002 11.500000000000002 11.500000000000002 15.500000000000002 26.966339111328129 0.14616904241913378 49.500000000000007 23.937264919353925 23.030724525451664 23.58893966674805 25.731720113781254 24.343935012817386 10.500000000000002 0.19302850000000002 28.693334579467777 21.963932037353519 0 22.50261650096741 22.911606788635254 28.500000000000004 14.500000000000002 22.58370761871338 1.0263217621186491 1 25.777678489685062 21.679308128510339
decision_type=2 2 2 2 2 2 2 2 2 2 2 2 2 2 2 2 2 2 2 2 9 2 2 2 2 2 2 9 2 2
left_child=2 3 23 14 6 11 25 8 19 -3 -9 -6 -13 -5 -2 -15 17 -17 -19 -7 22 -22 -21 24 -1 26 -4 28 -27 -25
right_child=1 9 4 13 5 7 -8 10 -10 -11 -12 12 -14 15 -16 16 -18 18 -20 20 21 -23 -24 29 -26 27 -28 -29 -30 -31
leaf_value=-0.002399412503025103 0.003073365809199423 0.031585481718269873 0.0028198716046013445 -0.019334093771874904 -0.011252196400047345 -0.01833553722514859 0.029075406671036034 -0.0043546835009088628 0.032286290451884268 0.019553531264877636 -0.019589340198477825 0.02671925400598691 -0.004988927177559532 0.033777183450471898 0.006913062725972763 0.035144142845287343 0.0066703004970018248 0.014758408966551097 -0.0082390573907356983 -0.006529499669988793 0.020463206455020644 -0.001701786387244985 0.0035739184373026309 -0.011744073525697613 -0.0073866718102186483 -0.0019163498670825177 0.033235661670929048 0.0037757057464177573 -0.031742231145501135 -0.006687014584672705
leaf_weight=1646 3706 240 88 20 736 53 40 818 24 405 97 26 683 39 2006 65 520 493 39 206 41 3101 1790 889 1435 943 41 889 20 2557
leaf_count=1646 3706 240 88 20 736 53 40 818 24 405 97 26 683 39 2006 65 520 493 39 206 41 3101 1790 889 1435 943 41 889 20 2557
internal_value=-2.75407e-07 0.00722094 -0.00337418 0.00564687 -0.00128318 -0.00211744 0.00184375 -0.000823038 7.99763e-05 0.0240305 -0.00596972 -0.00760855 -0.00382614 0.011597 0.00442183 0.0121322 0.0113765 0.0154756 0.0130725 -6.89259e-05 0.0001195 -0.00140807 0.00251856 -0.00644837 -0.00472227 0.0012939 0.0124869 0.000514253 -0.00250973 -0.00799164
internal_weight=23656 7533 16123 6888 9596 7575 2021 6130 5215 645 915 1445 709 1176 5712 1156 1117 597 532 5191 5138 3142 1996 6527 3081 1981 129 1852 963 3446
internal_count=23656 7533 16123 6888 9596 7575 2021 6130 5215 645 915 1445 709 1176 5712 1156 1117 597 532 5191 5138 3142 1996 6527 3081 1981 129 1852 963 3446
cat_boundaries=0 1 2
cat_threshold=6194 548
is_linear=0
shrinkage=0.03


Tree=75
num_leaves=31
num_cat=1
split_feature=18 19 19 19 50 30 6 55 35 6 2 37 31 6 42 29 27 0 23 6 7 8 7 55 50 6 53 6 6 53
split_gain=602.759 229.899 89.7034 51.8007 37.8365 23.0299 21.2585 20.313 20.2305 22.986 27.2325 26.8714 25.0028 22.1672 22.1094 19.7246 19.3964 20.2884 19.7516 18.2557 20.8799 20.4051 28.5563 24.9968 27.0539 17.7416 40.8268 19.6603 23.0306 22.8413
threshold=24.233662605285648 27.712713241577152 22.443038942219243 32.339450836181648 25.767369079518804 24.105970382690433 15.500000000000002 0.2863775149862004 32.65788650512696 10.500000000000002 0.9565760000000002 25.520331382751468 26.772015571594242 9.5000000000000018 26.051446914672855 24.632914543151859 27.009564401367189 0 22.680883407592777 15.500000000000002 24.500000000000004 1.5000000000000002 41.500000000000007 0.33362243681689191 22.60273523319751 10.500000000000002 1.4854043561016457 12.500000000000002 14.500000000000002 0.57773532487889245
decision_type=2 2 2 2 2 2 2 2 2 2 2 2 2 2 2 2 2 9 2 2 2 2 2 2 2 2 2 2 2 2
left_child=2 4 19 5 16 -3 7 -4 9 10 13 -11 -13 -7 -14 -6 17 -2 -19 20 -1 22 -22 -24 -25 -20 27 29 -29 -27
right_child=1 3 6 -5 15 8 -8 -9 -10 11 -12 12 14 -15 -16 -17 -18 18 25 -21 21 -23 23 24 -26 26 -28 28 -30 -31
leaf_value=-0.0025987930891091162 -0.0049633003545711063 -0.015222908719019457 -0.0033885653309054312 0.029876935949839492 -0.017249250194130077 0.044591947879110062 -0.005823878123091937 -0.00014993864052559766 -0.0068428225815296171 0.032481577668755139 0.013544706584585019 -0.013388045082933136 0.041813524469733236 0.023165420803923118 0.0091237798271079865 0.0076359061711581402 0.028189700631838704 -0.01755365384424605 0.005716678949992368 -0.0087233076748830015 -0.0083763954189865347 -0.0080857961067866829 -0.0056221010328994861 0.032257292631425356 -0.0041976278127791979 0.00048181578255871712 0.037929383244232409 0.00622826240711694 -0.00090931301512245908 -0.010596817677522685
leaf_weight=1591 286 22 2585 279 29 56 1011 5351 34 47 223 42 20 194 270 2490 27 41 1769 2090 158 2083 54 57 27 860 28 1066 658 208
leaf_count=1591 286 22 2585 279 29 56 1011 5351 34 47 223 42 20 194 270 2490 27 41 1769 2090 158 2083 54 57 27 860 28 1066 658 208
internal_value=-2.1927e-07 0.00630771 -0.00363567 0.0185711 0.00435694 0.0150971 -0.0017268 -0.00120486 0.01585 0.0167556 0.0211664 0.0112507 0.00824516 0.027965 0.0113782 0.00734942 0.00283195 0.00269268 0.00316947 -0.00645393 -0.00525923 -0.00703844 0.000331979 0.0103024 0.0205396 0.00336153 0.00188413 0.00152264 0.00350406 -0.00167582
internal_weight=23656 8649 15007 1187 7462 908 8947 7936 886 852 473 379 332 250 290 2519 4943 4916 4630 6060 3970 2379 296 138 84 4589 2820 2792 1724 1068
internal_count=23656 8649 15007 1187 7462 908 8947 7936 886 852 473 379 332 250 290 2519 4943 4916 4630 6060 3970 2379 296 138 84 4589 2820 2792 1724 1068
cat_boundaries=0 1
cat_threshold=512
is_linear=0
shrinkage=0.03


Tree=76
num_leaves=31
num_cat=5
split_feature=9 18 9 9 9 29 55 26 7 0 0 52 13 57 31 0 46 46 0 26 42 0 9 52 6 8 17 34 6 42
split_gain=569.881 215.377 81.7261 44.312 43.9051 22.2685 20.7159 24.6698 20.4235 19.9022 19.1873 52.7318 24.8545 29.6384 20.8732 18.2438 17.5625 21.8814 23.9798 19.0382 18.1433 17.4929 17.3046 17.0544 18.64 31.536 16.7778 18.7489 19.6035 15.9843
threshold=24.17874908447266 27.930052757263187 22.427556991577152 32.32448387395997 25.683939933776859 23.762885091259768 0.58284030630536687 22.258379936218265 19.500000000000004 0 1 1.5626805193017568 1.0000000180025095e-35 90.000000000000014 27.163640975952152 2 26.021828651428226 24.589403152465824 3 22.394005775451664 23.265363693237308 4 21.326193809509281 2.0980166161844136 9.5000000000000018 2.5000000000000004 0.71859600000000001 32.620397567749031 10.500000000000002 23.657838821411136
decision_type=2 2 2 2 2 2 2 2 2 9 9 2 2 2 2 9 2 2 9 2 2 9 2 2 2 2 2 2 2 2
left_child=2 4 22 10 15 -6 8 -8 -4 -10 14 -12 -13 -14 -3 -2 17 19 -19 -9 -20 -21 29 24 25 -7 27 28 -16 -1
right_child=1 3 6 -5 5 23 7 16 9 -11 11 12 13 -15 26 -17 -18 18 20 21 -22 -23 -24 -25 -26 -27 -28 -29 -30 -31
leaf_value=-0.011011382570044454 -0.0052289134527896885 0.034527112598481929 -0.0050106570474175603 0.028876523162352598 -0.0062520856206428332 0.0097555746727219887 -0.011148440826298862 0.018761032112874092 0.0016959794088854767 -0.0026935891757493341 -0.024638196914116055 -0.01062034743959489 0.010354438188464142 0.051431442940235134 0.02331698489975588 0.0029685552372119626 -0.0076185591056543789 0.014879328049164503 0.026055634887889024 -0.0045786793429785323 -0.0014021194168693713 0.0025340100179296805 -0.0056468650003570105 0.02919882549295752 0.0058799873607034885 0.033705813267602115 0.00047963939211331303 -0.0032187886457694199 0.011668080199407797 0.012881021866431601
leaf_weight=820 250 57 2129 275 106 745 145 50 1292 3267 41 23 43 25 320 4651 168 225 24 484 222 831 5140 33 1894 53 60 38 219 26
leaf_count=820 250 57 2129 275 106 745 145 50 1292 3267 41 23 43 25 320 4651 168 225 24 484 222 831 5140 33 1894 53 60 38 219 26
internal_value=-2.75619e-07 0.00603166 -0.0035947 0.0184459 0.00426394 0.00723838 -0.00176133 0.000801094 -0.00258469 -0.00145179 0.0149732 0.00335629 0.016338 0.0254563 0.016891 0.00254579 0.00166571 0.00251525 0.00809067 0.000591419 0.00122682 -9.94412e-05 -0.00630126 0.00776314 0.00750037 0.0113463 0.015578 0.0171481 0.0185839 -0.0102771
internal_weight=23656 8833 14823 1101 7732 2831 8837 2149 6688 4559 826 132 91 68 694 4901 2004 1836 471 1365 246 1315 5986 2725 2692 798 637 577 539 846
internal_count=23656 8833 14823 1101 7732 2831 8837 2149 6688 4559 826 132 91 68 694 4901 2004 1836 471 1365 246 1315 5986 2725 2692 798 637 577 539 846
cat_boundaries=0 1 2 3 4 5
cat_threshold=2194 7168 512 2146 2146
is_linear=0
shrinkage=0.03


Tree=77
num_leaves=31
num_cat=0
split_feature=9 20 19 23 6 9 28 23 39 5 6 6 7 2 54 8 34 54 9 8 30 17 18 6 7 7 41 53 7 18
split_gain=536.633 169.788 118.11 42.8074 26.1748 24.4839 20.1246 19.489 25.8622 17.752 17.1302 20.7335 20.7857 30.1984 24.7307 20.3584 28.1092 17.4767 16.7726 17.5077 16.3806 16.2963 16.1197 15.9821 36.6834 19.896 16.2913 15.9273 26.8741 17.4774
threshold=24.855451583862308 30.098149299621586 22.889492034912113 26.797231674194339 15.500000000000002 21.740428925412601 24.054903030395511 24.152008058132328 28.391608238220218 3.7002795000000006 10.500000000000002 12.500000000000002 30.500000000000004 8.9239605000000015 0.52506085407231795 1.5000000000000002 25.903829574584964 0.29657338764594543 27.191262245178226 3.5000000000000004 33.715789794921882 -1.0462125 22.869206428527836 14.500000000000002 12.500000000000002 15.500000000000002 24.384341239929203 1.3741556482490884 34.500000000000007 27.070193290710453
decision_type=2 2 2 2 2 2 2 2 2 2 2 2 2 2 2 2 2 2 2 2 2 2 2 2 2 2 2 2 2 2
left_child=2 3 4 9 -1 -4 -5 -7 -9 10 27 17 13 23 -14 16 -15 -12 19 -16 -3 -8 -11 25 26 -13 -25 29 -29 -2
right_child=1 20 5 6 -6 7 21 8 -10 22 11 12 14 15 18 -17 -18 -19 -20 -21 -22 -23 -24 24 -26 -27 -28 28 -30 -31
leaf_value=-0.0042042617418909236 0.007062713819465943 0.021009649065210068 -0.029991877663135529 -0.015233421233984142 -0.0078518400595196415 -0.0012443330768460881 0.016975429992282451 0.0015191165460152357 0.035751881793374199 0.023204253047704695 0.0038204308197960076 0.00256381825522476 -0.0053629795013101032 0.057408651597797872 0.012476588742614819 0.013613739390337604 0.010484340777620673 -0.0043795722167336995 -0.01528927605599165 -0.00096413892119738998 0.034821998246254461 0.009246566802222432 -0.0047493096881880493 -0.0078315530391409992 -0.01003278084061042 0.017010500341100063 0.018145453630245684 0.019015649706125261 -0.023271911991269965 0.022774435562843625
leaf_weight=5824 1844 457 25 26 2544 5948 343 2880 20 20 486 160 265 27 261 103 20 451 30 131 93 864 259 28 140 185 97 21 38 66
leaf_count=5824 1844 457 25 26 2544 5948 343 2880 20 20 486 160 265 27 261 103 20 451 30 131 93 864 259 28 140 185 97 21 38 66
internal_value=-1.45905e-07 0.00740737 -0.00275632 0.00591277 -0.00531318 -0.000344979 0.0108804 -0.000261212 0.0017552 0.00459043 0.00506061 0.00335029 0.00560162 0.00902016 0.00181982 0.0210796 0.0374409 -0.000126422 0.00633035 0.00798492 0.0233452 0.0114429 -0.00274547 0.00605474 0.000514099 0.0103106 0.0123266 0.00713141 -0.00822041 0.00760563
internal_weight=23656 6415 17241 5865 8368 8873 1233 8848 2900 4632 4353 2384 1447 760 687 150 47 937 422 392 550 1207 279 610 265 345 125 1969 59 1910
internal_count=23656 6415 17241 5865 8368 8873 1233 8848 2900 4632 4353 2384 1447 760 687 150 47 937 422 392 550 1207 279 610 265 345 125 1969 59 1910
is_linear=0
shrinkage=0.03


Tree=78
num_leaves=31
num_cat=1
split_feature=9 9 19 54 51 43 5 41 53 54 6 40 7 10 6 0 55 6 53 52 17 47 38 45 6 55 55 52 38 4
split_gain=505.716 191.78 73.8168 41.7257 39.9805 33.6441 24.8754 22.7521 27.0613 21.3537 20.9098 21.3003 21.628 25.5312 20.6389 44.7718 44.6291 28.9827 30.248 26.1482 22.0962 26.576 20.0035 19.5107 18.3285 18.3993 17.8678 28.2262 17.7174 17.6619
threshold=24.17874908447266 28.131484985351566 22.491732597351078 0.28015047160736639 26.105808957425868 25.571038246154789 2.8888675000000004 24.724041938781742 0.81484770342887403 0.90999746708792772 14.500000000000002 22.795201301574711 14.500000000000002 3.5000000000000004 13.500000000000002 0 1.0713506379605058 10.500000000000002 1.3741556482490884 1.1074545177776149 0.37763950000000007 24.466193199157718 27.199028015136722 24.211745262146 15.500000000000002 0.28214013599619397 1.0263217621186491 0.38364221705182872 25.524065017700199 0.9565760000000002
decision_type=2 2 2 2 2 2 2 2 2 2 2 2 2 2 2 9 2 2 2 2 2 2 2 2 2 2 2 2 2 2
left_child=2 4 -1 -3 10 22 7 -5 9 -9 14 -12 23 -14 17 16 20 18 19 -2 -16 -22 -6 -13 25 -4 27 -7 -29 -19
right_child=1 3 24 6 5 26 -8 8 -10 -11 11 12 13 -15 15 -17 -18 29 -20 -21 21 -23 -24 -25 -26 -27 -28 28 -30 -31
leaf_value=-0.0058366972454511976 0.0052029213959932574 0.026440871574755744 -0.0032423379106736021 0.036312067412612274 0.029756941556509944 0.0058343653836104093 -0.017067177098082462 0.01375119514510865 -0.0011337628144996634 0.032658324151444929 0.02532413821103266 -0.0065252587362192565 -0.003239058544323594 -0.022578943518123454 0.039129483417397547 0.0044247493054997622 0.065178542360663408 0.0064136604836029509 -0.019575842503796924 0.036687415080159554 -0.00030318671897534404 0.039467435625381769 0.00083370171620377462 0.010067862027471787 -0.0055194144171300304 -5.9002735488672849e-05 -0.00044547957059498249 0.042124085128307336 0.013717854568762565 -0.0012753848833978009
leaf_weight=6335 2196 343 2391 41 93 1269 23 453 99 61 26 96 502 70 31 614 21 324 44 24 62 20 28 190 935 5162 267 21 335 1580
leaf_count=6335 2196 343 2391 41 93 1269 23 453 99 61 26 96 502 70 31 614 21 324 44 24 62 20 28 190 935 5162 267 21 335 1580
internal_value=-1.41531e-07 0.00568208 -0.00338617 0.0179163 0.00408487 0.00772762 0.0135974 0.0146758 0.0132287 0.015995 0.00282059 -0.00142719 -0.00223784 -0.00560583 0.00358443 0.00817294 0.02328 0.00276096 0.00505511 0.00554329 0.0175537 0.00939697 0.023064 0.00449814 -0.00155722 -0.00106673 0.0067468 0.00792855 0.0153935 3.30451e-05
internal_weight=23656 8833 14823 1020 7813 2013 677 654 613 514 5800 884 858 572 4916 748 134 4168 2264 2220 113 82 121 286 8488 7553 1892 1625 356 1904
internal_count=23656 8833 14823 1020 7813 2013 677 654 613 514 5800 884 858 572 4916 748 134 4168 2264 2220 113 82 121 286 8488 7553 1892 1625 356 1904
cat_boundaries=0 1
cat_threshold=2176
is_linear=0
shrinkage=0.03


Tree=79
num_leaves=31
num_cat=0
split_feature=18 9 9 53 9 27 6 6 42 6 21 3 49 54 3 21 23 58 50 53 9 29 53 53 53 6 8 6 6 53
split_gain=476.583 153.575 103.717 37.7468 24.489 23.8496 22.7696 32.3722 26.7816 26.688 34.3719 26.4299 28.0278 22.8779 31.3382 22.0437 21.6742 19.8849 30.2339 19.5524 19.4948 17.9018 19.663 19.8806 19.2494 17.586 17.2594 16.2781 20.5374 36.6896
threshold=24.778981208801273 28.131484985351566 23.042264938354496 0.195726437731048 21.740428925412601 23.573624610346684 10.500000000000002 11.500000000000002 21.566504478454593 14.500000000000002 26.243459701538089 0.55585200000000012 24.359889316558839 0.84123698023072102 0.27658100000000008 23.12696743011475 25.598599433898929 11.500000000000002 24.26463341712952 0.079842072349429569 26.051446914672855 26.096856117248539 1.8331585692957177 0.81484770342887403 0.47035055749566929 10.500000000000002 1.5000000000000002 10.500000000000002 11.500000000000002 1.2300366531636111
decision_type=2 2 2 2 2 2 2 2 2 2 2 2 2 2 2 2 2 2 2 2 2 2 2 2 2 2 2 2 2 2
left_child=2 5 4 -3 15 16 17 -8 -9 10 11 13 19 14 -10 -1 -2 -4 -19 -13 -7 -5 23 24 -23 -26 -6 -28 29 -29
right_child=1 3 6 21 26 20 7 8 9 -11 -12 12 -14 -15 -16 -17 -18 18 -20 -21 -22 22 -24 -25 25 -27 27 28 -30 -31
leaf_value=-0.0072398461057396621 -0.0017518859124981128 0.025515068602582004 0.0021439823783801276 -0.00067602032489360198 -0.0005376264173993715 0.0039387339144024199 -0.0055891450560273843 -0.034629193492233749 0.0082066594942876298 -0.0028405324102542154 0.032326770777052101 0.0084411733346776326 0.0088781898701416583 -0.0072222176844807104 0.033938595801943312 -0.03451063298516803 -0.03379746377468109 0.047454781555993988 -0.0017377822878568067 -0.0014931001843024969 0.0076818668870520706 0.012548267207740596 0.042274197080860963 -0.0040748812584439284 0.033977895611669959 0.0080426545180803666 -0.0012418653115024388 -0.012413281663177877 -0.0046468198455175795 0.024766225200891494
leaf_weight=2228 199 353 1978 73 1110 3539 1159 20 217 1695 33 195 317 60 53 27 21 22 23 2083 1938 385 23 50 82 33 1047 537 4131 25
leaf_count=2228 199 353 1978 73 1110 3539 1159 20 217 1695 33 195 317 60 53 27 21 22 23 2083 1938 385 23 50 82 33 1047 537 4131 25
internal_value=-8.1172e-08 0.00677673 -0.00267564 0.0176263 -0.00485469 0.00487419 -0.000149834 -0.00110113 1.19927e-05 0.000160891 0.00188077 0.00153728 0.000520342 0.00953411 0.0132577 -0.00756637 -0.00481078 0.0025926 0.0223119 -0.000642712 0.00526322 0.0133156 0.0150982 0.0139617 0.0157654 0.0265356 -0.00396201 -0.00462422 -0.00537882 -0.0107594
internal_weight=23656 6696 16960 999 9105 5697 7855 5832 4673 4653 2958 2925 2595 330 270 2255 220 2023 45 2278 5477 646 573 550 500 115 6850 5740 4693 562
internal_count=23656 6696 16960 999 9105 5697 7855 5832 4673 4653 2958 2925 2595 330 270 2255 220 2023 45 2278 5477 646 573 550 500 115 6850 5740 4693 562
is_linear=0
shrinkage=0.03


Tree=80
num_leaves=31
num_cat=2
split_feature=9 19 9 9 9 23 29 42 6 55 29 58 6 22 0 0 41 31 7 38 24 22 42 6 53 6 8 2 53 34
split_gain=448.789 169.987 65.8608 42.0154 31.7966 21.4216 18.3615 17.8722 17.5629 17.9571 20.6187 16.8178 22.0424 16.2475 16.1654 15.9157 15.4092 22.1635 15.2234 15.1961 15.0401 14.978 14.5588 16.448 22.2019 14.0984 28.9459 18.3908 27.1173 27.4336
threshold=24.17874908447266 27.712713241577152 22.395135879516605 30.665832519531254 25.683939933776859 26.031131744384769 23.762885091259768 25.851937294006351 15.500000000000002 0.30219862805610248 21.988140106201175 11.500000000000002 10.500000000000002 25.338001251220707 0 1 25.701913833618168 26.194141387939457 53.500000000000007 22.619023323059086 24.477978706359867 27.973353385925297 32.21049880981446 10.500000000000002 0.46559436984195635 9.5000000000000018 2.5000000000000004 6.5827470000000003 0.14142989421718447 26.204949378967289
decision_type=2 2 2 2 2 2 2 2 2 2 2 2 2 2 9 9 2 2 2 2 2 2 2 2 2 2 2 2 2 2
left_child=2 4 14 5 15 7 13 -3 9 -4 -11 -12 -13 20 -1 19 -7 -18 -10 -2 -6 -17 23 24 -19 26 -8 -27 -29 -30
right_child=1 3 8 -5 6 16 25 -9 18 10 11 12 -14 -15 -16 21 17 22 -20 -21 -22 -23 -24 -25 -26 27 -28 28 29 -31
leaf_value=-0.0080780547094143652 0.015606653479460093 0.0069401887150586771 -0.0029994703747848969 0.023083756526886989 -0.0070010738776010622 0.025871216867409355 0.0086285288499874536 -0.023046990926894877 -0.0042486831392014694 -0.0088314625523439466 0.00011785916074234776 0.033989306632429363 0.0035626874238252641 -0.023423346623101016 -0.0045829168987717448 0.0025302779546764811 -0.019445449456572533 0.013236042522449991 -0.018539607619071224 -0.0078525020346694469 0.022675306824120608 0.024939844051582942 -0.011220370642840862 0.0080857290910460438 0.031679337775132745 0.0030790266612661689 0.031803285700197401 0.032300422453256539 0.013707188386386926 0.0014531878634538177
leaf_weight=1791 28 53 2877 454 51 77 722 27 983 229 4757 30 75 33 4009 4613 20 201 72 221 22 27 22 251 83 1175 52 43 336 322
leaf_count=1791 28 53 2877 454 51 77 722 27 983 229 4757 30 75 33 4009 4613 20 201 72 221 22 27 22 251 83 1175 52 43 336 322
internal_value=-7.87338e-08 0.00535278 -0.00318984 0.0159102 0.00371221 0.0114731 0.00628908 -0.00318048 -0.00158657 -0.00110496 -3.43485e-05 0.000379995 0.012256 -0.00595442 -0.00568402 0.00225959 0.0132656 0.0115833 -0.00522399 -0.00501319 0.00194249 0.00265496 0.0126975 0.013681 0.0186262 0.00677882 0.0101855 0.0053733 0.00921892 0.00771055
internal_weight=23656 8833 14823 1188 7645 734 2756 80 9023 7968 5091 4862 105 106 5800 4889 654 577 1055 249 73 4640 557 535 284 2650 774 1876 701 658
internal_count=23656 8833 14823 1188 7645 734 2756 80 9023 7968 5091 4862 105 106 5800 4889 654 577 1055 249 73 4640 557 535 284 2650 774 1876 701 658
cat_boundaries=0 1 2
cat_threshold=4132 512
is_linear=0
shrinkage=0.03


Tree=81
num_leaves=31
num_cat=3
split_feature=18 9 9 54 0 21 27 6 54 53 6 6 42 6 55 0 54 0 7 49 53 31 52 3 13 55 19 55 50 29
split_gain=423.184 136.044 92.2997 34.6893 26.464 23.9876 22.4057 22.1078 30.8049 32.0172 21.1971 30.6527 25.0113 24.6507 37.9852 32.782 37.5609 24.0547 23.2193 22.4555 18.8578 17.8232 19.0922 18.4564 17.7004 18.4223 17.4987 19.0687 92.3722 16.8244
threshold=24.778981208801273 28.131484985351566 23.042264938354496 0.26336631919670089 0 23.427951812744144 22.953958511352543 10.500000000000002 1.1146025523964955 0.36210419138566147 10.500000000000002 11.500000000000002 21.566504478454593 14.500000000000002 1.3787832903696273 1 0.63418302767856638 2 14.500000000000002 24.359889316558839 0.076821956660732063 26.500138282775882 0.34898237829074891 2.3073580000000002 1.0000000180025095e-35 0.25296802459079332 25.777678489685062 1.7474269604769683 24.475622653914311 26.096856117248539
decision_type=2 2 2 2 9 2 2 2 2 2 2 2 2 2 2 9 2 9 2 2 2 2 2 2 2 2 2 2 2 2
left_child=2 6 4 -3 5 7 -2 8 24 -10 17 -12 -13 14 15 16 18 26 -14 20 -17 -8 23 -23 -1 -26 27 -4 -29 -5
right_child=1 3 10 29 -6 -7 21 -9 9 -11 11 12 13 -15 -16 19 -18 -19 -20 -21 -22 22 -24 -25 25 -27 -28 28 -30 -31
leaf_value=-0.0080499912589414128 -0.010973475623376121 0.024684607969256745 0.00023372019739942204 -0.00086941051513773123 -0.0037024865687704934 -0.031943932535747684 0.0038992553248927819 -0.008624423530935444 0.050931121207773683 0.0025445543183013797 -0.0054237777994330114 -0.033450136162340639 0.015884027758548996 -0.0027141166814001259 0.032891147521989683 0.0086179353854079783 0.0015333053316794576 0.0077693882883319559 0.053847145340244831 0.0067781702598196363 -0.0012428521228836369 0.0076119861569435877 0.013069616436627164 -0.0031492254676061919 -0.0029669635229220147 0.033194551648838173 -0.026718658251421792 0.068526732578873636 -0.016536919110351139 0.014379703208398124
leaf_weight=209 82 323 1401 73 7111 36 4325 1644 20 32 1159 20 29 1695 35 190 64 554 29 465 2146 677 431 182 32 21 21 20 27 603
leaf_count=209 82 323 1401 73 7111 36 4325 1644 20 32 1159 20 29 1695 35 190 64 554 29 465 2146 677 431 182 32 21 21 20 27 603
internal_value=-2.36937e-07 0.00638564 -0.00252145 0.0165972 -0.00457707 -0.00763912 0.00459498 -0.00723126 6.2875e-05 0.0211548 -0.00013872 -0.00105658 2.65764e-05 0.000170469 0.0018234 0.0014514 0.0160631 0.00250733 0.0348656 0.000754926 -0.000440819 0.00482234 0.00791718 0.00533196 -0.0041233 0.0113612 0.000466794 0.000864282 0.0196604 0.012733
internal_weight=23656 6696 16960 999 9105 1994 5697 1958 314 52 7855 5832 4673 4653 2958 2923 122 2023 58 2801 2336 5615 1290 859 262 53 1469 1448 47 676
internal_count=23656 6696 16960 999 9105 1994 5697 1958 314 52 7855 5832 4673 4653 2958 2923 122 2023 58 2801 2336 5615 1290 859 262 53 1469 1448 47 676
cat_boundaries=0 1 2 3
cat_threshold=36 48 2604
is_linear=0
shrinkage=0.03


Tree=82
num_leaves=31
num_cat=2
split_feature=48 9 19 6 0 0 6 6 55 21 41 54 3 6 35 16 6 35 53 53 51 53 52 55 37 7 7 47 2 55
split_gain=399.115 114.739 108.936 32.5983 27.2936 26.8078 26.4859 35.2886 28.2993 26.005 24.8078 23.2629 32.7864 38.2035 21.752 19.9288 19.5473 18.4042 20.4301 24.0105 18.7937 18.3596 18.0577 32.2656 23.3355 17.7547 21.4068 18.6622 30.1801 17.7483
threshold=25.298513603446292 23.15745830535889 30.731120109558109 10.500000000000002 0 1 12.500000000000002 14.500000000000002 0.27777422619954223 27.220856666564945 22.002523422241214 0.60273151542669956 0.55585200000000012 11.500000000000002 23.920035362243656 -1.0001379999999995 15.500000000000002 26.718588829040531 0.87813131684815759 1.4854043561016457 26.888012695351811 0.41712784150322441 0.86063684159986531 1.7474269604769683 22.672387123107914 30.500000000000004 15.500000000000002 24.590300559997562 8.9239605000000015 0.70297866519481522
decision_type=2 2 2 2 9 9 2 2 2 2 2 2 2 2 2 2 2 2 2 2 2 2 2 2 2 2 2 2 2 2
left_child=1 4 9 5 -1 22 11 8 -8 -2 -10 12 13 21 -11 -15 -6 -16 -19 -20 -21 -5 23 -3 -24 26 27 -12 -29 -18
right_child=2 3 -4 6 16 -7 7 -9 10 14 25 -13 -14 15 17 -17 29 18 19 20 -22 -23 24 -25 -26 -27 -28 28 -30 -31
leaf_value=-0.0071004220809662887 0.0049224150063920192 0.0012416254638861104 0.02141383870105229 0.0086322512797778472 -0.0024050483115466855 0.0073350595021253089 -0.0064617780129192391 -0.0024069610717939015 -0.0152493556891568 -0.016675814103621706 -0.00035361808454168072 -0.0089855402079296199 -0.0027058693100277366 0.0048203893598507755 0.019093350942192364 0.039536124960235924 -0.0063509810282979355 0.010968884787331504 -0.014828918634157161 0.032694181773973548 -0.006559464122567857 -0.027467706224748065 0.017587647086807656 0.034942224885408699 -0.017608265501806851 0.0020631584489325941 0.011968042512430943 0.0065345089824071952 0.045931424972202095 0.010211648024618625
leaf_weight=2330 3460 1541 465 32 5334 925 240 1749 56 26 352 495 1815 22 206 46 1973 664 64 23 21 21 21 26 88 950 525 105 21 60
leaf_count=2330 3460 1541 465 32 5334 925 240 1749 56 26 352 495 1815 22 206 46 1973 664 64 23 21 21 21 26 88 950 525 105 21 60
internal_value=-1.78259e-07 -0.00199933 0.00759528 0.000434101 -0.00426537 0.00326795 -0.000712398 0.000789111 0.00327463 0.00615585 0.00443776 -0.00318177 -0.00169785 0.0134225 0.0104065 0.0283046 -0.00335452 0.0111265 0.00900066 -0.00310031 0.0139595 -0.00567151 0.000973699 0.00180079 -0.0108274 0.00500227 0.00778607 0.00319291 0.0131007 -0.00586217
internal_weight=23656 18727 4929 9030 9697 2601 6429 3998 2249 4464 2009 2431 1936 121 1004 68 7367 978 772 108 44 53 1676 1567 109 1953 1003 478 126 2033
internal_count=23656 18727 4929 9030 9697 2601 6429 3998 2249 4464 2009 2431 1936 121 1004 68 7367 978 772 108 44 53 1676 1567 109 1953 1003 478 126 2033
cat_boundaries=0 1 2
cat_threshold=4132 2604
is_linear=0
shrinkage=0.03


Tree=83
num_leaves=31
num_cat=1
split_feature=18 19 9 9 9 30 25 23 39 8 6 54 0 54 8 6 58 34 2 46 27 27 50 20 6 39 2 31 6 6
split_gain=376.115 143.559 58.8307 34.72 28.5718 18.3039 27.6694 26.5721 17.3599 18.2408 25.9827 45.446 23.5255 19.5009 19.1834 23.9037 18.0221 17.0085 16.5851 16.4307 23.5656 15.941 25.9684 16.5177 15.6724 18.4358 16.8484 20.9729 15.6181 17.4671
threshold=24.233662605285648 27.712713241577152 22.410684585571293 32.32448387395997 25.723391532897953 24.105970382690433 25.059596061706547 26.031131744384769 28.748291015625004 1.5000000000000002 9.5000000000000018 1.7646728911732963 0 0.82747352233978699 3.5000000000000004 15.500000000000002 10.500000000000002 32.620397567749031 8.9239605000000015 25.265275955200199 24.211730957031254 23.261322975158695 23.558344125869144 23.17928504943848 10.500000000000002 25.529170989990238 0.9565760000000002 28.994058609008793 12.500000000000002 10.500000000000002
decision_type=2 2 2 2 2 2 2 2 2 2 2 2 9 2 2 2 2 2 2 2 2 2 2 2 2 2 2 2 2 2
left_child=2 4 -1 5 -2 -3 -7 -8 9 12 11 16 18 14 -12 28 -11 24 19 -4 -21 22 -15 -24 26 -26 27 -9 29 -16
right_child=1 3 8 -5 -6 6 7 17 -10 10 13 -13 -14 21 15 -17 -18 -19 -20 20 -22 -23 23 -25 25 -27 -28 -29 -30 -31
leaf_value=-0.0052124432603803152 0.0020920198592207914 -0.015176141763275319 0.0028824375498227666 0.024017015234126964 0.0059954724154253547 0.043638734650611875 -0.0083602450521928929 0.043640445422481848 0.02525250750085847 0.00021343321628452172 -0.0038245806384323631 0.04647432114396776 -0.00075322977486107473 -0.0095236784295694345 0.017437115084779051 -0.0059807171181743141 0.018127136955715037 -0.0065853899452639249 0.028300427620395502 0.044325343224812637 0.005837149631413744 -0.013781052425160612 0.037278705452169693 -0.00034843911017690387 0.03477185134330521 0.0068923276329808164 0.011139052649176136 0.01916212496614602 0.0064209407078539126 -0.0028000525843546275
leaf_weight=5879 4883 22 434 275 2579 25 56 37 22 624 3400 21 2676 103 42 387 55 38 29 22 41 266 21 21 23 297 202 212 518 446
leaf_count=5879 4883 22 434 275 2579 25 56 37 22 624 3400 21 2676 103 42 387 55 38 29 22 41 266 21 21 23 297 202 212 518 446
internal_value=-1.69931e-07 0.00498265 -0.00287192 0.0146734 0.00344112 0.0118559 0.0125241 0.0116249 -0.00136448 -0.00142879 -0.00241761 0.00300877 0.00039444 -0.00314752 -0.00260975 0.000355381 0.00166447 0.0130083 0.00613092 0.00496068 0.0192775 -0.00941889 -0.00141657 0.0184651 0.013974 0.00889617 0.0175768 0.0227995 0.00279283 -0.00105833
internal_weight=23656 8649 15007 1187 7462 912 890 865 9128 9106 5904 700 3202 5204 4793 1393 679 809 526 497 63 411 145 42 771 320 451 249 1006 488
internal_count=23656 8649 15007 1187 7462 912 890 865 9128 9106 5904 700 3202 5204 4793 1393 679 809 526 497 63 411 145 42 771 320 451 249 1006 488
cat_boundaries=0 1
cat_threshold=50
is_linear=0
shrinkage=0.03


Tree=84
num_leaves=31
num_cat=0
split_feature=48 18 19 6 6 6 55 41 20 6 23 2 10 7 6 47 6 53 41 6 55 22 47 52 55 10 24 3 55 6
split_gain=354.294 101.942 96.8945 29.4821 29.4451 29.7052 28.9825 28.9633 28.3034 24.6133 22.7109 18.618 18.3335 26.321 18.2885 21.45 19.2838 22.8984 25.4356 22.8413 21.3272 54.1024 23.8616 20.0831 27.1681 17.8874 28.8783 39.113 17.4525 17.259
threshold=25.298513603446292 23.175643920898441 30.731120109558109 10.500000000000002 12.500000000000002 14.500000000000002 0.28214013599619397 21.98365688323975 27.387870788503424 15.500000000000002 23.65371131896973 6.5827470000000003 4.5000000000000009 9.5000000000000018 12.500000000000002 21.983031272888187 10.500000000000002 1.2300366531636111 23.062763214111332 11.500000000000002 0.97401156030698688 22.648213386535648 23.013571740830084 0.052058827257943065 0.36285590192864187 3.5000000000000004 24.993749618530277 2.3073580000000002 0.46824940871665238 10.500000000000002
decision_type=2 2 2 2 2 2 2 2 2 2 2 2 2 2 2 2 2 2 2 2 2 2 2 2 2 2 2 2 2 2
left_child=1 9 8 11 12 6 -6 -8 10 14 -2 -3 -5 -14 16 -16 20 19 -19 -18 -1 -22 -23 24 -21 29 27 -27 -9 -12
right_child=2 3 -4 4 5 -7 7 28 -10 -11 25 -13 13 -15 15 -17 17 18 -20 23 21 22 -24 -25 -26 26 -28 -29 -30 -31
leaf_value=-0.0029447795202565802 -0.027290357843041419 0.0070759672004139179 0.020188587145279012 -0.0028240576631836105 -0.0066219235287207686 -0.0020055607414069445 -0.017435342987015282 0.0014967516376887485 0.01051285923108241 -0.0064219952794318134 0.0061852282396887871 0.0014887754202458389 0.00028551000909989369 -0.036776066831180031 -0.0049787508620656304 0.00029932971073912682 -0.01063064033544172 -0.0076893062442541116 0.04015627931873314 -0.0021865946756039118 0.030704244589275221 0.016576364098083492 -0.022748285492018953 -0.0060446549325431738 0.020739194865598051 0.0089405931554296433 0.0074027155418239995 0.058371450662612914 0.0073572137704137142 0.0016886718575947733
leaf_weight=1525 20 762 465 2345 239 1732 53 755 912 2721 1541 1816 34 35 1017 2175 821 20 20 196 59 21 41 1119 61 34 400 25 1160 1532
leaf_count=1525 20 762 465 2345 239 1732 53 755 912 2721 1541 1816 34 35 1017 2175 821 20 20 196 59 21 41 1119 61 34 400 25 1160 1532
internal_value=-1.74392e-07 -0.00188373 0.00715611 0.000434409 -0.000663592 0.000935281 0.00324318 0.00444123 0.00579856 -0.00399717 0.00458813 0.00314023 -0.00327252 -0.0185138 -0.0030646 -0.00138231 -0.00444751 -0.006261 0.0162335 -0.00667055 -0.00198288 0.0101403 -0.00942865 -0.00430774 0.00325494 0.00476864 0.0102927 0.0298859 0.00504669 0.00394353
internal_weight=23656 18727 4929 8931 6353 3939 2207 1968 4464 9796 3552 2578 2414 69 7075 3192 3883 2237 40 2197 1646 121 62 1376 257 3532 459 59 1915 3073
internal_count=23656 18727 4929 8931 6353 3939 2207 1968 4464 9796 3552 2578 2414 69 7075 3192 3883 2237 40 2197 1646 121 62 1376 257 3532 459 59 1915 3073
is_linear=0
shrinkage=0.03


Tree=85
num_leaves=31
num_cat=2
split_feature=18 44 20 24 34 52 4 0 27 48 9 35 53 33 0 34 5 12 28 52 53 39 51 21 5 7 52 47 40 51
split_gain=334.001 108.223 73.0737 26.1313 23.3932 28.741 21.2845 18.6078 18.4861 18.2769 17.1807 20.0666 30.5604 16.3541 15.4263 13.9381 20.9829 15.5611 13.5755 14.984 13.0648 11.7323 11.6819 21.239 14.4225 12.8318 13.8134 18.0812 16.7103 11.9623
threshold=24.778981208801273 30.039946556091312 22.646697998046879 26.801321029663089 23.60941314697266 0.36779760435636627 6.5827470000000003 0 22.912926673889164 26.120580100763188 32.32448387395997 32.65788650512696 0.20346503447919045 21.305394172668461 1 26.94432353973389 0.22337950000000004 1.5000000000000002 25.44830417633057 1.7296507965995647 0.77997736678812191 27.947178840637211 25.064841302223147 26.063764571604008 2.3073580000000002 22.500000000000004 0.36417667000357379 24.540802001953129 24.089703559008793 23.272832775157635
decision_type=2 2 2 2 2 2 2 9 2 2 2 2 2 2 9 2 2 2 2 2 2 2 2 2 2 2 2 2 2 2
left_child=2 3 14 8 -5 6 21 13 -2 22 11 -3 -13 -4 -1 17 -17 18 -7 20 -20 -6 23 25 -24 26 -9 -28 -29 -27
right_child=1 10 7 4 5 15 -8 9 -10 -11 -12 12 -14 -15 -16 16 -18 -19 19 -21 -22 -23 24 -25 -26 29 27 28 -30 -31
leaf_value=-0.0083310178858729059 -0.011009181946641407 0.015658867289525265 -0.024036891109727579 -0.022114540448581629 0.013293607847608436 -0.00039819179650615243 -0.0026579528448113987 -0.002929153280153949 0.0037130256378659354 0.029748020499944686 0.02318735889996287 0.019967599622905254 -0.031848908833095005 -0.0014549595791536894 -0.0040054058361412067 0.024038019131112379 0.0034365971996257565 0.036952161821536718 0.024803607454969966 0.044774963311851025 0.0047776786747331518 0.0039140135342199556 0.0016066844358229664 0.032333982210606335 -0.011348204161732683 -0.0011220681395073286 0.00050087148191508006 0.041278751291334626 0.0084320619943268268 0.00408971817117892
leaf_weight=859 78 336 29 22 251 34 209 920 4834 20 267 20 21 6123 6312 64 146 42 73 20 49 230 162 20 148 533 222 20 46 1546
leaf_count=859 78 336 29 22 251 34 209 920 4834 20 267 20 21 6123 6312 64 146 42 73 20 49 230 162 20 148 533 222 20 46 1546
internal_value=-1.69153e-07 0.00567305 -0.00224002 0.00442892 0.00852086 0.00912371 0.00533537 -0.000554595 0.00347924 0.00114528 0.0173648 0.0132411 -0.00657256 -0.00155887 -0.00454077 0.0152311 0.00971513 0.0205446 0.0166291 0.0207061 0.0167604 0.00880856 0.000990294 0.00151229 -0.00457823 0.00132475 -0.00113425 0.00459946 0.0183856 0.00275356
internal_weight=23656 6696 16960 6052 1140 1118 690 9789 4912 3637 644 377 41 6152 7171 428 210 218 176 142 122 481 3617 3307 310 3287 1208 288 66 2079
internal_count=23656 6696 16960 6052 1140 1118 690 9789 4912 3637 644 377 41 6152 7171 428 210 218 176 142 122 481 3617 3307 310 3287 1208 288 66 2079
cat_boundaries=0 1 2
cat_threshold=621 4100
is_linear=0
shrinkage=0.03


Tree=86
num_leaves=31
num_cat=0
split_feature=18 19 19 6 9 7 8 7 55 7 14 55 32 54 43 6 7 9 6 7 10 30 22 23 37 6 6 6 51 7
split_gain=314.985 120.74 50.0356 29.5074 24.4489 17.68 20.2212 25.9025 22.3104 23.1404 16.8326 17.7059 16.4964 33.7823 62.7429 16.0621 15.2649 14.8205 14.4162 21.4485 14.1344 13.9625 21.708 25.7874 16.6783 15.4931 13.441 36.9409 22.4605 23.8567
threshold=24.233662605285648 27.712713241577152 22.427412986755375 9.5000000000000018 25.723391532897953 24.500000000000004 1.5000000000000002 41.500000000000007 0.33362243681689191 51.500000000000007 2.5121947760515986 0.52458755929079148 27.877727508544925 1.7646728911732963 23.350234985351566 14.500000000000002 44.500000000000007 32.32448387395997 12.500000000000002 12.500000000000002 2.5000000000000004 24.105970382690433 24.895596504211429 26.031131744384769 25.520331382751468 10.500000000000002 10.500000000000002 11.500000000000002 23.174053891458662 4.5000000000000009
decision_type=2 2 2 2 2 2 2 2 2 2 2 2 2 2 2 2 2 2 2 2 2 2 2 2 2 2 2 2 2 2
left_child=2 4 5 10 -2 15 7 -7 -9 -10 16 17 13 26 -15 18 -3 -12 -1 -20 -8 -5 -23 -24 -25 -26 -4 -28 -29 -30
right_child=1 3 12 21 -6 6 20 8 9 -11 11 -13 -14 14 -16 -17 -18 -19 19 -21 -22 22 23 24 25 -27 27 28 29 -31
leaf_value=-0.0033704017557072085 0.0018979328620195772 0.016828118922895992 0.00092691244180760992 -0.014040975698402949 0.0055087848751756386 -0.0069830832215589719 -0.0072615257238747219 -0.0040235687254594182 0.032986006792634727 -0.00046035202669686285 0.0099022797523782794 0.040781786384734703 -0.020945433683963004 0.062755405221666602 0.0026330749140899691 -0.0053773985133259055 -0.0085362152960793709 0.025818997403882719 -0.0022617740156555613 0.0092618278521772058 0.0025210995793707122 0.041598507449962199 -0.0098442340025847608 0.03461150861448712 0.014681913100286454 0.0054881347689378921 -0.0069407569138109811 -0.0030668060539616338 -0.006713023694395681 0.0015373301383320346
leaf_weight=732 4883 81 1897 21 2579 152 3042 53 52 29 78 47 38 21 61 1182 29 162 322 265 139 20 55 27 368 299 1110 2595 353 2964
leaf_count=732 4883 81 1897 21 2579 152 3042 53 52 29 78 47 38 21 61 1182 29 162 322 265 139 20 55 27 368 299 1110 2595 353 2964
internal_value=-3.20524e-07 0.00455962 -0.00262836 0.0134468 0.00314591 -0.00476022 -0.00614707 0.00149386 0.0111095 0.0210114 0.0201192 0.0239436 -0.00122079 -0.00113752 0.0180303 -0.00283772 0.0101412 0.0206461 -0.00056182 0.00294053 -0.00683405 0.0100938 0.0107529 0.0099292 0.0114963 0.0105606 -0.00131375 -0.00191906 -0.00097622 0.000659315
internal_weight=23656 8649 15007 1187 7462 5968 3467 286 134 81 397 287 9039 9001 82 2501 110 240 1319 587 3181 790 769 749 694 667 8919 7022 5912 3317
internal_count=23656 8649 15007 1187 7462 5968 3467 286 134 81 397 287 9039 9001 82 2501 110 240 1319 587 3181 790 769 749 694 667 8919 7022 5912 3317
is_linear=0
shrinkage=0.03


Tree=87
num_leaves=31
num_cat=0
split_feature=9 9 6 18 31 51 6 30 39 20 6 6 54 49 8 3 54 54 8 7 43 53 15 21 31 48 53 7 54 52
split_gain=297.184 113.019 46.216 30.4467 27.0877 25.2354 20.5342 18.0118 17.2556 16.9708 16.8003 26.9034 37.1264 36.1788 24.5472 32.1924 24.1115 19.9919 18.715 18.0527 16.9145 24.7561 25.8522 17.3896 18.8268 16.0127 23.8017 16.0601 15.9488 15.5818
threshold=24.17874908447266 28.810048104199222 15.500000000000002 25.688286781311039 24.780116082800294 22.786702219746505 9.5000000000000018 23.394674301147464 29.073493957519535 25.592166900634769 12.500000000000002 9.5000000000000018 1.7646728911732963 22.553674030383551 1.5000000000000002 0.55585200000000012 0.62723242507340393 0.63418302767856638 3.5000000000000004 24.500000000000004 25.67334079742432 0.65300480804305294 3.2485203410763162 23.938446044921879 24.585799217224125 24.476265525817876 1.2300366531636111 5.5000000000000009 0.60273151542669956 2.4257074954161086
decision_type=2 2 2 2 2 2 2 2 2 2 2 2 2 2 2 2 2 2 2 2 2 2 2 2 2 2 2 2 2 2
left_child=2 3 5 -2 -3 -1 -6 9 10 -5 11 12 13 -7 15 17 -15 -13 20 25 21 -12 -23 -24 -25 26 27 -16 -17 -9
right_child=1 4 -4 7 6 8 -8 29 -10 -11 18 14 -14 16 19 28 -18 -19 -20 -21 -22 22 23 24 -26 -27 -28 -29 -30 -31
leaf_value=-0.0033167038219672883 0.001824882602400152 -0.011771921855820851 -0.0058561659213048484 0.003601970341987908 0.022304160617840515 0.036124096571778258 0.01232425952902645 0.0057335996544600806 0.026640386826225687 -0.033815782561898225 -0.00062224326565158447 0.031541697542098429 0.041620766222476957 0.0038138452871725403 -0.00090975211627020267 0.00030153812008266648 -0.009442431764584612 0.0045190241597343368 0.0063442122256138211 -0.0029130202722090037 -0.01440994421912121 0.0014979612082745477 0.0075097928462283959 0.047734512045281008 0.010630452621728181 -0.027996783674155409 0.016867879903451965 -0.011887254477825706 -0.0089452910682131705 0.030004926212131976
leaf_weight=5118 4996 33 3096 24 292 27 509 2935 21 20 1981 44 22 530 158 948 161 56 513 1071 71 139 42 32 20 38 33 498 204 24
leaf_count=5118 4996 33 3096 24 292 27 509 2935 21 20 1981 44 22 530 158 948 161 56 513 1071 71 139 42 32 20 38 33 498 204 24
internal_value=-3.10907e-07 0.00435558 -0.00259598 0.00325984 0.014865 -0.00173527 0.0159624 0.00564714 -0.000510613 -0.0134061 -0.00059716 -0.00189885 0.00323259 0.00205635 -0.00314385 8.14048e-05 0.00072519 0.016409 0.00116603 -0.0053897 3.48858e-06 0.000465708 0.00971563 0.0218673 0.0334637 -0.00903828 -0.00799268 -0.00924328 -0.00133592 0.00593046
internal_weight=23656 8833 14823 7999 834 11727 801 3003 6609 44 6588 3790 740 718 3050 1252 691 100 2798 1798 2285 2214 233 94 52 727 689 656 1152 2959
internal_count=23656 8833 14823 7999 834 11727 801 3003 6609 44 6588 3790 740 718 3050 1252 691 100 2798 1798 2285 2214 233 94 52 727 689 656 1152 2959
is_linear=0
shrinkage=0.03


Tree=88
num_leaves=31
num_cat=0
split_feature=9 20 19 9 39 55 55 28 6 54 16 53 50 48 50 46 54 47 51 6 3 6 6 24 47 50 42 9 6 43
split_gain=280.403 88.9409 64.7415 23.8993 23.0042 21.036 21.8981 23.789 21.7651 26.5878 32.5699 49.8293 29.1086 23.3283 21.781 20.7502 18.559 17.1088 16.9606 16.4903 36.984 27.1048 15.697 14.4954 14.3709 14.0262 18.3524 16.523 15.2573 13.7679
threshold=24.879459381103519 30.098149299621586 22.491732597351078 26.327013015747074 29.073493957519535 2.3620259000352282 0.58793959071482427 22.083204269409183 12.500000000000002 0.62091997908856233 -0.5573825 1.1708160725673278 24.081741857599003 26.225393295288089 24.834337758948369 21.79349517822266 2.069632944186067 21.964903831481937 25.234605503183598 11.500000000000002 2.3073580000000002 10.500000000000002 15.500000000000002 27.087546348571781 25.064319610595707 23.121047496752322 23.753824234008793 21.167119026184086 10.500000000000002 27.220725059509281
decision_type=2 2 2 2 2 2 2 2 2 2 2 2 2 2 2 2 2 2 2 2 2 2 2 2 2 2 2 2 2 2
left_child=2 3 25 16 5 6 22 -8 9 19 -11 15 -13 17 -14 -12 23 -10 -19 21 24 -9 -4 -2 -21 26 27 -1 -28 -3
right_child=1 29 4 -5 -6 -7 7 8 13 10 11 12 14 -15 -16 -17 -18 18 -20 20 -22 -23 -24 -25 -26 -27 28 -29 -30 -31
leaf_value=-0.010714103022380404 0.0028030387319787913 0.040188340463421561 -0.00092562664680177829 0.0069997028376770397 0.028165230075549334 -0.026614981184580496 -0.011339790996872197 0.0090358700480984953 -0.010514157460049979 -0.006722660644933068 0.025096424876579215 0.045050780168558298 -0.012041762876747684 0.034221702229697261 0.03121544730663299 -0.0066328913100582179 -0.023373543601483106 0.0061834558496008636 -0.0062354958416997557 0.012294745545834302 -0.012526918626390396 -0.0087899533516109171 -0.0052490151436145362 0.01505501951750242 0.044522453085942701 -0.013512789945407593 0.028430147151179287 -0.0040427097372026559 0.0020518358735193451 0.015966431816162762
leaf_weight=355 3697 22 7233 1962 25 28 121 227 66 677 21 37 22 24 20 159 24 1184 108 20 24 116 844 89 33 148 23 5680 139 528
leaf_count=355 3697 22 7233 1962 25 28 121 227 66 677 21 37 22 24 20 159 24 1184 108 20 24 116 844 89 33 148 23 5680 139 528
internal_value=-3.01585e-07 0.00540804 -0.00197281 0.00430963 -0.000579656 -0.0006452 -0.000578708 0.00167767 0.00225295 -0.00044733 -0.0032613 0.00578635 0.025649 0.00490243 0.00855691 -0.00293114 0.00292435 0.00438427 0.00514534 0.0058238 0.01837 0.00300731 -0.0013774 0.00309105 0.0323611 -0.00438564 -0.00416766 -0.00443514 0.0057969 0.0169353
internal_weight=23656 6322 17334 5772 10989 10964 10936 2859 2738 1356 936 259 79 1382 42 180 3810 1358 1292 420 77 343 8077 3786 53 6345 6197 6035 162 550
internal_count=23656 6322 17334 5772 10989 10964 10936 2859 2738 1356 936 259 79 1382 42 180 3810 1358 1292 420 77 343 8077 3786 53 6345 6197 6035 162 550
is_linear=0
shrinkage=0.03


Tree=89
num_leaves=31
num_cat=3
split_feature=9 18 6 6 6 54 5 0 46 6 0 51 21 0 27 7 54 54 52 55 55 24 34 54 9 15 15 51 7 7
split_gain=264.274 101.086 41.9521 24.8954 27.9106 29.7459 26.9756 26.1322 26.3401 23.5249 22.6924 22.1852 19.9448 28.2171 32.0225 19.3108 24.6741 32.9124 18.4059 17.6532 18.6975 21.8157 16.4265 19.6552 16.2925 16.0962 15.7827 15.5777 15.5295 15.3193
threshold=24.17874908447266 27.930052757263187 15.500000000000002 10.500000000000002 12.500000000000002 0.51173247008607115 0.19302850000000002 0 28.859903335329594 9.5000000000000018 1 22.786702219746505 24.682497978210453 2 24.984581948193362 45.500000000000007 1.077511767669433 1.882414355890208 1.8956635199422684 1.7474269604769683 1.2650590720051402 25.111845970153812 29.01667404174805 0.60273151542669956 25.962282180786136 2.227935388794501 3.7981928287746087 26.763035170276535 32.500000000000007 42.500000000000007
decision_type=2 2 2 2 2 2 2 9 2 2 9 2 2 9 2 2 2 2 2 2 2 2 2 2 2 2 2 2 2 2
left_child=2 3 11 6 22 10 -2 8 26 25 24 -1 -11 -14 -15 27 -17 -18 -16 20 -9 -22 23 -5 -6 29 -7 -8 -12 -3
right_child=1 9 -4 4 5 7 15 19 -10 12 28 -13 13 14 18 16 17 -19 -20 -21 21 -23 -24 -25 -26 -27 -28 -29 -30 -31
leaf_value=-0.003110764044470314 0.035318757711121668 0.016019571524043128 -0.0055541773452904624 -0.00013459133369422 -0.008187482220417432 0.01469156644585958 0.0053060743788482636 0.0025761933439876639 -0.015809667063876987 0.039038151819258925 0.0050503009192723585 -0.00047971555820964905 0.010988798025670187 0.0246232628563176 -0.029501547766281517 0.0022193650669153847 -0.038760310117035145 0.009218192981048064 -0.00031692912059559213 -0.021617976019445522 0.045671327806077897 0.0013609531112015248 0.020153703079408693 -0.0077218209305398265 -0.037563124984502795 0.022036197465489203 0.0030646407432440253 0.013552607905727661 -0.0028095109080274899 -0.012094855619451172
leaf_weight=5118 26 53 3096 1337 113 474 2067 946 32 20 455 6609 610 23 41 899 31 22 37 26 20 20 31 399 20 291 135 229 450 26
leaf_count=5118 26 53 3096 1337 113 474 2067 946 32 20 455 6609 610 23 41 899 31 22 37 26 20 20 31 399 20 291 135 229 450 26
internal_value=-2.92531e-07 0.00410734 -0.00244802 0.0028963 0.00143747 0.00336099 0.00488269 0.00586042 0.0105555 0.0126121 -0.000619307 -0.00162798 0.00949229 0.00866118 -0.00590049 0.00463905 0.00104668 -0.0188447 -0.0156576 0.00275505 0.00342568 0.0235161 -0.0014919 -0.00187843 -0.0117234 0.018776 0.0121142 0.00612857 0.00112963 0.00676672
internal_weight=23656 8833 14823 7732 4458 2691 3274 1653 641 1101 1038 11727 731 711 101 3248 952 53 78 1012 986 40 1767 1736 133 370 609 2296 905 79
internal_count=23656 8833 14823 7732 4458 2691 3274 1653 641 1101 1038 11727 731 711 101 3248 952 53 78 1012 986 40 1767 1736 133 370 609 2296 905 79
cat_boundaries=0 1 2 3
cat_threshold=2096 545 6144
is_linear=0
shrinkage=0.03


Tree=90
num_leaves=31
num_cat=0
split_feature=48 18 44 18 51 34 10 50 23 41 8 7 10 35 2 38 31 7 49 51 52 9 20 9 25 50 41 38 28 47
split_gain=249.262 72.7829 69.1623 20.3821 19.6105 46.7258 23.135 38.3171 19.9543 16.5752 15.0194 15.8953 28.3981 14.9802 21.8815 14.9407 14.4176 14.2755 20.8433 31.6865 14.9354 14.7681 14.1034 13.6691 13.5186 13.3633 12.6676 12.4204 11.8043 14.2327
threshold=25.298513603446292 23.280637741088871 30.039946556091312 21.367829322814945 24.021822643261562 23.682095527648929 3.5000000000000004 24.982861948044558 26.031131744384769 23.751822471618656 1.5000000000000002 28.500000000000004 3.5000000000000004 27.070193290710453 8.9239605000000015 24.69069766998291 21.509809494018558 13.500000000000002 23.628423500232913 23.937264919353925 0.52177575987870017 22.287342071533207 27.727675437927253 24.17874908447266 27.108617782592777 33.556916237191409 26.269716262817386 21.626159667968754 24.078411102294925 23.900675773620609
decision_type=2 2 2 2 2 2 2 2 2 2 2 2 2 2 2 2 2 2 2 2 2 2 2 2 2 2 2 2 2 2
left_child=1 3 4 9 -2 15 22 -8 26 -1 28 17 -13 14 24 -6 -3 20 19 27 -12 -22 23 -7 -10 -4 -9 -19 29 -5
right_child=2 16 25 10 5 6 7 8 13 -11 11 12 -14 -15 -16 -17 -18 18 -20 -21 21 -23 -24 -25 -26 -27 -28 -29 -30 -31
leaf_value=-0.0077924048944759414 0.028799860138446091 -0.018997571764185147 0.013414419362441955 -0.0006752333488991457 -0.031148683547128946 -0.014406941873379625 0.044655620631362712 0.0041697403550497248 0.0083466466527861022 0.019786464996635913 -0.0047351826905777791 -0.0051256172482687691 0.0088194059222758588 0.003618104179397712 0.032695293722674254 0.00023668992519378662 0.00057783195613157312 0.0052749498499335768 -0.023839045417579734 0.035208127080138936 0.026361031222343446 0.00093991229487261883 0.0088873162711694785 0.0034642069662336947 0.030014128143027907 0.025715199247483285 -0.017073698388412595 -0.0012731510702476989 -0.0092686571060524615 0.0074768984464968994
leaf_weight=1014 30 34 547 1190 43 39 28 160 158 20 1610 3911 136 110 60 20 8345 311 33 23 25 116 456 3124 31 93 30 1612 117 230
leaf_count=1014 30 34 547 1190 43 39 28 160 158 20 1610 3911 136 110 60 20 8345 311 33 23 25 116 456 3124 31 93 30 1612 117 230
internal_value=-1.44392e-07 -0.00158002 0.00600237 -0.00326297 0.00462963 0.00445938 0.00484441 0.0104233 0.00867735 -0.00725896 -0.00281935 -0.00335491 -0.00465699 0.0128382 0.0169113 -0.0211851 0.0004984 -0.00194217 -0.000196418 0.00020451 -0.00391524 0.0054472 0.00395494 0.00324385 0.0119006 0.0152019 0.000815513 -0.00021415 -0.000109482 0.000645182
internal_weight=23656 18727 4929 10348 4289 4259 4196 577 549 1034 9314 7777 4047 359 249 63 8379 3730 1979 1946 1751 141 3619 3163 189 640 190 1923 1537 1420
internal_count=23656 18727 4929 10348 4289 4259 4196 577 549 1034 9314 7777 4047 359 249 63 8379 3730 1979 1946 1751 141 3619 3163 189 640 190 1923 1537 1420
is_linear=0
shrinkage=0.03


Tree=91
num_leaves=31
num_cat=0
split_feature=18 19 18 6 6 2 6 6 7 10 39 42 55 53 27 7 7 8 8 7 6 55 55 54 53 8 53 37 32 54
split_gain=235.728 89.9964 39.1231 23.7372 22.1829 26.2824 25.8863 32.5919 39.459 31.4934 28.2443 25.668 20.479 33.1079 20.1145 21.8416 19.4287 19.2159 24.4173 15.9637 18.7554 15.7046 15.3652 29.3552 18.0786 16.4876 40.2348 16.8155 15.5457 32.8002
threshold=24.233662605285648 27.712713241577152 22.145510673522953 9.5000000000000018 10.500000000000002 0.9565760000000002 12.500000000000002 14.500000000000002 14.500000000000002 3.5000000000000004 24.331931114196781 26.217803001787114 1.0263217621186491 2.0257432909483923 23.793564796533207 24.500000000000004 46.500000000000007 1.5000000000000002 3.5000000000000004 25.500000000000004 14.500000000000002 0.27777422619954223 0.60907446420840772 0.65084864162812783 0.77997736678812191 1.5000000000000002 0.195726437731048 23.90214824676514 27.877727508544925 1.7646728911732963
decision_type=2 2 2 2 2 2 2 2 2 2 2 2 2 2 2 2 2 2 2 2 2 2 2 2 2 2 2 2 2 2
left_child=2 4 19 -3 5 -2 14 11 10 17 -9 -8 21 16 15 -6 -14 -10 -19 20 -1 -7 -4 24 25 26 27 -24 29 -25
right_child=1 3 22 -5 6 12 7 8 9 -11 -12 -13 13 -15 -16 -17 -18 18 -20 -21 -22 -23 23 28 -26 -27 -28 -29 -30 -31
leaf_value=0.00033120909458891987 0.038072853913264613 0.01760191982464222 -0.0018867944894715859 0.0086100011043581393 -0.030173554285006086 0.0017793334852505816 0.0045888211412755866 -0.0046681223130010125 -0.010126442908955336 -0.022298902922442982 0.013270169077777958 0.016791026706461393 -0.0041567790960626945 0.018663754712258063 -0.00064650380359529164 -0.0038585874438285825 -0.029966241563359895 0.01195145234036488 -0.0039663786676688096 -0.006284078988244712 -0.0056778059845163176 0.0064151924191193834 0.038915181281615273 -0.0019183476037806337 0.033540779118027005 0.0017228525456690507 0.0012796228298115253 0.013659407828489076 -0.020046837079840209 0.017474072643791336
leaf_weight=958 21 397 8452 790 44 969 1368 119 206 84 235 175 63 35 1574 80 45 128 269 2441 913 2047 49 1447 21 421 137 46 39 83
leaf_count=958 21 397 8452 790 44 969 1368 119 206 84 235 175 63 35 1574 80 45 128 269 2441 913 2047 49 1447 21 421 137 46 39 83
internal_value=-1.40071e-07 0.00394462 -0.00227363 0.0116174 0.00272409 0.00462216 0.0013145 0.00320534 -0.000896582 -0.00508926 0.00724007 0.00597274 0.00439979 -0.00669319 -0.00156297 -0.0131962 -0.0149107 -0.0026919 0.00116582 -0.00468599 -0.00260104 0.00492575 -0.00130101 0.000906302 0.00614267 0.00526157 0.0116831 0.0266861 -0.0013431 -0.00086634
internal_weight=23656 8649 15007 1187 7462 3180 4282 2584 1041 687 354 1543 3159 143 1698 124 108 603 397 4312 1871 3016 10695 2243 674 653 232 95 1569 1530
internal_count=23656 8649 15007 1187 7462 3180 4282 2584 1041 687 354 1543 3159 143 1698 124 108 603 397 4312 1871 3016 10695 2243 674 653 232 95 1569 1530
is_linear=0
shrinkage=0.03


Tree=92
num_leaves=31
num_cat=2
split_feature=9 19 19 39 6 2 29 28 55 55 28 6 54 16 53 50 7 48 46 52 55 0 6 6 36 47 51 7 0 52
split_gain=222.23 72.2408 52.3103 21.376 20.8726 37.2335 31.966 19.8583 19.4584 19.3715 21.4399 19.9551 23.5381 29.9563 46.3272 26.902 22.5467 20.8986 19.4367 19.3238 23.0465 17.1062 37.1905 18.3171 16.0173 15.5638 15.8148 21.6977 15.5057 15.4111
threshold=24.879459381103519 30.731120109558109 22.491732597351078 29.073493957519535 10.500000000000002 0.9565760000000002 30.353062629699711 24.033432960510254 2.3620259000352282 0.58793959071482427 22.083204269409183 12.500000000000002 0.62091997908856233 -0.5573825 1.1708160725673278 24.081741857599003 42.500000000000007 26.225393295288089 21.79349517822266 2.0980166161844136 1.8291982800973254 0 11.500000000000002 10.500000000000002 23.577351570129398 21.964903831481937 25.234605503183598 36.500000000000007 1 0.36779760435636627
decision_type=2 2 2 2 2 2 2 2 2 2 2 2 2 2 2 2 2 2 2 2 2 9 2 2 2 2 2 2 9 2
left_child=2 4 -1 8 5 6 -2 24 9 28 -11 12 21 -14 18 -16 -17 25 -15 20 -9 22 -12 -23 -7 -13 -27 -28 -4 -6
right_child=1 -3 3 -5 29 7 -8 19 -10 10 11 17 13 14 15 16 -18 -19 -20 -21 -22 23 -24 -25 -26 26 27 -29 -30 -31
leaf_value=-0.003925002969867683 0.030215006249304861 0.016249203555298051 -0.0030182155310212225 0.027205055184289811 0.00031015048104630579 0.0060772427891127084 0.0020650514470119223 0.0056269098643771196 -0.025544100418420774 -0.010738927374078222 0.0039842396773971042 -0.0099980798660015517 -0.0063875501444678479 0.024329470760588136 0.043412924886152553 0.031382886816747481 -0.012628115827048366 0.032452605080325152 -0.0063791643118679105 0.031219258852876151 -0.015364501406438648 0.0078337239936489417 0.039864065635662811 -0.0070693445150883721 -0.017589958790809875 0.0059400756812770066 0.0053125013526351674 -0.02196243183563153 -0.00027364166073661221 0.0045712016968097267
leaf_weight=6345 100 461 2874 25 1705 44 57 2435 28 121 78 66 677 21 37 20 22 24 159 26 48 173 39 130 62 1184 63 45 5203 1384
leaf_count=6345 100 461 2874 25 1705 44 57 2435 28 121 78 66 677 21 37 20 22 24 159 26 48 173 39 130 62 1184 63 45 5203 1384
internal_value=-1.35867e-07 0.00481461 -0.00175616 -0.000503873 0.00391522 0.00580511 0.019995 0.00495317 -0.000567055 -0.000503105 0.00161912 0.00216526 -0.000420305 -0.00306797 0.00560907 0.024761 0.0083295 0.00470218 -0.00279649 0.00549053 0.00522112 0.00548021 0.0146887 0.00139367 -0.00776584 0.00421175 0.00493764 -0.00605205 -0.00125431 0.00221928
internal_weight=23656 6322 17334 10989 5861 2772 157 2615 10964 10936 2859 2738 1356 936 259 79 42 1382 180 2509 2483 420 117 303 106 1358 1292 108 8077 3089
internal_count=23656 6322 17334 10989 5861 2772 157 2615 10964 10936 2859 2738 1356 936 259 79 42 1382 180 2509 2483 420 117 303 106 1358 1292 108 8077 3089
cat_boundaries=0 1 2
cat_threshold=4130 581
is_linear=0
shrinkage=0.03


Tree=93
num_leaves=31
num_cat=2
split_feature=18 21 6 18 6 2 0 53 37 48 6 6 55 12 53 7 6 6 8 7 6 10 53 27 10 47 25 0 21 29
split_gain=209.739 74.5587 41.5711 23.8585 22.1507 41.0808 18.0031 20.5331 22.5309 18.9653 18.2475 22.7538 20.2914 23.0424 18.2176 17.9092 17.2474 20.1984 20.4584 31.2517 34.2159 27.2051 20.6125 19.3354 18.0203 17.597 16.7576 16.2748 16.1097 15.4525
threshold=24.528878211975101 29.599962234497074 15.500000000000002 23.280637741088871 10.500000000000002 0.9565760000000002 0 1.5984034883671894 25.361097335815433 26.360172080993653 12.500000000000002 14.500000000000002 0.58793959071482427 1.0000000180025095e-35 0.19777454506648365 46.500000000000007 12.500000000000002 10.500000000000002 1.5000000000000002 41.500000000000007 11.500000000000002 1.0000000180025095e-35 1.2300366531636111 23.292843818664554 3.5000000000000004 21.983031272888187 28.548566818237308 1 26.9657096862793 23.778338432312015
decision_type=2 2 2 2 2 2 9 2 2 2 2 2 2 2 2 2 2 2 2 2 2 2 2 2 2 2 2 9 2 2
left_child=2 4 3 16 5 26 7 10 -9 -8 27 12 13 -12 -14 -7 17 24 19 -19 -21 -22 -20 -24 -1 -18 -2 -6 -5 -17
right_child=1 -3 -4 28 6 15 9 8 -10 -11 11 -13 14 -15 -16 29 25 18 22 20 21 -23 23 -25 -26 -27 -28 -29 -30 -31
leaf_value=-0.0021005466773611793 0.041061627519758122 0.013885818212358065 -0.0050006789809688432 0.00020835389931444034 0.0029446635182044751 0.0059839944528478689 -0.00092955193110255219 0.034239416441235397 0.0046473011462704128 -0.029053029229187149 0.0044891725991054307 0.00022643305424361115 0.039859782211482522 -0.025897338544018565 0.010624956011338539 -0.017321466322056948 -0.0039770198563139608 -0.0051735879764457865 -0.0074130385652230691 -0.0065104069267197147 0.03235255367720305 0.0015562981463569615 0.035199888199567791 -0.0055565552430396729 0.0083444629959114718 0.00070765611404242359 0.01249888148314009 -0.0045545902751967038 0.018644870765680489 0.0017714534223301928
leaf_weight=1589 38 645 3186 5319 553 2199 1132 39 57 22 350 608 20 24 470 40 1029 386 1771 69 67 42 20 22 164 2416 36 475 43 825
leaf_count=1589 38 645 3186 5319 553 2199 1132 39 57 22 350 608 20 24 470 40 1029 386 1771 69 67 42 20 22 164 2416 36 475 43 825
internal_value=-1.73538e-07 0.00413248 -0.00193104 -0.00117507 0.00321917 0.00507893 0.00166292 0.00304197 0.0166691 -0.00145311 0.00253086 0.00467274 0.00780162 0.00253924 0.0118182 0.00454549 -0.002259 -0.0035664 -0.0053681 -0.000378081 0.0100212 0.0204861 -0.00692043 0.0138513 -0.00112338 -0.000691627 0.0271662 -0.000536119 0.000356204 0.000888544
internal_weight=23656 7533 16123 12937 6888 3138 3750 2596 96 1154 2500 1472 864 374 490 3064 7575 4130 2377 564 178 109 1813 42 1753 3445 74 1028 5362 865
internal_count=23656 7533 16123 12937 6888 3138 3750 2596 96 1154 2500 1472 864 374 490 3064 7575 4130 2377 564 178 109 1813 42 1753 3445 74 1028 5362 865
cat_boundaries=0 1 2
cat_threshold=6256 4128
is_linear=0
shrinkage=0.03


Tree=94
num_leaves=31
num_cat=2
split_feature=9 18 19 26 55 53 8 18 39 17 26 20 34 0 53 55 46 17 8 24 51 0 37 32 47 58 44 49 54 55
split_gain=198.056 59.6668 56.436 17.7683 15.6774 24.4341 30.9468 24.2825 15.3947 19.4655 16.2224 15.1178 16.3278 16.9539 17.2221 19.7747 15.0849 13.7887 13.7791 13.4445 12.2051 12.6334 14.3023 13.4541 16.5408 12.0285 15.5671 12.3975 12.18 14.7645
threshold=25.322278976440433 23.280637741088871 30.731120109558109 21.302151679992679 2.3620259000352282 1.8331585692957177 3.5000000000000004 25.032989501953129 23.976901054624026 -0.87487849999999989 26.127500534057621 27.083062171936039 26.94432353973389 0 0.87813131684815759 1.1388491774222034 23.50644683837891 1.6073775000000003 1.5000000000000002 26.350567817687992 27.241363080363445 1 27.921491622924808 24.950502395629886 24.888355253962406 12.500000000000002 24.700132369995121 24.006699180603032 1.3275762330571192 1.3787832903696273
decision_type=2 2 2 2 2 2 2 2 2 2 2 2 2 9 2 2 2 2 2 2 2 9 2 2 2 2 2 2 2 2
left_child=1 3 8 -1 5 25 7 -7 9 19 16 20 -13 -14 15 -15 17 -11 -5 -2 21 22 23 24 -10 28 27 -27 29 -3
right_child=2 4 -4 18 -6 6 -8 -9 11 10 -12 12 13 14 -16 -17 -18 -19 -20 -21 -22 -23 -24 -25 -26 26 -28 -29 -30 -31
leaf_value=-0.0073970937309849093 0.0023317394456130055 0.00033132619828838008 0.015345228087055714 2.75482285879983e-05 -0.021944365858965153 0.049445544928312303 -0.011333451408147812 0.010814455439503944 0.0043054780034318327 -0.0054631029499417286 -0.031111444616317745 0.014552181345520212 -0.0021359117982464692 0.0081512416414265959 -0.017581511045044119 0.034045498286640004 -0.01469178781018605 0.0211310145445168 -0.0030852430150002511 0.028806943504938055 -0.0043034159148082835 0.0028756911497336761 0.02960880745053291 0.0050623641689345814 0.025730456670965341 0.0061245940422469921 -0.004848903341509868 0.0367238095932855 -0.0069357549143023783 0.01416971043763416
leaf_weight=746 97 7950 461 1522 28 27 25 32 62 47 25 255 187 510 22 28 73 28 8045 21 160 2104 25 754 68 22 30 26 206 70
leaf_count=746 97 7950 461 1522 28 27 25 32 62 47 25 255 187 510 22 28 73 28 8045 21 160 2104 25 754 68 22 30 26 206 70
internal_value=-1.88751e-07 -0.00140811 0.00535175 -0.00293776 0.000466322 0.000541131 0.01664 0.0284931 0.00432018 -0.00235141 -0.00875945 0.00478519 0.00799765 0.00576016 0.00828704 0.0094989 -0.00498377 0.00446537 -0.00259003 0.00704343 0.00377073 0.00419949 0.00715327 0.00659913 0.0155124 0.000378282 0.0121038 0.0226992 0.000267099 0.00045211
internal_weight=23656 18729 4927 10313 8416 8388 84 59 4466 291 173 4175 1002 747 560 538 148 75 9567 118 3173 3013 909 884 130 8304 78 48 8226 8020
internal_count=23656 18729 4927 10313 8416 8388 84 59 4466 291 173 4175 1002 747 560 538 148 75 9567 118 3173 3013 909 884 130 8304 78 48 8226 8020
cat_boundaries=0 1 2
cat_threshold=2096 2096
is_linear=0
shrinkage=0.03


Tree=95
num_leaves=31
num_cat=0
split_feature=18 19 6 17 3 6 6 6 7 39 54 58 2 6 6 58 8 7 6 14 43 14 8 8 14 37 6 24 48 19
split_gain=187.027 71.5642 33.3347 20.4026 19.6839 21.4489 29.6524 26.1448 29.0618 28.148 23.9009 30.0107 20.2043 19.5544 43.7186 26.5751 25.539 25.6898 27.2675 48.7761 24.7533 19.217 19.0382 26.1198 18.0966 17.8962 18.0171 18.9277 16.8142 16.6861
threshold=24.233662605285648 27.712713241577152 15.500000000000002 -1.0704609999999999 2.9426885000000005 10.500000000000002 12.500000000000002 14.500000000000002 14.500000000000002 24.331931114196781 0.61543456773582239 10.500000000000002 0.9565760000000002 12.500000000000002 10.500000000000002 11.500000000000002 1.5000000000000002 38.500000000000007 11.500000000000002 0.65488484349600518 21.982161521911625 1.848909553419227 1.5000000000000002 3.5000000000000004 2.0895917187088626 26.795034408569339 13.500000000000002 24.428726196289066 26.320545577985843 26.099332809448246
decision_type=2 2 2 2 2 2 2 2 2 2 2 2 2 2 2 2 2 2 2 2 2 2 2 2 2 2 2 2 2 2
left_child=2 4 13 -3 5 12 -7 10 9 -9 11 -8 -2 14 15 29 17 -16 -19 -20 -15 25 -10 -24 -22 26 -12 -28 -6 -1
right_child=1 3 -4 -5 28 6 7 8 22 -11 21 -13 -14 20 16 -17 -18 18 19 -21 24 -23 23 -25 -26 -27 27 -29 -30 -31
leaf_value=0.00018046829223700641 0.034369380165423666 0.014690211265123754 -0.0047957173067218499 0.0067867586224660175 -0.0011743838715517632 -0.0015991811009603103 0.0040178552464712703 -0.0075581684447370654 -0.010808229165524244 0.012997692935742988 0.0017066315666991558 -0.027078000088704042 0.0048268364724846973 -0.0040474360645489857 -0.0046527465086203977 0.021041213369843634 -0.0062749578555881744 -0.003275449265362656 0.028226676626551536 0.0015450390129537154 0.0027541823648896805 0.0069346004186198115 0.011294166504949316 -0.0050284814891326697 -0.0012259307710880067 0.034684274162611238 0.045626606475511242 0.014365676857220629 -0.029002785430289803 -0.027319041341543195
leaf_weight=2808 21 536 3101 651 851 1582 759 82 225 223 68 29 2649 1057 726 55 2500 241 93 183 2453 400 128 284 1770 46 23 72 20 20
leaf_count=2808 21 536 3101 651 851 1582 759 82 225 223 68 29 2649 1057 726 55 2500 241 93 183 2453 400 128 284 1770 46 23 72 20 20
internal_value=-1.73701e-07 0.00351354 -0.00202524 0.0103556 0.00242516 0.00298528 0.00157305 0.00371861 -0.000143919 0.0074712 0.00632312 0.00287346 0.00505919 -0.00130365 -0.00238895 0.000387666 -0.00452761 -0.00101324 0.00409756 0.0105356 5.8328e-05 0.0107867 -0.00379009 4.26325e-05 0.00108598 0.0181592 0.0134957 0.0219341 -0.00181338 -1.4012e-05
internal_weight=23656 8649 15007 1187 7462 6591 3921 2339 942 305 1397 788 2670 11906 6626 2883 3743 1243 517 276 5280 609 637 412 4223 209 163 95 871 2828
internal_count=23656 8649 15007 1187 7462 6591 3921 2339 942 305 1397 788 2670 11906 6626 2883 3743 1243 517 276 5280 609 637 412 4223 209 163 95 871 2828
is_linear=0
shrinkage=0.03


Tree=96
num_leaves=31
num_cat=0
split_feature=9 9 6 31 3 6 6 6 7 55 33 41 31 7 7 35 8 7 52 52 41 14 6 6 8 3 58 43 14 53
split_gain=177.071 67.7931 31.2331 21.1416 20.9531 22.189 27.9487 26.6495 32.5903 27.2838 39.1064 25.1812 23.9711 24.5399 25.2084 27.5139 20.0125 19.9291 23.0614 20.3145 19.1556 18.4895 18.4852 38.5059 26.2503 25.2496 24.5157 22.9186 19.2283 20.4405
threshold=24.17874908447266 28.810048104199222 15.500000000000002 24.780116082800294 2.9426885000000005 10.500000000000002 12.500000000000002 14.500000000000002 12.500000000000002 1.227039243788125 25.236443519592289 24.359595298767093 26.936803817749027 32.500000000000007 43.500000000000007 26.456398963928226 1.5000000000000002 45.500000000000007 1.2743513464849165 2.0980166161844136 26.269716262817386 1.0578827302576586 12.500000000000002 10.500000000000002 1.5000000000000002 0.55585200000000012 11.500000000000002 21.982161521911625 1.848909553419227 0.45000412652292604
decision_type=2 2 2 2 2 2 2 2 2 2 2 2 2 2 2 2 2 2 2 2 2 2 2 2 2 2 2 2 2 2
left_child=2 4 22 -3 5 17 -7 9 11 12 -11 -9 13 -8 15 -15 -10 19 -19 -2 -16 -13 23 26 25 -25 -1 -24 -29 -30
right_child=1 3 -4 -5 -6 6 7 8 16 10 -12 21 -14 14 20 -17 -18 18 -20 -21 -22 -23 27 24 -26 -27 -28 28 29 -31
leaf_value=-0.0001060102384976319 0.0063848772073978443 -0.012030826508998871 -0.0046838794975402661 0.012471085281114788 -0.0017196633554206438 -0.0012438952082378652 0.0083771576775088993 -0.0070013256836682558 -0.010649133748511265 0.042375100459903475 0.0078647005593714611 0.032669168522430431 0.022487946997132541 -0.0039728701915524708 0.0029689742663395009 -0.040408004740253085 6.4066868261138639e-05 0.0023064766826320182 -0.021607515452135549 0.034150200076401231 0.025238382191612167 0.0094378473977684164 -0.0039065711229851457 0.015984181864187121 -0.0061367249916196246 -0.0018747758886219295 0.020684528757746404 0.0028514787994464623 -0.0032931325477279362 0.0037563842522233427
leaf_weight=2780 2005 33 3096 801 930 1730 616 73 239 44 90 37 67 277 320 20 457 808 38 24 39 185 1055 76 2488 1140 52 2326 1291 519
leaf_count=2780 2005 33 3096 801 930 1730 616 73 239 44 90 37 67 277 320 20 457 808 38 24 39 185 1055 76 2488 1140 52 2326 1291 519
internal_value=-1.68495e-07 0.00336214 -0.00200376 0.0115016 0.0025135 0.00307042 0.00167881 0.00373087 -7.28559e-05 0.00628993 0.0191965 0.00828361 0.00499832 0.00407709 3.92127e-05 -0.00642641 -0.00361475 0.00510046 0.00123233 0.0067133 0.00538821 0.0133097 -0.0012962 -0.00235767 -0.00437112 -0.000758591 0.000275737 4.03075e-05 0.00104707 -0.00127175
internal_weight=23656 8833 14823 834 7999 7069 4194 2464 991 1473 134 295 1339 1272 656 297 696 2875 846 2029 359 222 11727 6536 3704 1216 2832 5191 4136 1810
internal_count=23656 8833 14823 834 7999 7069 4194 2464 991 1473 134 295 1339 1272 656 297 696 2875 846 2029 359 222 11727 6536 3704 1216 2832 5191 4136 1810
is_linear=0
shrinkage=0.03


Tree=97
num_leaves=31
num_cat=2
split_feature=9 9 6 0 55 55 19 52 55 6 6 8 7 8 5 15 52 46 6 5 55 43 49 55 7 0 6 55 21 16
split_gain=166.606 64.3071 29.3872 24.0781 22.0831 26.9251 20.8739 18.077 64.3325 17.3927 36.2302 24.6989 24.4082 21.7575 21.497 20.8163 19.2554 17.7206 16.9561 16.7904 16.5059 16.2025 21.539 15.7005 14.9225 14.7748 14.5155 14.2135 45.6667 44.4815
threshold=24.17874908447266 30.025896072387699 15.500000000000002 0 1.598522680713639 1.3332055861132257 24.756456376286625 2.0980166161844136 1.936180906756199 12.500000000000002 10.500000000000002 1.5000000000000002 38.500000000000007 3.5000000000000004 0.55585200000000012 1.8580269861554224 0.063527653521754865 21.965652465820316 9.5000000000000018 2.8888675000000004 0.14341156592798898 25.67334079742432 24.795779800415044 0.52458755929079148 44.500000000000007 1 11.500000000000002 0.962331275081722 22.646697998046879 0.12186950000000031
decision_type=2 2 2 9 2 2 2 2 2 2 2 2 2 2 2 2 2 2 2 2 2 2 2 2 2 9 2 2 2 2
left_child=2 3 9 7 5 18 -6 20 -9 10 27 12 23 17 -14 -15 26 -11 19 -5 -2 22 25 -12 -24 -19 -16 -1 -29 -30
right_child=1 -3 -4 4 6 -7 -8 8 -10 13 11 -13 14 15 16 -17 -18 21 -20 -21 -22 -23 24 -25 -26 -27 -28 28 29 -31
leaf_value=-0.00044486059800986666 0.030265389781977452 0.013147097177262342 -0.0045433631123490232 0.0076138495368576501 0.0035703958977352486 0.034917809574731756 -0.027424351449590177 -0.0095769941652329941 0.042373224834601084 -0.0043530714309699603 -0.0011929877066639641 -0.0059526231967329092 0.026033270554249421 0.010552701102871516 -0.0050956615513529291 -8.9246274439477456e-05 -0.00027680952467691654 0.004544360747840372 -0.00046050330217195539 -0.00070395815652186293 0.0036092266761664853 -0.013630531990044825 0.031919646764343439 -0.010667354885932023 0.0015301167549422155 -0.00064618966495352814 0.023391992572695017 0.028495217454196378 -0.0088840255238955817 0.020427567588526811
leaf_weight=2546 21 555 3096 553 33 21 48 41 45 947 481 2488 38 324 22 338 381 586 2446 361 4709 74 33 234 26 2863 60 66 153 67
leaf_count=2546 21 555 3096 553 33 21 48 41 45 947 481 2488 38 324 22 338 381 586 2446 361 4709 74 33 234 26 2863 60 66 153 67
internal_value=-1.63438e-07 0.00326128 -0.00194365 0.00259848 0.000681068 0.00105389 -0.0147969 0.00396717 0.0176063 -0.00125731 -0.00228694 -0.00423998 -0.000735833 3.90983e-05 0.00434175 0.0051192 0.00256145 -0.000703456 0.000842244 0.00432859 0.00372757 0.00026142 0.000554466 -0.00429369 0.0185277 0.00024701 0.015749 0.000267465 0.00660866 4.26869e-05
internal_weight=23656 8833 14823 8278 3462 3381 81 4816 86 11727 6536 3704 1216 5191 501 662 463 4529 3360 914 4730 3582 3508 715 59 3449 82 2832 286 220
internal_count=23656 8833 14823 8278 3462 3381 81 4816 86 11727 6536 3704 1216 5191 501 662 463 4529 3360 914 4730 3582 3508 715 59 3449 82 2832 286 220
cat_boundaries=0 1 2
cat_threshold=7280 2096
is_linear=0
shrinkage=0.03


Tree=98
num_leaves=31
num_cat=2
split_feature=49 9 20 6 0 6 55 50 54 45 33 6 6 7 52 55 7 45 0 38 38 55 30 32 52 20 7 53 3 55
split_gain=156.924 46.598 44.9812 18.9799 30.9535 29.8047 22.7101 48.6887 29.4575 37.5818 20.8057 21.1842 19.0322 33.5705 45.336 31.6875 29.9282 27.4628 19.0853 18.6981 31.2193 17.8129 17.4858 22.0109 17.3869 29.0146 16.2401 15.8848 15.3857 23.2619
threshold=25.16162910461426 29.563299179077152 22.646697998046879 10.500000000000002 0 11.500000000000002 1.8291982800973254 24.216118907868779 0.63418302767856638 22.446624755859379 21.461677551269535 14.500000000000002 12.500000000000002 23.500000000000004 0.10158469794599591 0.26896582705146793 30.500000000000004 24.289530754089359 1 22.997782707214359 23.56390476226807 1.2650590720051402 23.561296463012699 24.159487724304203 1.2743513464849165 23.379685402001957 17.500000000000004 1.061869092541851 0.87008850000000015 0.59952272817427532
decision_type=2 2 2 2 9 2 2 2 2 2 2 2 2 2 2 2 2 2 9 2 2 2 2 2 2 2 2 2 2 2
left_child=2 19 -1 4 6 24 8 -8 -4 -10 -7 12 13 -12 17 -14 18 -15 28 -2 -21 -18 -22 -24 -5 -26 -20 -6 29 -17
right_child=1 -3 3 5 27 10 7 -9 9 -11 11 -13 15 14 -16 16 21 -19 26 20 22 -23 23 -25 25 -27 -28 -29 -30 -31
leaf_value=-0.0031745978764686203 0.031715368857341157 0.012075187306566719 0.00088479189151951718 -0.0051919008703632703 0.0053186919156031562 -0.024507275711174212 0.053907601081633144 -0.008055699652433395 0.0091343841083580627 -0.014296425319854048 -0.0067812713900384973 -0.0020917746148105139 -0.0054635978339162344 0.008514384334164531 -0.001942268736880518 0.050823581464912573 0.00017387537129408455 0.033989091112601511 0.00086258468593473773 -0.020000414536060655 -0.022494380606905274 0.028727836864069101 0.017795100167431698 0.0034254575267571286 0.040798602685332294 -0.0052632199067738838 0.0090760015494101131 0.029986762519110925 0.01093848229053297 0.0086031396524049331
leaf_weight=7195 21 643 1342 1503 1114 31 21 25 80 268 601 2441 360 171 546 23 1166 49 462 51 23 20 98 4558 20 32 408 24 336 24
leaf_count=7195 21 643 1342 1503 1114 31 21 25 80 268 601 2441 360 171 546 23 1166 49 462 51 23 20 98 4558 20 32 408 24 336 24
internal_value=-1.09098e-07 0.00449576 -0.00132804 -0.00012754 0.0019701 -0.000863365 -0.000562791 0.0202319 -0.00113213 -0.00891003 1.24022e-05 0.000127448 0.00142777 -0.00147374 0.00269053 0.00284483 0.00407116 0.0141883 0.00730429 0.00346996 0.00334456 0.000655392 0.00359901 0.00372791 -0.00460185 0.0124529 0.00466082 0.00578807 0.0128518 0.0292642
internal_weight=23656 5394 18262 11067 2874 8193 1736 46 1690 348 6638 6607 4166 1367 766 2799 2439 220 1253 4751 4730 1186 4679 4656 1555 52 870 1138 383 47
internal_count=23656 5394 18262 11067 2874 8193 1736 46 1690 348 6638 6607 4166 1367 766 2799 2439 220 1253 4751 4730 1186 4679 4656 1555 52 870 1138 383 47
cat_boundaries=0 1 2
cat_threshold=556 2097
is_linear=0
shrinkage=0.03


Tree=99
num_leaves=31
num_cat=0
split_feature=9 18 19 6 45 41 6 6 55 32 55 7 29 26 15 33 18 53 3 55 7 19 6 6 7 41 15 45 53 54
split_gain=148.669 53.4535 38.6619 18.5816 24.3143 22.4056 20.2685 25.4519 32.2896 33.675 22.5582 19.8902 18.3321 22.1516 17.547 16.3226 16.1038 15.5252 24.3566 21.6699 15.4548 15.1184 18.5543 14.0593 22.0595 15.8576 15.4685 14.0853 31.2257 30.1382
threshold=25.683939933776859 23.280637741088871 30.731120109558109 10.500000000000002 27.23324012756348 21.567081451416019 12.500000000000002 14.500000000000002 1.3787832903696273 24.411609649658207 0.27104682057117624 31.500000000000004 23.762885091259768 26.127500534057621 1.7122796186887037 23.511767388569339 21.326662063598636 0.57773532487889245 0.55585200000000012 1.936180906756199 34.500000000000007 24.489542961120609 11.500000000000002 14.500000000000002 12.500000000000002 24.482082366943363 1.7344743903519435 25.74745273489258 0.85652248775697792 0.85586057442233154
decision_type=2 2 2 2 2 2 2 2 2 2 2 2 2 2 2 2 2 2 2 2 2 2 2 2 2 2 2 2 2 2
left_child=1 16 12 4 -3 -5 17 8 10 -10 -8 -12 13 -2 -13 -16 -1 18 21 20 -19 22 -7 27 25 -25 -26 -14 29 -29
right_child=2 3 -4 5 -6 6 7 -9 9 -11 11 14 23 -15 15 -17 -18 19 -20 -21 -22 -23 -24 24 26 -27 -28 28 -30 -31
leaf_value=-0.0065151887918997496 -0.0013196468467310983 0.0022669290986227454 0.013518211483302445 -0.032022975839674471 0.028164252813651477 0.0010958296078024431 -0.007543611640669406 -0.0015445475937665592 0.054989396753636267 0.0030728144976107973 0.0066797306419543422 0.0066129781516227077 0.0087025862771706129 -0.035272385574311817 -0.0093329302343243565 0.00097575118406584239 -0.0021952938968337562 -0.013775573447627207 -0.0021595713146411364 0.018404666837138522 -0.0025457048693649331 0.0030179601979272606 0.034964762899923965 -0.015721192855853588 0.0068098677557549975 0.013319044140167534 -0.011289934574341971 0.00423133076270483 -0.009223650571500026 0.021457444214902352
leaf_weight=846 98 2897 460 20 33 24 175 1766 22 23 991 301 816 21 198 458 9474 249 1902 28 198 110 37 20 57 110 167 1911 148 96
leaf_count=846 98 2897 460 20 33 24 175 1766 22 23 991 301 816 21 198 458 9474 249 1902 28 198 110 37 20 57 110 167 1911 148 96
internal_value=-1.05829e-07 -0.00105743 0.00534937 0.000575023 0.00255861 -0.00031884 -0.000221018 0.00112906 0.00330692 0.0284543 0.00277389 0.00370077 0.00425829 -0.00731131 0.000615967 -0.00213571 -0.00254942 -0.00230548 -0.00118453 -0.00719755 -0.00880127 0.00966065 0.0216393 0.00467236 -0.000979055 0.00885132 -0.00668418 0.00534574 0.00407466 0.0050553
internal_weight=23656 19752 3904 9432 2930 6502 6482 3934 2168 45 2123 1948 3444 119 957 656 10320 2548 2073 475 447 171 61 3325 354 130 224 2971 2155 2007
internal_count=23656 19752 3904 9432 2930 6502 6482 3934 2168 45 2123 1948 3444 119 957 656 10320 2548 2073 475 447 171 61 3325 354 130 224 2971 2155 2007
is_linear=0
shrinkage=0.03


Tree=100
num_leaves=31
num_cat=4
split_feature=9 9 19 0 21 6 45 0 6 45 7 29 26 0 39 51 52 37 43 37 25 6 8 45 44 0 53 6 54 44
split_gain=139.883 49.9146 36.377 20.4 21.2816 19.8735 31.3039 19.4591 18.1664 18.6294 17.5151 17.2487 20.8425 16.4832 30.5822 18.5414 17.4359 35.7702 16.3764 14.6852 13.9349 13.9241 35.7476 25.7143 13.5739 13.4809 18.1511 13.6923 29.5793 20.5113
threshold=25.683939933776859 23.15745830535889 30.731120109558109 0 23.595578193664554 10.500000000000002 27.23324012756348 1 11.500000000000002 23.985896110534672 9.5000000000000018 23.762885091259768 26.127500534057621 2 26.734825134277347 25.036059951690842 0.86063684159986531 22.672387123107914 22.717269897460941 23.561038017272953 23.695835113525394 9.5000000000000018 2.5000000000000004 25.060214042663578 26.095169067382816 3 0.14142989421718447 10.500000000000002 2.069632944186067 25.321002006530765
decision_type=2 2 2 9 2 2 2 9 2 2 2 2 2 9 2 2 2 2 2 2 2 2 2 2 2 9 2 2 2 2
left_child=1 3 11 4 -1 6 13 24 9 10 -9 12 -2 14 16 -15 -3 -18 -10 -19 -13 22 -22 -24 -7 26 -23 29 -29 -28
right_child=2 5 -4 -5 -6 7 -8 8 18 -11 -12 20 -14 15 -16 -17 17 19 -20 -21 21 25 23 -25 -26 -27 27 28 -30 -31
leaf_value=-0.0047574052876209741 -0.0012800573686860045 0.00055745443830099791 0.013112665154976402 -0.0018309560300581553 -0.025613898803790409 -0.0020375347463783373 0.032973136108368634 -0.0023072313349093159 -0.0073999093227021528 -0.0018723442246931987 -0.033486328834996498 0.027309126702602951 -0.034214214187647612 0.007993341564651011 0.031978766641890005 0.00060890538329541437 0.022766716716079306 -0.037398967653993635 0.0022272477305606761 -0.011216982550480785 0.0057332196987816622 0.017910483176276706 0.016807505063978691 0.056435907840728758 -0.014017457532569427 6.5130847545145023e-05 -0.015665180422365664 0.0018169773033874413 0.037752875254622523 0.011615469913777024
leaf_weight=2046 98 1636 460 7615 45 2602 30 31 167 748 34 24 21 715 27 535 21 31 3330 51 824 90 56 20 88 835 27 1123 21 305
leaf_count=2046 98 1636 460 7615 45 2602 30 31 167 748 34 24 21 715 27 535 21 31 3330 51 824 90 56 20 88 835 27 1123 21 305
internal_value=-1.02649e-07 -0.00102571 0.00518889 -0.00256 -0.00518147 0.000456646 0.00247941 -0.000423546 0.000826476 -0.00321104 -0.0186163 0.00413055 -0.00709197 0.00217609 0.000293969 0.00479445 -0.000196284 -0.0121683 0.0017675 -0.0211151 0.00453219 0.00436659 0.00754901 0.027236 -0.00242045 0.00317368 0.00480011 0.00403322 0.00247664 0.00939686
internal_weight=23656 19752 3904 9706 2091 10046 3046 7000 4310 813 65 3444 119 3016 1766 1250 1739 103 3497 82 3325 3301 900 76 2690 2401 1566 1476 1144 332
internal_count=23656 19752 3904 9706 2091 10046 3046 7000 4310 813 65 3444 119 3016 1766 1250 1739 103 3497 82 3325 3301 900 76 2690 2401 1566 1476 1144 332
cat_boundaries=0 1 2 3 4
cat_threshold=36 653 2604 6192
is_linear=0
shrinkage=0.03


Tree=101
num_leaves=31
num_cat=1
split_feature=49 42 51 6 6 48 55 0 54 37 50 47 6 53 55 6 54 7 7 22 51 38 38 53 50 54 39 30 10 50
split_gain=131.707 39.7543 38.4153 24.4014 37.114 22.0755 30.4067 27.6979 27.3503 33.9492 35.3595 19.6613 18.8583 20.1608 26.9612 37.857 35.4396 42.6395 21.1756 19.5649 18.7156 17.7811 27.1294 17.6647 42.5631 16.9669 17.3751 16.8909 19.2402 25.299
threshold=25.16162910461426 30.013912200927738 22.583959992913659 10.500000000000002 11.500000000000002 22.619552803039554 1.0474774996544187 0 0.62091997908856233 22.617216110229496 23.558344125869144 21.964903831481937 14.500000000000002 0.076821956660732063 0.4494446446998982 12.500000000000002 0.58080997642189514 41.500000000000007 17.500000000000004 24.627704620361332 23.103077061872565 22.997782707214359 23.56390476226807 1.2300366531636111 24.039940071140752 0.57003265701070505 23.928282739450687 23.407457351684574 3.5000000000000004 25.0317143441106
decision_type=2 2 2 2 2 2 2 9 2 2 2 2 2 2 2 2 2 2 2 2 2 2 2 2 2 2 2 2 2 2
left_child=2 21 -1 5 23 6 -4 8 25 10 -10 -6 13 18 -15 16 17 19 -13 -16 -8 -2 -23 -5 -25 -7 -27 -24 -29 -30
right_child=1 -3 3 4 11 7 20 -9 9 -11 -12 12 -14 14 15 -17 -18 -19 -20 -21 -22 22 27 24 -26 26 -28 28 29 -31
leaf_value=-0.0030579046973880177 0.030713634145046981 0.011107133189489696 0.0045127973657101391 -0.0055163613006785159 -0.014182512039190222 0.00042515698804465281 0.055872879713773728 0.0053893767967803773 -0.0041180557979548236 -0.012918349016557581 0.041964738844385882 -0.0040735912290983832 -0.0018543551622211352 -0.0018226822684726247 -0.0055286067478442771 0.0056413797587253822 -0.0084876303817057776 0.030313729701133874 0.012291719742390243 0.023900608234107494 0.016578593645244836 -0.018502345823485835 -0.023557931536010331 0.046854102625628002 -0.0050795879868828523 0.0049029449480943949 0.038749865112560136 0.0026533432980093983 0.037899621087312693 0.0070911461444085533
leaf_weight=6544 21 645 100 1668 87 1275 20 1055 47 280 22 96 2608 1921 133 1504 398 52 275 24 24 52 21 20 49 39 21 4037 25 593
leaf_count=6544 21 645 100 1668 87 1275 20 1055 47 280 22 96 2608 1921 133 1504 398 52 275 24 24 52 21 20 49 39 21 4037 25 593
internal_value=-1.21965e-07 0.00411871 -0.00121669 -0.000188453 -0.000970479 0.00220808 0.0136571 0.00160616 -0.000791278 -0.00827353 0.010575 -8.60371e-06 0.000167281 0.00136474 0.000748961 0.00308914 -0.00323468 0.00676854 0.00805703 -0.00102987 0.0344396 0.00316956 0.00304722 -0.00490104 0.00997366 0.00115883 0.0167494 0.00328686 0.00340797 0.00833744
internal_weight=23656 5394 18262 11718 8835 2883 144 2739 1684 349 69 7098 7011 4403 4032 2111 607 209 371 157 44 4749 4728 1737 69 1335 60 4676 4655 618
internal_count=23656 5394 18262 11718 8835 2883 144 2739 1684 349 69 7098 7011 4403 4032 2111 607 209 371 157 44 4749 4728 1737 69 1335 60 4676 4655 618
cat_boundaries=0 1
cat_threshold=556
is_linear=0
shrinkage=0.03


Tree=102
num_leaves=31
num_cat=0
split_feature=23 19 6 6 10 55 27 6 6 6 43 15 53 6 52 54 55 58 55 8 34 52 52 25 31 48 56 6 44 52
split_gain=123.984 54.4242 23.0228 18.4106 21.1872 25.9989 51.4472 16.932 14.8129 29.5456 17.6587 17.6683 20.853 16.0039 22.9051 20.0756 39.5503 15.9042 14.7496 14.1131 35.7596 13.8699 13.5513 13.4575 22.9277 15.9003 13.693 13.3487 21.7125 15.7693
threshold=24.152008058132328 27.712713241577152 15.500000000000002 14.500000000000002 3.5000000000000004 1.3787832903696273 24.441120147705082 9.5000000000000018 12.500000000000002 10.500000000000002 21.982161521911625 1.9074096826694145 0.39282456407009869 11.500000000000002 1.5626805193017568 0.57581284583935466 0.6190888189598881 11.500000000000002 0.60450686222261985 2.5000000000000004 21.753749847412113 1.1892482201511803 0.20492621775905751 25.059596061706547 26.237501144409183 28.180988121032716 -0.74820518493652333 8.5000000000000018 23.793564796533207 1.048733127663839
decision_type=2 2 2 2 2 2 2 2 2 2 2 2 2 2 2 2 2 2 2 2 2 2 2 2 2 2 2 2 2 2
left_child=2 3 8 4 -2 -6 -7 -3 9 17 18 -12 -13 14 -11 16 19 27 -10 20 -15 -5 -19 -9 25 -25 -26 28 29 -1
right_child=1 7 -4 21 5 6 -8 23 10 13 11 12 -14 15 -16 -17 -18 22 -20 -21 -22 -23 -24 24 26 -27 -28 -29 -30 -31
leaf_value=-0.0043466596649768766 0.0018651527539497767 0.013818342769741355 -0.0040110598998746904 -0.00090240151495125671 0.0056137491495134462 0.065456344217061993 0.0057358257532925212 0.026269119532040221 -0.0019771003482281771 -0.0068822359725659353 0.0029382892603605723 -0.0034698251827174915 0.0027293723091337918 0.040363782607018943 0.020054193519312761 -0.0087936317214575982 0.019547281933913904 0.035228886050837377 -0.012464096730293557 -0.0047833196017079442 -0.0002124809500684124 -0.016340372081507338 0.0042143731255782765 -0.0018921696542597867 0.02312337112923463 -0.033453356534242626 0.0060018602693321238 0.0011295067244557586 0.013183876705976824 -0.029126831740140913
leaf_weight=625 5934 397 3077 1098 694 20 37 29 917 1400 2077 1223 813 20 29 350 81 21 139 806 864 55 32 51 45 20 639 2076 63 24
leaf_count=625 5934 397 3077 1098 694 20 37 29 917 1400 2077 1223 813 20 29 350 81 21 139 806 864 55 32 51 45 20 639 2076 63 24
internal_value=-4.99608e-08 0.00276676 -0.0017049 0.00186215 0.00246599 0.00721344 0.0266904 0.00877041 -0.00109105 -0.00205684 0.000103057 0.000991542 -0.000994409 -0.0038816 -0.00633559 -0.00222824 -0.000930736 0.000223302 -0.00335749 -0.00191223 0.000705534 -0.00163882 0.0165031 0.00621426 0.00544394 -0.0107826 0.00712828 -8.61786e-05 -0.00363079 -0.00526303
internal_weight=23656 9019 14637 7838 6685 751 57 1181 11560 6391 5169 4113 2036 3550 1429 2121 1771 2841 1056 1690 884 1153 53 784 755 71 684 2788 712 649
internal_count=23656 9019 14637 7838 6685 751 57 1181 11560 6391 5169 4113 2036 3550 1429 2121 1771 2841 1056 1690 884 1153 53 784 755 71 684 2788 712 649
is_linear=0
shrinkage=0.03


Tree=103
num_leaves=31
num_cat=1
split_feature=9 51 19 46 36 41 9 55 18 6 39 0 30 53 53 6 42 48 50 47 6 26 29 42 20 6 6 55 6 55
split_gain=119.37 46.4097 28.9078 21.1509 19.1521 34.794 15.5681 23.093 15.5266 12.6687 12.2514 12.4772 18.9661 18.0625 16.4463 39.104 17.6872 16.9577 16.6926 16.0764 16.7885 14.2556 15.9853 12.7873 18.9263 11.9096 21.1935 18.3923 15.3849 18.5198
threshold=25.922722816467289 23.412658246316571 30.731120109558109 23.966776846362308 22.581963539123539 23.003472328186039 22.492177963256839 2.3620259000352282 21.274491310119632 10.500000000000002 29.505135536193851 0 26.932048797607425 1.8331585692957177 0.79590052366101027 12.500000000000002 24.090883255004886 24.990908813476565 23.163593959846683 23.840806961059574 14.500000000000002 26.310206413269047 25.851758003234867 25.738530158996586 26.724622726440433 10.500000000000002 11.500000000000002 0.87784263038767729 8.5000000000000018 0.97401156030698688
decision_type=2 2 2 2 2 2 2 2 2 2 2 9 2 2 2 2 2 2 2 2 2 2 2 2 2 2 2 2 2 2
left_child=1 3 -2 8 5 -3 9 10 -1 -6 11 23 14 21 18 16 17 -16 -13 -17 -21 22 -14 24 -8 28 -27 -28 29 -10
right_child=2 4 -4 -5 6 -7 7 -9 25 -11 -12 12 13 -15 15 19 -18 -19 -20 20 -22 -23 -24 -25 -26 26 27 -29 -30 -31
leaf_value=-0.0069289333618160562 0.0041384672797457455 0.049578663691878314 0.012243632236558387 0.0065769949974588803 0.011370647415518759 -0.0045252844642685811 -0.00032711591701588142 -0.022328815397161701 -0.0056186843345729948 -0.014875501597998664 0.023692827160869328 0.029195621682330964 -0.0013602073565125465 0.035599471557140348 -0.016247061191064019 -0.0092088322166134322 -0.0054200576046243122 -0.047210913196206086 0.0017334330748513004 0.018877832294809958 -0.0016986765672803901 -0.0036320995769717475 0.029527797295564883 -0.0073088000604890624 0.0253649546764791 -0.0076598908845271702 -0.0018592148919197788 -0.0098944973340870709 0.0018431377465057616 0.014222530946945366
leaf_weight=643 2887 20 459 241 20 23 3448 39 532 96 21 20 25 25 78 51 121 20 4998 86 61 55 38 239 26 687 7085 266 1300 46
leaf_count=643 2887 20 459 241 20 23 3448 39 532 96 21 20 25 25 78 51 121 20 4998 86 61 55 38 239 26 687 7085 266 1300 46
internal_value=-4.84566e-08 -0.000865028 0.00525032 -0.00221073 0.000663214 0.0206393 0.00057248 0.000707978 -0.0024113 -0.0103503 0.00080446 0.000752726 0.00164796 0.0124355 0.00136716 -0.00435754 -0.0130928 -0.0225662 0.00184289 0.00530416 0.0103393 0.00752784 0.0172707 -0.000595007 -0.000134832 -0.00211836 -0.0026209 -0.00214998 3.25748e-05 -0.00403963
internal_weight=23656 20310 3346 10800 9510 43 9467 9351 10559 116 9312 9291 5578 143 5435 417 219 98 5018 198 147 118 63 3713 3474 9916 8038 7351 1878 578
internal_count=23656 20310 3346 10800 9510 43 9467 9351 10559 116 9312 9291 5578 143 5435 417 219 98 5018 198 147 118 63 3713 3474 9916 8038 7351 1878 578
cat_boundaries=0 1
cat_threshold=653
is_linear=0
shrinkage=0.03


Tree=104
num_leaves=31
num_cat=1
split_feature=9 51 19 46 9 55 38 18 54 6 33 39 0 30 53 47 55 28 20 50 6 53 50 19 6 7 29 37 28 15
split_gain=112.315 43.6734 27.1993 19.7108 15.467 21.8895 16.4503 14.4501 12.6705 11.7623 12.0331 11.5161 11.8761 17.7888 16.995 15.0778 15.0537 16.737 15.8338 15.8316 14.2361 12.5578 12.4947 12.8694 11.4316 15.1552 11.8883 15.3953 14.5072 11.8878
threshold=25.922722816467289 23.39664300271102 30.731120109558109 23.918985366821293 22.492177963256839 2.3620259000352282 22.500399589538578 21.274491310119632 1.2358544444415289 15.500000000000002 24.676424980163578 29.505135536193851 0 26.932048797607425 1.8331585692957177 22.662423133850101 1.0069823284439103 24.119425773620609 25.184377670288089 23.163593959846683 8.5000000000000018 0.33645957585639946 26.791366910751226 24.808089256286625 14.500000000000002 12.500000000000002 22.822209358215336 23.260331153869632 23.760271072387699 1.7344743903519435
decision_type=2 2 2 2 2 2 2 2 2 2 2 2 9 2 2 2 2 2 2 2 2 2 2 2 2 2 2 2 2 2
left_child=1 3 24 7 -3 6 -6 -1 9 10 -9 12 15 16 22 -8 19 18 -18 -14 21 -17 23 -15 26 -26 -2 -28 -29 -27
right_child=2 4 -4 -5 5 -7 11 8 -10 -11 -12 -13 13 14 -16 20 17 -19 -20 -21 -22 -23 -24 -25 25 29 27 28 -30 -31
leaf_value=-0.006728451185999915 -0.017313150628046555 -0.009728537918126676 0.011876323263912638 0.0059393509948280215 0.022680749962887454 -0.021658951554160852 0.011638201767725221 -0.0014139349493260591 -0.011723660462004832 -0.0037503932836700205 0.02080688304437155 0.022982041750635417 0.027735579524721415 -0.002775143718346953 0.034531487309932704 0.00048580532852140785 -0.0084011785698433709 6.7927127951611819e-05 -0.035825709253549574 0.0016342686033567091 -0.0013066749561142642 0.015664595392916134 -0.009051945372935263 0.021500029470771551 0.0070310281091328112 0.0063014912058909738 0.026199361097067594 -0.011583531523237423 0.0048995737451381083 -0.011519812383556934
leaf_weight=640 22 128 459 264 31 39 89 7209 121 2453 22 21 21 30 25 116 90 213 24 5122 3479 85 31 57 112 45 30 49 2495 134
leaf_count=640 22 128 459 264 31 39 89 7209 121 2453 22 21 21 30 25 116 90 213 24 5122 3479 85 31 57 112 45 30 49 2495 134
internal_value=-4.70097e-08 -0.000839078 0.00509281 -0.0021563 0.000630157 0.000770125 0.000862846 -0.00236092 -0.00207584 -0.00195529 -0.00134633 0.000790916 0.000741245 0.0016142 0.0120624 -0.000561598 0.00134401 -0.00489741 -0.0141748 0.00174085 -0.000858173 0.0069047 0.00730201 0.0131293 0.00401431 -0.0016241 0.00464635 0.00483404 0.00458209 -0.0070396
internal_weight=23656 20310 3346 10709 9601 9473 9434 10445 9805 9684 7231 9403 9382 5613 143 3769 5470 327 114 5143 3680 201 118 87 2887 291 2596 2574 2544 179
internal_count=23656 20310 3346 10709 9601 9473 9434 10445 9805 9684 7231 9403 9382 5613 143 3769 5470 327 114 5143 3680 201 118 87 2887 291 2596 2574 2544 179
cat_boundaries=0 1
cat_threshold=653
is_linear=0
shrinkage=0.03


Tree=105
num_leaves=31
num_cat=1
split_feature=9 18 19 6 6 6 55 36 54 55 7 55 32 0 7 52 32 8 45 3 53 19 28 42 20 7 7 45 6 7
split_gain=105.677 41.2912 25.5919 14.8489 20.7932 22.6174 25.8483 22.2304 19.0985 18.5879 19.1226 18.1027 20.1333 16.9239 28.4113 22.5819 15.3449 14.3912 14.3615 14.0373 23.7247 18.8062 13.8502 13.4523 16.285 12.3371 23.7349 11.2289 10.756 14.2595
threshold=25.922722816467289 23.280637741088871 30.731120109558109 10.500000000000002 12.500000000000002 14.500000000000002 0.46824940871665238 22.041182518005375 0.57581284583935466 1.936180906756199 34.500000000000007 1.2650590720051402 24.411609649658207 0 14.500000000000002 0.96255105645410344 26.439678192138675 3.5000000000000004 27.957772254943851 0.55585200000000012 0.57773532487889245 24.489542961120609 21.346254348754886 23.930423736572269 23.741800308227543 29.500000000000004 5.5000000000000009 25.514459609985355 14.500000000000002 12.500000000000002
decision_type=2 2 2 2 2 2 2 2 2 2 2 2 2 9 2 2 2 2 2 2 2 2 2 2 2 2 2 2 2 2
left_child=1 22 28 18 8 6 17 -8 19 10 23 16 -13 14 -7 -16 25 -6 -3 20 21 -5 -1 24 -10 26 -9 -14 -2 -30
right_child=2 3 -4 4 5 13 7 11 9 -11 -12 12 27 -15 15 -17 -18 -19 -20 -21 -22 -23 -24 -25 -26 -27 -28 -29 29 -31
leaf_value=-0.0056363046451419164 0.0045069633465126798 0.0021021367147380718 0.011520033581623674 0.026314082614918972 -0.0025814186044652724 0.0035826026623864177 -0.016329328940017148 -0.004122683077860673 -0.0089941333691185375 0.016247614046622966 -0.0025047578301746398 0.037698627696646482 -0.0063633476659655562 -1.7337654610527168e-05 -0.011193767169593643 -0.043431670896031643 0.02193715858957445 0.0069264288666516039 0.026426435429602862 -0.0017787785356987444 -0.021809242404997348 0.0044587280162765334 -0.0017983333112348112 -0.0081674743268673345 -0.03124928471646202 0.0019966537945341162 0.01122661148587927 0.023023830482905561 0.0068200972035577121 -0.0068284085925730915
leaf_weight=930 2596 3110 459 47 752 123 40 114 53 29 258 34 25 1521 176 22 49 177 22 1922 24 144 9396 162 67 648 443 22 112 179
leaf_count=930 2596 3110 459 47 752 123 40 114 53 29 258 34 25 1521 176 22 49 177 22 1922 24 144 9396 162 67 648 443 22 112 179
internal_value=-4.56019e-08 -0.000813905 0.00494003 0.000561747 -0.000220452 0.00111468 0.00309589 0.00570776 -0.00226607 -0.00715038 -0.00840694 0.00636805 0.0201135 -0.00136345 -0.00750737 -0.0147758 0.00548019 -0.000769913 0.002273 -0.000965566 0.00630417 0.00983675 -0.002144 -0.0138068 -0.0214199 0.00481098 0.0080851 0.00739235 0.00389388 -0.00157538
internal_weight=23656 20310 3346 9984 6852 4146 2304 1375 2706 569 540 1335 81 1842 321 198 1254 929 3132 2137 215 191 10326 282 120 1205 557 47 2887 291
internal_count=23656 20310 3346 9984 6852 4146 2304 1375 2706 569 540 1335 81 1842 321 198 1254 929 3132 2137 215 191 10326 282 120 1205 557 47 2887 291
cat_boundaries=0 1
cat_threshold=641
is_linear=0
shrinkage=0.03


Tree=106
num_leaves=31
num_cat=2
split_feature=9 51 19 46 36 41 53 18 23 0 43 49 44 49 9 6 20 33 38 6 6 6 55 6 7 7 44 46 6 0
split_gain=99.4318 38.8783 24.0794 18.7983 17.7302 32.1286 14.4491 13.332 12.5283 11.1534 16.4907 27.3125 14.3933 11.6952 14.0873 11.46 11.1319 13.2688 14.1766 11.0427 10.9464 19.6991 16.59 14.1204 14.4748 15.9609 14.8365 13.5766 18.0302 12.3937
threshold=25.922722816467289 23.412658246316571 30.731120109558109 23.966776846362308 22.581963539123539 23.042264938354496 2.3821639180787595 21.326662063598636 22.395430564880375 0 23.30062294006348 24.71224575042725 26.095169067382816 22.967275619670172 22.920759201276859 16.500000000000004 23.346366882324222 23.640685081481937 23.728866579179691 8.5000000000000018 10.500000000000002 11.500000000000002 0.87784263038767729 14.500000000000002 31.500000000000004 15.500000000000002 22.037485122680668 21.086644172668461 8.5000000000000018 1
decision_type=2 2 2 2 2 2 2 2 2 9 2 2 2 2 2 2 2 2 2 2 2 2 2 2 2 2 2 2 2 9
left_child=1 3 -2 7 5 -3 8 -1 -6 10 11 16 19 -11 -15 -16 17 18 -10 -12 27 -22 23 24 25 -23 -26 -9 -29 -30
right_child=2 4 -4 -5 6 -7 -8 20 9 13 12 -13 -14 14 15 -17 -18 -19 -20 -21 21 22 -24 -25 26 -27 -28 28 29 -31
leaf_value=-0.0058623022655826546 0.0037770673218409838 0.046371620936053133 0.011174432610137255 0.0062634373132595443 -0.015746234048690112 -0.0055060517110607837 -0.016629595258696509 0.016832370976375979 0.0087074688201149286 0.01516354906011007 0.0064722995728714681 0.031023372354752877 -0.010433206150346265 -0.01080755116218435 0.0017344268716434988 -0.0099966809055522868 -0.00036048833971011188 -0.00062016404885798686 0.042031649858225141 -0.0012551789372484859 -0.0072923962930862502 -0.0013565708519439144 -0.0093245872764533017 -0.0029598215416476452 -0.0066653036000171792 0.0042802814360590495 -0.00036606964348425704 -0.0047880847869358678 0.0087157288379967213 0.00046808565511516944
leaf_weight=829 2887 21 459 241 42 22 44 43 27 56 176 34 147 84 5406 76 253 40 20 3062 674 871 263 3577 495 940 1051 545 184 1087
leaf_count=829 2887 21 459 241 42 22 44 43 27 56 176 34 147 84 5406 76 253 40 20 3062 674 871 263 3577 495 940 1051 545 184 1087
internal_value=-4.44513e-08 -0.000789488 0.00479183 -0.00202117 0.000609266 0.0198296 0.000521966 -0.00221026 0.000602054 0.000675247 -0.000589916 0.00538641 -0.00125197 0.00151951 0.00138497 0.00157179 0.00282272 0.0120796 0.022888 -0.000835155 -0.0018991 -0.00238812 -0.00192883 -0.00164832 -0.000250871 0.00156924 -0.00238297 0.000171397 -0.000223108 0.00173434
internal_weight=23656 20310 3346 10800 9510 43 9467 10559 9423 9381 3759 374 3385 5622 5566 5482 340 87 47 3238 9730 7871 7197 6934 3357 1811 1546 1859 1816 1271
internal_count=23656 20310 3346 10800 9510 43 9467 10559 9423 9381 3759 374 3385 5622 5566 5482 340 87 47 3238 9730 7871 7197 6934 3357 1811 1546 1859 1816 1271
cat_boundaries=0 1 2
cat_threshold=653 160
is_linear=0
shrinkage=0.03


Tree=107
num_leaves=31
num_cat=1
split_feature=9 47 9 6 35 53 3 52 53 55 36 28 44 28 17 31 52 45 6 6 6 10 52 50 8 0 16 55 58 39
split_gain=93.5507 36.7206 23.001 19.5195 14.8112 27.7386 14.8298 34.6707 31.9434 32.3658 25.0207 21.5439 14.6384 13.803 15.0098 16.1968 13.5694 13.4218 11.4382 32.0956 17.374 16.4626 17.9241 14.6296 15.9107 20.7926 22.735 25.472 18.1485 22.9104
threshold=25.922722816467289 23.922436714172367 32.32448387395997 15.500000000000002 32.65788650512696 0.20346503447919045 0.27658100000000008 2.4257074954161086 0.87813131684815759 0.9292231608278968 26.460171699523929 28.261801719665531 26.987479209899906 28.261801719665531 1.8443600000000002 23.365995407104496 1.3790156286716782 22.460227012634281 12.500000000000002 10.500000000000002 8.5000000000000018 2.5000000000000004 1.048733127663839 25.25896372807178 2.5000000000000004 0 -0.11473800000000044 0.97401156030698688 10.500000000000002 22.133069038391117
decision_type=2 2 2 2 2 2 2 2 2 2 2 2 2 2 2 2 2 2 2 2 2 2 2 2 2 9 2 2 2 2
left_child=1 3 4 18 6 -6 7 8 9 -2 16 12 -12 14 15 -8 -10 -3 19 20 21 22 -1 24 -22 -26 28 -28 -27 -30
right_child=2 17 -4 -5 5 -7 13 -9 10 -11 11 -13 -14 -15 -16 -17 -18 -19 -20 -21 23 -23 -24 -25 25 26 27 -29 29 -31
leaf_value=-0.0052919887544968245 0.0062469577880396136 0.022926072717318308 0.012943650653380798 -0.0038694849584978196 0.011277078641651315 -0.038089249283075326 -0.015648027817468817 0.045210691349846975 -0.012670394789227948 0.024602927620781912 -0.049293791288914882 0.0036000443004410372 -0.014650319668331316 -0.0066308278147545118 0.026875348230823874 0.0034221145254223814 0.017673939421462514 0.00090550403194496274 -2.5504788514064977e-05 -0.0043231358134985347 -0.0019923732321289367 0.0027940229447336777 -0.03131408459544182 -0.023767358511686324 0.00058420899733111322 0.002269786608080086 0.011952278140180428 0.042771568800653179 -0.0028294790318235752 0.0339601717201563
leaf_weight=506 795 25 276 2904 20 21 41 21 21 97 23 22 21 135 24 1793 36 7026 4857 2740 611 252 25 20 775 365 109 31 25 39
leaf_count=506 795 25 276 2904 20 21 41 21 21 97 23 22 21 135 24 1793 36 7026 4857 2740 611 252 25 20 775 365 109 31 25 39
internal_value=7.33506e-08 -0.000765668 0.00464807 -0.0016959 0.00390228 -0.0140081 0.00414471 0.00705619 0.00626678 0.00824307 -0.00806528 -0.0206396 -0.0327594 0.00263127 0.00330425 0.00299579 0.00649445 0.00098358 -0.00108633 -0.00202348 0.000261171 -0.00352044 -0.00651713 0.00176041 0.00202157 0.00384636 0.00813627 0.0187765 0.00485357 0.0195892
internal_weight=23656 20310 3346 13259 3070 41 3029 1036 1015 892 123 66 44 1993 1858 1834 57 7051 10355 5498 2758 783 531 1975 1955 1344 569 140 429 64
internal_count=23656 20310 3346 13259 3070 41 3029 1036 1015 892 123 66 44 1993 1858 1834 57 7051 10355 5498 2758 783 531 1975 1955 1344 569 140 429 64
cat_boundaries=0 1
cat_threshold=2063
is_linear=0
shrinkage=0.03


Tree=108
num_leaves=31
num_cat=1
split_feature=23 19 6 10 55 27 0 18 6 2 17 44 6 6 47 15 53 58 52 51 6 54 55 50 52 16 52 55 19 35
split_gain=88.2799 39.6509 17.8708 16.5644 17.3877 55.1688 15.9275 16.4031 14.1178 17.7631 14.0407 15.1638 13.2711 24.0913 14.9133 17.8198 19.3744 14.1075 13.933 22.9883 17.8851 20.756 35.0917 17.4125 12.6476 12.4662 12.2062 12.1914 11.4911 11.3038
threshold=24.152008058132328 27.712713241577152 15.500000000000002 3.5000000000000004 1.3787832903696273 24.416941642761234 0 26.333384513854984 10.500000000000002 0.9565760000000002 -1.1626754999999998 25.741160392761234 12.500000000000002 10.500000000000002 21.983031272888187 1.9074096826694145 0.39282456407009869 11.500000000000002 1.1892482201511803 23.937264919353925 11.500000000000002 0.57581284583935466 0.6190888189598881 24.549154043111695 0.20492621775905751 0.18741449999999962 0.59834429293255154 0.7346416296425039 25.777678489685062 23.940641403198246
decision_type=2 2 2 2 2 2 9 2 2 2 2 2 2 2 2 2 2 2 2 2 2 2 2 2 2 2 2 2 2 2
left_child=2 3 12 6 25 -6 7 -2 9 -8 11 -3 13 17 27 -16 -17 28 20 -20 -15 22 -22 -21 -19 -5 -13 -14 -1 -12
right_child=1 10 -4 4 5 -7 8 -9 -10 -11 29 26 14 18 15 16 -18 24 19 23 21 -23 -24 -25 -26 -27 -28 -29 -30 -31
leaf_value=0.00015987515668499372 -0.0028400284228565021 0.037048791378736498 -0.0034703121739566977 0.0060519944262038706 0.061792344063520438 0.001482388718530189 0.030669619419745036 -0.029292943064462052 0.0003259407500860982 0.0029666928872485649 -0.016878826341458729 0.011789280509886643 -0.0019787813798562651 -0.0063906352141413492 0.0029947274398085134 -0.0033271584425750675 0.0027138388203976046 0.033670381473784802 -0.014712946610525249 0.036698842367955613 -0.0016314919559932907 -0.0089228419063502075 0.018582243618244926 0.0010335436310957777 0.0037078920526255384 -0.0034481550464418023 -0.0066609251541750771 -0.013819490174379419 -0.018207600109519495 0.0054633408374801361
leaf_weight=2757 514 20 3077 663 20 43 21 22 3813 2589 21 414 987 1377 2091 1221 785 21 24 28 1690 328 81 22 32 153 35 85 31 691
leaf_count=2757 514 20 3077 663 20 43 21 22 3813 2589 21 414 987 1377 2091 1221 785 21 24 28 1690 328 81 22 32 153 35 85 31 691
internal_value=7.85536e-08 0.00233476 -0.0014385 0.00156263 0.00544311 0.0206284 0.00107248 -0.00385388 0.00148728 0.00318959 0.0074592 0.0114896 -0.000897684 -0.00181183 0.000232572 0.00105684 -0.000963159 0.000247121 -0.00345957 0.00942155 -0.00373379 -0.00199083 -0.000706979 0.0210061 0.0155798 0.00427072 0.0103511 -0.00291764 -4.43543e-05 0.00480437
internal_weight=23656 9019 14637 7838 879 63 6959 536 6423 2610 1181 469 11560 6391 5169 4097 2006 2841 3550 74 3476 2099 1771 50 53 816 449 1072 2788 712
internal_count=23656 9019 14637 7838 879 63 6959 536 6423 2610 1181 469 11560 6391 5169 4097 2006 2841 3550 74 3476 2099 1771 50 53 816 449 1072 2788 712
cat_boundaries=0 1
cat_threshold=640
is_linear=0
shrinkage=0.03


Tree=109
num_leaves=31
num_cat=2
split_feature=9 19 20 9 55 0 32 53 16 9 0 52 36 6 8 25 6 33 21 33 19 46 40 54 51 55 18 36 7 7
split_gain=83.1984 33.4768 21.2218 16.2831 15.6708 15.2106 20.969 18.4796 23.6706 20.849 11.6892 31.9775 15.8714 17.747 17.6979 28.8742 14.5421 23.7513 24.7665 14.5893 32.929 13.5421 11.9168 39.4691 17.8253 11.5587 13.2759 11.2545 11.0296 17.9205
threshold=25.922722816467289 22.908281326293949 32.815729140126962 21.740428925412601 2.3620259000352282 0 21.413871765136722 1.8331585692957177 -0.054649999999999636 25.059596061706547 1 2.4257074954161086 24.767818450927738 10.500000000000002 2.5000000000000004 27.994573593139652 13.500000000000002 26.443635940551761 26.342254638671879 23.75601959228516 24.41588115692139 24.752162933349613 32.698528289794929 0.38464059809448375 28.460445499332117 1.936180906756199 27.930052757263187 26.401660919189457 48.500000000000007 16.500000000000004
decision_type=2 2 2 2 2 9 2 2 2 2 9 2 2 2 2 2 2 2 2 2 2 2 2 2 2 2 2 2 2 2
left_child=1 -1 10 -3 5 -5 -7 -8 -9 -10 16 12 28 14 22 21 19 27 -19 20 -2 -16 24 -24 -14 26 -21 -18 29 -12
right_child=2 3 -4 4 -6 6 7 8 9 -11 11 -13 13 -15 15 -17 17 18 -20 25 -22 -23 23 -25 -26 -27 -28 -29 -30 -31
leaf_value=-0.0021600488565149687 0.014336904602294618 -0.024376030184903356 0.014287615454016737 -0.0009705214580617886 -0.02060559827601537 -0.023774594940245152 0.0011994282448550277 -0.0032834921919685954 0.047440896876729456 0.0066990445554256433 -0.0010542169935069978 0.040563632100820542 0.002219300387127132 0.00093762855216090644 0.0088429966941475872 0.0076220177749810368 -0.0031166726191031884 0.00010728530071932694 -0.037145608657350136 0.0038633495986566753 -0.035107275595267606 0.037890886965995796 0.0056128095986596382 -0.042950938224792484 0.01390029638443099 0.024869328079664188 -0.019688824157823217 0.015944725939737898 -0.002847463884814219 0.029477024910550924
leaf_weight=8484 22 24 184 4430 32 30 7230 34 26 20 24 23 367 780 20 197 137 29 36 1030 27 52 61 20 173 23 22 35 22 62
leaf_count=8484 22 24 184 4430 32 30 7230 34 26 20 24 23 367 780 20 197 137 29 36 1030 27 52 61 20 173 23 22 35 22 62
internal_value=7.6203e-08 -0.000722055 0.00438337 0.000309565 0.000359764 0.000416765 0.00125366 0.00135809 0.0156976 0.029727 0.00380703 0.00538667 0.00496192 0.00424112 0.00713632 0.013564 0.00166488 -0.00507616 -0.0205251 0.00310107 -0.0129078 0.029822 0.00435201 -0.00637824 0.00596155 0.00383078 0.00337081 0.0007621 0.0161077 0.0209567
internal_weight=23656 20310 3346 11826 11802 11770 7340 7310 80 46 3162 1801 1778 1670 890 269 1361 237 65 1124 49 72 621 81 540 1075 1052 172 108 86
internal_count=23656 20310 3346 11826 11802 11770 7340 7310 80 46 3162 1801 1778 1670 890 269 1361 237 65 1124 49 72 621 81 540 1075 1052 172 108 86
cat_boundaries=0 1 2
cat_threshold=525 611
is_linear=0
shrinkage=0.03


Tree=110
num_leaves=31
num_cat=0
split_feature=18 9 6 54 6 50 42 42 30 6 6 41 8 7 6 10 7 37 16 56 53 55 50 16 21 41 8 6 53 10
split_gain=78.7628 37.8618 18.2579 27.7318 16.7659 16.6474 15.8289 15.3602 15.0116 14.5133 18.2774 16.1608 15.5818 16.0003 17.7699 38.2575 14.1478 17.028 13.4038 12.7519 12.6242 11.6156 35.8271 36.9856 23.9385 21.7155 19.7835 14.9284 17.4744 12.3049
threshold=23.95517730712891 26.779591562863775 10.500000000000002 2.069632944186067 15.500000000000002 25.153269862979496 28.401448249106448 26.269716262817386 24.608626365661625 12.500000000000002 10.500000000000002 23.396613121032718 1.5000000000000002 40.500000000000007 11.500000000000002 1.0000000180025095e-35 51.500000000000007 24.899424552917484 0.51642650000000023 1.5095672607421859 1.061869092541851 0.962331275081722 24.355607700379153 -0.14330300000000037 22.699929237365726 22.675774574279789 3.5000000000000004 8.5000000000000018 0.77997736678812191 2.5000000000000004
decision_type=2 2 2 2 2 2 2 2 2 2 2 2 2 2 2 2 2 2 2 2 2 2 2 2 2 2 2 2 2 2
left_child=4 -2 8 5 6 19 7 9 -3 10 21 -11 13 -12 -15 -16 17 -10 -19 -4 -7 26 23 24 -23 -25 27 28 29 -1
right_child=1 2 3 -5 -6 20 -8 -9 16 11 12 -13 -14 14 15 -17 -18 18 -20 -21 -22 22 -24 25 -26 -27 -28 -29 -30 -31
leaf_value=-0.0066713836945059713 0.0011697079016761076 -0.013859391924407747 0.036400184836238622 0.031798946128951178 -0.0034312489274650141 0.0015479139555822157 0.022038956102397707 -0.012906626964686438 0.037627916850149636 -0.00067039566229809078 -0.0030995522149797399 0.0032751513873853439 -0.0046664962919112946 -0.002521121125901118 0.026915969841087923 0.00073677823311932701 0.0010656696438478927 0.010874567811563162 -0.00096433032384084065 0.0029285782070032186 -0.0097382145006756453 0.023949983352247406 -0.016504714958211208 0.054271261040121317 -0.0062142398767173288 0.017220903441309929 0.025477184935857971 0.00058174672991754314 -0.030559318723238034 0.0030272183285348793
leaf_weight=411 7942 27 20 27 3014 491 27 96 20 3527 674 1271 2323 178 79 138 180 832 96 21 109 34 47 24 78 35 26 1721 23 165
leaf_count=411 7942 27 20 27 3014 491 27 96 20 3527 674 1271 2323 178 79 138 180 832 96 21 109 34 47 24 78 35 26 1721 23 165
internal_value=6.16117e-08 0.00206469 0.00596373 0.00201592 -0.00145132 0.000761411 -0.00090268 -0.00095977 0.00824696 -0.000853122 -0.00184229 0.000374788 -0.00328717 -0.000289823 0.0045045 0.0102675 0.0087761 0.0102401 0.00964985 0.0192562 -0.000502399 6.91848e-05 0.00669316 0.0130692 0.00294276 0.0322922 -0.000546342 -0.000837985 -0.00491705 -0.00389314
internal_weight=23656 9765 1823 668 13891 641 10877 10850 1155 10754 5956 4798 3392 1069 395 217 1128 948 928 41 600 2564 218 171 112 59 2346 2320 599 576
internal_count=23656 9765 1823 668 13891 641 10877 10850 1155 10754 5956 4798 3392 1069 395 217 1128 948 928 41 600 2564 218 171 112 59 2346 2320 599 576
is_linear=0
shrinkage=0.03


Tree=111
num_leaves=31
num_cat=0
split_feature=18 24 18 17 35 40 41 26 15 56 7 52 42 42 55 54 32 3 54 7 38 47 55 27 20 21 45 34 30 45
split_gain=74.5036 27.6772 20.4134 18.3486 19.4886 20.9386 15.6285 15.5372 14.35 14.3582 13.6395 13.6719 13.0241 16.961 17.5287 21.3351 16.2419 14.9884 14.1416 13.1624 13.014 12.7451 13.6057 12.6683 12.2454 11.7984 20.1641 18.7967 15.9394 13.0799
threshold=24.778981208801273 26.801321029663089 22.145510673522953 0.74579050000000013 23.967779159545902 25.496514320373539 25.141176223129886 26.813650131225589 2.3249458715802493 0.43011188507080261 25.500000000000004 1.048733127663839 28.401448249106448 26.137974737824713 0.60907446420840772 0.46575285887599832 21.440849304199222 0.55585200000000012 0.65084864162812783 19.500000000000004 25.590123176574711 23.82273101806641 0.85182976260247278 22.912926673889164 25.739681243896488 25.364466669277345 23.237618446350101 24.014089584350589 24.173612593439945 21.685690879821781
decision_type=2 2 2 2 2 2 2 2 2 2 2 2 2 2 2 2 2 2 2 2 2 2 2 2 2 2 2 2 2 2
left_child=2 23 10 4 -3 6 -6 -8 9 -7 -1 -12 13 14 18 21 17 -17 19 -4 -10 -16 -23 -2 -15 29 -27 -28 -29 -18
right_child=1 3 12 -5 5 8 7 -9 20 -11 11 -13 -14 24 15 16 25 -19 -20 -21 -22 22 -24 -25 -26 26 27 28 -30 -31
leaf_value=-0.00091314402916029404 -0.01047326235879714 -0.022543835341930388 -0.0024571187746035977 -0.0034522903752268147 0.0099332733712387527 0.0016218539575962739 0.051090616584634006 0.014936083048582077 -0.013571150698091672 0.024439401635183735 -0.0041034142197223303 -0.027860354229130527 0.016228036300412248 -0.0062178292941640718 0.00074332652746566695 -0.027246455631085804 0.011616861161949869 0.0039291642201335535 -0.01179519414788582 -7.9470161523033565e-05 0.009284062465216885 0.018170612809673838 0.0018419217580760068 0.0017138990636013109 -0.027674642737422671 0.025322658064418493 -0.012475212776691329 0.03411685475707054 0.004383356917736142 -2.3544317274107062e-05
leaf_weight=1871 78 20 3060 171 53 547 23 20 23 26 2419 22 42 165 112 35 91 23 107 6648 893 151 66 4842 28 47 49 20 86 1918
leaf_count=1871 78 20 3060 171 53 547 23 20 23 26 2419 22 42 165 112 35 91 23 107 6648 893 151 66 4842 28 47 49 20 86 1918
internal_value=5.97583e-08 0.0026795 -0.00105781 0.00588973 0.00688505 0.00725639 0.0208361 0.0342746 0.00638087 0.00265721 -0.00284035 -0.00431753 -0.000450107 -0.000505674 -0.00036846 0.00182274 0.00078753 -0.0148837 -0.000948465 -0.000828914 0.00871019 0.00896226 0.0132043 0.00152069 -0.00933073 0.00119863 0.00810983 0.00289045 0.00999345 0.000503721
internal_weight=23656 6696 16960 1776 1605 1585 96 43 1489 573 4312 2441 12648 12606 12413 2598 2269 58 9815 9708 916 329 217 4920 193 2211 202 155 106 2009
internal_count=23656 6696 16960 1776 1605 1585 96 43 1489 573 4312 2441 12648 12606 12413 2598 2269 58 9815 9708 916 329 217 4920 193 2211 202 155 106 2009
is_linear=0
shrinkage=0.03


Tree=112
num_leaves=31
num_cat=2
split_feature=46 23 15 50 35 17 15 28 54 24 30 0 27 51 54 20 23 6 0 6 47 27 52 50 30 54 27 27 20 52
split_gain=70.9586 34.6679 19.3261 17.7795 45.5383 14.1883 13.9436 13.0906 20.2613 14.8429 13.1748 12.57 15.4143 11.9908 17.0777 14.5372 13.9299 16.3008 13.6416 18.8708 13.1997 11.5548 11.3781 10.4998 18.3172 15.4715 11.1426 10.4285 11.3251 10.4966
threshold=23.989026069641117 26.797231674194339 2.0762274281559345 23.714054966199466 22.581912994384769 0.37763950000000007 1.8048171485702451 25.81019496917725 0.85586057442233154 28.897459030151371 25.525288583481451 0 23.758882522199713 23.087320232435392 0.28630746850647176 22.492774009704593 23.054714203747562 16.500000000000004 1 8.5000000000000018 23.922436714172367 26.905400276184086 0.63245371506655668 26.982274436985477 27.161549568176273 0.84123698023072102 26.822531700134281 27.615542411804203 22.871556282043461 1.048733127663839
decision_type=2 2 2 2 2 2 2 2 2 2 2 9 2 2 2 2 2 2 9 2 2 2 2 2 2 2 2 2 2 2
left_child=3 13 6 11 -5 7 -3 10 -9 -10 -4 12 -1 14 -2 -15 -17 18 19 -18 -16 -7 -14 24 -20 -25 -27 28 29 -6
right_child=1 2 5 4 27 21 -8 8 9 -11 -12 -13 22 15 20 16 17 -19 23 -21 -22 -23 -24 25 -26 26 -28 -29 -30 -31
leaf_value=-0.0033584114299813235 -0.0035725223284680395 0.0028768616499997399 -0.016363683379090884 0.04060387718562896 0.0013723369762301445 0.011547753751955249 -0.013472342580995137 0.0087900554308506969 0.03222987014792799 0.0097384384906162389 0.010912477329373359 -0.0013288016234174567 -0.0096891121436343645 -0.011026973079890014 0.0081874604581389562 0.0089761165631013131 0.012495111026953016 -0.013725681612815926 0.0017948817666299042 -0.001356031995926226 0.033541804660450328 -0.005101816014039441 -0.037078154928982254 0.0042454629785874309 0.013375484148661295 -0.0012315819784998892 -0.029609451819295907 -0.015353644896919526 0.00061744275264842205 0.032108263559639451
leaf_weight=2493 48 591 34 26 20 55 51 784 62 46 30 9062 43 90 42 197 92 68 5036 2343 33 118 20 51 126 20 33 36 1986 20
leaf_count=2493 48 591 34 26 20 55 51 784 62 46 30 9062 43 90 42 197 92 68 5036 2343 33 118 20 51 126 20 33 36 1986 20
internal_value=5.79686e-08 0.00192846 0.00573398 -0.00139988 0.00114886 0.00809721 0.00157809 0.00952786 0.0104682 0.0226502 -0.00357798 -0.00185794 -0.00371423 0.00110445 0.0104006 0.000962512 0.00109797 0.000898202 0.00102733 -0.000829298 0.0193434 0.0001914 -0.018384 0.00188383 0.00207755 -0.00755024 -0.0189008 0.000651369 0.000935762 0.0167403
internal_weight=23656 9950 1771 13706 2088 1129 642 956 892 108 64 11618 2556 8179 123 8056 7966 7769 7701 2435 75 173 63 5266 5162 104 53 2062 2026 40
internal_count=23656 9950 1771 13706 2088 1129 642 956 892 108 64 11618 2556 8179 123 8056 7966 7769 7701 2435 75 173 63 5266 5162 104 53 2062 2026 40
cat_boundaries=0 1 2
cat_threshold=4132 649
is_linear=0
shrinkage=0.03


Tree=113
num_leaves=31
num_cat=2
split_feature=46 24 37 17 39 15 50 35 26 43 8 6 0 40 6 6 53 6 0 55 54 55 55 55 50 16 33 36 9 28
split_gain=66.7662 32.1675 19.5115 16.9894 20.202 17.1928 16.7291 42.847 15.5784 15.1625 14.5493 13.2546 13.162 23.1051 13.0989 15.5583 14.1936 17.4498 14.0312 16.167 20.4873 20.5089 20.759 13.8297 13.5123 12.954 12.7434 12.5804 11.9518 11.9304
threshold=23.989026069641117 26.801321029663089 23.860170364379886 0.71859600000000001 24.555260658264164 2.2037165933630116 23.714054966199466 22.581912994384769 25.235921859741214 23.532554626464847 1.5000000000000002 9.5000000000000018 0 23.827269554138187 10.500000000000002 12.500000000000002 0.1795691192412896 16.500000000000004 1 1.8291982800973254 0.82747352233978699 0.87784263038767729 1.3787832903696273 0.27777422619954223 24.931576442640381 -0.90571899999999939 23.956682205200199 23.970169067382816 21.272090911865238 23.517360687255863
decision_type=2 2 2 2 2 2 2 2 2 2 2 2 9 2 2 2 2 2 9 2 2 2 2 2 2 2 2 2 2 2
left_child=6 9 -3 4 -4 -6 28 -8 -7 10 25 -10 13 26 23 -16 -17 18 19 20 24 -22 -23 -14 27 29 -11 -18 -1 -2
right_child=1 2 3 -5 5 8 7 -9 11 12 -12 -13 14 -15 15 16 17 -19 -20 -21 21 22 -24 -25 -26 -27 -28 -29 -30 -31
leaf_value=-0.0057742705319923857 0.0095340471257540308 -0.02254549128088084 0.033092699904854479 -0.0029849260507351051 0.0023626511789019513 0.032254291123151778 0.039385761039761394 0.00063182759471384453 0.012468298966605357 0.015957046804853298 0.0020427832997291151 0.0052542002055942158 -0.00021409442316836514 -0.010246774404260672 -0.0016696982137230424 0.0074244724061001055 -0.0066763745036882323 -0.013774248069794978 -0.0003399212740457856 -0.01663540057837963 0.030346525375019102 0.0026785868734626444 0.031008345768144676 0.0043127081111704237 -0.0016566794603658254 0.0015847227690012559 -0.0096652664914727206 0.012978382464770743 -0.001569145553212778 0.03085459290565375
leaf_weight=644 44 22 26 175 584 25 26 2062 393 58 198 550 930 228 2286 342 37 71 1456 30 51 118 29 1751 283 46 25 141 10974 51
leaf_count=644 44 22 26 175 584 25 26 2062 393 58 198 550 930 228 2286 342 37 71 1456 30 51 118 29 1751 283 46 25 141 10974 51
internal_value=3.93804e-08 0.0018706 0.00553129 0.00588365 0.00686718 0.00642783 -0.00135791 0.0011144 0.00888038 0.00107578 0.00728747 0.00826071 0.000807046 -0.00514762 0.00105858 0.00012881 0.00173608 0.000858175 0.00134251 0.00483263 0.00588327 0.0139545 0.00826745 0.00274243 0.00241667 0.0146523 0.00823948 0.00889284 -0.00180224 0.0209798
internal_weight=23656 9950 1775 1753 1578 1552 13706 2088 968 8175 339 943 7836 311 7525 4844 2558 2216 2145 689 659 198 147 2681 461 141 83 178 11618 95
internal_count=23656 9950 1775 1753 1578 1552 13706 2088 968 8175 339 943 7836 311 7525 4844 2558 2216 2145 689 659 198 147 2681 461 141 83 178 11618 95
cat_boundaries=0 1 2
cat_threshold=512 2256
is_linear=0
shrinkage=0.03


Tree=114
num_leaves=31
num_cat=0
split_feature=23 19 40 10 52 6 2 52 29 3 28 15 6 7 6 16 50 29 10 7 50 53 30 41 31 25 31 54 21 10
split_gain=62.9996 28.7461 15.3813 14.997 14.1402 12.7924 15.8478 12.6246 19.1412 15.3014 19.6814 15.7568 14.5087 21.4759 12.4418 14.4975 11.8907 20.3924 13.3309 12.5669 16.4863 16.3742 11.4566 12.6905 24.7027 14.1696 11.9075 11.4078 12.3445 11.3911
threshold=24.152008058132328 27.712713241577152 21.48317909240723 3.5000000000000004 0.83472446786191534 10.500000000000002 0.9565760000000002 0.41679334829505482 23.762885091259768 2.3073580000000002 24.322061538696293 3.6140918106599424 14.500000000000002 15.500000000000002 11.500000000000002 -1.0001379999999995 26.868542766524907 27.03011512756348 1.5000000000000002 27.500000000000004 26.354838180561163 0.65300480804305294 33.715789794921882 25.701913833618168 26.154019355773929 26.595953941345218 26.772015571594242 0.9881657762529189 22.699929237365726 3.5000000000000004
decision_type=2 2 2 2 2 2 2 2 2 2 2 2 2 2 2 2 2 2 2 2 2 2 2 2 2 2 2 2 2 2
left_child=2 3 27 4 5 6 -2 12 -9 -10 -11 -12 -5 -14 15 -7 17 18 -16 -20 21 -21 23 25 -25 29 -27 28 -1 -3
right_child=1 22 -4 7 -6 14 -8 8 9 10 11 -13 13 -15 16 -17 -18 -19 19 20 -22 -23 -24 24 -26 26 -28 -29 -30 -31
leaf_value=-0.0041120465758473692 0.028794132343360354 0.015783925056674104 -0.00088771833101289766 0.0040553486029358682 -0.003731691746777537 0.0027233644672390199 0.0026295015536449825 -0.0083789617543419213 0.0088297780199744404 0.049382060851369584 0.032537659797817468 -0.0037926252008500427 0.015030706811696291 -0.022206297831042953 0.0033530525717074973 -0.0043094372363283676 -0.01000784792820923 0.017586855833536721 0.0022754174039309504 -0.005347589838353521 -0.028117017370462415 0.0096067869910583283 0.016441941778025319 -0.019392159865482858 0.0052867408255316715 -0.0075739034933640674 0.019396133852692753 -0.016918178057181647 0.010642158496215552 0.043188610777258871
leaf_weight=1378 21 43 13146 493 558 371 2644 45 211 21 21 22 20 46 1252 913 80 71 490 457 25 77 93 38 927 34 26 60 53 20
leaf_count=1378 21 43 13146 493 558 371 2644 45 211 21 21 22 20 46 1252 913 80 71 490 457 25 77 93 38 927 34 26 60 53 20
internal_value=3.38909e-08 0.0019723 -0.00121524 0.00131487 0.000848486 0.00124776 0.00283568 0.00500719 0.00975908 0.0127271 0.0255762 0.0139501 0.00228696 -0.0109224 0.000115047 -0.00227737 0.00136785 0.00175151 0.0012629 -0.00123174 -0.004306 -0.00319125 0.00633554 0.00547167 0.00431493 0.0145469 0.00411311 -0.00410292 -0.00356559 0.0244838
internal_weight=23656 9019 14637 7838 6959 6401 2665 879 320 275 64 43 559 66 3736 1284 2452 2372 2301 1049 559 534 1181 1088 965 123 60 1491 1431 63
internal_count=23656 9019 14637 7838 6959 6401 2665 879 320 275 64 43 559 66 3736 1284 2452 2372 2301 1049 559 534 1181 1088 965 123 60 1491 1431 63
is_linear=0
shrinkage=0.03


Tree=115
num_leaves=31
num_cat=1
split_feature=47 23 17 45 50 36 20 54 17 30 8 10 39 16 30 9 33 36 54 29 47 26 53 55 52 18 0 49 9 50
split_gain=60.2226 32.0086 17.1965 16.2503 14.0521 38.3116 18.3831 17.164 27.3523 14.5032 14.1156 13.4593 13.1753 12.8642 12.6116 11.245 11.161 10.8807 10.8754 10.4577 14.4794 13.4726 10.6314 13.4938 10.908 9.91533 9.31827 15.4848 10.1093 9.67856
threshold=23.922436714172367 26.797231674194339 1.1558070000000003 22.460227012634281 23.731276035363528 22.581963539123539 22.871556282043461 1.1872358270521344 1.8443600000000002 25.822155952453617 2.5000000000000004 3.5000000000000004 24.555260658264164 0.18741449999999962 33.715789794921882 21.326193809509281 25.322278976440433 23.326755523681644 1.2358544444415289 25.888441085815433 25.862066268920902 25.839643478393558 0.87813131684815759 0.91171476782896876 0.25908768459250503 26.186250686645511 0 22.47118082080884 22.660907745361332 26.982274436985477
decision_type=2 2 2 2 2 2 2 2 2 2 2 2 2 2 2 2 2 2 2 2 2 2 2 2 2 2 9 2 2 2
left_child=4 3 11 -2 15 -6 -7 9 10 -8 17 14 -10 -12 19 -1 -13 -9 -17 20 -3 25 23 -23 -25 -21 27 -5 -29 -28
right_child=1 2 -4 26 5 6 7 8 12 -11 13 16 -14 -15 -16 18 -18 -19 -20 21 -22 22 -24 24 -26 -27 29 28 -30 -31
leaf_value=-0.005083721017985674 0.024200917734867995 0.00562533173425537 -0.0057251239901047364 0.015223331947218288 0.035900411824030531 0.021200638305591907 0.00082647784131934074 -0.020716895598918199 0.00096500659218201265 0.018296875094317575 -0.013541198277047703 0.032810679023032606 0.030913859680294989 -0.037345305201080113 0.01668395959690679 -0.0013403340494258173 0.010749185293245672 0.0022551351599395275 -0.0094488617718383201 0.037237056323792782 -0.017279177856348131 0.0042620882306441754 -0.0058258086084047467 0.0049319047423509446 0.023495901973829381 0.0073643258325755594 0.001760245768240067 -0.010685370320884081 -0.0005146754296271916 -0.0074770519343571951
leaf_weight=828 27 54 117 55 28 38 1525 25 39 44 84 23 20 27 80 10545 201 72 151 20 46 1021 82 52 63 20 5545 91 2629 104
leaf_count=828 27 54 117 55 28 38 1525 25 39 44 84 23 20 27 80 10545 201 72 151 20 46 1021 82 52 63 20 5545 91 2629 104
internal_value=3.28617e-08 0.0017341 0.00539159 0.000964171 -0.00132125 0.00106775 0.000547301 0.000119835 -0.0069117 0.00131641 -0.0120257 0.00617417 0.0111172 -0.0193314 0.00510866 -0.00171554 0.0130144 -0.00366549 -0.00145481 0.00442675 -0.00491074 0.005169 0.00460638 0.00535941 0.0151017 0.0223007 0.000889694 -0.000534351 -0.000854945 0.00158737
internal_weight=23656 10230 1779 8451 13426 1902 1874 1836 267 1569 208 1662 59 111 1438 11524 224 97 10696 1358 100 1258 1218 1136 115 40 8424 2775 2720 5649
internal_count=23656 10230 1779 8451 13426 1902 1874 1836 267 1569 208 1662 59 111 1438 11524 224 97 10696 1358 100 1258 1218 1136 115 40 8424 2775 2720 5649
cat_boundaries=0 1
cat_threshold=649
is_linear=0
shrinkage=0.03


Tree=116
num_leaves=31
num_cat=0
split_feature=9 6 6 6 55 43 6 14 15 45 19 54 55 6 55 8 35 55 20 16 8 15 52 55 53 55 53 55 33 52
split_gain=57.0867 25.6373 15.6107 40.5945 18.8869 23.0275 23.1817 29.2803 18.5172 18.0645 23.9841 17.0686 19.4113 15.7371 29.6968 17.9822 32.9511 15.5323 15.36 15.0102 14.7466 15.0249 14.6087 14.0133 13.6762 12.8863 12.7 12.2087 11.8195 11.2452
threshold=25.962282180786136 15.500000000000002 12.500000000000002 10.500000000000002 0.46824940871665238 21.982161521911625 14.500000000000002 1.0578827302576586 2.227935388794501 27.23324012756348 25.58754920959473 0.55238739899874578 1.936180906756199 11.500000000000002 0.70297866519481522 2.5000000000000004 21.753636360168461 1.1915348173342439 32.815729140126962 -1.1017904999999997 1.5000000000000002 1.9822927952746749 0.097685150837156495 2.0824737922017778 0.33335217477671203 0.26018350663860268 0.2095321144518684 0.60450686222261985 21.015019416809086 0.83472446786191534
decision_type=2 2 2 2 2 2 2 2 2 2 2 2 2 2 2 2 2 2 2 2 2 2 2 2 2 2 2 2 2 2
left_child=1 2 3 9 8 27 20 22 -4 23 -11 13 -13 19 15 16 -15 -9 -2 -5 -7 24 -8 25 -22 -1 -24 -6 -27 -30
right_child=18 -3 4 11 5 6 7 17 -10 10 -12 12 -14 14 -16 -17 -18 -19 -20 -21 21 -23 26 -25 -26 28 -28 -29 29 -31
leaf_value=-0.0011353297674934653 0.0031860925529653946 -0.0029834693349961787 0.0014870839598816606 0.0013480255580548795 0.001244011911265097 0.008796279915493423 -0.0047590252991508821 -0.0024696254218266049 -0.0025745665309279955 0.038371281458271872 -0.00060297429189085962 -0.0069469665363983682 0.015176463942421047 0.039242847274456698 0.018946199194372942 -0.0037655829211588965 0.0012700222947654111 -0.016042801909067705 0.01210993040258156 -0.0050098146543394268 -0.0014301881956835757 2.0949119228889493e-05 0.021421425961660311 -0.022490284261496168 0.010569007844800273 -0.018857454479439182 0.006065325293634718 -0.011260374877664367 0.0028341529782713059 -0.0035287486471025013
leaf_weight=1685 3069 3360 2224 420 133 763 87 433 1851 27 30 1011 37 21 72 901 997 92 184 1636 116 564 61 23 325 24 236 149 2851 274
leaf_count=1685 3069 3360 2224 420 133 763 87 433 1851 27 30 1011 37 21 72 901 997 92 184 1636 116 564 61 23 325 24 236 149 2851 274
internal_value=3.18749e-08 -0.000588423 -0.000116243 -0.000877385 0.00096682 0.0027911 0.00365006 -0.000243341 -0.000357852 0.00106804 0.0178585 -0.0027537 -0.00616589 -0.00187009 3.09634e-05 -0.000678728 0.00205335 -0.00484816 0.00369085 -0.00371103 0.00565181 0.00326452 0.00605231 0.000870992 0.00741276 0.000982144 0.00921927 -0.00536292 0.00211518 0.00227625
internal_weight=23656 20403 17043 10009 7034 2959 2677 909 4075 4914 57 5095 1048 4047 1991 1919 1018 525 3253 2056 1768 1005 384 4857 441 4834 297 282 3149 3125
internal_count=23656 20403 17043 10009 7034 2959 2677 909 4075 4914 57 5095 1048 4047 1991 1919 1018 525 3253 2056 1768 1005 384 4857 441 4834 297 282 3149 3125
is_linear=0
shrinkage=0.03


Tree=117
num_leaves=31
num_cat=1
split_feature=47 23 17 45 9 10 23 50 36 20 39 54 8 52 30 49 50 33 54 21 55 52 56 44 0 44 53 54 26 35
split_gain=54.5273 28.7339 16.0108 15.3467 12.7362 12.6722 11.9616 12.9798 35.3471 16.7983 16.2205 12.3126 16.8864 14.7424 13.8703 11.6891 11.3627 10.5917 9.94766 11.7336 9.46702 9.14174 8.78507 11.1957 13.8098 12.3734 10.5968 15.0231 8.76685 8.67484
threshold=23.922436714172367 26.797231674194339 1.1558070000000003 22.460227012634281 21.326193809509281 3.5000000000000004 28.200861930847172 23.731276035363528 22.581963539123539 22.871556282043461 27.382694244384769 1.1872358270521344 2.5000000000000004 1.7296507965995647 25.822155952453617 23.896811199188239 33.556916237191409 25.322278976440433 1.2358544444415289 25.215719223022464 1.7474269604769683 0.79012833114409486 1.5095672607421859 25.675271987915043 0 25.411481857299808 0.87813131684815759 1.0140904424192541 26.993081092834476 24.422282218933109
decision_type=2 2 2 2 2 2 2 2 2 2 2 2 2 2 2 2 2 2 2 2 2 2 2 2 9 2 2 2 2 2
left_child=4 3 5 -2 -1 16 7 18 -9 -10 11 14 13 21 29 -14 22 -7 19 -6 -17 -13 23 25 26 -3 27 -25 -4 -11
right_child=1 2 28 -5 6 17 -8 8 9 10 -12 12 15 -15 -16 20 -18 -19 -20 -21 -22 -23 -24 24 -26 -27 -28 -29 -30 -31
leaf_value=-0.0048613752411430424 0.023502053411470519 0.0087277140762083791 0.0090296402320797949 0.00084820649846418605 -0.0013146995689651535 0.031792535289474157 -0.019941034927964209 0.034782060648181609 0.020560410127631927 0.0019678035364943994 0.027272769972682 0.0043700856013147498 0.0013699485710822045 0.021856586044797531 0.018499138198792932 -0.029205458484913991 0.015897260028397357 0.010301064083547289 -0.0090761197305240671 0.021132419571679616 -0.0095054843596049706 -0.015704341070460419 -0.013425768318772315 0.0051256635091136826 -0.0031215123547861973 0.034671130882842204 -0.012341838464140891 0.027417818254658156 -0.010217310773245362 -0.0031638172269098019
leaf_weight=828 27 78 28 8424 10524 23 30 28 38 1114 20 49 32 26 40 46 79 201 149 21 42 35 25 962 215 21 30 28 89 404
leaf_count=828 27 78 28 8424 10524 23 30 28 38 1114 20 49 32 26 40 46 79 201 149 21 42 35 25 962 215 21 30 28 89 404
internal_value=3.09251e-08 0.00165007 0.00511541 0.000920583 -0.00125722 0.00587053 -0.00102034 -0.000975174 0.0013279 0.000820465 0.000405577 0.000105049 -0.0063743 0.00211594 0.00106156 -0.014157 0.00483664 0.0125078 -0.00137876 -0.00127 -0.0198032 -0.00399426 0.00419367 0.00452387 0.00374574 0.0142309 0.00517314 0.00575615 -0.0056112 0.000602076
internal_weight=23656 10230 1779 8451 13426 1662 12598 12568 1874 1846 1808 1788 230 110 1558 120 1438 224 10694 10545 88 84 1359 1334 1235 99 1020 990 117 1518
internal_count=23656 10230 1779 8451 13426 1662 12598 12568 1874 1846 1808 1788 230 110 1558 120 1438 224 10694 10545 88 84 1359 1334 1235 99 1020 990 117 1518
cat_boundaries=0 1
cat_threshold=5186
is_linear=0
shrinkage=0.03


Tree=118
num_leaves=31
num_cat=0
split_feature=6 3 47 6 6 55 6 7 52 15 54 7 7 41 55 10 7 46 39 55 7 15 7 39 10 52 6 20 8 10
split_gain=51.7603 37.7831 26.6464 31.4836 26.5473 22.2571 21.5647 38.6522 53.4847 33.2048 31.2544 22.6825 30.7872 22.3294 19.8339 19.0969 19.4077 18.3426 17.1991 16.9335 19.7123 16.7107 23.8316 31.0409 25.629 17.8058 16.9084 16.4376 16.3185 15.8947
threshold=10.500000000000002 0.22337950000000004 21.884971618652347 11.500000000000002 14.500000000000002 1.936180906756199 12.500000000000002 22.500000000000004 0.10158469794599591 0.60086000394971817 0.61543456773582239 31.500000000000004 14.500000000000002 21.98365688323975 0.22816279125387551 1.5000000000000002 53.500000000000007 24.292465209960941 26.734825134277347 0.27777422619954223 45.500000000000007 1.8856394203244602 14.500000000000002 24.331931114196781 3.5000000000000004 0.77388124515459433 15.500000000000002 24.762152671813968 2.5000000000000004 3.5000000000000004
decision_type=2 2 2 2 2 2 2 2 2 2 2 2 2 2 2 2 2 2 2 2 2 2 2 2 2 2 2 2 2 2
left_child=1 18 -2 5 6 17 7 -5 9 14 11 12 -8 -12 -9 -13 29 27 -1 -3 -21 26 23 -23 25 -24 -6 -4 -14 -17
right_child=2 19 3 4 21 -7 10 8 -10 -11 13 15 28 -15 -16 16 -18 -19 -20 20 -22 22 24 -25 -26 -27 -28 -29 -30 -31
leaf_value=0.02812887006367628 -0.0038449719610047554 -0.00067472489090664731 -0.0057223017050087172 -0.005299945528703805 0.0028101992579786768 0.015611324242116618 -0.00073761527893196547 0.0050118489217019016 -0.0015829213252056267 -0.00020334756801269581 -0.015789005401985426 0.0017951034688097262 0.0049754512753455099 0.0075715057468729325 0.022870376234059221 -0.010311145718353553 0.005210523492852716 -0.0016043133957695868 0.0076331365520942154 0.0038788582501420843 -0.00092165199573137073 -0.0041138814602772085 -0.0036696272194674845 0.0094999291575628766 -0.020733201226050203 -0.017664729361683968 -0.0017992920466608716 -0.024417637485418128 0.014263521153513767 0.0015461410918182
leaf_weight=39 2370 2192 1113 979 1178 56 755 79 880 143 38 748 598 1192 192 433 133 1824 668 2916 1046 397 1014 243 99 89 1827 44 238 133
leaf_count=39 2370 2192 1113 979 1178 56 755 79 880 143 38 748 598 1192 192 433 133 1824 668 2916 1046 397 1014 243 99 89 1827 44 238 133
internal_value=-9.59544e-09 0.00219555 -0.000896927 -0.000412569 0.000311207 -0.00312655 0.00155808 -0.000802309 0.00260046 0.0114927 0.00281514 0.00118163 0.00365376 0.0068498 0.0176644 -0.00153653 -0.0051017 -0.00347855 0.00876374 0.00144097 0.00261148 -0.00137144 -0.00362132 0.00105511 -0.00611127 -0.00479888 7.6899e-06 -0.00643327 0.00761966 -0.00752489
internal_weight=23656 6861 16795 14425 11388 3037 6541 2273 1294 414 4268 3038 1591 1230 271 1447 699 2981 707 6154 3962 4847 1842 640 1202 1103 3005 1157 836 566
internal_count=23656 6861 16795 14425 11388 3037 6541 2273 1294 414 4268 3038 1591 1230 271 1447 699 2981 707 6154 3962 4847 1842 640 1202 1103 3005 1157 836 566
is_linear=0
shrinkage=0.03


Tree=119
num_leaves=31
num_cat=0
split_feature=46 23 15 43 15 40 49 44 28 16 52 28 54 42 44 3 37 16 54 22 19 53 50 35 41 39 17 42 52 43
split_gain=49.298 23.6692 15.5588 13.0308 12.4518 12.4246 12.821 11.8555 16.2132 13.9972 13.6745 11.0774 11.1637 13.0429 10.4406 10.3407 11.2238 9.96669 9.65765 10.178 13.2756 9.53982 9.48947 37.5896 9.78506 13.3798 19.9227 10.8579 10.1815 9.35511
threshold=23.989026069641117 26.797231674194339 2.0762274281559345 23.333926200866703 1.8048171485702451 21.48317909240723 22.9075292586272 25.705325126647953 26.319239616394047 0.81167149999999977 0.68978784607761467 25.847638130187992 0.90999746708792772 26.418775558471683 21.010796546936039 2.8888675000000004 22.711022377014164 -0.40136349999999948 0.76930204524331114 25.07822418212891 25.181020736694339 1.7062326449421115 23.714054966199466 22.581912994384769 26.365359306335453 25.110363960266117 1.7315130000000001 24.047959327470707 0.63245371506655668 25.67334079742432
decision_type=2 2 2 2 2 2 2 2 2 2 2 2 2 2 2 2 2 2 2 2 2 2 2 2 2 2 2 2 2 2
left_child=5 3 4 -2 -3 6 14 8 21 11 -10 -9 -13 -14 17 29 -17 -1 -18 20 -20 -4 -7 -24 25 -25 27 -27 -29 -5
right_child=1 2 7 15 -6 22 -8 9 10 -11 -12 12 13 -15 -16 16 18 -19 19 -21 -22 -23 23 24 -26 26 -28 28 -30 -31
leaf_value=0.00096354832281716736 0.0078734070096180726 0.0022502065172683695 0.013908835909365175 0.0021055022472520608 -0.013199693540878155 -0.0012299565106330681 -0.01933844466207792 -0.011544289230535338 0.012171673769639296 -0.0042301532922907163 0.039482485841621048 0.0067015563760083755 0.037870857354415498 0.0089494256985684223 -0.0038324947886006987 0.019246264974708143 -0.00082552521821192338 0.025883451196365054 -0.0071313624871142496 -0.0195191119780764 0.018830035449005661 -0.009831074237823487 0.036839161985195601 0.00013187530276854664 -0.011828359536843242 -0.0039547212210608949 0.036250087352735653 0.006247635310865007 0.030320984465735296 -0.00026180600041560224
leaf_weight=52 236 591 39 4095 51 10124 46 28 33 112 33 800 23 36 1380 23 1226 20 156 50 20 25 26 1829 56 67 21 64 21 2373
leaf_count=52 236 591 39 4095 51 10124 46 28 33 112 33 800 23 36 1380 23 1226 20 156 50 20 25 26 1829 56 67 21 64 21 2373
internal_value=-9.30671e-09 0.00160734 0.00475177 0.000926472 0.00102288 -0.00116688 -0.00374542 0.00687218 0.0153943 0.0057632 0.0258271 0.00702504 0.00763033 0.0202239 -0.00325143 0.000720067 -0.00154663 0.00788574 -0.00187599 -0.00757455 -0.0041812 0.00463543 -0.000850473 0.000993045 0.000540178 0.000886151 0.00886055 0.00507647 0.0121952 0.00123698
internal_weight=23656 9950 1771 8179 642 13706 1498 1129 130 999 66 887 859 59 1452 7943 1475 72 1452 226 176 64 12208 2084 2058 2002 173 152 85 6468
internal_count=23656 9950 1771 8179 642 13706 1498 1129 130 999 66 887 859 59 1452 7943 1475 72 1452 226 176 64 12208 2084 2058 2002 173 152 85 6468
is_linear=0
shrinkage=0.03


Tree=120
num_leaves=31
num_cat=1
split_feature=6 3 47 6 6 52 7 0 6 7 52 17 7 7 10 52 33 10 24 48 42 14 49 39 2 17 14 6 7 24
split_gain=47.8263 33.8102 23.9759 29.8496 24.7347 21.0511 22.3771 20.3262 20.1408 36.5315 48.2509 31.3102 30.0057 48.7851 26.188 26.0362 20.7146 18.6388 17.4007 21.9641 19.985 17.3009 23.7058 15.9762 15.9613 23.9294 15.8981 13.9261 14.2337 25.0406
threshold=10.500000000000002 0.22337950000000004 21.884971618652347 11.500000000000002 14.500000000000002 1.2743513464849165 11.500000000000002 0 12.500000000000002 23.500000000000004 0.10158469794599591 -0.9913479999999999 30.500000000000004 15.500000000000002 4.5000000000000009 1.2743513464849165 23.956682205200199 1.5000000000000002 27.087546348571781 26.515684890747075 26.013370511728521 1.0578827302576586 26.510658359527593 26.734825134277347 8.9239605000000015 -0.14644899999999991 1.4373070814560431 15.500000000000002 48.500000000000007 22.612786293029789
decision_type=2 2 2 2 2 2 2 9 2 2 2 2 2 2 2 2 2 2 2 2 2 2 2 2 2 2 2 2 2 2
left_child=1 23 -2 5 8 7 -7 -4 9 -5 11 -11 13 -10 17 -16 -15 -14 19 -19 -21 22 27 -1 -18 -26 -8 28 -6 -30
right_child=2 -3 3 4 21 6 26 -9 12 10 -12 -13 14 16 15 -17 24 18 -20 20 -22 -23 -24 -25 25 -27 -28 -29 29 -31
leaf_value=0.026987716565625024 -0.0036585884068950185 0.0013966555221227915 -0.0060865947003145987 -0.0050021427948458656 0.00080000540434197961 -0.01174454927444458 0.0059920462640002366 -0.0010716113629586127 0.0008093431657908367 0.016907569924318654 -0.0013579998543865749 -0.0013014745889458714 0.0022713085227596881 0.0066797075176759915 0.0074645628438788064 0.044783341605216263 0.012239656299023389 -0.0032988412950759414 0.014629014253616332 -0.039364481985568994 -0.0041235018681202613 -0.0034798380734433428 0.0266946898214519 0.0072340767192487004 0.049092203346643083 0.014837753289565443 0.03367808835421289 -0.0017144383294769082 0.038278458394925108 0.0058656774538091965
leaf_weight=39 2370 6154 1416 1017 816 30 40 1516 1126 275 858 123 954 692 106 20 297 891 45 30 28 1979 30 668 29 50 35 1796 24 202
leaf_count=39 2370 6154 1416 1017 816 30 40 1516 1126 275 858 123 954 692 106 20 297 891 45 30 28 1979 30 668 29 50 35 1796 24 202
internal_value=-9.02491e-09 0.00211047 -0.000862168 -0.000402722 0.000302022 -0.00304534 0.0101531 -0.003518 0.00150557 -0.000775558 0.00264676 0.0112802 0.00272043 0.0051661 0.000133262 0.0133882 0.00975945 -0.000724089 -0.00359895 -0.00446329 -0.0223516 -0.00132217 0.000166689 0.00832374 0.0154275 0.0274122 0.0189122 -0.000113734 0.00264525 0.00930774
internal_weight=23656 6861 16795 14425 11388 3037 105 2932 6541 2273 1256 398 4268 2194 2074 126 1068 1948 994 949 58 4847 2868 707 376 79 75 2838 1042 226
internal_count=23656 6861 16795 14425 11388 3037 105 2932 6541 2273 1256 398 4268 2194 2074 126 1068 1948 994 949 58 4847 2868 707 376 79 75 2838 1042 226
cat_boundaries=0 1
cat_threshold=2676
is_linear=0
shrinkage=0.03


Tree=121
num_leaves=31
num_cat=1
split_feature=47 21 6 6 52 17 15 30 6 6 48 53 53 45 45 49 43 16 17 33 10 19 16 6 9 0 6 43 39 48
split_gain=45.1498 22.0943 15.098 23.9905 22.4781 38.6377 15.4554 15.5932 14.3307 23.7113 16.4051 15.3722 14.7398 17.7215 15.7843 14.1782 13.0106 12.4491 26.5911 12.2975 12.2056 12.0772 16.1162 12.5811 11.8442 10.7066 17.2868 15.7579 43.6944 15.3417
threshold=24.168337821960453 27.083434104919437 14.500000000000002 13.500000000000002 1.5626805193017568 1.5678650000000001 1.9822927952746749 25.822155952453617 10.500000000000002 11.500000000000002 24.51925163269043 1.2300366531636111 0.10149268249101215 23.685222625732425 21.927879333496097 23.896811199188239 24.726589203278809 1.2301600000000004 1.6519940000000004 24.954339981079105 1.5000000000000002 26.099332809448246 -0.49320699999999945 10.500000000000002 26.508200645446781 0 8.5000000000000018 22.446201324462894 23.228299140930179 26.320545577985843
decision_type=2 2 2 2 2 2 2 2 2 2 2 2 2 2 2 2 2 2 2 2 2 2 2 2 2 9 2 2 2 2
left_child=2 -2 3 8 6 -6 -5 -8 25 10 11 -10 13 17 -14 -13 -3 -11 -19 -18 -4 24 23 -23 -21 26 -1 -28 -29 -27
right_child=1 16 20 4 5 -7 7 -9 9 12 -12 15 14 -15 -16 -17 19 18 -20 21 -22 22 -24 -25 -26 29 27 28 -30 -31
leaf_value=-0.0048669625812379474 0.00099574976252272507 0.020350326730404048 -0.001645035681246514 0.0055845110593396212 0.0011962207183241844 0.055027700811624523 -0.00099205556065094748 0.024036186768308928 -0.0057922674597260838 -0.00035206712191258193 -0.023561603588362533 0.02856563324594627 -0.0064367489449988907 0.013492700008611228 -0.0008483482839828397 -0.005971521981060505 -0.01521392730131213 0.040212078809801655 -0.00067220733165258264 0.0077339853777084501 -0.0053725685586005099 0.0075165095122777283 -0.0051325539112058944 0.00095421373737735848 0.037163644865155214 0.00028130533880312464 0.00405993500076766 0.057697942708821399 0.0050422963137562206 -0.024317386335916007
leaf_weight=66 7716 48 3679 715 30 20 864 23 1070 661 45 23 559 116 2442 20 28 22 41 32 1007 834 145 384 20 2896 67 23 37 23
leaf_count=66 7716 48 3679 715 30 20 864 23 1070 661 45 23 559 116 2442 20 28 22 41 32 1007 834 145 384 20 2896 67 23 37 23
internal_value=-9.95372e-08 0.00164177 -0.00104631 -0.00037446 0.00292074 0.0227288 0.00230251 -0.000343071 -0.00104561 -0.00204055 -0.00580347 -0.00508549 -0.000906084 0.0026066 -0.00188931 0.0125018 0.00498494 0.000862416 0.0136048 0.00447383 -0.00244607 0.00486341 0.00432206 0.00544761 0.0190531 0.000552627 0.00721386 0.0140601 0.025227 8.71835e-05
internal_weight=23656 9207 14449 9763 1652 50 1602 887 8111 4999 1158 1113 3841 840 3001 43 1491 724 63 1443 4686 1415 1363 1218 52 3112 193 127 60 2919
internal_count=23656 9207 14449 9763 1652 50 1602 887 8111 4999 1158 1113 3841 840 3001 43 1491 724 63 1443 4686 1415 1363 1218 52 3112 193 127 60 2919
cat_boundaries=0 1
cat_threshold=4224
is_linear=0
shrinkage=0.03


Tree=122
num_leaves=31
num_cat=2
split_feature=6 2 30 47 6 6 55 6 54 54 41 0 14 49 55 52 38 0 47 45 23 19 19 55 55 33 45 55 49 2
split_gain=42.9749 30.2235 23.4358 21.7939 27.3661 22.0457 19.6917 18.7336 27.9974 23.1887 20.5699 16.094 16.0203 22.1866 15.993 19.2331 23.7373 31.7881 20.5141 20.1999 27.5644 16.6957 15.854 15.2833 14.9002 14.5643 14.4634 14.4066 14.2145 28.521
threshold=10.500000000000002 0.9565760000000002 28.981996536254886 21.884971618652347 11.500000000000002 14.500000000000002 1.936180906756199 12.500000000000002 0.61543456773582239 0.61543456773582239 21.98365688323975 0 1.0578827302576586 26.451830863990974 0.27777422619954223 0.83472446786191534 22.566724775729984 1 22.80351543426514 24.914579390698247 25.369711875915531 23.645855903625492 23.249047280764163 0.71642845026313073 0.94651461988800845 21.08952617645264 25.933493614196781 0.81624828395002025 27.00307483673096 8.9239605000000015
decision_type=2 2 2 2 2 2 2 2 2 2 2 9 2 2 2 2 2 9 2 2 2 2 2 2 2 2 2 2 2 2
left_child=1 2 -1 27 6 7 11 9 -9 23 -10 -5 13 -7 -3 25 22 21 -19 -20 -21 -18 -17 -6 -14 -16 -8 -2 -12 -30
right_child=3 14 -4 4 5 12 26 8 10 -11 28 -13 24 -15 15 16 17 18 19 20 -22 -23 -24 -25 -26 -27 -28 -29 29 -31
leaf_value=0.028177368646860122 -0.0029480879186903654 -0.00066950146099433816 0.0066950015012576169 -0.0054893483545976913 0.00014713538182996628 -8.5484898056694056e-05 0.026079174779976406 0.0010573112442131378 -0.01530653968943577 -0.0066793405268947741 0.0079267527665833025 -0.0010624598605273139 -0.0022906158018269457 0.025034982259094247 -0.021122101634127002 7.7863365411758411e-05 -0.0086643022502010513 0.02510452297874368 -0.012134772813317665 0.03164793004265188 -0.0024349427254249652 -0.031735377547588067 0.030364269568983995 0.012764670596788074 -0.0099344668354803944 0.0033610471739059572 -0.005739644659683108 -0.013701626078572945 -0.028753913278723581 0.010321111310273409
leaf_weight=50 2252 2197 532 1452 1709 2836 36 3038 38 473 1123 1529 1714 32 22 35 55 26 112 28 90 58 28 91 265 3628 20 118 29 40
leaf_count=50 2252 2197 532 1452 1709 2836 36 3038 38 473 1123 1529 1714 32 22 35 55 26 112 28 90 58 28 91 265 3628 20 118 29 40
internal_value=-9.65426e-08 0.00200048 0.00854057 -0.000817359 -0.000379318 0.000295472 -0.00290961 0.00143172 0.00260337 -0.000768275 0.00642201 -0.00324071 -0.00123789 0.000194799 0.00139428 0.00250503 -0.00348066 -0.00638636 -0.000148044 -0.00300912 0.00565252 -0.0188389 0.0135385 0.000785022 -0.00331417 0.00321348 0.0147153 -0.0034835 0.0071147 -0.00610173
internal_weight=23656 6861 582 16795 14425 11388 3037 6541 4268 2273 1230 2981 4847 2868 6279 4082 432 369 256 230 118 113 63 1800 1979 3650 56 2370 1192 69
internal_count=23656 6861 582 16795 14425 11388 3037 6541 4268 2273 1230 2981 4847 2868 6279 4082 432 369 256 230 118 113 63 1800 1979 3650 56 2370 1192 69
cat_boundaries=0 1 2
cat_threshold=2676 32
is_linear=0
shrinkage=0.03


Tree=123
num_leaves=31
num_cat=0
split_feature=47 23 45 15 14 5 18 6 33 6 23 40 30 34 54 55 32 54 20 51 15 7 26 41 2 38 27 29 55 50
split_gain=41.3525 21.0591 14.1722 13.7184 13.5939 13.7634 12.9334 12.4757 12.4518 11.9316 11.7368 16.1373 12.3703 15.075 14.0375 9.75903 19.2143 12.1977 19.4221 21.6964 9.54381 10.2193 9.13131 9.40589 9.11141 9.0977 8.51697 9.56 9.68322 17.9358
threshold=23.922436714172367 26.797231674194339 22.460227012634281 2.0762274281559345 1.6036736943946419 2.3073580000000002 25.236154556274418 9.5000000000000018 27.484950065612797 15.500000000000002 28.200861930847172 27.933876991271976 25.781872749328617 23.273786544799808 1.2823806037734666 1.8291982800973254 23.638935089111332 1.1872358270521344 23.440987586975101 23.900692145095057 1.8048171485702451 53.500000000000007 21.302151679992679 22.916963579543459 6.5827470000000003 26.006174087524418 29.276855468750004 28.944860458374027 1.0069823284439103 26.982274436985477
decision_type=2 2 2 2 2 2 2 2 2 2 2 2 2 2 2 2 2 2 2 2 2 2 2 2 2 2 2 2 2 2
left_child=9 2 -2 20 8 6 -6 -8 -5 10 11 12 15 -14 -15 17 -17 22 19 -19 21 -3 23 -1 -20 -9 27 28 -4 -30
right_child=1 3 26 4 5 -7 7 25 -10 -11 -12 -13 13 14 -16 16 -18 18 24 -21 -22 -23 -24 -25 -26 -27 -28 -29 29 -31
leaf_value=-0.0038482641957955132 0.022512423528565299 0.0034501968674704726 0.0010425258976664341 0.026546368180877633 0.029165254571556071 -0.0024253389918598919 0.010588493656713121 -0.0095743058299024904 0.0015946075677250823 -0.0027940429163969237 -0.019361920446157456 0.025096004727211865 0.032039080852908748 0.015937141004870547 -0.0066849843076376529 0.034246677011251447 -0.0043354905167451276 -0.0035501844536103759 -0.0014410496394081814 0.028777084228667343 -0.011685092979669571 -0.0084666214959469403 -0.00041796308348600423 -0.024891445018351079 -0.017754776223502574 0.0045660409256211443 -0.01577546646020242 0.016673365397488368 -0.0014594114828680703 -0.022145204216474666
leaf_weight=433 27 519 7659 54 23 167 365 45 27 2913 30 22 21 47 52 21 26 124 41 22 50 74 9530 20 124 455 28 34 663 40
leaf_count=433 27 519 7659 54 23 167 365 45 27 2913 30 22 21 47 52 21 26 124 41 22 50 74 9530 20 124 455 28 34 663 40
internal_value=-1.76739e-07 0.00143676 0.00081225 0.00440343 0.00638542 0.00547609 0.00696206 0.00637168 0.0182291 -0.00109505 -0.00062429 -0.000570667 -0.000624645 0.00895206 0.00405481 -0.000735776 0.0129034 -0.000798049 -0.00664888 0.00132105 0.000901816 0.00196311 -0.000615778 -0.00477732 -0.0137011 0.00329341 0.000742698 0.000797785 0.000733235 -0.00263641
internal_weight=23656 10230 8451 1779 1136 1055 888 865 81 13426 10513 10483 10461 120 99 10341 47 10294 311 146 643 593 9983 453 165 500 8424 8396 8362 703
internal_count=23656 10230 8451 1779 1136 1055 888 865 81 13426 10513 10483 10461 120 99 10341 47 10294 311 146 643 593 9983 453 165 500 8424 8396 8362 703
is_linear=0
shrinkage=0.03


end of trees

feature_importances:
source_temp=486
hour=477
temp_roll_mean_5=235
temp_roll_std_30=180
temp_lag_1=138
temp_roll_std_10=123
temp_roll_std_20=122
minute=113
temp_roll_mean_10=112
object_id=110
temp_roll_std_5=89
temp_lag_2=84
temp_roll_mean_30=82
temp_roll_mean_20=79
display_y=76
temp_lag_12=63
temp_lag_3=60
display_x=56
day_of_week=55
temp_lag_16=49
temp_lag_24=44
temp_lag_30=44
temp_lag_15=43
temp_lag_13=42
temp_lag_25=41
temp_lag_6=40
temp_lag_17=40
temp_lag_28=38
temp_lag_4=36
temp_lag_18=35
temp_lag_22=35
temp_lag_19=34
temp_lag_26=31
people_count_total=30
temp_lag_10=30
temp_lag_29=30
nearest_person_dy=27
temp_lag_11=27
mean_person_distance=25
temp_lag_27=25
temp_lag_9=24
nearest_person_dx=22
temp_lag_20=22
temp_lag_23=22
temp_lag_14=21
temp_lag_8=20
temp_lag_21=16
anchor_y=15
temp_lag_7=15
target_minutes_ahead=14
temp_lag_5=13
nearest_person_distance=11
anchor_x=6
people_count_within_3m=5
temp_delta_1=5
people_count_within_2m=2
seconds_since_previous=1

parameters:
[boosting: gbdt]
[objective: regression]
[metric: rmse,l2]
[tree_learner: serial]
[device_type: cpu]
[data_sample_strategy: bagging]
[data: ]
[valid: ]
[num_iterations: 1200]
[learning_rate: 0.03]
[num_leaves: 31]
[num_threads: 8]
[seed: 42]
[deterministic: 0]
[force_col_wise: 0]
[force_row_wise: 0]
[histogram_pool_size: -1]
[max_depth: -1]
[min_data_in_leaf: 20]
[min_sum_hessian_in_leaf: 0.001]
[bagging_fraction: 0.85]
[pos_bagging_fraction: 1]
[neg_bagging_fraction: 1]
[bagging_freq: 0]
[bagging_seed: 400]
[bagging_by_query: 0]
[feature_fraction: 0.85]
[feature_fraction_bynode: 1]
[feature_fraction_seed: 30056]
[extra_trees: 0]
[extra_seed: 12879]
[early_stopping_round: 0]
[early_stopping_min_delta: 0]
[first_metric_only: 0]
[max_delta_step: 0]
[lambda_l1: 0]
[lambda_l2: 0]
[linear_lambda: 0]
[min_gain_to_split: 0]
[drop_rate: 0.1]
[max_drop: 50]
[skip_drop: 0.5]
[xgboost_dart_mode: 0]
[uniform_drop: 0]
[drop_seed: 17869]
[top_rate: 0.2]
[other_rate: 0.1]
[min_data_per_group: 100]
[max_cat_threshold: 32]
[cat_l2: 10]
[cat_smooth: 10]
[max_cat_to_onehot: 4]
[top_k: 20]
[monotone_constraints: ]
[monotone_constraints_method: basic]
[monotone_penalty: 0]
[feature_contri: ]
[forcedsplits_filename: ]
[refit_decay_rate: 0.9]
[cegb_tradeoff: 1]
[cegb_penalty_split: 0]
[cegb_penalty_feature_lazy: ]
[cegb_penalty_feature_coupled: ]
[path_smooth: 0]
[interaction_constraints: ]
[verbosity: -1]
[saved_feature_importance_type: 0]
[use_quantized_grad: 0]
[num_grad_quant_bins: 4]
[quant_train_renew_leaf: 0]
[stochastic_rounding: 1]
[linear_tree: 0]
[max_bin: 255]
[max_bin_by_feature: ]
[min_data_in_bin: 3]
[bin_construct_sample_cnt: 200000]
[data_random_seed: 175]
[is_enable_sparse: 1]
[enable_bundle: 1]
[use_missing: 1]
[zero_as_missing: 0]
[feature_pre_filter: 1]
[pre_partition: 0]
[two_round: 0]
[header: 0]
[label_column: ]
[weight_column: ]
[group_column: ]
[ignore_column: ]
[categorical_feature: 0,1]
[forcedbins_filename: ]
[precise_float_parser: 0]
[parser_config_file: ]
[objective_seed: 16083]
[num_class: 1]
[is_unbalance: 0]
[scale_pos_weight: 1]
[sigmoid: 1]
[boost_from_average: 1]
[reg_sqrt: 0]
[alpha: 0.9]
[fair_c: 1]
[poisson_max_delta_step: 0.7]
[tweedie_variance_power: 1.5]
[lambdarank_truncation_level: 30]
[lambdarank_norm: 1]
[label_gain: ]
[lambdarank_position_bias_regularization: 0]
[eval_at: ]
[multi_error_top_k: 1]
[auc_mu_weights: ]
[num_machines: 1]
[local_listen_port: 12400]
[time_out: 120]
[machine_list_filename: ]
[machines: ]
[gpu_platform_id: -1]
[gpu_device_id: -1]
[gpu_use_dp: 0]
[num_gpu: 1]

end of parameters

pandas_categorical:[["light_1", "light_2", "light_3", "light_4", "machine_1", "machine_2", "machine_3", "machine_4", "machine_5", "machine_6", "screen_1", "screen_2", "window_1"], ["Light", "Machine", "Screen", "Window"]]
