tree
version=v4
num_class=1
num_tree_per_iteration=1
label_index=0
max_feature_idx=58
objective=regression
feature_names=object_id label display_x display_y anchor_x anchor_y hour minute day_of_week source_temp people_count_total people_count_within_1m people_count_within_2m people_count_within_3m nearest_person_distance mean_person_distance nearest_person_dx nearest_person_dy temp_lag_1 temp_lag_2 temp_lag_3 temp_lag_4 temp_lag_5 temp_lag_6 temp_lag_7 temp_lag_8 temp_lag_9 temp_lag_10 temp_lag_11 temp_lag_12 temp_lag_13 temp_lag_14 temp_lag_15 temp_lag_16 temp_lag_17 temp_lag_18 temp_lag_19 temp_lag_20 temp_lag_21 temp_lag_22 temp_lag_23 temp_lag_24 temp_lag_25 temp_lag_26 temp_lag_27 temp_lag_28 temp_lag_29 temp_lag_30 temp_roll_mean_5 temp_roll_mean_10 temp_roll_mean_20 temp_roll_mean_30 temp_roll_std_5 temp_roll_std_10 temp_roll_std_20 temp_roll_std_30 temp_delta_1 seconds_since_previous target_minutes_ahead
feature_infos=-1:3:1:9:0:11:5:6:12:7:2:4:10 -1:1:0:2:3 [0.65677700000000006:10.635484999999999] [0.181031:3.755376] [0.65677700000000006:10.635484999999999] [0.181031:3.755376] [8:22] [0:59] [1:4] [20.767314910888672:34.357685089111328] [0:8] [0:3] [0:6] [0:8] [-1:12.555159157760208] [-1:12.555159157760208] [-12.092689999999999:7.2496249999999991] [-3.7595900000000002:2.7911589999999999] [20.767314910888672:34.357685089111328] [20.767314910888672:34.357685089111328] [20.767314910888672:34.357685089111328] [20.767314910888672:34.357685089111328] [20.767314910888672:34.357685089111328] [20.767314910888672:34.357685089111328] [20.740428924560547:34.357685089111328] [20.740428924560547:34.357685089111328] [20.740428924560547:34.357685089111328] [20.740428924560547:34.357685089111328] [20.740428924560547:34.357685089111328] [20.740428924560547:34.357685089111328] [20.740428924560547:34.357685089111328] [20.740428924560547:34.357685089111328] [20.740428924560547:34.357685089111328] [20.740428924560547:34.357685089111328] [20.740428924560547:34.357685089111328] [20.60832405090332:34.357685089111328] [20.60832405090332:34.357685089111328] [20.60832405090332:34.357685089111328] [20.52905273:34.357685089111328] [20.52905273:34.357685089111328] [20.52905273:34.357685089111328] [20.52905273:34.357685089111328] [20.52905273:34.357685089111328] [20.52905273:34.357685089111328] [20.52905273:34.357685089111328] [20.52905273:34.357685089111328] [20.52905273:34.357685089111328] [20.52905273:34.357685089111328] [20.844284439086913:34.301384736044916] [20.86952991474805:34.27119560288574] [20.957993888854979:34.165245819326174] [21.013332176208497:34.119628524778321] [0.0046546274530860493:4.3130304010727372] [0.013041314038002714:3.345309931681534] [0.027526308275021994:3.0383026114688216] [0.037107730053953722:3.1220182675991532] [-8.6861438751220703:7.9542140960693359] [60:14280] [20:30]
tree_sizes=2690 2866 2866 2844 2846 2853 2866 2833 2843 2855 2867 2841 2841 2859 2865 2838 2860 2844 2862 2863 2854 2860 2872 2854 2832 2873 2853 2852 2856 2879 2846 2899 2845 2845 2880 2879 2845 2880 2858 2869 2839 2866 2886 2858 2862 2883 2874 2861 2878 2851 2883 2853 2900 2883 2890 2873 2862 2847 2910 2869 2867 2883 2863 2853 2902 2868 2872 2891 2870 2868 2872 2924 2918 2869 2918 2862 2868 2873 2907 2884 2880 2832 2870 2903 2913 2875 2875

Tree=0
num_leaves=31
num_cat=0
split_feature=48 48 48 48 9 49 48 9 9 44 9 50 48 6 4 9 6 6 9 47 6 9 58 5 54 6 9 28 6 49
split_gain=47831.5 17456.7 8306.56 3602.83 1396.97 1344.83 975.72 752.862 270.985 248.161 246.876 240.543 194.072 186.925 356.222 142.878 134.009 132.88 131.378 93.5372 90.6865 88.2345 84.8004 82.3867 133.829 85.4448 72.3479 71.8271 66.4048 63.885
threshold=24.561813163757328 29.414824867200199 22.76016292572022 25.796032333374026 31.742348672990726 23.63495311737061 21.934778785705571 27.19506931304932 24.873394012451175 23.524121284882813 24.161545753479007 33.661196327523442 22.32393836975098 10.500000000000002 0.9565760000000002 23.140801429748539 10.500000000000002 10.500000000000002 21.699362754821781 24.426015853881839 14.500000000000002 25.52561187744141 21.500000000000004 2.8888675000000004 0.73591341046240044 14.500000000000002 32.369287493173836 27.859342575073246 10.500000000000002 26.278046798744388
decision_type=2 2 2 2 2 2 2 2 2 2 2 2 2 2 2 2 2 2 2 2 2 2 2 2 2 2 2 2 2 2
left_child=2 3 6 8 17 15 18 16 -2 -9 22 26 -8 14 27 -4 29 -3 -1 -15 -12 28 -7 24 -18 -26 -6 -11 -10 -5
right_child=1 4 5 7 11 10 12 9 21 13 20 -13 -14 19 -16 -17 23 -19 -20 -21 -22 -23 -24 -25 25 -27 -28 -29 -30 -31
leaf_value=23.837905610097241 23.927439222503054 24.089544672307966 23.881840029493539 23.972458643952368 24.124887653329033 23.90561766971117 23.858396402198352 23.908954363963698 23.94672770583125 24.136392959730845 23.925241647189576 24.203878202756123 23.870916394682158 24.049556483332804 24.012938118471226 23.892798504151603 23.95884065570301 24.047468439944598 23.850939667409776 23.990338399788559 23.904764725950123 23.952026941564899 23.943634059018436 23.924342005946684 23.991794121644812 23.959764156566191 24.15814010465267 24.068165428859309 23.934524928371435 23.986741689315796
leaf_weight=1907 1365 158 1881 503 88 2392 2184 22 731 21 1237 90 2275 26 332 2486 618 118 1096 313 231 836 54 42 245 108 178 41 890 641
leaf_count=1907 1365 158 1881 503 88 2392 2184 22 731 21 1237 90 2275 26 332 2486 618 118 1096 313 231 836 54 42 245 108 178 41 890 641
internal_value=23.9084 23.9715 23.8788 23.9573 24.1222 23.8995 23.8559 23.9824 23.9382 24.0082 23.9123 24.1615 23.8648 24.0112 24.0253 23.8881 23.9734 24.0716 23.8427 23.9949 23.922 23.9441 23.9065 23.9655 23.9673 23.982 24.1471 24.0913 23.94 23.9805
internal_weight=23109 7366 15743 6734 632 8281 7462 2912 3822 755 3914 356 4459 733 394 4367 2157 276 3003 339 1468 2457 2446 1013 971 353 266 62 1621 1144
internal_count=23109 7366 15743 6734 632 8281 7462 2912 3822 755 3914 356 4459 733 394 4367 2157 276 3003 339 1468 2457 2446 1013 971 353 266 62 1621 1144
is_linear=0
shrinkage=1


Tree=1
num_leaves=31
num_cat=2
split_feature=49 48 48 48 18 49 48 18 48 30 18 48 46 29 55 58 3 48 49 48 19 51 53 55 0 0 56 45 54 18
split_gain=45026.8 16934.9 7113.58 3781.1 1256.81 1063.45 889.265 629.47 258.044 228.718 207.446 171.55 164.864 134.985 127.742 131.704 122.643 130.139 121.025 118.444 96.5429 83.2647 80.4852 77.0221 72.8624 72.0661 65.1852 72.1446 65.0347 62.681
threshold=24.444704341888428 29.414824867200199 22.741444969628912 25.796032333374026 32.392505644501959 23.63495311737061 21.934778785705571 27.204222679138187 24.958607864115724 24.395351408974612 30.79593658447266 22.32393836975098 31.637410163879398 33.736423492431648 0.44198153738093132 20.500000000000004 3.7002795000000006 26.280783653259281 23.320354461669925 21.734614372534669 28.883968353271488 24.35340509410555 0.45201801970267441 0.64558239855779798 0 1 0.067191122712403142 25.58754920959473 0.09955974366383985 25.428466796875004
decision_type=2 2 2 2 2 2 2 2 2 2 2 2 2 2 2 2 2 2 2 2 2 2 2 2 9 9 2 2 2 2
left_child=2 3 6 8 10 18 19 16 -2 -9 -3 -8 20 -6 24 25 17 -5 -4 -1 26 22 -17 -13 -7 -16 -11 -28 -10 -30
right_child=1 4 5 7 13 14 11 9 28 12 -12 23 -14 -15 15 21 -18 -19 -20 -21 -22 -23 -24 -25 -26 -27 27 -29 29 -31
leaf_value=-0.067940199189827771 0.019094813518777613 0.14993360039499615 -0.023794331219783117 0.056169557278322957 0.24159921470652801 -0.016350637941612879 -0.048465496424302854 0.013711280584335326 0.080261074304580682 0.084948872677679796 0.19532770609154421 -0.038713126813484502 0.1831641125679016 0.28668095652262371 0.014779110938382804 0.085167999708881753 0.0010360293196780342 0.071134245324633708 -0.013642958526566915 -0.055301380551287103 0.11950912171974777 -0.0035599196213297545 0.027669447701051831 -0.021731241237323479 -0.00060600931124690056 0.0014439075632233834 0.14765245903283358 0.097128245599808219 0.029494006399441629 0.039409470801959487
leaf_weight=2002 1856 194 2742 970 178 324 2184 30 27 444 170 1909 20 90 519 39 28 1135 1720 1001 128 32 50 275 1290 1201 32 124 1442 953
leaf_count=2002 1856 194 2742 970 178 324 2184 30 27 444 170 1909 20 90 519 39 28 1135 1720 1001 128 32 50 275 1290 1201 32 124 1442 953
internal_value=2.67476e-11 0.0585478 -0.0299517 0.0454588 0.207435 -0.010206 -0.0511601 0.071834 0.0275116 0.094933 0.171134 -0.0425202 0.0981905 0.256739 0.00228912 0.00769029 0.0634087 0.0642384 -0.0198812 -0.0637273 0.0958561 0.037943 0.0528654 -0.0365748 -0.0038717 0.00556205 0.0908101 0.107492 0.0339615 0.0334395
internal_weight=23109 7821 15288 7189 632 7917 7371 2911 4278 778 364 4368 748 268 3455 1841 2133 2105 4462 3003 728 121 89 2184 1614 1720 600 156 2422 2395
internal_count=23109 7821 15288 7189 632 7917 7371 2911 4278 778 364 4368 748 268 3455 1841 2133 2105 4462 3003 728 121 89 2184 1614 1720 600 156 2422 2395
cat_boundaries=0 1 2
cat_threshold=608 6162
is_linear=0
shrinkage=0.03


Tree=2
num_leaves=31
num_cat=1
split_feature=48 48 48 48 9 49 48 9 9 44 29 9 6 2 48 9 6 6 9 55 3 47 6 9 55 55 6 55 0 36
split_gain=42377.8 15742.3 6951.12 3414.11 1244.72 1055.28 863.457 674.003 280.642 225.141 211.982 187.688 173.451 322.706 171.575 131.347 125.62 123.665 118.452 104.645 120.823 87.0212 80.9408 80.3607 80.3115 78.1122 72.2543 68.5538 65.7821 65.5646
threshold=24.489644050598148 29.414824867200199 22.76016292572022 25.796032333374026 31.742348672990726 23.63495311737061 21.934778785705571 27.19506931304932 24.873394012451175 23.524121284882813 33.736423492431648 24.051055908203129 10.500000000000002 0.9565760000000002 22.32393836975098 23.140801429748539 10.500000000000002 10.500000000000002 21.699362754821781 0.7364735609423273 2.8888675000000004 24.426015853881839 14.500000000000002 25.52561187744141 0.58182731748096395 0.6397725324187834 14.500000000000002 0.79709472389013281 0 27.340689659118656
decision_type=2 2 2 2 2 2 2 2 2 2 2 2 2 2 2 2 2 2 2 2 2 2 2 2 2 2 2 2 9 2
left_child=2 3 6 8 17 15 18 16 -2 -9 -6 24 13 27 -8 -4 -5 -3 -1 -18 22 -14 29 -10 28 -16 -13 -11 -7 -21
right_child=1 4 5 7 10 11 14 9 23 12 -12 26 21 -15 25 -17 19 -19 -20 20 -22 -23 -24 -25 -26 -27 -28 -29 -30 -31
leaf_value=-0.066332390148849008 0.017327130262054406 0.17075041244301614 -0.02506121419309645 0.067985769256662873 0.22481651133164426 -0.01684692854569125 -0.047011531858735682 -0.00045436714183200492 0.029603919411243958 0.13361544013023377 0.27808052126566568 0.013470326278288777 0.13395030739215702 0.098749342867767945 -0.03736008132177298 -0.014554232925495493 0.044072320053590769 0.13015939593315123 -0.053956115484487498 0.086376845299470706 0.014690761240199208 0.076832059602886915 0.049318711452748784 0.040931359435610506 0.0047509811846335329 -0.020667141140229148 -0.00349332652279882 0.19837972113960667 -0.0026834050744057661 0.057038485993748729
leaf_weight=1907 1583 158 1881 1144 266 446 2184 22 1658 24 90 1312 26 332 1986 2486 519 118 1096 205 42 313 144 854 736 289 273 38 874 103
leaf_count=1907 1583 158 1881 1144 266 446 2184 22 1658 24 90 1312 26 332 1986 2486 519 118 1096 205 42 313 144 854 736 289 273 38 874 103
internal_value=-9.52835e-09 0.0578132 -0.0285478 0.0448793 0.201212 -0.00913589 -0.0493802 0.0697121 0.0272204 0.0941075 0.238282 0.00279093 0.0969456 0.110482 -0.0410054 -0.0190799 0.0611731 0.153396 -0.0618154 0.0534794 0.0633626 0.0812128 0.0678852 0.0334549 -0.0031895 -0.0352395 0.0105485 0.17331 -0.00761692 0.0765656
internal_weight=23109 7639 15470 7007 632 8008 7462 2912 4095 755 356 3641 733 394 4459 4367 2157 276 3003 1013 494 339 452 2512 2056 2275 1585 62 1320 308
internal_count=23109 7639 15470 7007 632 8008 7462 2912 4095 755 356 3641 733 394 4459 4367 2157 276 3003 1013 494 339 452 2512 2056 2275 1585 62 1320 308
cat_boundaries=0 1
cat_threshold=609
is_linear=0
shrinkage=0.03


Tree=3
num_leaves=31
num_cat=1
split_feature=49 48 48 48 9 49 48 9 9 44 9 9 48 6 3 9 6 6 53 3 47 9 9 6 0 6 10 51 53 6
split_gain=39889.8 14988.3 6292.45 3341.62 1171.15 937.378 787.997 629.775 293.967 211.404 200.43 187.562 184.216 161.378 305.198 134.333 118.196 116.357 90.0884 89.3838 81.8783 80.518 74.4155 73.6629 83.0729 74.9551 114.199 139.76 71.0223 66.7711
threshold=24.444704341888428 29.414824867200199 22.741444969628912 25.796032333374026 31.742348672990726 23.63495311737061 21.873002815246583 27.19506931304932 24.873394012451175 23.524121284882813 33.480255128500978 24.051055908203129 22.32393836975098 10.500000000000002 0.19302850000000002 23.159254074096683 10.500000000000002 10.500000000000002 0.5813267511583261 2.8888675000000004 24.426015853881839 21.442242624477544 25.52561187744141 10.500000000000002 0 11.500000000000002 3.5000000000000004 24.107719898278322 0.28149225937342026 14.500000000000002
decision_type=2 2 2 2 2 2 2 2 2 2 2 2 2 2 2 2 2 2 2 2 2 2 2 2 9 2 2 2 2 2
left_child=2 3 6 8 17 15 21 16 -2 -9 28 -7 -8 14 -11 -4 -5 -3 -18 29 -15 -1 -10 -13 -25 -26 -27 -28 -6 -20
right_child=1 4 5 7 10 11 12 9 22 13 -12 23 -14 20 -16 -17 18 -19 19 -21 -22 -23 -24 24 25 26 27 -29 -30 -31
leaf_value=-0.066981028869513543 0.01663602182230621 0.16562789890585067 -0.024404193287680145 0.065946196544035399 0.22377260776666494 -0.0039869246586113427 -0.046293430210791492 -0.0004407367245717482 0.028856487680820754 0.16811038440273654 0.26983244800567624 0.020399009191949442 -0.034419850455915266 0.12993179921920484 0.095583528797071868 -0.013950606021417103 0.044299825532843305 0.12625461459159851 0.075902006989753107 0.018545557621400803 0.074527098129818822 -0.056462325068890158 0.039799151548972893 -0.000631486881844083 -0.010267282641361817 0.016544446515253271 0.016292652128530399 0.127102996699512 0.17612112745642661 0.049674525147498545
leaf_weight=1207 1787 158 2029 1144 234 1962 2548 22 1643 62 90 442 2184 26 331 2433 590 118 251 38 313 1432 848 673 72 265 21 20 32 134
leaf_count=1207 1787 158 2029 1144 234 1962 2548 22 1643 62 90 442 2184 26 331 2433 590 118 251 38 313 1432 848 673 72 265 21 20 32 134
internal_value=-2.6294e-07 0.0551066 -0.0281917 0.0427929 0.195175 -0.00962056 -0.0481385 0.0675879 0.0259209 0.091189 0.231134 0.00211055 -0.0408133 0.0939429 0.107025 -0.0187042 0.0593379 0.148794 0.051875 0.0624409 0.0787764 -0.0612733 0.0325816 0.0101234 0.00580203 0.0168279 0.0237532 0.0703465 0.21804 0.0667735
internal_weight=23109 7821 15288 7189 632 7917 7371 2911 4278 754 356 3455 4732 732 393 4462 2157 276 1013 423 339 2639 2491 1493 1051 378 306 41 266 385
internal_count=23109 7821 15288 7189 632 7917 7371 2911 4278 754 356 3455 4732 732 393 4462 2157 276 1013 423 339 2639 2491 1493 1051 378 306 41 266 385
cat_boundaries=0 1
cat_threshold=587
is_linear=0
shrinkage=0.03


Tree=4
num_leaves=31
num_cat=0
split_feature=48 48 9 48 9 49 48 9 9 44 26 9 49 6 2 6 49 55 6 9 55 3 47 6 55 6 6 6 6 9
split_gain=37539.9 13673.6 6503.4 2813.74 1101.94 1077.67 790.015 597.681 216.556 205.885 189.017 185.159 178.894 152.265 259.643 119.754 119.122 111.688 109.48 101.391 95.8792 108.814 83.5045 79.5207 73.9848 73.3811 73.238 74.0163 70.1732 69.2102
threshold=24.561813163757328 29.414824867200199 22.749819755554203 25.796032333374026 31.742348672990726 23.63495311737061 21.934778785705571 27.365486145019535 24.873394012451175 23.524121284882813 33.662851333618171 24.212922096252445 22.347822093916751 10.500000000000002 0.9565760000000002 10.500000000000002 22.731744289266118 0.58182731748096395 10.500000000000002 21.699362754821781 0.7364735609423273 2.8888675000000004 24.574164390563968 14.500000000000002 0.62369054870627816 14.500000000000002 10.500000000000002 11.500000000000002 14.500000000000002 22.190867424011234
decision_type=2 2 2 2 2 2 2 2 2 2 2 2 2 2 2 2 2 2 2 2 2 2 2 2 2 2 2 2 2 2
left_child=2 3 6 8 18 16 19 15 -2 -9 -6 17 -8 14 -11 -5 -4 -7 -3 -1 -17 25 -15 -13 -14 -22 -10 -28 -29 -26
right_child=1 4 5 7 10 11 12 9 26 13 -12 23 24 22 -16 20 -18 -19 -20 -21 21 -23 -24 -25 29 -27 27 28 -30 -31
leaf_value=-0.062455059652850156 0.016869455724890643 0.16065906032731259 -0.03042301587190626 0.064665026321475 0.21148435665252513 -0.0052943937602596101 -0.044731635127259792 -0.0044031263887882232 0.037768458112981171 0.1630738700022463 0.26178043572107951 0.016098524407704051 -0.035476504728082538 0.12446413036315671 0.094919606910350007 0.041785282185415398 -0.015915588575545841 0.0081682731556844534 0.12246697492518667 -0.05087842373942518 0.071895240992534123 0.013620088302663395 0.072506321384520317 -0.0042593584420597729 -0.040732514407318919 0.046518484103499638 0.017504891018507131 0.038314579058787782 0.021287367293081939 -0.015398698512409199
leaf_weight=1907 1365 158 589 1190 266 1688 2155 20 1050 61 90 1125 1935 31 287 530 3769 826 118 1059 329 42 273 204 134 149 465 600 342 352
leaf_count=1907 1365 158 589 1190 266 1688 2155 20 1050 61 90 1125 1935 31 287 530 3769 826 118 1059 329 42 273 204 134 149 465 600 342 352
internal_value=-2.63141e-07 0.0558989 -0.0261549 0.043377 0.18932 -0.00766407 -0.0462615 0.0655935 0.0264502 0.0904077 0.2242 0.00391673 -0.0384445 0.093316 0.106866 0.0581493 -0.0178763 -0.000871099 0.144331 -0.0583217 0.0507648 0.059917 0.0778047 0.0129736 -0.0328482 0.0639849 0.0317728 0.0272984 0.0321327 -0.0223837
internal_weight=23109 7366 15743 6734 632 8201 7542 2912 3822 672 356 3843 4576 652 348 2240 4358 2514 276 2966 1050 520 304 1329 2421 478 2457 1407 942 486
internal_count=23109 7366 15743 6734 632 8201 7542 2912 3822 672 356 3843 4576 652 348 2240 4358 2514 276 2966 1050 520 304 1329 2421 478 2457 1407 942 486
is_linear=0
shrinkage=0.03


Tree=5
num_leaves=31
num_cat=0
split_feature=48 48 48 48 9 48 9 9 9 44 9 9 48 6 2 6 6 48 9 55 55 3 47 9 6 6 55 10 51 55
split_gain=35324.5 13109.2 5790.87 2839.18 1036.81 791.696 727.324 563.488 232.67 187.805 178.736 175.154 157.883 145.115 268.581 104.367 103.01 98.7981 95.1636 91.5752 91.0095 95.0918 72.7731 71.1598 71.0369 69.8837 79.9205 102.62 92.2135 69.0937
threshold=24.489644050598148 29.414824867200199 22.76016292572022 25.796032333374026 31.742348672990726 23.553261184459476 21.904261589050297 27.19506931304932 24.873394012451175 23.524121284882813 33.480255128500978 24.051055908203129 22.32393836975098 10.500000000000002 0.9565760000000002 10.500000000000002 10.500000000000002 21.734614372534669 23.140801429748539 0.58182731748096395 0.63435234910031024 2.8888675000000004 24.426015853881839 25.424801830000003 10.500000000000002 11.500000000000002 0.59923372016899512 3.5000000000000004 24.031425666879642 0.60418046897590949
decision_type=2 2 2 2 2 2 2 2 2 2 2 2 2 2 2 2 2 2 2 2 2 2 2 2 2 2 2 2 2 2
left_child=2 3 6 8 16 18 17 15 -2 -9 -6 -7 -8 14 -11 -5 -3 -1 -4 -14 -17 -22 -15 -10 -13 -26 -27 -28 -29 -20
right_child=1 4 5 7 10 11 12 9 23 13 -12 24 19 22 -16 20 -18 -19 29 -21 21 -23 -24 -25 25 26 27 28 -30 -31
leaf_value=-0.060733448852313361 0.015868584682901456 0.15583928981536552 -0.022672942668990104 0.062027859191892187 0.20510898199296534 -0.0041668018963742408 -0.042991304200631485 -0.0004342980005524375 0.026210991700952899 0.15822247451351534 0.25401817242304481 0.018653535711989543 -0.034352418521851155 0.12236057666631846 0.090201585813459134 0.038523291920074143 0.11879296660423279 -0.049344346423763348 -0.016018823384501474 -0.017424649358626459 0.060100184767191908 0.013211485567901814 0.070127248556945271 0.036424598025610627 -0.0086283803602942924 0.0018147734116762875 0.012813178086508835 0.0068848373905556004 0.085988212988401452 -0.0021458710138522199
leaf_weight=1892 1583 158 1889 1144 266 2354 2288 22 1444 62 90 456 1867 26 332 439 118 1075 1717 340 532 42 313 1068 272 575 290 21 36 398
leaf_count=1892 1583 158 1889 1144 266 2354 2288 22 1444 62 90 456 1867 26 332 439 118 1075 1717 340 532 42 313 1068 272 575 290 21 36 398
internal_value=-2.552e-07 0.052783 -0.0260643 0.0409802 0.183641 -0.00834636 -0.0450787 0.0636257 0.0248767 0.0859316 0.217474 0.00108639 -0.0374693 0.0885238 0.100905 0.0558182 0.140001 -0.056607 -0.0177791 -0.0317446 0.0488054 0.0566693 0.0741333 0.0305534 0.00858095 0.00473413 0.00867622 0.020046 0.0568449 -0.0134082
internal_weight=23109 7639 15470 7007 632 8008 7462 2912 4095 755 356 4004 4495 733 394 2157 276 2967 4004 2207 1013 574 339 2512 1650 1194 922 347 57 2115
internal_count=23109 7639 15470 7007 632 8008 7462 2912 4095 755 356 4004 4495 733 394 2157 276 2967 4004 2207 1013 574 339 2512 1650 1194 922 347 57 2115
is_linear=0
shrinkage=0.03


Tree=6
num_leaves=31
num_cat=1
split_feature=49 9 9 49 9 49 9 9 9 2 49 9 5 46 49 18 55 9 9 55 49 2 9 5 45 53 10 32 49 0
split_gain=33278.5 12500.8 5245.4 2729.08 930.571 777.521 700.724 553.222 265.375 207.152 179.085 141.2 135.465 124.488 105.475 98.6671 94.7584 93.6772 91.4067 88.1769 85.961 72.8535 71.4724 69.0711 73.4953 74.7403 63.555 57.312 55.4592 54.4197
threshold=24.444704341888428 29.621734619140629 22.749819755554203 25.843673324451419 32.369287493173836 23.63495311737061 21.904261589050297 27.365486145019535 24.873394012451175 0.9565760000000002 22.362204170227056 24.161545753479007 2.8888675000000004 31.637410163879398 22.731744289266118 33.501327514648445 0.58182731748096395 25.668535232543949 21.442242624477544 0.6397725324187834 26.318491649627688 8.9239605000000015 31.742348672990726 0.27658100000000008 26.763797760009769 0.85067221192198328 2.5000000000000004 28.725036621093754 23.337020015716558 0
decision_type=2 2 2 2 2 2 2 2 2 2 2 2 2 2 2 2 2 2 2 2 2 2 2 2 2 2 2 2 2 9
left_child=2 3 6 8 9 14 18 12 26 22 -8 16 20 23 -4 -6 29 -10 -1 -12 -5 -19 27 24 -9 -26 -2 -3 -16 -7
right_child=1 4 5 7 15 11 10 13 17 -11 19 -13 -14 -15 28 -17 -18 21 -20 -21 -22 -23 -24 -25 25 -27 -28 -29 -30 -31
leaf_value=-0.06091453354036068 0.012767213092348207 0.19149552614792534 -0.02858775265219958 0.049039062347854476 0.20800800638397535 -0.014446024973848608 -0.042015850116604046 0.12194965018600715 0.026998843431690105 0.086071344011209222 -0.032944547830739503 0.010752369938718918 0.0089934275593412556 0.14880768246120876 -0.017993857370881737 0.24647885910669962 0.0071581079662389998 0.035128786861437646 -0.050315388948483745 -0.017657322510205905 0.061275391213550461 0.059805995882002277 0.17851282580332323 0.072361726186464762 0.090061994201534393 0.032581949057904153 0.027387536002938213 0.14151557192944061 -0.01060804742418482 -0.0022776906502750076
leaf_weight=1273 1473 23 589 926 180 486 2300 61 1881 44 1829 1181 57 27 2211 90 685 548 1724 417 1169 134 88 296 273 22 327 202 1561 1032
leaf_count=1273 1473 23 589 926 180 486 2300 61 1881 44 1829 1181 57 27 2211 90 685 548 1724 417 1169 134 88 296 273 22 327 202 1561 1032
internal_value=-2.47509e-07 0.0503332 -0.0257497 0.039136 0.178806 -0.00840781 -0.043556 0.0620746 0.0242519 0.147022 -0.0361318 0.00238276 0.0546253 0.0856841 -0.016781 0.220832 -0.00210408 0.0304524 -0.0548175 -0.0301063 0.0558669 0.0399774 0.15559 0.0830701 0.0919738 0.0857753 0.0154232 0.146625 -0.0149373 -0.00628365
internal_weight=23109 7821 15288 7194 627 7745 7543 2831 4363 357 4546 3384 2152 679 4361 270 2203 2563 2997 2246 2095 682 313 652 356 295 1800 225 3772 1518
internal_count=23109 7821 15288 7194 627 7745 7543 2831 4363 357 4546 3384 2152 679 4361 270 2203 2563 2997 2246 2095 682 313 652 356 295 1800 225 3772 1518
cat_boundaries=0 1
cat_threshold=609
is_linear=0
shrinkage=0.03


Tree=7
num_leaves=31
num_cat=0
split_feature=49 9 9 48 18 49 48 9 9 36 49 6 9 46 44 6 49 6 2 30 55 9 55 3 6 36 6 6 6 6
split_gain=31312 11762 4935.21 2649.33 876.817 731.453 662.855 509.802 221.964 212.811 147.302 139.973 132.903 118.351 109.825 104.258 99.2418 91.7844 103.325 91.6105 89.2033 86.3882 85.8053 91.8918 70.0925 67.1195 64.6783 81.668 110.035 64.3202
threshold=24.444704341888428 29.621734619140629 22.749819755554203 25.796032333374026 32.392505644501959 23.63495311737061 21.934778785705571 27.365486145019535 24.873394012451175 26.209818840026859 22.347822093916751 8.5000000000000018 24.161545753479007 31.637410163879398 23.695488929748539 10.500000000000002 22.731744289266118 10.500000000000002 0.9565760000000002 33.778514862060554 0.58182731748096395 21.442242624477544 0.7364735609423273 2.8888675000000004 14.500000000000002 27.340689659118656 9.5000000000000018 12.500000000000002 14.500000000000002 10.500000000000002
decision_type=2 2 2 2 2 2 2 2 2 2 2 2 2 2 2 2 2 2 2 2 2 2 2 2 2 2 2 2 2 2
left_child=2 3 6 8 9 16 21 15 26 -3 -8 -11 20 14 -9 -5 -4 18 -16 -6 -7 -1 -17 24 25 -24 -2 -28 -29 -10
right_child=1 4 5 7 19 12 10 13 29 11 -12 -13 -14 -15 17 22 -18 -19 -20 -21 -22 -23 23 -25 -26 -27 27 28 -30 -31
leaf_value=-0.0594560553258663 0.027577217075544388 0.066298905909061429 -0.027730119537007922 0.059177586519973402 0.20203001871537626 -0.0060984464163808339 -0.04079588567252268 0.011032471060752868 0.034308223488922665 0.21952159881591796 -0.030013730120380704 0.14427530036207106 0.010429798949246272 0.14434345192379419 0.13896761941909788 0.037713212892553714 -0.014489203193985277 0.071025265150620964 0.087351683013576223 0.23916900285085041 0.006943364420120543 -0.04904084887108133 0.076001371798541287 0.012285493580358369 0.041627125108633062 0.047427741571196488 0.0058390244436881096 0.029831414578124396 0.0052128227656850447 0.024549664400496139
leaf_weight=1212 299 30 589 1191 178 1518 2155 20 1059 24 2422 305 1181 27 40 530 3772 316 274 90 685 1754 218 42 151 112 808 407 273 1427
leaf_count=1212 299 30 589 1191 178 1518 2155 20 1059 24 2422 305 1181 27 40 530 3772 316 274 90 685 1754 218 42 151 112 808 407 273 1427
internal_value=-4.57411e-07 0.0488232 -0.0249775 0.0379619 0.173442 -0.00815622 -0.0422493 0.0599813 0.0229096 0.14279 -0.0350903 0.149764 0.0023098 0.0827991 0.0802426 0.0530973 -0.0162775 0.0824398 0.093927 0.214502 -0.00204323 -0.0532968 0.0462202 0.0548411 0.058557 0.0663037 0.014845 0.0122866 0.0199478 0.0287067
internal_weight=23109 7821 15288 7194 627 7745 7543 2921 4273 359 4577 329 3384 677 650 2244 4361 630 314 268 2203 2966 1053 523 481 330 1787 1488 680 2486
internal_count=23109 7821 15288 7194 627 7745 7543 2921 4273 359 4577 329 3384 677 650 2244 4361 630 314 268 2203 2966 1053 523 481 330 1787 1488 680 2486
is_linear=0
shrinkage=0.03


Tree=8
num_leaves=31
num_cat=0
split_feature=49 48 48 48 18 49 48 18 48 6 30 48 6 2 6 6 6 55 22 49 55 3 6 6 6 10 2 55 34 3
split_gain=29461.5 11052.7 4645.42 2461.67 844.978 690.332 590.434 435.198 183.95 173.462 173.082 137.559 129.348 229.335 112.468 108.937 103.363 94.8924 86.4481 85.4635 77.1395 108.769 72.8023 80.5269 89.3087 71.8806 71.3969 71.338 68.1888 68.4936
threshold=24.444704341888428 29.414824867200199 22.741444969628912 25.796032333374026 32.392505644501959 23.619786739278325 21.873002815246583 27.204222679138187 24.896568107744148 10.500000000000002 23.985614776611332 22.290344619750979 10.500000000000002 0.9565760000000002 9.5000000000000018 8.5000000000000018 10.500000000000002 0.58182731748096395 33.570461273193366 23.320354461669925 0.7364735609423273 2.8888675000000004 10.500000000000002 11.500000000000002 14.500000000000002 5.5000000000000009 8.9239605000000015 1.7478293827133646 22.05465126037598 2.8888675000000004
decision_type=2 2 2 2 2 2 2 2 2 2 2 2 2 2 2 2 2 2 2 2 2 2 2 2 2 2 2 2 2 2
left_child=2 3 6 8 9 19 -1 16 -2 15 -9 -8 13 -12 -7 -3 -5 -16 -6 -4 -18 27 -10 -24 26 28 -25 -22 -19 -30
right_child=1 4 5 7 18 14 11 10 22 -11 12 -13 -14 -15 17 -17 20 25 -20 -21 21 -23 23 24 -26 -27 -28 -29 29 -31
leaf_value=-0.05273645695292558 0.014582280995211349 0.21293595314025879 -0.019483908963656149 0.057217975543141279 0.19595146681485551 0.015115845097205455 -0.040141042658990107 -0.0020393727719783782 0.033414805549151619 0.10797362250796819 0.14520834797718485 -0.029911096168483985 0.066900906197511212 0.081891038017516779 -0.0043715728609846575 0.14565468897690645 0.03600734517827648 -0.049651543289422985 0.23202886120478311 -0.010808146892631732 0.054022754622881648 0.0033788515612281655 0.01370964097149586 0.03218374828076604 0.016892048833853639 0.046696192186612348 0.069564033556357027 0.10723354370333255 0.01311302269042445 -0.0027459389723534151
leaf_weight=2639 1684 24 2742 1141 178 477 2366 24 1049 118 61 2366 363 330 2010 222 520 20 90 1629 411 37 531 573 391 39 50 24 570 430
leaf_count=2639 1684 24 2742 1141 178 477 2366 24 1049 118 61 2366 363 330 2010 222 520 20 90 1629 411 37 531 573 391 39 50 24 570 430
internal_value=-4.43615e-07 0.0473585 -0.0242282 0.0367843 0.16764 -0.00827159 -0.0413668 0.0580657 0.0223031 0.137876 0.0772723 -0.0350261 0.0797968 0.0917692 0.00156379 0.152219 0.0510602 -0.000542545 0.208067 -0.0162506 0.0439776 0.0527584 0.0273154 0.0231742 0.0281305 0.00672501 0.0351838 0.0569585 0.0051967 0.00629367
internal_weight=23109 7821 15288 7189 632 7917 7371 2911 4278 364 778 4732 754 391 3546 246 2133 3069 268 4371 992 472 2594 1545 1014 1059 623 435 1020 1000
internal_count=23109 7821 15288 7189 632 7917 7371 2911 4278 364 778 4732 754 391 3546 246 2133 3069 268 4371 992 472 2594 1545 1014 1059 623 435 1020 1000
is_linear=0
shrinkage=0.03


Tree=9
num_leaves=31
num_cat=3
split_feature=48 48 9 48 9 49 9 9 9 49 9 45 9 47 47 49 55 48 55 48 3 9 9 53 58 4 0 3 0 0
split_gain=27730.4 10082.3 4824.36 2072.52 819.511 791.151 590.482 446.856 162.824 146.831 140.701 140.652 139.624 103.624 103.729 93.6606 85.0836 83.2208 81.0716 80.1014 100.558 76.6913 63.4113 61.475 56.5176 56.3378 53.688 49.0035 46.1817 46.0081
threshold=24.561813163757328 29.414824867200199 22.749819755554203 25.796032333374026 31.742348672990726 23.652007579968267 21.904261589050297 27.19506931304932 24.873394012451175 22.362204170227056 33.480255128500978 23.507753372192386 24.212922096252445 31.727432253007816 24.921773910522464 23.303642845240482 0.58182731748096395 21.734614372534669 0.61859345340279914 26.280783653259281 3.7002795000000006 29.621734619140629 25.668535232543949 0.353476170471483 21.500000000000004 8.9239605000000015 0 0.27658100000000008 1 2
decision_type=2 2 2 2 2 2 2 2 2 2 2 2 2 2 2 2 2 2 2 2 2 2 2 2 2 2 9 2 9 9
left_child=2 3 6 8 21 15 17 19 29 -8 23 -9 16 14 27 -4 26 -1 -11 -5 -21 -3 -10 -6 -18 -24 -7 -13 -14 -2
right_child=1 4 5 7 10 12 9 11 22 18 -12 13 28 -15 -16 -17 24 -19 -20 20 -22 -23 25 -25 -26 -27 -28 -29 -30 -31
leaf_value=-0.053953147476980066 -0.00021957333794760301 0.091374941417631111 -0.018718425776318163 0.042961795757731118 0.18594239946287502 -0.012717279450365288 -0.03830559812610685 -0.00033067068351166586 0.024702835495608536 -0.030299502585274085 0.22511431773503621 0.13960149718821047 0.021879625882012126 0.14576179361343383 0.072607868526813002 -0.009854741586088506 0.0054600200283404805 -0.043594217878674998 -0.015824134457205329 0.055915343432299702 -0.0026458214720090226 0.13152243376580056 0.03132421851347033 0.13245903304644993 0.042922739517924031 0.054555281175584606 -0.00093089923212149488 0.09010224052270252 0.008169406798830714 0.016519486370082433
leaf_weight=1892 178 53 2639 962 245 500 2300 21 1878 1813 90 30 294 20 639 1808 784 1106 431 1168 27 223 461 21 38 118 1115 45 1023 1187
leaf_count=1892 178 53 2639 962 245 500 2300 21 1878 1813 90 30 294 20 639 1808 784 1106 431 1168 27 223 461 21 38 118 1115 45 1023 1187
internal_value=-4.30091e-07 0.0480433 -0.0224796 0.0372909 0.162611 -0.00655362 -0.0397972 0.0563579 0.0227636 -0.0329789 0.19269 0.0762217 0.00358792 0.0784119 0.0765253 -0.0151148 -0.000665307 -0.0501316 -0.0275193 0.0494052 0.0545922 0.123813 0.0273789 0.18172 0.00719187 0.0360587 -0.00466444 0.109902 0.0114582 0.0144561
internal_weight=23109 7366 15743 6734 632 8201 7542 2912 3822 4544 356 755 3754 734 714 4447 2437 2998 2244 2157 1195 276 2457 266 822 579 1615 75 1317 1365
internal_count=23109 7366 15743 6734 632 8201 7542 2912 3822 4544 356 755 3754 734 714 4447 2437 2998 2244 2157 1195 276 2457 266 822 579 1615 75 1317 1365
cat_boundaries=0 1 2 3
cat_threshold=609 2192 544
is_linear=0
shrinkage=0.03


Tree=10
num_leaves=31
num_cat=1
split_feature=48 48 9 48 9 48 9 9 48 9 44 6 48 6 3 6 6 0 6 6 6 6 55 48 55 21 3 51 53 47
split_gain=26091.8 9486.29 4539.41 1949.88 773.728 679.235 555.585 420.447 161.796 153.576 153.492 152.568 134.199 119.851 210.064 93.7369 85.9607 126.696 99.7506 95.3711 85.9399 85.1617 80.5268 78.3024 76.5391 73.1418 72.4358 69.3425 65.0118 64.3759
threshold=24.561813163757328 29.414824867200199 22.749819755554203 25.796032333374026 32.369287493173836 23.553261184459476 21.904261589050297 27.19506931304932 24.054725074768069 25.424801830000003 23.524121284882813 10.500000000000002 22.360145187707523 10.500000000000002 0.19302850000000002 8.5000000000000018 10.500000000000002 0 12.500000000000002 14.500000000000002 9.5000000000000018 10.500000000000002 0.6397725324187834 21.734614372534669 0.63435234910031024 33.55049133300782 2.8888675000000004 23.359149932892581 2.0686106114793446 24.426015853881839
decision_type=2 2 2 2 2 2 2 2 2 2 2 2 2 2 2 2 2 9 2 2 2 2 2 2 2 2 2 2 2 2
left_child=2 3 6 9 11 27 23 21 -7 16 -9 15 -8 14 -12 -3 17 -2 -18 -20 -10 -5 -14 -1 -23 -6 28 -4 -26 -15
right_child=1 4 5 7 25 8 12 10 20 -11 13 -13 22 29 -16 -17 18 -19 19 -21 -22 24 -24 -25 26 -27 -28 -29 -30 -31
leaf_value=-0.052334552776018235 0.010675020081731658 0.20179322004318237 -0.018210483895181179 0.053532322686176963 0.18527334365282164 -0.0035138507591043928 -0.037059564964401284 -0.0041434635780751702 0.022396091608658294 0.031865833834602245 0.13822072067568378 0.10120722716137515 -0.029337871131801155 0.10856005121882145 0.078064568340553933 0.13689859228341708 0.0054548061925305431 0.032698783915393846 0.027545174339719324 0.0082577024942241933 0.0055081123604750594 0.032158943387644752 -0.014225577916877038 -0.042286391372499385 0.049514877691087644 0.21845822223027547 0.010870793534974967 -0.0099732889357595327 0.10004331420175731 0.059432644351540255
leaf_weight=1892 405 22 2546 1144 178 2227 2310 22 324 1048 62 118 1851 26 332 224 698 688 613 370 1664 439 383 1106 508 90 42 1440 24 313
leaf_count=1892 405 22 2546 1144 178 2227 2310 22 324 1048 62 118 1851 26 332 224 698 688 613 370 1664 439 383 1106 508 90 42 1440 24 313
internal_value=7.44085e-09 0.0466027 -0.0218049 0.0361729 0.157733 -0.00635641 -0.0386033 0.0546672 0.0020395 0.022082 0.073935 0.129251 -0.0319895 0.0762784 0.0875308 0.142702 0.0183857 0.0249349 0.0141273 0.0202854 0.00826048 0.047923 -0.026747 -0.0486277 0.0415883 0.196418 0.0487999 -0.0152347 0.0517944 0.0632005
internal_weight=23109 7366 15743 6734 632 8201 7542 2912 4215 3822 755 364 4544 733 394 246 2774 1093 1681 983 1988 2157 2234 2998 1013 268 574 3986 532 339
internal_count=23109 7366 15743 6734 632 8201 7542 2912 4215 3822 755 364 4544 733 394 246 2774 1093 1681 983 1988 2157 2234 2998 1013 268 574 3986 532 339
cat_boundaries=0 1
cat_threshold=680
is_linear=0
shrinkage=0.03


Tree=11
num_leaves=31
num_cat=0
split_feature=49 49 48 48 18 49 48 18 48 30 18 49 55 58 48 3 49 51 19 18 18 19 19 55 18 17 30 44 3 54
split_gain=24575.9 9206.52 3878.73 2041.99 707.315 555.422 509.172 370.158 158.34 149.265 138.804 102.283 92.2668 113.844 82.905 90.3949 77.9162 77.4207 84.5142 72.2975 72.0087 66.0818 65.4468 52.8063 52.5582 49.2308 51.443 48.3532 47.27 74.1647
threshold=24.444704341888428 29.458676719665529 22.76016292572022 25.796032333374026 32.392505644501959 23.652007579968267 21.934778785705571 27.204222679138187 25.106233596801761 23.985614776611332 30.79593658447266 22.295899867964604 0.44198153738093132 20.500000000000004 26.280783653259281 3.7002795000000006 23.337020015716558 24.35340509410555 24.302554130554203 33.501327514648445 21.39172458648682 23.778525352478031 28.883968353271488 0.58182731748096395 23.835303308383789 -0.83798399999999984 28.691998483554691 30.76584625244141 2.8888675000000004 0.09955974366383985
decision_type=2 2 2 2 2 2 2 2 2 2 2 2 2 2 2 2 2 2 2 2 2 2 2 2 2 2 2 2 2 2
left_child=2 3 6 8 10 16 20 14 28 -9 -3 -8 -7 24 -5 -16 -4 18 21 -6 -1 -15 27 -13 -14 26 -24 -11 29 -2
right_child=1 4 5 7 19 12 11 9 -10 22 -12 23 13 17 15 -17 -18 -19 -20 -21 -22 -23 25 -25 -26 -27 -28 -29 -30 -31
leaf_value=-0.053432037860449755 0.075114058569073675 0.10864867311351152 -0.017451539805611999 0.040080218220996451 0.17894003005509965 -0.0035554618701513674 -0.036166294748807684 -0.0029529850929975506 0.026621172454788684 0.067091725695804988 0.14580995587365966 -0.029039084232102146 -0.0020065856942672439 0.034638498164713379 0.053146119500916564 -0.006927766722181569 -0.0093086687792877446 -0.0051168467535171657 0.010693141040392219 0.21193281714121501 -0.043715390158771114 0.1009451570818501 0.13444891015396399 -0.017303437610759059 0.008755112737951173 0.06834943042695521 0.086809156852609967 0.10743826121091843 0.0080333882308295176 0.016993807897351571
leaf_weight=1062 20 196 2741 975 178 1545 2019 24 1984 591 168 2024 683 24 1135 23 1722 32 32 90 1941 31 34 416 1016 50 51 28 628 1646
leaf_count=1062 20 196 2741 975 178 1545 2019 24 1984 591 168 2024 683 24 1135 23 1722 32 32 90 1941 31 34 416 1016 50 51 28 628 1646
internal_value=5.7025e-07 0.0432549 -0.0221274 0.0336041 0.153032 -0.00737205 -0.0376025 0.0529867 0.020415 0.0707 0.1258 -0.0311714 0.00183484 0.00641571 0.0465259 0.0519529 -0.0143097 0.0347821 0.0494575 0.19002 -0.0471516 0.0720113 0.0730444 -0.0270383 0.0044289 0.0919704 0.105865 0.0689168 0.0150475 0.0176915
internal_weight=23109 7821 15288 7189 632 7826 7462 2911 4278 778 364 4459 3363 1818 2133 1158 4463 119 87 268 3003 55 754 2440 1699 135 85 619 2294 1666
internal_count=23109 7821 15288 7189 632 7826 7462 2911 4278 778 364 4459 3363 1818 2133 1158 4463 119 87 268 3003 55 754 2440 1699 135 85 619 2294 1666
is_linear=0
shrinkage=0.03


Tree=12
num_leaves=31
num_cat=0
split_feature=48 48 9 48 9 48 9 9 9 48 44 9 48 6 2 55 6 6 55 3 48 47 6 55 6 10 28 6 36 6
split_gain=23112.7 8557.09 3817.24 1849.14 688.07 558.45 478.845 378.337 161.081 147.744 144.664 119.288 111.278 110.833 173.634 89.1106 86.548 74.8454 70.5556 70.3406 69.2862 66.5576 64.4713 74.2006 85.0378 88.9895 63.0397 62.1096 62.228 59.7934
threshold=24.489644050598148 29.414824867200199 22.731623647324223 25.796032333374026 31.742348672990726 23.452309226583498 21.904261589050297 27.365486145019535 24.873394012451175 24.054725074768069 23.524121284882813 32.788452148437507 22.32393836975098 10.500000000000002 0.9565760000000002 0.6397725324187834 10.500000000000002 10.500000000000002 0.7364735609423273 2.8888675000000004 21.734614372534669 24.574164390563968 10.500000000000002 0.59923372016899512 13.500000000000002 3.5000000000000004 27.859342575073246 14.500000000000002 27.505786895751957 10.500000000000002
decision_type=2 2 2 2 2 2 2 2 2 2 2 2 2 2 2 2 2 2 2 2 2 2 2 2 2 2 2 2 2 2
left_child=2 3 6 8 17 -4 20 16 -2 -7 -9 -6 -8 14 26 -14 -5 -3 -18 27 -1 -15 -11 -24 -25 -26 -12 28 -20 -10
right_child=1 4 5 7 11 9 12 10 29 22 13 -13 15 21 -16 -17 18 -19 19 -21 -22 -23 23 24 25 -27 -28 -29 -30 -31
leaf_value=-0.04929621189409613 0.012669048026599466 0.12637016911684429 -0.015606905431869792 0.05105231885539227 0.15851831733170202 -0.0039682465874954428 -0.03522962278433691 -0.0082956549972295762 0.03026514962000508 0.016754679248017126 0.17323221887860979 0.19325051375607538 -0.028370125234113516 0.10203911792967589 0.075407410428083729 -0.012561652636796525 0.031532427231377023 0.094791865631685415 0.066256377471521424 0.0098633680785340915 -0.039844242980296152 0.055652287728409022 -0.0021170935869340322 0.0033666097980708564 0.019853035501293737 0.076582653865218162 0.10904427337646484 0.034287970595924346 0.037890627380087971 0.020903861046792441
leaf_weight=1892 1583 158 3546 1190 177 2756 2141 20 1069 467 21 179 1928 31 287 385 530 118 229 42 1106 273 766 307 146 30 40 149 100 1443
leaf_count=1892 1583 158 3546 1190 177 2756 2141 20 1069 467 21 179 1928 31 287 385 530 118 229 42 1106 273 766 307 146 30 40 149 100 1443
internal_value=5.53055e-07 0.0426961 -0.0210823 0.0331603 0.14842 -0.00671567 -0.0365401 0.0514359 0.0201643 0.000334487 0.0711785 0.175982 -0.030301 0.0736164 0.0851769 -0.0257388 0.0455131 0.112869 0.0392354 0.0470864 -0.0458093 0.0603825 0.00724494 0.00368925 0.0128977 0.0295229 0.131142 0.0503571 0.0576346 0.0248876
internal_weight=23109 7639 15470 7007 632 8018 7452 2912 4095 4472 672 356 4454 652 348 2313 2240 276 1050 520 2998 304 1716 1249 483 176 61 478 329 2512
internal_count=23109 7639 15470 7007 632 8018 7452 2912 4095 4472 672 356 4454 652 348 2313 2240 276 1050 520 2998 304 1716 1249 483 176 61 478 329 2512
is_linear=0
shrinkage=0.03


Tree=13
num_leaves=31
num_cat=0
split_feature=49 9 9 48 9 49 18 9 9 36 9 44 6 3 49 6 6 55 6 6 47 55 26 9 35 3 54 55 3 6
split_gain=21767.2 8212.43 3451.97 1824.5 608.12 523.672 451.387 376.754 142.416 136.642 136.213 113.882 108.688 152.285 108.302 100.973 83.2994 71.6127 71.5321 86.0476 80.9014 67.4848 66.3498 63.7377 61.7991 60.8542 61.5592 60.7933 60.2253 58.1161
threshold=24.444704341888428 29.621734619140629 22.731623647324223 25.707640075947758 32.369287493173836 23.537734412975102 21.904134752155766 27.19506931304932 24.821648597717289 26.209818840026859 24.051055908203129 23.562796592712406 10.500000000000002 0.19302850000000002 22.347822093916751 8.5000000000000018 10.500000000000002 0.63435234910031024 10.500000000000002 11.500000000000002 21.935441017150882 0.62369054870627816 33.662851333618171 21.442242624477544 23.977467537167971 2.8888675000000004 1.8952896858829007 0.59273865111597024 0.27658100000000008 10.500000000000002
decision_type=2 2 2 2 2 2 2 2 2 2 2 2 2 2 2 2 2 2 2 2 2 2 2 2 2 2 2 2 2 2
left_child=2 3 6 8 9 18 23 16 -2 -3 27 -9 13 -13 -8 -11 24 28 -4 -20 -21 -16 -6 -1 -5 26 -19 -7 -18 -12
right_child=1 4 5 7 22 10 14 11 -10 15 29 12 -14 -15 21 -17 17 25 19 20 -22 -23 -24 -25 -26 -27 -28 -29 -30 -31
leaf_value=-0.049785739919058873 0.011638312102222522 0.056725644352364123 -0.0071088246133837003 -0.0038292569518089295 0.16829577396064996 -0.0067326238740996348 -0.03416048442537091 -0.0016675860966954912 0.023057927807843895 0.18674109545621004 0.016829719088255053 0.12168331536379728 0.057249363937503628 0.071660835411231846 -0.02737483274467779 0.12020034575287034 0.03956743043605928 0.044780840276381115 -0.029594386317134264 -0.035255058787808546 -0.013496171055941732 -0.014244622665042499 0.19984330606460571 -0.040840030418942561 0.049347575797054545 0.010788105347841654 0.098358197562396513 0.0038796317706941319 0.018889052135553561 0.004031876376593805
leaf_weight=1228 1640 29 874 20 180 1689 2231 21 2453 22 451 66 358 322 1835 306 243 552 412 164 2470 436 90 1722 1188 46 20 682 265 1094
leaf_count=1228 1640 29 874 20 180 1689 2231 21 2453 22 451 66 358 322 1835 306 243 552 412 164 2470 436 90 1722 1188 46 20 682 265 1094
internal_value=5.36406e-07 0.0407082 -0.0208246 0.0316327 0.144839 -0.00692289 -0.0354427 0.0489898 0.0184823 0.119145 0.000836461 0.067231 0.0691705 0.0801698 -0.0294659 0.124663 0.0429954 0.0371252 -0.0146743 -0.0168451 -0.0148509 -0.024854 0.178812 -0.0445639 0.0484672 0.0439845 0.0466542 -0.00368009 0.0287805 0.00776769
internal_weight=23109 7821 15288 7194 627 7836 7452 3101 4093 357 3916 767 746 388 4502 328 2334 1126 3920 3046 2634 2271 270 2950 1208 618 572 2371 508 1545
internal_count=23109 7821 15288 7194 627 7836 7452 3101 4093 357 3916 767 746 388 4502 328 2334 1126 3920 3046 2634 2271 270 2950 1208 618 572 2371 508 1545
is_linear=0
shrinkage=0.03


Tree=14
num_leaves=31
num_cat=1
split_feature=49 9 9 48 49 9 9 9 9 36 9 48 3 49 54 3 33 22 9 9 29 47 54 0 58 45 51 51 9 54
split_gain=20484 7493.63 3570.76 1536.37 584.535 572.18 440.945 274.88 238.253 128.566 128.252 106.933 78.4478 77.9579 76.8959 76.4842 70.8857 62.6786 60.2005 58.333 52.9851 51.7185 48.8454 77.7303 63.8832 53.3811 48.7051 45.2898 43.5819 45.1187
threshold=24.561724757859867 29.621734619140629 22.749819755554203 26.13675346396094 23.652007579968267 32.369287493173836 22.064189909724124 25.492396354675297 27.530233383178714 26.209818840026859 23.957433700561527 21.734614372534669 2.8888675000000004 22.731744289266118 0.62820365140178702 0.27658100000000008 26.774935722351078 33.570461273193366 30.76584625244141 24.846123695373539 23.103518490000003 31.727432253007816 0.31559869851232342 0 21.500000000000004 25.00915146115479 22.269414075236494 24.301092338562011 23.532707214355472 0.49079329488267781
decision_type=2 2 2 2 2 2 2 2 2 2 2 2 2 2 2 2 2 2 2 2 2 2 2 9 2 2 2 2 2 2
left_child=2 3 6 7 13 9 11 19 12 -3 -6 -1 -5 -4 26 16 -10 -7 -11 20 -2 -18 -12 25 -25 27 -8 -24 -22 -30
right_child=1 5 4 8 10 17 14 -9 15 18 22 -13 -14 -15 -16 -17 21 -19 -20 -21 28 -23 23 24 -26 -27 -28 -29 29 -31
leaf_value=-0.046355480425222265 0.058504416721195662 0.055023874771492232 -0.023131018450175855 0.047908717992475293 -0.0030980022049989769 0.16322648929711431 -0.033339828573152583 0.032510403064936001 0.11943643640945939 0.10742812069562764 0.0019902328286580482 -0.036312463687359006 0.0097376443197950708 -0.01141381944819077 -0.013735874955939869 0.056262539026042641 0.070220873198634362 0.19388883431752521 0.13316357307655866 0.02068588899845249 -0.010349468076238771 0.1170120300417361 0.030036220615128832 0.0075949327609856109 0.055152130568256748 -0.0027471393692277131 -0.025709727779648129 0.069666192245980113 0.0079912874412289107 0.019351563928615145
leaf_weight=1926 22 29 589 1570 1663 180 1137 1517 34 156 757 1891 50 3861 362 242 281 90 172 1640 77 23 93 1142 26 31 2229 36 730 553
leaf_count=1926 22 29 589 1570 1663 180 1137 1517 34 156 757 1891 50 3861 362 242 281 90 172 1640 77 23 93 1142 26 31 2229 36 730 553
internal_value=5.20374e-07 0.0412926 -0.0193196 0.0320629 -0.00561292 0.140493 -0.0342126 0.0220904 0.0526379 0.11557 0.00311585 -0.04138 0.0467306 -0.0129647 -0.0268741 0.0691374 0.0783556 0.173447 0.120924 0.0168597 0.0123193 0.073761 0.00807202 0.0115388 0.00858011 0.0306835 -0.0282871 0.0410957 0.0115722 0.0128878
internal_weight=23109 7366 15743 6739 8198 627 7545 4539 2200 357 3748 3817 1620 4450 3728 580 338 270 328 3022 1382 304 2085 1328 1168 160 3366 129 1360 1283
internal_count=23109 7366 15743 6739 8198 627 7545 4539 2200 357 3748 3817 1620 4450 3728 580 338 270 328 3022 1382 304 2085 1328 1168 160 3366 129 1360 1283
cat_boundaries=0 1
cat_threshold=2064
is_linear=0
shrinkage=0.03


Tree=15
num_leaves=31
num_cat=0
split_feature=49 9 48 48 9 49 9 9 9 2 9 44 48 46 9 9 51 45 9 58 47 3 55 48 9 9 33 3 54 55
split_gain=19276.3 7269.54 3055.3 1621.92 538.364 435.093 405.978 334.059 124.858 121.801 111.503 106.287 96.6544 80.4148 77.1701 75.9967 63.7734 63.6142 59.4326 55.6802 76.7043 50.0132 47.6985 46.6724 51.7833 45.6899 49.6375 44.8181 49.1433 43.0666
threshold=24.444704341888428 29.621734619140629 22.76016292572022 25.707640075947758 32.369287493173836 23.619786739278325 22.064189909724124 27.19506931304932 24.821648597717289 0.9565760000000002 24.051055908203129 23.562796592712406 21.734614372534669 31.637410163879398 26.449912073642583 23.159254074096683 22.288247108459476 25.300135612487797 33.480255128500978 20.500000000000004 23.109381675720218 0.27658100000000008 0.58182731748096395 26.774087142944342 24.653843879699711 30.76584625244141 28.737177848815922 2.8888675000000004 0.1041184192848177 0.58182731748096395
decision_type=2 2 2 2 2 2 2 2 2 2 2 2 2 2 2 2 2 2 2 2 2 2 2 2 2 2 2 2 2 2
left_child=2 3 6 8 9 15 12 14 -2 25 29 -9 -1 17 23 -4 -8 21 -6 -12 -21 -13 -18 24 -5 26 -3 28 -10 -7
right_child=1 4 5 7 18 10 16 11 27 -11 19 13 -14 -15 -16 -17 22 -19 -20 20 -22 -23 -24 -25 -26 -27 -28 -29 -30 -31
leaf_value=-0.044964815920546672 0.010962486449712653 0.15021723926067351 -0.017330920520581862 0.005435053119983743 0.15829125160972277 -0.0063765167146032434 -0.0314155675102206 -0.0032504399759428842 0.068563689813017845 0.065366587205366658 0.0060286544198157573 0.1238393074274063 -0.035346113941705719 0.11506223636014119 0.04848839586909845 -0.0093010423229065824 -0.025152881877324902 0.059837936715425651 0.18814905405044555 0.077706763219574232 0.01396093949686306 0.073368365117418219 -0.013547349613981218 0.052814946039328098 0.036212578219765132 0.12932174697518348 0.09931461487770081 0.0082976681551477621 0.022454928848225874 0.0028735026569240789
leaf_weight=1926 1640 20 1939 51 180 1361 1368 21 21 44 1417 24 1837 28 741 2342 1950 627 90 23 65 67 381 148 1394 168 125 207 2225 679
leaf_count=1926 1640 20 1939 51 180 1361 1368 21 21 44 1417 24 1837 28 741 2342 1950 627 90 23 65 67 381 148 1394 168 125 207 2225 679
internal_value=5.04696e-07 0.0383082 -0.0195969 0.0297695 0.136279 -0.00650111 -0.0333314 0.0461347 0.0173707 0.112103 0.00127221 0.0633112 -0.0402692 0.0651849 0.0404902 -0.012938 -0.0262736 0.0632398 0.168244 0.00746666 0.0306218 0.0866794 -0.023256 0.0367697 0.0351263 0.118673 0.106336 0.021655 0.022886 -0.00329771
internal_weight=23109 7821 15288 7194 627 7826 7462 3101 4093 357 3545 767 3763 746 2334 4281 3699 718 270 1505 88 91 2331 1593 1445 313 145 2453 2246 2040
internal_count=23109 7821 15288 7194 627 7826 7462 3101 4093 357 3545 767 3763 746 2334 4281 3699 718 270 1505 88 91 2331 1593 1445 313 145 2453 2246 2040
is_linear=0
shrinkage=0.03


Tree=16
num_leaves=31
num_cat=0
split_feature=48 9 9 48 9 50 9 18 9 52 44 39 49 6 6 2 55 6 6 47 9 6 6 55 33 53 58 9 3 55
split_gain=18141 6801.19 2885.22 1535.72 523.63 444.289 378.921 315.748 117.438 114.978 99.5517 98.8514 92.2606 92.0958 90.597 133.007 90.5291 90.5066 81.196 95.0843 70.9933 68.9125 60.9872 60.2592 60.0714 59.6485 60.5386 58.8413 56.6637 56.8308
threshold=24.441848755073249 29.621734619140629 22.731623647324223 25.707640075947758 31.742348672990726 23.625081730013189 21.904261589050297 27.204222679138187 24.846123695373539 0.77050606391314336 23.621194839477543 33.08630561828614 22.362204170227056 10.500000000000002 10.500000000000002 0.9565760000000002 0.39105639942511677 10.500000000000002 11.500000000000002 21.956358909606937 23.77419471740723 15.500000000000002 10.500000000000002 0.6397725324187834 33.006521224975593 0.61173646833172735 20.500000000000004 21.39172458648682 2.8888675000000004 0.15411122827015766
decision_type=2 2 2 2 2 2 2 2 2 2 2 2 2 2 2 2 2 2 2 2 2 2 2 2 2 2 2 2 2 2
left_child=2 3 6 8 9 13 27 17 -2 -3 -9 24 -8 -4 15 -12 -7 -5 -15 -20 -18 -21 28 -14 -6 -19 -27 -1 29 -10
right_child=1 4 5 7 11 16 12 10 22 -11 14 -13 23 18 -16 -17 20 25 19 21 -22 -23 -24 -25 -26 26 -28 -29 -30 -31
leaf_value=-0.046177475236383575 0.010663528127080919 0.10755613462975684 -0.0048842536400305102 0.044822310486375715 0.14608423417806624 -0.0045181605751140582 -0.03101497791708328 0.0043226131714052618 0.07490712925326079 0.048531685679712715 0.11221378590510442 0.1715853033338274 -0.024764428594256805 -0.028116620854138758 0.052514898846893726 0.065274692975896276 -0.0012375308781958315 0.02767600994725564 -0.034345752088504058 -0.010336672537528114 0.0097489940985606201 -0.025151209696326577 0.016891500842831489 -0.011864910194906405 0.091030860275030129 0.03726757207709188 0.070004343051463358 -0.037441919876617102 0.0094392375141382212 0.028108814750137646
leaf_weight=1091 1661 235 1000 1201 165 1383 2294 27 24 34 65 175 1760 391 383 331 892 704 185 2362 1302 321 1385 400 20 333 60 1907 150 868
leaf_count=1091 1661 235 1000 1201 165 1383 2294 27 24 34 65 175 1760 391 383 331 892 704 185 2362 1302 321 1385 400 20 333 60 1907 150 868
internal_value=4.89456e-07 0.0371631 -0.0190111 0.0288897 0.131761 -0.00630167 -0.0323753 0.0447988 0.0168099 0.100096 0.060955 0.155422 -0.0268253 -0.0128482 0.0629179 0.0729793 0.00149307 0.0391322 -0.0152919 -0.0135435 0.00528228 -0.0121091 0.0210164 -0.0223756 0.140133 0.0329027 0.0422656 -0.0406209 0.0264991 0.029368
internal_weight=23109 7821 15288 7192 629 7836 7452 3104 4088 269 806 360 4454 4259 779 396 3577 2298 3259 2868 2194 2683 2427 2160 185 1097 393 2998 1042 892
internal_count=23109 7821 15288 7192 629 7836 7452 3104 4088 269 806 360 4454 4259 779 396 3577 2298 3259 2868 2194 2683 2427 2160 185 1097 393 2998 1042 892
is_linear=0
shrinkage=0.03


Tree=17
num_leaves=31
num_cat=0
split_feature=49 9 9 48 49 9 18 9 9 9 52 6 49 6 6 3 6 3 3 49 33 6 51 6 55 53 6 3 2 6
split_gain=17076.6 6240.53 2982.5 1289.51 486.978 479.596 368.868 233.654 201.865 110.046 108.705 89.0243 88.7366 86.222 109.969 100.845 73.5401 73.2694 68.159 67.9092 64.0017 63.7299 59.5321 58.295 175.124 123.602 88.9487 75.0798 69.4965 55.2935
threshold=24.561724757859867 29.621734619140629 22.749819755554203 26.13675346396094 23.652007579968267 32.369287493173836 21.904134752155766 25.492396354675297 27.530233383178714 23.957433700561527 0.77050606391314336 8.5000000000000018 22.362204170227056 10.500000000000002 11.500000000000002 2.8888675000000004 14.500000000000002 3.7002795000000006 0.27658100000000008 22.731744289266118 26.774935722351078 14.500000000000002 25.102746232343105 13.500000000000002 0.76187355391567302 1.1075554528553193 10.500000000000002 0.27658100000000008 6.5827470000000003 14.500000000000002
decision_type=2 2 2 2 2 2 2 2 2 2 2 2 2 2 2 2 2 2 2 2 2 2 2 2 2 2 2 2 2 2
left_child=2 3 6 7 19 10 -1 13 17 -6 11 -3 -8 15 -15 22 -16 29 20 -4 -10 23 -2 26 -25 -26 28 -28 -11 -5
right_child=1 5 4 8 9 -7 12 -9 18 21 -12 -13 -14 14 16 -17 -18 -19 -20 -21 -22 -23 -24 24 25 -27 27 -29 -30 -31
leaf_value=-0.039529409358410511 0.035870820054784418 0.16903939117084849 -0.021311633423991037 0.045485625954020413 -0.0029016406246927303 0.15839960875113807 -0.030078626527122374 0.029749969716599236 0.11105350676704856 0.028807690226128453 0.054387751392581882 0.1065246848965008 -0.021740499502243708 0.0020155060872133678 0.022938989357726744 0.0077559620045052329 0.0073412014724463879 -0.0063147089878718048 0.051162374028320273 -0.01037564550549133 0.067652584872190155 -0.004827400950903578 0.019746678928989552 0.01053278293061885 0.10348783863442285 0.019736594922583676 0.029478939804381557 -0.0031527787938166068 0.0082094674120180115 0.027612149188028914
leaf_weight=2950 390 22 589 1418 1663 270 2312 1517 34 219 34 301 2283 708 718 331 438 27 242 3861 304 322 437 280 35 29 70 679 451 175
leaf_count=2950 390 22 589 1418 1663 270 2312 1517 34 219 34 301 2283 708 718 331 438 27 242 3861 304 322 437 280 35 29 70 679 451 175
internal_value=4.74712e-07 0.037702 -0.0176397 0.0292793 -0.00511283 0.128229 -0.0312508 0.0201431 0.048129 0.0028543 0.105412 0.110783 -0.0259359 0.0153206 0.0113265 0.0217497 0.0170291 0.0426915 0.0633164 -0.0118231 0.0720184 0.00744524 0.0273506 0.00968676 0.0207663 0.0655381 0.00700081 -0.000103085 0.0149423 0.0435221
internal_weight=23109 7366 15743 6739 8198 627 7545 4539 2200 3748 357 323 4595 3022 1864 1158 1156 1620 580 4450 338 2085 827 1763 344 64 1419 749 670 1593
internal_count=23109 7366 15743 6739 8198 627 7545 4539 2200 3748 357 323 4595 3022 1864 1158 1156 1620 580 4450 338 2085 827 1763 344 64 1419 749 670 1593
is_linear=0
shrinkage=0.03


Tree=18
num_leaves=31
num_cat=0
split_feature=48 49 9 48 9 50 9 9 9 6 6 6 50 10 23 48 6 55 6 46 44 33 6 5 6 6 5 6 6 53
split_gain=16070.4 5844.46 2804 1205.45 481.744 467.07 349.576 222.603 197.618 94.8722 98.0704 150.355 113.969 143.773 88.8558 86.7739 81.8251 79.8783 74.8999 83.5601 72.082 71.6266 79.1073 128.804 67.9953 98.867 87.7725 83.5664 64.923 63.012
threshold=24.561813163757328 29.458676719665529 22.749819755554203 26.13675346396094 31.742348672990726 23.625081730013189 22.064189909724124 25.492396354675297 27.742073059082035 9.5000000000000018 12.500000000000002 14.500000000000002 24.226864052077399 3.5000000000000004 33.590097427368171 21.734614372534669 10.500000000000002 0.64558239855779798 11.500000000000002 21.972373962402347 23.749791145324711 23.763951301574711 10.500000000000002 0.22337950000000004 10.500000000000002 12.500000000000002 2.8888675000000004 14.500000000000002 10.500000000000002 0.59511094585410051
decision_type=2 2 2 2 2 2 2 2 2 2 2 2 2 2 2 2 2 2 2 2 2 2 2 2 2 2 2 2 2 2
left_child=2 3 6 7 -3 16 15 24 21 -7 28 12 -12 -14 -6 -1 -4 -8 -18 -20 -10 -5 23 -23 26 -26 -2 -27 -11 -24
right_child=1 4 5 8 14 9 17 -9 20 10 11 -13 13 -15 -16 -17 18 -19 19 -21 -22 22 29 -25 25 27 -28 -29 -30 -31
leaf_value=-0.041177118144475347 0.02571181760763103 0.094055500976417378 -0.0044789052246281946 -0.0040632219612598414 0.13814648456927528 0.014538892936639411 -0.025403020785526188 0.028884633127201551 0.0078070507831871517 0.0049564769974898516 0.0072918144203289537 -0.0041788744032291054 0.02169610742355936 0.086247397121781727 0.17263123226165772 -0.032130152761565826 -0.026878922585811881 -0.011910168710258066 -0.032027915951392469 -0.011270367136391259 0.06596980633904613 0.095393348550796495 0.026992634449323469 0.045886233837891907 0.002791369612327572 0.023577997375917068 0.0078421802982751639 0.0064192023196433115 -0.0077476541454486476 0.044477219105927099
leaf_weight=1926 838 276 993 30 266 501 3276 1537 20 499 683 760 226 36 90 1891 378 449 187 2619 466 50 385 875 743 667 351 414 1319 358
leaf_count=1926 838 276 993 30 266 501 3276 1537 20 499 683 760 226 36 90 1891 378 449 187 2619 466 50 385 875 743 667 351 414 1319 358
internal_value=4.60654e-07 0.0365744 -0.0171122 0.0283879 0.123802 -0.00497054 -0.0303147 0.019594 0.0467085 0.00232373 0.000586636 0.00575519 0.0137445 0.0305658 0.146865 -0.0366951 -0.0119976 -0.0237766 -0.0143425 -0.0126537 0.0635763 0.0418806 0.0427069 0.0485623 0.0148547 0.011216 0.0204366 0.0170065 -0.00426066 0.0354172
internal_weight=23109 7366 15743 6734 632 8201 7542 4550 2184 4024 3523 1705 945 262 356 3817 4177 3725 3184 2806 486 1698 1668 925 3013 1824 1189 1081 1818 743
internal_count=23109 7366 15743 6734 632 8201 7542 4550 2184 4024 3523 1705 945 262 356 3817 4177 3725 3184 2806 486 1698 1668 925 3013 1824 1189 1081 1818 743
is_linear=0
shrinkage=0.03


Tree=19
num_leaves=31
num_cat=0
split_feature=9 49 9 49 49 49 9 9 9 49 9 9 53 8 2 55 5 55 52 50 7 49 55 32 18 7 52 58 55 53
split_gain=15134.2 5120.53 3178.07 898.318 492.499 458.238 452.659 186.054 150.922 115.849 93.2329 75.4582 73.6469 72.9417 68.8511 62.9532 60.4345 75.4588 114.005 53.6561 51.4595 48.5428 53.4275 47.9491 47.5623 45.8248 45.4582 44.8177 44.8005 58.4322
threshold=24.821648597717289 29.458676719665529 23.007195472717289 26.152022266552738 22.266192913055423 23.841284370196536 32.369287493173836 27.742073059082035 25.668535232543949 21.745713043322272 30.76584625244141 24.212922096252445 1.5021439671109718 1.5000000000000002 8.9239605000000015 0.57835381484858173 0.27658100000000008 1.0063287945811139 0.88506421885587072 25.711882829614993 13.500000000000002 23.35220928192139 0.38038789525261213 22.52732086181641 33.501327514648445 21.500000000000004 1.400509900270275 21.500000000000004 0.62369054870627816 0.44680506274316462
decision_type=2 2 2 2 2 2 2 2 2 2 2 2 2 2 2 2 2 2 2 2 2 2 2 2 2 2 2 2 2 2
left_child=2 3 4 8 9 21 10 -5 23 25 -3 15 -13 28 19 -7 17 -9 -19 26 -18 -4 -23 -2 -8 -1 -10 -17 -6 -30
right_child=1 6 5 7 13 11 24 16 14 -11 -12 12 -14 -15 -16 27 20 18 -20 -21 -22 22 -24 -25 -26 -27 -28 -29 29 -31
leaf_value=-0.034127236271392941 -0.022226788642084491 0.08422773199815016 -0.012145703372521454 0.040868897899062409 -0.016888805441616386 -0.00263422863129448 0.14075759728303114 0.061376799760914556 0.022217975566261691 -0.030128146372445409 0.11471982164042337 0.0093385036041409106 0.053257571773869646 -0.022028941191711018 0.042365076659519975 0.0063886980463058272 0.023523132282802284 0.14460753577096122 0.068999838280677794 0.033376238379875821 0.058291607925353886 -0.0096792091844530425 -0.00012234509679556353 0.017261576403073683 0.16751777776082358 -0.043385346215265616 -0.0070747338038570475 0.036233108247397464 0.015498296085867162 -0.012613991678226738
leaf_weight=812 28 195 1827 1659 632 1181 178 201 475 2769 168 1888 35 3051 292 801 51 28 50 450 154 1200 938 2383 90 1181 53 48 103 188
leaf_count=812 28 195 1827 1659 632 1181 178 201 475 2769 168 1888 35 3051 292 801 51 28 50 450 154 1200 938 2383 90 1181 53 48 103 188
internal_value=4.46845e-07 0.0389966 -0.0151143 0.0302016 -0.0275908 -0.00134875 0.120172 0.0456434 0.0212118 -0.0340979 0.0983398 0.00587924 0.0101379 -0.0197934 0.0295815 0.00184508 0.0620089 0.0710958 0.0961411 0.0257647 0.0496419 -0.00855486 -0.00548635 0.016803 0.149744 -0.0396134 0.0192776 0.00807601 -0.0124039 -0.00266359
internal_weight=23109 6455 16654 5824 8736 7918 631 2143 3681 4762 363 3953 1923 3974 1270 2030 484 279 78 978 205 3965 2138 2411 268 1993 528 849 923 291
internal_count=23109 6455 16654 5824 8736 7918 631 2143 3681 4762 363 3953 1923 3974 1270 2030 484 279 78 978 205 3965 2138 2411 268 1993 528 849 923 291
is_linear=0
shrinkage=0.03


Tree=20
num_leaves=31
num_cat=2
split_feature=49 9 48 48 9 18 48 9 36 9 51 6 6 3 6 6 6 6 6 50 55 3 0 6 2 55 6 7 3 0
split_gain=14251.9 5214.09 2492.4 1070.45 411.127 400.073 306.292 236.185 106.277 95.5056 94.3261 94.2424 134.399 112.201 104.278 85.9343 85.3386 128.221 109.607 108.607 107.328 107.906 102.81 77.1612 116.306 70.2402 63.92 63.3569 116.378 60.4719
threshold=24.561724757859867 29.621734619140629 22.76016292572022 25.796032333374026 23.77419471740723 32.392505644501959 21.765634155603035 27.365486145019535 26.209818840026859 22.207475662231449 23.33676595685311 10.500000000000002 11.500000000000002 2.8888675000000004 14.500000000000002 8.5000000000000018 10.500000000000002 12.500000000000002 14.500000000000002 24.226864052077399 0.76187355391567302 2.3073580000000002 0 10.500000000000002 0.9565760000000002 1.9307641297384668 10.500000000000002 32.500000000000007 0.55585200000000012 1
decision_type=2 2 2 2 2 2 2 2 2 2 2 2 2 2 2 2 2 2 2 2 2 2 9 2 2 2 2 2 2 9
left_child=2 3 6 11 10 8 -1 26 -3 -8 -4 13 -13 -2 -14 -10 22 27 19 -19 -21 -22 -6 24 -9 -26 -5 -18 -29 -12
right_child=1 5 4 7 16 -7 9 23 15 -11 29 12 14 -15 -16 -17 17 18 -20 20 21 -23 -24 -25 25 -27 -28 28 -30 -31
leaf_value=-0.038424381269393452 0.026748907394422403 0.042431708395481112 -0.014256196959060276 0.040489013599893382 0.0045296241059063118 0.14492669954228757 -0.029293447036739764 0.10194644088011522 0.15607267141342163 -0.021255151225103405 0.0012822939271412729 0.0026136176619752684 0.023711687661358637 0.0072832958153368713 0.007428478966529671 0.097114089486051783 -0.017462105641470237 0.0064985864895437534 -0.0055380149185328504 0.01776137421829984 0.019919474403270413 0.10025128296412089 0.02614588654381508 0.045466501853907257 0.061888137442692538 0.0072089442353614639 0.030343334360397749 0.04174471364959198 -0.0064525956915246182 -0.008806610662127911
leaf_weight=2093 1138 30 2436 1191 651 268 2431 65 24 2938 731 806 968 348 558 305 391 662 460 156 27 34 284 327 262 23 1053 51 389 2009
leaf_count=2093 1138 30 2436 1191 651 268 2431 65 24 2938 731 806 968 348 558 305 391 662 460 156 27 34 284 327 262 23 1053 51 389 2009
internal_value=4.33381e-07 0.034443 -0.0161149 0.026744 -0.00478379 0.117191 -0.0286897 0.0404137 0.0964861 -0.0248948 -0.00996106 0.0162859 0.0125234 0.0221903 0.0177575 0.101415 0.00384668 0.000582009 0.0063269 0.0125361 0.0309546 0.0646946 0.0114235 0.0559447 0.0657343 0.0574754 0.0357281 -0.0086748 -0.000866089 -0.00614247
internal_weight=23109 7366 15743 6739 8281 627 7462 2921 359 5369 5176 3818 2332 1486 1526 329 3105 2170 1339 879 217 61 935 677 350 285 2244 831 440 2740
internal_count=23109 7366 15743 6739 8281 627 7462 2921 359 5369 5176 3818 2332 1486 1526 329 3105 2170 1339 879 217 61 935 677 350 285 2244 831 440 2740
cat_boundaries=0 1 2
cat_threshold=2600 2066
is_linear=0
shrinkage=0.03


Tree=21
num_leaves=31
num_cat=0
split_feature=9 9 48 48 48 9 48 9 48 48 28 6 53 6 6 6 54 50 49 55 50 6 3 52 9 6 6 6 6 6
split_gain=13426.2 4531.21 2820.4 844.721 463.889 393.905 368.514 140.415 119.749 118.775 92.7783 83.4324 83.0838 72.1631 69.6147 133.344 78.7601 85.8514 147.045 67.5982 64.1243 62.6087 119.055 67.3347 59.6581 59.6449 59.1306 57.535 56.7756 76.348
threshold=24.821648597717289 29.621734619140629 23.092667198181157 26.13675346396094 22.277108192475101 31.742348672990726 24.054725074768069 27.742073059082035 25.641321372985846 21.734614372534669 25.537806510925297 9.5000000000000018 0.37265525456613108 15.500000000000002 12.500000000000002 14.500000000000002 0.84011128164666871 24.135739183425908 24.493101596566653 0.58182731748096395 23.593291711728398 10.500000000000002 0.22337950000000004 0.35258437182372865 33.480255128500978 10.500000000000002 10.500000000000002 10.500000000000002 12.500000000000002 14.500000000000002
decision_type=2 2 2 2 2 2 2 2 2 2 2 2 2 2 2 2 2 2 2 2 2 2 2 2 2 2 2 2 2 2
left_child=2 3 4 8 9 10 20 21 25 -1 -3 -8 24 19 26 16 -16 -18 -19 -6 27 22 -5 -23 -7 -2 -13 -4 -27 -30
right_child=1 5 6 7 13 12 11 -9 -10 -11 -12 14 -14 -15 15 -17 17 18 -20 -21 -22 23 -24 -25 -26 28 -28 -29 29 -31
leaf_value=-0.037488820028972684 0.021659392730194522 0.023588560312986374 -0.0016405938342713927 0.089388240981101985 -0.018519055779862331 0.12967848259820997 0.018359218231067061 0.057342440956049109 0.028357995788601622 -0.027993087431893902 0.090727942334821982 0.0087507147499242943 0.075752322724355114 -0.027270883925141279 0.012727003038894385 -0.002183598315067382 0.0063467460510161656 0.12527794842794537 0.035066104872023753 -0.0079581913923028064 -0.0025565549798881536 0.022920562259182986 0.04178708340494007 0.041315397489196715 0.15817781845728554 0.0050661697757308898 -0.0047164478943545404 -0.01233212422675216 0.023223048564903079 0.0055096443897366693
leaf_weight=2001 1106 20 605 50 2725 249 500 501 1042 2909 251 453 21 656 625 503 57 20 87 682 2195 342 872 376 90 575 833 1803 622 338
leaf_count=2001 1106 20 605 50 2725 249 500 501 1042 2909 251 453 21 656 625 503 57 20 87 682 2195 342 872 376 90 575 833 1803 622 338
internal_value=7.20876e-07 0.0367305 -0.0142355 0.0284571 -0.0256579 0.113092 -0.000891815 0.0434422 0.019746 -0.0318629 0.085773 0.00714392 0.133658 -0.0181594 0.00496873 0.00988708 0.0175823 0.0360858 0.0519281 -0.016405 -0.00626527 0.0391958 0.0443685 0.0325535 0.137245 0.0163481 2.74282e-05 -0.00964592 0.0125212 0.0169865
internal_weight=23109 6455 16654 5824 8973 631 7681 2141 3683 4910 271 3078 360 4063 2578 1292 789 164 107 3407 4603 1640 922 718 339 2641 1286 2408 1535 960
internal_count=23109 6455 16654 5824 8973 631 7681 2141 3683 4910 271 3078 360 4063 2578 1292 789 164 107 3407 4603 1640 922 718 339 2641 1286 2408 1535 960
is_linear=0
shrinkage=0.03


Tree=22
num_leaves=31
num_cat=3
split_feature=48 9 9 48 48 48 9 9 9 48 3 6 0 50 6 0 3 6 6 6 0 50 54 6 6 55 6 2 55 3
split_gain=12652.1 4163.72 2791.64 684.581 411.892 395.782 363.116 145.717 124.201 108.936 105.999 101.516 94.5572 84.6572 75.1542 67.8054 67.3852 67.2559 133.453 78.6425 68.5257 73.8539 79.4598 62.5705 62.2082 59.0477 54.7282 93.6695 65.5877 53.684
threshold=24.896568107744148 29.621734619140629 23.007195472717289 26.280783653259281 22.290344619750979 24.054725074768069 32.369287493173836 25.668535232543949 27.530233383178714 21.734614372534669 0.27658100000000008 9.5000000000000018 0 23.547182178384404 8.5000000000000018 1 3.7002795000000006 12.500000000000002 14.500000000000002 10.500000000000002 2 24.297857808992191 0.98541081190385138 15.500000000000002 10.500000000000002 0.58182731748096395 10.500000000000002 0.9565760000000002 1.9307641297384668 0.27658100000000008
decision_type=2 2 2 2 2 2 2 2 2 2 2 2 9 2 2 9 2 2 2 2 9 2 2 2 2 2 2 2 2 2
left_child=2 3 4 7 9 13 10 -2 16 -1 14 12 -7 24 -3 -15 -5 19 20 -13 -19 -22 -23 25 -4 -6 27 -10 -29 -21
right_child=1 6 5 8 23 11 -8 -9 26 -11 -12 17 -14 15 -16 -17 -18 18 -20 29 21 22 -24 -25 -26 -27 -28 28 -30 -31
leaf_value=-0.036352827359272831 0.016181602333792022 0.14822293476624923 -0.0019116633835653196 0.038899172023288853 -0.018359425023117187 0.0080505406150961009 0.13626415963222582 0.02864882921154592 0.096679811086810993 -0.027273113677473117 0.030586508882045744 0.0096600529407696069 0.033892916324217238 0.0036408378963632818 0.090841063421580104 -0.0065827281026080839 -0.0089732923441463042 0.0087400428598888805 -0.0031770290764888708 0.020718292345991356 0.012553194265360916 0.032930471074212798 0.093365474675189367 -0.026523140621909799 -0.012274098448815305 -0.0087263777905697039 0.04498583847393646 0.059788252011510647 0.0030015374645590781 -0.0079290023163431419
leaf_weight=1992 2290 22 701 1330 2412 331 270 1336 61 2951 25 487 222 1084 310 1245 27 474 459 64 167 178 22 616 2035 751 276 216 20 735
leaf_count=1992 2290 22 701 1330 2412 331 270 1336 61 2951 25 487 222 1084 310 1245 27 474 459 64 167 178 22 616 2035 751 276 216 20 735
internal_value=6.99273e-07 0.0367281 -0.0134157 0.0284579 -0.0252319 -0.000853383 0.110012 0.0207752 0.042892 -0.0309322 0.0901577 0.00751671 0.0191833 -0.00604069 0.0946435 -0.00183695 0.0379467 0.00502188 0.00983382 0.000157543 0.0169349 0.0265572 0.0395783 -0.0177758 -0.0096191 -0.0160722 0.0546036 0.0635413 0.0549758 -0.00563435
internal_weight=23109 6183 16926 5556 8722 8204 627 3626 1930 4943 357 3139 553 5065 332 2329 1357 2586 1300 1286 841 367 200 3779 2736 3163 573 297 236 799
internal_count=23109 6183 16926 5556 8722 8204 627 3626 1930 4943 357 3139 553 5065 332 2329 1357 2586 1300 1286 841 367 200 3779 2736 3163 573 297 236 799
cat_boundaries=0 1 2 3
cat_threshold=680 6194 4618
is_linear=0
shrinkage=0.03


Tree=23
num_leaves=31
num_cat=0
split_feature=9 49 48 48 9 50 48 48 6 46 47 3 6 6 6 6 2 6 51 9 47 55 6 37 58 53 8 2 3 6
split_gain=11915.7 4545.12 1765.81 1129.11 357.992 295.22 214.965 206.859 116.193 113.025 115.043 108.025 92.2224 103.434 91.6655 90.0127 126.616 81.0633 80.448 72.1493 69.9593 69.0116 74.5276 96.0823 71.5183 66.2498 59.3297 56.3694 56.2148 52.271
threshold=24.321227073669437 29.458676719665529 22.629262542522952 25.707640075947758 31.742348672990726 23.625081730013189 26.774087142944342 21.765634155603035 10.500000000000002 23.547348976135257 24.891921043396 2.8888675000000004 11.500000000000002 14.500000000000002 10.500000000000002 10.500000000000002 0.9565760000000002 11.500000000000002 24.107719898278322 32.788452148437507 21.956358909606937 0.57835381484858173 11.500000000000002 22.633233070373539 20.500000000000004 0.42754734339019879 1.5000000000000002 8.9239605000000015 0.27658100000000008 15.500000000000002
decision_type=2 2 2 2 2 2 2 2 2 2 2 2 2 2 2 2 2 2 2 2 2 2 2 2 2 2 2 2 2 2
left_child=2 3 7 8 -3 14 -5 -1 11 -8 28 -2 -10 18 -4 16 -12 -16 -14 -6 -19 -7 23 -23 -24 -26 -9 -20 -11 -22
right_child=1 4 5 6 19 21 9 26 12 10 15 -13 13 -15 17 -17 -18 20 27 -21 29 22 24 -25 25 -27 -28 -29 -30 -31
leaf_value=-0.035076204874209385 0.0241808431293562 0.080732576160327238 -0.0036435368142677779 0.030860963505136927 0.11267459363566111 -0.00327236843669822 -0.0088999937618932413 -0.013777966268240583 0.00084078486996216027 0.11979048667045739 0.098817363450160386 0.0082952552886122934 0.0059115957099924584 0.0026285043000954713 -0.025533585010976578 0.035721294766594879 0.049611812849198612 -0.030536884229624847 0.019362091988131918 0.13968612493083463 -0.0093889963472285655 0.061847161956131456 0.0090248736005911542 -0.0050757286269330392 0.088271371766924858 0.018668812152463941 -0.024876279679243808 0.040663366970964343 0.066411191975431785 -0.021246357970085228
leaf_weight=2091 1202 276 1055 1970 177 2092 31 483 825 26 52 567 377 609 455 412 496 173 799 179 2601 20 730 558 20 32 4231 130 56 384
leaf_count=2091 1202 276 1055 1970 177 2092 31 483 825 26 52 567 377 609 455 412 496 173 799 179 2601 20 730 558 20 32 4231 130 56 384
internal_value=1.29809e-06 0.0290927 -0.0159507 0.0226252 0.106376 -0.0065042 0.0367456 -0.0272227 0.0130957 0.0475497 0.0492291 0.0190892 0.00922614 0.0128386 -0.0114233 0.0463158 0.054281 -0.013695 0.0175997 0.126256 -0.0119893 0.000147705 0.00540858 -0.00276006 0.0114463 0.045439 -0.0237391 0.0223429 0.0833363 -0.0109144
internal_weight=23109 8184 14925 7552 632 8120 3043 6805 4509 1073 1042 1769 2740 1915 4668 960 548 3613 1306 356 3158 3452 1360 578 782 52 4714 929 82 2985
internal_count=23109 8184 14925 7552 632 8120 3043 6805 4509 1073 1042 1769 2740 1915 4668 960 548 3613 1306 356 3158 3452 1360 578 782 52 4714 929 82 2985
is_linear=0
shrinkage=0.03


Tree=24
num_leaves=31
num_cat=0
split_feature=49 9 9 9 49 18 51 49 18 9 6 3 3 6 6 6 51 3 6 43 9 47 4 6 8 6 6 55 53 6
split_gain=11218.2 4088.76 1969.54 847.758 316.671 315.149 252.62 134.694 124.477 96.8956 87.5229 87.1375 86.8676 86.445 90.6996 73.1552 68.1128 66.2867 65.5616 62.2515 61.5484 59.8322 57.364 56.2 88.7805 48.8348 51.5538 142.833 99.1031 70.4692
threshold=24.561724757859867 29.621734619140629 22.749819755554203 26.110506057739261 23.537734412975102 32.392505644501959 21.966499773523523 25.648103237113773 27.204222679138187 23.957433700561527 10.500000000000002 2.8888675000000004 0.27658100000000008 12.500000000000002 14.500000000000002 8.5000000000000018 25.102746232343105 3.7002795000000006 15.500000000000002 25.00271034240723 24.005924224853519 31.727432253007816 6.5827470000000003 9.5000000000000018 2.5000000000000004 14.500000000000002 13.500000000000002 0.76187355391567302 1.1075554528553193 10.500000000000002
decision_type=2 2 2 2 2 2 2 2 2 2 2 2 2 2 2 2 2 2 2 2 2 2 2 2 2 2 2 2 2 2
left_child=2 3 6 7 -4 12 -1 10 17 -6 11 16 15 -12 -15 -3 19 -5 -8 -2 -9 23 -22 24 -10 26 29 -28 -29 -11
right_child=1 5 4 8 9 -7 18 20 21 25 13 -13 -14 14 -16 -17 -18 -19 -20 -21 22 -23 -24 -25 -26 -27 27 28 -30 -31
leaf_value=-0.032285057394650096 0.026667986252652411 0.1400363630056381 -0.010404130128538044 0.034765313593761796 -0.0030341401536396841 0.12845192975885888 -0.018966234941546575 -0.011814850931055844 0.05353351451547407 0.012352857038321773 0.0014857570916090802 0.005762956305661756 0.032646179296649425 0.020898338646065582 0.0039216249878417922 0.085663627086035476 0.016031738781832731 -0.015506337918341159 -0.027243954154175125 0.054859447667245251 0.020851949107278576 0.092056714168616688 0.034395331322553228 0.042300156180414487 0.11531115889549255 -0.0047753099910914894 0.008931027112010213 0.092402339670807118 0.019356886332752763 -0.00075413346212733795
leaf_weight=2910 391 24 3836 1438 2193 268 3492 40 164 690 790 329 26 727 464 309 517 24 1143 86 738 28 455 524 24 327 291 35 32 794
leaf_count=2910 391 24 3836 1438 2193 268 3492 40 164 690 790 329 26 727 464 309 517 24 1143 86 738 28 455 524 24 327 291 35 32 794
internal_value=1.25916e-06 0.0305589 -0.0142964 0.0237412 -0.00411668 0.103835 -0.0253571 0.0163284 0.0390146 0.00141259 0.0131707 0.0191455 0.0854589 0.00918045 0.0142844 0.0895824 0.023575 0.0339401 -0.0210075 0.0317507 0.02479 0.0490403 0.0260173 0.0473487 0.06142 0.00590853 0.00780517 0.0180236 0.057515 0.00534009
internal_weight=23109 7366 15743 6739 8198 627 7545 4537 2202 4362 3304 1323 359 1981 1191 333 994 1462 4635 477 1233 740 1193 712 188 2169 1842 358 67 1484
internal_count=23109 7366 15743 6739 8198 627 7545 4537 2202 4362 3304 1323 359 1981 1191 333 994 1462 4635 477 1233 740 1193 712 188 2169 1842 358 67 1484
is_linear=0
shrinkage=0.03


Tree=25
num_leaves=31
num_cat=3
split_feature=48 9 9 9 9 48 9 48 6 36 0 44 18 8 9 50 6 6 0 6 6 6 0 50 54 39 6 31 3 7
split_gain=10569.2 3469.75 2338.02 576.099 351.739 329.281 303.421 142.706 91.1794 89.9076 84.7858 81.5583 81.6462 75.8645 70.2523 69.1972 64.9335 64.2786 63.2097 60.1923 116.615 68.3615 62.0276 63.9933 71.7655 59.7626 55.1962 50.2867 48.9805 44.7928
threshold=24.896568107744148 29.621734619140629 23.007195472717289 26.449912073642583 22.118061065673832 24.054725074768069 32.369287493173836 25.641321372985846 9.5000000000000018 26.209818840026859 0 23.453101158142093 27.751165390014652 1.5000000000000002 21.442242624477544 23.547182178384404 10.500000000000002 8.5000000000000018 1 12.500000000000002 14.500000000000002 10.500000000000002 2 24.297857808992191 0.98541081190385138 24.797615049465335 10.500000000000002 21.74637508463379 0.27658100000000008 19.500000000000004
decision_type=2 2 2 2 2 2 2 2 2 2 9 2 2 2 2 2 2 2 9 2 2 2 9 2 2 2 2 2 2 2
left_child=2 3 4 7 14 15 9 -2 10 -3 -7 -5 -13 -6 -1 26 25 -11 -17 21 22 -10 -21 -24 29 -15 -4 -28 -23 -25
right_child=1 6 5 11 13 8 -8 -9 19 17 -12 12 -14 16 -16 18 -18 -19 -20 20 -22 28 23 24 -26 -27 27 -29 -30 -31
leaf_value=-0.035333809569907483 0.014895766776176753 0.031687367478835167 -0.001471330819537062 -0.0038839023368699211 -0.0097782392902842734 0.0074029793224469525 0.12446564607156647 0.026327874133030272 0.0087632956283522703 0.13632558540864423 0.031849083936500266 0.037777508397760826 0.052705987015532987 -0.013114209185634504 -0.026842365918952522 0.0035923571709011509 -0.021319792872046869 0.083234767333841789 -0.0062782003672318563 0.0079245231844858113 -0.0031046329467409759 0.019675348917371594 0.011807417507927506 0.050488580009111994 0.088080519312484687 0.030123476386070252 -0.052686525147694806 -0.010695802658020139 -0.0076882075708554296 0.019232150729646725
leaf_weight=1273 2222 29 701 35 935 331 270 1762 487 22 222 1058 479 702 2818 1084 2964 306 1245 474 459 64 167 65 22 30 26 2009 735 113
leaf_count=1273 2222 29 701 35 935 331 270 1762 487 22 222 1058 479 702 2818 1084 2964 306 1245 474 459 64 167 65 22 30 26 2009 735 113
internal_value=1.22137e-06 0.0335696 -0.0122612 0.02602 -0.0230748 -0.000764708 0.100468 0.0199518 0.00686988 0.0823191 0.0179266 0.0413988 0.0424299 -0.0174124 -0.0294847 -0.00549619 -0.0193437 0.0867957 -0.00169562 0.00450547 0.00905773 -9.63338e-05 0.0156957 0.0248398 0.0369638 -0.0113422 -0.0087314 -0.0112323 -0.00549638 0.030646
internal_weight=23109 6183 16926 5556 8722 8204 627 3984 3139 357 553 1572 1537 4631 4091 5065 3696 328 2329 2586 1300 1286 841 367 200 732 2736 2035 799 178
internal_count=23109 6183 16926 5556 8722 8204 627 3984 3139 357 553 1572 1537 4631 4091 5065 3696 328 2329 2586 1300 1286 841 367 200 732 2736 2035 799 178
cat_boundaries=0 1 2 3
cat_threshold=680 6194 4618
is_linear=0
shrinkage=0.03


Tree=26
num_leaves=31
num_cat=1
split_feature=49 49 18 49 18 49 18 19 3 46 6 18 6 0 10 52 8 6 2 6 55 26 6 55 6 2 55 8 20 55
split_gain=9937.21 3589.94 1757.02 735.651 292.485 269.911 225.722 172.258 86.7346 80.3939 77.6758 76.7127 75.0452 72.4524 83.4798 78.7077 66.6844 65.7279 129.929 61.876 58.6628 55.3649 54.805 74.9097 53.9306 51.9243 51.9213 50.9992 60.2508 50.9099
threshold=24.561724757859867 29.458676719665529 22.75206279754639 25.843673324451419 32.392505644501959 23.687866973876957 21.904134752155766 27.214878082658696 2.8888675000000004 23.547348976135257 8.5000000000000018 25.428466796875004 9.5000000000000018 0 3.5000000000000004 0.12166899612949959 1.5000000000000002 10.500000000000002 0.9565760000000002 9.5000000000000018 1.604727707306943 28.640399932861332 9.5000000000000018 1.2211057260560507 10.500000000000002 8.9239605000000015 0.58182731748096395 2.5000000000000004 25.004961013793949 0.69724704763223777
decision_type=2 2 2 2 2 2 2 2 2 2 2 2 2 9 2 2 2 2 2 2 2 2 2 2 2 2 2 2 2 2
left_child=2 3 6 11 10 -4 -1 8 22 -9 -3 19 -7 14 -14 -16 29 18 21 27 -19 -11 23 -5 26 -22 -18 -2 -29 -8
right_child=1 4 5 7 -6 12 16 9 -10 17 -12 -13 13 -15 15 -17 24 20 -20 -21 25 -23 -24 -25 -26 -27 -28 28 -30 -31
leaf_value=-0.030287232760691042 0.016170180175377778 0.1317751556634903 -0.0086554369186976551 0.036236980232547546 0.12091055316544735 0.012558705383249056 -0.015336591796335446 -0.0091090266730474382 -0.008031380958855151 0.12423402316868305 0.075932036606033385 0.020465748681162185 0.00342730023219844 -0.0039579883959948298 0.083830520159431862 0.017924856524850711 -0.017506390244238165 0.033050477772461943 0.049115025311946232 0.0089385714603977245 0.036778843928128475 0.065296651400052586 0.027360604906908604 0.093971006678683411 -0.022947038455441011 0.091716054822318246 0.0037851128853564602 0.064213281868402139 0.014768091472131864 0.0045533758618545774
leaf_weight=2999 484 24 4595 549 268 546 546 23 54 32 340 1143 1376 1584 21 73 611 297 329 2197 30 26 1428 21 3121 32 124 47 42 147
leaf_count=2999 484 24 4595 549 268 546 546 23 54 32 340 1143 1376 1584 21 73 611 297 329 2197 30 26 1428 21 3121 32 124 47 42 147
internal_value=1.7623e-06 0.0287619 -0.0134548 0.0223458 0.0971258 -0.00383634 -0.0238978 0.0340239 0.0294857 0.0461337 0.079614 0.0139267 0.00231471 0.000483264 0.00526008 0.0326485 -0.0196855 0.0478369 0.0564136 0.0112284 0.0385913 0.0978138 0.0304997 0.038364 -0.0212253 0.0651335 -0.0139144 0.0200081 0.0408796 -0.0111175
internal_weight=23109 7366 15743 6734 632 8195 7548 2821 2052 769 364 3913 3600 3054 1470 94 4549 746 387 2770 359 58 1998 570 3856 62 735 573 89 693
internal_count=23109 7366 15743 6734 632 8195 7548 2821 2052 769 364 3913 3600 3054 1470 94 4549 746 387 2770 359 58 1998 570 3856 62 735 573 89 693
cat_boundaries=0 1
cat_threshold=6290
is_linear=0
shrinkage=0.03


Tree=27
num_leaves=31
num_cat=2
split_feature=9 9 9 48 9 48 9 5 6 2 48 46 47 55 55 9 6 27 0 48 6 6 54 6 6 16 0 30 6 55
split_gain=9395.69 3161.84 1975.43 680.882 317.804 285.433 172.211 127.335 127.217 123.63 104.733 87.8069 81.1854 76.073 70.5002 64.553 62.3538 61.4424 59.5112 59.5091 57.8895 106.035 80.5422 53.9063 51.7313 79.0911 50.838 62.0849 48.0968 95.1937
threshold=24.821648597717289 30.152811050415043 23.007195472717289 26.280783653259281 22.118061065673832 24.054725074768069 32.369287493173836 0.27658100000000008 10.500000000000002 2.7039940000000002 25.57166595458985 27.7806510925293 23.605980873107914 0.64558239855779798 2.0744132084195979 21.699362754821781 9.5000000000000018 28.657876014709476 0 23.452309226583498 12.500000000000002 14.500000000000002 0.84011128164666871 8.5000000000000018 13.500000000000002 -0.83536599999999994 1 25.296144485473636 10.500000000000002 0.59273865111597024
decision_type=2 2 2 2 2 2 2 2 2 2 2 2 2 2 2 2 2 2 9 2 2 2 2 2 2 2 9 2 2 2
left_child=2 3 4 10 15 19 23 8 9 11 26 -5 -9 -6 -11 -1 18 -10 -7 -4 -18 22 -22 -3 -24 -26 27 -2 -14 -30
right_child=1 6 5 7 13 16 -8 12 17 14 -12 -13 28 -15 -16 -17 20 -19 -20 -21 21 -23 24 -25 25 -27 -28 -29 29 -31
leaf_value=-0.031519470913955856 0.027001518950302235 0.12828256422823126 -0.0090214295003280195 0.14322878837585448 -0.017988047315857278 0.0063229099325835701 0.11715949414090977 -0.014021408103872091 0.029906475275029976 0.057037559407696656 0.023538555114411167 0.076220382465557623 0.038968325806878409 -0.0072558159228667913 0.0032452871822393854 -0.023984355504534878 -0.00025527656012162055 0.053559202732919135 0.027955416400229263 -0.0023988851925893133 0.011043147935761109 -0.0019986861551737865 0.01110386238707339 0.079283724477394443 0.032164137324725742 0.09320844002641164 0.010299609386115625 0.0097889852372131173 -0.0066342623125423082 0.032288649836065886
leaf_weight=2093 470 22 2313 22 3941 290 270 32 264 140 1477 88 770 700 26 2002 1260 158 204 2587 620 495 51 248 72 26 1692 315 66 395
leaf_count=2093 470 22 2313 22 3941 290 270 32 264 140 1477 88 770 700 26 2002 1260 158 204 2587 620 495 51 248 72 26 1692 315 66 395
internal_value=1.65805e-06 0.0307277 -0.0119076 0.0243837 -0.0217442 -0.00105479 0.100218 0.0388367 0.04912 0.0649567 0.0172156 0.0896221 0.0331537 -0.0163693 0.0486123 -0.0278356 0.00620299 0.0387622 0.0159501 -0.005525 0.00429528 0.00883144 0.0158027 0.0832762 0.0356076 0.0483596 0.0134454 0.0198418 0.03438 0.0267162
internal_weight=23109 6455 16654 5915 8736 7918 540 1961 698 276 3954 110 1263 4641 166 4095 3018 422 494 4900 2524 1264 769 270 149 98 2477 785 1231 461
internal_count=23109 6455 16654 5915 8736 7918 540 1961 698 276 3954 110 1263 4641 166 4095 3018 422 494 4900 2524 1264 769 270 149 98 2477 785 1231 461
cat_boundaries=0 1 2
cat_threshold=680 2128
is_linear=0
shrinkage=0.03


Tree=28
num_leaves=31
num_cat=0
split_feature=9 9 48 48 9 48 48 48 6 47 3 6 6 55 17 22 47 6 51 9 6 7 6 6 2 54 2 6 54 53
split_gain=8846.62 3355.25 1317.45 837.362 259.747 213.739 159.85 158.623 94.6427 84.9332 83.9363 80.6451 89.4548 73.8556 71.3195 66.1361 62.8799 70.1024 62.43 61.1491 62.2107 60.3059 55.897 106.865 77.599 53.9326 52.4466 50.5088 49.2633 48.742
threshold=24.321227073669437 29.621734619140629 22.629262542522952 25.707640075947758 31.742348672990726 23.452309226583498 26.774087142944342 21.765634155603035 10.500000000000002 23.55051422119141 2.8888675000000004 11.500000000000002 14.500000000000002 0.34595593032804245 -0.90583449999999999 33.570461273193366 24.891921043396 11.500000000000002 24.107719898278322 22.468346595764164 15.500000000000002 40.500000000000007 12.500000000000002 10.500000000000002 6.5827470000000003 1.8952896858829007 8.9239605000000015 15.500000000000002 1.1872358270521344 0.37265525456613108
decision_type=2 2 2 2 2 2 2 2 2 2 2 2 2 2 2 2 2 2 2 2 2 2 2 2 2 2 2 2 2 2
left_child=2 3 7 8 14 -4 -5 -1 10 -8 28 -10 18 -7 -3 29 -11 21 -13 -15 22 -18 23 24 -21 -26 -20 -9 -2 -6
right_child=1 4 5 6 15 13 9 27 11 16 -12 12 -14 19 -16 -17 17 -19 26 20 -22 -23 -24 -25 25 -27 -28 -29 -30 -31
leaf_value=-0.030356297978808646 0.022133227597361409 0.075072755062279589 -0.010508417322460623 0.026506658329314287 0.10450428267290075 -0.0063344714764075683 -0.016224772360013878 -0.018405151757933998 -5.0156506753755405e-05 0.068158682033226087 0.007161843244152321 0.005321474462683962 0.0016850949965841471 -0.036165183581210472 0.028011389872567218 0.1304979391892751 0.050169450301808985 0.023627483129844463 0.0169176949054082 0.024123461818575258 -0.015526723136492775 0.033170247030625703 0.0085446727433212567 -0.0084128292189133685 -0.0021999354588352242 0.034877425890702467 0.037469833189299181 -0.025194263405627255 -0.018132044356316327 0.056910997517406942
leaf_weight=2091 1172 238 4012 1957 249 1411 23 3309 824 77 564 377 609 37 33 90 508 190 796 199 159 298 1187 703 373 39 130 1405 28 21
leaf_count=2091 1172 238 4012 1957 249 1411 23 3309 824 77 564 377 609 37 33 90 508 190 796 199 159 298 1187 703 373 39 130 1405 28 21
internal_value=2.18705e-06 0.0250687 -0.0137428 0.0195166 0.0915265 -0.00558326 0.0316438 -0.0234791 0.011289 0.0408167 0.0167073 0.00779556 0.0111768 -0.000773194 0.069342 0.108226 0.0420394 0.0400201 0.015613 0.00213632 0.00266909 0.0438844 0.00382588 -0.000436839 0.00874012 0.00130981 0.019803 -0.0204286 0.0211937 0.100803
internal_weight=23109 8184 14925 7553 631 8120 3053 6805 4500 1096 1764 2736 1912 4108 271 360 1073 996 1303 2697 2660 806 2501 1314 611 412 926 4714 1200 270
internal_count=23109 8184 14925 7553 631 8120 3053 6805 4500 1096 1764 2736 1912 4108 271 360 1073 996 1303 2697 2660 806 2501 1314 611 412 926 4714 1200 270
is_linear=0
shrinkage=0.03


Tree=29
num_leaves=31
num_cat=2
split_feature=9 9 48 48 9 48 45 3 6 2 9 46 6 46 18 55 6 6 55 0 24 6 6 51 0 10 2 54 6 6
split_gain=8329.1 2800.22 1755.23 605.082 299.423 220.812 157.988 115.863 117.053 114.521 93.0685 82.7872 79.4641 74.3308 66.2616 65.9259 57.6072 57.1666 59.5566 56.2022 54.4847 50.5296 97.4852 70.3742 76.4933 65.4451 64.452 52.3095 50.1238 97.6319
threshold=24.821648597717289 30.152811050415043 23.092667198181157 26.280783653259281 22.207475662231449 24.054725074768069 33.201393127441413 0.27658100000000008 10.500000000000002 2.7039940000000002 25.668535232543949 27.7806510925293 8.5000000000000018 23.626164436340336 21.39172458648682 2.0744132084195979 9.5000000000000018 15.500000000000002 0.58182731748096395 0 28.585008621215824 10.500000000000002 11.500000000000002 23.33676595685311 1 3.5000000000000004 6.5827470000000003 1.6298217112527733 12.500000000000002 14.500000000000002
decision_type=2 2 2 2 2 2 2 2 2 2 2 2 2 2 2 2 2 2 2 9 2 2 2 2 9 2 2 2 2 2
left_child=2 3 4 10 14 21 12 8 9 11 -2 -5 -3 -9 -1 -11 19 18 -6 -7 -10 26 25 -24 -25 -23 -4 -28 -18 -30
right_child=1 6 5 7 17 16 -8 13 20 15 -12 -13 -14 -15 -16 -17 28 -19 -20 -21 -22 22 23 24 -26 -27 27 -29 29 -31
leaf_value=-0.032248484182459097 0.012611511988015259 0.12174617443765912 0.017333944034892676 0.13737742846662346 -0.014913977183820502 0.0056629533417690853 0.11746838233444128 -0.013974416744895279 0.028537564392704651 0.054002902804740835 0.022100665751637709 0.072312558361075141 0.077856584544642823 0.032338627445219106 -0.023666594157257689 0.0019850134247770676 -0.0004642447852493375 -0.02196045046387975 -0.0049148660400979496 0.0265138695933098 0.051127172384310408 -0.013481884047375036 -0.010612310416057945 -0.0081132139933265505 0.0040842220105517897 -0.042063926187265351 -0.0035867229168193744 0.044342612581593652 0.014486675525231096 -0.0024265261717641849
leaf_weight=1059 2457 42 179 22 3016 295 178 32 274 140 1497 88 320 1231 3440 26 1286 806 652 205 148 549 1017 765 1139 83 850 21 789 503
leaf_count=1059 2457 42 179 22 3016 295 178 32 274 140 1497 88 320 1231 3440 26 1286 806 652 205 148 549 1017 765 1139 83 850 21 789 503
internal_value=2.12142e-06 0.0289316 -0.0112108 0.0229614 -0.0202217 -0.00068418 0.0943274 0.0365862 0.0463953 0.0615863 0.0162041 0.0853255 0.0829487 0.0311652 -0.0256866 0.0458555 0.0055361 -0.0147262 -0.0131366 0.0148554 0.03646 -0.00484364 -0.00655236 -0.00424091 -0.000837694 -0.0172355 0.000938339 -0.00243114 0.00372864 0.00790205
internal_weight=23109 6455 16654 5915 8973 7681 540 1961 698 276 3954 110 362 1263 4499 166 3078 4474 3668 500 422 4603 3553 2921 1904 632 1050 871 2578 1292
internal_count=23109 6455 16654 5915 8973 7681 540 1961 698 276 3954 110 362 1263 4499 166 3078 4474 3668 500 422 4603 3553 2921 1904 632 1050 871 2578 1292
cat_boundaries=0 1 2
cat_threshold=680 201
is_linear=0
shrinkage=0.03


Tree=30
num_leaves=31
num_cat=0
split_feature=48 9 9 9 48 51 45 6 5 6 2 6 50 46 9 45 6 6 6 6 55 5 7 5 30 19 55 51 9 20
split_gain=7851.3 2404.96 1956.47 417.315 306.012 267.345 150.303 97.1374 96.5603 102.275 85.7892 75.6853 68.7391 68.4686 66.9715 65.7159 63.2485 63.0203 131.872 72.797 61.3232 58.814 56.2426 55.2461 54.3538 48.6949 48.6892 101.933 47.861 46.6557
threshold=25.106233596801761 30.152811050415043 23.007195472717289 26.449912073642583 24.054725074768069 22.269414075236494 33.201393127441413 9.5000000000000018 0.27658100000000008 10.500000000000002 2.7039940000000002 8.5000000000000018 25.849994421113895 27.974057197570804 21.348692893981937 23.507753372192386 15.500000000000002 12.500000000000002 14.500000000000002 10.500000000000002 0.59273865111597024 2.8888675000000004 34.500000000000007 0.27658100000000008 21.654111862182621 27.214878082658696 0.98928892934620272 24.068202654468593 24.574975013732914 28.210745811462406
decision_type=2 2 2 2 2 2 2 2 2 2 2 2 2 2 2 2 2 2 2 2 2 2 2 2 2 2 2 2 2 2
left_child=2 3 5 12 20 14 11 21 9 10 13 -3 -2 -5 -1 -10 -7 19 22 -9 -4 -6 26 -21 -22 28 -19 -28 -14 -11
right_child=1 6 4 8 7 16 -8 17 15 29 -12 -13 25 -15 -16 -17 -18 18 -20 23 24 -23 -24 -25 -26 -27 27 -29 -30 -31
leaf_value=-0.032380229474539196 0.015024398346615916 0.11809378947530473 -0.0064894286694078462 0.13146601366996763 0.02484260646163209 -0.01266701519552633 0.11394433142094131 0.0085109298759963713 -0.01403850815125874 0.027760239886243043 0.046001291305340572 0.07524485506525895 -0.023726129572838543 0.069908063288392691 -0.023125054687351317 0.032567907222843563 -0.022535016752957823 0.01835289893080275 -0.0033107201107499774 0.017804672080475616 -0.034928385674332582 0.0077374028326720051 0.0073535019532309474 -0.0075603866468284368 0.0025182705905417374 0.046028865289436761 0.012833019960397745 0.09174223657697439 0.023047741374034036 0.049194405378372059
leaf_weight=867 1992 42 3902 20 370 3422 178 548 28 227 145 318 20 87 3735 988 705 477 553 85 36 354 471 851 1127 83 34 26 1265 153
leaf_count=867 1992 42 3902 20 370 3422 178 548 28 227 145 318 20 87 3735 988 705 477 553 85 36 354 471 851 1127 83 34 26 1265 153
internal_value=2.42322e-06 0.0311204 -0.00982393 0.0246453 0.000129256 -0.0198968 0.0913939 0.006602 0.0370108 0.0462181 0.0610377 0.0802439 0.0185803 0.0814142 -0.0248687 0.0312835 -0.0143527 0.00425357 0.00846164 -0.000172845 -0.00468728 0.016479 0.0149201 -0.00525694 0.00135913 0.0237582 0.0215567 0.047027 0.0223197 0.0363903
internal_weight=23109 5546 17563 5008 8834 8729 538 3769 1648 632 252 360 3360 107 4602 1016 4127 3045 1561 1484 5065 724 1008 936 1163 1368 537 60 1285 380
internal_count=23109 5546 17563 5008 8834 8729 538 3769 1648 632 252 360 3360 107 4602 1016 4127 3045 1561 1484 5065 724 1008 936 1163 1368 537 60 1285 380
is_linear=0
shrinkage=0.03


Tree=31
num_leaves=31
num_cat=1
split_feature=9 9 50 48 9 48 9 9 6 3 6 6 6 6 28 46 3 55 7 53 58 6 44 45 54 51 42 6 47 0
split_gain=7395.33 2852.63 1027.62 749.622 220.987 185.105 149.088 118.805 96.184 80.6888 78.0568 116.829 67.3587 117.136 65.7494 60.4398 59.979 59.8644 59.0821 58.181 57.5411 56.9359 53.137 54.2557 49.9329 51.71 50.3806 49.6488 48.1544 45.7875
threshold=24.212922096252445 29.621734619140629 22.54800810828748 25.641321372985846 31.742348672990726 23.452309226583498 26.449912073642583 21.699362754821781 10.500000000000002 2.8888675000000004 12.500000000000002 14.500000000000002 10.500000000000002 11.500000000000002 25.537806510925297 31.637410163879398 0.27658100000000008 0.38038789525261213 22.500000000000004 0.37265525456613108 21.500000000000004 15.500000000000002 23.453101158142093 24.950502395629886 1.1872358270521344 25.102746232343105 25.027729988098148 11.500000000000002 23.642901418959962 0
decision_type=2 2 2 2 2 2 2 2 2 2 2 2 2 2 2 2 2 2 2 2 2 2 2 2 2 2 2 2 2 9
left_child=2 3 7 8 14 12 -5 -1 9 24 16 18 -4 -14 -3 22 -10 -7 -12 -6 -19 28 -8 -24 25 26 -2 -25 -15 -13
right_child=1 4 5 6 19 17 15 -9 10 -11 11 29 13 21 -16 -17 -18 20 -20 -21 -22 -23 23 27 -26 -27 -28 -29 -30 -31
leaf_value=-0.028181084787952615 0.022539325686543155 0.010728492155671119 -0.0026048721523576177 0.022290024810846749 0.10194479203560447 -0.0057560176873119777 -0.0032925381172787056 -0.019333205607889762 0.020099702327674003 0.0062516948297405041 0.025923933498314931 -0.014829103346737855 -0.024517419993339534 -0.0099639928821921575 0.067248208958700109 0.078080774422349605 -0.0025386175789602603 0.001160059016514634 0.011202243661177495 0.050486712125795224 0.029806930668078935 -0.018997934656444386 0.054797324215372402 0.036734004207527253 -0.018580741710960864 0.013600894729476457 0.045045672057248236 0.023225039517534435 7.2607181183147164e-06 0.0040875565193894967
leaf_weight=2014 523 20 868 1716 339 1500 33 4244 118 619 359 138 561 2101 251 29 981 2165 775 21 65 493 117 1022 30 518 108 322 550 509
leaf_count=2014 523 20 868 1716 339 1500 33 4244 118 619 359 138 561 2101 251 29 981 2165 775 21 65 493 117 1022 30 518 108 322 550 509
internal_value=2.35056e-06 0.0221523 -0.0130007 0.0172596 0.0835394 -0.00608174 0.0283536 -0.0221807 0.00957828 0.0150226 0.00617936 0.010059 -0.0101272 -0.0118895 0.063077 0.0351855 -0.000107934 -0.001122 0.0158628 0.0989431 0.00199506 -0.00963624 0.0343529 0.0352032 0.0196275 0.0206251 0.0263914 0.0334975 -0.00789527 -0.000113239
internal_weight=23109 8548 14561 7917 631 8303 3239 6258 4678 1798 2880 1781 4573 3705 271 1523 1099 3730 1134 360 2230 3144 1494 1461 1179 1149 631 1344 2651 647
internal_count=23109 8548 14561 7917 631 8303 3239 6258 4678 1798 2880 1781 4573 3705 271 1523 1099 3730 1134 360 2230 3144 1494 1461 1179 1149 631 1344 2651 647
cat_boundaries=0 1
cat_threshold=521
is_linear=0
shrinkage=0.03


Tree=32
num_leaves=31
num_cat=3
split_feature=48 49 48 48 48 48 18 6 0 5 54 55 53 5 48 0 13 6 36 6 55 55 6 7 6 6 6 0 50 52
split_gain=6967.07 2115.5 1731.71 303.43 264.312 230.435 209.829 89.3635 94.4989 84.4165 125.927 86.3279 153.212 71.3186 66.7484 62.1343 62.0458 60.5738 58.6563 71.9134 65.9168 70.6285 57.8312 57.6717 54.014 120.465 67.1341 63.8711 52.6546 83.85
threshold=25.106233596801761 29.458676719665529 23.109835815821778 26.280783653259281 22.290344619750979 24.054725074768069 32.392505644501959 9.5000000000000018 0 0.27658100000000008 2.4360547181571506 1.0063287945811139 0.976199926710695 3.7002795000000006 21.734614372534669 1 1.0000000180025095e-35 8.5000000000000018 25.59581279754639 10.500000000000002 0.59273865111597024 0.53918525975808074 10.500000000000002 13.500000000000002 12.500000000000002 14.500000000000002 10.500000000000002 2 24.297857808992191 0.15684725345643066
decision_type=2 2 2 2 2 2 2 2 9 2 2 2 2 2 2 9 2 2 2 2 2 2 2 2 2 2 2 9 2 2
left_child=2 3 4 15 14 -4 22 8 -7 11 13 -5 -13 18 -1 -2 -14 -17 -11 -20 21 -21 -3 -18 26 27 -9 -26 -29 -30
right_child=1 6 5 9 -6 7 -8 24 -10 10 -12 12 16 -15 -16 17 23 -19 19 20 -22 -23 -24 -25 25 -27 -28 28 29 -31
leaf_value=-0.027206681772918413 0.023490421668653838 0.074429930365053798 -0.0039784046637193326 0.034435369919285481 -0.012686445927337755 0.0045494236950602198 0.10112605752757013 0.0080140167279935896 0.026440825859870364 0.046764310794462242 -0.043461885891685433 0.10366237835884093 -0.0022526887245476247 -0.016022203151256808 -0.020134813401460481 0.036875167439125243 0.096946669600903979 0.012601970619301385 0.03300239618445408 0.013986423847731203 0.022597051166047818 -0.050292410275340073 0.04888265779210349 0.038993843604865318 0.0067889225614707902 -0.0035676031061174238 -0.0051335298835499497 0.010942277658032252 0.090758291465230276 0.026705257054619128
leaf_weight=2002 899 246 4641 447 4095 382 268 551 348 164 22 50 24 31 3003 97 20 2007 721 40 299 25 118 68 583 561 956 192 20 229
leaf_count=2002 899 246 4641 447 4095 382 268 551 348 164 22 50 24 31 3003 97 20 2007 721 40 299 25 118 68 583 561 956 192 20 229
internal_value=2.14056e-06 0.0293155 -0.00925435 0.0226707 -0.0183389 0.00051394 0.0809805 0.00596893 0.0154098 0.0320157 0.0277034 0.0412351 0.0599973 0.0289266 -0.0229636 0.0167239 0.040504 0.0136561 0.0300422 0.0275146 0.0166447 -0.0107362 0.0661481 0.0521649 0.00373999 0.0076063 -0.000326431 0.0137279 0.022243 0.0318501
internal_weight=23109 5546 17563 4914 9100 8463 632 3822 730 1911 1302 609 162 1280 5005 3003 112 2104 1249 1085 364 65 364 88 3092 1585 1507 1024 441 249
internal_count=23109 5546 17563 4914 9100 8463 632 3822 730 1911 1302 609 162 1280 5005 3003 112 2104 1249 1085 364 65 364 88 3092 1585 1507 1024 441 249
cat_boundaries=0 1 2 3
cat_threshold=680 2096 4618
is_linear=0
shrinkage=0.03


Tree=33
num_leaves=31
num_cat=4
split_feature=48 49 48 48 18 50 18 3 54 6 2 54 6 0 35 3 6 6 54 6 3 7 0 6 0 6 0 6 54 6
split_gain=6555.54 1990.37 1629.61 285.407 250.715 218.758 197.428 79.4274 118.485 80.5228 111.729 86.9264 77.4303 77.3405 71.088 67.1037 61.09 106.961 101.589 93.8373 86.217 104.27 77.9536 67.6479 60.6125 60.4076 58.565 57.2642 102.663 56.9939
threshold=25.106233596801761 29.458676719665529 23.109835815821778 26.280783653259281 22.154624938964847 24.249798488643922 32.392505644501959 0.27658100000000008 2.4360547181571506 10.500000000000002 2.7039940000000002 2.0915897097715273 9.5000000000000018 0 21.590658187866214 3.7002795000000006 14.500000000000002 13.500000000000002 0.63541909487616077 10.500000000000002 2.3073580000000002 34.500000000000007 1 11.500000000000002 2 9.5000000000000018 3 12.500000000000002 0.62820365140178702 8.5000000000000018
decision_type=2 2 2 2 2 2 2 2 2 2 2 2 2 9 2 2 2 2 2 2 2 2 9 2 9 2 9 2 2 2
left_child=2 3 4 26 -1 12 -3 9 15 10 25 -11 13 -4 -14 -9 17 19 -19 22 -20 -22 -7 -21 -16 -5 -2 -26 -29 -28
right_child=1 6 5 7 -6 16 -8 8 -10 11 -12 -13 14 -15 24 -17 -18 18 20 23 21 -23 -24 -25 27 -27 29 28 -30 -31
leaf_value=-0.023099931228011347 0.022793461622083604 0.064163679060587606 0.025413189908376314 0.12583552992862204 -0.013120111987852678 0.022049405914917587 0.098092274475675909 0.029140958518015028 -0.04215802947228605 0.027663747121591288 0.040768961720926637 0.090509452724031034 -0.059640884569713046 0.00092158169570416039 -0.00012713315834457232 -0.015541537048355224 -0.0026788334934908188 0.011774970947033322 0.022308044637577584 -0.0055864243171264618 0.09692112464590795 0.015048868390066283 0.0053793504803259151 0.0094493953637008014 -0.011603004688059002 0.065840664519505071 0.035768912468374388 -0.0073996050998852399 0.011644609971350642 0.012223911492939847
leaf_weight=4257 899 364 138 23 4843 440 268 1249 22 349 172 21 21 555 1870 31 509 254 77 707 42 21 626 435 1341 44 97 1095 332 2007
leaf_count=4257 899 364 138 23 4843 440 268 1249 22 349 172 21 21 555 1870 31 509 254 77 707 42 21 626 435 1341 44 97 1095 332 2007
internal_value=2.87169e-06 0.0284373 -0.00897607 0.021992 -0.0177887 0.000499861 0.0785511 0.0310553 0.0268723 0.0399981 0.053571 0.0312307 -0.00317747 0.00617871 -0.00456915 0.0280588 0.00682614 0.0086855 0.0230845 0.00611612 0.0436031 0.0696304 0.0125174 0.00014088 -0.00431979 0.0864359 0.0162245 -0.00712606 -0.00296886 0.0132464
internal_weight=23109 5546 17563 4914 9100 8463 632 1911 1302 609 239 370 5352 693 4659 1280 3111 2602 394 2208 140 63 1066 1142 4638 67 3003 2768 1427 2104
internal_count=23109 5546 17563 4914 9100 8463 632 1911 1302 609 239 370 5352 693 4659 1280 3111 2602 394 2208 140 63 1066 1142 4638 67 3003 2768 1427 2104
cat_boundaries=0 1 2 3 4
cat_threshold=131 2131 6194 2096
is_linear=0
shrinkage=0.03


Tree=34
num_leaves=31
num_cat=1
split_feature=9 9 50 48 9 9 48 9 55 6 6 6 3 47 28 47 3 7 6 7 21 53 16 54 50 0 6 6 9 6
split_gain=6187.75 2381.85 864.863 626.988 185.601 155.774 125.704 101.939 83.7404 81.3082 68.0625 103.955 68.0401 66.6972 56.718 56.1429 55.57 54.7188 54.5731 54.8044 54.2053 51.063 69.3501 45.2625 46.3681 44.775 51.0786 44.319 44.1175 42.7429
threshold=24.212922096252445 29.621734619140629 22.54800810828748 25.641321372985846 31.742348672990726 23.32857704100098 26.774087142944342 21.699362754821781 0.59923372016899512 10.500000000000002 12.500000000000002 14.500000000000002 2.8888675000000004 23.55051422119141 25.537806510925297 24.891921043396 0.27658100000000008 22.500000000000004 11.500000000000002 40.500000000000007 33.55049133300782 1.1704946002080447 -1.3670800000000003 1.1872358270521344 25.170495557866701 0 9.5000000000000018 9.5000000000000018 26.449912073642583 10.500000000000002
decision_type=2 2 2 2 2 2 2 2 2 2 2 2 2 2 2 2 2 2 2 2 2 2 2 2 2 9 2 2 2 2
left_child=2 3 7 9 14 21 28 -1 25 12 16 17 23 -8 -3 -15 -11 -12 19 -17 -6 -4 -23 24 -2 26 -7 -24 29 -5
right_child=1 4 5 6 20 8 13 -9 -10 10 11 -13 -14 15 -16 18 -18 -19 -20 -21 -22 22 27 -25 -26 -27 -28 -29 -30 -31
leaf_value=-0.025870228440081376 0.024149740440400889 0.0089850379899144173 -0.010306450139658982 0.024231869808966792 0.083753824104865385 0.029206420735879375 -0.016356448016088942 -0.017674421111147927 0.0059687832019314196 0.019223701775234813 0.024423904894062504 -0.00032869169923622257 0.0057204852494530025 0.059956475833594168 0.061479604179076705 0.042780667568005137 -0.0025666809574564631 0.010256255359082452 0.018949893638784191 0.026592475884406355 0.11063760876655579 0.042432069224683011 0.030157938382491978 -0.018374243706464767 0.011964054325998199 -0.0065708945207414368 -0.00046763470598031287 -0.010975765339874972 0.028978667380455746 0.014374534520109805
leaf_weight=2014 659 20 4027 769 270 55 23 4244 1043 118 359 647 619 77 251 508 981 775 191 299 90 37 29 30 490 1958 1028 126 556 816
leaf_count=2014 659 20 4027 769 270 55 23 4244 1043 118 359 647 619 77 251 508 981 775 191 299 90 37 29 30 490 1958 1028 126 556 816
internal_value=3.77777e-06 0.0202648 -0.0118904 0.015794 0.0763582 -0.00554293 0.02594 -0.0203121 -0.00136642 0.00876901 0.00564396 0.00926677 0.0137746 0.0341927 0.0576055 0.0352742 -0.00022704 0.0147414 0.0333699 0.0367828 0.0904748 -0.00958579 0.00552927 0.0180033 0.0189531 -0.00388224 0.00102985 -0.00327978 0.0217076 0.0191571
internal_weight=23109 8548 14561 7917 631 8303 3239 6258 4084 4678 2880 1781 1798 1098 271 1075 1099 1134 998 807 360 4219 192 1179 1149 3041 1083 155 2141 1585
internal_count=23109 8548 14561 7917 631 8303 3239 6258 4084 4678 2880 1781 1798 1098 271 1075 1099 1134 998 807 360 4219 192 1179 1149 3041 1083 155 2141 1585
cat_boundaries=0 1
cat_threshold=2194
is_linear=0
shrinkage=0.03


Tree=35
num_leaves=31
num_cat=2
split_feature=9 9 9 49 9 9 51 33 45 6 0 6 6 6 0 6 3 54 51 3 55 6 54 6 6 55 15 6 6 7
split_gain=5822.1 2243.92 816.865 650.89 149.282 137.426 123.823 124.032 116.059 80.4549 69.9925 65.8656 92.7464 64.9201 62.6935 57.6719 81.7111 64.571 55.1962 54.5018 52.8559 64.9005 64.0299 52.5463 52.2896 45.0099 44.7768 43.9349 55.368 42.0385
threshold=24.212922096252445 30.152811050415043 22.710437774658207 25.725592231991946 27.742073059082035 21.699362754821781 23.387689622301028 22.595397949218754 33.201393127441413 10.500000000000002 0 12.500000000000002 14.500000000000002 8.5000000000000018 1 10.500000000000002 0.22337950000000004 2.0915897097715273 25.132162380267747 0.27658100000000008 2.0744132084195979 10.500000000000002 0.71842493086123682 15.500000000000002 11.500000000000002 0.48098494831826749 1.7564724951979993 10.500000000000002 11.500000000000002 24.500000000000004
decision_type=2 2 2 2 2 2 2 2 2 2 9 2 2 2 9 2 2 2 2 2 2 2 2 2 2 2 2 2 2 2
left_child=2 3 5 9 15 -1 27 -8 13 10 -2 19 29 -3 25 16 -5 24 -12 -11 21 22 -6 -7 -17 -9 -27 -4 -29 -13
right_child=1 8 6 4 20 23 7 14 -10 11 18 12 -14 -15 -16 17 -18 -19 -20 -21 -22 -23 -24 -25 -26 26 -28 28 -30 -31
leaf_value=-0.025056541233972447 0.0060075415709761777 0.10416317786489214 -0.0025400806224538624 0.065105087757110588 0.041731280251161053 -0.014130676565427706 0.064358919423360084 9.2832097813651799e-05 0.098681945198037649 0.018466419179549835 0.02449849837934371 0.02216406107022378 0.00031487886113131165 0.064492872612085181 -0.0040165683612275946 0.0076979646729846236 0.026001738366381619 0.063488208756649067 0.011386493554748937 -0.0024077378877856927 0.0015654488676978696 0.031645312776691033 0.071687771518205851 -0.020838015204089198 0.02143411453871796 0.0055254526212284308 0.02631061749744483 -0.0265152563882016 -0.0095713389905773914 0.010210058163505212
leaf_weight=2093 721 42 736 50 190 3829 26 944 178 127 615 399 677 320 2719 353 1262 28 545 991 31 285 97 1449 850 318 132 189 2126 787
leaf_count=2093 721 42 736 50 190 3829 26 944 178 127 615 399 677 320 2719 353 1262 28 545 991 31 285 97 1449 850 318 132 189 2126 787
internal_value=3.57919e-06 0.0196568 -0.0115338 0.0156654 0.026298 -0.0185516 -0.00433932 -0.000959206 0.0788481 0.00878545 0.0136437 0.00571993 0.00917442 0.0690955 -0.00137211 0.0231158 0.027492 0.0184517 0.0181814 -3.65233e-05 0.0397182 0.041786 0.0518559 -0.0159721 0.0174035 0.00378756 0.0116224 -0.00892479 -0.0109547 0.0142317
internal_weight=23109 8548 14561 8008 3146 7371 7190 4139 540 4862 1881 2981 1863 362 4113 2543 1312 1231 1160 1118 603 572 287 5278 1203 1394 450 3051 2315 1186
internal_count=23109 8548 14561 8008 3146 7371 7190 4139 540 4862 1881 2981 1863 362 4113 2543 1312 1231 1160 1118 603 572 287 5278 1203 1394 450 3051 2315 1186
cat_boundaries=0 1 2
cat_threshold=680 6162
is_linear=0
shrinkage=0.03


Tree=36
num_leaves=31
num_cat=3
split_feature=9 9 18 49 9 18 45 9 9 6 54 6 2 28 0 54 42 8 0 0 6 6 6 10 34 47 58 55 55 46
split_gain=5488.74 1838.9 1172.47 376.747 229.77 130.83 109.2 81.3416 77.9686 61.0833 59.4521 71.4172 53.3529 51.018 65.2856 50.8354 73.9489 49.218 47.9054 44.939 44.825 49.4682 44.8061 42.6067 41.8834 50.7072 41.739 41.6499 41.5875 45.1139
threshold=24.821648597717289 30.152811050415043 22.75206279754639 26.318491649627688 23.77419471740723 21.904134752155766 33.201393127441413 25.784105300903324 27.742073059082035 8.5000000000000018 0.44910447296408162 10.500000000000002 8.9239605000000015 23.785821914672855 0 1.7778165029462605 23.305009841918949 1.5000000000000002 1 2 10.500000000000002 11.500000000000002 14.500000000000002 4.5000000000000009 24.929167747497562 24.158403396606449 21.500000000000004 0.58182731748096395 2.0744132084195979 24.921129226684574
decision_type=2 2 2 2 2 2 2 2 2 2 2 2 2 2 9 2 2 2 9 9 2 2 2 2 2 2 2 2 2 2
left_child=2 3 5 7 15 -1 9 -2 -5 -3 11 18 -9 -12 23 19 -17 -7 -6 -4 27 -22 28 -15 25 -14 -16 -19 29 -10
right_child=1 6 4 8 10 17 -8 12 22 -11 13 -13 24 14 26 16 -18 20 -20 -21 21 -23 -24 -25 -26 -27 -28 -29 -30 -31
leaf_value=-0.022719873397316993 0.010473984548849659 0.10103828276906694 -0.0082289304229505433 0.025701517383745796 0.0035893021539121881 -0.0072465485907220748 0.095721484181586283 0.016061734652463047 0.073433136351406567 0.062558085822151041 -0.00018877610482741146 -0.0034605564036134994 0.017996664460349296 0.0029374582262002803 0.017979247691720955 0.06783507330715656 0.00093828087544132912 -0.012482639111612546 0.020970759549350005 -0.0022052649168220776 -0.028244272711808266 -0.016197929881344945 0.0044961716746911408 0.037983559813689102 0.024246188377603312 0.069201841736617295 0.058519019624218342 0.0067242915808513274 0.0024355379305779933 0.040256012889580167
leaf_weight=2999 2697 42 3512 1316 664 687 178 998 40 320 465 1442 28 579 480 20 58 608 177 1668 345 2771 32 33 260 46 24 122 24 474
leaf_count=2999 2697 42 3512 1316 664 687 178 998 40 320 465 1442 28 579 480 20 58 608 177 1668 345 2771 32 33 260 46 24 122 24 474
internal_value=3.4976e-06 0.0234878 -0.0090989 0.0186498 -0.00186582 -0.0178589 0.0764826 0.0134696 0.0297159 0.0670226 0.00368829 0.00059159 0.0195351 0.00816 0.0116387 -0.00594743 0.0180913 -0.0146429 0.0075395 -0.00630941 -0.0159641 -0.0175317 0.0389842 0.00474959 0.0299138 0.0498269 0.0195224 -0.00927271 0.0410356 0.0428379
internal_weight=23109 6455 16654 5915 9122 7532 540 4029 1886 362 3864 2283 1332 1581 1116 5258 78 4533 841 5180 3846 3116 570 612 334 74 504 730 538 514
internal_count=23109 6455 16654 5915 9122 7532 540 4029 1886 362 3864 2283 1332 1581 1116 5258 78 4533 841 5180 3846 3116 570 612 334 74 504 730 538 514
cat_boundaries=0 1 2 3
cat_threshold=4745 2728 621
is_linear=0
shrinkage=0.03


Tree=37
num_leaves=31
num_cat=0
split_feature=48 49 51 18 48 18 19 6 6 6 32 19 54 52 6 55 58 18 6 3 6 47 6 2 3 7 6 6 52 51
split_gain=5177.08 1560.83 1288.17 248.074 221.44 157.979 140.744 77.0842 105.82 108.521 70.1269 62.5475 58.8892 66.4149 57.9717 57.4839 60.3831 51.5083 50.7838 49.8589 49.0589 43.9372 45.2137 53.118 43.8969 39.1742 38.4822 70.3243 42.0231 40.0575
threshold=25.106233596801761 29.458676719665529 22.903654829695153 23.937906265258793 26.280783653259281 32.392505644501959 21.903992654682622 10.500000000000002 12.500000000000002 14.500000000000002 23.920035362243656 27.214878082658696 0.67263025522952213 0.1842834174354013 15.500000000000002 0.35166555927024729 21.500000000000004 22.404318809509281 15.500000000000002 3.7002795000000006 8.5000000000000018 24.921773910522464 10.500000000000002 0.9565760000000002 0.27658100000000008 46.500000000000007 12.500000000000002 10.500000000000002 0.80549369265394521 23.24179658895785
decision_type=2 2 2 2 2 2 2 2 2 2 2 2 2 2 2 2 2 2 2 2 2 2 2 2 2 2 2 2 2 2
left_child=2 4 6 14 -2 20 -1 19 24 12 -6 -12 -10 -14 15 -4 17 -17 -8 25 -3 -13 23 -23 -9 -5 27 28 -19 -28
right_child=1 5 3 7 10 -7 18 8 9 -11 11 21 13 -15 -16 16 -18 26 -20 -21 -22 22 -24 -25 -26 -27 29 -29 -30 -31
leaf_value=-0.022135527374527293 0.014484468004954398 0.098233917057514178 -0.0075244071855114459 0.020053618357913885 -0.0075128203002735976 0.087130421977907199 -0.012219999295713359 0.015302632421787294 0.0080414466746682612 -0.0035407916664487527 0.024011355116033313 0.057014473968744275 0.0764220802753698 0.019861155524439976 -0.015046912725819876 -0.014327027014655512 0.026232051351829103 0.007367061427612954 -0.019464803169390782 0.0044162973749364521 0.053854081280529494 0.068764203286170958 0.024439295388973794 0.035412225998006759 -0.0073325788862346865 0.004194955233643877 -0.0046019382635649666 -0.0098370213699278258 -0.017217727761405208 0.0067211558187755035
leaf_weight=2949 3003 24 2167 560 50 268 3842 84 789 597 1119 75 20 284 449 267 71 478 1126 590 340 50 311 306 940 187 410 786 72 895
leaf_count=2949 3003 24 2167 560 50 268 3842 84 789 597 1119 75 20 284 449 267 71 478 1126 590 340 50 311 306 940 187 410 786 72 895
internal_value=3.57603e-06 0.0252723 -0.0079757 -0.000615076 0.0195647 0.0696502 -0.0169438 0.00503894 0.00213436 0.00674548 0.0275479 0.0284899 0.0123639 0.0235823 -0.00470881 -0.00380678 -0.00110249 -0.00176987 -0.013862 0.010935 0.0567802 0.035244 0.0327961 0.0400965 -0.00547578 0.0160836 -0.000500371 -0.00407943 0.00414869 0.00316371
internal_weight=23109 5546 17563 9646 4914 632 7917 4051 2714 1690 1911 1861 1093 304 5595 5146 2979 2908 4968 1337 364 742 667 356 1024 747 2641 1336 550 1305
internal_count=23109 5546 17563 9646 4914 632 7917 4051 2714 1690 1911 1861 1093 304 5595 5146 2979 2908 4968 1337 364 742 667 356 1024 747 2641 1336 550 1305
is_linear=0
shrinkage=0.03


Tree=38
num_leaves=31
num_cat=3
split_feature=48 48 51 18 48 18 50 6 6 6 0 0 46 54 49 54 52 6 55 58 0 6 6 6 6 2 18 2 53 43
split_gain=4871.12 1468.99 1212.04 233.413 208.288 148.538 133.106 72.5285 99.5657 102.108 88.2189 67.0933 85.2436 79.7475 63.9944 55.4089 62.4897 54.5456 54.0866 56.8145 52.4734 51.2975 51.2588 50.8166 48.578 67.7146 48.4641 43.5094 51.7378 43.4476
threshold=25.106233596801761 29.414824867200199 22.903654829695153 23.937906265258793 26.280783653259281 32.392505644501959 21.941258573782843 10.500000000000002 12.500000000000002 14.500000000000002 0 1 24.814583778381351 2.4360547181571506 26.573581313937748 0.67263025522952213 0.1842834174354013 15.500000000000002 0.35166555927024729 21.500000000000004 2 15.500000000000002 8.5000000000000018 10.500000000000002 10.500000000000002 0.9565760000000002 22.404318809509281 7.250382000000001 2.0686106114793446 25.058362960815433
decision_type=2 2 2 2 2 2 2 2 2 2 9 9 2 2 2 2 2 2 2 2 9 2 2 2 2 2 2 2 2 2
left_child=2 4 6 17 20 23 -1 10 -9 15 -5 13 14 27 -13 -10 -17 18 -4 26 -2 -8 -22 -3 25 -14 -20 28 -6 -26
right_child=1 5 3 7 11 -7 21 8 9 -11 -12 12 24 -15 -16 16 -18 -19 19 -21 22 -23 -24 -25 29 -27 -28 -29 -30 -31
leaf_value=-0.021539387317862303 0.02022983914330331 0.062850506012214383 -0.0072986749836648377 0.003850643710822596 0.016654754429712898 0.084516510321800381 -0.011821545646663649 -0.0053115106969812585 0.0078002032555087326 -0.0034345679348346371 0.019563225866442449 0.030807968886738469 0.063865365483544087 -0.042537270086878291 0.075608608733862631 0.074129417650401583 0.019265320774653111 -0.014595505299811762 -0.013897216208226811 0.02544508991054666 0.032612772508687576 -0.019060431974406388 0.01028380118141658 0.038902673570723349 0.062785132229328161 0.029559111959537712 -0.00048535996642969098 -0.01654420607512997 0.064005696929019432 0.018810296120787325
leaf_weight=2909 899 246 2167 777 214 268 3867 1024 789 597 560 55 55 22 60 20 284 449 267 71 97 1141 2007 118 21 885 2641 31 23 545
leaf_count=2909 899 246 2167 777 214 268 3867 1024 789 597 560 55 55 22 60 20 284 449 267 71 97 1141 2007 118 21 885 2641 31 23 545
internal_value=3.46876e-06 0.0245141 -0.00773643 -0.000596624 0.018977 0.0675667 -0.0164355 0.00488777 0.00207033 0.00654311 0.010607 0.0267195 0.029107 0.0119585 0.0541822 0.011993 0.0228748 -0.00456754 -0.00369258 -0.00106942 0.0140499 -0.0134708 0.0112597 0.0550872 0.0273855 0.0315664 -0.00171678 0.0168783 0.02125 0.0204419
internal_weight=23109 5546 17563 9646 4914 632 7917 4051 2714 1690 1337 1911 1621 290 115 1093 304 5595 5146 2979 3003 5008 2104 364 1506 940 2908 268 237 566
internal_count=23109 5546 17563 9646 4914 632 7917 4051 2714 1690 1337 1911 1621 290 115 1093 304 5595 5146 2979 3003 5008 2104 364 1506 940 2908 268 237 566
cat_boundaries=0 1 2 3
cat_threshold=680 672 2096
is_linear=0
shrinkage=0.03


Tree=39
num_leaves=31
num_cat=0
split_feature=9 9 9 48 50 9 45 3 6 55 8 33 9 8 6 6 6 46 55 6 55 58 16 55 47 2 6 6 6 2
split_gain=4587.84 1537.86 985.895 325.252 186.957 124.046 94.0568 74.4681 75.2255 90.8417 84.1858 64.0367 63.1101 56.1168 53.6558 53.1852 56.2316 53.1103 49.3523 61.1365 47.3236 44.3425 47.1707 41.0339 39.9765 39.0609 37.5807 48.4041 46.0244 38.9522
threshold=24.821648597717289 30.152811050415043 22.787264823913578 26.280783653259281 23.706735324773685 21.699362754821781 33.201393127441413 0.27658100000000008 10.500000000000002 2.0744132084195979 2.5000000000000004 22.650546073913578 25.784105300903324 1.5000000000000002 8.5000000000000018 10.500000000000002 11.500000000000002 23.204552650451664 0.56848169296854378 10.500000000000002 0.58182731748096395 21.500000000000004 -0.73570049999999909 0.62369054870627816 22.028451919555668 6.5827470000000003 12.500000000000002 14.500000000000002 13.500000000000002 10.193601000000003
decision_type=2 2 2 2 2 2 2 2 2 2 2 2 2 2 2 2 2 2 2 2 2 2 2 2 2 2 2 2 2 2
left_child=2 3 5 12 -4 -1 14 8 9 10 -5 -6 -2 23 -3 20 -17 -9 19 25 -15 26 -23 -7 -18 -13 -20 28 -28 -30
right_child=1 6 4 7 11 13 -8 17 -10 -11 -12 18 -14 15 -16 16 24 -19 21 -21 -22 22 -24 -25 -26 -27 27 -29 29 -31
leaf_value=-0.022393539286995279 0.0095311437456653391 0.093038798570632936 -0.0060709592133999417 0.0451474509032452 0.053687427443536849 -0.010626562249346484 0.087793033317233732 -0.024617330719317706 0.026938667558530846 -0.0062879266647192147 0.093124901056289677 0.017173931676732455 0.017696655435981971 -0.011415219484060346 0.05697393833985552 -0.026705374172150059 -0.019542163192210832 0.02349339365100956 0.00067460488847681836 -0.0028930916492294458 0.0075026588229105823 0.013220734994270298 0.063357587661594161 0.0048107743484163005 -0.012888246174297145 0.0028477755260144411 0.0073107348048256048 0.0018448994160478651 0.022244478765706621 0.066165024317800997
leaf_weight=2093 2712 42 4252 211 22 555 178 21 422 26 39 230 1242 763 320 435 1267 1242 799 2019 141 57 24 215 2266 671 244 382 199 20
leaf_count=2093 2712 42 4252 211 22 555 178 21 422 26 39 230 1242 763 320 435 1267 1242 799 2019 141 57 24 215 2266 671 244 382 199 20
internal_value=3.93131e-06 0.0214746 -0.00831799 0.0170502 -0.00152048 -0.016156 0.0699379 0.0270395 0.0349035 0.0470815 0.0526319 0.00262535 0.012096 -0.0138421 0.0611583 -0.0150315 -0.0165276 0.0226935 0.00238351 6.74987e-06 -0.00846453 0.00640678 0.0280761 -0.00631614 -0.0152745 0.00650484 0.00533913 0.00974973 0.0162716 0.0262555
internal_weight=23109 6455 16654 5915 8919 7735 540 1961 698 276 250 4667 3954 5642 362 4872 3968 1263 4645 2920 904 1725 81 770 3533 901 1644 845 463 219
internal_count=23109 6455 16654 5915 8919 7735 540 1961 698 276 250 4667 3954 5642 362 4872 3968 1263 4645 2920 904 1725 81 770 3533 901 1644 845 463 219
is_linear=0
shrinkage=0.03


Tree=40
num_leaves=31
num_cat=4
split_feature=48 9 9 9 9 9 45 6 0 0 32 45 6 6 0 6 6 6 51 49 3 6 7 54 7 6 2 0 19 6
split_gain=4321.27 1316.95 1095.75 233.754 168.149 156.972 90.1803 70.6914 82.1581 62.39 62.242 53.4349 52.6807 99.1582 54.7022 54.7014 51.4019 50.2522 49.0774 64.5941 48.5807 68.8073 48.4452 47.9973 47.788 45.2921 63.6029 45.124 52.9676 46.6287
threshold=25.106233596801761 30.152811050415043 23.007195472717289 26.449912073642583 23.812981605529789 22.207475662231449 33.201393127441413 9.5000000000000018 0 1 22.018570899963382 24.950502395629886 12.500000000000002 14.500000000000002 2 10.500000000000002 8.5000000000000018 15.500000000000002 24.125827662272709 24.212150478363039 0.55585200000000012 11.500000000000002 20.500000000000004 2.0915897097715273 21.500000000000004 10.500000000000002 2.7039940000000002 3 27.214878082658696 8.5000000000000018
decision_type=2 2 2 2 2 2 2 2 9 9 2 2 2 2 9 2 2 2 2 2 2 2 2 2 2 2 2 9 2 2
left_child=2 3 5 27 23 17 16 8 -6 11 -9 -5 15 14 -14 -12 -3 24 -16 -20 21 -17 -21 -4 -1 26 -13 28 -2 -29
right_child=1 6 4 9 7 -7 -8 10 -10 -11 12 25 13 -15 18 20 -18 -19 19 22 -22 -23 -24 -25 -26 -27 -28 29 -30 -31
leaf_value=-0.010937864072182099 0.017350841223774255 0.090247634649276737 -0.0045327140415943965 0.053452542800970962 0.003314681216735481 -0.010627686961476739 0.085159240726674537 -0.036983783245086672 0.021904894668510807 0.017558626839815395 0.0060529632554002987 0.057978643105598165 0.0054780178736145756 -0.0031657175064510614 0.0098337202029384289 -0.015171527031423717 0.054935492845076435 -0.022850450789664935 0.076056727990508083 0.042488771822256376 -0.0071275376652648933 0.02597723746023169 0.013623542078470269 0.032937274286823887 -0.019069834699867439 0.023198769542302031 0.031147480286018155 0.031351441002264613 0.043065411880469091 0.010411591727919552
leaf_weight=987 952 42 4102 95 497 4180 178 36 384 513 646 96 733 677 274 58 318 1655 23 79 1040 99 155 31 1907 481 463 100 78 2230
leaf_count=987 952 42 4102 95 497 4180 178 36 384 513 646 96 733 677 274 58 318 1655 23 79 1040 99 155 31 1907 481 463 100 78 2230
internal_value=3.81337e-06 0.0230897 -0.00728618 0.0182981 0.000162539 -0.0148245 0.0676919 0.0040434 0.0117038 0.0275528 0.00227669 0.0316365 0.0026502 0.00609942 0.0110618 -0.000982435 0.0590552 -0.0186809 0.0183216 0.0280839 -0.00477932 0.0107758 0.0233686 -0.00425167 -0.0162964 0.0299479 0.0357553 0.013759 0.0191126 0.011262
internal_weight=23109 5546 17563 5008 8834 8729 538 4701 881 1648 3820 1135 3784 1941 1264 1843 360 4549 531 257 1197 157 234 4133 2894 1040 559 3360 1030 2330
internal_count=23109 5546 17563 5008 8834 8729 538 4701 881 1648 3820 1135 3784 1941 1264 1843 360 4549 531 257 1197 157 234 4133 2894 1040 559 3360 1030 2330
cat_boundaries=0 1 2 3 4
cat_threshold=680 7186 4618 2096
is_linear=0
shrinkage=0.03


Tree=41
num_leaves=31
num_cat=2
split_feature=49 49 18 48 18 49 51 3 54 55 53 6 0 0 54 55 6 26 3 55 55 6 17 3 48 52 18 55 6 55
split_gain=4066.27 1442.08 737.761 303.518 126.228 108.645 107.745 67.9502 102.503 66.3471 121.64 63.5597 64.8157 60.4056 78.6632 58.142 53.9178 52.7224 50.4587 49.4303 60.2883 67.4777 118.896 66.8704 54.5667 45.8346 47.3202 44.5799 56.5081 88.2
threshold=24.561724757859867 29.458676719665529 22.75206279754639 26.13675346396094 30.79593658447266 23.411506748058841 21.966499773523523 0.27658100000000008 2.4360547181571506 1.0063287945811139 0.87385720625292262 9.5000000000000018 0 1 1.8952896858829007 0.15166486567019785 8.5000000000000018 33.662851333618171 3.7002795000000006 1.188985185624593 0.58182731748096395 13.500000000000002 -0.55153850000000004 1.3577250000000001 24.225925827026369 1.750977874891142 25.704504966735843 1.4418979714484128 10.500000000000002 0.59923372016899512
decision_type=2 2 2 2 2 2 2 2 2 2 2 2 9 9 2 2 2 2 2 2 2 2 2 2 2 2 2 2 2 2
left_child=2 3 6 13 -3 -4 -1 9 18 -5 -11 -7 19 14 15 -2 -15 -6 27 20 -13 23 -23 -22 -24 26 -17 28 -9 -30
right_child=1 4 5 7 17 11 -8 8 -10 10 -12 12 -14 16 -16 25 -18 -19 -20 -21 21 22 24 -25 -26 -27 -28 -29 29 -31
leaf_value=-0.019879245723715116 0.060585931226935077 0.041734127224879153 -0.0066898962514923459 0.025848642356129579 0.065399452033587283 0.008726284492371391 -0.012521159002546698 0.024837772257739931 -0.042744501323803613 0.089387531487838082 0.032508878174994607 0.00025119457045750566 -0.0047979321745873164 0.027431244443763388 0.057342413550217609 0.010120974969386149 0.0059705039178295028 0.091174691915512085 -0.01681626680397218 -0.018035922593995928 0.020493283008732009 0.01200661135208793 0.10438404416399343 -0.0030715681451252493 0.038786968785524366 -0.026958723157071148 0.020727440627939769 0.041518543409471656 -0.014468713577140817 0.018379816954698071
leaf_weight=2923 23 196 3197 468 346 707 4625 916 23 46 128 1492 2064 110 37 1325 2499 90 31 100 170 120 21 299 25 26 530 97 91 384
leaf_count=2923 23 196 3197 468 346 707 4625 916 23 46 128 1492 2064 110 37 1325 2499 90 31 100 170 120 21 299 25 26 530 97 91 384
internal_value=4.32543e-06 0.0184017 -0.00860365 0.0143352 0.0617307 -0.00237094 -0.0153706 0.0235282 0.0201138 0.0317292 0.0475458 0.000391707 -0.000981526 0.00992259 0.0139467 0.0131767 0.00684907 0.07072 0.0210656 0.00256557 0.0035462 0.0112882 0.0277261 0.00547006 0.0687335 0.012597 0.0131514 0.0218548 0.0204835 0.0120867
internal_weight=23109 7366 15743 6734 632 8195 7548 2184 1542 642 174 4998 4291 4550 1941 1904 2609 436 1519 2227 2127 635 166 469 46 1881 1855 1488 1391 475
internal_count=23109 7366 15743 6734 632 8195 7548 2184 1542 642 174 4998 4291 4550 1941 1904 2609 436 1519 2227 2127 635 166 469 46 1881 1855 1488 1391 475
cat_boundaries=0 1 2
cat_threshold=6322 2160
is_linear=0
shrinkage=0.03


Tree=42
num_leaves=31
num_cat=3
split_feature=9 9 50 49 9 9 9 48 0 51 55 24 32 51 34 3 33 7 53 16 54 8 55 53 54 0 7 51 49 0
split_gain=3839.98 1470.98 550.997 432.995 100.004 99.924 80.0062 68.6451 64.7913 53.6085 47.9084 43.8695 43.474 41.6173 40.9284 40.5948 47.8934 38.5222 36.9943 40.4604 35.7795 35.6828 36.7438 53.1933 34.7618 34.7191 34.696 34.6234 32.9491 30.8426
threshold=24.212922096252445 30.152811050415043 22.54800810828748 25.725592231991946 27.742073059082035 23.422153472900394 32.788452148437507 21.765634155603035 0 25.391939036067061 0.60862394165075906 29.791568756103519 22.280719757080082 25.132162380267747 23.84283542633057 0.27658100000000008 26.774935722351078 19.500000000000004 1.1704946002080447 -1.3670800000000003 0.86799166032094799 1.5000000000000002 0.61859345340279914 0.44156221761614672 1.3796028519121983 1 15.500000000000002 23.979504171790367 25.178696918298588 2
decision_type=2 2 2 2 2 2 2 2 9 2 2 2 2 2 2 2 2 2 2 2 2 2 2 2 2 9 2 2 2 9
left_child=2 3 7 8 11 18 -3 17 9 -2 25 14 -10 27 -5 16 -6 -1 21 24 26 22 -4 -24 -20 -7 -11 -12 -14 -23
right_child=1 6 5 4 15 10 -8 -9 12 20 13 -13 28 -15 -16 -17 -18 -19 19 -21 -22 29 23 -25 -26 -27 -28 -29 -30 -31
leaf_value=-0.015216320736624536 0.016434251064175332 0.055724238350987429 -0.0067231332565157835 -0.018313191011548043 0.071774090894630979 0.0019947674652418266 0.080220080261429155 -0.013891489211256857 -0.029913429559674114 0.020170838892783809 0.00049612637355989011 0.060045472364062852 0.003408120818205651 -0.01233631935928549 0.018822453316819723 0.022192463474851605 0.034948513489203102 -0.023728122681019734 0.059976632142439479 -0.0016318164100847775 0.035001864245161413 -0.017400236217997293 0.016914072187101264 -0.0055368937837979373 0.0064243586268275974 -0.0051272790060420768 -0.0033791909459293542 0.013070983381427434 0.0099893870975691981 -0.0082766678226477881
leaf_weight=759 989 360 1059 27 35 965 180 4204 32 69 342 23 2492 105 2493 222 346 1295 20 164 30 399 166 222 24 1682 306 465 944 2690
leaf_count=759 989 360 1059 27 35 965 180 4204 32 69 342 23 2492 105 2493 222 346 1295 20 164 30 399 166 222 24 1682 306 465 944 2690
internal_value=4.13335e-06 0.0159651 -0.00936569 0.0127334 0.0214056 -0.00429928 0.0638895 -0.0160877 0.00712198 0.0125793 -0.000499603 0.018801 0.00487803 0.00543023 0.0184246 0.0323897 0.0383314 -0.0205828 -0.00714984 0.00522163 0.00347608 -0.00771714 -0.00382948 0.00406842 0.0307663 -0.00254267 0.000954015 0.00774186 0.00521625 -0.00953826
internal_weight=23109 8548 14561 8008 3146 8303 540 6258 4862 1394 3559 2543 3468 912 2520 603 381 2054 4744 208 405 4536 1447 388 44 2647 375 807 3436 3089
internal_count=23109 8548 14561 8008 3146 8303 540 6258 4862 1394 3559 2543 3468 912 2520 603 381 2054 4744 208 405 4536 1447 388 44 2647 375 807 3436 3089
cat_boundaries=0 1 2 3
cat_threshold=2128 2194 36
is_linear=0
shrinkage=0.03


Tree=43
num_leaves=31
num_cat=0
split_feature=9 9 51 48 9 9 45 5 6 2 46 9 54 6 6 47 6 2 6 6 6 6 29 51 41 47 48 54 33 6
split_gain=3616.64 1205.4 779.67 257.868 141.118 102.936 76.1546 59.7933 63.2229 62.4497 62.4332 52.293 49.7552 54.8294 48.5455 47.7153 46.2158 42.4147 39.1718 37.203 80.239 75.3102 47.4726 36.7886 40.7505 40.6976 40.9454 35.721 35.4773 53.9862
threshold=24.821648597717289 30.152811050415043 22.903654829695153 26.280783653259281 23.77419471740723 21.699362754821781 33.201393127441413 0.27658100000000008 10.500000000000002 2.7039940000000002 27.7806510925293 25.784105300903324 0.48257014722149788 10.500000000000002 15.500000000000002 23.605980873107914 8.5000000000000018 6.5827470000000003 15.500000000000002 12.500000000000002 10.500000000000002 11.500000000000002 22.43598556518555 24.015353107402671 25.784105300903324 23.150152206420902 24.29843902587891 2.0915897097715273 25.765110969543461 10.500000000000002
decision_type=2 2 2 2 2 2 2 2 2 2 2 2 2 2 2 2 2 2 2 2 2 2 2 2 2 2 2 2 2 2
left_child=2 3 5 11 18 -1 16 8 9 10 -5 -2 13 17 -7 -9 -3 -6 19 20 22 -22 -4 -14 25 26 -25 -11 -17 -30
right_child=1 6 4 7 12 14 -8 15 -10 27 -12 -13 23 -15 -16 28 -18 -19 -20 -21 21 -23 -24 24 -26 -27 -28 -29 29 -31
leaf_value=-0.020038404102417549 0.0084037231057283116 0.083660621643066396 0.045617329265390125 0.10498808091337031 0.017279386282903316 -0.010640492715171554 0.078039162493823616 -0.016016247668812867 0.02378912490267324 0.036498650728942865 0.048484905418855216 0.015836576356807443 6.3544991402532245e-06 -0.0028039618970253557 -0.016976842462641663 0.033477218386879337 0.050189417104935269 0.0025100165360068577 -0.013148904368562055 -0.00059902077459556328 -0.016715247848928399 -0.0039568390153436744 -1.2898960352106794e-05 0.071461872288158965 -0.0030913954524243261 0.011790066250520757 0.018182887528091669 -0.0024110336780548097 0.023789087026523246 0.0093690963775817579
leaf_weight=2038 2712 42 21 22 241 4398 178 32 422 141 88 1242 394 1566 1446 178 320 639 436 1945 792 878 898 21 157 750 34 25 703 350
leaf_count=2038 2712 42 21 22 241 4398 178 32 422 141 88 1242 394 1566 1446 178 320 639 436 1945 792 878 898 21 157 750 34 25 703 350
internal_value=3.63537e-06 0.0190668 -0.00738513 0.0151497 -0.00123214 -0.0142329 0.0619728 0.0240443 0.0310909 0.0422552 0.0597855 0.0107385 0.00311832 0.000563053 -0.0122083 0.0201499 0.0540728 0.00655481 -0.0045602 -0.0037343 -0.00608969 -0.0100075 0.00102979 0.0077276 0.0108899 0.0136167 0.0385258 0.0306388 0.0210901 0.0189961
internal_weight=23109 6455 16654 5915 8772 7882 540 1961 698 276 110 3954 3802 2446 5844 1263 362 880 4970 4534 2589 1670 919 1356 962 805 55 166 1231 1053
internal_count=23109 6455 16654 5915 8772 7882 540 1961 698 276 110 3954 3802 2446 5844 1263 362 880 4970 4534 2589 1670 919 1356 962 805 55 166 1231 1053
is_linear=0
shrinkage=0.03


Tree=44
num_leaves=31
num_cat=4
split_feature=48 9 9 9 50 51 9 6 34 2 45 0 6 58 6 9 18 6 47 0 6 0 6 6 6 0 52 7 7 2
split_gain=3407.92 1030.04 866.067 186.905 131.328 128.888 73.82 61.1021 59.348 58.6184 56.6897 52.3556 51.8186 50.644 45.7743 44.1966 43.0762 41.4648 40.5968 40.5894 42.4966 40.3534 50.4362 52.5769 57.1864 73.1853 75.7959 58.3772 44.1095 61.2257
threshold=25.106233596801761 30.152811050415043 23.007195472717289 26.449912073642583 24.249798488643922 22.269414075236494 32.788452148437507 9.5000000000000018 21.505230903625492 6.5827470000000003 23.167462349562992 0 8.5000000000000018 22.500000000000004 14.500000000000002 27.742073059082035 21.326839447021488 15.500000000000002 24.426015853881839 1 10.500000000000002 2 9.5000000000000018 12.500000000000002 15.500000000000002 3 0.11455532420204596 37.500000000000007 20.500000000000004 10.193601000000003
decision_type=2 2 2 2 2 2 2 2 2 2 2 9 2 2 2 2 2 2 2 9 2 9 2 2 2 9 2 2 2 2
left_child=2 3 5 19 7 16 -3 9 -9 12 -5 13 -4 18 15 -12 -1 -7 -10 -2 -21 -6 -23 -24 25 -25 -27 -26 29 -28
right_child=1 6 4 10 21 17 -8 8 11 -11 14 -13 -14 -15 -16 -17 -18 -19 -20 20 -22 22 23 24 27 26 28 -29 -30 -31
leaf_value=-0.023039335327239615 0.020273369839797266 0.052070910624701885 0.00051875776030561502 -0.024432643513594355 -0.0041866754368819134 -0.0079578452869215801 0.0756225817563633 -0.049837146198749536 -0.0023063686054982505 0.00019020344087463992 0.022618431518809542 -0.0060385741599018579 0.030688155459803201 0.044496267007096954 0.0081703043700274043 0.033236335132908273 -0.015311136945071814 -0.015947785127006391 0.0087248251141104644 0.014681053458162069 0.0073499610538529415 0.014923761044526413 0.00016581099238635055 0.0031678829953324162 0.0059122554866542802 0.075609306159683254 0.018332772312804738 -0.032835683614577886 0.011562654364220933 0.060571369259091817
leaf_weight=782 497 358 85 21 364 3422 180 25 1631 548 926 2947 129 23 131 570 3820 705 368 1323 1540 510 1187 421 103 22 94 53 278 46
leaf_count=782 497 358 85 21 364 3422 180 25 1631 548 926 2947 129 23 131 570 3820 705 368 1323 1540 510 1187 421 103 22 94 53 278 46
internal_value=3.52632e-06 0.020505 -0.00647037 0.0162674 0.000151811 -0.0131722 0.0599507 -0.00252301 -0.00373038 0.00538989 0.0245428 -0.00349841 0.018705 0.000232511 0.025175 0.026664 -0.0166244 -0.00932274 -0.000275614 0.0122085 0.0107003 0.00515384 0.00639844 0.00445473 0.00946058 0.0124887 0.0208609 -0.00725211 0.0184784 0.0322112
internal_weight=23109 5546 17563 5008 8834 8729 538 5756 4994 762 1648 4969 214 2022 1627 1496 4602 4127 1999 3360 2863 3078 2714 2204 1017 861 440 156 418 140
internal_count=23109 5546 17563 5008 8834 8729 538 5756 4994 762 1648 4969 214 2022 1627 1496 4602 4127 1999 3360 2863 3078 2714 2204 1017 861 440 156 418 140
cat_boundaries=0 1 2 3 4
cat_threshold=6194 48 544 4105
is_linear=0
shrinkage=0.03


Tree=45
num_leaves=31
num_cat=1
split_feature=9 9 50 18 9 6 9 6 0 54 6 20 9 6 17 6 7 58 44 43 38 28 6 7 54 6 7 23 6 6
split_gain=3208.69 1224.82 461.529 335.402 103.408 87.2757 75.5766 71.9281 60.4337 89.7209 63.9952 60.3125 60.2176 48.2569 45.8802 45.5228 41.6878 39.3608 45.4753 38.1605 50.6887 47.1765 39.8791 50.6813 47.3656 35.5682 55.2918 34.7861 32.9294 51.8611
threshold=24.212922096252445 29.621734619140629 22.54800810828748 25.704504966735843 32.369287493173836 15.500000000000002 23.422153472900394 14.500000000000002 0 1.8952896858829007 10.500000000000002 21.392310142517093 26.786006927490238 14.500000000000002 -0.90583449999999999 11.500000000000002 42.500000000000007 21.500000000000004 23.326262474060062 23.452565193176273 25.399943351745609 27.150899887084964 11.500000000000002 40.500000000000007 0.68182106653269059 15.500000000000002 41.500000000000007 27.42507362365723 12.500000000000002 10.500000000000002
decision_type=2 2 2 2 2 2 2 2 9 2 2 2 2 2 2 2 2 2 2 2 2 2 2 2 2 2 2 2 2 2
left_child=2 3 11 8 14 6 -4 12 13 10 -10 -1 27 -2 -3 -12 -7 28 -19 -14 21 -21 23 24 -22 -17 -27 -5 29 -8
right_child=1 4 5 7 -6 16 17 -9 9 -11 15 -13 19 -15 -16 25 -18 18 -20 20 22 -23 -24 -25 -26 26 -28 -29 -30 -31
leaf_value=-0.021180462912381303 0.0034820948253640313 0.047929427423686895 -0.0056867312607205272 0.016402941177700796 0.068861098752874467 -0.010142659767873147 0.0026734800154687168 0.0058453382259150118 0.01519406813148288 0.056754864181791029 -0.0016325595357614619 -0.013372316878571846 -0.01088551721535623 -0.014311208291817456 0.012666835736584019 0.0098434364085526332 -0.02776955727979822 0.056675111304806625 0.0068241220514655334 0.059609229177236558 0.029028685651195988 0.01271414295412027 0.0087075610162794647 0.017388986466864091 0.053322731933850176 0.0056085148513797794 -0.033213492174943286 0.037023681732160703 0.0033130470084330233 -0.0072428467752630983
leaf_weight=1075 1605 324 4248 1681 270 502 869 330 892 35 570 5183 24 150 37 1396 159 23 58 75 403 26 116 280 88 124 45 77 1398 1046
leaf_count=1075 1605 324 4248 1681 270 502 869 330 892 35 570 5183 24 150 37 1396 159 23 58 75 403 26 116 280 88 124 45 77 1398 1046
internal_value=3.59208e-06 0.0145937 -0.00856148 0.0113877 0.0548182 -0.00392461 -0.00302003 0.0190849 0.00643416 0.00896851 0.0084456 -0.0147136 0.0206621 0.00195019 0.0443153 0.0056261 -0.0143827 0.000317679 0.0209793 0.0264921 0.0274 0.0475372 0.0251071 0.0275744 0.0333828 0.00826983 -0.00472871 0.0173061 -0.000187481 -0.00274296
internal_weight=23109 8548 14561 7917 631 8303 7642 3100 4817 3062 3027 6258 2770 1755 361 2135 661 3394 81 1012 988 101 887 771 491 1565 169 1758 3313 1915
internal_count=23109 8548 14561 7917 631 8303 7642 3100 4817 3062 3027 6258 2770 1755 361 2135 661 3394 81 1012 988 101 887 771 491 1565 169 1758 3313 1915
cat_boundaries=0 1
cat_threshold=649
is_linear=0
shrinkage=0.03


Tree=46
num_leaves=31
num_cat=2
split_feature=48 9 9 50 9 9 45 0 10 7 54 39 29 55 30 10 48 51 0 20 19 43 9 9 30 55 46 52 17 7
split_gain=3023.99 873.759 827.405 139.38 138.25 118.538 66.3182 52.7858 45.0889 66.2676 43.984 43.3933 47.8568 39.4792 41.7674 36.7629 42.7146 77.2453 39.0558 36.1712 36.0771 36.324 43.9739 34.9094 39.0248 31.2705 28.0569 27.9736 27.881 27.5184
threshold=25.234302711441408 30.152811050415043 23.007195472717289 24.249798488643922 26.449912073642583 22.207475662231449 33.201393127441413 0 5.5000000000000009 26.500000000000004 1.6298217112527733 23.933690071105961 22.453336715698246 0.33321172614404237 22.250443458557132 3.5000000000000004 24.225925827026369 24.329448858914393 1 21.368885993957523 27.214878082658696 24.367428779602054 25.219780921936039 27.742073059082035 27.86247539520264 1.3792114218114169 24.327104568481449 1.1068602723202836 -0.83076099999999997 21.500000000000004
decision_type=2 2 2 2 2 2 2 9 2 2 2 2 2 2 2 2 2 2 9 2 2 2 2 2 2 2 2 2 2 2
left_child=2 4 5 8 20 19 -3 -6 10 -10 13 -7 -13 -4 -15 18 17 -17 -5 -1 -2 -22 -23 26 -25 -16 -9 -20 -26 -21
right_child=1 6 3 15 7 11 -8 23 9 -11 -12 12 -14 14 25 16 -18 -19 27 29 21 22 -24 24 28 -27 -28 -29 -30 -31
leaf_value=-0.020926272640955517 0.011554775328657016 0.049189016302232956 -0.0052770601420428602 -0.0031880422494375902 0.0077452058487516989 -0.0095477206347134094 0.071584872328833246 0.052288278438724002 -0.039152571871455703 0.00014532656090833791 0.041375186315604613 0.043366363365203137 -0.0010394546849492156 -0.012940720947367947 0.0011955778672338286 0.083791024344308032 0.01005454424043415 0.008771903049200773 0.0053275623139321018 -0.010769122376639729 -0.00090649416271064963 0.071943463969230639 0.024700961619592652 0.042836834986899358 0.029917220537770427 -0.018938494240733936 0.020650057550121583 0.034464479357004162 0.0097908956138417109 -0.016283108751015296
leaf_weight=958 2799 359 2180 541 211 3915 178 26 73 82 21 24 243 214 3129 21 313 30 2582 1249 28 25 61 177 301 71 848 30 78 2342
leaf_count=958 2799 359 2180 541 211 3915 178 26 73 82 21 24 243 214 3129 21 313 30 2582 1249 28 25 61 177 301 71 848 30 78 2342
internal_value=3.48431e-06 0.0204196 -0.0057651 0.000468247 0.0161518 -0.0123954 0.0566126 0.023116 -0.00240109 -0.0183627 -0.00196048 -0.00874967 0.00295208 -0.00212316 -0.000109251 0.0051757 0.0142029 0.0396621 0.00413355 -0.015747 0.0122286 0.0287716 0.0384342 0.0251539 0.0312066 0.000748853 0.0215912 0.00564062 0.0257751 -0.0143653
internal_weight=23109 5091 18018 9287 4554 8731 537 1641 5770 155 5615 4182 267 5594 3414 3517 364 51 3153 4549 2913 114 86 1430 556 3200 874 2612 379 3591
internal_count=23109 5091 18018 9287 4554 8731 537 1641 5770 155 5615 4182 267 5594 3414 3517 364 51 3153 4549 2913 114 86 1430 556 3200 874 2612 379 3591
cat_boundaries=0 1 2
cat_threshold=672 672
is_linear=0
shrinkage=0.03


Tree=47
num_leaves=31
num_cat=4
split_feature=9 9 18 48 9 0 9 0 3 51 55 24 52 46 54 43 55 9 9 35 55 0 33 7 28 51 17 52 16 0
split_gain=2850.04 944.459 620.497 204.229 121.671 78.275 62.3333 53.8408 49.4357 45.7382 44.1783 41.9616 41.1037 39.977 38.9705 81.9327 38.9287 42.8215 38.1049 48.9837 35.4747 34.9429 31.4364 31.169 30.4272 26.6765 26.2733 28.771 31.1247 26.2704
threshold=24.821648597717289 30.152811050415043 22.75206279754639 26.280783653259281 23.77419471740723 0 32.788452148437507 1 0.27658100000000008 21.966499773523523 2.0744132084195979 27.435672760009769 1.400509900270275 24.155658721923832 2.0915897097715273 23.764947891235355 0.15166486567019785 25.784105300903324 27.742073059082035 26.711452484130863 0.35979755037038469 2 25.765110969543461 38.500000000000007 22.094651222229007 23.387689622301028 -1.0047304999999997 0.12935752123479169 -5.3269234999999986 3
decision_type=2 2 2 2 2 9 2 9 2 2 2 2 2 2 2 2 2 2 2 2 2 9 2 2 2 2 2 2 2 9
left_child=2 3 5 7 14 26 -3 16 13 -7 22 20 -9 -5 21 -16 -2 -18 -15 -20 -6 -4 23 -10 -22 -23 27 28 -1 -26
right_child=1 6 4 8 11 9 -8 12 10 -11 -12 -13 -14 18 15 -17 17 -19 19 -21 24 25 -24 -25 29 -27 -28 -29 -30 -31
leaf_value=-0.018723218025819909 0.052232535394839942 0.047697954795323315 -0.0062034002123133409 0.061660341560840597 -0.0014884393411474009 -0.01546052508323263 0.069319691824416316 0.0077603139204381931 0.038507361563444135 -0.0093911379242078586 -0.024307033067399807 0.040016453713178635 -0.018430989836660128 0.018419824653120531 0.053825976535677909 -0.022395898225632579 0.0095421915797635742 0.021564661671591281 0.07844977176189423 0.03015463505508811 -0.024037612365050746 -0.0053786394158469994 0.016588246999458253 0.012052207858128062 0.0012635376535141431 0.0023058941623328652 -0.019696518216956751 -0.016068456184002572 0.019254602603256128 0.0075600268334498604
leaf_weight=31 25 360 3537 30 1324 1544 180 2765 125 4045 22 27 55 304 30 22 663 446 20 344 33 701 1057 59 1038 968 1668 192 52 1442
leaf_count=31 25 360 3537 30 1324 1544 180 2765 125 4045 22 27 55 304 30 22 663 446 20 344 33 701 1057 59 1038 968 1668 192 52 1442
internal_value=3.43896e-06 0.016926 -0.00655567 0.0134588 -0.00129378 -0.0129283 0.0549052 0.00953305 0.0213744 -0.0110481 0.0178334 0.00274789 0.00722387 0.0277817 -0.00426392 0.0215783 0.0150788 0.0143772 0.0262602 0.0328082 0.00248564 -0.00452205 0.0185804 0.0300245 0.00457943 -0.000916212 -0.0181864 -0.00968845 0.00507012 0.00496022
internal_weight=23109 6455 16654 5915 9122 7532 540 3954 1961 5589 1263 3864 2820 698 5258 52 1134 1109 668 364 3837 5206 1241 184 2513 1669 1943 275 83 2480
internal_count=23109 6455 16654 5915 9122 7532 540 3954 1961 5589 1263 3864 2820 698 5258 52 1134 1109 668 364 3837 5206 1241 184 2513 1669 1943 275 83 2480
cat_boundaries=0 1 2 3 4
cat_threshold=4132 2096 621 649
is_linear=0
shrinkage=0.03


Tree=48
num_leaves=31
num_cat=0
split_feature=9 49 9 18 51 9 29 6 6 53 9 6 6 6 3 27 6 6 6 2 10 43 38 28 6 6 45 6 2 9
split_gain=2681.73 1022.96 388.708 282.406 107.204 93.838 93.723 62.436 53.367 54.8148 50.0156 49.7786 47.4992 83.8626 46.9783 46.82 47.7724 48.3606 45.6846 53.1534 47.9796 45.6673 44.426 50.9862 40.4753 53.2471 39.4793 38.5726 66.3877 38.0354
threshold=24.212922096252445 29.458676719665529 22.358448982238773 25.704504966735843 23.359149932892581 30.76584625244141 22.488289833068851 14.500000000000002 10.500000000000002 1.849406709187122 26.786006927490238 17.500000000000004 15.500000000000002 12.500000000000002 2.8888675000000004 22.702013017153323 11.500000000000002 14.500000000000002 10.500000000000002 6.5827470000000003 4.5000000000000009 23.452565193176273 25.399943351745609 27.650146484375004 10.500000000000002 11.500000000000002 21.956640243999029 10.500000000000002 0.9565760000000002 33.480255128500978
decision_type=2 2 2 2 2 2 2 2 2 2 2 2 2 2 2 2 2 2 2 2 2 2 2 2 2 2 2 2 2 2
left_child=2 3 11 8 24 -3 -6 10 14 15 -5 -1 13 18 -2 -10 -17 -18 19 -8 -20 -12 23 -23 -4 -26 -27 28 -24 -7
right_child=1 5 4 7 6 29 12 -9 9 -11 21 -13 -14 -15 -16 16 17 -19 20 -21 -22 22 27 -25 25 26 -28 -29 -30 -31
leaf_value=-0.012561939777779181 0.013283483853609359 0.032829835056992517 -0.0020419710955379444 0.015941407344978266 0.061065424179488952 0.053302526208706673 0.021515415761898329 0.0052678774109652347 -0.028921322070243883 0.038269941888749597 -0.014123667172259755 -0.019305293538420851 -0.012638564196158737 0.0051793531430533125 0.0031907462439246075 -0.0023454674883526465 0.009241344164653548 -0.00072260835579529429 -0.00595057550324893 -0.00092482746153775216 -0.041980073443230459 0.053399439474170127 0.058047782263513342 0.0023955969580195164 -0.021887793035250055 -0.017014575762021523 -0.0065731382134987552 0.014854210954514217 0.024321977440554587 0.075195222655932106
leaf_weight=4170 1228 196 1053 1757 22 346 107 335 41 40 27 1290 295 1607 627 906 1334 653 1538 847 34 89 59 22 257 366 2975 319 479 90
leaf_count=4170 1228 196 1053 1757 22 346 107 335 41 40 27 1290 295 1607 627 906 1334 653 1538 847 34 89 59 22 257 366 2975 319 479 90
internal_value=3.3698e-06 0.0133417 -0.00782687 0.0104093 -0.00403032 0.050071 -0.000701619 0.0174964 0.00587882 0.00338807 0.0189849 -0.0141551 -0.0010085 -0.000178385 0.00987208 0.00291252 0.00336367 0.00596683 -0.00358689 0.00159206 -0.00672984 0.0243593 0.0254326 0.0432906 -0.00721518 -0.00872918 -0.00771698 0.0231196 0.0280205 0.0578217
internal_weight=23109 8548 14561 7916 9101 632 4450 3087 4829 2974 2752 5460 4428 4133 1855 2934 2893 1987 2526 954 1572 995 968 111 4651 3598 3341 857 538 436
internal_count=23109 8548 14561 7916 9101 632 4450 3087 4829 2974 2752 5460 4428 4133 1855 2934 2893 1987 2526 954 1572 995 968 111 4651 3598 3341 857 538 436
is_linear=0
shrinkage=0.03


Tree=49
num_leaves=31
num_cat=3
split_feature=48 9 9 18 51 6 0 6 6 54 10 34 0 51 0 8 54 44 9 54 52 6 2 51 21 13 55 50 6 6
split_gain=2530.7 729.649 691.722 138.891 125.961 107.743 113.441 93.1283 104.904 89.7961 78.2609 70.8626 62.2342 49.4588 60.3417 51.7047 69.2456 49.1166 46.8186 45.1922 54.5988 41.8776 42.0369 53.8907 39.3972 38.1773 37.0009 36.9263 36.7325 35.3002
threshold=25.234302711441408 30.76584625244141 23.175347328186039 27.204222679138187 22.269414075236494 10.500000000000002 0 12.500000000000002 14.500000000000002 0.26373955683571271 5.5000000000000009 22.127520561218265 1 23.997975571926599 2 1.5000000000000002 0.74504879116266887 23.621194839477543 25.784105300903324 1.8952896858829007 0.8584381342081705 10.500000000000002 0.9565760000000002 28.539761892842289 33.55049133300782 1.5000000000000002 0.37302433952641795 23.256384038925173 17.500000000000004 14.500000000000002
decision_type=2 2 2 2 2 2 9 2 2 2 2 2 9 2 9 2 2 2 2 2 2 2 2 2 2 2 2 2 2 2
left_child=2 3 4 18 28 6 19 10 9 -9 12 -11 -7 -13 15 16 25 -5 -2 20 -4 22 23 -19 -3 -15 -17 -22 -1 -20
right_child=1 24 5 17 -6 7 -8 8 -10 11 -12 13 -14 14 -16 26 -18 21 29 -21 27 -23 -24 -25 -26 -27 -28 -29 -30 -31
leaf_value=-0.01274937118343094 0.0086131332761109018 0.050748582191059682 0.0016369472438404011 -0.010290137424188502 -0.0074642429179734727 0.0031294107723162873 0.013777582471078157 -0.008902027950877146 -0.0043805082431523463 -0.022874891417367114 -0.03918291550490164 0.0048519161738096034 -0.0080498141634769167 0.0028470537493583458 0.010136411898838639 0.051128895074129106 0.07998203291247287 0.087587655108907952 0.016899992521889826 0.040739693212509157 0.0095609031289815901 0.019843403902157566 0.026411871313217226 0.037961116459247837 0.072946313023567202 0.053435541522502891 0.0046308288586312044 -0.0328351578016726 -0.018790460683783955 0.0047436055909750646
leaf_weight=3399 1604 359 1322 34 4912 614 1030 315 1495 63 62 968 1632 29 673 20 36 23 1808 25 25 456 336 137 90 25 67 71 1235 244
leaf_count=3399 1604 359 1322 34 4912 614 1030 315 1495 63 62 968 1632 29 673 20 36 23 1808 25 25 456 336 137 90 25 67 71 1235 244
internal_value=3.26869e-06 0.0186801 -0.00527388 0.0151479 -0.0108114 0.000965642 0.00623492 -0.00120654 0.00174922 0.00592223 -0.00593344 0.00840476 -0.0050156 0.00948871 0.0147692 0.0301104 0.0477534 0.0251403 0.012453 0.000750353 5.0614e-05 0.0264056 0.0324387 0.0450949 0.055198 0.0262676 0.01532 -0.0217945 -0.0143594 0.0154545
internal_weight=23109 5091 18018 4642 9546 8472 2473 5999 3691 2196 2308 1881 2246 1818 850 177 90 986 3656 1443 1418 952 496 160 449 54 87 96 4634 2052
internal_count=23109 5091 18018 4642 9546 8472 2473 5999 3691 2196 2308 1881 2246 1818 850 177 90 986 3656 1443 1418 952 496 160 449 54 87 96 4634 2052
cat_boundaries=0 1 2 3
cat_threshold=556 4146 2192
is_linear=0
shrinkage=0.03


Tree=50
num_leaves=31
num_cat=2
split_feature=48 9 9 48 9 6 0 6 6 54 47 10 34 0 54 6 10 48 55 54 53 44 46 6 6 2 50 9 9 55
split_gain=2381.07 686.527 650.917 130.931 120.459 101.415 106.804 87.6588 98.7316 84.5054 76.3795 73.6328 66.6817 58.5884 47.2541 64.8724 49.2306 119.726 44.5639 42.5213 46.4184 41.702 39.9245 38.861 38.7471 52.8463 48.631 38.6811 37.2941 36.9578
threshold=25.234302711441408 30.76584625244141 23.175347328186039 26.774087142944342 22.207475662231449 10.500000000000002 0 12.500000000000002 14.500000000000002 0.26373955683571271 23.186682701110843 5.5000000000000009 22.127520561218265 1 0.64567202798052159 13.500000000000002 3.5000000000000004 24.225925827026369 0.58182731748096395 1.8952896858829007 0.75965336545137829 22.49544715881348 22.971135139465336 15.500000000000002 10.500000000000002 0.9565760000000002 28.978397703170781 25.784105300903324 33.480255128500978 1.4418979714484128
decision_type=2 2 2 2 2 2 9 2 2 2 2 2 2 9 2 2 2 2 2 2 2 2 2 2 2 2 2 2 2 2
left_child=2 3 4 27 23 6 19 11 9 -9 -5 13 -11 22 -14 -16 -17 -18 -6 20 -4 -22 -7 -1 25 26 -12 -2 -3 -26
right_child=1 28 5 10 18 7 -8 8 -10 12 24 -13 14 -15 15 16 17 -19 -20 -21 21 -23 -24 -25 29 -27 -28 -29 -30 -31
leaf_value=-0.011922255726670331 0.0081915845079770875 0.0492130272997372 0.0018668742705252952 -0.0353078319132328 -0.0086807663440416211 -0.038603807285428046 0.013368229214067889 -0.0086349670851292703 -0.0042490929970252994 -0.022188644885484658 0.073856207293433118 -0.038007428319223463 0.005987054231411007 -0.0078097904535331204 0.0068153731831767737 0.020556114142882109 0.1088917281318988 0.018283865754093444 -0.0015755881234948493 0.039517502689361571 0.021835443301295689 -0.023066338301436159 0.0044902099142417121 -0.017685774178854738 0.014822392029914748 0.024002101613988011 0.034629280091058916 0.014636410235527949 0.070810168266296381 0.035944363006221301
leaf_weight=2894 1592 359 1275 20 4006 20 1030 315 1495 63 37 62 1260 1632 295 207 21 35 991 25 22 121 594 1655 488 524 123 1770 90 88
leaf_count=2894 1592 359 1275 20 4006 20 1030 315 1495 63 37 62 1260 1632 295 207 21 35 991 25 22 121 594 1655 488 524 123 1770 90 88
internal_value=3.41721e-06 0.0181197 -0.00511535 0.0146934 -0.0104871 0.000937346 0.00604954 -0.00117008 0.00169756 0.00574595 0.022859 -0.00575608 0.00815423 -0.00486579 0.00920572 0.0164737 0.0273071 0.0522618 -0.00727167 0.000727842 4.90956e-05 -0.0161584 0.00303703 -0.0140191 0.0237822 0.0286099 0.0437005 0.0115846 0.0535421 0.0180494
internal_weight=23109 5091 18018 4642 9546 8472 2473 5999 3691 2196 1280 2308 1881 2246 1818 558 263 56 4997 1443 1418 143 614 4549 1260 684 160 3362 449 576
internal_count=23109 5091 18018 4642 9546 8472 2473 5999 3691 2196 1280 2308 1881 2246 1818 558 263 56 4997 1443 1418 143 614 4549 1260 684 160 3362 449 576
cat_boundaries=0 1 2
cat_threshold=556 4146
is_linear=0
shrinkage=0.03


Tree=51
num_leaves=31
num_cat=3
split_feature=9 9 51 48 9 6 46 45 0 6 0 32 6 6 2 55 54 0 6 33 13 54 9 10 26 53 2 46 55 55
split_gain=2241.12 740.948 495.086 162.727 86.727 75.7418 62.7973 52.2774 46.2861 49.2174 45.8628 42.0438 40.5042 39.211 64.8235 46.9556 38.4001 58.3221 41.2604 37.9914 36.8611 36.5194 35.4889 35.4251 33.6839 33.3981 33.0237 32.4711 39.0865 34.1709
threshold=24.821648597717289 30.152811050415043 22.903654829695153 26.369780921936037 23.77419471740723 15.500000000000002 23.168900489807132 33.201393127441413 0 14.500000000000002 1 21.484663963317875 8.5000000000000018 10.500000000000002 0.9565760000000002 2.0744132084195979 0.48257014722149788 2 10.500000000000002 25.455327987670902 1.5000000000000002 0.09955974366383985 25.784105300903324 4.5000000000000009 28.640399932861332 0.43245286735495053 6.5827470000000003 24.155658721923832 0.51984540105684873 0.58751046157825759
decision_type=2 2 2 2 2 2 2 2 9 2 9 2 2 2 2 2 2 9 2 2 2 2 2 2 2 2 2 2 2 2
left_child=2 3 5 8 -4 11 -5 12 21 -10 -7 -1 -3 14 24 25 18 23 26 20 -15 -2 -23 -18 -8 -16 -6 -21 -29 -30
right_child=1 7 4 6 16 10 13 -9 9 -11 -12 -13 -14 19 15 -17 17 -19 -20 27 -22 22 -24 -25 -26 -27 -28 28 29 -31
leaf_value=-0.015372918614759125 0.051231794357907187 0.069802866578102113 -0.0035188970619658626 -0.033352854195982218 0.014916683494036581 -0.021290861436356646 0.071645306132056497 0.061960529206174147 0.0079715255360749953 -0.0043248447761447591 -0.012124003970490772 -0.0082592193038580272 0.03846812600456178 0.021273566927516557 0.019178722116347195 -0.017423123353057436 -0.00055156921100294636 0.013421147579152698 -0.0026650016634480606 0.045332523766491148 0.06393285321215024 0.0085922604692065044 0.019186475223282397 0.029943857824740308 0.034962490605006752 0.032970915341458198 0.0018845184077235472 0.023906544426055467 -0.01093205363220094 0.010826984664406503
leaf_weight=889 23 42 4970 20 241 898 33 178 2610 330 1389 4706 320 61 604 27 719 601 1566 27 26 675 492 36 71 214 639 179 76 447
leaf_count=889 23 42 4970 20 241 898 33 178 2610 330 1389 4706 320 61 604 27 719 601 1566 27 26 675 492 36 71 214 639 179 76 447
internal_value=3.38686e-06 0.0150097 -0.00581299 0.0119387 -0.000909879 -0.0112697 0.0195075 0.0486491 0.00866739 0.00656898 -0.0158695 -0.00938953 0.0421036 0.0201065 0.0242528 0.0215021 0.00250065 0.00654994 0.00025582 0.0152843 0.0340223 0.0136815 0.0130587 0.00089072 0.0466022 0.0227869 0.00545355 0.0130481 0.0118064 0.00766506
internal_weight=23109 6455 16654 5915 8772 7882 1785 540 4130 2940 2287 5595 362 1765 949 845 3802 1356 2446 816 87 1190 1167 755 104 818 880 729 702 523
internal_count=23109 6455 16654 5915 8772 7882 1785 540 4130 2940 2287 5595 362 1765 949 845 3802 1356 2446 816 87 1190 1167 755 104 818 880 729 702 523
cat_boundaries=0 1 2 3
cat_threshold=2096 548 4745
is_linear=0
shrinkage=0.03


Tree=52
num_leaves=31
num_cat=3
split_feature=48 24 51 18 19 6 53 6 6 6 0 32 0 32 3 6 0 51 48 25 18 6 55 58 40 6 6 17 17 7
split_gain=2113.93 604.746 582.058 117.662 85.6168 74.0559 70.2319 48.4025 63.7875 78.3545 59.1902 43.6898 43.6204 41.6034 38.9529 48.0808 38.8482 42.6725 74.3692 38.4124 37.8377 35.0144 38.7287 47.4438 41.2186 41.2506 65.8552 44.5451 46.5779 44.2231
threshold=25.234302711441408 29.791568756103519 22.925008964314618 23.937906265258793 27.214878082658696 15.500000000000002 0.18738381509510676 10.500000000000002 12.500000000000002 14.500000000000002 0 21.484663963317875 1 23.94230937957764 0.55585200000000012 11.500000000000002 2 24.125827662272709 24.225925827026369 24.301202774047855 25.788153648376468 15.500000000000002 0.35166555927024729 21.500000000000004 26.142633438110355 12.500000000000002 10.500000000000002 -0.98084099999999996 -0.77126149999999982 31.500000000000004
decision_type=2 2 2 2 2 2 2 2 2 2 9 2 9 2 2 2 9 2 2 2 2 2 2 2 2 2 2 2 2 2
left_child=2 4 5 21 20 11 -3 10 14 16 -5 -1 -7 -6 15 -9 -10 -18 -19 -17 -2 22 -4 24 25 26 27 -24 -29 -28
right_child=1 6 3 7 13 12 -8 8 9 -11 -12 -13 -14 -15 -16 19 17 18 -20 -21 -22 -23 23 -25 -26 -27 29 28 -30 -31
leaf_value=-0.015111662578412946 0.0076211495872672381 0.055061684619303386 -0.0052862382218419983 0.0022731521170283779 -0.011557962242513894 -0.011425821715171881 0.034954417631067568 -0.010499148260381433 0.0054984063224169074 -0.003365774702673705 0.014201122375488213 -0.0078907965290433753 -0.020212454142236692 0.023338056976928281 -0.0063973204669876757 0.048993607847129597 0.0068633602969375351 0.075586607944965356 0.02034880677093075 0.0087032830930854135 0.013818490603437362 -0.011010000675230766 0.014260079747324288 0.024243120477636486 -0.018178562311202531 0.0039883593242750915 -0.014630515001866204 -0.037764901420882631 0.0010471859903747611 -0.0011205486556110983
leaf_weight=894 1521 303 2146 808 32 1292 323 62 792 667 711 4820 1002 786 983 34 173 25 179 57 2126 444 246 71 115 1315 478 31 272 401
leaf_count=894 1521 303 2146 808 32 1292 323 62 792 667 711 4820 1002 786 983 34 173 25 179 57 2126 444 246 71 115 1315 478 31 272 401
internal_value=3.02571e-06 0.0170728 -0.00482006 2.70782e-06 0.0132013 -0.0108485 0.0446868 0.00360833 0.00138175 0.0048389 0.00796475 -0.00902056 -0.0154017 0.0219729 -0.00420567 0.00987531 0.00952026 0.017363 0.0271181 0.0237568 0.0112339 -0.00293131 -0.00222453 1.87079e-05 -0.000583088 0.0001546 -0.00337579 0.00477614 -0.00292369 -0.00846727
internal_weight=23109 5091 18018 10010 4465 8008 626 4491 2972 1836 1519 5714 2294 818 1136 153 1169 377 204 91 3647 5519 5075 2929 2858 2743 1428 549 303 879
internal_count=23109 5091 18018 10010 4465 8008 626 4491 2972 1836 1519 5714 2294 818 1136 153 1169 377 204 91 3647 5519 5075 2929 2858 2743 1428 549 303 879
cat_boundaries=0 1 2 3
cat_threshold=680 2059 4619
is_linear=0
shrinkage=0.03


Tree=53
num_leaves=31
num_cat=0
split_feature=50 48 50 50 6 8 5 55 6 6 51 18 6 6 6 2 7 6 55 10 6 2 37 54 50 55 6 53 42 31
split_gain=1989.27 754.589 300.614 188.646 70.9919 83.1634 77.9292 73.072 70.8679 67.5999 72.3471 67.575 61.6659 52.1929 61.3202 105.735 94.7663 53.9903 49.0782 48.7445 48.1018 92.7132 83.1635 57.8569 60.01 50.2129 46.8863 46.5694 50.9972 46.5322
threshold=24.297857808992191 29.414824867200199 22.54800810828748 25.849994421113895 9.5000000000000018 1.5000000000000002 0.55585200000000012 1.4418979714484128 14.500000000000002 11.500000000000002 23.180165831294847 32.392505644501959 10.500000000000002 14.500000000000002 13.500000000000002 8.9239605000000015 42.500000000000007 10.500000000000002 0.6138218269261827 2.5000000000000004 10.500000000000002 0.9565760000000002 24.406182289123539 2.0915897097715273 26.725550603869387 0.30848908567645139 15.500000000000002 0.37626829848915544 23.520559310913089 21.459689140319828
decision_type=2 2 2 2 2 2 2 2 2 2 2 2 2 2 2 2 2 2 2 2 2 2 2 2 2 2 2 2 2 2
left_child=2 3 29 13 7 6 8 -4 -6 12 -11 -3 -7 14 17 -16 -17 -2 -8 -14 21 -5 -23 -22 -25 -24 -12 -20 -29 -1
right_child=1 11 4 20 5 9 18 -9 -10 10 26 -13 19 -15 15 16 -18 -19 27 -21 23 22 25 24 -26 -27 -28 28 -30 -31
leaf_value=-0.016574739288216549 0.0087771543268858072 0.034702213370384503 0.003093034426583278 0.052951636534670124 0.033651607031315832 -0.0050273574627982378 -0.0033904454390444945 0.04786324022885631 -0.0066901084817945957 -0.0086429146558863676 0.0026880648259492079 0.054551946212148372 -0.014612069518140199 -0.0016077049519370439 0.010473731023370497 0.064682832088034894 -0.0040466067016124724 0.0014103454613182626 0.022240853685999415 -0.035754293335171841 0.0099968285014778273 -0.040537836687131359 0.010886366336230953 0.0068427181031022752 0.075633803486824039 0.022705166738215245 -0.0098565823500725014 0.010576393358690926 -0.0096692667314066342 -0.010293475458542567
leaf_weight=1353 1921 364 938 69 113 601 1990 34 60 1627 1360 268 609 776 541 65 25 1677 131 117 1306 22 519 21 25 859 334 263 195 4926
leaf_count=1353 1921 364 938 69 113 601 1990 34 60 1627 1360 268 609 776 541 65 25 1677 131 117 1306 22 519 21 25 859 334 263 195 4926
internal_value=2.80945e-06 0.0115873 -0.00668491 0.00904089 -0.00296337 -0.00396458 0.000168559 0.00465907 0.0196603 -0.00641175 -0.00412477 0.0431195 -0.0121352 0.00554405 0.00685637 0.0154826 0.0455913 0.00534354 -0.00113895 -0.0180193 0.0152449 0.0190031 0.0173299 0.0111615 0.0442292 0.0182538 0.000214681 0.00646797 0.00195652 -0.011647
internal_weight=23109 8458 14651 7826 8372 7400 2752 972 173 4648 3321 632 1327 5005 4229 631 90 3598 2579 726 2821 1469 1400 1352 46 1378 1694 589 458 6279
internal_count=23109 8458 14651 7826 8372 7400 2752 972 173 4648 3321 632 1327 5005 4229 631 90 3598 2579 726 2821 1469 1400 1352 46 1378 1694 589 458 6279
is_linear=0
shrinkage=0.03


Tree=54
num_leaves=31
num_cat=0
split_feature=48 9 18 9 9 18 44 54 6 32 55 6 3 10 51 41 6 18 52 51 8 6 6 7 26 55 55 53 54 6
split_gain=1877.02 569.065 485.027 120.718 107.399 57.5466 46.5627 45.6626 44.5147 39.0305 37.6193 42.3436 50.898 36.2781 37.1319 36.006 35.5905 35.5047 35.4753 34.9666 32.846 38.1339 50.8439 32.2138 32.0504 31.5329 31.2562 30.1603 30.0266 31.1789
threshold=25.106233596801761 30.76584625244141 22.75206279754639 26.449912073642583 23.812981605529789 21.698589324951175 23.453101158142093 2.0915897097715273 9.5000000000000018 22.018570899963382 0.59273865111597024 12.500000000000002 0.55585200000000012 3.5000000000000004 25.661131509293785 23.536302566528324 14.500000000000002 28.183567047119144 0.24035275660955638 25.153467623246424 1.5000000000000002 10.500000000000002 11.500000000000002 32.500000000000007 33.662851333618171 0.58182731748096395 0.62369054870627816 0.19772478288158998 1.3796028519121983 15.500000000000002
decision_type=2 2 2 2 2 2 2 2 2 2 2 2 2 2 2 2 2 2 2 2 2 2 2 2 2 2 2 2 2 2
left_child=2 3 5 -2 7 -1 -5 28 -6 -10 -11 12 -12 14 -13 -9 17 19 -15 -8 26 25 -23 -24 -3 -22 -7 -27 29 -4
right_child=1 24 4 6 8 20 16 15 9 10 11 13 -14 18 -16 -17 -18 -19 -20 -21 21 22 23 -25 -26 27 -28 -29 -30 -31
leaf_value=-0.014770650969661604 0.0090460892157505322 0.043582393445624527 -0.0025676681215168013 -0.014506954251713043 0.0090002920542315741 -0.0067851473086146903 0.047375058685030252 0.057040317926555874 -0.032617928683757777 -0.0004032770809788212 0.012436007747321195 0.0089464731725176303 -0.0085591257482767087 0.062054787296801805 -0.026953797770871056 0.00011456885933876038 0.0042995672811957774 0.027792504503598273 0.018094943707710819 0.016907356473659294 -0.0065882829806255868 -0.021139296231790235 -0.0075370373904405279 -0.013439474929178371 0.063603708624839772 0.03894679124951362 0.0072875315928831695 0.0023803371690963911 -0.018246370822918124 -0.01113886392130853
leaf_weight=2093 3360 359 4798 37 868 516 35 20 30 2481 159 654 300 20 27 20 128 457 95 1080 755 407 2054 1399 90 25 196 108 123 415
leaf_count=2093 3360 359 4798 37 868 516 35 20 30 2481 159 654 300 20 27 20 128 457 95 1080 755 407 2054 1399 90 25 196 108 123 415
internal_value=2.72518e-06 0.0152178 -0.00480186 0.0123656 -0.000471266 -0.0105412 0.0187869 -0.00335631 0.00287573 0.00146412 0.0017378 0.00597047 -0.0012863 0.010155 0.00752311 0.0285774 0.0195115 0.0207502 0.0257401 0.0178637 -0.00891992 -0.00982098 -0.0111105 -0.00992844 0.0475956 -0.00421555 -0.00291121 0.00925373 -0.00359569 -0.00325001
internal_weight=23109 5546 17563 5097 10010 7553 1737 5376 4634 3766 3736 1255 459 796 681 40 1700 1572 115 1115 5460 4748 3860 3453 449 888 712 133 5336 5213
internal_count=23109 5546 17563 5097 10010 7553 1737 5376 4634 3766 3736 1255 459 796 681 40 1700 1572 115 1115 5460 4748 3860 3453 449 888 712 133 5336 5213
is_linear=0
shrinkage=0.03


Tree=55
num_leaves=31
num_cat=0
split_feature=48 9 9 9 18 6 6 7 6 53 55 35 55 6 10 3 7 53 2 44 2 7 10 14 30 2 6 7 6 55
split_gain=1768.66 505.549 497.993 110.834 96.8837 68.8941 46.709 61.3205 56.7683 51.8411 49.2987 54.1052 48.1504 45.7943 55.365 57.5342 49.0777 41.2486 40.8768 38.5254 37.5311 39.9392 35.5746 35.3194 42.1861 35.2955 34.6901 45.145 31.8851 37.1219
threshold=25.258032035827643 30.76584625244141 23.32857704100098 22.327829360961918 27.204222679138187 9.5000000000000018 15.500000000000002 39.500000000000007 12.500000000000002 0.80642812668894348 0.59923372016899512 22.032793045043949 1.7478293827133646 10.500000000000002 4.5000000000000009 0.55585200000000012 31.500000000000004 1.1704946002080447 6.5827470000000003 23.621194839477543 8.9239605000000015 40.500000000000007 4.5000000000000009 2.7905813524783034 23.287632942199711 8.9239605000000015 17.500000000000004 17.500000000000004 10.500000000000002 0.69097061239892243
decision_type=2 2 2 2 2 2 2 2 2 2 2 2 2 2 2 2 2 2 2 2 2 2 2 2 2 2 2 2 2 2
left_child=2 4 3 26 -2 18 8 -8 9 13 -10 -12 22 -7 15 16 -15 -5 -4 -6 -20 -22 -13 -19 -25 -11 27 -1 29 -21
right_child=1 -3 5 17 19 6 7 -9 10 25 11 12 -14 14 -16 -17 -18 23 20 28 21 -23 -24 24 -26 -27 -28 -29 -30 -31
leaf_value=-0.0053262519306993758 0.010502153777634284 0.046167706695194967 0.016249628887159327 -0.005976369099065547 -0.010242550986654617 0.0044247326502965872 -0.0019891981359379473 -0.028298662983137986 0.0007930395108362606 -0.01694987282697933 -0.034741894215345383 0.010078630549234477 -0.024180047114690142 -0.0025388375900823761 -0.03349163787232505 -0.0043514676370008873 0.030094809450866542 0.0011197766025205576 -0.0018169694146176539 0.020713303508332035 0.017493625330630976 6.7560211770315243e-05 0.041293754251125976 0.0024815751768182959 0.063361373288290848 0.02341659978032112 -0.016027333703119949 -0.012362291794505228 0.016513334795065164 0.037417585705821911
leaf_weight=1152 3567 449 362 4922 34 987 255 116 1848 272 25 979 36 81 54 1662 85 112 454 294 282 204 34 20 21 21 1271 2854 454 202
leaf_count=1152 3567 449 362 4922 34 987 255 116 1848 272 25 979 36 81 54 1662 85 112 454 294 282 204 34 20 21 21 1271 2854 454 202
internal_value=2.6434e-06 0.0157975 -0.0043584 -0.00866486 0.0128012 0.00138873 0.000118963 -0.0102153 0.000749144 -0.00203658 0.00376368 0.00887517 0.00991467 -0.000809015 -0.00355381 -0.00266943 0.0141712 -0.00549952 0.00768391 0.021135 0.00438519 0.010179 0.0111263 0.00984075 0.0336639 -0.0140567 -0.011709 -0.0103389 0.022258 0.0275163
internal_weight=23109 5000 18109 10352 4551 7757 6455 371 6084 3162 2922 1074 1049 2869 1882 1828 166 5075 1302 984 940 486 1013 153 41 293 5277 4006 950 496
internal_count=23109 5000 18109 10352 4551 7757 6455 371 6084 3162 2922 1074 1049 2869 1882 1828 166 5075 1302 984 940 486 1013 153 41 293 5277 4006 950 496
is_linear=0
shrinkage=0.03


Tree=56
num_leaves=31
num_cat=4
split_feature=9 9 18 9 9 0 0 53 6 52 6 0 6 6 17 55 53 6 6 54 43 0 6 55 45 6 5 7 19 7
split_gain=1666.9 549.972 370.308 123.748 70.3052 61.9419 57.7923 43.3346 39.6797 41.0688 37.7465 36.7926 36.3608 35.5256 39.0972 35.1051 33.2827 31.0055 30.3619 28.7747 73.9387 30.2806 33.2522 30.4372 29.6751 28.2542 31.8933 28.2487 28.2256 27.9115
threshold=24.821648597717289 30.152811050415043 22.75206279754639 26.449912073642583 23.77419471740723 0 1 0.12406964567286692 14.500000000000002 0.30882402405872872 15.500000000000002 2 14.500000000000002 10.500000000000002 -1.0047304999999997 0.15166486567019785 1.849406709187122 15.500000000000002 8.5000000000000018 2.0915897097715273 23.764947891235355 3 9.5000000000000018 0.51197170906608236 23.05173206204346 8.5000000000000018 2.8888675000000004 11.500000000000002 25.673052787780765 42.500000000000007
decision_type=2 2 2 2 2 9 9 2 2 2 2 9 2 2 2 2 2 2 2 2 2 9 2 2 2 2 2 2 2 2
left_child=2 3 5 11 19 13 -5 -3 9 -8 -7 15 25 14 -1 -2 17 -6 -9 21 -21 -4 23 -23 -24 -13 -27 -14 -17 -19
right_child=1 7 4 6 16 10 8 18 -10 -11 -12 12 27 -15 -16 28 -18 29 -20 20 -22 22 24 -25 -26 26 -28 -29 -30 -31
leaf_value=0.024576970306225122 0.047214425913244484 0.053006793925166128 -0.0049930041380728428 0.002945339302463895 0.0024676394431951592 -0.0066306171459222562 0.016706622039158299 0.062302829482976128 0.0031130916411958396 0.027415005172682659 -0.0119500995115369 0.020434049281455178 0.010434377868134047 -0.016285413387434351 -0.0090349048788526225 0.0070244886436437544 0.031674587498692904 -0.0026236151275583182 0.032419760714002023 0.049633566170930857 -0.022774496346034786 0.0071347090734516158 -0.0081234598205305788 0.04782029175887937 0.0013326133683403895 0.007332027073479493 -0.0034781541497163147 -0.0090078267852637776 0.016311114825034907 -0.028283425983455443
leaf_weight=36 25 200 3537 245 3646 3843 835 34 124 525 1746 131 93 1676 231 641 34 130 306 30 22 59 399 23 1188 2232 276 243 545 54
leaf_count=36 25 200 3537 245 3646 3843 835 34 124 525 1746 131 93 1676 231 641 34 130 306 30 22 59 399 23 1188 2232 276 243 545 54
internal_value=2.56411e-06 0.0129444 -0.00501363 0.0102986 -0.000948689 -0.00993667 0.0170503 0.0419261 0.0192295 0.0208404 -0.00827761 0.00750981 0.0056494 -0.0145912 -0.00450297 0.011935 0.0021236 0.00186126 0.0354081 -0.00320645 0.0189994 -0.00342825 -8.17756e-05 0.0185465 -0.00104481 0.00685183 0.00614239 -0.0036265 0.011292 -0.0101542
internal_weight=23109 6455 16654 5915 9122 7532 1729 540 1484 1360 5589 4186 2975 1943 267 1211 3864 3830 340 5258 52 5206 1669 82 1587 2639 2508 336 1186 184
internal_count=23109 6455 16654 5915 9122 7532 1729 540 1484 1360 5589 4186 2975 1943 267 1211 3864 3830 340 5258 52 5206 1669 82 1587 2639 2508 336 1186 184
cat_boundaries=0 1 2 3 4
cat_threshold=4132 544 2096 621
is_linear=0
shrinkage=0.03


Tree=57
num_leaves=31
num_cat=5
split_feature=18 24 18 9 55 9 8 6 2 0 46 0 54 41 54 6 55 54 7 6 6 0 27 49 6 6 6 0 7 0
split_gain=1570.73 610.058 233.854 195.062 64.8625 57.6347 50.1132 47.0569 143.287 59.5338 63.6996 46.2025 45.507 81.4095 73.3672 45.1783 66.9771 57.7063 67.9902 44.5439 49.3754 41.9811 40.2362 38.3066 36.8639 44.6749 54.6755 37.5162 35.8685 33.4546
threshold=24.192667961120609 29.791568756103519 22.357896804809574 25.668535232543949 0.58182731748096395 32.788452148437507 1.5000000000000002 9.5000000000000018 0.9565760000000002 0 22.990440368652347 1 1.8952896858829007 23.64885234832764 0.82623792237048466 10.500000000000002 1.5349626857018144 2.0915897097715273 47.500000000000007 12.500000000000002 14.500000000000002 2 24.724041938781742 22.947265434054938 10.500000000000002 12.500000000000002 14.500000000000002 3 24.500000000000004 4
decision_type=2 2 2 2 2 2 2 2 2 9 2 9 2 2 2 2 2 2 2 2 2 9 2 2 2 2 2 9 2 9
left_child=2 3 -1 24 21 -3 11 8 -5 10 -9 22 14 -14 -8 17 -17 18 -12 -13 -21 -4 -6 -22 27 -26 28 -2 -27 -28
right_child=1 5 4 7 6 -7 12 9 -10 -11 15 19 13 -15 -16 16 -18 -19 -20 20 23 -23 -24 -25 25 26 29 -29 -30 -31
leaf_value=-0.010940107913317071 -0.0040437610354274508 0.032859884736922577 -0.0068868284735697314 0.087520954608917234 0.025393977412229884 0.052992190318754434 0.0021066435912383301 -0.034301511828342207 0.017350106627773972 0.0049635218223814592 0.039064377446687129 -0.0090653711310446725 0.053614586342658317 -0.013732801229692995 -0.012695988588474951 0.011358649479503012 0.03951044824610396 -0.020730301865509577 0.00051830023527145387 0.018511195700239253 0.031905977636575697 -0.0021724580232136892 -0.00041446236475358567 -0.0135754323720932 -0.0024482887479942489 0.016616382652440288 -0.014122681965339187 0.0090516567206435517 0.0052725708125017307 0.0018081841778097127
leaf_weight=5460 223 449 3364 27 191 179 843 23 873 868 198 198 35 30 469 1050 82 21 52 193 20 3491 76 100 1198 379 141 1586 742 548
leaf_count=5460 223 449 3364 27 191 179 843 23 873 868 198 198 35 30 469 1050 82 21 52 193 20 3491 76 100 1198 379 141 1586 742 548
internal_value=2.4606e-06 0.0101249 -0.0060409 0.00789278 -0.00307202 0.0385982 0.00146777 0.0136417 0.0194552 0.0113609 0.0151141 0.00755404 -0.00197095 0.0225312 -0.00318485 0.0160319 0.0133979 0.0270345 0.0310468 0.00203127 0.00911577 -0.00449919 0.0173962 -0.0059952 0.00408086 0.00204563 0.00502005 0.00746503 0.00910781 -0.00163071
internal_weight=23109 8639 14470 8011 9010 628 2155 3194 900 2294 1426 778 1377 65 1312 1403 1132 271 250 511 313 6855 267 120 4817 3008 1810 1809 1121 689
internal_count=23109 8639 14470 8011 9010 628 2155 3194 900 2294 1426 778 1377 65 1312 1403 1132 271 250 511 313 6855 267 120 4817 3008 1810 1809 1121 689
cat_boundaries=0 1 2 3 4 5
cat_threshold=6192 2162 4709 640 521
is_linear=0
shrinkage=0.03


Tree=58
num_leaves=31
num_cat=1
split_feature=50 9 50 9 49 53 0 10 9 18 24 33 7 9 7 51 36 39 7 8 55 10 8 8 55 53 5 53 46 47
split_gain=1481.66 561.708 225.664 158.168 69.2156 54.0655 49.8472 41.3386 40.0041 39.7645 36.5532 35.4637 30.3371 28.856 28.2612 42.6868 27.7438 34.0331 27.2589 39.9944 34.5362 33.0855 26.8562 25.8077 45.8006 32.7863 24.9352 22.1739 21.6716 20.6586
threshold=24.297857808992191 29.621734619140629 22.54800810828748 25.784105300903324 24.787898540536624 0.18738381509510676 0 2.5000000000000004 23.484242439270023 21.3485860824585 27.823220252990726 23.596868515014652 9.5000000000000018 27.742073059082035 40.500000000000007 26.467108853616377 26.167899130908207 27.724004745483402 24.500000000000004 1.5000000000000002 0.34595593032804245 2.5000000000000004 2.5000000000000004 1.5000000000000002 0.71792218460289281 0.44680506274316462 0.55585200000000012 1.5021439671109718 23.1298942565918 24.305567741394047
decision_type=2 2 2 2 2 2 9 2 2 2 2 2 2 2 2 2 2 2 2 2 2 2 2 2 2 2 2 2 2 2
left_child=2 3 9 6 8 -3 -2 14 23 -1 28 -5 -10 -13 22 27 -7 -18 -11 20 -20 -21 29 24 -4 -26 -23 -16 -9 -8
right_child=1 5 4 11 -6 16 7 10 12 18 -12 13 -14 -15 15 -17 17 -19 19 21 -22 26 -24 -25 25 -27 -28 -29 -30 -31
leaf_value=-0.015924194559319642 -0.0088591980172854478 0.046402914702500166 -0.0037801782645543011 -0.017116784033749034 0.038963346052914856 0.00023719442476119316 0.012363349772896616 0.036536282135380634 -0.0067899200419088259 -0.0065134124086398846 0.049247801361436194 0.012287050402918965 0.00098139234247672925 0.020063407788705082 9.519215397114667e-05 0.034502509605372322 0.060696894801221785 0.027930399507971146 -0.0077254140377044679 -0.012609285740734388 0.015061357298625573 0.029770813644863666 0.0098156491060666356 -0.0059680647691511051 0.021799487227654974 0.0014430671548508207 -0.0035112632584328261 -0.023788433571656546 0.0092258926559263162 0.0020455940324401365
leaf_weight=895 231 304 1294 34 36 28 200 27 536 2186 22 2360 2888 525 1241 32 32 263 168 2783 93 24 914 3316 115 187 130 36 831 1378
leaf_count=895 231 304 1294 34 36 28 200 27 536 2186 22 2360 2888 525 1241 32 32 263 168 2783 93 24 914 3316 115 187 130 36 831 1378
internal_value=2.23876e-06 0.01 -0.00576947 0.00781243 -0.00254507 0.0373224 0.00452574 0.00519409 -0.00272433 -0.0100687 0.0110644 0.0133432 -0.000235145 0.0137022 0.00384868 0.000279473 0.028776 0.0314847 -0.0090953 -0.0108602 0.00039401 -0.0118603 0.00572352 -0.00445946 -0.00132504 0.00919468 0.00167555 -0.000578113 0.0100853 0.00335329
internal_weight=23109 8458 14651 7831 8372 627 4912 4681 8336 6279 880 2919 3424 2885 3801 1309 323 295 5384 3198 261 2937 2492 4912 1596 302 154 1277 858 1578
internal_count=23109 8458 14651 7831 8372 627 4912 4681 8336 6279 880 2919 3424 2885 3801 1309 323 295 5384 3198 261 2937 2492 4912 1596 302 154 1277 858 1578
cat_boundaries=0 1
cat_threshold=512
is_linear=0
shrinkage=0.03


Tree=59
num_leaves=31
num_cat=4
split_feature=48 24 51 6 6 0 6 55 0 6 19 55 50 7 53 52 6 0 5 52 7 25 0 8 45 6 8 32 6 7
split_gain=1394.07 393.734 393.6 81.2597 127.627 96.8898 75.7152 58.9148 60.4463 58.2345 57.9637 52.6591 52.3484 52.1522 50.2222 50.1016 41.0546 58.3609 55.4554 47.1769 43.3918 48.551 37.9812 36.0941 36.0248 35.2671 68.9672 49.6267 34.3499 34.1862
threshold=25.258032035827643 29.791568756103519 22.925008964314618 10.500000000000002 11.500000000000002 0 15.500000000000002 0.59923372016899512 1 15.500000000000002 27.214878082658696 1.8305065257697211 23.741851854484867 42.500000000000007 0.12406964567286692 0.80549369265394521 13.500000000000002 2 0.55585200000000012 0.11455532420204596 31.500000000000004 23.966776846362308 3 3.5000000000000004 22.82320594787598 9.5000000000000018 2.5000000000000004 23.94230937957764 14.500000000000002 49.500000000000007
decision_type=2 2 2 2 2 9 2 2 9 2 2 2 2 2 2 2 2 9 2 2 2 2 9 2 2 2 2 2 2 2
left_child=2 10 9 5 12 15 7 8 23 -1 -2 16 -5 -8 -3 -4 18 19 20 -18 -9 -22 -11 -6 -14 26 -12 -27 -19 -7
right_child=1 14 3 4 6 29 13 11 -10 22 25 -13 24 -15 -16 -17 17 28 -20 -21 21 -23 -24 -25 -26 27 -28 -29 -30 -31
leaf_value=-0.0072160617091692894 0.0091861641345472814 0.048679344172775744 0.0016958556696817396 -0.016017360240566537 0.0018070825648663768 0.014792510096512763 -0.0043828278453707185 0.0048935223603621125 -0.0043213920101849599 -0.0092156905546433819 0.021185068694545943 -0.020860304528328238 0.033962908472333637 -0.024567106017133775 0.030455652287116757 -0.016843448153231293 0.066488892254622081 0.014240541164137133 -0.000402451027536565 0.021313436790882104 0.073428985313935699 0.020109581776401576 -0.017327637628683442 0.014004874156712185 -0.0056872646808504967 -0.02455408553991999 0.068577532659877427 0.016329817425002169 -0.0016333130098064429 0.00089752486923325755
leaf_weight=5714 3558 200 1475 577 1420 800 520 88 1718 1292 170 61 21 148 426 144 23 251 718 218 22 51 1002 258 1149 28 33 585 240 199
leaf_count=5714 3558 200 1475 577 1420 800 520 88 1718 1292 170 61 21 148 426 144 23 251 718 218 22 51 1002 258 1149 28 33 585 240 199
internal_value=2.05658e-06 0.0140249 -0.00386972 6.83301e-05 -0.00152323 0.00461747 0.000638968 0.00189032 -0.000379285 -0.00883703 0.01084 0.0065001 -0.00862247 -0.00885479 0.0362779 4.66118e-05 0.0075361 0.0127841 0.00316575 0.0246039 0.0190786 0.0361784 -0.0128746 0.00366073 -0.00497559 0.0180514 0.0288893 0.0144624 0.00635206 0.0119055
internal_weight=23109 5000 18109 10101 7483 2618 5736 5068 3396 8008 4374 1672 1747 668 626 1619 1611 732 879 241 161 73 2294 1678 1170 816 203 613 491 999
internal_count=23109 5000 18109 10101 7483 2618 5736 5068 3396 8008 4374 1672 1747 668 626 1619 1611 732 879 241 161 73 2294 1678 1170 816 203 613 491 999
cat_boundaries=0 1 2 3 4
cat_threshold=556 6194 2250 2059
is_linear=0
shrinkage=0.03


Tree=60
num_leaves=31
num_cat=4
split_feature=48 49 24 6 6 6 6 55 0 29 52 19 6 10 51 46 51 7 0 18 42 53 0 51 13 54 6 5 7 0
split_gain=1313.37 393.841 351.642 81.5775 57.9247 56.6908 77.0702 77.677 55.2337 65.0883 61.8435 50.0748 49.6082 53.9269 49.1588 48.1344 47.8713 45.2344 43.1519 43.9382 41.8685 55.609 41.0979 45.137 88.9804 45.3331 39.2006 33.9981 33.1151 32.6566
threshold=25.366928100585941 23.337020015716558 29.791568756103519 15.500000000000002 9.5000000000000018 12.500000000000002 14.500000000000002 0.26770992456679471 0 22.725090980529789 0.80549369265394521 27.214878082658696 10.500000000000002 5.5000000000000009 22.269414075236494 33.213405609130866 25.077297846525472 34.500000000000007 1 23.364506721496586 25.05569076437256 0.25236544121454335 2 24.031425666879642 1.5000000000000002 1.1872358270521344 8.5000000000000018 3.7002795000000006 25.500000000000004 3
decision_type=2 2 2 2 2 2 2 2 9 2 2 2 2 2 2 2 2 2 9 2 2 2 9 2 2 2 2 2 2 9
left_child=1 3 11 14 8 12 7 -7 9 -3 -11 27 29 18 28 26 20 22 19 -14 -10 -22 -9 -24 25 -25 -4 -2 -1 -6
right_child=2 4 15 -5 5 6 -8 17 16 10 -12 -13 13 -15 -16 -17 -18 -19 -20 -21 21 -23 23 24 -26 -27 -28 -29 -30 -31
leaf_value=-0.0052993141882229835 0.0096768475562218868 0.048344336579052301 0.056788311302661897 -0.012131485429100669 0.0097136990626711037 -0.012369187811105431 -0.0025421434298139546 0.0060247653762387499 0.015255679584683312 0.0024833656538073134 -0.03056136331233111 0.017666642060722989 -0.026286397022397618 -0.03612005239846755 -0.0040249892407023761 0.048284199287494022 -0.0029467299870408045 0.002909829310444572 -0.0069415863573364352 0.0040673748686017586 0.080134299426254899 0.018558967679061671 0.010894266121937732 0.014431095128951209 0.067837053601230893 0.058413724341662594 0.026962278246490369 -0.017818443647063358 -0.011687630600488219 -0.00098930515357181998
leaf_weight=1273 3157 26 44 2587 378 177 1386 532 396 696 55 812 46 49 4619 180 116 779 1637 641 22 33 314 174 42 24 402 41 1713 758
leaf_count=1273 3157 26 44 2587 378 177 1386 532 396 696 55 812 46 49 4619 180 116 779 1637 641 22 33 314 174 42 24 402 41 1713 758
internal_value=1.5942e-06 -0.00358125 0.0142781 -0.00752968 0.00127836 0.000173964 0.00291783 0.00662377 0.00697867 0.00165756 6.33123e-05 0.0110136 -0.00250656 -0.00497457 -0.00596428 0.0351896 0.0139945 0.00842631 -0.00431789 0.00200576 0.0186622 0.0431891 0.0123834 0.0180548 0.0281754 0.0197623 0.0299048 0.00932434 -0.00896415 0.00264888
internal_weight=23109 18473 4636 10192 8281 6937 3428 2042 1344 777 751 4010 3509 2373 7605 626 567 1865 2324 687 451 55 1086 554 240 198 446 3198 2986 1136
internal_count=23109 18473 4636 10192 8281 6937 3428 2042 1344 777 751 4010 3509 2373 7605 626 567 1865 2324 687 451 55 1086 554 240 198 446 3198 2986 1136
cat_boundaries=0 1 2 3 4
cat_threshold=684 4146 4138 211
is_linear=0
shrinkage=0.03


Tree=61
num_leaves=31
num_cat=2
split_feature=50 29 18 9 54 0 6 9 6 55 28 10 6 54 0 47 47 13 9 30 6 6 53 7 7 50 6 8 49 6
split_gain=1237.76 470.252 191.046 143.088 68.2304 57.1859 50.987 50.6904 47.3168 51.7356 48.8728 37.2226 35.9649 34.9085 33.6625 77.5216 52.3691 44.3523 56.1181 55.3861 35.4799 32.8312 31.6958 31.0909 30.2105 38.0414 34.8043 33.2778 30.18 29.3464
threshold=24.297857808992191 29.876295089721683 22.357896804809574 25.784105300903324 1.7778165029462605 0 14.500000000000002 32.369287493173836 15.500000000000002 0.33321172614404237 22.094651222229007 2.5000000000000004 14.500000000000002 1.8952896858829007 1 23.81268405914307 22.948822021484379 1.5000000000000002 28.455392837524418 27.86247539520264 12.500000000000002 9.5000000000000018 0.49233158395107784 42.500000000000007 18.500000000000004 21.61956620213245 17.500000000000004 1.5000000000000002 24.190455913606204 10.500000000000002
decision_type=2 2 2 2 2 9 2 2 2 2 2 2 2 2 9 2 2 2 2 2 2 2 2 2 2 2 2 2 2 2
left_child=2 3 24 5 8 -2 14 -3 9 -4 -11 -7 13 28 15 -5 -16 18 20 -19 29 -18 -20 -10 26 -26 -1 -27 -13 -17
right_child=1 7 4 6 -6 11 -8 -9 23 10 -12 12 -14 -15 16 17 21 19 22 -21 -22 -23 -24 -25 25 27 -28 -29 -30 -31
leaf_value=-0.0038951230590432485 -0.010410481550038143 0.026723364180890403 -0.0048304842020904506 0.067019883819988801 0.041794958353763623 0.0034349440643804993 0.00085254483150987365 0.043917026939112896 -0.0060749464165013901 -0.011723482950530216 0.00076784909815845773 0.0453341107070446 -0.0054953936245127587 0.049038032635074592 -0.037795699386857444 0.01343760134631713 0.017145977991867765 0.039212165908085114 0.020834720506865873 0.0049401958156377072 0.02330255468745247 0.0076092858570002081 0.049097957168347563 -0.018848478752961934 -0.016033353149255528 0.0014282858450265633 -0.013564080779522576 -0.010373100312272275 0.010421500294635139 0.0005869978115375814
leaf_weight=1271 228 362 3507 28 31 3796 309 269 692 301 4442 23 113 23 20 340 512 145 114 60 157 889 52 228 1066 236 455 2422 716 302
leaf_count=1271 228 362 3507 28 31 3796 309 269 692 301 4442 23 113 23 20 340 512 145 114 60 157 889 52 228 1066 236 455 2422 716 302
internal_value=1.64773e-06 0.0091396 -0.00527368 0.00713111 -0.00263712 0.00399525 0.0123779 0.0340532 -0.00278733 -0.0020677 -2.48751e-05 0.00471062 0.0102987 0.0126409 0.0137377 0.0175427 0.0103337 0.0165085 0.0138164 0.0291813 0.0105188 0.0110945 0.0296883 -0.00924056 -0.00972486 -0.0112455 -0.00644401 -0.00932527 0.0115081 0.00739261
internal_weight=23109 8458 14651 7827 9201 4899 2928 631 9170 8250 4743 4671 875 762 2619 1198 1421 1170 965 205 799 1401 166 920 5450 3724 1726 2658 739 642
internal_count=23109 8458 14651 7827 9201 4899 2928 631 9170 8250 4743 4671 875 762 2619 1198 1421 1170 965 205 799 1401 166 920 5450 3724 1726 2658 739 642
cat_boundaries=0 1 2
cat_threshold=512 7184
is_linear=0
shrinkage=0.03


Tree=62
num_leaves=31
num_cat=4
split_feature=18 24 9 9 55 9 8 53 6 2 0 46 54 41 54 6 55 53 7 58 0 0 19 0 51 55 13 50 55 6
split_gain=1165.66 450.393 179.721 148.628 53.825 46.5715 42.3872 47.1925 40.3117 124.04 51.5866 56.0474 39.6665 73.9611 63.1405 38.8969 59.4087 55.0988 57.5905 36.6232 36.5418 33.3648 39.8546 33.0026 31.7916 58.2155 48.8101 64.3823 32.7343 31.0786
threshold=24.192667961120609 29.791568756103519 22.327829360961918 25.668535232543949 0.59273865111597024 32.788452148437507 1.5000000000000002 0.44680506274316462 9.5000000000000018 0.9565760000000002 0 22.990440368652347 1.8952896858829007 23.64885234832764 0.82623792237048466 10.500000000000002 1.5349626857018144 1.7170038984847487 45.500000000000007 20.500000000000004 1 2 27.387870788503424 3 26.76663579941081 0.60418046897590949 1.0000000180025095e-35 26.239841079852543 0.50286734858369397 10.500000000000002
decision_type=2 2 2 2 2 2 2 2 2 2 9 2 2 2 2 2 2 2 2 2 9 9 2 9 2 2 2 2 2 2
left_child=2 3 23 21 20 -3 7 19 9 -5 11 -10 14 -14 -8 17 24 18 -13 -6 -4 -2 29 -1 25 26 -17 -28 -26 -23
right_child=1 5 4 8 6 -7 12 -9 10 -11 -12 15 13 -15 -16 16 -18 -19 -20 -21 -22 22 -24 -25 28 -27 27 -29 -30 -31
leaf_value=-0.013115098224840069 -0.00090773053364459676 0.028028427192791965 -0.0061150745114548835 0.080532011191050204 0.013961003692516197 0.046125641081419741 0.0022285250073978209 0.001502037721030779 -0.033160196970338403 0.015243962174901558 0.0037841996362478984 0.037348009147527776 0.050824585835848535 -0.013368010095320642 -0.011544471022837359 0.0093903568886006955 0.036202173714594145 -0.014814175141268763 0.0034563348947558551 0.056089568071067332 -0.0017912110149906164 0.0083424462967084771 0.035469695095364982 -0.0078960779746371276 0.023772606348334731 0.022256647307171248 0.0063189221670230233 -0.064697144687175759 -0.00039842766717006515 0.0025140520570161081
leaf_weight=1704 1184 449 3487 27 260 179 817 485 23 873 868 182 35 30 473 253 82 29 60 20 3597 1277 38 3562 59 344 27 20 347 2318
leaf_count=1704 1184 449 3487 27 260 179 817 485 23 873 868 182 35 30 473 253 82 29 60 20 3597 1277 38 3562 59 344 27 20 347 2318
internal_value=1.46315e-06 0.0087215 -0.00520465 0.00680362 -0.0026757 0.0331867 0.00151799 0.00716358 0.0118218 0.0172026 0.0097108 0.0131992 -0.00166938 0.0211972 -0.00282157 0.0140533 0.0116092 0.0242624 0.0289451 0.0169702 -0.00393073 0.00347621 0.00489397 -0.00962478 0.00968861 0.0138334 0.00417476 -0.0239007 0.00311411 0.00458439
internal_weight=23109 8639 14470 8011 9204 628 2120 765 3194 900 2294 1426 1355 65 1290 1403 1132 271 242 280 7084 4817 3633 5266 1050 644 300 47 406 3595
internal_count=23109 8639 14470 8011 9204 628 2120 765 3194 900 2294 1426 1355 65 1290 1403 1132 271 242 280 7084 4817 3633 5266 1050 644 300 47 406 3595
cat_boundaries=0 1 2 3 4
cat_threshold=6192 4709 641 4132
is_linear=0
shrinkage=0.03


Tree=63
num_leaves=31
num_cat=3
split_feature=9 9 9 9 0 6 55 0 7 30 58 16 6 55 0 6 55 6 9 6 51 53 22 6 46 20 6 7 26 8
split_gain=1098.27 368.821 250.747 96.3155 54.1498 53.4976 51.877 48.7045 47.9309 40.1714 53.2906 43.6126 33.8068 37.2109 30.0506 35.6898 34.8196 28.3927 33.6242 28.7827 28.3659 33.1114 30.8742 26.2663 25.7851 24.8423 24.468 34.8994 36.1852 32.1681
threshold=24.821648597717289 30.76584625244141 22.731623647324223 26.449912073642583 0 15.500000000000002 0.34595593032804245 1 41.500000000000007 22.056475639343265 21.500000000000004 0.12146800000000015 14.500000000000002 0.7364735609423273 2 8.5000000000000018 0.14891451910469503 10.500000000000002 21.487727165222172 11.500000000000002 26.88935998278809 0.976199926710695 24.707982063293461 17.500000000000004 23.567049980163578 26.52906703948975 8.5000000000000018 34.500000000000007 31.949069023132328 1.5000000000000002
decision_type=2 2 2 2 9 2 2 9 2 2 2 2 2 2 9 2 2 2 2 2 2 2 2 2 2 2 2 2 2 2
left_child=2 3 4 14 17 6 -4 -5 -7 -8 -11 24 13 -9 16 -16 -2 18 -1 -19 22 -22 -15 -6 -12 -24 -3 28 -28 -29
right_child=1 26 5 7 23 8 9 12 -10 10 11 -13 -14 20 15 -17 -18 19 -20 -21 21 -23 25 -25 -26 -27 27 29 -30 -31
leaf_value=-0.013567857501230069 0.044992050083111156 0.051632702703829164 -0.0030530990562824675 0.001547920935981436 -0.0055632896713355539 -0.004129764025159262 -0.0120459604296348 0.01460256467472041 -0.023008275211988283 0.0016830570987886226 0.028135963047926239 0.05357008482063455 0.0012872926893103267 0.0042517727226018907 0.018985784648586128 0.0019116830667141663 0.0079021083978002542 -0.024193597274579211 0.0077940023357846895 -0.012482810489670289 0.023573373879258081 -0.0069273781149010909 0.026735325031913816 -0.010700464881506437 0.00033065145930380262 0.052180403984338042 0.017533563615940512 0.0081352490425109867 0.046232773155447035 0.038341265299103477
leaf_weight=140 23 81 3366 249 4396 433 184 1040 168 4890 52 28 124 25 118 1663 2382 217 126 1458 204 38 64 1125 71 75 50 75 189 55
leaf_count=140 23 81 3366 249 4396 433 184 1040 168 4890 52 28 124 25 118 1663 2382 217 126 1458 204 38 64 1125 71 75 50 75 189 55
internal_value=1.08118e-06 0.0105061 -0.0040706 0.00854303 -0.00815621 -0.000753928 -0.000148589 0.0143067 -0.00940695 0.00172253 0.00222509 0.0197782 0.016217 0.0176095 0.00603848 0.00302594 0.00822262 -0.0124897 -0.00344908 -0.014 0.0253119 0.018784 0.0349444 -0.00659813 0.0120857 0.0404647 0.0367019 0.0334244 0.0402288 0.0209147
internal_weight=23109 6455 16654 6005 7462 9192 8591 1819 601 5225 5041 151 1570 1446 4186 1781 2405 1941 266 1675 406 242 164 5521 123 139 450 369 239 130
internal_count=23109 6455 16654 6005 7462 9192 8591 1819 601 5225 5041 151 1570 1446 4186 1781 2405 1941 266 1675 406 242 164 5521 123 139 450 369 239 130
cat_boundaries=0 1 2 3
cat_threshold=4132 544 6256
is_linear=0
shrinkage=0.03


Tree=64
num_leaves=31
num_cat=1
split_feature=50 29 18 9 54 0 6 9 6 55 30 58 36 10 10 6 54 7 7 9 45 54 54 7 6 6 8 2 7 50
split_gain=1038.62 393.608 160.332 118.993 61.663 49.0878 48.6991 42.3835 40.9326 44.801 40.5565 41.1964 41.3857 34.3409 32.1075 31.6485 31.3817 30.4628 30.0575 29.681 40.6179 32.158 30.4055 28.7471 44.8667 40.3664 30.7656 28.4067 28.356 33.655
threshold=24.297857808992191 29.876295089721683 22.357896804809574 25.668535232543949 1.7778165029462605 0 14.500000000000002 32.369287493173836 15.500000000000002 0.33321172614404237 22.072503089904789 21.500000000000004 23.157751085319827 2.5000000000000004 5.5000000000000009 14.500000000000002 1.8952896858829007 26.500000000000004 4.5000000000000009 27.742073059082035 23.623800277709964 1.7778165029462605 0.84011128164666871 40.500000000000007 15.500000000000002 9.5000000000000018 2.5000000000000004 0.9565760000000002 18.500000000000004 21.61956620213245
decision_type=2 2 2 2 2 9 2 2 2 2 2 2 2 2 2 2 2 2 2 2 2 2 2 2 2 2 2 2 2 2
left_child=2 3 28 5 8 -2 19 -3 9 -4 -11 14 -13 23 -12 16 -15 -16 -8 21 -21 -5 -22 25 -25 -7 -27 -24 -1 -30
right_child=1 7 4 6 -6 13 18 -9 -10 10 11 12 -14 15 17 -17 -18 -19 -20 20 22 -23 27 24 -26 26 -28 -29 29 -31
leaf_value=-0.0057304593243546215 -0.0098837967549415314 0.024462417104121979 -0.0044603898683333448 0.011398808996259568 0.03982367122125241 0.013419367255134757 0.022965910799801349 0.040184277077811359 -0.008560862232688005 -0.010551961573872568 0.00068046463500136961 0.048689908562111667 0.007827937701267414 0.010814157161036168 -0.032415655114902901 -0.005827082946571042 0.046433443566379337 -0.00066299061339936756 -0.0033922858418539087 -0.022123685351439885 0.015191902025631596 -0.010673827939346188 0.055352335326811844 0.00039269004615351917 -0.028614540910720822 -0.00014629728386957952 0.007511821544242867 0.024648365947181609 -0.014885612947455263 -0.0085761107897183303
leaf_weight=1726 227 362 3507 2272 31 410 45 269 920 306 4211 30 87 693 52 103 23 57 289 21 331 61 34 1194 50 1128 812 134 1066 2658
leaf_count=1726 227 362 3507 2272 31 410 45 269 920 306 4211 30 87 693 52 103 23 57 289 21 331 61 34 1194 50 1128 812 134 1066 2658
internal_value=1.06886e-06 0.00837172 -0.0048313 0.00653418 -0.00241595 0.00346858 0.0109974 0.0311648 -0.00255875 -0.00188942 1.15664e-05 0.000740086 0.0183054 0.00416836 0.000264359 0.0097216 0.0119584 -0.0158111 0.000158968 0.0122663 0.0187477 0.0108217 0.0204677 0.00291449 -0.000773195 0.0048666 0.00305906 0.0308623 -0.00890902 -0.0103822
internal_weight=23109 8458 14651 7827 9201 4640 3187 631 9170 8250 4743 4437 117 4413 4320 819 716 109 334 2853 520 2333 499 3594 1244 2350 1940 168 5450 3724
internal_count=23109 8458 14651 7827 9201 4640 3187 631 9170 8250 4743 4437 117 4413 4320 819 716 109 334 2853 520 2333 499 3594 1244 2350 1940 168 5450 3724
cat_boundaries=0 1
cat_threshold=512
is_linear=0
shrinkage=0.03


Tree=65
num_leaves=31
num_cat=3
split_feature=18 9 9 9 9 55 8 53 19 43 54 41 54 0 51 34 0 0 8 30 55 55 51 44 3 55 26 55 43 30
split_gain=978.826 374.873 145.744 93.853 77.4062 48.1584 37.9417 43.7253 37.251 42.5756 35.3975 68.0939 58.3933 34.2892 31.9393 32.1216 29.2122 29.1441 28.6603 28.4359 28.2622 27.1031 27.0531 25.3793 31.9421 23.2237 22.7055 20.5523 19.6942 23.9152
threshold=24.148136138916019 27.742073059082035 22.327829360961918 30.76584625244141 25.668535232543949 0.59273865111597024 1.5000000000000002 0.44680506274316462 27.387870788503424 25.265084266662601 1.8952896858829007 23.64885234832764 0.82623792237048466 0 23.387689622301028 23.189062118530277 1 2 2.5000000000000004 23.681220054626468 0.14891451910469503 2.0744132084195979 23.979504171790367 25.757452011108402 0.27658100000000008 1.0063287945811139 33.662851333618171 1.8305065257697211 25.418547630310062 26.773147583007816
decision_type=2 2 2 2 2 2 2 2 2 2 2 2 2 9 2 2 9 9 2 2 2 2 2 2 2 2 2 2 2 2
left_child=2 4 17 21 8 13 7 19 16 -10 12 -12 18 14 -4 -16 -2 -1 -8 22 -18 23 -7 -3 25 -25 -5 -9 29 -22
right_child=1 3 5 26 -6 6 10 27 9 -11 11 -13 -14 -15 15 -17 20 -19 -20 -21 28 -23 -24 24 -26 -27 -28 -29 -30 -31
leaf_value=-0.011566761712333725 0.00032238918611526417 0.030760778913274407 -0.0041992738250673997 0.031102685659895532 0.009594013832417465 0.020065254431739447 -0.010827860082167068 0.0030547032962612202 0.00055230873370809206 0.051989343285895301 0.04845745719117777 -0.013136384462006389 -0.011109859577398896 -0.0050304642597265642 0.02949641584077986 0.0023653823994929228 0.033959965774323787 -0.0068952167441996386 0.0047786641864881688 0.0058718228196633646 0.0062445777124994304 -0.010011886926367879 0.05614158360795541 0.017127585250674177 0.0032635285385923694 0.038914486357569694 0.047954296648502349 -0.022604932978749274 0.0013896381466661702 0.039239020720124244
leaf_weight=2126 2142 120 962 359 2652 125 126 442 28 30 35 30 465 5025 41 933 30 3140 664 122 1729 32 22 369 142 50 90 30 1028 20
leaf_count=2126 2142 120 962 359 2652 125 126 442 28 30 35 30 465 5025 41 933 30 3140 664 122 1729 32 22 369 142 50 90 30 1028 20
internal_value=9.08481e-07 0.00785888 -0.00485037 0.0237366 0.00544996 -0.00253554 0.00149259 0.00692532 0.00325503 0.0271577 -0.00155715 0.0200295 -0.00267519 -0.00372818 -0.000320373 0.00350745 0.0029749 -0.00881628 0.00228952 0.0165786 0.00498012 0.0169707 0.0254644 0.0182386 0.0155601 0.0197275 0.0344805 0.00142379 0.00468498 0.00662187
internal_weight=23109 8821 14288 1162 7659 9022 2061 741 5007 58 1320 65 1255 6961 1936 974 4949 5266 790 269 2807 713 147 681 561 419 449 472 2777 1749
internal_count=23109 8821 14288 1162 7659 9022 2061 741 5007 58 1320 65 1255 6961 1936 974 4949 5266 790 269 2807 713 147 681 561 419 449 472 2777 1749
cat_boundaries=0 1 2 3
cat_threshold=2194 681 4196
is_linear=0
shrinkage=0.03


Tree=66
num_leaves=31
num_cat=4
split_feature=50 29 50 9 49 6 6 6 0 16 0 10 6 9 34 0 55 53 8 10 6 31 54 6 7 7 49 7 49 0
split_gain=922.44 349.025 142.255 105.268 56.8773 50.126 111.924 52.5092 48.8354 49.7122 48.4773 48.3146 42.6018 38.3179 35.5108 46.0954 90.8841 38.5457 32.7544 32.1993 31.2781 30.7399 28.1767 28.144 34.8905 32.7413 28.0057 27.8443 27.1638 26.4255
threshold=24.297857808992191 29.876295089721683 22.54800810828748 25.784105300903324 24.787898540536624 10.500000000000002 11.500000000000002 15.500000000000002 0 -1.5345134999999999 1 3.5000000000000004 14.500000000000002 32.788452148437507 21.997883796691898 2 0.91207750114819308 0.49233158395107784 3.5000000000000004 2.5000000000000004 14.500000000000002 21.459689140319828 1.8952896858829007 12.500000000000002 13.500000000000002 40.500000000000007 24.190455913606204 43.500000000000007 23.337020015716558 3
decision_type=2 2 2 2 2 2 2 2 9 2 9 2 2 2 2 9 2 2 2 2 2 2 2 2 2 2 2 2 2 9
left_child=2 3 21 10 5 8 11 14 9 -4 -2 28 29 -3 -8 16 17 -16 -17 -12 22 -1 26 24 -20 -26 -21 -9 -7 -5
right_child=1 13 4 12 -6 6 7 27 -10 -11 19 -13 -14 -15 15 18 -18 -19 23 20 -22 -23 -24 -25 25 -27 -28 -29 -30 -31
leaf_value=-0.011972138543186765 -0.0097890845315526977 0.024700310711081312 0.060300292176279149 0.015267021026487757 0.035633958093822006 -0.016525358746193246 -0.024358975655133168 -0.0063801385418669173 0.00062593148483552419 0.011881461611686366 0.0029413792357663089 -0.031433453408794269 0.000124037826379526 0.041100199720380023 0.046824310774202731 -0.0022182252637157631 -0.0077007738004825754 0.0077028316385386614 -0.019886638676211078 0.04307654529708721 -0.0054038539950826527 -0.0068668351986389256 0.044209394480871113 0.0083324705284090524 0.010285629220462094 -0.010857817674740753 0.0094450152005516406 -0.021355020809072204 -0.0060313782729570298 0.0088951983959651548
leaf_weight=1353 228 452 22 1198 36 370 56 499 1661 144 3796 108 309 179 68 3663 89 34 80 23 113 4926 23 559 180 104 716 144 555 1421
leaf_count=1353 228 452 22 1198 36 370 56 499 1661 144 3796 108 309 179 68 3663 89 34 80 23 113 4926 23 559 180 104 716 144 555 1421
internal_value=5.80425e-07 0.00788917 -0.00455349 0.00615883 -0.00199342 -0.00215592 -0.00338841 -0.0016798 0.00223507 0.0172587 0.00346913 -0.0124459 0.0106591 0.0293526 -0.000608268 -0.000329843 0.0137342 0.0337838 -0.000943481 0.0041284 0.00932523 -0.00796693 0.0115095 0.00410522 -0.00238662 0.00254296 0.0104917 -0.00973377 -0.010229 0.0119021
internal_weight=23109 8458 14651 7827 8372 8336 6509 5476 1827 166 4899 1033 2928 631 4833 4777 191 102 4586 4671 875 6279 762 923 364 284 739 643 925 2619
internal_count=23109 8458 14651 7827 8372 8336 6509 5476 1827 166 4899 1033 2928 631 4833 4777 191 102 4586 4671 875 6279 762 923 364 284 739 643 925 2619
cat_boundaries=0 1 2 3 4
cat_threshold=130 512 48 7184
is_linear=0
shrinkage=0.03


Tree=67
num_leaves=31
num_cat=0
split_feature=9 9 9 18 55 6 29 55 55 3 54 32 40 17 14 6 6 45 6 6 53 6 6 53 7 3 2 26 10 7
split_gain=868.121 330.663 136.514 116.342 48.0361 42.6069 36.8404 32.6587 45.339 32.0179 31.2485 29.9482 29.1506 28.96 28.5577 26.4262 30.0424 39.4855 29.811 25.3362 35.0477 29.2475 35.6202 34.0952 33.1303 32.3306 26.7667 42.0878 25.0571 24.5458
threshold=24.212922096252445 30.76584625244141 22.327829360961918 25.704504966735843 0.59273865111597024 14.500000000000002 21.655280113220218 0.7364735609423273 2.0744132084195979 3.7002795000000006 0.6103756684048306 22.280719757080082 25.96840858459473 -0.96783499999999989 0.33480103626816099 10.500000000000002 11.500000000000002 21.733306884765629 15.500000000000002 10.500000000000002 1.849406709187122 12.500000000000002 14.500000000000002 0.66016015061759037 22.500000000000004 0.27658100000000008 6.5827470000000003 23.945541381835941 5.5000000000000009 24.500000000000004
decision_type=2 2 2 2 2 2 2 2 2 2 2 2 2 2 2 2 2 2 2 2 2 2 2 2 2 2 2 2 2 2
left_child=2 3 15 11 28 7 -6 10 9 -9 14 -2 -8 -10 -5 -1 -17 -18 -19 -13 21 23 24 25 26 -21 -23 -28 -4 -30
right_child=1 -3 4 5 6 -7 12 8 13 -11 -12 19 -14 -15 -16 16 17 18 -20 20 -22 22 -24 -25 -26 -27 27 -29 29 -31
leaf_value=-0.0033028064932043646 -0.022611770368181166 0.032619955652952198 -0.0031974195236614744 0.0047743569129145959 -0.019442462616522486 0.0003969093548503142 0.0033126613281140773 0.019899750102622175 0.012560960749785105 -0.0090652613450462605 -0.0025320008209484173 0.006220555774499403 -0.011151821408757449 -0.030984280343566619 0.013022097888441509 -0.016622699989073196 -0.012224183884699457 -0.0031290940663995918 -0.0096884410691494855 0.015609351794634546 0.029983165802863927 0.010071570882896104 -0.0017051700341292996 -0.014227836984286054 0.003581458856414622 -0.0020134919223532177 0.006186815526728567 0.048851494679794362 -0.028054421825513039 -0.0031906329945528078
leaf_weight=805 40 450 6981 516 72 333 1953 748 27 36 172 1837 134 28 1411 443 1512 1381 1137 105 39 260 660 183 749 870 38 46 73 70
leaf_count=805 40 450 6981 516 72 333 1953 748 27 36 172 1837 134 28 1411 443 1512 1381 1137 105 39 260 660 183 749 870 38 46 73 70
internal_value=7.57733e-07 0.00758975 -0.00445434 0.00619884 -0.00226404 0.010567 0.00165606 0.0117197 0.0167226 0.0185697 0.00971998 0.00323877 0.00238394 -0.00960753 0.0108136 -0.00830667 -0.00920721 -0.00839206 -0.00609096 0.00345478 0.0017325 0.00135401 0.00379805 -0.00234581 0.00712112 -0.000115647 0.0148281 0.0295508 -0.00345206 -0.0158833
internal_weight=23109 8548 14561 8098 9283 3271 2159 2938 839 784 2099 4827 2087 55 1927 5278 4473 4030 2518 4787 2950 2911 1753 1158 1093 975 344 84 7124 143
internal_count=23109 8548 14561 8098 9283 3271 2159 2938 839 784 2099 4827 2087 55 1927 5278 4473 4030 2518 4787 2950 2911 1753 1158 1093 975 344 84 7124 143
is_linear=0
shrinkage=0.03


Tree=68
num_leaves=31
num_cat=2
split_feature=50 9 18 9 54 33 0 0 19 43 6 6 55 28 58 46 16 55 55 55 6 42 17 10 7 6 10 49 54 30
split_gain=818.845 309.762 127.179 96.9039 54.5315 61.7404 46.839 43.3311 44.1853 43.6078 34.8252 34.7363 36.9811 35.8682 39.8198 44.8448 36.7594 34.6227 34.0936 84.7993 33.707 62.5222 31.0814 29.2388 28.6509 28.5904 27.889 57.4105 27.401 26.9982
threshold=24.297857808992191 30.152811050415043 22.357896804809574 26.110506057739261 1.6298217112527733 23.014585494995121 0 1 27.214878082658696 25.752305030822757 14.500000000000002 15.500000000000002 0.33321172614404237 22.094651222229007 21.500000000000004 23.567049980163578 -1.9970755 0.14891451910469503 0.51984540105684873 0.60418046897590949 14.500000000000002 23.837076187133793 -0.78363099999999997 5.5000000000000009 8.5000000000000018 8.5000000000000018 3.5000000000000004 24.257093715676273 1.3796028519121983 24.416275024414066
decision_type=2 2 2 2 2 2 9 9 2 2 2 2 2 2 2 2 2 2 2 2 2 2 2 2 2 2 2 2 2 2
left_child=2 3 -1 7 11 -6 18 10 17 -10 26 12 -4 -14 23 16 -16 -9 -5 -20 21 -8 -21 28 -12 -3 -2 -28 -15 -23
right_child=1 25 4 6 5 -7 20 8 9 -11 24 -13 13 14 15 -17 -18 -19 19 22 -22 29 -24 -25 -26 -27 27 -29 -30 -31
leaf_value=-0.0079217346439764257 0.0010519699994870877 0.045887966972810251 -0.0040196274628626124 0.028839525338262319 0.068364840320178435 -0.0014110339701175689 0.062111099946778263 0.041526816836558282 0.0041794791397067807 0.052720483588054777 0.0084635464688511304 -0.0078345679191719718 -0.010028848763986572 0.0010108139563106725 0.010364607317886989 -0.0022679689602722098 0.056341240381931557 0.0053528752302531265 -0.057694953385216644 0.0091005992529106239 0.0005713130629092858 0.042598125269370422 -0.014247105835299742 -0.015155745600091499 -0.012623704801827892 0.026549515532680198 0.058178257017650385 0.0072405023877176317 -0.015722390887637931 0.012908383863187317
leaf_weight=5450 1898 81 3507 32 21 25 24 24 31 36 74 919 298 4117 29 53 34 3054 24 158 185 28 76 108 268 457 22 210 90 1776
leaf_count=5450 1898 81 3507 32 21 25 24 24 31 36 74 919 298 4117 29 53 34 3054 24 158 185 28 76 108 268 457 22 210 90 1776
internal_value=7.34997e-07 0.00743317 -0.00429 0.00593684 -0.00213883 0.0304432 0.0111193 0.00381201 0.00614004 0.0302612 0.000822005 -0.00230254 -0.00168526 4.59002e-05 0.000723462 0.0180687 0.0351774 0.00563493 -0.000355665 -0.00399056 0.012711 0.0140091 0.00151758 0.000257169 -0.00806097 0.0294611 0.00225214 0.0120708 0.000652842 0.0133692
internal_weight=23109 8458 14651 7920 9201 46 2303 5617 3145 67 2472 9155 8236 4729 4431 116 63 3078 290 258 2013 1828 234 4315 342 538 2130 232 4207 1804
internal_count=23109 8458 14651 7920 9201 46 2303 5617 3145 67 2472 9155 8236 4729 4431 116 63 3078 290 258 2013 1828 234 4315 342 538 2130 232 4207 1804
cat_boundaries=0 1 2
cat_threshold=672 4745
is_linear=0
shrinkage=0.03


Tree=69
num_leaves=31
num_cat=3
split_feature=18 24 9 9 55 6 2 0 46 8 53 53 6 0 49 29 30 6 55 53 7 31 0 6 6 6 38 7 7 30
split_gain=772.096 302.121 115.583 101.774 39.6006 34.5063 107.644 44.3033 47.8768 34.3758 40.3422 33.3453 33.1849 48.738 37.5881 50.1627 87.7109 32.4905 52.044 51.2963 52.9888 36.6765 31.4902 28.1951 39.9847 43.0549 34.7883 35.26 31.6897 26.8751
threshold=24.148136138916019 29.791568756103519 22.327829360961918 25.668535232543949 0.59273865111597024 9.5000000000000018 0.9565760000000002 0 22.990440368652347 1.5000000000000002 0.44680506274316462 0.12406964567286692 9.5000000000000018 1 22.384205532082522 22.744768142700199 22.250443458557132 10.500000000000002 1.8305065257697211 1.7170038984847487 45.500000000000007 24.372460365295414 2 10.500000000000002 12.500000000000002 14.500000000000002 26.958163261413578 47.500000000000007 24.500000000000004 23.681220054626468
decision_type=2 2 2 2 2 2 2 9 2 2 2 2 2 9 2 2 2 2 2 2 2 2 9 2 2 2 2 2 2 2
left_child=2 3 -1 23 22 6 -5 8 -7 10 29 -3 14 -14 -11 16 -16 19 21 20 -10 -19 -4 26 -25 28 27 -2 -26 -6
right_child=1 11 4 5 9 7 -8 -9 17 12 -12 -13 13 -15 15 -17 -18 18 -20 -21 -22 -23 -24 24 25 -27 -28 -29 -30 -31
leaf_value=-0.0078396975587578677 0.0076887774937133202 0.037146082151681185 -0.005360077862548808 0.073589236736297609 0.024488251469459155 -0.03196415162037896 0.012771104983035474 0.0022225804771395896 0.033582582712521424 -0.023077872302984036 0.0012929738321838806 0.022307861134829871 -0.012271806799622675 0.0010475886402900201 -0.001122025427009378 0.0028559279633271527 0.06512698670547154 0.031395372489692062 0.042212540305086546 -0.016699932680047793 0.0010731212031096218 0.0068792086308301602 -0.001314459416015437 -0.003156203654598753 0.01421945131516966 -0.0019860164911716461 0.040840827982127667 -0.00176611288710112 0.003789458722096308 0.0054409166846851832
leaf_weight=5266 1355 200 3448 27 147 23 875 870 182 31 472 428 382 672 35 163 37 58 42 29 60 1034 3513 1241 397 722 25 481 772 122
leaf_count=5266 1355 200 3448 27 147 23 875 870 182 31 472 428 382 672 35 163 37 58 42 29 60 1034 3513 1241 397 722 25 481 772 122
internal_value=7.12961e-07 0.00697971 -0.00430792 0.00544258 -0.00224648 0.00961919 0.0145916 0.00766744 0.0108928 0.00140625 0.00657739 0.0270334 -0.00149664 -0.00388624 0.00797192 0.0120678 0.0329226 0.0116719 0.00944176 0.0210041 0.0255224 0.00818135 -0.00332797 0.0027658 0.00102804 0.00377402 0.00569039 0.00521176 0.00733155 0.0158497
internal_weight=23109 8821 14288 8193 9022 3200 902 2298 1428 2061 741 628 1320 1054 266 235 72 1405 1134 271 242 1092 6961 4993 3132 1891 1861 1836 1169 269
internal_count=23109 8821 14288 8193 9022 3200 902 2298 1428 2061 741 628 1320 1054 266 235 72 1405 1134 271 242 1092 6961 4993 3132 1891 1861 1836 1169 269
cat_boundaries=0 1 2 3
cat_threshold=6192 2208 4709
is_linear=0
shrinkage=0.03


Tree=70
num_leaves=31
num_cat=0
split_feature=50 29 51 9 49 6 45 6 6 2 55 41 9 6 24 6 6 6 29 2 6 47 7 7 48 52 42 6 52 17
split_gain=728.536 277.226 114.113 82.5537 48.9236 40.4108 44.0722 43.5979 34.3717 92.4161 50.2186 36.9091 32.4964 32.2124 29.6254 29.2103 52.1538 60.2935 49.9667 39.9251 44.74 35.8647 33.6914 28.7349 28.2506 28.0265 27.3868 26.9223 26.8524 26.5724
threshold=24.297857808992191 29.876295089721683 22.849882888757495 26.110506057739261 24.787898540536624 10.500000000000002 21.733306884765629 11.500000000000002 10.500000000000002 0.9565760000000002 2.0744132084195979 26.672761917114261 32.788452148437507 15.500000000000002 23.114769935607914 9.5000000000000018 11.500000000000002 10.500000000000002 22.558124542236332 6.5827470000000003 8.5000000000000018 24.426015853881839 44.500000000000007 32.500000000000007 22.781134987332035 0.80549369265394521 27.093106269836429 8.5000000000000018 0.42098806163862729 1.3723950000000003
decision_type=2 2 2 2 2 2 2 2 2 2 2 2 2 2 2 2 2 2 2 2 2 2 2 2 2 2 2 2 2 2
left_child=2 3 5 14 15 -1 24 -8 9 11 23 -5 26 -9 -2 18 17 -17 -4 20 -20 -18 -23 -11 -7 -21 -3 -28 -24 -10
right_child=1 12 4 8 -6 6 7 13 29 10 -12 -13 -14 -15 -16 16 21 -19 19 25 -22 22 28 -25 -26 -27 27 -29 -30 -31
leaf_value=-0.0020540635086241914 -0.02842051964897949 0.053748020936289553 0.03709829260810063 0.072200601441519602 0.033601351425362129 -0.011081982820444617 -0.015059747323586507 -0.0029874473896948257 0.0075195064174060338 0.017271592267505662 -0.027495479285717009 0.030015954293360531 0.036958401811272738 -0.0085518854612229578 0.0036773912010197776 2.2992189148777817e-05 -0.0015768042005993726 -0.011490866308879317 -0.0056120174166492441 0.00055220356016280972 0.025094135144171265 0.0031115040056611961 0.029869225802365687 0.0076652671987432509 -0.037232157628198988 -0.021314957236586989 0.048056985386486707 0.018122164251375941 -0.0082478177653891697 -0.012047841129894021
leaf_weight=1440 26 23 39 28 36 1725 435 2514 922 563 29 56 179 1492 5578 705 3849 976 66 498 121 557 80 558 38 59 29 400 21 67
leaf_count=1440 26 23 39 28 36 1725 435 2514 922 563 29 56 179 1492 5578 705 3849 976 66 498 121 557 80 558 38 59 29 400 21 67
internal_value=4.88054e-07 0.0070111 -0.00404673 0.00546897 -0.00128138 -0.00658162 -0.00763251 -0.00603937 0.0103608 0.0137004 0.0114815 0.0440775 0.0261399 -0.00505987 0.00352847 -0.00146153 -0.00215232 -0.00666203 0.00399776 0.00226265 0.0142567 -0.000470308 0.00600219 0.0124899 -0.0116456 -0.00176407 0.0218556 0.0201457 0.0219439 0.00619391
internal_weight=23109 8458 14651 7827 7007 7644 6204 4441 2223 1234 1150 84 631 4006 5604 6971 6188 1681 783 744 187 4507 658 1121 1763 557 452 429 101 989
internal_count=23109 8458 14651 7827 7007 7644 6204 4441 2223 1234 1150 84 631 4006 5604 6971 6188 1681 783 744 187 4507 658 1121 1763 557 452 429 101 989
is_linear=0
shrinkage=0.03


Tree=71
num_leaves=31
num_cat=2
split_feature=48 9 9 6 6 0 8 53 54 48 47 36 6 7 6 54 53 3 7 6 27 21 0 8 6 6 45 6 53 8
split_gain=686.937 207.548 200.042 48.2253 45.7565 49.1665 45.6396 59.468 43.9393 39.1734 44.2653 36.2737 32.0028 47.6916 40.7855 44.859 39.6577 33.5678 46.1215 35.7555 31.8103 37.264 29.642 34.2579 29.1568 58.9441 40.5272 39.9929 34.2827 33.3996
threshold=25.258032035827643 23.32857704100098 30.76584625244141 15.500000000000002 9.5000000000000018 0 1.5000000000000002 0.22030464040241685 0.12943626770025449 26.774087142944342 23.529505729675297 21.565691947937015 15.500000000000002 39.500000000000007 12.500000000000002 0.63541909487616077 0.80642812668894348 0.55585200000000012 30.500000000000004 10.500000000000002 23.249199867248539 24.023745536804203 1 3.5000000000000004 12.500000000000002 10.500000000000002 21.733306884765629 11.500000000000002 1.1704946002080447 2.5000000000000004
decision_type=2 2 2 2 2 9 2 2 2 2 2 2 2 2 2 2 2 2 2 2 2 2 9 2 2 2 2 2 2 2
left_child=1 3 9 24 5 -3 8 -8 -7 20 -11 -6 14 -14 16 22 17 18 -13 -19 -2 -22 -16 -24 25 -1 -26 28 -27 -29
right_child=2 4 -4 -5 11 6 7 -9 -10 10 -12 12 13 -15 15 -17 -18 19 -20 -21 21 -23 23 -25 26 27 -28 29 -30 -31
leaf_value=-0.0018737757583334232 0.039928872433304785 0.00070446289363976374 0.028948116476195378 -0.0090413566163548807 -0.037649795241329984 0.047826956100761889 0.048814682376840592 0.014430879317800811 0.0018729003832369034 -0.022431601602584124 0.013301922127399779 -0.0026565233825273076 -0.0011942416819977902 -0.024410770577217997 -0.0080692113261600518 0.0093144739730644018 -0.01242323352609712 0.0031470038048510554 0.021881014394544328 -0.0042878135316105643 -0.032091811973115669 0.006229993162174422 7.396742034591486e-05 0.0097691827324468267 -0.0087562803397792915 -0.014900358585039204 -0.00067160420658666793 -0.0015237993192343637 0.014939618968249607 -0.010499174765400634
leaf_weight=1811 25 711 449 2591 23 20 57 220 294 32 1248 142 254 116 277 783 285 884 134 1705 23 3223 1426 426 697 925 2799 759 36 734
leaf_count=1811 25 711 449 2591 23 20 57 220 294 32 1248 142 254 116 277 783 285 884 134 1705 23 3223 1426 426 697 925 2799 759 36 734
internal_value=4.73417e-07 -0.00271739 0.00984401 -0.00549753 0.000992825 0.00612313 0.01242 0.0215062 0.00479991 0.00795921 0.0124086 -4.19792e-05 9.25015e-05 -0.00847294 0.000615301 0.00317463 -0.00175065 -0.000688985 0.00925663 -0.00174924 0.00621809 0.00595846 0.000916527 0.0022917 -0.00431443 -0.00597922 -0.00228345 -0.00900895 -0.0137825 -0.00593634
internal_weight=23109 18109 5000 10352 7757 1302 591 277 314 4551 1280 6455 6432 370 6062 2912 3150 2865 276 2589 3271 3246 2129 1852 7761 4265 3496 2454 961 1493
internal_count=23109 18109 5000 10352 7757 1302 591 277 314 4551 1280 6455 6432 370 6062 2912 3150 2865 276 2589 3271 3246 2129 1852 7761 4265 3496 2454 961 1493
cat_boundaries=0 1 2
cat_threshold=556 513
is_linear=0
shrinkage=0.03


Tree=72
num_leaves=31
num_cat=2
split_feature=48 9 9 6 6 0 52 6 6 55 10 35 0 7 54 40 3 54 55 52 27 51 6 6 44 6 53 40 49 13
split_gain=647.01 206.745 180.148 45.5801 41.5961 45.8607 44.1549 43.7679 57.8787 53.3332 44.4721 42.1802 37.9813 36.1961 38.9988 45.746 34.8874 61.7336 37.1802 41.9993 34.5978 28.6705 27.5308 55.7262 37.7116 37.6293 32.2566 31.2483 38.1322 26.5
threshold=25.366928100585941 23.32857704100098 30.76584625244141 15.500000000000002 10.500000000000002 0 0.80549369265394521 12.500000000000002 14.500000000000002 0.27011930636061432 5.5000000000000009 22.032793045043949 1 34.500000000000007 1.1872358270521344 23.31861782073975 0.27658100000000008 2.4360547181571506 1.0986428632700711 0.60764447668204935 22.626594545090338 25.199489688839197 12.500000000000002 10.500000000000002 21.732769963867192 11.500000000000002 1.1704946002080447 22.564824104309086 23.480296230316167 1.0000000180025095e-35
decision_type=2 2 2 2 2 9 2 2 2 2 2 2 9 2 2 2 2 2 2 2 2 2 2 2 2 2 2 2 2 2
left_child=1 3 16 22 5 6 -3 10 9 -9 12 -11 -6 14 -13 -16 18 -18 -2 -20 -8 -7 23 -1 -24 26 -25 -27 -29 -21
right_child=2 4 -4 -5 7 21 20 8 -10 11 -12 13 -14 -15 15 -17 17 -19 19 29 -22 -23 24 25 -26 27 -28 28 -30 -31
leaf_value=-0.0018021064021948236 0.010014090139952929 0.0020557059345053894 0.028079672954532675 -0.0087701159232570023 0.0030915253849234433 0.011091146969430627 0.017165389692876488 -0.011432098149024864 -0.0029382838298551562 -0.024813608355991737 -0.029804282957001736 0.0092978821239526801 -0.0055532900313374186 0.002040728605560059 -0.00038738118750708441 0.055327877748447156 0.0068503742014230911 -0.037128295748141305 0.043215241840352178 -0.0080027175434598946 -0.026738925993974719 -0.00060763397418357474 -0.0084625598017706045 -0.014453347848713197 -0.00065140823099907026 -0.0098524478054354894 0.014491430352597187 0.0014511572028626499 -0.019872086560543147 0.022212854846588616
leaf_weight=1812 907 1239 449 2591 650 922 20 163 1390 38 57 1013 1505 744 21 36 3044 29 69 35 84 237 694 925 2803 790 36 617 86 103
leaf_count=1812 907 1239 449 2591 650 922 20 163 1390 38 57 1013 1505 744 21 36 3044 29 69 35 84 237 694 925 2803 790 36 617 86 103
internal_value=3.63598e-07 -0.00251435 0.0100207 -0.00532475 0.00106969 0.00428708 0.00047617 -0.000363452 0.00177097 0.00501954 -0.00364904 0.0064675 -0.00295723 0.00712278 0.0106565 0.0348012 0.00808414 0.00643535 0.0126324 0.0241047 -0.0182958 0.00862449 -0.00417481 -0.00579234 -0.00220158 -0.00873868 -0.013369 -0.00575825 -0.00115738 0.0145495
internal_weight=23109 18473 4636 10354 8119 2502 1343 5617 3405 2015 2212 1852 2155 1814 1070 57 4187 3073 1114 207 104 1159 7763 4266 3497 2454 961 1493 703 138
internal_count=23109 18473 4636 10354 8119 2502 1343 5617 3405 2015 2212 1852 2155 1814 1070 57 4187 3073 1114 207 104 1159 7763 4266 3497 2454 961 1493 703 138
cat_boundaries=0 1 2
cat_threshold=556 4146
is_linear=0
shrinkage=0.03


Tree=73
num_leaves=31
num_cat=1
split_feature=50 29 51 0 6 2 55 36 51 49 55 42 6 36 7 8 2 49 51 2 53 55 6 9 6 2 6 28 55 53
split_gain=609.608 233.174 97.2752 74.2406 67.1872 91.9167 78.9377 65.7432 52.4018 44.2151 40.4702 34.2046 33.5638 39.3841 30.6629 30.4316 67.7426 50.8149 76.3482 43.4544 41.3421 30.3593 29.9243 29.9006 31.1886 30.9411 50.8765 42.5865 31.9836 29.1071
threshold=24.297857808992191 29.876295089721683 22.849882888757495 0 10.500000000000002 0.9565760000000002 0.7364735609423273 23.60414981842041 27.078081830381922 24.787898540536624 1.604727707306943 27.223028182983402 10.500000000000002 21.482570648193363 36.500000000000007 2.5000000000000004 10.193601000000003 27.955159854677248 24.974149100131594 10.193601000000003 0.51061422176747373 0.63435234910031024 11.500000000000002 23.191828727722172 15.500000000000002 10.193601000000003 13.500000000000002 24.412695884704593 0.97461853522607267 0.12406964567286692
decision_type=2 2 2 9 2 2 2 2 2 2 2 2 2 2 2 2 2 2 2 2 2 2 2 2 2 2 2 2 2 2
left_child=2 3 12 10 5 11 -6 -7 23 -4 -2 -5 -1 21 -12 19 -17 18 -18 -9 -20 -14 -15 -8 25 -25 -27 -28 -29 -3
right_child=1 29 9 4 6 7 8 15 -10 -11 14 -13 13 22 -16 16 17 -19 20 -21 -22 -23 -24 24 -26 26 27 28 -30 -31
leaf_value=-0.0019160667606762823 0.0012459832243423975 0.033415166048705577 -0.0013199137145911461 0.066611310205151958 0.0011868081841401527 -0.036076069456924278 -0.02135866634015526 0.010860911642836795 -0.0028436244046315547 0.032013024777794878 -0.0029481825983519992 0.026939278654754161 -0.010546471651625911 -0.013621662858085739 -0.030018100106894079 0.0079346174657971141 0.0043263712414615858 0.0082312639190682338 0.074331100320025364 -0.00081465954130474139 0.034948338007039212 -0.028586403375471029 -0.0051553247595071709 0.012625107997762305 -0.015187234174460171 -0.0044784664431062994 0.074251569505780921 0.042595615497101912 0.014721019649645313 0.019567337527386562
leaf_weight=1440 1869 200 6971 31 2464 28 21 1254 204 36 86 53 1085 409 67 313 37 63 49 372 47 91 4619 630 30 40 20 69 80 431
leaf_count=1440 1869 200 6971 31 2464 28 21 1254 204 36 86 53 1085 409 67 313 37 63 49 372 47 91 4619 630 30 40 20 69 80 431
internal_value=3.20743e-07 0.00641324 -0.00370185 0.00499893 0.00671757 0.0107904 0.00416429 0.00959472 0.0108704 -0.00114866 3.14893e-05 0.0415801 -0.00604227 -0.007 -0.0148023 0.0101937 0.0165952 0.0304257 0.0409389 0.00818975 0.05505 -0.0119424 -0.00584401 0.0140139 0.0148687 0.0159434 0.0259458 0.0331468 0.0276294 0.0239565
internal_weight=23109 8458 14651 7827 5805 2247 3558 2163 1094 7007 2022 84 7644 6204 153 2135 509 196 133 1626 96 1176 5028 890 869 839 209 169 149 631
internal_count=23109 8458 14651 7827 5805 2247 3558 2163 1094 7007 2022 84 7644 6204 153 2135 509 196 133 1626 96 1176 5028 890 869 839 209 169 149 631
cat_boundaries=0 1
cat_threshold=649
is_linear=0
shrinkage=0.03


Tree=74
num_leaves=31
num_cat=1
split_feature=48 51 20 0 6 6 45 6 6 3 55 52 51 36 6 7 4 53 55 43 41 55 6 39 6 44 43 6 55 50
split_gain=575.082 182.236 155.755 50.3703 47.3263 53.6843 72.1067 42.3031 38.1557 34.9609 37.7012 40.4064 34.5783 33.1725 33.0166 38.9252 33.4384 36.8005 42.8777 50.084 32.7568 31.4725 30.1988 29.2914 28.2029 28.0704 27.9422 27.4084 50.8465 61.8781
threshold=25.366928100585941 23.359149932892581 30.875319480896 0 10.500000000000002 11.500000000000002 21.893151283264164 10.500000000000002 11.500000000000002 0.27658100000000008 1.0986428632700711 0.60764447668204935 25.391939036067061 22.455321314138185 15.500000000000002 44.500000000000007 8.9239605000000015 0.27165500405422266 0.91207750114819308 24.319804191589359 24.055945396423343 2.0744132084195979 15.500000000000002 24.769245147705078 8.5000000000000018 21.085000991821293 25.978667259216312 10.500000000000002 0.6648067694347447 26.359491777420047
decision_type=2 2 2 9 2 2 2 2 2 2 2 2 2 2 2 2 2 2 2 2 2 2 2 2 2 2 2 2 2 2
left_child=1 4 9 13 20 -6 -7 12 -9 10 -2 -12 -5 -3 16 -16 -10 -18 19 -19 24 27 -8 -21 25 -1 -15 -11 29 -29
right_child=2 3 -4 7 5 6 22 8 14 21 11 -13 -14 26 15 -17 17 18 -20 23 -22 -23 -24 -25 -26 -27 -28 28 -30 -31
leaf_value=0.025992931495218172 0.0094982326145977829 0.033923064022674219 0.026218444838204107 0.013046107853781866 -0.014006712621779722 -0.0097154596061951801 -0.0019250127471847356 -0.0050057029686378018 0.0025800456535858942 0.0088214110259720001 0.041434910808362667 0.014060783674742313 -0.007906040934914791 -0.00089611079044392894 -0.00058545349369524039 -0.02857453210013253 0.0020946237143366435 0.013333849218930592 -0.0045004837620345982 0.054072308417070995 0.035563323314894327 -0.021508024216730245 -0.0069728106641870225 0.020083046022516031 0.0012615726825953499 -0.0077837792542379573 -0.011888894091443196 0.00010328796838626969 0.0080544643091114351 -0.029227167417714372
leaf_weight=23 899 24 450 568 698 2319 3748 570 1740 1720 74 141 81 4184 222 56 259 196 68 55 22 37 1491 39 1296 595 219 473 767 75
leaf_count=23 899 24 450 568 698 2319 3748 570 1740 1720 74 141 81 4184 222 56 259 196 68 55 22 37 1491 39 1296 595 219 473 767 75
internal_value=3.11119e-07 -0.00237051 0.00944728 0.000935149 -0.00505635 -0.0060463 -0.00531114 0.00343758 0.00203214 0.00764436 0.0121972 0.0234826 0.0104311 -0.00124833 0.00355456 -0.00622354 0.00470785 0.0107085 0.0169403 0.0219678 -0.000834773 0.00599337 -0.0033616 0.0399704 -0.00125314 -0.00652672 -0.00144288 0.00632864 0.00306813 -0.00391092
internal_weight=23109 18473 4636 8281 10192 8256 7558 3854 3205 4186 1114 215 649 4427 2635 278 2357 617 358 290 1936 3072 5239 94 1914 618 4403 3035 1315 548
internal_count=23109 18473 4636 8281 10192 8256 7558 3854 3205 4186 1114 215 649 4427 2635 278 2357 617 358 290 1936 3072 5239 94 1914 618 4403 3035 1315 548
cat_boundaries=0 1
cat_threshold=685
is_linear=0
shrinkage=0.03


Tree=75
num_leaves=31
num_cat=3
split_feature=50 29 51 0 6 2 55 36 7 49 6 6 55 53 2 6 51 7 43 0 53 53 50 52 6 6 0 50 44 7
split_gain=543.207 207.111 85.7843 67.0914 55.6285 94.4015 63.7235 46.6239 42.0853 40.6464 35.5706 55.5372 47.2039 37.5984 35.2553 36.2626 46.6027 33.5849 31.5495 31.1523 30.6481 41.7847 30.4868 30.2408 30.2265 27.9373 27.4041 58.8883 59.8214 32.3647
threshold=24.297857808992191 29.876295089721683 22.903654829695153 0 10.500000000000002 0.9565760000000002 0.74443822970955276 23.457867622375492 40.500000000000007 24.787898540536624 12.500000000000002 14.500000000000002 0.97461853522607267 1.849406709187122 8.9239605000000015 13.500000000000002 25.049698797932297 30.500000000000004 27.105820655822757 1 1.1704946002080447 0.37265525456613108 26.791366910751226 0.13080493861118817 11.500000000000002 8.5000000000000018 2 26.280953264228639 25.939835546455082 10.500000000000002
decision_type=2 2 2 9 2 2 2 2 2 2 2 2 2 2 2 2 2 2 2 9 2 2 2 2 2 2 9 2 2 2
left_child=2 3 19 -2 5 18 26 -7 22 -4 13 14 -13 17 23 -16 -17 -8 -5 -1 21 -10 -9 -12 -19 -3 27 29 -29 -6
right_child=1 25 9 4 6 7 10 8 20 -11 11 12 -14 -15 15 16 -18 24 -20 -21 -22 -23 -24 -25 -26 -27 -28 28 -30 -31
leaf_value=-0.011795773507596696 -0.010096955077240283 0.03903656899929047 -0.0011762412805323649 0.06361042084232453 0.0081390835811281283 -0.036170175837522203 -0.0099566124497124774 0.0088644281717368597 0.0013729287651179636 0.030786583243558801 0.038098845259948194 0.014031967880825202 -0.0069505678803447012 0.040020523646048134 0.003264699105761553 0.072503887555347035 0.027598845527279009 0.00034656577753712948 0.025509230285962022 -0.0050147468767358875 -0.017815426759800666 0.015240490914558071 0.019637481357360428 0.0099556015329863509 0.027000081929255206 0.020165172165753954 0.0032468848986618665 -0.071276808679103854 -0.013120026249044504 -0.0033692545295838381
leaf_weight=672 258 81 6698 31 281 22 195 1685 911 36 38 180 208 21 38 26 104 138 53 7245 59 249 275 359 53 550 1533 20 78 1012
leaf_count=672 258 81 6698 31 281 22 195 1685 911 36 38 180 208 21 38 26 104 138 53 7245 59 249 275 359 53 550 1533 20 78 1012
internal_value=3.01779e-07 0.00605389 -0.00349443 0.00472097 0.00523249 0.00817642 0.00298727 0.00735259 0.00765378 -0.00100537 0.00835222 0.0115229 0.0027836 0.000928064 0.0175243 0.0290443 0.0365799 -0.00119873 0.0395704 -0.00561156 0.00327687 0.00434967 0.010376 0.0126494 0.00774257 0.0225876 0.000491943 -0.00254925 -0.0249888 -0.000868216
internal_weight=23109 8458 14651 7827 7569 3285 4284 3201 3179 6734 1360 953 388 407 565 168 130 386 84 7917 1219 1160 1960 397 191 631 2924 1391 98 1293
internal_count=23109 8458 14651 7827 7569 3285 4284 3201 3179 6734 1360 953 388 407 565 168 130 386 84 7917 1219 1160 1960 397 191 631 2924 1391 98 1293
cat_boundaries=0 1 2 3
cat_threshold=512 4 2153
is_linear=0
shrinkage=0.03


Tree=76
num_leaves=31
num_cat=3
split_feature=18 9 18 6 0 6 53 6 6 7 2 55 7 52 53 50 39 55 55 0 8 6 0 7 3 6 55 6 6 29
split_gain=512.436 201.988 79.0797 51.5766 48.8961 49.8339 63.1798 56.2828 40.3695 49.3141 49.2541 39.2228 35.1202 30.9812 29.4043 31.6168 42.737 29.3182 32.1066 28.9566 28.4834 46.8627 49.0905 44.2303 34.2176 35.1874 67.9915 29.7615 28.1023 26.6605
threshold=24.148136138916019 27.742073059082035 22.253825187683109 9.5000000000000018 0 10.500000000000002 1.7170038984847487 11.500000000000002 15.500000000000002 35.500000000000007 8.9239605000000015 0.58182731748096395 44.500000000000007 0.60764447668204935 0.21579603278797657 26.870130825159915 24.005761146545414 0.35979755037038469 0.15166486567019785 1 1.5000000000000002 10.500000000000002 2 23.500000000000004 0.55585200000000012 13.500000000000002 1.0700552703195017 14.500000000000002 14.500000000000002 24.391497611999515
decision_type=2 2 2 2 9 2 2 2 2 2 2 2 2 2 2 2 2 2 2 9 2 2 9 2 2 2 2 2 2 2
left_child=2 4 -1 -3 28 12 7 -7 10 -10 -9 19 17 20 -12 16 -16 18 -6 -4 24 23 -23 -22 -13 -26 27 -27 -2 -5
right_child=1 3 11 29 5 6 -8 8 9 -11 14 13 -14 -15 15 -17 -18 -19 -20 -21 21 22 -24 -25 25 26 -28 -29 -30 -31
leaf_value=-0.0066367301843195791 0.0012060707491988042 0.026164732582507851 -0.004880736122172301 -0.013992940094321966 0.041517097498087782 -0.0037337701168352706 0.035134875297546379 0.0041340506508141814 0.003859665461744639 -0.024710131459708871 -0.0074467340707778922 0.02768260066676885 0.0032741672974771646 -0.0037217946370928364 0.0042673562181182205 -0.010337214703322387 0.027499393783962715 0.015549176281315757 0.0053653467993248719 -0.0010891590077822296 -0.0079833141701029873 -0.013652099788523072 0.002902854027062216 0.017512447395319722 0.0017043248706762155 0.070957803959431853 -0.0027292025061148514 0.025917565197713915 -0.010663574823907571 0.013978983602289151
leaf_weight=4823 2023 394 3605 32 23 893 55 1808 145 87 45 80 626 677 100 32 248 806 571 3676 84 252 415 226 343 23 53 31 197 736
leaf_count=4823 2023 394 3605 32 23 893 55 1808 145 87 45 80 626 677 100 32 248 806 571 3676 84 252 415 226 343 23 53 31 197 736
internal_value=-1.44381e-08 0.0056856 -0.00351015 0.0173405 0.00391735 0.00544391 0.00324146 0.00271908 0.00505676 -0.00685401 0.00629425 -0.00191696 0.00918103 0.00160918 0.015484 0.0181995 0.0208235 0.0118222 0.00676516 -0.00297466 0.00400404 0.000966302 -0.00351295 0.0106039 0.00960381 0.0063898 0.0214096 0.0451014 0.000152088 0.0128135
internal_weight=23109 8821 14288 1162 7659 5439 3413 3358 2465 232 2233 9465 2026 2184 425 380 348 1400 594 7281 1507 977 667 310 530 450 107 54 2220 768
internal_count=23109 8821 14288 1162 7659 5439 3413 3358 2465 232 2233 9465 2026 2184 425 380 348 1400 594 7281 1507 977 667 310 530 450 107 54 2220 768
cat_boundaries=0 1 2 3
cat_threshold=649 4709 2208
is_linear=0
shrinkage=0.03


Tree=77
num_leaves=31
num_cat=0
split_feature=9 24 6 2 6 6 6 17 54 6 5 52 2 8 54 38 41 53 48 7 2 7 54 53 7 51 36 6 9 52
split_gain=483.178 210.751 67.6964 69.6321 62.7988 60.2326 64.2501 46.6851 45.444 48.9802 45.4245 43.8219 50.8116 43.7569 42.5499 39.9049 39.1539 39.0697 38.9989 38.801 39.6167 34.6755 31.5628 31.2368 30.4269 28.8839 39.5262 39.6371 30.7574 28.0631
threshold=23.812981605529789 28.944860458374027 10.500000000000002 0.9565760000000002 15.500000000000002 12.500000000000002 14.500000000000002 -0.8195334999999998 0.64567202798052159 13.500000000000002 0.55585200000000012 0.12494136922992712 8.9239605000000015 1.5000000000000002 2.0915897097715273 26.726979255676273 25.89532566070557 0.16440445066165338 26.576376914978031 32.500000000000007 8.9239605000000015 4.5000000000000009 0.42749173768291943 0.12406964567286692 26.500000000000004 23.33676595685311 22.56282997131348 11.500000000000002 22.136723518371586 1.2763588470448501
decision_type=2 2 2 2 2 2 2 2 2 2 2 2 2 2 2 2 2 2 2 2 2 2 2 2 2 2 2 2 2 2
left_child=4 2 3 -2 25 10 8 15 24 -10 17 -11 -13 -14 18 -3 -15 -4 -5 20 -20 -8 -12 -17 -7 -1 -27 -28 -29 -19
right_child=1 7 5 14 -6 6 21 -9 9 11 22 12 13 16 -16 23 -18 29 19 -21 -22 -23 -24 -25 -26 26 27 28 -30 -31
leaf_value=-0.0037843286413325296 0.042233086778801318 0.055200558554741638 0.021008517236817473 0.0052228300042621934 -0.0078993439264308154 0.010039535593916663 0.013388639157851233 -0.00392209720838329 0.0045858460007531738 0.062949756100773802 -0.0022149899698165488 0.010667898718942652 0.050561683713816676 -0.00090264523315221757 -0.02493415736235105 0.030231621190001372 0.048303585729815746 -0.0010149744147980573 0.017155567381195638 0.0069002031860342389 0.048975138004337039 -0.002911679179780267 -0.011386306367314854 0.01632547695261119 0.00029062010485827479 0.032903692417312412 -0.0046520892528939062 -0.029936262460855335 0.002953815123158393 0.023534636209192484
leaf_weight=7271 49 31 108 3133 2723 450 131 69 352 20 1145 297 65 43 39 206 22 471 218 340 42 1136 479 494 801 32 1249 26 1621 46
leaf_count=7271 49 31 108 3133 2723 450 131 69 352 20 1145 297 65 43 39 206 22 471 218 340 42 1136 479 494 801 32 1249 26 1621 46
internal_value=-2.31052e-07 0.00488546 0.00362577 0.00670062 -0.00385184 0.00151492 0.00408465 0.0196664 0.00736709 0.0129561 -0.00227512 0.0195475 0.0175146 0.0331567 0.00623903 0.0218929 0.0157518 0.00459754 0.00656471 0.0135716 0.0222957 -0.00122633 -0.00492008 0.0204179 0.00379742 -0.00277121 -0.000255379 -0.000621778 0.0024346 0.00116932
internal_weight=23109 10187 9387 3821 12922 5566 3317 800 2050 799 2249 447 427 130 3772 731 65 625 3733 600 260 1267 1624 700 1251 10199 2928 2896 1647 517
internal_count=23109 10187 9387 3821 12922 5566 3317 800 2050 799 2249 447 427 130 3772 731 65 625 3733 600 260 1267 1624 700 1251 10199 2928 2896 1647 517
is_linear=0
shrinkage=0.03


Tree=78
num_leaves=31
num_cat=2
split_feature=50 29 6 0 9 51 49 5 6 10 6 46 42 6 28 55 6 6 6 0 55 50 51 10 47 7 8 16 7 9
split_gain=455.512 174.771 76.1272 60.6382 51.5385 41.9708 34.8841 29.4221 29.6682 27.3628 41.8303 25.9124 28.6605 28.9631 29.6382 32.3825 25.8212 56.7756 59.297 45.7401 39.2712 44.9221 62.9386 38.0702 30.1823 28.7375 27.3409 26.2621 25.6454 25.2487
threshold=24.297857808992191 29.876295089721683 15.500000000000002 0 26.449912073642583 22.288247108459476 24.840771389007571 0.27658100000000008 13.500000000000002 2.5000000000000004 14.500000000000002 33.213405609130866 27.093106269836429 8.5000000000000018 32.943561553955085 0.40005004553183571 9.5000000000000018 11.500000000000002 10.500000000000002 1 0.87828114495489262 23.307708930969241 22.866012827542566 3.5000000000000004 24.331485750251471 15.500000000000002 1.5000000000000002 -0.56068150000000017 25.500000000000004 22.846166610717777
decision_type=2 2 2 9 2 2 2 2 2 2 2 2 2 2 2 2 2 2 2 9 2 2 2 2 2 2 2 2 2 2
left_child=2 3 5 -2 9 28 7 8 -7 -5 -11 12 -3 -14 15 -15 19 18 26 27 -21 22 -22 -20 -19 -26 -18 -9 -1 -28
right_child=1 11 -4 4 -6 6 -8 16 -10 10 -12 -13 13 14 -16 -17 17 24 23 20 21 -23 -24 -25 25 -27 29 -29 -30 -31
leaf_value=-0.0019996897580690197 -0.0097642516892458963 0.049514370356564939 -0.0076631850757147568 0.0024985917439163032 0.0096294555774443878 0.029467168835809035 0.037520853137331348 0.035570879340300274 0.0038779244950202141 0.0097208139514867661 -0.0060213294448883473 0.030354449982444447 0.038192393359812823 0.026103575007783038 -0.023060465019196272 0.0075792465873233414 0.0070045446171140184 -0.0012873191575093043 -0.008899222633908745 -0.0021025974005988565 0.0062513742465129555 -0.0016427955998326925 0.058559569714943298 -0.026769073611172305 -0.0018895745638965759 0.011678037060556737 0.0069930125124962397 0.0074863941100380945 -0.0075430301882150642 -0.0074210931712584451
leaf_weight=1312 258 23 2786 4739 1581 49 21 58 243 1072 177 180 44 135 20 229 294 4646 1091 849 47 85 37 119 242 335 142 62 1757 476
leaf_count=1312 258 23 2786 4739 1581 49 21 58 243 1072 177 180 44 135 20 229 294 4646 1091 849 47 85 37 119 242 335 142 62 1757 476
internal_value=-2.24116e-07 0.00554323 -0.00320045 0.00431878 0.00480537 -0.00215256 -0.00109862 -0.00119104 0.00817201 0.00353971 0.00748994 0.0207314 0.0168907 0.0151376 0.0124959 0.0144495 -0.00151334 -0.00216483 -0.00630286 0.0026916 0.000521183 0.013733 0.0292919 -0.0106567 -0.000483634 0.00598763 -0.000526422 0.0194405 -0.00517325 -0.00410911
internal_weight=23109 8458 14651 7827 7569 11865 8796 8775 292 5988 1249 631 451 428 384 364 8483 7345 2122 1138 1018 169 84 1210 5223 577 912 120 3069 618
internal_count=23109 8458 14651 7827 7569 11865 8796 8775 292 5988 1249 631 451 428 384 364 8483 7345 2122 1138 1018 169 84 1210 5223 577 912 120 3069 618
cat_boundaries=0 1 2
cat_threshold=512 130
is_linear=0
shrinkage=0.03


Tree=79
num_leaves=31
num_cat=0
split_feature=48 9 9 6 6 36 8 6 51 17 7 3 32 27 34 6 3 38 7 8 24 6 54 10 6 6 6 7 6 54
split_gain=430.982 132.6 126.233 35.552 34.388 31.1426 31.0618 70.8473 73.0131 44.4226 35.1776 44.5634 39.2536 30.3739 43.9997 30.5324 44.6431 42.5174 30.3707 39.3621 37.0441 27.8086 33.5474 27.7659 27.2081 27.9312 25.1634 41.5693 32.0046 35.8543
threshold=25.258032035827643 23.32857704100098 30.76584625244141 9.5000000000000018 17.500000000000004 21.565691947937015 2.5000000000000004 8.5000000000000018 24.949720795915692 -0.8195334999999998 23.500000000000004 3.7002795000000006 23.30695724487305 23.249199867248539 23.84283542633057 10.500000000000002 0.22337950000000004 26.468063354492191 28.500000000000004 1.5000000000000002 25.331841468811039 10.500000000000002 0.65479247369548343 4.5000000000000009 11.500000000000002 13.500000000000002 15.500000000000002 38.500000000000007 12.500000000000002 0.63541909487616077
decision_type=2 2 2 2 2 2 2 2 2 2 2 2 2 2 2 2 2 2 2 2 2 2 2 2 2 2 2 2 2 2
left_child=1 4 13 6 18 -5 -3 9 10 -8 -9 12 -12 -2 -15 16 17 -16 20 24 23 -21 -23 -1 -20 -26 28 -28 -7 -30
right_child=2 3 -4 5 -6 26 7 8 -10 -11 11 -13 -14 14 15 -17 -18 -19 19 21 -22 22 -24 -25 25 -27 27 -29 29 -31
leaf_value=-0.001742452954330893 0.036903746862863671 0.0024976060840614933 0.02297242047962627 -0.034946227519084577 -0.0084677751917323421 -0.0016073292623121579 -0.049203907102346421 0.00010383951477706433 0.074537554255553654 0.0012608810375789052 0.069950367236137387 0.005714459570903164 0.025988324911278837 -0.013280084828837115 0.056079947981569497 0.0040662388300865783 0.0074355942635121958 0.016452823053114116 -0.0078588969259033355 -0.0020501964605234256 0.037032638419080867 -0.0071311342571240641 -0.01887617916242847 -0.025436189780632654 0.0091710488285190149 -0.0037617013859471979 -0.00064649211860584664 -0.022174225376934562 0.00073688126816428515 0.0082447835474013676
leaf_weight=4113 29 947 449 23 1568 3150 20 81 21 73 25 67 68 103 27 2214 1928 250 254 893 22 2599 239 45 362 257 251 119 2129 783
leaf_count=4113 29 947 449 23 1568 3150 20 81 21 73 25 67 68 103 27 2214 1928 250 254 893 22 2599 239 45 362 257 251 119 2129 783
internal_value=-3.44159e-07 -0.00215312 0.00779656 0.000812475 -0.0043753 -9.96696e-05 0.00533466 0.0129028 0.0208875 -0.00959176 0.0162126 0.0243677 0.0378061 0.00629932 0.00610305 0.00655484 0.0090536 0.0203154 -0.00364477 -0.0053256 -0.00179345 -0.00666739 -0.00812023 -0.00199888 0.000408938 0.00380155 2.49372e-05 -0.00757028 0.000488518 0.00275566
internal_weight=23109 18109 5000 7757 10352 6455 1302 355 262 93 241 160 93 4551 4522 4419 2205 277 8784 4604 4180 3731 2838 4158 873 619 6432 370 6062 2912
internal_count=23109 18109 5000 7757 10352 6455 1302 355 262 93 241 160 93 4551 4522 4419 2205 277 8784 4604 4180 3731 2838 4158 873 619 6432 370 6062 2912
is_linear=0
shrinkage=0.03


Tree=80
num_leaves=31
num_cat=4
split_feature=48 9 9 0 6 55 6 6 6 55 10 35 0 52 0 7 54 34 27 58 3 13 7 39 50 52 6 55 47 0
split_gain=405.98 131.84 113.688 34.855 31.9417 32.0307 31.8488 34.2786 46.789 47.1049 38.3316 36.3554 33.286 40.4764 31.7754 31.5193 34.1964 40.3701 30.725 30.2636 32.5005 30.2234 35.8168 31.8837 31.4122 30.1927 31.5267 29.0804 27.0019 24.6632
threshold=25.366928100585941 23.32857704100098 30.76584625244141 0 10.500000000000002 0.71792218460289281 10.500000000000002 12.500000000000002 14.500000000000002 0.27011930636061432 5.5000000000000009 22.032793045043949 1 0.80549369265394521 2 34.500000000000007 1.1872358270521344 23.948954582214359 22.626594545090338 26.500000000000004 2.8888675000000004 1.5000000000000002 31.500000000000004 23.793196678161625 23.200630235691168 0.25110563069345365 10.500000000000002 1.2889757710541023 22.868388175964359 3
decision_type=2 2 2 9 2 2 2 2 2 2 2 2 9 2 9 2 2 2 2 2 2 2 2 2 2 2 2 2 2 9
left_child=1 3 19 4 21 -6 12 10 9 -9 14 -11 13 -3 -8 16 -13 -18 -15 20 25 23 -23 -1 -25 26 27 -2 -27 -10
right_child=2 6 -4 -5 5 -7 7 8 29 11 -12 15 -14 18 -16 -17 17 -19 -20 -21 -22 22 -24 24 -26 28 -28 -29 -30 -31
leaf_value=-0.0073499817741239978 0.0066019561794346459 0.0019500261927311749 0.022283247886577224 -0.0033271547656468494 -0.0078678446520981365 -0.01988412496872732 0.0028818025026822315 -0.011035762804974959 -0.011949065750718794 -0.023254792524599714 -0.027574465494406852 0.0084199072736240044 0.0073802952120478726 0.015882281368598344 -0.0050244783496779235 0.0016522160790496383 0.01301850258372724 0.065357765981129232 -0.025491872067962374 0.043213864725083116 -0.0090337957762426039 0.041137471332913261 -0.005323285842397516 0.04319617988541722 -0.0019109801609407773 -0.020354081119100254 -0.00021706218242847938 0.040640947494817815 0.0098622104164808981 -0.00097916723366743563
leaf_weight=307 1263 1239 449 8187 1513 230 650 163 210 38 57 1013 1159 20 1505 744 36 21 84 20 122 32 28 24 33 27 857 23 1875 1180
leaf_count=307 1263 1239 449 8187 1513 230 650 163 210 38 57 1013 1159 20 1505 744 36 21 84 20 122 32 28 24 33 27 857 23 1875 1180
internal_value=-3.33819e-07 -0.00199232 0.0079371 -0.00423658 -0.00762189 -0.00945347 0.00086974 -0.000384291 0.00150463 0.00442545 -0.00329197 0.00578624 0.00368504 0.00043785 -0.0026497 0.00639459 0.0096921 0.0323014 -0.0175353 0.00639867 0.00622197 -0.000272291 0.0194558 -0.00352417 0.0170815 0.0066821 0.00424031 0.00721074 0.00943327 -0.0027295
internal_weight=23109 18473 4636 10354 2167 1743 8119 5617 3405 2015 2212 1852 2502 1343 2155 1814 1070 57 104 4187 4167 424 60 364 57 4045 2143 1286 1902 1390
internal_count=23109 18473 4636 10354 2167 1743 8119 5617 3405 2015 2212 1852 2502 1343 2155 1814 1070 57 104 4187 4167 424 60 364 57 4045 2143 1286 1902 1390
cat_boundaries=0 1 2 3 4
cat_threshold=36 556 4146 513
is_linear=0
shrinkage=0.03


Tree=81
num_leaves=31
num_cat=5
split_feature=48 9 9 0 6 51 0 8 53 36 27 34 6 0 54 39 3 0 55 15 53 6 7 8 4 37 31 6 7 0
split_gain=382.001 124.039 106.969 33.3107 30.2476 32.1014 42.1343 35.8765 48.6295 29.1059 28.7797 43.1319 27.8994 44.0543 32.7455 36.0306 27.8897 27.4836 32.813 27.8157 26.4402 25.2608 24.5504 29.865 72.8382 24.466 23.5531 23.5338 39.3378 28.1442
threshold=25.366928100585941 23.32857704100098 30.76584625244141 0 9.5000000000000018 25.391939036067061 1 1.5000000000000002 0.2114324028481325 21.565691947937015 23.249199867248539 23.84283542633057 10.500000000000002 2 0.49450606354326332 26.593487740742191 2.3073580000000002 3 1.4418979714484128 1.4821882332714575 0.12605967216766986 15.500000000000002 36.500000000000007 3.5000000000000004 8.9239605000000015 28.401972769980471 24.372460365295414 15.500000000000002 44.500000000000007 4
decision_type=2 2 2 9 2 2 9 2 2 2 2 2 2 9 2 2 2 9 2 2 2 2 2 2 2 2 2 2 2 9
left_child=1 3 10 -1 5 6 -3 -8 16 -6 -2 -12 13 14 -13 -16 -9 18 20 -20 -14 -5 23 25 -25 -15 -22 29 -29 -11
right_child=2 4 -4 21 9 -7 7 8 -10 27 11 12 17 22 15 -17 -18 -19 19 -21 26 -23 -24 24 -26 -27 -28 28 -30 -31
leaf_value=-0.010072295372018888 0.03767149913339661 0.0016362054936241155 0.021614750419890628 -0.0027508657003447877 -0.033674898682081178 -0.021936409108054177 0.0040603309353890778 0.025855666761812956 0.014602870923673258 0.0023638101781252607 -0.01430278738859393 0.011567620088823605 0.022688069796987943 0.0070400612655141552 0.056862063997558186 0.021629538446917985 0.073102661527015944 -0.0016181544190804642 0.00037839671996022975 0.029998179881812564 0.027644626192438106 -0.0063597302079610278 0.0028222335687889755 0.008567838365561329 0.059757672132303312 0.033013415533830137 0.0030172505047626899 -0.0017765867600602835 -0.02457748408481646 -0.0016495465725906448
leaf_weight=776 26 866 449 7282 23 39 217 23 211 3496 92 200 70 816 35 103 22 573 42 89 36 2296 754 82 36 34 1199 290 89 2843
leaf_count=776 26 866 449 7282 23 39 217 23 211 3496 92 200 70 816 35 103 22 573 42 89 36 2296 754 82 36 34 1199 290 89 2843
internal_value=-4.66841e-07 -0.00193273 0.00769899 -0.00410958 0.000843363 0.00489335 0.0056748 0.0127645 0.0206412 1.54626e-05 0.00620671 0.0060101 0.00646938 0.00892257 0.0187688 0.0305653 0.0489542 0.00395391 0.00614577 0.0205018 0.00475177 -0.0036122 0.00684119 0.0100423 0.0241851 0.008079 0.00373513 0.000130806 -0.00713089 0.000564973
internal_weight=23109 18473 4636 10354 8119 1378 1339 473 256 6741 4187 4161 4069 2060 338 138 45 2009 1436 131 1305 9578 1722 968 118 850 1235 6718 379 6339
internal_count=23109 18473 4636 10354 8119 1378 1339 473 256 6741 4187 4161 4069 2060 338 138 45 2009 1436 131 1305 9578 1722 968 118 850 1235 6718 379 6339
cat_boundaries=0 1 2 3 4 5
cat_threshold=4 572 5152 6192 6258
is_linear=0
shrinkage=0.03


Tree=82
num_leaves=31
num_cat=2
split_feature=9 24 6 2 6 0 6 6 7 6 55 41 39 8 3 54 48 55 48 54 3 55 33 55 0 48 49 52 15 7
split_gain=359.967 160.093 53.3526 57.9506 52.9264 55.4135 48.6348 46.5027 46.3372 44.6292 41.0917 39.05 49.9174 41.4457 38.5887 36.2526 33.0727 32.8906 30.8434 29.1005 27.9318 27.806 27.0503 25.8447 48.4873 115.005 28.3371 27.8447 41.916 25.6832
threshold=23.812981605529789 28.944860458374027 10.500000000000002 0.9565760000000002 12.500000000000002 0 15.500000000000002 14.500000000000002 24.500000000000004 15.500000000000002 2.0744132084195979 27.950839996337894 23.98261642456055 1.5000000000000002 0.55585200000000012 0.27227394773979446 26.576376914978031 0.46732951853384996 25.423375892639161 1.2372325146370649 2.3073580000000002 0.27932710300830943 25.521017074584964 0.62855012350917916 1 25.57166595458985 26.015936088562018 0.12494136922992712 3.9681378924599184 32.500000000000007
decision_type=2 2 2 2 2 9 2 2 2 2 2 2 2 2 2 2 2 2 2 2 2 2 2 2 9 2 2 2 2 2
left_child=6 2 3 -2 14 8 -1 23 11 18 16 12 -6 -14 15 -4 19 -16 -10 21 -3 -5 -11 24 26 -26 -7 28 -25 -18
right_child=1 20 4 10 5 7 -8 -9 9 22 -12 -13 13 -15 17 -17 29 -19 -20 -21 -22 -23 -24 27 25 -27 -28 -29 -30 -31
leaf_value=-0.0023740412634165051 0.038263495813827125 0.018723766859467011 0.020197922961087897 0.00081048255270146474 0.004360902506941512 0.0021538317981671072 -0.0068869576035883581 -0.0033300600553231364 0.00069200125587210706 0.0043078072741627692 -0.027404475589008891 -0.016891973134396332 0.059223078426135625 0.025123341679573058 -0.0015680393058891322 0.00079819749559243629 0.019103698294826919 -0.010481634671785362 0.019207432448370927 -0.015071777968264338 -0.0022410800045115811 0.0069025620991966597 -0.039806785521836113 0.0069519855268299581 -0.002537314471685224 -0.08131947193826948 0.020612931791692973 0.0074818091630039687 0.064253112852573402 0.0066472609761068788
leaf_weight=10199 49 738 104 1001 67 762 2723 1007 172 22 34 21 46 106 1045 521 267 579 153 67 62 2066 29 27 81 21 83 700 20 337
leaf_count=10199 49 738 104 1001 67 762 2723 1007 172 22 34 21 46 106 1045 521 267 579 153 67 62 2066 29 27 81 21 83 700 20 337
internal_value=-5.74086e-07 0.00421643 0.00311852 0.00584825 0.0012446 0.00365344 -0.00332503 0.00176891 0.011698 0.00531419 0.00542716 0.0221866 0.0259339 0.035443 -0.00230815 0.00402631 0.00572579 -0.00474598 0.0094085 0.00448697 0.017099 0.00491424 -0.020777 0.00481045 0.00151939 -0.0170824 0.00392058 0.00898264 0.0313354 0.0121537
internal_weight=23109 10187 9387 3821 5566 3317 12922 2701 616 376 3772 240 219 152 2249 625 3738 1624 325 3134 800 3067 51 1694 947 102 845 747 47 604
internal_count=23109 10187 9387 3821 5566 3317 12922 2701 616 376 3772 240 219 152 2249 625 3738 1624 325 3134 800 3067 51 1694 947 102 845 747 47 604
cat_boundaries=0 1 2
cat_threshold=2064 4170
is_linear=0
shrinkage=0.03


Tree=83
num_leaves=31
num_cat=3
split_feature=50 29 18 0 54 9 47 10 6 7 7 7 6 6 2 30 51 25 6 6 10 47 55 0 7 0 9 33 50 8
split_gain=341.133 131.031 59.5779 52.5047 40.6819 39.1957 24.34 24.0777 36.7162 24.1927 23.9751 23.9013 28.7896 23.4879 35.202 22.9189 22.8617 26.397 21.9391 50.399 36.941 33.7019 27.383 25.9461 21.8175 23.8562 27.1068 30.9701 21.6268 22.2084
threshold=24.297857808992191 29.876295089721683 22.253825187683109 0 1.7778165029462605 26.449912073642583 24.403549194335941 2.5000000000000004 14.500000000000002 18.500000000000004 11.500000000000002 21.500000000000004 14.500000000000002 13.500000000000002 8.9239605000000015 33.778514862060554 24.718346595717776 23.452565193176273 10.500000000000002 11.500000000000002 3.5000000000000004 21.956358909606937 0.71133147071900726 1 48.500000000000007 2 22.921028137434085 22.909436225891117 21.61956620213245 1.5000000000000002
decision_type=2 2 2 9 2 2 2 2 2 2 2 2 2 2 2 2 2 2 2 2 2 2 2 9 2 9 2 2 2 2
left_child=2 3 11 16 6 7 18 9 -9 13 -10 12 -1 -5 -15 -3 17 -2 23 20 -20 22 -21 -4 25 26 -23 -28 -13 -30
right_child=1 15 4 5 -6 -7 -8 8 10 -11 -12 28 -14 14 -16 -17 -18 -19 19 21 -22 24 -24 -25 -26 -27 27 -29 29 -31
leaf_value=0.00097924065850269176 0.024899736039806154 0.015615657292523332 0.0097769527834644845 0.0031784173767222929 0.032880852405102017 0.0083967302342383299 0.0026409733458411648 0.0088816052781174812 0.010577365588058123 0.00069395222643559625 -0.013280258153901115 -0.010823951459172487 -0.0067020302170265932 0.0069414308266387732 0.029589391306391918 0.031965488225221633 -0.025112371065582218 -0.0087226452361571886 -0.0073650210308110987 -0.0064781628798325271 -0.026004434831541131 -0.0068146060441027986 -0.026195867171474291 -0.00059245365615498489 -0.0055652162762909445 -0.00093681002604629527 0.042433259859681126 0.0093572866371273988 0.0054946826686724445 -0.0062724479477630889
leaf_weight=912 24 541 238 1088 31 1581 1111 1072 55 3300 122 965 847 271 80 90 65 169 694 382 111 66 76 1743 893 4336 32 125 156 1933
leaf_count=912 24 541 238 1088 31 1581 1111 1072 55 3300 122 965 847 271 80 90 65 169 694 382 111 66 76 1743 893 4336 32 125 156 1933
internal_value=-5.56867e-07 0.00479669 -0.00277 0.00373649 -0.00143191 0.00418978 -0.00154038 0.00308602 0.00679155 0.0021094 -0.00586687 -0.00550512 -0.00271947 0.00535538 0.0121034 0.0179476 -0.00936133 -0.00454162 -0.00207459 -0.00289303 -0.00993518 -0.00193382 -0.0097501 0.000699704 -0.00127721 -0.000437292 0.00891743 0.0160989 -0.00710956 -0.00539372
internal_weight=23109 8458 14651 7827 9838 7569 9807 5988 1249 4739 177 4813 1759 1439 351 631 258 193 8696 6715 805 5910 458 1981 5452 4559 223 157 3054 2089
internal_count=23109 8458 14651 7827 9838 7569 9807 5988 1249 4739 177 4813 1759 1439 351 631 258 193 8696 6715 805 5910 458 1981 5452 4559 223 157 3054 2089
cat_boundaries=0 1 2 3
cat_threshold=512 130 48
is_linear=0
shrinkage=0.03


Tree=84
num_leaves=31
num_cat=0
split_feature=50 29 6 6 10 7 51 9 43 55 6 6 7 6 47 17 17 33 53 58 10 6 7 47 52 7 42 53 55 7
split_gain=320.957 123.287 56.3687 40.1857 43.4158 34.7235 32.7295 32.2939 29.304 26.9372 27.8783 68.8734 76.6872 51.5029 39.0294 37.1038 48.5984 30.6925 27.0594 25.685 25.3151 23.5297 50.2106 27.4762 28.3097 23.5488 22.8958 27.7184 22.8766 22.3466
threshold=24.297857808992191 29.876295089721683 15.500000000000002 14.500000000000002 2.5000000000000004 8.5000000000000018 22.288247108459476 25.52561187744141 25.418547630310062 0.33321172614404237 12.500000000000002 10.500000000000002 30.500000000000004 11.500000000000002 24.005422592163089 -0.95981699999999992 -0.88854650000000002 22.03405857086182 0.44156221761614672 21.500000000000004 1.5000000000000002 14.500000000000002 28.500000000000004 24.113730430603031 0.39825642359870422 5.5000000000000009 27.093106269836429 0.18738381509510676 1.0454401682158965 28.500000000000004
decision_type=2 2 2 2 2 2 2 2 2 2 2 2 2 2 2 2 2 2 2 2 2 2 2 2 2 2 2 2 2 2
left_child=2 3 6 4 7 -5 28 8 -2 -8 11 15 20 -14 18 -11 -17 -12 -15 -18 -13 22 25 -23 -25 -19 -3 -28 29 -1
right_child=1 26 -4 5 -6 -7 9 -9 -10 10 17 12 13 14 -16 16 19 21 -20 -21 -22 23 -24 24 -26 -27 27 -29 -30 -31
leaf_value=-0.0013959032169577267 0.0030655303754952537 0.046790592553822889 -0.0065269008594688264 0.0089440462970358549 0.008830591300162843 -0.0044593264538258714 -0.0028195944717996036 0.0058264830786200969 -0.0034736021518199066 0.01079228029353544 -0.014232106637209653 -0.010098883613524802 -0.0071437655178953298 0.014385206924958361 0.025046957689187219 -0.04422381452200088 1.5408836196156892e-05 0.00054797416839601112 -0.00477426399635882 0.032231189616672373 -0.023410169770555229 -0.0052955236631994813 0.00047033618531697381 0.01176261718906331 -0.011417190154907523 0.013375634335285857 0.022724368250721345 0.0099132733181668594 -0.021659198782461531 -0.0065757232771551195
leaf_weight=1456 1999 23 2786 218 1583 861 3663 2274 892 426 92 444 416 108 93 22 705 161 172 23 181 482 890 213 61 644 303 305 68 1545
leaf_count=1456 1999 23 2786 218 1583 861 3663 2274 892 426 92 444 416 108 93 22 705 161 172 23 181 482 890 213 61 644 303 305 68 1545
internal_value=-4.33095e-07 0.00465279 -0.00268673 0.00362439 0.00448396 -0.00175132 -0.00178503 0.00315178 0.00104792 -0.000854324 0.000548127 -0.00164262 -0.00610407 0.000114055 0.00820857 0.00372174 -0.000294324 0.00277936 0.00261582 0.00103322 -0.0139538 0.0034179 0.00538096 -0.000983404 0.00660215 0.0108101 0.0174092 0.0162977 -0.00445251 -0.00406262
internal_weight=23109 8458 14651 7827 6748 1079 11865 5165 2891 8796 5133 2590 1414 789 373 1176 750 2543 280 728 625 2451 1695 756 274 805 631 608 3069 3001
internal_count=23109 8458 14651 7827 6748 1079 11865 5165 2891 8796 5133 2590 1414 789 373 1176 750 2543 280 728 625 2451 1695 756 274 805 631 608 3069 3001
is_linear=0
shrinkage=0.03


Tree=85
num_leaves=31
num_cat=3
split_feature=48 9 18 0 0 0 54 7 36 36 52 46 4 22 58 47 4 9 51 31 46 7 7 8 47 48 9 52 33 36
split_gain=302.418 94.6199 88.3802 31.6426 28.6083 26.6411 27.3128 32.2027 24.4198 32.7984 23.9297 22.7657 22.7601 20.8299 20.2008 31.5575 37.3137 24.0013 22.6829 20.0181 19.0754 18.5426 21.9151 18.1609 17.7959 17.4634 27.27 19.7221 23.3732 19.6216
threshold=25.106233596801761 30.76584625244141 22.75206279754639 0 1 2 2.0915897097715273 25.500000000000004 22.81616306304932 23.60414981842041 0.25110563069345365 23.547348976135257 7.250382000000001 26.256447792053226 21.500000000000004 23.571535110473636 4.9991100000000008 23.718434333801273 23.387689622301028 21.485415458679203 23.931209564208988 5.5000000000000009 40.500000000000007 2.5000000000000004 23.406559944152836 26.636125945562014 25.219780921936039 0.95734995483343288 26.040843009948734 25.495026588439945
decision_type=2 2 2 9 9 9 2 2 2 2 2 2 2 2 2 2 2 2 2 2 2 2 2 2 2 2 2 2 2 2
left_child=2 3 4 12 -1 6 19 -8 -5 13 11 -11 -2 -10 18 16 17 -16 20 -4 -7 -20 23 24 -23 -12 -27 29 -29 -28
right_child=1 -3 5 8 -6 14 7 -9 9 10 25 -13 -14 -15 15 -17 -18 -19 21 -21 -22 22 -24 -25 -26 26 27 28 -30 -31
leaf_value=-0.0075150979659841478 0.00082947026764521937 0.019309321182011473 -0.020115840945761861 0.039010193355381487 -0.0032711839523104193 -0.0033091940465551292 -0.0043373161274939771 0.047600108791481362 -0.0027319480142285746 0.035756121218204498 0.0063177937524927959 0.0036027168620203953 -0.017868711391784017 -0.042001303844153882 0.0014677316817687824 -0.00036329280991939086 0.058955438413790293 0.039308129095218393 -0.0045785469581399148 -0.0015829129235244658 0.020947412088513372 0.012770874854787412 -0.00020097396860941139 0.0088811042767122494 0.0016313917422059062 0.042864116048812864 0.033053311011212505 0.013549376905084008 -0.0099143325966264146 0.011972875484271606
leaf_weight=1946 693 449 53 20 5607 1065 21 22 31 20 1321 2183 64 20 48 103 21 22 321 5089 30 145 1212 683 1175 25 43 74 79 524
leaf_count=1946 693 449 53 20 5607 1065 21 22 31 20 1321 2183 64 20 48 103 21 22 321 5089 30 145 1212 683 1175 25 43 74 79 524
internal_value=-4.20096e-07 0.00610681 -0.00192895 0.00494379 -0.00437889 -8.03493e-05 -0.00157179 0.0222353 0.00592351 0.00578404 0.00606975 0.00389462 -0.000741558 -0.0181317 0.00152248 0.0110097 0.0238824 0.0133604 0.00112833 -0.00177394 -0.00264463 0.00229671 0.00298317 0.00490986 0.00285505 0.00838911 0.0120619 0.0109924 0.00143413 0.0135716
internal_weight=23109 5546 17563 5097 7553 10010 5185 43 4340 4320 4269 2203 757 51 4825 194 91 70 4631 5142 1095 3536 3215 2003 1320 2066 745 720 153 567
internal_count=23109 5546 17563 5097 7553 10010 5185 43 4340 4320 4269 2203 757 51 4825 194 91 70 4631 5142 1095 3536 3215 2003 1320 2066 745 720 153 567
cat_boundaries=0 1 2 3
cat_threshold=641 4132 557
is_linear=0
shrinkage=0.03


Tree=86
num_leaves=31
num_cat=2
split_feature=9 51 9 0 35 6 6 45 6 19 6 44 54 0 20 14 7 6 6 51 2 38 52 40 58 45 8 49 55 55
split_gain=285.727 111.717 74.0639 38.6581 52.5226 30.0806 45.0554 51.5089 28.7617 25.9053 23.0587 24.726 24.3222 43.9675 35.7882 23.859 22.9965 21.7032 37.2792 34.6389 27.2845 27.1826 31.5664 23.9698 22.1302 20.1561 20.8637 20.3457 20.1007 21.045
threshold=25.668535232543949 23.359149932892581 30.76584625244141 0 22.511816024780277 10.500000000000002 11.500000000000002 21.87808990478516 14.500000000000002 27.387870788503424 8.5000000000000018 21.085000991821293 0.79522311647118549 1 21.462190628051761 2.1184701256799667 40.500000000000007 10.500000000000002 11.500000000000002 25.077297846525472 8.9239605000000015 25.598216056823734 0.19389731405709207 24.482082366943363 20.500000000000004 25.00915146115479 1.5000000000000002 24.654697322736087 0.30848908567645139 2.0744132084195979
decision_type=2 2 2 9 2 2 2 2 2 2 2 2 2 9 2 2 2 2 2 2 2 2 2 2 2 2 2 2 2 2
left_child=1 5 8 4 -3 10 -7 -8 28 17 11 -1 13 14 -12 16 -16 19 -19 24 -20 22 -22 -24 -5 26 -25 -27 -2 -30
right_child=2 3 -4 9 -6 6 7 -9 -10 -11 12 -13 -14 -15 15 -17 -18 18 20 -21 21 -23 23 25 -26 27 -28 -29 29 -31
leaf_value=0.02549442005870135 0.0023351990850055213 0.038555514251347629 0.018843222890918453 0.011179081854952116 -0.0012696112193154587 -0.011742581125278507 -0.0075892651707577296 -0.002164645261401919 -0.0021589964911725153 0.032218366230113635 -0.0088725472498419021 -0.0062004679374101602 -0.010891014645865654 0.00084383723100656734 0.025246086531608807 0.042121453210711472 -0.0099555308468963783 -0.0044425556625007495 0.0015671898242879346 0.00071084970579249774 0.0030900415807108999 -0.0065353121010071416 0.011939465966422428 0.061503600724614582 0.042698920965194696 -0.0062488794380000656 0.022714469667989758 0.035034072801301427 0.0085868692211004682 -0.0091210924185091448
leaf_weight=23 694 30 450 442 4561 698 2241 5304 357 27 35 601 120 1018 61 48 23 712 2132 420 263 94 235 26 21 21 24 22 2344 62
leaf_count=23 694 30 450 442 4561 698 2241 5304 357 27 35 601 120 1018 61 48 23 712 2132 420 263 94 235 26 21 21 24 22 2344 62
internal_value=-5.47524e-07 -0.00150526 0.00739479 0.0009234 -0.00100718 -0.00366126 -0.00445046 -0.00377585 0.00590454 0.00291579 -0.000288876 -0.00503223 0.00197921 0.00328252 0.0170753 0.025249 0.0156075 0.00274307 0.00169058 0.00694948 0.00324073 0.00844949 0.0108329 0.0170413 0.0126087 0.0299329 0.0428848 0.0148726 0.00683314 0.00813055
internal_weight=23109 19202 3907 9030 4591 10172 8243 7545 3457 4439 1929 624 1305 1185 167 132 84 4412 3529 883 2817 685 591 328 463 93 50 43 3100 2406
internal_count=23109 19202 3907 9030 4591 10172 8243 7545 3457 4439 1929 624 1305 1185 167 132 84 4412 3529 883 2817 685 591 328 463 93 50 43 3100 2406
cat_boundaries=0 1 2
cat_threshold=685 160
is_linear=0
shrinkage=0.03


end of trees

feature_importances:
hour=521
source_temp=324
temp_roll_mean_5=171
temp_roll_std_30=171
object_id=144
minute=102
temp_roll_mean_10=93
temp_roll_std_20=86
display_y=79
temp_roll_mean_30=72
temp_lag_1=69
display_x=68
temp_roll_std_10=66
temp_roll_mean_20=55
day_of_week=42
temp_lag_30=42
people_count_total=40
temp_roll_std_5=37
temp_lag_29=31
temp_lag_28=28
temp_lag_27=25
target_minutes_ahead=25
temp_lag_19=22
anchor_y=20
temp_lag_12=20
temp_lag_13=19
temp_lag_2=18
temp_lag_16=17
nearest_person_dy=16
temp_lag_7=14
temp_lag_26=14
temp_lag_11=13
temp_lag_15=12
temp_lag_17=11
nearest_person_dx=9
temp_lag_9=9
temp_lag_22=9
temp_lag_24=9
temp_lag_25=9
people_count_within_3m=8
temp_lag_10=8
anchor_x=7
temp_lag_3=7
temp_lag_18=7
temp_lag_14=6
temp_lag_21=6
temp_lag_5=5
temp_lag_23=5
temp_lag_4=4
nearest_person_distance=3
mean_person_distance=3
temp_lag_8=3
temp_lag_20=3
temp_lag_6=2
temp_delta_1=1

parameters:
[boosting: gbdt]
[objective: regression]
[metric: rmse,l2]
[tree_learner: serial]
[device_type: cpu]
[data_sample_strategy: bagging]
[data: ]
[valid: ]
[num_iterations: 1200]
[learning_rate: 0.03]
[num_leaves: 31]
[num_threads: 8]
[seed: 42]
[deterministic: 0]
[force_col_wise: 0]
[force_row_wise: 0]
[histogram_pool_size: -1]
[max_depth: -1]
[min_data_in_leaf: 20]
[min_sum_hessian_in_leaf: 0.001]
[bagging_fraction: 0.85]
[pos_bagging_fraction: 1]
[neg_bagging_fraction: 1]
[bagging_freq: 0]
[bagging_seed: 400]
[bagging_by_query: 0]
[feature_fraction: 0.85]
[feature_fraction_bynode: 1]
[feature_fraction_seed: 30056]
[extra_trees: 0]
[extra_seed: 12879]
[early_stopping_round: 0]
[early_stopping_min_delta: 0]
[first_metric_only: 0]
[max_delta_step: 0]
[lambda_l1: 0]
[lambda_l2: 0]
[linear_lambda: 0]
[min_gain_to_split: 0]
[drop_rate: 0.1]
[max_drop: 50]
[skip_drop: 0.5]
[xgboost_dart_mode: 0]
[uniform_drop: 0]
[drop_seed: 17869]
[top_rate: 0.2]
[other_rate: 0.1]
[min_data_per_group: 100]
[max_cat_threshold: 32]
[cat_l2: 10]
[cat_smooth: 10]
[max_cat_to_onehot: 4]
[top_k: 20]
[monotone_constraints: ]
[monotone_constraints_method: basic]
[monotone_penalty: 0]
[feature_contri: ]
[forcedsplits_filename: ]
[refit_decay_rate: 0.9]
[cegb_tradeoff: 1]
[cegb_penalty_split: 0]
[cegb_penalty_feature_lazy: ]
[cegb_penalty_feature_coupled: ]
[path_smooth: 0]
[interaction_constraints: ]
[verbosity: -1]
[saved_feature_importance_type: 0]
[use_quantized_grad: 0]
[num_grad_quant_bins: 4]
[quant_train_renew_leaf: 0]
[stochastic_rounding: 1]
[linear_tree: 0]
[max_bin: 255]
[max_bin_by_feature: ]
[min_data_in_bin: 3]
[bin_construct_sample_cnt: 200000]
[data_random_seed: 175]
[is_enable_sparse: 1]
[enable_bundle: 1]
[use_missing: 1]
[zero_as_missing: 0]
[feature_pre_filter: 1]
[pre_partition: 0]
[two_round: 0]
[header: 0]
[label_column: ]
[weight_column: ]
[group_column: ]
[ignore_column: ]
[categorical_feature: 0,1]
[forcedbins_filename: ]
[precise_float_parser: 0]
[parser_config_file: ]
[objective_seed: 16083]
[num_class: 1]
[is_unbalance: 0]
[scale_pos_weight: 1]
[sigmoid: 1]
[boost_from_average: 1]
[reg_sqrt: 0]
[alpha: 0.9]
[fair_c: 1]
[poisson_max_delta_step: 0.7]
[tweedie_variance_power: 1.5]
[lambdarank_truncation_level: 30]
[lambdarank_norm: 1]
[label_gain: ]
[lambdarank_position_bias_regularization: 0]
[eval_at: ]
[multi_error_top_k: 1]
[auc_mu_weights: ]
[num_machines: 1]
[local_listen_port: 12400]
[time_out: 120]
[machine_list_filename: ]
[machines: ]
[gpu_platform_id: -1]
[gpu_device_id: -1]
[gpu_use_dp: 0]
[num_gpu: 1]

end of parameters

pandas_categorical:[["light_1", "light_2", "light_3", "light_4", "machine_1", "machine_2", "machine_3", "machine_4", "machine_5", "machine_6", "screen_1", "screen_2", "window_1"], ["Light", "Machine", "Screen", "Window"]]
