tree
version=v4
num_class=1
num_tree_per_iteration=1
label_index=0
max_feature_idx=59
objective=regression
feature_names=object_id canonical_label display_x display_y anchor_x anchor_y hour minute day_of_week source_temp people_count_total people_count_within_1m people_count_within_2m people_count_within_3m nearest_person_distance mean_person_distance nearest_person_dx nearest_person_dy temp_lag_1 temp_lag_2 temp_lag_3 temp_lag_4 temp_lag_5 temp_lag_6 temp_lag_7 temp_lag_8 temp_lag_9 temp_lag_10 temp_lag_11 temp_lag_12 temp_lag_13 temp_lag_14 temp_lag_15 temp_lag_16 temp_lag_17 temp_lag_18 temp_lag_19 temp_lag_20 temp_lag_21 temp_lag_22 temp_lag_23 temp_lag_24 temp_lag_25 temp_lag_26 temp_lag_27 temp_lag_28 temp_lag_29 temp_lag_30 temp_roll_mean_5 temp_roll_mean_10 temp_roll_mean_20 temp_roll_mean_30 temp_roll_std_5 temp_roll_std_10 temp_roll_std_20 temp_roll_std_30 temp_delta_1 seconds_since_previous observations_in_frame target_minutes_ahead
feature_infos=-1:11:12:10:3:2:1:6:0:13:8:9:7 -1:0:3:2:4 [0.73553599999999997:11.689842000000001] [0.42585099999999998:5.3357780000000004] [0.73553599999999997:11.689842000000001] [0.42585099999999998:5.3357780000000004] [7:21] [0:59] [1:3] [20.085569:29.203589999999998] [0:5] [0:2] [0:3] [0:4] [0.070291688982410477:12.026550245522319] [0.13520276365518533:12.026550245522319] [-11.669877:8.6284930000000006] [-4.910965:4.3781910000000002] [20.085569:29.203589999999998] [20.085569:29.203589999999998] [20.085569:29.203589999999998] [20.085569:29.203589999999998] [20.085569:29.203589999999998] [20.085569:29.203589999999998] [20.085569:29.203589999999998] [20.085569:29.203589999999998] [20.085569:29.203589999999998] [20.085569:29.203589999999998] [20.085569:29.203589999999998] [20.085569:29.203589999999998] [20.085569:29.203589999999998] [20.085569:29.203589999999998] [20.085569:29.203589999999998] [20.085569:29.203589999999998] [20.085569:29.203589999999998] [20.085569:29.203589999999998] [20.085569:29.203589999999998] [20.085569:29.203589999999998] [20.085569:29.203589999999998] [20.085569:29.203589999999998] [20.085569:29.203589999999998] [20.085569:29.203589999999998] [20.085569:29.203589999999998] [20.085569:29.203589999999998] [20.085569:29.203589999999998] [20.085569:29.203589999999998] [20.085569:29.203589999999998] [20.085569:29.203589999999998] [20.327488800000001:28.585895399999998] [20.4100207:28.4939097] [20.496198100000001:28.178804149999998] [20.497939933333331:27.854107366666664] [0.0038862633724495118:2.1437337035399793] [0.010658555971830361:1.9356071503260501] [0.018109256235069492:1.8844583114679987] [0.029653856570367506:1.8043926403503592] [-4.6128439999999991:4.6459690000000009] [28:8160] [1:3] [5:7.5]
tree_sizes=6667 7063 7089 7085 7081 7092 7105 7082 7095 7092 7104 7057 7109 7120 7153 7103 7149 7068 7170 7105 7146 7129 7124 7125 7143 7137 7154 7132 7194 7262 7140 7129 7174 7213 7176 7182 7192 7193 7185 7174 7198 7199 7192 7225 7261 7260 7210 7228 7226 7234 7260 7273 7231 7246 7257 7024 6493 6860 7097 6631 6294 7225 7264 7257 6398 7141 5304 6555 7232 6540 6374 5982 6675 5542 5225 6455 6073 4675 5469 6912 5880 4446 4596 4763

Tree=0
num_leaves=79
num_cat=3
split_feature=50 49 50 48 49 50 48 9 50 48 9 9 48 9 9 50 9 50 9 51 48 9 9 48 9 9 9 30 51 7 0 43 18 55 19 50 50 16 32 18 53 9 3 9 49 17 51 59 0 51 9 9 50 50 25 0 9 7 59 46 7 49 53 47 7 41 3 40 46 27 27 44 42 33 32 7 39 9
split_gain=17020.1 4329.97 3412.05 829.844 565.501 485.026 439.717 159.15 140.772 110.578 104.052 89.1688 69.1052 66.3531 63.9597 47.9087 38.4156 36.9435 33.0031 27.8049 24.7953 24.4182 23.7056 20.6464 15.8694 13.9246 12.5849 11.6873 11.6371 11.3563 10.8334 10.5699 10.1292 8.47207 8.44204 8.29085 7.89036 7.88007 7.23266 7.16155 7.04633 6.68563 6.6054 6.45537 6.17727 5.68857 5.19069 5.05639 4.9996 4.91973 4.75472 4.57197 4.43934 4.1491 4.13405 3.94638 3.89386 3.83927 3.61825 3.57622 3.56919 3.52603 3.32599 3.18814 3.1314 3.02671 2.93318 2.7644 2.68388 2.59307 2.57863 2.38239 2.18791 2.16973 2.11187 2.07524 1.9914 2.49108
threshold=22.656958975000006 24.268021300000004 21.763066200000001 23.209463000000003 21.120818200000006 22.174203675000005 25.238897000000005 23.395023000000005 21.482693100000002 25.861165500000002 22.781967000000005 22.474532000000004 23.625075800000005 24.703737500000003 21.878987500000004 20.817396050000003 22.0571175 23.031708400000003 22.175280000000004 24.401052058333338 21.318789500000005 22.936983000000001 21.682527500000003 22.777218600000005 21.020160000000004 22.380906000000007 23.850904500000002 23.021040000000003 21.88301395833334 28.500000000000004 0 21.952813500000005 21.552154500000004 0.55938100452525297 21.879561500000005 22.335743175000005 22.335743175000005 -0.55428850000000007 24.897102500000003 22.656564000000007 0.27538084508280708 23.159445500000004 4.4976420000000008 21.386304000000006 22.007264950000003 0.85319149999999999 21.613352791666674 5.0083333333333337 1 22.067524450000004 21.608339500000003 23.275083000000006 22.314092325000004 21.369096575000004 22.719499000000003 2 21.366071500000004 18.500000000000004 5.4750000000000005 20.916397000000003 25.500000000000004 22.096006300000003 0.24775096073277128 22.580666500000003 12.500000000000002 22.981725500000003 0.43629400000000002 22.507559000000004 21.649826000000001 22.074968000000002 22.835331500000006 23.319269750000004 21.944084750000005 22.504741500000005 23.044255000000003 24.500000000000004 21.779117500000002 21.977051000000003
decision_type=2 2 2 2 2 2 2 2 2 2 2 2 2 2 2 2 2 2 2 2 2 2 2 2 2 2 2 2 2 2 9 2 2 2 2 2 2 10 2 2 2 2 2 2 2 10 2 2 9 2 2 2 2 2 2 9 2 2 2 2 2 2 2 2 2 2 2 2 2 2 2 2 2 2 2 2 2 2
left_child=2 3 4 10 15 14 13 21 20 40 18 16 45 19 32 66 34 42 -2 -3 56 -5 43 30 59 28 47 -23 75 -28 57 -18 -4 41 -7 55 -32 39 -15 64 -8 -19 54 68 58 71 -45 -14 67 69 53 -29 -36 -22 -12 -33 -6 -13 62 -17 -38 -27 -34 -44 -20 -41 -1 -37 -10 72 -65 -9 -30 -50 -66 -16 77 -24
right_child=1 6 5 7 8 11 9 12 22 -11 17 23 26 38 25 24 31 33 37 -21 50 27 76 -25 -26 61 29 51 49 -31 36 35 44 -35 52 48 60 -39 -40 65 -42 -43 63 46 -46 -47 -48 -49 73 -51 -52 -53 -54 -55 -56 -57 -58 -59 -60 -61 -62 -63 -64 70 74 -67 -68 -69 -70 -71 -72 -73 -74 -75 -76 -77 -78 -79
leaf_value=22.290707786507358 22.3703800638629 22.449649522466004 22.339591711575352 22.402663208288072 22.319327757566491 22.354378239700399 22.51642059889824 22.431510289263979 22.32735781444287 22.552536791264682 22.406789305156515 22.382093702541045 22.432644182168808 22.482501262130434 22.347407369551672 22.302211887302974 22.363892698991805 22.403441915076066 22.380077046757467 22.471551630428262 22.324057510397385 22.407842881109225 22.344383178829144 22.39412523554061 22.316058008638883 22.362422710251273 22.452456899113255 22.417661787665889 22.358565573797772 22.440457609619632 22.370430078336078 22.375153782505503 22.348066915140997 22.417953422900702 22.360611412587428 22.383151966335141 22.384005773900668 22.39621669394317 22.494279835812002 22.389384606819675 22.504157505077039 22.413796034780194 22.389281197514105 22.334364510655377 22.355280361694088 22.41996214523024 22.340012781266275 22.441689430557311 22.375925237183612 22.362920510188633 22.3348309942327 22.425914920398885 22.368720988024645 22.329123666076502 22.398304902393352 22.368107524131272 22.326343608043207 22.390444359182588 22.353044922524198 22.308114277642524 22.377681188431453 22.370702516348143 22.341726710102087 22.393036320011827 22.384775939302049 22.395736373199242 22.296573894672687 22.377114158773146 22.334755700075849 22.361926213763478 22.400312412844968 22.424817436228956 22.352941460234767 22.369904662114646 22.390708988414183 22.353789293125409 22.341816053318308 22.35072875101795
leaf_weight=295 222 202 286 353 1371 245 228 214 243 216 200 209 335 257 207 449 225 367 203 379 547 214 463 342 465 228 327 419 313 397 228 286 1053 246 294 322 361 355 220 463 200 231 203 717 318 380 764 242 390 599 226 240 321 1120 376 461 207 312 266 486 463 240 229 233 373 270 565 371 206 204 211 278 316 209 215 263 338 202
leaf_count=295 222 202 286 353 1371 245 228 214 243 216 200 209 335 257 207 449 225 367 203 379 547 214 463 342 465 228 327 419 313 397 228 286 1053 246 294 322 361 355 220 463 200 231 203 717 318 380 764 242 390 599 226 240 321 1120 376 461 207 312 266 486 463 240 229 233 373 270 565 371 206 204 211 278 316 209 215 263 338 202
internal_value=22.3723 22.425 22.3456 22.4095 22.3239 22.3652 22.4937 22.427 22.3312 22.5247 22.3952 22.3754 22.4347 22.4748 22.3539 22.3034 22.3704 22.4028 22.3878 22.4639 22.3247 22.4132 22.3389 22.3835 22.3089 22.3593 22.4417 22.4175 22.3575 22.4459 22.3812 22.3737 22.3479 22.4105 22.3619 22.3748 22.3782 22.3898 22.4879 22.3883 22.5107 22.4074 22.3975 22.3358 22.3492 22.4243 22.3373 22.4364 22.3771 22.3596 22.3283 22.4207 22.3648 22.3275 22.4013 22.3708 22.3202 22.3868 22.348 22.3053 22.3805 22.3667 22.3469 22.3942 22.3852 22.3917 22.2946 22.3798 22.3308 22.3573 22.3965 22.4277 22.3557 22.3738 22.3869 22.351 22.3448 22.3463
internal_weight=27494 9269 18225 7567 8664 9561 1702 3399 6404 644 4168 5039 2173 1058 4522 2260 3124 2067 2101 581 3471 1226 2933 1915 1400 2370 1301 873 1902 724 1573 2264 2152 844 860 2039 1052 1879 477 1524 428 598 1223 1930 1866 872 1481 577 1292 1432 1893 659 615 1667 576 747 1578 521 1548 935 824 468 1282 647 791 733 860 693 449 833 444 492 629 599 588 470 1003 665
internal_count=27494 9269 18225 7567 8664 9561 1702 3399 6404 644 4168 5039 2173 1058 4522 2260 3124 2067 2101 581 3471 1226 2933 1915 1400 2370 1301 873 1902 724 1573 2264 2152 844 860 2039 1052 1879 477 1524 428 598 1223 1930 1866 872 1481 577 1292 1432 1893 659 615 1667 576 747 1578 521 1548 935 824 468 1282 647 791 733 860 693 449 833 444 492 629 599 588 470 1003 665
cat_boundaries=0 1 2 3
cat_threshold=2248 2062 3076
is_linear=0
shrinkage=1


Tree=1
num_leaves=79
num_cat=5
split_feature=50 49 50 48 49 48 50 9 9 18 50 9 48 9 9 50 9 50 18 50 9 50 37 9 9 9 0 9 43 6 9 56 15 48 55 16 9 0 9 9 15 29 17 37 48 0 6 9 53 50 6 38 16 42 6 30 50 6 0 9 36 6 40 9 30 54 24 55 3 0 29 23 16 18 33 59 18 9
split_gain=15551.8 4340.3 2671.05 901.664 458.693 436.783 409.74 160.451 109.236 102.638 99.4694 67.3571 67.35 57.248 56.5607 43.6637 36.0866 35.8547 24.636 20.5146 19.9534 18.9718 16.6625 16.1328 15.8681 15.6471 15.0649 13.87 11.9515 11.1128 12.4303 10.2931 9.46392 9.70479 9.15256 8.65083 8.29929 8.24134 8.18577 7.14958 7.03408 6.65731 6.65027 8.51806 6.64106 6.36347 6.25144 5.74836 5.57948 5.47238 5.38071 5.03761 4.97866 4.90296 4.83681 4.68781 4.38511 4.22671 4.37803 4.19936 4.03698 3.83969 3.7669 3.68083 3.44122 3.39918 3.3731 3.29168 3.17876 3.17864 3.14537 2.93248 2.91111 2.828 2.48771 2.29792 2.1085 2.07252
threshold=22.565940925000003 24.268021300000004 21.716586000000003 23.169152300000004 21.120818200000006 25.238897000000005 22.174203675000005 23.275083000000006 22.781967000000005 26.063037000000005 21.482693100000002 24.536156000000002 23.625075800000005 21.869082500000001 22.092502000000003 20.817396050000003 22.105123500000001 23.050770650000004 22.572585250000003 21.328197475000003 21.682527500000003 21.850555600000003 24.423545000000004 22.936983000000001 23.809106000000003 25.083875500000001 0 21.020160000000004 21.952813500000005 9.5000000000000018 21.488519500000002 -0.077251499999999126 2.8335397755148946 22.740891300000005 0.55493827325051226 -1.1307035000000007 21.775426000000003 1 22.105123500000001 23.060045500000005 0.97942953488967033 23.199650500000001 0.38847750000000031 23.167476500000003 22.926224800000004 2 14.500000000000002 21.434076500000003 0.41703465619175889 22.304239275000004 9.5000000000000018 22.379863000000004 5.5414235000000005 22.645923500000002 12.500000000000002 22.736691500000003 21.850555600000003 12.500000000000002 3 21.386304000000006 22.379196000000004 14.500000000000002 22.540191000000004 22.390205500000004 22.902922000000004 0.082197144445898443 21.542773500000006 0.37751191006219981 0.43629400000000002 4 23.295974000000005 22.681689000000002 -3.6800519999999994 21.879731250000003 21.908424750000005 5.0083333333333337 22.057426500000002 22.517919000000003
decision_type=2 2 2 2 2 2 2 2 2 2 2 2 2 2 2 2 2 2 2 2 2 2 2 2 2 2 9 2 2 2 2 2 10 2 2 10 2 9 2 2 10 2 10 2 2 9 2 2 2 2 2 2 8 2 2 2 2 2 9 2 2 2 2 2 2 2 2 2 2 9 2 2 10 2 2 2 2 2
left_child=2 3 4 8 15 11 13 23 16 40 19 22 42 29 36 68 -2 44 28 47 59 -15 -3 52 48 -13 -18 46 -16 -4 -31 69 33 77 39 50 -8 51 61 -19 -7 -25 70 -44 53 -38 -17 -6 -14 -39 -26 -30 -5 -10 -21 -46 75 58 -40 -12 -33 72 -53 -51 -35 -61 -22 -34 -1 -20 -9 -55 74 -58 -23 -32 -47 -28
right_child=1 5 6 7 10 9 14 12 17 -11 20 25 24 21 18 27 26 34 31 54 66 38 -24 41 35 -27 32 -29 37 30 56 60 67 64 -36 -37 45 49 57 -41 -42 -43 43 -45 55 76 -48 -49 -50 63 -52 62 -54 71 -56 -57 73 -59 -60 65 -62 -63 -64 -65 -66 -67 -68 -69 -70 -71 -72 -73 -74 -75 -76 -77 -78 -79
leaf_value=-0.078027530113525284 -0.0051262496577367629 0.073442983560119551 -0.013951097746967291 0.033115946149837983 -0.050506029983502627 0.13918006063917324 -0.017892099514461229 0.056811980786904893 0.015841357835801595 0.17464056474116318 -0.040021658695171512 0.10182227811185926 0.061685406201761668 -0.022306543663090036 -0.008205164155870602 -0.059312078158654517 0.0055222399659987185 0.026577010790595008 0.0014245319844165365 -0.037045915945165771 -0.021270372647693579 -0.007756557219779801 0.091603190630924328 0.034165021562939879 0.069245915857079052 0.11783998412666744 0.0091929893417696459 -0.053812368681747914 0.0024450619346433693 -0.034044594734428099 -0.02726563986252948 0.020454012756067317 0.017968580519660358 0.016268579553289229 0.044086185660337562 0.074468671379158552 -0.00095217314900892603 -0.0045073516331556266 -0.0011572564172738524 0.038178869341514793 0.12716554174493963 0.043904679399820894 0.037944118900965003 0.049940767118198219 0.021938065644966497 -0.014156545706746636 -0.067150999291458319 -0.042348092631666563 0.05217780632627686 -0.00072082907326615126 0.058940692088580764 0.014357921606805785 0.022694944153373069 0.027554909031706556 -0.043238033978506354 0.030884046947220491 -0.023098367444561178 -0.012151890922951875 -0.010034132161705308 -0.037445119924130917 0.011219638764520456 -0.020439853898519621 0.0057188318224951837 0.0054358958690424661 0.023645908154336117 -0.032413460700711133 -0.028362299273505004 0.025949933009429143 -0.071946636622255825 0.0095932375644898621 0.049572284983794339 0.020271798398378824 -0.018475098959850892 -0.017451888335526765 -0.013893514982460352 -0.022082433369580091 -0.0073168721926534066 0.013571084144906679
leaf_weight=302 233 209 223 205 1415 250 204 206 340 204 389 384 404 504 252 404 398 241 218 357 223 220 255 275 243 217 454 475 386 306 746 233 224 354 222 330 268 376 256 242 199 380 236 313 234 209 541 228 215 441 219 219 212 210 1458 309 678 459 263 499 200 220 241 442 242 786 482 247 554 236 404 313 200 287 473 263 201 536
leaf_count=302 233 209 223 205 1415 250 204 206 340 204 389 384 404 504 252 404 398 241 218 357 223 220 255 275 243 217 454 475 386 306 746 233 224 354 222 330 268 376 256 242 199 380 236 313 234 209 541 228 215 441 219 219 212 210 1458 309 678 459 263 499 200 220 241 442 242 786 482 247 554 236 404 313 200 287 473 263 201 536
internal_value=-2.73065e-05 0.0468156 -0.027476 0.0327559 -0.0474309 0.115895 -0.00992456 0.0506438 0.0191807 0.146597 -0.0403516 0.0970699 0.0571072 -0.0189649 0.00124553 -0.0655863 0.0128059 0.0272979 0.00415635 -0.0455141 -0.0328476 -0.0140028 0.0834233 0.0351486 0.0641025 0.107606 0.0145079 -0.0604589 0.00160744 -0.0241095 -0.025103 0.0109295 0.0161411 0.0144572 0.036073 0.0685725 -0.00946044 0.00278216 -0.0120013 0.03239 0.133855 0.0398155 0.0485908 0.0447838 0.0228978 -0.00692348 -0.0637998 -0.049374 0.0583831 0.000307341 0.064361 0.00638601 0.027818 0.0202986 -0.0420201 0.0270289 -0.0237169 -0.00881888 -0.00587119 -0.0356813 0.0161887 -0.0147977 0.00983179 0.00236102 0.0192641 -0.0343674 -0.026119 0.0221541 -0.074092 0.0059135 0.0520172 0.0231962 -0.0134077 -0.0214191 -0.0119453 -0.0259146 -0.0105462 0.0115634
internal_weight=27496 10159 17337 8441 8113 1718 9224 3642 4799 653 5837 1065 2570 5098 4126 2276 2688 2111 3244 3458 2379 2595 464 1072 1411 601 2455 1420 2357 2503 2280 887 2057 1586 705 792 882 2105 2091 483 449 655 1159 549 1406 678 945 1643 619 1259 462 846 417 863 1815 543 1974 978 519 1674 433 1113 460 883 596 1285 705 471 856 454 610 523 893 965 693 1009 410 990
internal_count=27496 10159 17337 8441 8113 1718 9224 3642 4799 653 5837 1065 2570 5098 4126 2276 2688 2111 3244 3458 2379 2595 464 1072 1411 601 2455 1420 2357 2503 2280 887 2057 1586 705 792 882 2105 2091 483 449 655 1159 549 1406 678 945 1643 619 1259 462 846 417 863 1815 543 1974 978 519 1674 433 1113 460 883 596 1285 705 471 856 454 610 523 893 965 693 1009 410 990
cat_boundaries=0 1 2 3 4 5
cat_threshold=6016 2188 3144 2062 5123
is_linear=0
shrinkage=0.047679


Tree=2
num_leaves=79
num_cat=3
split_feature=49 49 49 49 49 49 49 49 51 51 22 51 18 17 18 49 51 19 54 49 20 56 18 19 18 0 16 51 6 7 18 39 37 56 51 56 56 51 6 32 30 54 56 19 54 6 0 15 7 18 6 2 20 7 49 51 15 3 54 7 20 26 16 7 19 0 18 18 7 49 47 2 3 19 54 56 46 18
split_gain=14217.1 3328.31 3046.78 592.737 570.47 421.974 304.228 132.875 99.3539 80.45 65.4614 56.2571 55.9457 33.6514 31.2205 27.726 25.9045 24.8016 24.4773 24.1259 22.2561 21.9497 21.4842 19.233 15.4361 13.5535 15.672 12.4026 11.3625 11.3362 10.5131 10.0081 9.80823 9.56262 9.48458 9.47593 8.78796 8.76194 8.45228 9.07314 8.37285 8.30249 8.13011 8.11677 7.84006 7.752 8.25509 7.52448 7.2214 7.15942 7.11487 6.71704 6.5976 6.45151 6.14931 5.91965 5.5729 5.35182 5.21061 4.78489 4.73128 4.64537 4.60106 4.54378 5.01654 4.19664 3.82887 3.73955 3.29877 3.22624 3.21597 3.01353 3.44798 2.94562 2.89661 2.65004 2.62657 2.59123
threshold=22.717091175000004 24.341392225000003 21.693667700000002 22.185349450000004 23.49017855 21.054448300000004 25.207771950000005 23.083732600000005 21.509979108333336 22.435388841666668 26.082559500000006 21.875125016666669 23.487186500000004 0.7396655000000002 21.869631500000004 21.305366550000006 20.827545666666669 22.956791000000006 0.56771749948525618 23.957217050000004 22.587173500000002 -0.19321949999999963 24.866273000000003 22.093372500000005 22.782957500000006 0 -1.1870155 23.130637083333337 9.5000000000000018 28.500000000000004 23.275360500000005 24.301473000000005 21.383379000000001 0.054315000000000786 22.10340470833334 0.057477000000002228 -0.23028699999999877 21.613352791666674 12.500000000000002 22.033366000000004 23.057971000000006 0.44434714247364332 0.11460199999999966 21.425250000000002 0.37033016142469583 12.500000000000002 1 6.6219852508529558 10.500000000000002 22.609539000000002 14.500000000000002 6.9109285000000016 22.486013500000002 33.500000000000007 21.534856450000003 22.770166266666671 3.3165815604900479 4.8678060000000007 0.41072329462968077 27.500000000000004 22.611485250000005 24.008893500000003 -4.1179169999999994 12.500000000000002 22.923325000000002 2 21.346726500000006 22.093283000000003 25.500000000000004 20.905420750000001 22.191303000000005 11.194761000000002 4.8678060000000007 22.585751500000004 0.37033016142469583 0.027441749999999491 21.322882500000002 22.656564000000007
decision_type=2 2 2 2 2 2 2 2 2 2 2 2 2 10 2 2 2 2 2 2 2 2 2 2 2 9 10 2 2 2 2 2 2 2 2 2 2 2 2 2 2 2 2 2 2 2 9 8 2 2 2 2 2 2 2 2 10 2 2 2 2 2 10 2 2 9 2 2 2 2 2 2 2 2 2 2 2 2
left_child=2 4 5 11 7 16 13 20 15 18 41 32 61 22 42 66 -1 62 38 21 47 -14 33 -11 35 52 55 28 -26 -23 40 -21 -4 -3 45 77 -32 -10 49 -40 -19 -8 -13 -39 -45 46 -16 -2 -34 59 53 -50 -25 -18 76 60 71 -38 -42 -5 -27 -6 -9 -30 -65 -47 -7 75 -69 -52 -41 72 -53 -54 -37 -36 -17 -22
right_child=1 6 3 9 12 8 10 17 37 23 -12 14 19 -15 34 54 50 30 -20 31 24 29 -24 25 27 26 -28 -29 63 -31 36 -33 48 -35 67 74 57 43 39 70 58 -43 -44 44 -46 65 -48 -49 51 -51 69 56 73 -55 -56 -57 -58 -59 -60 -61 -62 -63 -64 64 -66 -67 -68 68 -70 -71 -72 -73 -74 -75 -76 -77 -78 -79
leaf_value=-0.070543186100233288 0.017315452874628892 0.086887937754336675 -0.032322497151209079 0.0044407726486828955 0.046738023040976011 -0.048897681089114471 0.1327832384629152 0.02221105431658121 -0.03469256462723759 -0.0041188538522361024 0.15982114810010123 -0.022679405576808226 0.046979350580453265 0.078206098890389208 -0.0019577767203821069 -0.043351928623134986 -0.060110115582776118 0.028487258019035958 -0.01526873257258589 0.063947991670670584 0.0090047676517747508 0.067827837164742749 0.1096970208413094 0.0028289654054270709 0.033607127545697821 0.0070017038800459369 0.022163797686971607 0.034774484024164574 0.01501077778875611 0.055889555177725779 0.036264241677787599 0.077252521268765223 -0.028533020077610091 0.10064485628627978 -0.013302160258630801 0.018543267475792644 0.05119225974212202 -0.035880008760808837 -0.012293545645319764 -0.0048895182208449307 0.034716713935367599 0.11988195868151273 -0.013857823435524446 -0.028640383675751949 -0.018208953311981826 -0.010154109649306076 -0.014115981995303648 0.0057988849495529907 -0.026793944962538958 0.010329532195495095 -0.066285846191374134 -0.025957475090373546 0.0065000076554193745 -0.04939457136963403 -0.032430687081564394 0.016883248145005546 -0.012477149947422607 0.041411530085133492 0.044977172047806727 -0.0026638535318872373 0.013595589126623278 0.037955092493532148 0.031828193871944521 0.018817445611168437 0.0266426157358996 -0.020141324868204753 -0.042108347993336501 0.00034321867583698604 -0.0076098414777789067 -0.059024830440786623 0.0011860940813809883 -0.016635225125513266 -0.019357741769786604 0.013795813063126253 0.026449359916128734 -0.006041672603708143 -0.039638369016355673 0.016142092452711542
leaf_weight=881 254 248 263 407 380 1552 257 235 866 216 199 816 366 212 238 649 299 256 282 363 219 330 297 578 203 692 362 266 211 400 261 199 367 214 239 203 296 271 208 323 254 203 335 848 203 234 299 262 363 219 331 346 242 223 218 305 217 223 202 458 385 214 218 354 393 385 215 228 247 240 512 272 375 262 219 219 1301 245
leaf_count=881 254 248 263 407 380 1552 257 235 866 216 199 816 366 212 238 649 299 256 282 363 219 330 297 578 203 692 362 266 211 400 261 199 367 214 239 203 296 271 208 323 254 203 335 848 203 234 299 262 363 219 331 346 242 223 218 305 217 223 202 458 385 214 218 354 393 385 215 228 247 240 512 272 375 262 219 219 1301 245
internal_value=-5.5053e-05 0.0505885 -0.0231381 -0.00667385 0.0363482 -0.0452898 0.11197 0.0270171 -0.0391096 0.00443951 0.136974 -0.0178036 0.0561291 0.095001 -0.0138066 -0.0436385 -0.0644595 0.0366103 -0.00206947 0.0606272 0.0204215 0.0565086 0.099692 0.00959407 0.022419 0.0106422 0.0132567 0.0254881 0.0233604 0.0612863 0.039577 0.0686591 -0.023682 0.0932602 -0.0103325 0.0174758 0.0434009 -0.0309647 -0.000319499 -0.0033836 0.0353879 0.12709 -0.0201119 -0.0285227 -0.0266256 -0.0132187 -0.00902676 0.0114679 -0.0225106 0.00262871 -0.0595558 -0.0211055 0.00624785 -0.0555324 -0.0400253 0.0110194 -0.019399 0.0469898 0.0392619 0.000679017 0.00935885 0.0435738 0.0268392 0.0211892 0.0229343 -0.0168553 -0.0480716 -0.0067564 -0.00379237 -0.063234 -0.00116411 -0.0209116 -0.0225249 0.0102927 0.0226462 -0.00983045 -0.0408743 0.0127734
internal_weight=27647 8656 18991 10894 7026 8097 1630 4774 6123 5451 659 5443 2252 971 3240 3935 1974 1945 2409 1658 2829 1096 759 3042 2313 2826 1744 1427 1161 730 1492 562 2203 462 2089 886 780 2188 2127 1043 712 460 1151 1322 1051 1156 537 516 1940 1084 1093 1573 1082 522 2168 1382 1210 519 456 865 1077 594 453 958 747 619 1767 933 475 571 835 993 721 504 422 458 1950 464
internal_count=27647 8656 18991 10894 7026 8097 1630 4774 6123 5451 659 5443 2252 971 3240 3935 1974 1945 2409 1658 2829 1096 759 3042 2313 2826 1744 1427 1161 730 1492 562 2203 462 2089 886 780 2188 2127 1043 712 460 1151 1322 1051 1156 537 516 1940 1084 1093 1573 1082 522 2168 1382 1210 519 456 865 1077 594 453 958 747 619 1767 933 475 571 835 993 721 504 422 458 1950 464
cat_boundaries=0 1 2 3
cat_threshold=5891 3082 7
is_linear=0
shrinkage=0.047679


Tree=3
num_leaves=79
num_cat=5
split_feature=50 49 50 48 49 49 48 48 50 19 50 50 48 18 50 38 50 19 18 48 6 31 0 7 44 50 0 18 48 18 18 54 14 52 18 19 48 42 56 7 0 6 54 6 29 30 8 18 2 56 2 18 36 0 18 50 6 0 27 16 44 52 7 7 6 7 18 48 43 50 49 19 50 6 56 18 54 25
split_gain=12772.9 3195.33 2534.38 606.701 416.894 371.66 343.537 111.757 107.484 84.6837 50.2435 48.5031 43.0823 42.9566 36.4937 27.5779 25.2108 22.0698 20.3938 18.6182 18.1955 17.7942 15.4549 15.1258 14.7678 13.6871 13.0807 12.7867 12.728 10.126 9.78838 9.37738 8.8946 8.64696 8.51971 8.0617 7.94325 10.0385 7.35755 7.19045 7.18055 7.20144 7.0095 6.86462 6.68584 6.50565 6.18224 5.90934 5.30433 5.25853 4.98205 4.9716 4.75991 4.74223 4.56458 4.55117 4.40124 4.38586 4.35851 3.96851 3.79726 3.77614 3.72869 4.47553 3.65321 4.91447 3.61041 3.57369 3.46372 3.42335 3.40172 3.3899 3.21035 2.96361 2.72353 3.62752 2.63563 2.50187
threshold=22.656958975000006 24.268021300000004 21.763066200000001 23.169152300000004 21.120818200000006 22.185349450000004 25.238897000000005 23.625075800000005 21.482693100000002 26.064242500000002 24.408066375000001 22.323543225000005 22.826665500000004 21.869631500000004 20.817396050000003 23.209832000000002 23.192348575000004 22.485112000000004 24.538324500000005 21.318789500000005 8.5000000000000018 22.701517500000005 0 30.500000000000004 21.983919000000004 22.151652175000002 1 21.552154500000004 21.618769300000004 23.275360500000005 23.898752500000004 0.38937255257124764 7.9734273584756776 0.40126940390466265 21.041221000000004 22.093372500000005 22.443175200000002 21.831314000000003 0.19162799999999972 8.5000000000000018 2 12.500000000000002 0.53879474459731191 8.5000000000000018 23.751657500000004 23.115693000000004 1.5000000000000002 22.690365000000003 9.249916500000003 -0.35171099999999983 9.249916500000003 22.539446500000004 22.716467000000005 3 22.381775500000003 21.934163200000004 12.500000000000002 4 22.438851500000002 4.5839045000000009 22.833825000000004 0.16288188787283078 10.500000000000002 30.500000000000004 14.500000000000002 32.500000000000007 21.434196500000002 22.990381600000003 22.251976500000001 21.630439675000002 20.934940900000004 22.610275500000004 21.338224225000001 12.500000000000002 -0.1644424999999998 22.714195500000006 0.25017832436992643 21.291694500000002
decision_type=2 2 2 2 2 2 2 2 2 2 2 2 2 2 2 2 2 2 2 2 2 2 9 2 2 2 9 2 2 2 2 2 8 2 2 2 2 2 2 2 9 2 2 2 2 2 2 2 2 2 2 2 2 9 2 2 2 9 2 8 2 2 2 2 2 2 2 2 2 2 2 2 2 2 2 2 2 2
left_child=2 3 4 12 14 13 10 20 19 31 -3 36 22 27 -1 -9 46 24 -12 72 -5 -22 -2 30 -13 39 51 -4 59 45 -17 -8 52 44 64 -26 37 -7 68 -15 55 48 -18 -20 -25 -23 67 -48 -42 -31 -43 -19 -24 58 -34 -41 66 -27 -37 -10 -49 -51 -30 -64 65 -16 -21 -14 -29 -61 -66 -54 -6 -65 -53 -76 -39 -58
right_child=1 6 5 7 8 11 9 15 28 -11 18 17 16 25 34 23 42 26 43 56 21 29 32 33 35 57 -28 38 62 49 -32 -33 54 -35 -36 53 -38 76 -40 40 41 50 -44 -45 -46 -47 47 60 -50 61 -52 74 71 -55 -56 -57 77 -59 -60 69 -62 -63 63 73 70 -67 -68 -69 -70 -71 -72 -73 -74 -75 75 -77 -78 -79
leaf_value=-0.06699226449257023 0.0033863158158490532 0.069186135018611483 -0.028817916981170269 0.047525270046776182 -0.046082411840673798 -0.015800500116594594 0.12705600671164927 0.044025843236965796 -0.026690814087467794 0.15778909568336458 0.083474356564765026 -0.0096098650399391444 0.021498347068373582 -0.020637195039963353 -0.058265769646737367 0.058514654876874489 0.028798459873846782 0.0041364747754594399 0.10563962415997138 -0.038177999177909858 0.024193985816520783 0.026777189025300192 0.014590863227870598 0.051380341470594351 -0.0042049803751391746 0.00018516151082328939 0.01917984515630199 -0.02138930081464499 -0.031184114191462164 0.035548251386514976 0.070930248662414028 0.11306501197470414 0.0071065126663560742 0.046121685894937557 -0.048721517610351685 0.013319208342220421 0.0021944985713624604 -0.0021210017034398779 -0.011466678080231097 -0.022012140168591009 -0.010446523183577189 -0.0078711589789102736 0.040434899083546666 0.094552391030809022 0.063002402685815112 0.037337947506217134 0.011709346367574903 0.017470676703956786 -0.0010067864345901171 0.049373561083686297 -0.016251029460452423 0.0064273091279835161 0.019016051725771373 0.0029172006999086467 0.014891231760920703 -0.012819342399814955 -0.043053894578969951 -0.0084718975603142437 0.0050289942422262791 -0.034547542820840195 0.024112031536764698 0.041345102822592975 -0.021420851392573548 -0.023542394039882172 -0.062137353169447858 -0.048283143380067228 -0.029118235278972684 0.029529139993512921 -0.015470826370040472 -0.028772813832882198 -0.054417425207001047 0.02721150754563597 -0.040452411479555986 -0.030073781111548764 0.0085128909359348907 0.016632895210219583 -0.0072919542078468775 -0.038289638896989248
leaf_weight=873 279 253 374 417 1318 200 224 368 266 199 295 202 256 278 246 298 280 473 217 201 234 202 224 206 229 228 304 1273 235 209 280 212 215 215 401 268 341 599 246 270 295 245 203 306 248 386 203 386 250 215 472 263 232 786 841 224 318 328 312 935 397 350 543 275 373 206 199 248 273 311 199 227 279 371 260 241 358 1182
leaf_count=873 279 253 374 417 1318 200 224 368 266 199 295 202 256 278 246 298 280 473 217 201 234 202 224 206 229 228 304 1273 235 209 280 212 215 215 401 268 341 599 246 270 295 245 203 306 248 386 203 386 250 215 472 263 232 786 841 224 318 328 312 935 397 350 543 275 373 206 199 248 273 311 199 227 279 371 260 241 358 1182
internal_value=-0.000179135 0.0452479 -0.023298 0.032041 -0.0418841 -0.00638027 0.10423 0.0461525 -0.0356571 0.132016 0.0877553 0.00292702 0.019213 -0.0158441 -0.0593158 0.0554951 0.0242229 0.00612578 0.0934985 -0.0413042 0.038657 0.0363399 0.0143148 0.0588797 0.00253564 -0.0117003 0.0103123 -0.0207991 -0.028931 0.0384267 0.0645292 0.120253 0.0159568 0.0539987 -0.0546129 0.00407382 -0.00420079 -0.00608566 -0.0191255 -0.0135124 -0.0123845 -0.0101669 0.0336892 0.0991527 0.057729 0.0337099 0.0211543 0.0189586 -0.00611637 0.04201 -0.0133876 0.00791405 0.0202886 0.0054617 0.0133063 -0.0174897 -0.0381146 -0.00507092 0.00870948 -0.0319776 0.020838 0.0444002 -0.0256962 -0.0246115 -0.05692 -0.0537162 -0.0336708 0.02545 -0.0203442 -0.0331062 -0.0594516 0.0230692 -0.0450988 -0.0272934 0.0103564 0.0124189 -0.00405538 -0.0392997
internal_weight=27648 9325 18323 7619 8731 9592 1706 3628 6433 635 1071 4836 3991 4756 2298 1615 1973 3338 818 3497 2013 1596 2018 1247 1797 2590 1541 2166 2936 1362 578 436 1739 669 1425 1595 1498 1157 1792 2034 1756 1262 483 523 454 588 1490 986 545 774 717 1237 683 1366 1056 494 1900 556 580 1512 783 565 1424 1189 1024 452 400 504 1546 1246 572 459 1597 646 764 501 957 1500
internal_count=27648 9325 18323 7619 8731 9592 1706 3628 6433 635 1071 4836 3991 4756 2298 1615 1973 3338 818 3497 2013 1596 2018 1247 1797 2590 1541 2166 2936 1362 578 436 1739 669 1425 1595 1498 1157 1792 2034 1756 1262 483 523 454 588 1490 986 545 774 717 1237 683 1366 1056 494 1900 556 580 1512 783 565 1424 1189 1024 452 400 504 1546 1246 572 459 1597 646 764 501 957 1500
cat_boundaries=0 1 2 3 4 5
cat_threshold=6016 5135 5184 2060 3140
is_linear=0
shrinkage=0.047679


Tree=4
num_leaves=79
num_cat=3
split_feature=48 49 48 48 51 49 9 9 9 51 9 48 9 9 51 9 9 49 51 51 51 51 9 30 9 0 54 51 27 9 9 6 30 32 48 9 19 54 7 7 8 54 9 6 7 7 2 3 37 55 3 9 3 6 39 19 43 0 59 43 48 7 16 7 7 49 0 55 26 39 56 20 7 49 56 6 28 23
split_gain=11730 3115.23 2173.37 614.434 394.711 332.027 313.914 168.356 103.553 78.3805 59.0927 49.7537 49.4922 45.1266 42.1594 24.2197 23.9109 23.7148 23.672 22.34 21.2169 17.5862 16.2777 12.4216 12.0696 11.8935 23.1484 11.6792 11.4278 10.072 9.0251 8.73652 7.96589 7.91712 7.55284 7.45683 7.04005 6.85046 6.47399 6.68399 7.89419 6.33563 6.12291 5.53931 5.48678 5.45274 4.96329 4.88187 5.20961 4.78178 7.66285 4.64479 4.35061 4.32367 4.20298 3.93176 3.86388 3.74634 3.71161 3.66986 3.59401 3.38247 3.26179 5.54735 3.55223 3.21186 3.1733 6.66917 3.85196 3.10092 3.00737 2.88204 2.86094 2.76698 2.73191 2.67641 2.63492 2.59702
threshold=22.608309500000001 24.268021300000004 21.662138200000005 23.090385250000004 22.164621983333337 21.054448300000004 25.083875500000001 23.395023000000005 26.061347000000001 21.509979108333336 22.0571175 23.625075800000005 22.765401500000003 21.869082500000001 24.285614633333338 22.936983000000001 21.314055000000003 25.207771950000005 23.130637083333337 22.435388841666668 20.827545666666669 21.88301395833334 24.389993500000006 23.057971000000006 24.389993500000006 0 0.36008241147383707 22.412756225000006 23.524585500000004 21.551746000000005 22.371366500000004 14.500000000000002 22.387431000000003 23.044255000000003 24.898054300000005 21.682527500000003 22.007358500000002 0.36281620862924707 11.500000000000002 20.500000000000004 1.5000000000000002 0.46593695638895899 22.306048500000003 14.500000000000002 23.500000000000004 32.500000000000007 9.249916500000003 4.8678060000000007 23.259705500000003 0.2768050196163277 5.0075535000000011 23.159445500000004 3.3412340000000005 12.500000000000002 21.663719500000003 21.376435500000003 21.415288000000004 1 5.0083333333333337 22.463372000000003 21.165441600000005 30.500000000000004 -0.21066199999999966 37.500000000000007 17.500000000000004 22.007264950000003 2 0.14482212720541285 22.265539750000006 22.539284500000004 0.30035000000000173 22.152663000000004 50.500000000000007 20.905420750000001 0.046946500000000675 13.500000000000002 22.638213500000003 21.290966000000001
decision_type=2 2 2 2 2 2 2 2 2 2 2 2 2 2 2 2 2 2 2 2 2 2 2 2 2 9 2 2 2 2 2 2 2 2 2 2 2 2 2 2 2 2 2 2 2 2 2 2 2 2 2 2 2 2 2 2 2 9 2 2 2 2 10 2 2 2 9 2 2 2 2 2 2 2 2 2 2 2
left_child=2 3 5 12 13 20 14 15 17 16 36 47 27 35 -3 33 60 -8 32 49 -1 44 -16 -17 28 26 74 -2 -13 55 -27 38 -14 -5 -24 56 69 75 -23 -40 -41 -20 -29 45 -15 -22 -30 70 -49 66 -51 -25 -34 -18 -46 -11 -4 -44 -58 -59 -7 -48 63 64 -54 -37 67 -12 -68 -6 -9 -38 -42 -45 -21 -31 -32 -55
right_child=1 6 4 7 10 9 8 11 -10 29 19 24 18 21 22 23 53 -19 41 25 43 31 34 51 -26 30 -28 42 46 37 76 -33 52 -35 -36 65 71 -39 39 40 72 -43 57 73 54 -47 61 48 -50 50 -52 -53 62 77 -56 -57 58 59 -60 -61 -62 -63 -64 -65 -66 -67 68 -69 -70 -71 -72 -73 -74 -75 -76 -77 -78 -79
leaf_value=-0.063938691884268109 -9.9442203177672848e-05 0.06220540107053292 -0.030919671385443805 0.018176404702488907 -0.0095465636283099467 -0.04677823707427866 0.099258394539180061 0.043133136207886523 0.15130457882512452 -0.035895317959328266 0.00097414987657027719 0.04745300382606412 0.011942415244262705 -0.022810420793372983 0.076999096895098068 0.028366412652891672 -0.030922275382621434 0.11905354465390831 0.025867558602899438 0.0035829838325664889 -0.054742855335301141 -0.015856763593727535 0.086739140041594165 0.034059281107192224 0.066401778778078846 -0.00032118935053225762 0.024357814132161943 0.0052708729492696631 0.05342588217637919 -0.023482488277599436 0.005800793135858049 -0.018269472098338842 0.026189718821065199 0.029211632717693 0.098889245281790772 -0.020550284446125677 -0.0088269553929576031 -0.017063187290911951 -0.00011897037768070905 -0.0012750890377687374 -0.0095293402327196845 0.037659780253299406 0.0063631405344688396 -0.060004554999824725 -0.010326730355601429 -0.044839054515086012 0.065711281889851439 0.03335936844587005 0.044096203077266541 -0.0059540336789818335 0.0037778364592820392 0.04156523760681588 0.015359305448895048 -0.040780751149208656 -0.019025478606940895 -0.029626822199663349 -0.025969403372477811 0.019848865706526886 -0.019121192528531703 0.013091282886406656 -0.042300457300156323 0.057299059067652543 0.02292666820179631 0.010471075963535302 0.023815175279660997 -0.014191854065957708 -0.0054543382113173278 0.011836992092852119 0.0035870633029473614 -0.017118797071051073 0.050333337498867994 -0.0011908846815841239 -0.016123531025025093 -0.053361569808982275 0.010820861763018901 -0.029291391165352804 0.011258028214337733 -0.036065228437854993
leaf_weight=891 204 206 200 307 274 576 216 391 203 325 350 341 316 363 260 394 309 379 216 289 290 235 278 302 245 493 251 265 316 306 566 249 240 285 200 1416 209 205 242 232 546 199 222 339 228 224 206 203 208 509 288 494 206 340 283 758 497 221 282 1054 1393 230 326 200 250 207 199 203 232 223 199 243 206 246 201 439 312 1212
leaf_count=891 204 206 200 307 274 576 216 391 203 325 350 341 316 363 260 394 309 379 216 289 290 235 278 302 245 493 251 265 316 306 566 249 240 285 200 1416 209 205 242 232 546 199 222 339 228 224 206 203 208 509 288 494 206 340 283 758 497 221 282 1054 1393 230 326 200 250 207 199 203 232 223 199 243 206 246 201 439 312 1212
internal_value=0.000104696 0.0420814 -0.0228591 0.0295571 -0.00814928 -0.0416431 0.099886 0.0424106 0.1219 -0.0359314 0.00164029 0.0508222 0.016041 -0.0172895 0.081277 0.0313698 -0.0399479 0.111867 0.0214169 0.00424089 -0.058471 -0.0128264 0.0866004 0.0352903 0.056837 0.00755762 0.0124158 0.0107007 0.054693 -0.0283648 0.00480623 -0.0100143 0.0186902 0.023489 0.0918229 -0.0217217 -0.0090279 -0.0247816 -0.00860741 -0.00721785 -0.00896371 0.0315222 0.0119511 -0.0540381 -0.0183283 -0.0504268 0.0579759 0.0427826 0.0387931 0.000307728 -0.00243737 0.0387175 0.0204351 -0.0360728 -0.0151442 -0.031508 -0.0250081 0.0131336 -0.0234903 0.0141516 -0.0436104 0.0612737 0.0190286 0.0170915 0.0199952 -0.0197393 0.00253115 0.00487365 -0.000574183 -0.0129442 0.0455617 -0.00472173 -0.0113357 -0.0572111 0.00655199 -0.0269055 0.00774004 -0.0370983
internal_weight=27663 9782 17881 8040 10028 7853 1742 4121 798 5863 4842 2339 3919 5186 944 1782 3830 595 1953 3893 1990 2584 738 1190 1338 2112 741 1966 1093 2033 1371 1710 1538 592 478 2602 949 950 1461 1226 984 415 1762 1099 874 514 752 1001 411 1781 797 796 1222 1861 511 1083 979 1497 779 1275 1969 436 982 656 456 1623 984 553 431 497 590 452 752 585 490 745 878 1552
internal_count=27663 9782 17881 8040 10028 7853 1742 4121 798 5863 4842 2339 3919 5186 944 1782 3830 595 1953 3893 1990 2584 738 1190 1338 2112 741 1966 1093 2033 1371 1710 1538 592 478 2602 949 950 1461 1226 984 415 1762 1099 874 514 752 1001 411 1781 797 796 1222 1861 511 1083 979 1497 779 1275 1969 436 982 656 456 1623 984 553 431 497 590 452 752 585 490 745 878 1552
cat_boundaries=0 1 2 3
cat_threshold=2052 5888 7236
is_linear=0
shrinkage=0.047679


Tree=5
num_leaves=79
num_cat=4
split_feature=48 50 50 48 49 51 48 48 50 48 50 18 48 18 50 52 51 50 51 39 18 0 48 6 48 6 0 50 18 54 20 18 51 6 48 52 48 18 18 42 53 49 16 20 17 8 19 18 59 51 59 4 6 7 3 16 50 20 17 3 0 7 48 0 7 7 53 18 18 54 54 50 51 50 3 7 7 7
split_gain=10693 2841.05 1945.44 584.782 310.691 308.297 246.841 91.0456 64.9262 64.1588 61.6379 57.7831 35.4355 33.6825 29.5118 26.503 26.1014 20.08 19.0305 17.3496 20.1297 16.4379 15.9719 14.5154 13.349 12.4839 12.2027 11.4169 11.1285 9.68897 9.61847 9.60707 9.13741 8.74951 7.81008 7.61849 7.13213 7.05768 6.99158 6.88995 6.75008 6.28426 6.27622 6.25806 5.69274 5.64223 5.10787 5.00194 4.83807 4.79389 4.55918 4.49816 4.29786 5.07055 4.25698 4.12226 4.0941 4.02518 4.28751 4.63812 3.91513 3.91379 3.82172 3.63172 3.59723 6.31411 4.03755 3.57211 3.53246 3.73777 3.53213 3.33958 2.94816 2.85542 2.74054 2.68378 4.58656 2.68337
threshold=22.608309500000001 24.325217600000006 21.716586000000003 23.232490000000006 21.120818200000006 22.164621983333337 25.238897000000005 23.773030200000004 21.482693100000002 25.861165500000002 23.031708400000003 22.057426500000002 21.879357000000002 24.538324500000005 20.817396050000003 0.16721397066886909 22.649307058333338 22.595112300000007 23.130637083333337 23.400673000000001 24.333586000000004 0 21.318789500000005 14.500000000000002 23.052454100000002 10.500000000000002 1 22.323543225000005 21.693511500000003 0.64505585822988898 24.782679500000004 22.782957500000006 21.913584875000002 14.500000000000002 23.547363499999999 0.29592979243937617 23.070596400000003 21.020958000000004 23.116216500000004 23.711034500000004 0.51901996042114262 21.693667700000002 -1.2204604999999995 21.939385500000004 1.0652495000000004 1.5000000000000002 24.333320500000003 22.585328000000001 5.491666666666668 23.175906233333336 5.4750000000000005 9.249916500000003 14.500000000000002 32.500000000000007 4.8678060000000007 5.9691075000000007 21.967182862500003 22.611485250000005 1.1972355000000006 4.4976420000000008 2 17.500000000000004 22.431527950000003 3 25.500000000000004 11.500000000000002 0.27538084508280708 22.484988250000004 21.357030000000005 0.080815274319557331 0.31842858653149342 21.369096575000004 22.486360800000003 21.315824700000004 0.43629400000000002 10.500000000000002 29.500000000000004 34.500000000000007
decision_type=2 2 2 2 2 2 2 2 2 2 2 2 2 2 2 2 2 2 2 2 2 9 2 2 2 2 9 2 2 2 2 2 2 2 2 2 2 2 2 2 2 2 10 2 10 2 2 2 2 2 2 2 2 2 2 8 2 2 10 2 9 2 2 9 2 2 2 2 2 2 2 2 2 2 2 2 2 2
left_child=2 3 4 10 14 12 13 15 22 70 17 43 41 46 74 34 27 33 40 29 39 32 73 45 25 -12 -18 60 68 -9 -15 42 -14 47 -5 62 57 52 -20 -21 -17 -4 67 77 -43 -23 -3 -2 71 -27 -40 -49 53 -16 -26 -45 -25 -33 59 -59 -13 -28 63 72 65 -47 -66 -19 -10 -70 -8 -24 -29 -6 -1 -71 -77 -7
right_child=1 6 5 7 8 11 9 19 28 -11 24 16 21 30 37 18 26 31 38 20 -22 23 48 56 54 49 61 35 -30 -31 -32 36 -34 -35 -36 -37 -38 -39 50 -41 -42 44 -44 55 -46 64 -48 51 -50 -51 -52 -53 -54 -55 -56 -57 -58 58 -60 -61 -62 -63 -64 -65 66 -67 -68 -69 69 75 -72 -73 -74 -75 -76 76 -78 -79
leaf_value=-0.064583343924498965 0.0044013195076915536 0.067323669355513704 -0.025836434563110813 0.040723542856499574 -0.042025502528622707 -0.0093586421283434196 0.11459564754840763 0.052866243955818751 -0.033863436259809733 0.14240693060025922 0.013330601483167647 0.0028009240668657202 -0.023405475572000022 0.083254049248975864 -0.05340210087787306 0.031283432022178766 0.01841810763359274 0.006138067732661485 0.030419358359876227 0.059583099695610015 0.070372814144106483 -0.0010443069481952799 -0.038297591695144358 -0.012895223569327468 0.036474709055799796 0.021552593713447615 0.0015319808580233896 0.0091591841629493544 -0.021861241750980899 0.038369365715053221 0.09567522532745687 0.011362458554978368 -0.012899480370870324 -0.00043924118521733999 0.050374821423935262 -0.0029017530908530369 0.026409007255911263 -0.044781035124122834 0.037273610630973647 0.049093313825290023 0.018895785664024542 -0.020311399237357908 0.019931674807908861 -0.00016713746220263967 -0.012660852346938825 -0.012204439182734388 0.077840191867417738 0.0093824075767954748 -0.027520996767816636 0.031474158881512733 0.045223837693604059 0.018830042689131906 -0.054859266942355385 -0.043022376730119695 0.028160123616428261 -0.0085681650630941714 -0.022166947506655474 0.025043438835376356 0.014418386192462974 0.016315495212010707 -0.0039435201401090744 0.009772258641938569 0.0077317687607005607 -0.00045244666253121008 -0.008081252187192748 -0.001392639971410789 -0.015958663428494411 0.013097736132752639 -0.031422837009119242 -0.031234335039703319 0.10584910343735192 -0.033789470142894316 0.0016823598217211881 -0.037297034014596601 -0.058951613363034797 -0.020037246953062679 -0.027902661896990425 -0.016856908089935032
leaf_weight=305 201 210 398 444 1210 207 208 219 301 211 238 252 398 249 225 201 318 219 263 239 215 269 554 232 264 207 220 271 651 201 329 199 357 211 334 318 251 446 644 352 199 1546 253 199 258 206 210 270 206 238 220 199 540 204 298 399 203 327 316 240 801 324 727 387 378 304 243 715 520 202 212 1147 215 382 552 266 460 228
leaf_count=305 201 210 398 444 1210 207 208 219 301 211 238 252 398 249 225 201 318 219 263 239 215 269 554 232 264 207 220 271 651 201 329 199 357 211 334 318 251 446 644 352 199 1546 253 199 258 206 210 270 206 238 220 199 540 204 298 399 203 327 316 240 801 324 727 387 378 304 243 715 520 202 212 1147 215 382 552 266 460 228
internal_value=0.000125746 0.0401169 -0.0218695 0.0286622 -0.0389925 -0.0073829 0.0976155 0.043288 -0.0332226 0.120957 0.0175465 0.00107068 -0.015967 0.0828576 -0.0539734 0.0377043 0.00376794 0.0142238 0.034055 0.0537858 0.0578801 -0.0121865 -0.0373653 -0.00956242 0.0266233 0.0221448 0.0110724 0.00164864 -0.0271829 0.0459285 0.0903243 0.01639 -0.0181967 0.00802772 0.0448669 0.00383862 0.019168 -0.0497445 0.037226 0.0533354 0.0251206 -0.0204136 0.0132703 -0.00893764 -0.0192173 -0.00725076 0.072582 0.0106942 -0.034422 0.026859 0.039298 0.0133911 -0.052029 -0.0484663 0.0320659 -0.00577251 -0.017222 0.0174882 0.0188688 0.0213491 -0.00234032 0.00632355 0.00517826 0.00305181 -0.00872692 -0.00575976 -0.0111637 0.0114659 -0.0291637 -0.0281867 0.110181 -0.0352577 0.00573356 -0.0408909 -0.0609559 -0.0263734 -0.0250208 -0.0132888
internal_weight=27635 9806 17829 8177 8171 9658 1629 3531 5899 631 4646 4866 4792 998 2272 2305 3833 3401 1527 1226 806 2590 3499 1835 1245 683 862 2971 2400 420 578 2520 755 881 778 1918 1333 1415 1127 591 400 2202 1187 1033 1804 1400 420 670 1907 445 864 469 969 429 562 598 435 1082 883 567 1053 544 1600 873 1131 510 621 934 1749 1448 420 1701 486 1592 857 928 726 435
internal_count=27635 9806 17829 8177 8171 9658 1629 3531 5899 631 4646 4866 4792 998 2272 2305 3833 3401 1527 1226 806 2590 3499 1835 1245 683 862 2971 2400 420 578 2520 755 881 778 1918 1333 1415 1127 591 400 2202 1187 1033 1804 1400 420 670 1907 445 864 469 969 429 562 598 435 1082 883 567 1053 544 1600 873 1131 510 621 934 1749 1448 420 1701 486 1592 857 928 726 435
cat_boundaries=0 1 2 3 4
cat_threshold=5184 2052 3072 3084
is_linear=0
shrinkage=0.047679


Tree=6
num_leaves=79
num_cat=1
split_feature=48 49 50 9 51 49 48 49 9 50 48 9 9 50 48 50 9 9 9 9 9 50 50 50 51 17 51 7 9 2 2 9 55 50 48 9 48 42 9 43 14 48 55 6 43 53 3 17 51 16 53 6 46 43 7 2 25 50 25 7 40 17 25 46 55 47 1 30 2 6 9 9 22 39 7 40 9 51
split_gain=9732.53 2586.62 1774.86 528.822 294.092 284.911 250.791 104.494 78.8442 65.2031 61.2857 51.8503 46.5763 42.4409 38.9285 21.0163 20.5031 20.2953 19.6355 18.2115 18.1787 17.7394 13.402 12.1722 11.1832 10.93 12.8322 10.8168 9.30755 9.10648 9.01389 7.51922 6.95978 6.79142 6.72002 6.40788 6.13489 5.85387 5.66445 5.52885 5.41116 5.39984 5.37461 5.36557 8.67821 5.12497 5.10494 4.77685 4.25938 4.16159 4.03371 4.02438 3.94395 3.73907 3.39194 4.52782 3.38742 3.3439 3.32298 3.29865 4.36461 3.00591 2.98791 2.93381 2.6708 2.57258 2.51399 2.50895 2.47708 2.44204 2.43092 2.37011 3.11484 2.31742 2.27687 4.24583 2.26983 2.23405
threshold=22.608309500000001 24.268021300000004 21.716586000000003 23.224703000000002 22.208134733333338 21.054448300000004 25.238897000000005 23.617838150000001 21.396375500000005 23.031708400000003 25.861165500000002 21.878987500000004 22.092502000000003 24.408066375000001 23.023200650000003 22.714312250000003 22.273293500000005 23.732992000000003 25.083875500000001 22.812080000000005 21.682527500000003 20.817396050000003 21.328197475000003 22.595112300000007 21.950302150000002 0.44589350000000022 23.151363866666674 29.500000000000004 24.389993500000006 11.194761000000002 7.9570635000000012 22.781967000000005 0.57692071991676064 21.505098412500001 22.464565300000004 21.434076500000003 22.165116000000008 22.682900500000006 22.105123500000001 21.363792500000002 3.1507781451950407 25.474422700000005 0.22072698239797114 12.500000000000002 23.292721000000004 0.40089711475756229 5.0075535000000011 -1.9224204999999996 22.32978129166667 0.57353249999999989 0.36252144668295566 14.500000000000002 21.211833000000002 23.406092500000003 44.500000000000007 11.194761000000002 22.108925500000002 22.364424925000005 22.532477500000002 21.500000000000004 22.463105500000001 1.3649160000000005 22.927472500000004 21.937004000000005 0.43028547132902922 24.902162500000003 0 22.779192000000005 5.5522575000000005 14.500000000000002 21.740367500000001 21.766417000000004 21.599850000000004 22.060139500000002 23.500000000000004 21.779658750000003 21.142061000000002 22.10340470833334
decision_type=2 2 2 2 2 2 2 2 2 2 2 2 2 2 2 2 2 2 2 2 2 2 2 2 2 10 2 2 2 2 2 2 2 2 2 2 2 2 2 2 10 2 2 2 2 2 2 10 2 8 2 2 2 2 2 2 2 2 2 2 2 10 2 2 2 2 1 2 2 2 2 2 2 2 2 2 2 2
left_child=2 3 5 9 11 21 13 14 22 16 41 35 36 -3 37 34 -2 50 28 47 33 68 76 49 29 43 -27 -19 -15 74 -17 58 46 51 48 -4 59 -5 77 -22 62 -8 69 44 -16 -29 64 -11 66 -18 -9 -10 -24 -28 55 57 70 -50 -25 -6 -61 -36 67 -40 -21 -30 -14 -33 -1 -23 -37 -41 -73 -65 -13 -76 -7 -26
right_child=1 6 4 7 12 8 10 17 20 19 -12 24 15 18 25 30 23 27 -20 32 39 42 52 31 38 26 53 45 65 -31 -32 40 -34 -35 61 56 -38 -39 63 71 -42 -43 -44 -45 -46 -47 -48 -49 54 -51 -52 -53 -54 -55 -56 -57 -58 -59 -60 60 -62 -63 -64 73 -66 -67 -68 -69 -70 -71 -72 72 -74 -75 75 -77 -78 -79
leaf_value=-0.061688001783271128 0.0012922853566780541 0.059664122426256128 -0.026896598905121812 0.015264505055267752 -0.0051855742779418155 -0.043066003373451317 0.098107385442678732 0.047431710165360234 -0.026879754457884413 0.014078123327919585 0.13419968962396847 -0.019662818823533251 0.0012462575501664375 0.070086654328379308 0.050136822495148503 0.0060033486344259401 0.0028556439113987869 0.061694897808676021 0.094804457419461585 0.019160752310759199 -0.027670522548402923 -0.047900451526826635 -0.04029990507813893 0.018417423629321011 -0.012655874553347485 0.025900090486492246 0.043020415493435743 0.055172700149668845 0.085510175830151802 -0.0058416093532280876 0.019121722567842371 0.027467479757649679 0.03475538632011492 -0.026684459722965546 0.0048636620570763605 -0.021293847357141731 -0.0024328247432229009 0.026645245938404762 -0.0086316646139555069 -0.022943943487893824 0.013985982072524545 0.1086962298493956 -0.04346665918844516 0.035816320180909834 0.037828446819623648 0.045109017145651624 0.030598919410260581 0.023145316188609249 -0.0024852462649255606 0.01090925936716303 0.039278333863779456 -0.033419512525399001 -0.033057748042937554 0.034476806537442242 -0.0013691493066501051 0.0096510090043040939 -0.01418178679292185 0.0044069873361713167 0.011736322794440321 -0.0077408226294682237 -0.017652811865363549 0.011138310218264752 0.016634743879167295 0.00039907330480188334 0.02649074200162882 0.07804583418127635 -0.0044885290804901022 0.019933928535268427 -0.056327850553849888 -0.053273267023028724 -0.01792684615488269 -0.012680333331197453 -0.020760090547601692 -0.0057484139456796327 -0.0098035123389386102 -0.018670813623074538 -0.039353073153425761 -0.0072141760179298435
leaf_weight=301 336 258 249 204 202 564 219 334 282 356 221 308 356 233 273 203 233 379 200 242 233 327 202 205 493 306 218 269 221 239 288 202 265 1155 698 952 380 207 348 242 365 219 289 254 249 201 300 210 220 390 235 886 1112 250 306 271 307 587 970 204 200 231 204 247 212 200 326 200 562 467 999 200 237 320 235 257 1113 263
leaf_count=301 336 258 249 204 202 564 219 334 282 356 221 308 356 233 273 203 233 379 200 242 233 327 202 205 493 306 218 269 221 239 288 202 265 1155 698 952 380 207 348 242 365 219 289 254 249 201 300 210 220 390 235 886 1112 250 306 271 307 587 970 204 200 231 204 247 212 200 326 200 562 467 999 200 237 320 235 257 1113 263
internal_value=0.000168463 0.0382441 -0.0208082 0.0267918 -0.00700498 -0.0371738 0.0904233 0.0411719 -0.0321966 0.0164313 0.11373 -0.0146957 0.00196701 0.076611 0.0340421 0.00455483 0.0124147 0.051032 0.0817307 0.0242998 -0.0270375 -0.0530978 -0.0377767 0.0137643 -0.010124 0.0375014 0.0334924 0.0557017 0.0777326 -0.0140082 0.013698 0.0154676 0.0281087 -0.0292769 0.00305589 -0.0196377 -0.00718221 0.0209964 -0.00770881 -0.0213332 0.0185722 0.103402 -0.0490341 0.0415 0.0442656 0.0508689 0.0257727 0.0174423 0.00154143 0.00789723 0.0440643 -0.0318406 -0.0341711 0.0384565 0.00306114 0.00431871 -0.0188372 0.00252806 0.012902 -0.0101604 -0.0126478 0.00642388 0.0213345 -0.00518551 0.0225836 0.0819642 -0.00154255 0.0237195 -0.0581974 -0.0510605 -0.0195698 -0.0191585 -0.0170623 -0.00307041 -0.016448 -0.0144354 -0.0406018 -0.0107628
internal_weight=27701 9840 17861 8069 9689 8172 1771 3379 6226 4690 659 5217 4472 1112 1961 3486 3105 1418 854 1585 3235 1946 2991 2769 2710 1550 774 849 654 1039 491 2146 1019 2323 2995 2507 986 411 1671 912 971 438 1083 776 522 470 754 566 2066 623 569 1168 1314 468 1384 1078 2258 807 1175 606 404 929 606 915 454 421 682 402 863 794 1951 679 437 567 800 492 1677 756
internal_count=27701 9840 17861 8069 9689 8172 1771 3379 6226 4690 659 5217 4472 1112 1961 3486 3105 1418 854 1585 3235 1946 2991 2769 2710 1550 774 849 654 1039 491 2146 1019 2323 2995 2507 986 411 1671 912 971 438 1083 776 522 470 754 566 2066 623 569 1168 1314 468 1384 1078 2258 807 1175 606 404 929 606 915 454 421 682 402 863 794 1951 679 437 567 800 492 1677 756
cat_boundaries=0 1
cat_threshold=12
is_linear=0
shrinkage=0.047679


Tree=7
num_leaves=79
num_cat=4
split_feature=50 50 50 9 49 9 9 49 9 9 9 50 49 50 51 9 9 50 50 9 16 50 0 9 18 6 9 6 24 7 0 3 14 9 51 9 6 53 55 59 41 6 43 34 9 9 6 2 6 24 18 30 0 9 54 7 17 54 49 16 46 46 3 49 30 7 9 0 51 51 46 54 59 31 47 6 27 49
split_gain=8869.29 2357.45 1566.11 560.19 258.726 246.975 178.337 138.968 67.8518 60.7211 52.457 50.5345 33.7817 32.9926 30.3285 27.2211 21.8006 14.7644 13.9099 13.126 13.1206 12.6804 12.6197 12.555 12.2808 11.9167 10.9781 10.7417 9.88044 9.2823 8.46572 8.31651 8.10625 7.52408 7.44342 7.07921 6.9154 6.72094 6.63639 6.63157 6.03322 5.89647 5.6352 5.45988 5.44119 5.41746 4.89222 4.64488 4.641 4.51932 4.29328 4.08632 4.03992 4.01865 3.8676 3.82608 3.52124 3.3683 3.26081 3.10186 3.24723 2.97273 2.84903 2.81346 2.78052 2.76726 2.70681 2.6492 4.30021 3.45901 2.59834 2.84567 2.54041 2.47725 2.43289 2.30006 2.23035 2.18245
threshold=22.585147562500001 24.408066375000001 21.716586000000003 23.138183500000004 21.054448300000004 22.092502000000003 26.061347000000001 23.617838150000001 25.083875500000001 21.405676500000002 22.484653500000004 22.294833900000004 23.014616750000002 23.031708400000003 22.10340470833334 24.618382500000003 24.389993500000006 20.798486175000004 21.338224225000001 22.572217000000006 1.9397125000000013 21.515771900000001 0 21.842346500000001 22.046036000000004 9.5000000000000018 23.732992000000003 13.500000000000002 22.446734500000002 18.500000000000004 1 1.5307225000000002 2.7648101017048323 22.250516000000001 23.175906233333336 21.749215500000002 10.500000000000002 0.43468657016401818 0.43307293829989368 5.4750000000000005 22.084920000000004 12.500000000000002 24.805742750000004 21.759529250000003 21.759186500000002 22.781967000000005 14.500000000000002 9.249916500000003 14.500000000000002 22.817936500000005 23.487186500000004 23.832354500000005 2 21.415772000000004 0.39197186764705771 33.500000000000007 3.6287764999999998 0.21957131241368963 22.454252650000004 -1.7845574999999998 23.372238500000005 21.937004000000005 4.4976420000000008 20.905420750000001 22.749544000000004 39.500000000000007 22.857252000000006 3 22.288111441666668 22.267710700000006 21.267176500000001 0.3292848658916801 5.4750000000000005 22.780915500000003 21.965664500000003 17.500000000000004 21.561681000000004 21.720277975000002
decision_type=2 2 2 2 2 2 2 2 2 2 2 2 2 2 2 2 2 2 2 2 8 2 9 2 2 2 2 2 2 2 9 2 10 2 2 2 2 2 2 2 2 2 2 2 2 2 2 2 2 2 2 2 9 2 2 2 8 2 2 10 2 2 2 2 2 2 2 9 2 2 2 2 2 2 2 2 2 2
left_child=2 3 4 10 17 14 8 13 16 18 22 24 45 27 23 26 -3 -1 -6 40 -10 41 28 53 61 -16 50 49 -2 -28 -26 -15 38 -30 -14 75 -36 -34 -33 57 -13 -11 -18 -32 -27 59 55 -38 56 -5 -9 -31 -42 -4 -35 -19 -25 -21 -54 60 73 -7 -47 -48 -64 -58 -59 68 -46 -69 -20 -72 74 -12 -45 -23 -37 -55
right_child=1 6 5 7 9 11 -8 15 20 21 12 19 34 31 25 -17 42 46 70 39 -22 35 -24 48 30 44 29 -29 33 51 43 32 37 54 36 76 47 -39 -40 -41 52 -43 -44 72 67 62 63 -49 -50 -51 -52 -53 58 77 -56 -57 65 66 -60 -61 -62 -63 64 -65 -66 -67 -68 69 -70 -71 71 -73 -74 -75 -76 -77 -78 -79
leaf_value=-0.0558823367369208 0.017883290708566035 0.064497323090038347 -0.025883453556800367 0.032095384387177593 -0.038321588712759307 -0.015508920945249414 0.13174425030357095 0.036772095960338362 0.08724301832206878 -0.023876633480212 0.010043633249476658 -0.0050746856107756165 0.019504130009684355 0.042780804209506591 0.0012614153470108525 0.065370937718761277 0.086474560104271528 -0.047450444484621726 -0.035975328175657184 0.011841938325213406 0.10234370472086669 -0.024090379213592906 -0.0027569522320390282 -0.016692366610302205 0.0057449155232125069 -0.017033914325038549 0.059043994262847475 0.014103692702169945 -0.0017352081512613498 0.043547236700418102 -0.011505918251904118 0.032652771424074113 0.033209632197712426 0.0046622222309991492 0.021008036922329252 -0.014772622503706789 0.026063059359760957 0.022381902707294756 0.041884088171676 0.016617025096918273 0.0078330130673654758 -0.03122147027755421 0.076240912175370434 -0.0082961019250969714 -0.010328513973843935 0.019569921165284263 -0.052431298366983743 0.035823493209974987 -0.018014568155134594 0.022448417683482394 0.045162772002044244 0.051525694115835283 -1.2144839375896765e-05 -0.02211819197743365 0.013885866320284964 -0.039303267864865099 -0.012185029968269253 0.00097168602430780114 0.0052073906477457747 0.016394718235826854 0.0053295894353768232 -0.0081401381604084833 0.010152391605249195 -0.04605425579083184 0.017389230908929323 -0.0058957154746374918 0.008304335838994743 -0.0081881702993841579 -0.0011471512133563832 -0.016670198160413423 -0.032199851119209776 -0.026426053615242764 0.0014867331034604 0.015486914521578446 -0.0026041043000726407 -0.028884139260575415 -0.021433144684190993 -0.017982667173313847
leaf_weight=759 203 296 201 203 1775 226 202 199 213 324 499 207 523 271 226 215 223 310 279 242 339 952 299 252 216 244 229 227 204 279 203 378 364 199 273 215 236 203 333 230 376 1066 271 236 256 440 430 209 385 242 457 306 664 360 215 227 492 214 461 286 200 277 211 248 282 235 246 241 212 200 802 256 228 307 617 299 244 1494
leaf_count=759 203 296 201 203 1775 226 202 199 213 324 499 207 523 271 226 215 223 310 279 242 339 952 299 252 216 244 229 227 204 279 203 378 364 199 273 215 236 203 333 230 376 1066 271 236 256 440 430 209 385 242 457 306 664 360 215 227 492 214 461 286 200 277 211 248 282 235 246 241 212 200 802 256 228 307 617 299 244 1494
internal_value=4.93783e-06 0.0357842 -0.0203661 0.0259307 -0.0356285 -0.00713256 0.089978 0.0391998 0.0836913 -0.0308502 0.0146292 0.000706715 0.0175279 0.0313665 -0.0147186 0.0495249 0.0747296 -0.0506652 -0.035555 0.00503943 0.0965168 -0.0261272 0.00565864 -0.017126 -0.00500391 -0.00874974 0.0472073 0.0225438 0.00865171 0.0509062 -0.00284199 0.0351941 0.0335853 0.00575933 0.0238307 -0.0233779 0.0269822 0.029333 0.0369763 0.00959064 0.00255599 -0.0295094 0.0808606 -0.00429779 -0.010712 0.0140125 -0.0474061 0.0306472 -0.0135796 0.0268492 0.0426174 0.0477206 0.00360832 -0.0194799 0.00945228 -0.0440065 -0.0118356 0.00728855 0.00210797 0.0120132 0.0107676 -0.011451 0.016781 -0.0500987 0.0142919 -0.010152 0.00489306 -0.00901506 -0.00604037 -0.0117681 -0.0318822 -0.0308028 -0.00298394 0.0121169 -0.00417891 -0.0252361 -0.0183133 -0.0187857
internal_weight=27663 10036 17627 8492 8186 9441 1544 3906 1342 6212 4586 4643 3466 2221 4798 1685 790 1974 3112 2640 552 3100 1120 3419 2003 1379 1470 672 821 814 1500 1549 1278 618 1241 1710 718 567 711 932 1708 1390 494 1284 1153 2225 1215 445 1364 445 656 585 1501 2055 414 537 979 702 1125 1292 1006 503 933 678 493 727 460 909 468 441 1337 1058 1081 806 853 1251 459 1854
internal_count=27663 10036 17627 8492 8186 9441 1544 3906 1342 6212 4586 4643 3466 2221 4798 1685 790 1974 3112 2640 552 3100 1120 3419 2003 1379 1470 672 821 814 1500 1549 1278 618 1241 1710 718 567 711 932 1708 1390 494 1284 1153 2225 1215 445 1364 445 656 585 1501 2055 414 537 979 702 1125 1292 1006 503 933 678 493 727 460 909 468 441 1337 1058 1081 806 853 1251 459 1854
cat_boundaries=0 1 2 3 4
cat_threshold=10254 2048 2056 3145
is_linear=0
shrinkage=0.047679


Tree=8
num_leaves=79
num_cat=0
split_feature=50 48 50 9 48 9 9 48 51 50 48 9 50 48 48 48 51 14 9 9 9 9 50 9 37 50 9 35 7 33 29 42 7 24 59 48 17 7 9 54 9 54 51 42 49 7 52 37 25 47 9 43 54 9 52 3 48 16 51 17 47 30 16 21 50 7 49 36 7 7 45 50 3 51 24 30 22 17
split_gain=7879.54 2102.79 1424.85 397.555 275.451 244.283 203.437 82.1056 67.7017 50.2926 49.4147 43.8157 36.0767 35.4767 34.7792 26.711 25.0648 23.8561 19.2475 18.7712 11.9162 11.2389 10.8895 10.7963 8.87545 8.83877 8.65022 7.91824 7.91273 6.74873 6.70779 6.49305 6.25464 6.11854 5.83152 5.68051 5.29448 5.12619 5.03785 4.93355 4.71578 4.67731 4.47718 4.29998 4.28678 4.03501 3.84102 4.78024 5.23216 3.83444 3.74948 3.43894 3.29289 3.86873 3.264 4.20704 3.39294 3.23311 3.0191 3.12718 2.94674 2.92432 2.72007 2.50572 2.46395 2.40095 2.38396 2.28802 2.09198 3.02166 2.08095 2.05866 2.04793 1.95893 1.93292 1.89955 1.88673 1.79637
threshold=22.585147562500001 24.154118350000005 21.745299400000004 23.138183500000004 25.238897000000005 21.142061000000002 22.092502000000003 23.625075800000005 24.285614633333338 21.505098412500001 25.861165500000002 22.283546000000005 22.294833900000004 20.978446800000004 23.052454100000002 23.023200650000003 22.10340470833334 1.1679518721932733 24.781235000000006 23.609067500000005 22.572217000000006 21.396375500000005 22.733252750000002 21.842346500000001 21.631546000000004 20.798486175000004 21.682527500000003 23.303953000000003 27.500000000000004 23.044328500000002 23.525712750000004 22.948361500000004 8.5000000000000018 22.542549000000005 5.4750000000000005 22.410804200000005 0.26196400000000014 41.500000000000007 22.812080000000005 0.26114565227136172 21.682527500000003 0.38937255257124764 23.863096800000005 24.805742750000004 21.317382150000004 42.500000000000007 0.13982520460262163 23.167476500000003 23.384369000000003 22.191303000000005 21.534150750000006 23.3426875 0.21957131241368963 22.970548500000003 0.073259612615599809 5.0075535000000011 22.218976000000005 -0.12253649999999981 22.3720015 -0.34460200000000002 20.916918000000003 22.736691500000003 -1.7845574999999998 22.219289500000006 21.677724725000004 39.500000000000007 21.97377955 22.755183500000005 8.5000000000000018 25.500000000000004 21.311768500000003 21.081532700000007 4.8678060000000007 22.035481458333333 21.760484500000004 22.825021000000003 21.580254500000002 2.3189995000000008
decision_type=2 2 2 2 2 2 2 2 2 2 2 2 2 2 2 2 2 10 2 2 2 2 2 2 2 2 2 2 2 2 2 2 2 2 2 2 10 2 2 2 2 2 2 2 2 2 2 2 2 2 2 2 2 2 2 2 2 8 2 10 2 2 10 2 2 2 2 2 2 2 2 2 2 2 2 2 2 8
left_child=2 3 5 11 8 13 16 15 17 21 41 33 24 25 22 31 23 -3 43 -9 37 44 62 50 -8 -1 64 61 -21 36 38 -5 -26 -2 52 49 -17 58 51 71 -18 -6 -30 -10 -7 66 -31 -48 -49 65 -4 75 -22 -54 -42 56 -56 -23 -14 -60 -27 -16 67 -51 68 73 -25 -13 -11 -70 -59 -15 -72 -34 76 -24 -28 -40
right_child=1 4 6 7 10 9 12 19 18 26 -12 14 20 39 27 29 40 -19 -20 28 34 57 30 45 32 60 74 -29 42 46 -32 -33 35 -35 -36 -37 -38 -39 77 -41 54 -43 -44 -45 -46 -47 47 48 -50 63 -52 -53 53 -55 55 -57 -58 70 59 -61 -62 -63 -64 -65 -66 -67 -68 -69 69 -71 72 -73 -74 -75 -76 -77 -78 -79
leaf_value=-0.053029089866420624 0.0073264039362031319 0.062821999336635792 -0.022391650644511187 0.014948988915624012 0.099320978592666531 -0.035659953303432301 -0.012933118099342252 0.036398796946963616 0.071942744517922375 -0.029937559834094057 0.12258348638217591 0.0093112127133362452 0.00031781321055932829 -0.043957035865053819 0.015029455049915654 0.034223167798854578 -0.014587818486816473 0.040585908668485396 0.08197276252968573 0.054302276660237528 0.011386686561848543 -0.022690272747886809 0.010827464275285028 -0.015854985905724591 -0.010141458542512707 -0.048701863507499735 -0.013737802661581602 0.028289201468724604 0.041411381647024938 0.038271055318393921 0.022075488147437174 0.026242340889498488 -0.006511632352292478 -0.0032479594718069571 0.01566776323507817 0.005595113294061072 0.024629877594207893 -0.0019042720933611693 0.021076651389449877 -0.032904570122203332 -0.0119011193884379 0.089330153410013338 0.050482873781088081 0.062859589406915495 -0.031122155018676222 -0.0078728336985261771 0.02710277928376701 0.04117030255673057 0.031002034341829122 0.0026386028971516497 -0.016952520392417868 0.007216962672419224 0.00094946484031969568 0.0095200014608566776 -0.010266450274748706 -0.0005997317723027923 -0.0032125690961144295 -0.03224451787390601 0.0036314261396213016 0.010147446724684777 -0.04338656137431756 0.021878251485594427 0.013742928585613226 -0.0040443764734027325 -0.021102367843247139 -0.0087403292635943753 -0.011014267578075682 0.0036789423105639176 -0.020999092141160847 -0.026552132539515681 -0.029227978493988994 -0.038316293102250411 -0.023777896054999772 -0.00049803843470432279 -0.022573856646396634 0.01548699449960581 -0.019174573380247705 0.015596927732476274
leaf_weight=768 206 202 358 271 228 1163 222 393 239 208 217 565 377 219 202 211 205 240 368 365 239 205 347 577 230 494 224 401 303 426 267 202 218 314 219 209 344 496 200 312 225 200 209 235 798 340 242 201 269 346 1476 262 284 207 408 279 250 353 595 233 456 475 213 202 362 263 386 231 336 661 636 448 208 283 206 466 412 425
leaf_count=768 206 202 358 271 228 1163 222 393 239 208 217 565 377 219 202 211 205 240 368 365 239 205 347 577 230 494 224 401 303 426 267 202 218 314 219 209 344 496 200 312 225 200 209 235 798 340 242 201 269 346 1476 262 284 207 408 279 250 353 595 233 456 475 213 202 362 263 386 231 336 661 636 448 208 283 206 466 412 425
internal_value=2.65288e-06 0.0339394 -0.0191664 0.0231772 0.0786288 -0.0332512 -0.0060969 0.0354327 0.065859 -0.027716 0.104049 0.0139708 0.000929223 -0.0450975 0.0156421 0.029789 -0.0133087 0.0507481 0.0737914 0.045058 0.00456351 -0.0314828 0.0129842 -0.0156566 -0.00395211 -0.0492255 -0.0224575 0.0229797 0.0489383 0.0325877 0.0150499 0.019772 -0.00281345 0.000941116 0.008844 -0.00170534 0.0282771 0.0021754 0.0139464 -0.0378535 -0.00792059 0.0946524 0.0451144 0.0674395 -0.0338134 -0.0123381 0.0346899 0.0325473 0.0353506 -0.00286829 -0.0180143 0.0119674 0.00679686 0.00456271 -0.00674435 -0.00550606 -0.00758641 -0.028223 0.00385466 0.00546504 -0.0461505 0.0198347 0.0089573 0.000175168 -0.0245518 -0.0050513 -0.0139147 0.00767672 -0.0255881 -0.0246807 -0.0291705 -0.0401684 -0.0278848 -0.00311473 -0.0185599 0.0134982 -0.0172597 0.0173504
internal_weight=27535 9939 17596 8010 1929 8469 9127 3436 1284 5772 645 4574 4623 2697 4054 2166 4504 442 842 1270 2650 3363 2976 3137 1973 1718 2409 1078 877 1693 1967 473 1751 520 949 1521 555 1701 1700 979 1367 428 512 474 1961 1303 1138 712 470 1312 1834 1075 730 491 1162 937 658 1402 1205 828 950 677 1009 548 1567 764 963 796 1205 997 1197 667 844 501 842 813 636 625
internal_count=27535 9939 17596 8010 1929 8469 9127 3436 1284 5772 645 4574 4623 2697 4054 2166 4504 442 842 1270 2650 3363 2976 3137 1973 1718 2409 1078 877 1693 1967 473 1751 520 949 1521 555 1701 1700 979 1367 428 512 474 1961 1303 1138 712 470 1312 1834 1075 730 491 1162 937 658 1402 1205 828 950 677 1009 548 1567 764 963 796 1205 997 1197 667 844 501 842 813 636 625
is_linear=0
shrinkage=0.047679


Tree=9
num_leaves=79
num_cat=0
split_feature=48 48 48 9 48 49 48 48 20 50 50 9 9 9 50 50 9 49 51 50 6 50 9 9 48 51 54 14 6 7 31 9 18 9 52 33 18 7 14 54 55 18 55 36 25 42 6 54 55 54 9 25 48 6 6 7 7 7 7 7 6 50 9 50 6 22 6 9 19 9 9 52 9 51 9 45 3 59
split_gain=7296.62 1998.77 1238.49 371.587 246.022 231.181 180.884 71.668 64.925 58.512 43.9817 41.6184 39.2849 25.1175 24.989 20.2772 17.7315 16.4629 15.6746 12.4952 11.8791 11.6889 11.3474 11.1042 10.5838 10.426 10.1767 9.73634 8.67579 8.52507 7.29553 6.48869 6.11652 5.98645 5.99138 5.92158 5.80466 5.73058 5.70565 5.51694 5.28824 5.27549 5.26842 5.0163 4.88547 4.45339 4.40404 4.1568 4.64396 3.68946 3.64271 3.63082 3.5809 3.4773 3.45956 3.43382 3.14528 3.78141 3.10996 3.03763 3.6414 2.98603 2.96085 2.83372 2.57217 2.51216 3.22107 2.42862 2.42325 2.34441 2.32962 2.25117 3.61792 2.18295 2.99419 2.09055 2.07126 1.95162
threshold=22.564587200000005 24.154118350000005 21.629844500000001 23.224703000000002 25.125679400000006 22.083179200000004 21.006707700000003 23.443721200000002 26.076946500000002 22.733252750000002 24.408066375000001 21.405676500000002 22.092502000000003 22.607954000000003 21.850555600000003 22.965163750000006 23.485220000000002 23.031778600000003 22.310467866666674 21.328197475000003 8.5000000000000018 20.798486175000004 21.878987500000004 24.389993500000006 23.773030200000004 21.626607283333339 0.6070851037886914 1.1446514499442 9.5000000000000018 36.500000000000007 23.204092000000003 21.749215500000002 23.042418500000004 22.338475500000005 0.42325369179850852 22.875980500000004 21.851982500000002 44.500000000000007 4.6515829833763904 0.313048864445717 0.57101399513862761 24.781887000000005 0.57101399513862761 23.012371000000005 22.623681000000001 21.944084750000005 14.500000000000002 0.45448143886561881 0.2768050196163277 0.23914558452459678 22.954515500000003 23.147287250000002 22.291222900000005 16.500000000000004 11.500000000000002 26.500000000000004 10.500000000000002 26.500000000000004 11.500000000000002 35.500000000000007 12.500000000000002 21.745299400000004 22.678503000000003 22.104299125000004 14.500000000000002 21.879561500000005 12.500000000000002 22.164965500000005 21.385909000000002 22.618033000000004 22.399863500000002 0.23471347380641291 22.840618000000003 22.127281083333337 21.660044000000003 21.345775500000006 4.4976420000000008 5.491666666666668
decision_type=2 2 2 2 2 2 2 2 2 2 2 2 2 2 2 2 2 2 2 2 2 2 2 2 2 2 2 10 2 2 2 2 2 2 2 2 2 2 8 2 2 2 2 2 2 2 2 2 2 2 2 2 2 2 2 2 2 2 2 2 2 2 2 2 2 2 2 2 2 2 2 2 2 2 2 2 2 2
left_child=2 3 6 9 10 14 21 15 20 26 27 19 28 33 31 32 -9 44 39 77 -6 -1 73 -12 38 53 46 -3 -7 -26 37 56 -5 -11 -35 -19 -30 40 -18 70 59 -25 50 -17 -15 -38 47 48 62 64 -37 -45 -41 68 -50 -52 -4 -58 -46 60 -20 -59 -2 67 -23 66 -33 -24 -13 -48 -14 72 -60 74 -16 -21 -39 -8
right_child=1 4 5 7 8 12 11 16 -10 13 23 25 18 17 22 43 24 35 30 75 -22 49 63 41 29 -27 -28 -29 36 -31 -32 65 -34 34 -36 42 45 76 -40 52 -42 -43 -44 51 58 -47 69 -49 54 -51 55 -53 -54 -55 -56 -57 57 61 71 -61 -62 -63 -64 -65 -66 -67 -68 -69 -70 -71 -72 -73 -74 -75 -76 -77 -78 -79
leaf_value=-0.050799290030882231 0.0081864810092862738 0.057831347387860742 -0.026091302861881313 0.01242288600372954 0.096230351608415962 0.0010511823315925719 -0.035803890561327711 0.031610100435686232 0.11873071356862056 0.0029212841685458827 0.060270484813219526 -0.027699433792280216 -0.0012757853349912374 0.022203202511301239 -0.020870415102362504 0.024922802766142754 0.034123975395407631 0.017775364193319768 0.0079313581411308218 -0.032173512977830311 0.08203812249638455 -0.04121681700912596 -0.01088337639637723 0.06834107691586043 0.052020631376899877 -0.019681791781330813 -0.002864158299650438 0.044153991306794073 -0.016852004830739547 0.041399164470941455 0.013186161227993787 -0.011049777203333883 0.02329397227796276 0.0087016243624890195 0.018783307169619668 0.019230088446093103 -0.013738846559554358 -0.0042851512732727162 0.042629893942511654 -0.010907262037167711 0.012402825410033453 0.078141511614901779 0.030994299585048835 0.038073934631411802 0.0097389904705596341 -0.0054824226883923915 0.00047850033887122641 0.015993321280088214 0.00073177138257182251 -0.037843681124186811 0.030288495643443443 0.030295105456147015 -0.0022387074488358564 -0.028457240731572995 0.0086943634327694818 0.021756499476256165 -0.015082761522538948 -0.024200511277214523 0.013625100620649457 -0.00032846890038724463 0.0027313207919576611 -0.017760609058189498 0.016036197817336239 -0.0041261077062736294 -0.046593005457147625 -0.019477013219605689 -0.016696720525591225 -0.0058100796261037332 -0.022370824024244496 0.007479885395152007 0.00432214517485628 0.011790632229874004 0.021265625815219482 -0.010560403322229328 -0.014429152821375128 -0.028045856665804798 0.0020002834821866151 -0.030895191326052934
leaf_weight=748 221 220 203 217 224 210 1605 380 212 199 222 298 589 231 218 250 298 304 574 389 334 328 816 258 395 740 213 256 201 304 206 363 257 353 216 301 204 214 450 204 199 242 275 207 237 546 207 202 213 240 217 400 231 918 297 212 297 396 274 282 656 279 216 273 528 321 625 291 556 229 237 212 290 205 663 986 269 208
leaf_count=748 221 220 203 217 224 210 1605 380 212 199 222 298 589 231 218 250 298 304 574 389 334 328 816 258 395 740 213 256 201 304 206 363 257 353 216 301 204 214 450 204 199 242 275 207 237 546 207 202 213 240 217 400 231 918 297 212 297 396 274 282 656 279 216 273 528 321 625 291 556 229 237 212 290 205 663 986 269 208
internal_value=0.000158503 0.0320525 -0.0187115 0.0217834 0.0752418 -0.0075079 -0.033224 0.0346454 0.0962692 0.0138487 0.0617268 -0.0290248 -7.76987e-05 0.0175994 -0.014746 0.0262302 0.040776 0.0198736 0.0023458 -0.0326412 0.0877354 -0.0462042 -0.011346 0.0691445 0.0431831 -0.0244351 0.00692084 0.0504755 -0.00771976 0.0474013 0.0046072 -0.0181213 0.0183171 0.0100393 0.0125288 0.0236061 -0.00965656 0.0038017 0.0392412 -0.00195822 0.00509637 0.0730845 0.0253698 0.0306068 0.0159462 -0.00772817 0.00823579 0.00978397 0.00845948 -0.0430682 0.023251 0.0329479 -0.00630396 -0.0264201 0.00536881 0.0260722 -0.0206934 -0.019566 0.0145193 0.00413473 0.00515801 -0.0215387 0.0120664 -0.00847681 -0.044533 -0.0158126 -0.014622 -0.00954975 -0.0242302 0.00415584 0.000330401 0.0159793 0.0175537 -0.0149919 -0.016023 -0.0292136 -0.000784568 -0.0352407
internal_weight=27561 10245 17316 8277 1968 9772 7544 3158 770 5119 1198 5700 4822 3321 4950 1331 1827 2553 3661 3188 558 1844 2466 722 1447 2512 1798 476 1161 699 2400 2484 474 768 569 1309 951 2194 748 1261 1711 500 1005 857 1244 750 1585 1149 947 1096 730 607 435 1772 510 429 1175 972 1013 1512 1230 675 437 1380 856 1309 988 1107 854 436 826 776 564 1086 881 1375 483 1813
internal_count=27561 10245 17316 8277 1968 9772 7544 3158 770 5119 1198 5700 4822 3321 4950 1331 1827 2553 3661 3188 558 1844 2466 722 1447 2512 1798 476 1161 699 2400 2484 474 768 569 1309 951 2194 748 1261 1711 500 1005 857 1244 750 1585 1149 947 1096 730 607 435 1772 510 429 1175 972 1013 1512 1230 675 437 1380 856 1309 988 1107 854 436 826 776 564 1086 881 1375 483 1813
is_linear=0
shrinkage=0.047679


Tree=10
num_leaves=79
num_cat=0
split_feature=50 49 9 9 50 49 18 49 9 9 49 9 50 50 9 51 51 50 9 7 6 50 19 40 44 9 49 51 59 35 7 6 20 15 9 19 51 18 3 24 16 29 6 9 9 7 6 49 7 36 54 16 47 30 7 2 49 7 18 15 53 50 9 9 24 21 15 47 2 9 7 52 55 32 2 20 52 7
split_gain=6507.26 1780.12 1161.65 389.151 217.777 178.739 178.696 77.126 71.8768 56.672 38.0924 30.3731 27.0485 23.7206 22.8693 15.1318 14.8797 14.1245 13.4117 12.9507 12.8726 10.4221 10.2376 9.67558 9.55851 8.7608 8.37551 8.17785 7.75818 7.59517 7.07494 6.58068 6.11726 5.8016 5.7606 7.74142 5.66136 5.61848 5.47749 5.4703 5.44203 4.46959 4.42585 4.36767 4.35449 4.0176 3.96167 4.11441 3.93164 3.841 4.51452 3.78088 3.66907 3.76797 3.62124 3.46744 3.44146 3.48234 3.18037 3.25401 3.15411 3.10643 3.07391 3.03259 2.91563 2.60659 2.59601 2.42781 2.33221 2.2302 2.21828 2.21733 2.14411 2.07595 1.8144 2.84048 1.7334 1.69253
threshold=22.585147562500001 24.341392225000003 21.618464500000005 23.224703000000002 22.104299125000004 21.120818200000006 26.063037000000005 23.617838150000001 25.083875500000001 22.781967000000005 21.475567750000007 22.380906000000007 21.832496575000004 22.999300275000003 22.283546000000005 20.827545666666669 24.401052058333338 23.169529512500002 23.850904500000002 29.500000000000004 9.5000000000000018 21.347161012500003 22.573042500000003 22.597457000000002 21.945463000000004 22.105123500000001 22.999762974999999 21.613352791666674 5.491666666666668 22.091851000000002 41.500000000000007 9.5000000000000018 22.716319000000002 4.7829171088679905 23.941224500000004 23.161499500000001 21.531474233333338 22.678994000000003 3.7442280000000006 22.789269500000003 -1.1870155 23.295974000000005 10.500000000000002 22.007786000000007 24.463470500000003 11.500000000000002 14.500000000000002 20.961578850000006 32.500000000000007 23.332527250000002 0.36773050738830243 -3.6018310000000002 22.233963000000006 22.292056000000006 33.500000000000007 9.249916500000003 21.877231949999999 40.500000000000007 22.057426500000002 2.4117905702488032 0.376592244676201 23.213845650000003 22.484653500000004 21.740367500000001 22.107462000000002 22.176180500000005 2.8012111325421389 22.135253000000002 6.9109285000000016 21.461822500000004 38.500000000000007 0.097761977760300989 0.28942056453685594 22.304549500000004 11.194761000000002 22.475944500000001 0.086516976489293088 51.500000000000007
decision_type=2 2 2 2 2 2 2 2 2 2 2 2 2 2 2 2 2 2 2 2 2 2 2 2 2 2 2 2 2 2 2 2 2 8 2 2 2 2 2 2 10 2 2 2 2 2 2 2 2 2 2 10 2 2 2 2 2 2 2 10 2 2 2 2 2 2 10 2 2 2 2 2 2 2 2 2 2 2
left_child=2 3 5 9 12 15 8 13 16 14 21 24 36 23 39 -1 -3 32 33 -20 -10 77 29 -5 -6 56 40 69 34 -13 31 -26 -11 -9 35 -15 72 -24 65 -2 49 -19 -43 -32 -18 -34 54 -48 -47 50 62 -37 -40 -54 -17 -35 70 71 -27 -60 -21 -28 -16 -38 68 -33 -65 -31 -29 -12 -14 -58 -4 -45 75 -69 -70 -7
right_child=1 6 4 7 11 10 -8 18 20 17 27 22 25 28 26 46 44 41 19 60 -22 -23 37 -25 30 58 61 64 -30 67 43 38 45 55 -36 51 63 -39 52 -41 -42 42 -44 73 -46 48 47 -49 -50 -51 -52 -53 53 -55 -56 -57 57 -59 59 -61 -62 -63 -64 66 -66 -67 -68 74 76 -71 -72 -73 -74 -75 -76 -77 -78 -79
leaf_value=-0.047678156195935954 0.0041456525103894448 0.050291249044038935 -0.018886194756953811 0.026792813225033931 -0.0092689328714617297 -0.0319391965212742 0.1187788685982779 0.03223930889118682 0.088382401299973531 0.010776762175147916 -0.027758519316487588 -0.0052710626421020755 -0.012696008363518831 0.019756068807915528 0.0024690370033321972 -0.040024932603710775 0.059959563097042895 0.019481385602066609 0.053365249756737503 0.045199234546565534 0.073613901640901369 -0.02707041791929022 0.0053671241866169103 0.013333581083177372 0.008093830905219368 -0.0096917906136234321 0.012887099447573267 -0.023455233560924094 0.038534777073544732 -0.00056771756411577972 -0.011324598115321672 -0.0089016533685790534 0.012204734500653347 0.037431232772160122 0.036655363388087558 0.033423659613540553 -0.018650334711893157 0.013672743999274931 -0.0029255477378926382 -0.0056474512343793479 0.014945242048508802 0.021469935477525945 0.030478833592641214 0.00012182713427365583 0.068273650160459332 0.02325475881492713 -0.045185085486430826 -0.037786062908152007 0.016554954880876122 0.0028101285884784958 0.013973372306250403 0.026507717496939996 -0.00049340547174841435 0.0073468686597768004 -0.032862716055454939 0.045565366820989495 -0.014396732241043703 -0.0064773106489646078 -0.007301923138068823 0.0010263241098947024 0.036773251749037797 0.020582495138720354 0.0091666104536323404 -0.015950103329321324 -0.014050547466063634 -0.0021311379300911542 -0.010945915184455568 0.0014268295445618252 -0.021522873146857167 -0.023103391415186619 -0.018827668105717572 -0.0098192796024047079 -0.025791562177713723 -0.0059368287650480162 0.0084672891882353486 0.0078563431836033686 -0.016751777118128974 -0.036509181308306299
leaf_weight=857 320 201 208 211 424 1502 201 267 392 338 424 238 381 208 206 369 226 281 364 201 204 1515 379 286 212 261 239 359 264 208 204 202 203 272 207 385 702 362 282 218 350 204 316 243 391 377 406 295 422 240 350 337 258 303 284 212 453 361 207 220 203 238 639 993 200 359 309 422 297 522 207 513 201 273 265 248 415 210
leaf_count=857 320 201 208 211 424 1502 201 267 392 338 424 238 381 208 206 369 226 281 364 201 204 1515 379 286 212 261 239 359 264 208 204 202 203 272 207 385 702 362 282 218 350 204 316 243 391 377 406 295 422 240 350 337 258 303 284 212 453 361 207 220 203 238 639 993 200 359 309 422 297 522 207 513 201 273 265 248 415 210
internal_value=0.000133209 0.0308883 -0.0173408 0.0220336 -0.00655409 -0.0312881 0.0767134 0.0344051 0.0707338 0.013478 -0.0266451 0.000614602 -0.0135313 0.0279969 0.00901291 -0.0427202 0.061558 0.0193175 0.0424122 0.0468424 0.0833274 -0.0299508 0.00490358 0.0190477 -0.00268294 -0.0101602 0.0111144 -0.0218333 0.0311715 0.00247772 -0.00148754 0.00026391 0.0163234 0.0378816 0.0294619 0.0278607 -0.0171677 0.00942466 -0.000918387 0.000177443 0.00961459 0.0243264 0.0269446 -0.00541857 0.0652283 0.0181944 -0.0395822 -0.0420714 0.0197162 0.00831443 0.00941989 0.0301956 0.00151103 0.00374118 -0.03691 0.0409941 -0.0118182 -0.0104727 -0.00554545 -0.00301102 0.0409654 0.0167267 0.00753383 -0.0161244 -0.019335 -0.00456901 -0.0147625 0.0040912 -0.0203219 -0.0251898 -0.0148546 -0.0119659 -0.0222798 -0.00308363 0.00512762 0.00380671 -0.018742 -0.0324998
internal_weight=27526 9973 17553 8358 9898 7655 1615 3417 1414 4941 5444 4882 5016 1898 2800 2211 818 2141 1519 768 596 3227 2122 497 2760 2603 2262 2217 1401 1381 2336 1616 1340 751 1137 930 2413 741 1404 538 1785 801 520 720 617 1002 1354 701 799 1435 1195 722 843 561 653 484 1915 1327 688 427 404 477 845 2004 1271 561 1302 1143 1071 946 588 966 409 516 935 670 712 1712
internal_count=27526 9973 17553 8358 9898 7655 1615 3417 1414 4941 5444 4882 5016 1898 2800 2211 818 2141 1519 768 596 3227 2122 497 2760 2603 2262 2217 1401 1381 2336 1616 1340 751 1137 930 2413 741 1404 538 1785 801 520 720 617 1002 1354 701 799 1435 1195 722 843 561 653 484 1915 1327 688 427 404 477 845 2004 1271 561 1302 1143 1071 946 588 966 409 516 935 670 712 1712
is_linear=0
shrinkage=0.047679


Tree=11
num_leaves=79
num_cat=7
split_feature=50 48 48 48 48 50 48 9 19 51 9 50 9 48 14 50 51 48 50 0 9 9 15 48 47 9 6 0 43 35 0 16 55 6 9 19 2 33 0 7 17 6 0 6 0 38 35 53 18 6 8 20 7 55 50 7 3 45 30 7 16 31 39 0 9 6 9 7 18 7 18 2 3 45 33 32 53 53
split_gain=5870.86 1580.72 1047.51 291.995 192.863 192.599 152.37 81.3014 46.9353 44.8561 35.0679 31.0082 29.5791 26.8719 23.4049 21.6486 16.1253 15.2044 12.7799 12.1518 11.7212 9.48339 8.53895 8.39806 8.10109 7.664 7.52506 7.45943 6.92236 6.82947 6.69273 6.60423 6.55236 6.5303 6.46782 6.41983 5.87028 5.67202 5.4866 5.31219 4.64596 4.61318 9.27432 4.50329 4.49483 4.42838 4.27368 4.22088 4.11365 4.01151 3.92916 6.71276 4.40536 3.8367 3.78443 3.64468 3.43161 3.35605 3.3237 3.27302 3.20931 4.49359 3.72213 3.08491 3.06754 3.01209 2.96588 2.74708 2.73602 2.51378 2.38188 2.2059 2.19052 2.13421 2.07379 2.07183 3.38156 2.06043
threshold=22.585147562500001 24.154118350000005 21.629844500000001 23.070596400000003 25.238897000000005 22.104299125000004 21.103454600000003 23.395023000000005 26.064242500000002 24.285614633333338 22.092502000000003 21.482693100000002 22.781967000000005 23.679131900000005 1.1679518721932733 21.832496575000004 20.827545666666669 22.464565300000004 23.169529512500002 0 22.936983000000001 21.314055000000003 2.8335397755148946 24.898054300000005 22.191303000000005 21.842346500000001 9.5000000000000018 1 21.277290500000003 22.923810000000003 2 1.999925 0.47687406882773425 9.5000000000000018 21.977051000000003 22.562237000000003 11.194761000000002 22.938687750000003 3 36.500000000000007 -0.20016900000000001 12.500000000000002 4 12.500000000000002 5 22.408994000000003 21.072471000000004 0.44761973216014067 22.667905000000001 11.500000000000002 1.5000000000000002 22.413292000000002 29.500000000000004 0.44207696787667011 22.724494337500001 12.500000000000002 4.8678060000000007 24.652250500000005 22.346262000000007 32.500000000000007 -5.3799349999999988 23.435994500000003 23.310938500000002 6 22.453788000000003 12.500000000000002 20.830690500000006 34.500000000000007 22.020963500000004 29.500000000000004 22.701875000000005 7.9570635000000012 5.0075535000000011 22.542953500000003 21.437274000000006 21.801022500000006 0.26989383254936788 0.31799400553972196
decision_type=2 2 2 2 2 2 2 2 2 2 2 2 2 2 10 2 2 2 2 9 2 2 10 2 2 2 2 9 2 2 9 8 2 2 2 2 2 2 9 2 10 2 9 2 9 2 2 2 2 2 2 2 2 2 2 2 2 2 2 2 10 2 2 9 2 2 2 2 2 2 2 2 2 2 2 2 2 2
left_child=2 3 6 12 9 15 16 20 32 14 33 21 19 26 -3 28 -1 24 30 64 31 74 50 57 77 75 59 58 -4 -28 -14 -5 -6 -7 65 -24 39 -22 45 -15 49 42 -27 -23 -43 -26 66 63 -29 -13 52 -52 -21 -31 -32 -56 -57 -11 -19 -9 61 -39 -62 -35 -2 67 -18 -30 -44 -60 72 -67 -53 -40 -8 -17 -77 -12
right_child=1 4 5 7 8 10 11 13 -10 23 17 40 18 36 -16 25 46 27 -20 22 37 43 35 -25 38 41 29 48 34 53 54 -33 -34 47 -36 -37 -38 60 73 -41 -42 44 68 -45 -46 -47 -48 -49 -50 -51 51 70 -54 -55 55 56 -58 -59 69 -61 62 -63 -64 -65 -66 71 -68 -69 -70 -71 -72 -73 -74 -75 -76 76 -78 -79
leaf_value=-0.045394119810826937 -0.0039285854020294489 0.056724055768659395 -0.024121402323319663 0.022956236927774099 0.086217117906513721 0.00046593875975076295 -0.031524118573447411 0.039969116481841545 0.10827342205800104 0.065059255133811417 -0.0024924223657646362 -0.016758831576724594 0.0051832779528345821 0.04252919522006883 0.034504060995959665 -0.0097553805620147708 -0.043348922631215564 0.00075789055022568814 0.024990617675109093 0.0072015267729161649 0.019372479990523502 -0.020399193486804384 0.021288576357333736 0.070547740503537917 0.0011541953670964528 0.0027205887539591897 0.020226546247922042 0.0075274622095774018 -0.016608102077395239 0.026363809607603886 0.010272824798054404 0.012669444855391085 0.074690699176860456 -0.0025955660759185459 -0.0093911397005404743 0.0098793119458605028 0.046596845731114028 0.034721534404429114 0.0010543155365360223 0.033644051235245914 -0.015196989882317305 -0.0053866455932808739 -0.012026887863281778 -0.026919229413782671 -0.012817092941408646 0.0089089091741604322 -0.033736345732140731 -0.013674229130152179 0.016515219375437613 -0.022867112016577547 -0.0010908171421211612 0.003556416991032145 0.016259419903569293 0.034612437422752364 0.011543641041965544 0.022046304932834809 0.015437216485745591 0.057399889174332544 0.0099999968363791349 0.031907918740610233 0.019117286082858027 0.024850829121426481 0.027894401900958626 -0.0094469254284288619 0.0042896435750592113 -0.020929995691050859 -0.037346754775674514 -0.010071964076812771 -0.0055713008526441258 0.0033599101510131415 0.011311093411139171 -0.016572159194321742 0.0097530055463508555 -0.0039522943343490713 -0.02644187702917886 -0.012704681137902216 -0.019748308681396556 -0.0080415876628177358
leaf_weight=882 206 202 236 224 232 213 1441 204 203 213 545 304 205 360 231 248 270 452 295 279 344 290 206 279 316 221 202 273 354 251 244 387 217 284 331 246 332 202 632 266 301 329 300 1420 653 356 520 281 201 1247 235 318 217 262 218 341 375 334 235 261 207 218 234 382 207 400 610 249 297 289 314 777 219 279 209 524 220 211
leaf_count=882 206 202 236 224 232 213 1441 204 203 213 545 304 205 360 231 248 270 452 295 279 344 290 206 279 316 221 202 273 354 251 244 387 217 284 331 246 332 202 632 266 301 329 300 1420 653 356 520 281 201 1247 235 318 217 262 218 341 375 334 235 261 207 218 234 382 207 400 610 249 297 289 314 777 219 279 209 524 220 211
internal_value=1.67793e-05 0.0292042 -0.0165673 0.0199801 0.0682002 -0.00653676 -0.03007 0.0292384 0.0892482 0.0573 0.000176485 -0.0255714 0.0111056 0.0355394 0.04487 -0.0130018 -0.0403446 0.00239718 0.0159812 0.00776222 0.0218201 -0.0283017 0.00925415 0.063816 1.91487e-05 -0.0101645 0.0307231 0.0062332 -0.016377 0.0276525 0.0140595 0.0164407 0.0806465 -0.00707716 -0.0155112 0.0150791 0.0414718 0.0245477 0.00195827 0.0387537 -0.0206179 -0.00831005 -0.00566539 -0.0258135 -0.010513 0.00518519 -0.0371633 -0.00877376 0.0111045 -0.0216699 0.00764837 0.00604254 0.0111644 0.0305766 0.0154292 0.0169414 0.0185848 0.0603824 0.0037156 0.0354445 0.0266153 0.0295982 0.0237745 -0.00670614 0.000185976 -0.0166493 -0.0391883 -0.0139091 -0.00867009 0.00633781 0.00801238 -0.0180532 0.00608352 -0.000473793 -0.0308804 -0.0135295 -0.0147875 -0.0040412
internal_weight=27572 9990 17582 8079 1911 10088 7494 3954 652 1259 4949 5212 4125 2138 433 5139 2282 3789 1678 2447 1816 3360 2034 826 2339 2792 1180 1450 2347 715 1383 611 449 1160 2111 452 958 1205 1583 626 1852 1800 818 1710 982 672 1400 947 474 1551 1582 1086 496 513 1178 934 716 547 976 465 861 420 441 666 413 1780 880 603 597 524 851 1177 537 911 1650 992 744 756
internal_count=27572 9990 17582 8079 1911 10088 7494 3954 652 1259 4949 5212 4125 2138 433 5139 2282 3789 1678 2447 1816 3360 2034 826 2339 2792 1180 1450 2347 715 1383 611 449 1160 2111 452 958 1205 1583 626 1852 1800 818 1710 982 672 1400 947 474 1551 1582 1086 496 513 1178 934 716 547 976 465 861 420 441 666 413 1780 880 603 597 524 851 1177 537 911 1650 992 744 756
cat_boundaries=0 1 2 3 4 5 6 7
cat_threshold=6016 13319 13312 3080 2056 7 1097
is_linear=0
shrinkage=0.047679


Tree=12
num_leaves=79
num_cat=5
split_feature=50 50 50 9 49 9 9 49 9 9 50 50 50 49 9 9 50 7 16 9 50 0 15 9 6 6 0 29 51 15 0 6 4 50 52 43 26 46 9 6 7 6 0 28 55 3 9 19 9 46 52 9 43 17 44 17 8 0 47 16 6 55 3 39 39 7 16 16 22 47 52 9 41 29 9 6 19 20
split_gain=5387.2 1464.58 969.562 335.919 162.083 160.724 127.892 73.9073 49.3576 45.8805 36.2383 31.0365 21.8902 18.2164 15.3899 14.9507 14.8526 13.8219 20.4067 13.5941 13.4441 9.72303 9.44758 8.53277 8.36689 10.1673 8.18752 8.0639 7.61666 8.37511 7.54669 7.29533 7.28382 6.42039 6.20538 5.76054 5.75217 5.65931 5.2698 6.09156 5.9125 5.22336 4.76327 6.60841 4.65282 6.01019 4.23787 6.28082 4.17805 4.14113 4.89065 4.10754 3.82488 3.84097 3.72484 3.24526 2.99237 2.93448 2.93049 2.91225 2.86451 2.8618 2.82115 3.14248 3.47225 2.76758 2.68958 2.60466 2.50729 2.4218 2.34698 2.28478 2.25985 2.05712 2.0327 1.8186 1.86486 1.80814
threshold=22.585147562500001 24.408066375000001 21.716586000000003 23.224703000000002 21.120818200000006 22.092502000000003 26.061347000000001 23.617838150000001 25.083875500000001 22.812080000000005 21.369096575000004 22.294833900000004 22.999300275000003 21.996253250000002 22.283546000000005 21.618464500000005 23.050770650000004 17.500000000000004 -1.7845574999999998 24.389993500000006 20.817396050000003 0 6.0783956678713169 22.690128500000004 12.500000000000002 10.500000000000002 1 23.503335000000003 23.799069666666671 4.703848604813186 2 9.5000000000000018 11.194761000000002 22.104299125000004 0.49843922428122817 24.805742750000004 22.253788000000004 22.007405500000001 21.551746000000005 12.500000000000002 42.500000000000007 12.500000000000002 3 22.385627000000003 0.57101399513862761 5.0075535000000011 23.941224500000004 23.141596000000003 21.020160000000004 21.185714500000003 0.31860134765124115 22.463458000000006 23.428486000000003 -1.0828274999999994 21.679670500000004 1.0351635000000003 1.5000000000000002 4 21.702723500000005 1.3867865000000006 14.500000000000002 0.43028547132902922 2.7871270000000004 22.658139500000004 22.927540000000004 30.500000000000004 0.26109450000000051 -0.12253649999999981 21.642632500000001 22.147275000000004 0.1412646071337306 21.775426000000003 21.838213500000005 22.225171000000003 22.228557000000006 16.500000000000004 21.376435500000003 21.433973500000004
decision_type=2 2 2 2 2 2 2 2 2 2 2 2 2 2 2 2 2 2 10 2 2 9 8 2 2 2 9 2 2 8 9 2 2 2 2 2 2 2 2 2 2 2 9 2 2 2 2 2 2 2 2 2 2 10 2 10 2 9 2 8 2 2 2 2 2 2 8 10 2 2 2 2 2 2 2 2 2 2
left_child=2 3 4 9 20 13 8 12 19 14 56 21 41 26 30 49 62 18 -9 -3 -1 33 -10 37 25 -23 55 34 29 -19 -2 -15 -30 66 51 -21 -25 -13 -28 40 72 -5 43 -39 45 61 47 -14 60 -12 75 -16 53 -49 -33 -4 -6 -56 71 -38 65 -18 -11 -64 -65 -22 -7 -53 -60 -26 -41 -17 -40 -59 -44 76 -51 -58
right_child=1 6 5 7 10 11 -8 17 22 16 15 23 46 31 27 58 44 28 -20 35 48 24 -24 36 69 -27 38 -29 32 -31 -32 54 -34 -35 -36 -37 59 42 39 70 -42 -43 74 -45 -46 -47 -48 52 -50 50 -52 67 -54 -55 57 -57 77 73 68 -61 -62 -63 63 64 -66 -67 -68 -69 -70 -71 -72 -73 -74 -75 -76 -77 -78 -79
leaf_value=-0.043334521180429152 0.0060534759491762636 0.049741851282123432 -0.0214435694934818 0.020697927708068515 -0.023454769884649614 -0.015692986487913955 0.10652762788797258 0.036742176763904351 0.068767802418250701 0.018821775600829815 -0.029183347235267637 -0.0047144298121641129 0.019987507903312288 -0.0010910715324616261 0.0035950760894827498 -0.020773192478686826 0.012760765030189936 0.025487779685571126 0.056877309256019089 0.068543169411616436 -0.038557919771593632 -0.0047599801802238771 0.081559687610714804 0.015533270230659693 -0.0070175399481710423 0.0083573813422194859 -0.019096184056303964 0.01753912737121837 0.0357505470813528 0.037248443768034552 -0.0054396879345417161 -0.015154396604735349 0.046371259186857958 -0.0035789702602062666 0.015362882941951881 0.05803393738116798 0.0020439341536749359 0.0144320797127074 -0.014562684741066105 -0.014091918065130615 -0.00093292557774826517 0.010719618158129128 -0.0022898439077577264 0.0032411881623734995 0.027174046804975489 0.025469049873481368 0.033647864077565426 0.03621106060840986 -0.032107539588293862 -0.024705454692888235 -0.015228504207155385 0.0082020691996034997 0.024980678624752874 0.02790681349368165 -0.012413566569403093 -0.014353738493350967 -0.029953671832921226 -0.008435765113631026 -0.0094860571594376792 0.010018087286640007 -0.039954834125792857 0.020483419601864523 0.0086754500133270785 0.019242909975022249 0.01130106002049895 -0.030761137540199938 -0.0079315399085813608 0.013289498388723359 -0.016713358112513541 -0.00070632467139845987 -0.0085525497270923789 -0.015184072557937299 -0.0078801229890030997 -0.0038773863071220088 0.0028791195784415705 -0.024292637554045926 -0.020354480777081449 -0.025494614369059809
leaf_weight=874 281 290 445 276 216 202 201 250 215 203 216 206 237 310 376 367 227 241 211 218 207 215 337 212 369 358 236 291 378 321 225 202 240 463 307 260 216 199 201 1249 199 210 206 302 283 275 259 216 465 311 204 1194 365 306 306 219 1619 587 211 201 529 210 301 225 282 207 204 283 226 221 202 304 269 365 1078 1124 800 237
leaf_count=874 281 290 445 276 216 202 201 250 215 203 216 206 237 310 376 367 227 241 211 218 207 215 337 212 369 358 236 291 378 321 225 202 240 463 307 260 216 199 201 1249 199 210 206 302 283 275 259 216 465 311 204 1194 365 306 306 219 1619 587 211 201 529 210 301 225 282 207 204 283 226 221 202 304 269 365 1078 1124 800 237
internal_value=7.31203e-05 0.0280181 -0.0158323 0.0202849 -0.0279159 -0.00544429 0.0710974 0.0315736 0.0657024 0.0123012 -0.0237025 0.000867951 0.0250908 -0.0115747 0.00852536 -0.0209143 0.017867 0.0389572 0.0459581 0.0578859 -0.0386896 -0.00355419 0.0765774 0.00429764 -0.000662424 0.00343551 -0.0138257 0.0100882 0.0362221 0.0322052 0.000955009 -0.00773399 0.0398751 -0.00733229 0.00908443 0.0628269 0.0091386 0.00276827 -0.0122856 -0.0115853 -0.00782139 0.0163863 0.00363183 0.00753586 0.0220025 0.0199469 0.0281496 0.0268826 -0.0358062 -0.0228558 -0.0222954 0.00804423 0.028725 0.0313431 -0.00914447 -0.0188218 -0.0287661 -0.00817944 -0.0162622 0.00588759 -0.0376301 0.0164719 0.0137969 0.0125345 0.0148256 -0.0346595 -0.0117932 0.00917685 -0.0132238 -0.00465351 -0.0133208 -0.018241 -0.010738 -0.00661855 0.00203399 -0.0229405 -0.0215724 -0.0293843
internal_weight=27553 9994 17559 8473 8117 9442 1521 3510 1320 4963 5835 4652 1869 4790 2957 3763 2006 1641 461 768 2282 2032 552 2620 1163 573 3020 2451 1180 562 506 1770 618 869 2160 478 629 1991 2356 2120 669 486 1785 501 995 712 1383 1124 1408 2655 2439 1853 887 522 1460 664 2072 1258 1108 417 943 437 1011 808 507 414 406 1477 437 590 1451 671 470 952 1284 2235 1111 1856
internal_count=27553 9994 17559 8473 8117 9442 1521 3510 1320 4963 5835 4652 1869 4790 2957 3763 2006 1641 461 768 2282 2032 552 2620 1163 573 3020 2451 1180 562 506 1770 618 869 2160 478 629 1991 2356 2120 669 486 1785 501 995 712 1383 1124 1408 2655 2439 1853 887 522 1460 664 2072 1258 1108 417 943 437 1011 808 507 414 406 1477 437 590 1451 671 470 952 1284 2235 1111 1856
cat_boundaries=0 1 2 3 4 5
cat_threshold=5697 4672 10246 2184 6656
is_linear=0
shrinkage=0.047679


Tree=13
num_leaves=79
num_cat=5
split_feature=48 48 48 9 9 48 9 9 48 38 44 9 48 9 9 27 48 9 48 6 0 55 9 48 46 0 9 54 43 6 6 59 33 31 17 27 30 16 30 9 35 6 16 34 36 0 9 0 0 9 56 7 30 36 7 48 33 29 6 7 18 30 53 59 7 9 52 7 7 29 30 9 28 7 7 54 44 38
split_gain=4869.21 1340.35 867.482 226.769 199.858 171.121 120.693 64.6759 40.7089 30.9037 29.4197 23.5749 23.4215 18.4227 18.0243 16.8254 16.3769 15.4417 15.4984 15.2709 14.2963 15.8369 13.6203 13.0797 10.4384 10.032 9.14076 8.04634 7.93619 7.65529 6.82499 6.30605 6.40739 6.01909 5.96861 5.75655 5.18639 5.03886 4.97343 4.96932 4.93264 4.71606 4.50899 4.43337 4.20432 3.95405 3.91163 3.74699 3.63383 3.38029 3.34292 3.33997 3.32039 2.90467 4.00716 2.87789 2.80482 2.79437 2.74765 2.73887 2.64658 2.64437 2.58977 2.6639 2.42989 2.40052 2.32446 2.2306 3.27081 2.10543 2.10442 2.08561 1.86456 1.85131 3.61747 1.84011 1.83147 1.73242
threshold=22.585077400000007 24.030860300000004 21.606001100000004 23.138183500000004 25.083875500000001 22.086009300000004 21.123851500000004 26.061347000000001 23.443721200000002 23.442709000000004 21.945463000000004 22.690128500000004 24.527664200000004 21.869082500000001 21.396375500000005 22.098689500000003 20.978446800000004 23.941224500000004 23.039084000000003 9.5000000000000018 0 0.55005033268571224 22.139370000000003 22.974357900000005 24.434057500000005 1 23.485220000000002 0.55582562216720266 24.721983250000005 9.5000000000000018 16.500000000000004 5.491666666666668 23.276380500000005 21.764863000000002 0.13458450000000013 22.603024500000004 21.379368500000002 -0.7904279999999998 21.699184500000005 23.850904500000002 23.303953000000003 14.500000000000002 -0.031721000000000103 22.607672000000004 23.185993000000003 2 22.306048500000003 3 4 21.766417000000004 0.17052150000000135 10.500000000000002 22.736691500000003 22.379196000000004 37.500000000000007 21.888168100000005 21.879056000000002 23.177594500000005 11.500000000000002 12.500000000000002 22.339768000000003 22.214736000000006 0.40089711475756229 5.0083333333333337 35.500000000000007 22.463458000000006 0.16938372269540677 26.500000000000004 38.500000000000007 22.042668000000003 21.646976500000005 20.830690500000006 20.852898500000006 29.500000000000004 10.500000000000002 0.26943227663894048 22.758056500000002 23.049445500000004
decision_type=2 2 2 2 2 2 2 2 2 2 2 2 2 2 2 2 2 2 2 2 9 2 2 2 2 9 2 2 2 2 2 2 2 2 10 2 2 8 2 2 2 2 8 2 2 9 2 9 9 2 2 2 2 2 2 2 2 2 2 2 2 2 2 2 2 2 2 2 2 2 2 2 2 2 2 2 2 2
left_child=2 3 6 11 9 13 16 19 17 -3 27 22 24 29 36 61 30 18 42 -6 21 50 -2 43 -11 56 64 46 -14 -4 72 32 -28 49 -20 47 -8 -27 73 66 52 51 -5 48 -36 65 69 -24 -13 70 53 -39 -25 -17 -55 -53 -15 77 -57 -37 -47 -12 63 -40 -10 76 -34 -61 -69 -7 -16 -32 -1 74 -31 -18 -22 -45
right_child=1 4 5 8 7 10 14 -9 26 12 15 23 28 25 33 20 75 -19 34 -21 45 -23 35 40 -26 37 31 -29 -30 38 71 -33 39 -35 44 59 -38 41 62 -41 -42 -43 -44 57 -46 60 -48 -49 -50 -51 -52 55 -54 54 -56 58 -58 -59 -60 67 -62 -63 -64 -65 -66 -67 -68 68 -70 -71 -72 -73 -74 -75 -76 -77 -78 -79
leaf_value=-0.031636188465593323 -0.0050319813380807644 0.032188134592529054 -0.0069068975079401565 0.0080232388577929168 0.076300072277329586 -0.011344780953247131 -0.027825126271420256 0.10158916822343106 0.029323993141687637 0.039478510504915576 -0.0064921648269601921 0.0014811672342599713 0.065683579728889344 -0.018762488466972062 -0.022510234526164328 0.00033305323684458137 -0.032131937707803579 0.033062933086920876 0.027270424559369882 0.060171985544885551 -0.00058137260388726043 0.018884997773813098 0.0014245408603054373 0.0098576084579468214 0.052525415851729658 -0.00064953707220087164 0.02498334396659881 -0.015870844296234324 0.054146892640397452 -0.020952236067203537 -0.042428439765674439 0.040414981996962716 0.034376302966152163 -0.01436552238250265 0.01547043165129619 0.0059117445631384803 -0.023093231719277664 -0.012127385742147492 -0.014353647661113782 0.03887008907477147 0.021575254617957399 -0.012607483819703669 0.017338290914353988 0.012259295506785256 0.024268184211123558 -0.0073209793980026742 -0.00099961275627245328 0.0086493253600134698 0.010428608172630518 -0.015389237272846959 0.010118351082540245 -0.0096666838768696729 0.016969131418522822 0.0080249951726309079 1.0049530259069822e-05 0.00028581296156850275 -0.011331329189687708 0.017038512335695324 -0.0060322461093415009 0.015391164737003804 0.00014309541827792275 -8.109750947672593e-05 -0.018649839040006975 -0.010070481994835553 0.022336634886893813 0.0047139601034006644 0.027525413920914472 0.005310524546792322 0.012669024567278237 -0.0045911631053673916 -0.017789834635257549 -0.037519845536655848 -0.036897517315188692 -0.020038213984094201 -0.012765652944648162 -0.027318759666493945 0.0043631649594098156 0.0071530139099941666
leaf_weight=241 207 216 273 244 386 222 1526 209 251 327 530 209 225 258 1642 381 586 223 428 204 819 211 411 207 243 238 215 207 341 201 773 276 234 333 264 272 804 200 1150 317 396 393 229 538 232 214 296 277 223 201 220 253 535 460 205 248 209 211 424 232 218 202 219 463 206 422 217 222 360 199 247 264 420 494 315 261 215 210
leaf_count=241 207 216 273 244 386 222 1526 209 251 327 530 209 225 258 1642 381 586 223 428 204 819 211 411 207 243 238 215 207 341 201 773 276 234 333 264 272 804 200 1150 317 396 393 229 538 232 214 296 277 223 201 220 253 535 460 205 248 209 211 424 232 218 202 219 463 206 422 217 222 360 199 247 264 420 494 315 261 215 210
internal_value=-3.99299e-05 0.026549 -0.015094 0.0174079 0.0598921 -0.00622363 -0.0276849 0.0787973 0.0268327 0.0487195 9.48802e-05 0.0104365 0.0518627 -0.0121669 -0.0231982 0.0018281 -0.0360641 0.0214119 0.0195521 0.0707236 0.00325318 0.00674595 0.00654165 0.0134875 0.0450406 -0.00885122 0.0319502 -0.00759019 0.0587331 -0.0145331 -0.0387654 0.0340468 0.0322587 -0.020319 0.0231452 0.00789212 -0.0261923 -0.00705961 -0.0152657 0.0342954 0.0172784 -0.00811112 0.0125331 0.0103861 0.0195855 0.000482473 -0.00519954 0.00447978 0.00637556 -0.0212675 0.00477606 -0.00654039 0.0149852 0.00365244 0.00555422 -0.00533239 -0.0151132 0.0121927 -0.00370058 0.0100539 -0.00347397 -0.00472299 -0.0137847 -0.0131242 0.0261743 0.00167205 0.03108 0.011438 0.00986218 -0.00815246 -0.021893 -0.0411788 -0.0349793 -0.0179519 -0.0159546 -0.0306488 0.000446748 0.0108257
internal_weight=27654 9997 17657 7846 2151 10359 7298 799 3336 1352 5021 4510 1136 5338 4753 4097 2545 1620 1397 590 3365 1477 1981 2529 570 2223 1716 924 566 3115 1698 1259 983 2423 924 1774 2330 1756 2842 768 1138 1518 473 1391 496 1888 717 688 432 2090 1266 1125 742 1046 665 925 467 959 672 1086 432 732 1832 1613 457 1456 451 814 582 421 1889 1037 661 1010 516 847 1034 748
internal_count=27654 9997 17657 7846 2151 10359 7298 799 3336 1352 5021 4510 1136 5338 4753 4097 2545 1620 1397 590 3365 1477 1981 2529 570 2223 1716 924 566 3115 1698 1259 983 2423 924 1774 2330 1756 2842 768 1138 1518 473 1391 496 1888 717 688 432 2090 1266 1125 742 1046 665 925 467 959 672 1086 432 732 1832 1613 457 1456 451 814 582 421 1889 1037 661 1010 516 847 1034 748
cat_boundaries=0 1 2 3 4 5
cat_threshold=2060 4672 1219 5127 3080
is_linear=0
shrinkage=0.047679


Tree=14
num_leaves=79
num_cat=1
split_feature=48 48 48 48 48 48 48 9 51 9 9 7 48 51 14 51 9 9 10 30 9 33 6 37 51 54 7 7 2 54 30 51 6 44 43 51 10 16 53 55 34 18 16 6 47 7 9 54 54 55 1 47 55 18 7 55 24 47 34 9 6 41 31 9 53 6 33 6 54 27 22 55 2 7 54 30 32 55
split_gain=4461.73 1290.77 662.653 272.904 145.193 110.052 108.992 65.3118 45.5445 25.6149 23.2384 21.7562 19.4846 19.3551 15.4261 15.058 14.8113 12.7675 10.5007 10.1902 9.94108 9.6815 8.40722 8.11741 7.53192 6.83217 6.41706 6.13609 8.56248 6.16904 6.07651 5.59436 7.67592 5.41864 5.38567 5.2492 5.22587 6.48868 5.73641 5.70037 5.16805 5.15737 5.10867 4.57338 4.38996 4.34264 4.17738 4.15656 4.13176 4.09922 3.85673 3.63436 3.56325 3.46245 3.40454 3.0999 3.07967 2.79736 2.72621 2.71592 2.63517 3.84349 2.55826 2.5448 2.33342 2.32072 2.24891 2.36249 3.34667 2.24063 2.20386 2.13952 2.13127 2.11257 2.03367 2.01479 1.93145 1.91034
threshold=22.485218700000004 24.223783200000003 21.629844500000001 23.070596400000003 25.474422700000005 22.086009300000004 21.006707700000003 23.275083000000006 24.285614633333338 21.405676500000002 22.765401500000003 27.500000000000004 23.773030200000004 22.277081166666672 1.2148768017456246 21.84112823333334 25.083875500000001 22.607954000000003 1.5000000000000002 22.40774 21.878987500000004 22.021412000000002 17.500000000000004 21.704706500000004 21.613352791666674 0.20150128199587636 32.500000000000007 44.500000000000007 11.194761000000002 0.21431911606196846 21.369034000000003 23.300788283333336 9.5000000000000018 22.474640000000004 21.299221000000006 23.863096800000005 1.5000000000000002 -0.12253649999999981 0.38030552167896226 0.47687406882773425 22.988886000000004 22.117553000000004 -0.24885299999999952 11.500000000000002 24.659374500000002 8.5000000000000018 22.484653500000004 0.42084582970926726 0.37600745189987234 0.43307293829989368 0 21.464005500000003 0.22072698239797114 22.318372000000004 26.500000000000004 0.28439238742728007 23.362611000000005 22.512884500000002 22.387738500000001 24.536156000000002 11.500000000000002 22.025727500000006 21.728539500000004 22.9200695 0.12005692006983103 16.500000000000004 22.752620000000004 11.500000000000002 0.33736033479944755 22.062226500000005 21.385646500000004 0.17260603434661911 3.5642480000000005 49.500000000000007 0.067701372133442558 22.825021000000003 21.638972500000005 0.35051048915348315
decision_type=2 2 2 2 2 2 2 2 2 2 2 2 2 2 10 2 2 2 2 2 2 2 2 2 2 2 2 2 2 2 2 2 2 2 2 2 2 8 2 2 2 2 10 2 2 2 2 2 2 2 1 2 2 2 2 2 2 2 2 2 2 2 2 2 2 2 2 2 2 2 2 2 2 2 2 2 2 2
left_child=2 3 6 10 8 15 22 17 14 30 21 -6 25 23 -3 34 44 -5 19 -12 -17 -2 52 -7 65 -9 47 28 41 -30 -8 32 -21 -34 -4 -28 37 38 -27 -39 75 -15 53 -44 -10 -36 55 -14 60 -42 58 -47 74 -23 64 69 -51 -29 -43 -46 61 -22 -56 -35 -53 70 73 -68 -69 -25 -11 -71 -24 -55 -1 -19 -32 -60
right_child=1 4 5 7 11 13 9 12 16 24 18 -13 26 27 -16 20 -18 40 -20 31 48 42 72 46 -26 36 35 57 29 -31 76 -33 33 63 45 -37 -38 39 -40 -41 49 50 43 -45 59 51 -48 -49 -50 56 -52 54 -54 66 62 -57 -58 -59 77 -61 -62 -63 -64 -65 -66 -67 67 68 -70 71 -72 -73 -74 -75 -76 -77 -78 -79
leaf_value=-0.031519028263225488 -0.0032186091937098124 0.048051680636960054 -0.020922411005629176 0.0062644834012229068 0.094831439635915352 -0.011876410849558223 -0.027053839344352092 0.032338053524848961 0.058823079059161454 -0.021885276080174914 0.0035407662478403735 0.073616885359923459 0.03518361332288017 -0.0052015040491689268 0.029301636549312796 -0.012225140762043811 0.065560491501318971 0.011548691741622465 0.020279706435788282 0.019849632997574466 -0.00049184750837801417 0.00064882498608850457 -0.042524718423588126 -0.0060955216663178408 -0.015194004834321121 0.024738943941211674 0.026397656819224895 0.00018963532864863506 0.0033358090861044872 0.01507756802976443 -0.023729963808803187 0.0202139515252606 0.0032519786034814718 0.008494198451559928 -0.018576588688042475 0.036885372636340709 0.030367384657350689 0.023347815519427124 0.013444103301653222 0.033137511650210449 0.017784290227922713 0.00095323384194116864 0.0062748739258603912 0.015765234578485134 0.046783932851310744 -0.0065908990771918214 0.0029240789424581698 0.044614399775796322 -0.0023833438513370018 0.028767128349225568 -0.0003093135244201189 -0.012867428379513183 -0.028415869018306859 0.0062326301652976292 -0.017735213244608229 -0.0073221165342890419 0.020675996131326018 -0.0071247116761943225 0.0044127949262728582 0.054225601695698136 -0.0097886495351392384 -0.009646952852581079 -0.012561670124022921 0.013989018369588942 -0.0064486627409906733 -0.022537510032277636 0.0053677880491227537 0.006209663110220906 0.014406992522316036 -0.0032149326343216223 -0.016957219504085963 0.0030730103091011788 -0.037644486326525339 0.00099464238570921436 -0.036961003066676462 0.017859701342382874 -0.01888331119360339 0.010932200295348716
leaf_weight=259 235 199 259 204 208 300 2088 419 233 359 326 233 211 223 200 1348 352 202 342 215 210 251 306 252 774 201 215 293 200 207 810 203 217 323 332 219 352 383 208 209 372 215 213 252 209 201 212 214 391 209 531 352 286 1004 461 479 219 200 210 239 729 207 411 471 203 896 305 203 256 295 485 211 607 212 393 267 243 199
leaf_count=259 235 199 259 204 208 300 2088 419 233 359 326 233 211 223 200 1348 352 202 342 215 210 251 306 252 774 201 215 293 200 207 810 203 217 323 332 219 352 383 208 209 372 215 213 252 209 201 212 214 391 209 531 352 286 1004 461 479 219 200 210 239 729 207 411 471 203 896 305 203 256 295 485 211 607 212 393 267 243 199
internal_value=9.37368e-05 0.0236462 -0.0154857 0.0162511 0.0597017 -0.00685834 -0.0259808 0.0253743 0.0523348 -0.0226938 0.00880458 0.0836229 0.0298748 -0.000965403 0.0386532 -0.0115078 0.0576194 0.0173357 0.0126367 0.0111473 -0.00923657 0.00606286 -0.0360231 -0.00473779 -0.0191069 0.027018 0.0357679 0.00193095 0.00323142 0.00930767 -0.0255646 0.0128826 0.0116687 0.00992892 -0.0144607 0.0316899 0.0253704 0.0236133 0.0189949 0.026804 0.0191155 0.00143677 0.00687189 0.011418 0.0535148 -0.0136068 -0.00325981 0.0399323 -0.0066155 0.0214452 0.00271845 -0.0125933 -0.0328529 0.00592434 -0.0134388 -0.00431962 0.0246271 -0.00277765 0.00521631 0.050754 -0.00805945 -0.00503647 -0.0152968 0.0117537 -0.0105197 -0.0208475 0.00659311 0.00862033 0.0107816 -0.00242226 -0.0190534 -0.000592885 -0.0392801 0.00531943 -0.0347992 0.0151415 -0.0226115 0.00758483
internal_weight=27642 11005 16637 9132 1873 9131 7506 4104 1432 5655 5028 441 2631 4027 399 5104 1033 1473 2097 1755 2885 2931 1851 1749 2514 1772 859 2278 1785 407 3141 1429 1226 1011 2219 434 1353 1001 409 592 1269 1378 2696 465 681 1960 1449 425 1537 800 1155 1628 938 2231 1427 1237 428 493 624 448 1146 417 872 794 555 1740 1980 764 459 758 844 506 913 1216 652 469 1053 409
internal_count=27642 11005 16637 9132 1873 9131 7506 4104 1432 5655 5028 441 2631 4027 399 5104 1033 1473 2097 1755 2885 2931 1851 1749 2514 1772 859 2278 1785 407 3141 1429 1226 1011 2219 434 1353 1001 409 592 1269 1378 2696 465 681 1960 1449 425 1537 800 1155 1628 938 2231 1427 1237 428 493 624 448 1146 417 872 794 555 1740 1980 764 459 758 844 506 913 1216 652 469 1053 409
cat_boundaries=0 1
cat_threshold=1
is_linear=0
shrinkage=0.047679


Tree=15
num_leaves=79
num_cat=4
split_feature=48 51 48 9 51 49 9 48 49 9 9 9 9 48 48 0 51 9 54 0 8 9 2 51 17 51 49 51 17 0 55 53 59 9 49 48 15 38 54 47 2 17 47 9 56 14 52 51 22 31 24 52 54 30 54 8 17 51 44 29 14 24 7 7 7 7 14 31 49 31 0 7 19 33 8 49 19 44
split_gain=3977.04 1066.72 726.816 238.095 133.459 110.448 89.3334 56.0277 29.8356 28.7731 25.8687 25.136 16.7238 16.5079 15.6307 13.2515 11.9622 10.3609 9.51578 9.2276 9.43517 8.90183 8.77319 8.54619 8.51025 8.27032 8.09354 7.5827 7.50874 5.88066 5.62564 5.54328 5.28647 5.43008 5.24422 5.03481 4.98559 4.89531 4.72466 4.69408 5.91117 4.41519 4.2355 4.00714 4.00221 3.59996 3.59021 3.54305 3.431 3.36405 3.33109 3.30308 3.30123 2.91261 2.80135 2.74529 2.70487 2.66489 2.38231 2.37958 2.24675 2.21701 2.206 3.20235 3.06098 3.03459 2.15492 2.14821 2.08378 1.97541 1.96333 1.86268 1.78218 1.73324 1.65331 1.61329 1.54757 1.65368
threshold=22.608309500000001 24.401052058333338 21.662138200000005 23.224703000000002 22.164621983333337 21.054448300000004 25.754714000000003 23.603042700000007 23.014616750000002 24.781235000000006 21.396375500000005 22.0571175 21.878987500000004 24.362770300000005 23.039084000000003 0 22.649307058333338 22.596056000000004 0.21174888712427095 1 1.5000000000000002 22.765401500000003 10.540192500000002 21.613352791666674 2.8563655000000003 23.622377550000003 25.112553000000002 20.827545666666669 0.98284549999999971 2 0.64255603110821757 0.44338480263715185 5.491666666666668 21.660044000000003 21.317382150000004 22.218976000000005 2.8563126058888559 22.175413000000002 0.48847122402107096 23.374640750000001 9.249916500000003 2.7057015000000004 22.457478500000004 22.572217000000006 0.17052150000000135 3.1507781451950407 0.13377129293264006 22.456401450000001 22.767829000000003 23.060983000000004 23.449484750000003 0.14634688186391551 0.40269101008773972 22.723958000000003 0.1827965194014364 1.5000000000000002 3.0216195000000003 22.32978129166667 22.612072000000001 21.499604500000004 1.7645337711390472 22.623681000000001 38.500000000000007 29.500000000000004 49.500000000000007 12.500000000000002 4.5986709377554442 22.346902000000004 22.431974400000005 21.937431 3 29.500000000000004 21.986387500000003 21.577921000000003 1.5000000000000002 21.996253250000002 21.619451500000004 21.816561000000004
decision_type=2 2 2 2 2 2 2 2 2 2 2 2 2 2 2 9 2 2 2 9 2 2 2 2 8 2 2 2 10 9 2 2 2 2 2 2 10 2 2 2 2 10 2 2 2 10 2 2 2 2 2 2 2 2 2 2 8 2 2 2 10 2 2 2 2 2 8 2 2 2 9 2 2 2 2 2 2 2
left_child=2 3 5 8 12 27 9 14 15 24 34 42 32 18 48 61 29 -10 -9 41 -21 47 43 55 -3 49 -11 -1 38 37 39 -30 33 76 -7 -31 69 -13 46 -20 -41 60 67 -18 57 70 -16 -17 -5 74 -51 -28 -25 -47 -29 -12 -42 -39 -59 71 -14 -2 63 65 -64 -49 -38 -6 -37 -22 -23 -57 -44 -36 -19 -35 -4 -78
right_child=1 6 4 7 11 10 -8 13 17 26 23 16 19 -15 28 21 22 25 30 20 36 45 -24 52 -26 -27 51 54 31 35 -32 -33 -34 75 73 68 66 44 -40 40 56 -43 72 -45 -46 53 -48 62 -50 50 -52 -53 -54 -55 -56 59 -58 58 -60 -61 -62 -63 64 -65 -66 -67 -68 -69 -70 -71 -72 -73 -74 -75 -76 -77 77 -79
leaf_value=-0.037506597936836139 0.0032452124152319451 0.054378769396609662 -0.020383313057761036 0.017177452487785228 -0.005889022539106616 -0.025871851392479772 0.085444019503545812 0.038840246456318908 0.0069530308489237315 0.055571730716463395 -0.014936141958200772 -0.002226863901056753 -0.011938289163397099 0.043552610743715359 0.028890558092843147 0.001071776435393368 0.0019276501042263647 0.015898191867688986 0.035417042381353264 0.0031105107550262068 -0.010552648864893164 0.009672566360792275 0.015764202384313315 -0.015806291306061926 0.042719996673889468 0.025058754508046042 0.070808651545099896 -0.032990803454084401 0.022883882275748193 -0.0073414094623125391 0.021868630026010666 0.013107899715410338 -0.0069043573749397432 -0.012682663096690977 -0.022848804309752602 -0.0017467118489427984 0.0010345649563575138 -0.0011011138605329183 0.0329695463177265 0.022378365644517204 0.035719233992468742 -0.0066260993009641268 -0.012239580289640856 0.0096395913113522056 0.0087646859491807404 0.0048956048393123302 0.021277469578969872 0.0044136197710955066 0.0086300523382547047 0.020172978629334735 0.013078214838102512 0.062269006403525944 -0.00934055660388876 0.012952909436845223 -0.027550336660620425 -0.01988148405576394 0.027896727750091877 0.0057806015698304899 0.00048942676182947608 -0.018025379992755948 -0.01828426614063949 -0.0036652845655051371 0.014638325712802948 0.0015111229047932748 0.00658324324902952 0.010728373482405835 -0.0059133961640247821 0.00027378939977116033 0.0030942529030687652 -0.0064554262971507062 0.016969919558490483 -0.023907031595201734 -0.0062726296230114671 -0.018758939859496483 0.010222050436657408 -0.0083368116456046595 -0.01769699270219997 -0.012210005477335259
leaf_weight=860 221 257 217 229 290 1734 282 287 255 239 235 371 338 289 244 208 433 201 316 251 559 250 213 782 319 261 209 795 387 273 200 200 300 1418 943 532 206 317 202 239 203 247 243 237 305 202 333 302 200 454 225 203 233 206 295 545 199 577 291 590 203 202 213 226 216 405 200 231 326 513 420 502 214 314 278 225 327 202
leaf_count=860 221 257 217 229 290 1734 282 287 255 239 235 371 338 289 244 208 433 201 316 251 559 250 213 782 319 261 209 795 387 273 200 200 300 1418 943 532 206 317 202 239 203 247 243 237 305 202 333 302 200 454 225 203 233 206 295 545 199 577 291 590 203 202 213 226 216 405 200 231 326 513 420 502 214 314 278 225 327 202
internal_value=-6.39569e-05 0.0243797 -0.0134316 0.0176553 -0.00495313 -0.0243265 0.0612456 0.0270358 0.0106807 0.055684 -0.0210645 0.000735012 -0.0102556 0.0331508 0.021132 0.00788937 0.00245888 0.0158015 0.031069 -0.00746241 -0.00540505 0.00912395 0.00733526 -0.017845 0.0479219 0.0173916 0.0625519 -0.0341593 0.0236253 0.00101976 0.0291412 0.0195531 -0.0128701 -0.0136192 -0.024172 -0.00168688 -0.00688777 0.00265946 0.0266939 0.0306611 0.0283165 -0.0117588 -0.00609523 0.00465561 0.00389397 0.0124946 0.0244969 0.00686771 0.0131927 0.0156636 0.017822 0.066601 -0.014322 0.00896376 -0.0315184 -0.0197552 0.0318469 0.00264032 0.00400672 -0.020447 -0.0143195 -5.35695e-05 0.00775284 0.00645168 0.0105826 0.00803098 -0.00238808 -0.00315657 9.26294e-05 -0.00859195 0.0146447 -0.0218116 -0.00944543 -0.0218272 0.0126039 -0.0120875 -0.0169927 -0.0156018
internal_weight=27669 9782 17887 8273 10059 7828 1509 3528 4745 1227 5878 4853 5206 1733 1795 3071 3875 1674 1444 2517 1729 2648 883 2887 576 1419 651 1950 1366 2992 1157 587 2689 2389 2991 1131 1478 1861 779 957 641 788 978 670 1490 1078 577 1570 429 1158 679 412 1015 408 1090 1872 402 1185 868 1637 541 423 1362 933 429 707 406 521 858 1072 670 1047 457 1257 479 1643 746 529
internal_count=27669 9782 17887 8273 10059 7828 1509 3528 4745 1227 5878 4853 5206 1733 1795 3071 3875 1674 1444 2517 1729 2648 883 2887 576 1419 651 1950 1366 2992 1157 587 2689 2389 2991 1131 1478 1861 779 957 641 788 978 670 1490 1078 577 1570 429 1158 679 412 1015 408 1090 1872 402 1185 868 1637 541 423 1362 933 429 707 406 521 858 1072 670 1047 457 1257 479 1643 746 529
cat_boundaries=0 1 2 3 4
cat_threshold=5120 5184 3276 777
is_linear=0
shrinkage=0.047679


Tree=16
num_leaves=79
num_cat=3
split_feature=48 50 50 48 48 48 18 50 50 51 51 48 16 39 18 19 54 18 6 52 6 7 59 38 48 18 55 24 7 6 59 20 0 6 52 6 59 2 14 18 6 18 55 18 6 18 19 55 51 50 7 45 50 52 17 0 34 24 17 47 6 50 0 18 20 7 7 7 6 47 7 6 24 40 7 30 35 46
split_gain=3640.87 852.675 799.859 148.084 137.604 108.14 77.1008 30.3703 29.9825 25.9865 23.1579 22.9199 17.709 14.5075 13.799 13.7877 13.2105 12.6405 11.2935 10.4645 11.2863 10.3083 9.03715 9.09474 8.70011 7.87241 8.14764 7.21558 6.62106 5.9728 5.72052 7.20685 5.65334 6.3192 9.29083 5.17296 4.88459 4.62089 4.60303 4.52729 4.51452 4.49526 4.48717 4.22286 4.13024 6.76218 3.9837 5.20688 3.96715 3.94168 3.66577 3.58296 3.49813 3.48769 3.43531 3.38122 3.31986 2.87179 2.75271 2.62139 2.40578 4.66631 2.35098 2.30286 2.26352 2.17091 2.10007 2.8622 2.06729 2.04677 2.01856 2.29139 1.99592 1.98002 1.93446 1.93215 1.87431 1.82978
threshold=22.777218600000005 21.823223512500004 24.408066375000001 21.293786200000003 23.443721200000002 22.218976000000005 25.415616000000004 23.031708400000003 20.915002850000004 22.638374116666672 21.564569316666667 24.030860300000004 -0.87618000000000051 23.423729000000005 21.879731250000003 25.761459500000004 0.56771749948525618 24.538324500000005 9.5000000000000018 0.72678282897090951 9.5000000000000018 26.500000000000004 5.491666666666668 23.236799500000004 22.431527950000003 22.798524000000004 0.57692071991676064 24.981298500000005 24.500000000000004 14.500000000000002 5.491666666666668 23.162726500000002 0 12.500000000000002 0.090180322922336728 11.500000000000002 5.491666666666668 9.249916500000003 5.5297375492401111 21.020958000000004 13.500000000000002 21.396459750000002 0.320537413270786 22.585328000000001 9.5000000000000018 21.552154500000004 21.425250000000002 0.43619338164834126 22.024774266666672 22.151652175000002 40.500000000000007 22.288600000000006 22.104299125000004 0.24252315738311483 -0.37096499999999993 1 23.162246500000006 21.301758500000002 2.4692245000000006 22.651905000000003 10.500000000000002 22.364424925000005 2 23.275360500000005 21.870342500000003 8.5000000000000018 26.500000000000004 20.500000000000004 11.500000000000002 21.312994000000003 29.500000000000004 16.500000000000004 22.542549000000005 21.845771000000003 28.500000000000004 23.578764000000003 22.137748500000004 22.383085500000004
decision_type=2 2 2 2 2 2 2 2 2 2 2 2 10 2 2 2 2 2 2 2 2 2 2 2 2 2 2 2 2 2 2 2 9 2 2 2 2 2 8 2 2 2 2 2 2 2 2 2 2 2 2 2 2 2 10 9 2 2 8 2 2 2 9 2 2 2 2 2 2 2 2 2 2 2 2 2 2 2
left_child=1 3 4 8 7 14 17 19 29 16 40 18 43 -13 44 -8 24 -4 28 20 -2 -15 23 -20 49 -9 30 -19 -6 -1 31 54 48 34 -34 55 46 -25 -10 -40 41 -5 62 56 -3 -46 -12 65 -16 -7 59 -44 -36 75 -27 -22 72 -42 -35 -37 77 -62 -26 -33 -47 -48 67 -67 -45 -43 71 -59 -11 -68 -64 -30 -50 -51
right_child=2 5 6 10 11 9 15 25 38 12 36 13 -14 21 32 -17 -18 27 22 -21 35 -23 -24 37 42 26 -28 -29 53 -31 -32 63 33 58 52 50 -38 -39 39 -41 57 69 51 68 45 64 47 -49 76 60 -52 -53 -54 -55 -56 -57 -58 70 -60 -61 61 -63 74 -65 -66 66 73 -69 -70 -71 -72 -73 -74 -75 -76 -77 -78 -79
leaf_value=-0.026693154011689497 0.019394095300067461 -0.0044057567355681613 0.043586656853879815 -0.021455097335057391 0.036797022828822655 -0.0062247624188613198 0.06536496085323705 0.011522752486404669 -0.018506175031801814 0.0044110464037849647 -0.019954011173327797 0.02613417259783132 0.016683287523274918 0.048544256538749511 -0.011900563511001957 0.081665201685629782 -0.0083205406634556094 0.049156361513694527 0.013315463919934033 0.0001527433090557254 0.0091140729089974042 0.033943190144949099 0.030970120312982578 0.018382629087066848 0.01045725724213149 0.0087985991040925946 0.026363312288040563 0.059095088325368438 0.026308874728524081 -0.035477384852522019 0.024963612911121025 0.017421101359406208 0.0088685056398356658 -0.00079304989454248066 -0.0067298550342400187 0.0066454349976296095 -0.0079633039365383605 0.0271052728275951 -0.029724401965322295 -0.024774224548386334 -0.024195335041737875 -0.017024677387037071 0.0047917304627419872 0.0038808389405117607 -0.018867389988739797 -0.011499700998867636 -0.017889135657704561 -0.0069933733142729156 -0.0023658128106234921 0.00026030067478927788 0.015607261328606251 -0.0019634087359251154 0.0015631238345072986 0.021942790152307833 0.016498740129032772 0.00070995205935608073 0.0077827560455999891 -0.015074144568794303 -0.006830045796536021 0.012052417310618305 -0.0012328868908549136 0.0054851622329504159 0.0071664022143605706 0.02372239194022838 -0.0074325866756804601 -0.013734457086544841 -0.013878591073668348 -0.0069899309031696607 0.0095097683643697497 -0.010541944010263312 -0.021621837835636801 -0.020076064312867448 -0.0014349918216197374 -0.018399953364486302 0.0020670565519725504 0.032784632861121384 -0.0077426682548779324 -0.0059895692172659961
leaf_weight=206 320 235 368 250 215 261 225 319 200 217 258 239 385 205 349 248 338 304 299 216 227 237 215 232 233 268 333 366 208 1207 221 273 206 219 276 374 306 341 568 1612 438 202 339 210 223 781 350 236 251 215 320 377 199 202 259 218 217 318 795 448 587 392 348 255 517 468 877 206 505 245 801 603 342 294 329 211 357 211
leaf_count=206 320 235 368 250 215 261 225 319 200 217 258 239 385 205 349 248 338 304 299 216 227 237 215 232 233 268 333 366 208 1207 221 273 206 219 276 374 306 341 568 1612 438 202 339 210 223 781 350 236 251 215 320 377 199 202 259 218 217 318 795 448 587 392 348 255 517 468 877 206 505 245 801 603 342 294 329 211 357 211
internal_value=-9.98357e-05 -0.011264 0.0266402 -0.0213569 0.0195299 -0.00144486 0.0579566 0.0140332 -0.0286952 0.00301066 -0.0166006 0.0280812 0.00756704 0.0355979 -0.00701021 0.0739114 0.000655899 0.0506862 0.0254192 0.010099 0.0112256 0.0407152 0.0222149 0.0200562 0.00157754 0.0183652 0.0197218 0.0545856 0.0295857 -0.0341967 0.0179885 0.0165274 -0.00483947 -0.00312201 0.000411945 0.00957852 -0.0136712 0.0235736 -0.0254289 -0.026064 -0.0196716 -0.0163351 0.0040586 0.00521308 -0.0102886 -0.0111975 -0.0143208 -0.0137229 -0.00776758 -0.000843949 0.0112778 0.0012349 -0.00325553 0.027089 0.0125829 0.00521776 0.00277743 -0.0207482 -0.0055262 0.00959231 0.000155619 0.00145708 0.00628031 0.0204643 -0.00987975 -0.0144465 -0.0137934 -0.0116731 0.00785652 -0.0134715 -0.0198714 -0.018349 0.000834401 -0.0150138 0.00462004 0.02957 -0.00552295 -0.00283529
internal_weight=27725 19559 8166 9645 6655 9914 1511 4051 3793 5506 5852 2604 1876 681 4408 473 3630 1038 1923 2123 1907 442 1087 872 3292 1928 1609 670 836 1413 1276 1055 2652 1695 681 1587 2995 573 2380 2180 2857 697 1626 1491 1756 1521 2689 2431 957 1666 1142 716 475 621 527 445 776 2160 1014 822 1405 979 910 528 1298 2195 1845 674 715 447 1722 921 559 1171 677 419 608 426
internal_count=27725 19559 8166 9645 6655 9914 1511 4051 3793 5506 5852 2604 1876 681 4408 473 3630 1038 1923 2123 1907 442 1087 872 3292 1928 1609 670 836 1413 1276 1055 2652 1695 681 1587 2995 573 2380 2180 2857 697 1626 1491 1756 1521 2689 2431 957 1666 1142 716 475 621 527 445 776 2160 1014 822 1405 979 910 528 1298 2195 1845 674 715 447 1722 921 559 1171 677 419 608 426
cat_boundaries=0 1 2 3
cat_threshold=12872 10308 2184
is_linear=0
shrinkage=0.047679


Tree=17
num_leaves=79
num_cat=7
split_feature=50 9 50 9 9 9 48 49 48 9 50 49 38 51 9 6 9 9 20 9 17 9 0 15 50 0 6 0 26 0 6 6 48 14 7 51 14 6 0 14 9 6 7 7 51 55 9 54 0 6 9 47 50 55 21 7 9 0 53 53 52 7 6 6 20 32 20 7 6 20 35 54 7 7 50 54 50 7
split_gain=3330.27 782.516 705.154 140.93 111.913 111.287 102.408 45.938 25.548 24.5539 24.2817 22.3473 20.0164 16.981 14.26 13.7399 13.0745 12.2813 10.1597 10.0372 9.78389 8.84342 8.81645 8.31816 6.9901 6.98108 6.97224 6.89194 6.37949 6.25691 5.93441 8.10043 5.65417 5.28338 4.8481 4.85741 5.40061 4.83392 4.45496 5.58609 4.34293 4.26863 5.73591 5.01854 4.92466 4.11932 3.86765 3.78749 3.77684 3.70313 3.61297 5.85944 3.59689 3.4808 4.07034 3.47575 3.46343 3.26761 3.26364 5.63647 3.1903 3.05587 2.84347 3.2273 2.67458 2.56222 2.53983 4.74925 3.31131 2.38447 2.3653 2.24504 2.12795 2.11335 2.00694 2.56898 1.87545 1.85725
threshold=22.724494337500001 24.330311000000005 21.763066200000001 23.275083000000006 22.092502000000003 21.142061000000002 25.125679400000006 23.617838150000001 25.861165500000002 22.797635000000003 22.304239275000004 21.467473400000003 23.442709000000004 24.401052058333338 20.889401500000002 9.5000000000000018 21.534150750000006 22.250516000000001 22.81582775 22.474532000000004 0.5930810000000003 24.781235000000006 0 4.703848604813186 23.050770650000004 1 12.500000000000002 2 22.532267500000003 3 12.500000000000002 10.500000000000002 21.879357000000002 2.3858428760547317 11.500000000000002 23.622377550000003 3.3889243996989973 8.5000000000000018 4 5.5297375492401111 22.572217000000006 16.500000000000004 11.500000000000002 29.500000000000004 21.65729020833334 0.42758218891024724 23.201487500000002 0.18502150210378229 5 16.500000000000004 23.585904000000003 23.556363000000005 22.104299125000004 0.52326581776564984 23.162460500000005 32.500000000000007 21.346685500000003 6 0.12005692006983103 0.26666751695895369 0.41220178060664053 7.5000000000000009 12.500000000000002 10.500000000000002 21.064272500000005 23.351962250000003 22.152663000000004 32.500000000000007 14.500000000000002 22.829781500000003 22.829719500000003 0.25017832436992643 12.500000000000002 25.500000000000004 21.081532700000007 0.068877717945239073 22.595112300000007 16.500000000000004
decision_type=2 2 2 2 2 2 2 2 2 2 2 2 2 2 2 2 2 2 2 2 10 2 9 10 2 9 2 9 2 9 2 2 2 8 2 2 10 2 9 8 2 2 2 2 2 2 2 2 9 2 2 2 2 2 2 2 2 9 2 2 2 2 2 2 2 2 2 2 2 2 2 2 2 2 2 2 2 2
left_child=2 3 5 9 15 14 12 18 37 17 29 26 -3 23 49 22 -17 -2 -5 48 21 -14 -4 50 69 46 55 -18 -27 52 31 -31 -29 -20 -26 36 45 -8 39 -19 -40 42 -13 57 -43 -36 60 74 58 -1 -9 -52 -6 54 -35 -7 -28 -44 -12 -60 73 -34 63 -45 -49 -56 68 -68 -63 -11 -71 -54 -41 77 75 -16 -75 -21
right_child=1 6 4 7 10 11 8 13 -10 24 19 41 20 -15 47 16 27 38 33 25 -22 -23 -24 -25 34 28 56 32 -30 30 -32 -33 61 53 35 -37 -38 -39 40 72 -42 44 43 62 -46 -47 -48 64 -50 -51 51 -53 71 -55 65 -57 -58 -59 59 -61 -62 66 -64 -65 -66 -67 67 -69 -70 70 -72 -73 -74 76 -76 -77 -78 -79
leaf_value=-0.029090525908140284 -0.0019726160342373282 0.030514260459663264 0.005509404026244228 0.0096617291278232684 -0.0094123752142165305 -0.019026667295834108 0.066454162030333899 0.021948727648007128 0.080647322227858073 0.0087072080838240667 -0.0018585612181354848 -0.018143485867277907 0.043836125488384801 0.042692127031213216 -0.025600334478936861 -0.018324370462017403 -0.014560404431618717 0.016210252039211729 0.013932408398109979 0.0045853389432570259 0.038031742929616204 0.055436645978099143 -0.0065489258397673838 0.036427036384916053 0.011815318443811843 0.01740060088741258 -0.023168023711950529 -0.010199347379250108 0.0057901285548614999 -0.0042828715972311566 -0.0036502064564403608 0.0073714145425146571 -0.011008183035526179 0.015346779197079099 0.01607368490156269 0.025550494776756957 0.012103249738166552 0.057103105650045019 0.0010337621746776941 0.0049954553721345846 0.009380748229026771 -0.019510321960238289 -0.01128156304611498 -0.015795842964406778 -0.010974033199400234 0.02562511102554417 0.010344543210298505 -0.025845528322449875 -0.0011927189702348687 -0.034302640392857284 0.033625011590363768 0.024728497968515683 0.00036517908710956195 0.027891258160369928 0.026175714343721308 -0.011183217444638282 -0.019610532019429243 -0.0036227344617918984 0.010233637057727339 0.0012315143745294133 -0.0014280787052660014 -0.0049742135498114046 -0.016937205575892726 -0.008160302921967847 -0.018612657078462193 0.020019569975973865 0.0029301365692754374 -0.0068729027152704429 -0.010748540642349818 0.016839188692938194 0.010583708324318956 -0.0061267442261337427 0.010433564377780737 0.0005957070872240727 -0.024821052138367796 -0.032616693374725246 0.0060055354601676776 0.0099979692601360037
leaf_weight=465 266 223 237 214 349 279 210 253 207 339 204 474 291 245 211 340 400 325 206 363 220 307 303 262 266 224 1326 1248 207 213 586 373 246 219 212 207 279 313 271 237 297 652 462 243 201 199 236 229 793 929 299 385 229 203 290 238 1172 218 275 372 227 869 492 261 236 327 212 239 305 282 268 257 528 366 355 271 242 239
leaf_count=465 266 223 237 214 349 279 210 253 207 339 204 474 291 245 211 340 400 325 206 363 220 307 303 262 266 224 1326 1248 207 213 586 373 246 219 212 207 279 313 271 237 297 652 462 243 201 199 236 229 793 929 299 385 229 203 290 238 1172 218 275 372 227 869 492 261 236 327 212 239 305 282 268 257 528 366 355 271 242 239
internal_value=1.7854e-05 0.0245149 -0.0112128 0.0172386 -0.00267397 -0.0211626 0.0527779 0.0252252 0.0664694 0.0114072 0.00170229 -0.0175562 0.0431768 0.0312541 -0.0292128 -0.00839922 -0.00939601 0.00753779 0.0192583 0.00396859 0.0466288 0.0497916 -0.00127591 0.0289168 0.0150353 0.00614962 -0.0204559 -0.00853336 0.0115562 -0.00252995 -0.000255275 0.0031353 -0.00768908 0.0209079 0.0174683 0.0191447 0.0172229 0.0608579 0.00906358 0.0108738 0.0053049 -0.0146449 -0.0135127 -0.012203 -0.0174988 0.0206984 0.00465984 -0.0256248 0.0011773 -0.032564 0.0268169 0.0286175 -0.00565191 0.0222909 0.020931 -0.015416 -0.0214989 -0.00904542 0.00336031 0.00505777 0.00375866 -0.00605577 -0.0143588 -0.0118417 -0.0221747 0.0229131 -0.00530605 -0.00226482 -0.00647436 0.0118525 0.0137911 -0.00306779 0.00874882 0.00473171 -0.0275416 -0.0295452 0.00274896 0.00673421
internal_weight=27518 8650 18868 6879 10154 8714 1771 2903 730 3976 5755 6018 1041 1444 2696 4399 3859 1924 1459 3748 818 598 540 1199 2052 2104 3015 3519 431 2007 1172 586 3119 1245 1163 897 690 523 1658 1090 568 3003 2150 1676 853 411 1673 1302 1644 1394 937 684 835 1039 836 517 2498 680 851 647 1437 1871 996 504 465 617 1625 451 1174 889 550 486 765 1210 837 482 608 602
internal_count=27518 8650 18868 6879 10154 8714 1771 2903 730 3976 5755 6018 1041 1444 2696 4399 3859 1924 1459 3748 818 598 540 1199 2052 2104 3015 3519 431 2007 1172 586 3119 1245 1163 897 690 523 1658 1090 568 3003 2150 1676 853 411 1673 1302 1644 1394 937 684 835 1039 836 517 2498 680 851 647 1437 1871 996 504 465 617 1625 451 1174 889 550 486 765 1210 837 482 608 602
cat_boundaries=0 1 2 3 4 5 6 7
cat_threshold=3086 5135 12800 5697 2125 2062 4167
is_linear=0
shrinkage=0.047679


Tree=18
num_leaves=79
num_cat=2
split_feature=48 9 49 50 50 18 9 9 37 51 18 18 54 48 49 9 48 9 9 18 10 5 7 59 50 9 34 56 7 8 7 15 27 18 1 53 1 8 7 50 59 50 5 55 18 4 14 53 51 23 54 19 17 56 52 56 29 53 7 15 31 7 54 37 24 30 47 59 18 24 4 29 27 50 7 31 45 9
split_gain=2988.8 843.356 546.335 149.962 91.8172 91.4029 89.9321 47.1497 34.085 23.0627 22.1807 17.5596 16.1742 17.7078 15.8046 14.2121 13.0546 11.3833 10.655 9.15523 8.70037 10.7895 8.56922 11.5387 7.13814 6.9485 6.79516 7.44292 5.53767 5.72525 11.727 5.36993 5.09442 5.02311 4.98009 4.86665 4.84733 4.80349 4.7356 4.43956 4.24724 4.34587 4.00181 5.76628 5.58638 3.8073 3.79833 3.6111 3.46572 3.43261 3.22116 4.32906 3.15913 2.53389 2.51765 2.44374 2.53777 2.36859 2.23469 2.52079 2.27314 2.22834 2.17282 2.08996 2.07547 1.82984 1.81131 1.79914 2.26088 1.70586 1.48865 1.25412 1.19332 1.19329 1.40517 1.06325 1.05782 0.947197
threshold=22.608309500000001 24.330311000000005 21.693667700000002 23.169529512500002 22.174203675000005 25.415616000000004 21.142061000000002 23.463160500000004 23.400630000000003 24.401052058333338 26.063037000000005 22.057426500000002 0.72863878684144778 23.125826200000002 21.418006400000007 25.083875500000001 20.978446800000004 21.842346500000001 22.701517500000005 23.487186500000004 1.5000000000000002 5.2401790000000013 31.500000000000004 5.0083333333333337 24.408066375000001 21.766417000000004 21.988298500000003 0.17052150000000135 8.5000000000000018 1.5000000000000002 30.500000000000004 3.8213322323158709 23.524585500000004 23.275360500000005 0 0.1416852293426922 1 1.5000000000000002 19.500000000000004 22.645035250000003 5.491666666666668 22.323543225000005 5.0075535000000011 0.55938100452525297 23.275360500000005 5.5522575000000005 5.049034804128401 0.3086905985663671 21.950302150000002 22.878454000000001 0.28843774080363066 21.471314500000002 1.8986955000000003 0.052770500000001171 0.13536639771548198 0.26899900000000093 21.368885000000002 0.20315950981354827 51.500000000000007 2.2769577592069337 22.033022000000006 33.500000000000007 0.26943227663894048 21.844831500000005 22.231053500000005 21.575325250000002 20.916918000000003 5.4750000000000005 21.579858000000005 22.771314000000004 9.249916500000003 21.886058000000002 20.891378000000007 21.106902875000003 32.500000000000007 21.110681500000002 21.355853000000007 21.702465000000004
decision_type=2 2 2 2 2 2 2 2 2 2 2 2 2 2 2 2 2 2 2 2 2 2 2 2 2 2 2 2 2 2 2 8 2 2 1 2 1 2 2 2 2 2 2 2 2 2 8 2 2 2 2 2 10 2 2 2 2 2 2 10 2 2 2 2 2 2 2 2 2 2 2 2 2 2 2 2 2 2
left_child=2 3 6 12 17 8 16 18 -3 19 -7 46 13 20 37 24 45 34 -5 -9 21 36 23 -21 -10 50 -13 40 -19 30 -30 -15 -24 -33 35 -4 -2 -8 48 61 41 64 43 44 -20 -1 -6 -44 -31 -41 65 -52 69 -48 -29 56 75 -26 59 60 -40 -38 73 -61 -28 -16 -47 68 -36 -43 -34 77 -68 -18 -75 -39 -58 -70
right_child=1 5 4 7 11 10 14 9 15 -11 -12 26 -14 31 25 -17 62 28 42 22 -22 -23 32 -25 57 -27 27 54 29 38 -32 33 70 -35 67 -37 39 55 58 49 -42 52 47 -45 -46 66 53 -49 -50 -51 51 -53 -54 -55 -56 -57 76 -59 -60 63 -62 -63 -64 -65 -66 -67 72 -69 71 -71 -72 -73 -74 74 -76 -77 -78 -79
leaf_value=-0.035317113320635217 0.01435398324120913 0.027030003933871713 -0.010759624628747079 0.0072264498328869151 4.3645795768499631e-05 0.059361146958151305 -0.014177471614057607 0.018250249638090067 0.036865574869691747 0.040620818807720387 0.079664109704514083 -0.0055615291551597279 -0.0042035435885277158 0.009471445603524583 -0.017834710102914316 0.055099799991486495 -0.027536987103710234 -0.011679148969653984 0.0088831178202895648 0.025349570777471488 0.014814870177048989 -0.0013746542423021266 0.017190233454744713 0.038889457524621855 0.043164318090222656 -0.0089252114637043984 0.00043607095002717454 0.011997540344305974 -0.0090108341047612471 -0.0069869011094000977 0.005999564507230405 0.01405771299617386 0.023239221581102931 0.023601345792299871 -0.018206615179460404 -0.0036038609001561302 0.0059880213490219967 -0.02531474475675061 -0.010424984871740555 0.0099837890487287466 0.0065500551243223527 0.0021000382979272855 0.025219152117064974 0.021232600976447559 0.017533529668677078 -0.030735723855384946 -0.0098460889153364102 0.01727291647144644 0.0013185176212512934 0.0057518941342567667 -0.017221278151898181 -0.0084305079415314278 0.0070773443667320572 -0.0037459253839913446 0.0054009722265628479 -0.015868678550147199 -0.021382712081840064 0.049961050892783257 -0.011618126856069869 -0.0011348009844340838 -0.0048273163774979104 0.00020745607311810707 -0.020243289069916445 -0.0074548194277083007 -0.0049276360155391585 -0.014892031255731025 -0.024469316489897589 -0.009343965998549442 -0.016499099028869219 -0.0022846704284690497 0.028851028793503562 -0.010192562903521152 -0.029218575112335572 -0.020626800854587381 -0.026147618161785041 -0.021864740075912988 -0.017091950715370365 -0.012550084345787206
leaf_weight=309 250 225 562 263 220 293 274 365 242 244 210 238 217 202 1233 364 277 401 326 342 353 320 221 246 210 381 327 202 220 211 256 259 211 243 217 351 390 246 553 1133 371 1388 245 310 354 897 361 277 249 708 235 278 265 271 377 201 207 262 310 233 235 248 298 243 329 787 215 247 221 236 219 288 273 201 219 1164 354 368
leaf_count=309 250 225 562 263 220 293 274 365 242 244 210 238 217 202 1233 364 277 401 326 342 353 320 221 246 210 381 327 202 220 211 256 259 211 243 217 351 390 246 553 1133 371 1388 245 310 354 897 361 277 249 708 235 278 265 271 377 201 207 262 310 233 235 248 298 243 329 787 215 247 221 236 219 288 273 201 219 1164 354 368
internal_value=-5.24021e-05 0.0211633 -0.0116764 0.0144788 -0.00408666 0.0505737 -0.0208701 0.0216337 0.0439094 0.0269643 0.0678376 0.000824141 0.00848247 0.00915292 -0.0173005 0.0474324 -0.0279855 -0.00844601 0.0160838 0.0248869 0.00772856 0.00690813 0.026842 0.0310142 0.0435235 -0.0149284 0.00223377 0.00276461 -0.00647638 -0.00564518 -0.000938016 0.016036 0.0230736 0.0186774 -0.0109897 -0.00792185 0.00787937 -0.0201263 -0.00674676 0.00713972 0.00178417 0.00108942 0.0176245 0.0158433 0.0133864 -0.0305316 -0.00535209 0.0210025 -0.00249114 0.00835631 -0.0158314 -0.0124575 0.00225049 -0.00723036 0.00770237 -0.0208768 -0.0213875 0.0469371 -0.00799046 -0.00710077 -0.00875563 0.00374103 -0.0236508 -0.0043612 -0.00225396 -0.0166882 -0.0294639 -0.012923 -0.0138492 0.00146285 0.0260973 -0.012771 -0.0271262 -0.0251077 -0.0235055 -0.0224667 -0.0186752 -0.0140318
internal_weight=27551 9752 17799 7946 9750 1806 8049 3623 1303 1848 503 4585 4323 4106 5360 1078 2689 5165 1775 1604 3402 3049 1239 588 714 2914 3733 3495 2911 2510 476 704 651 502 2254 913 2729 2446 2034 2479 2916 2545 1512 990 680 1694 852 522 460 1841 2533 513 1889 632 579 2172 1971 472 1574 1264 788 638 995 476 656 2020 1385 1341 1094 1624 430 877 488 697 420 1410 561 589
internal_count=27551 9752 17799 7946 9750 1806 8049 3623 1303 1848 503 4585 4323 4106 5360 1078 2689 5165 1775 1604 3402 3049 1239 588 714 2914 3733 3495 2911 2510 476 704 651 502 2254 913 2729 2446 2034 2479 2916 2545 1512 990 680 1694 852 522 460 1841 2533 513 1889 632 579 2172 1971 472 1574 1264 788 638 995 476 656 2020 1385 1341 1094 1624 430 877 488 697 420 1410 561 589
cat_boundaries=0 1 2
cat_threshold=17 4
is_linear=0
shrinkage=0.047679


Tree=19
num_leaves=79
num_cat=6
split_feature=50 49 50 9 9 18 9 48 9 9 50 48 9 6 17 10 7 43 18 48 36 6 9 59 6 9 6 16 0 0 38 7 0 17 37 0 6 6 23 55 6 49 9 16 23 19 9 29 0 52 2 41 19 59 29 3 19 36 50 19 30 7 54 9 18 24 52 43 0 7 6 41 19 47 19 6 54 43
split_gain=2706.16 641.887 597.438 127.198 115.392 87.0719 78.2354 31.8188 24.9567 22.9275 17.7384 17.5068 15.0183 14.2701 12.3557 12.1296 11.3086 10.6801 9.75243 8.9912 8.50303 8.43445 10.486 7.72976 7.06874 8.63641 6.78755 8.44957 6.71134 6.00654 6.03589 6.15223 6.00247 5.7433 9.12949 5.64157 5.45068 5.84194 5.4042 5.23921 4.97964 4.76381 4.68444 4.66641 4.33879 4.30499 4.28863 4.20656 3.46964 3.34275 3.16519 3.15224 3.14603 3.09939 3.02893 2.68892 2.65997 2.63833 2.59844 3.10082 2.54591 2.4007 2.74399 2.27066 2.20454 2.12005 1.97023 1.95764 1.84147 1.63699 1.51142 1.50275 1.38668 1.32176 1.26588 1.26052 1.21033 1.18409
threshold=22.724494337500001 24.341392225000003 21.823223512500004 23.224703000000002 21.280914500000005 26.063037000000005 22.092502000000003 23.625075800000005 24.781235000000006 20.889401500000002 21.505098412500001 22.420877800000003 22.228557000000006 8.5000000000000018 0.61030150000000039 1.5000000000000002 31.500000000000004 21.952813500000005 22.798524000000004 22.958355700000002 24.422903250000005 9.5000000000000018 21.618464500000005 5.4750000000000005 9.5000000000000018 22.596056000000004 9.5000000000000018 -1.7845574999999998 0 1 22.379863000000004 18.500000000000004 2 0.38847750000000031 23.167476500000003 3 10.500000000000002 15.500000000000002 22.252904000000004 0.57101399513862761 12.500000000000002 21.054448300000004 21.749215500000002 -0.14770849999999977 23.143915000000003 21.869644500000003 22.9200695 23.525712750000004 4 0.33745369208129544 3.5642480000000005 23.679543500000005 21.652438250000003 5.491666666666668 23.408225000000005 5.0075535000000011 21.396222000000005 23.185993000000003 22.421731025000003 21.9278285 21.699184500000005 12.500000000000002 0.39756057128278893 22.572217000000006 22.152730750000003 21.301758500000002 0.058529856048064939 21.689478000000005 5 24.500000000000004 11.500000000000002 22.4839175 21.641993500000002 22.223588000000003 22.093372500000005 16.500000000000004 0.14305627682103461 22.110324000000002
decision_type=2 2 2 2 2 2 2 2 2 2 2 2 2 2 8 2 2 2 2 2 2 2 2 2 2 2 2 10 9 9 2 2 9 10 2 9 2 2 2 2 2 2 2 10 2 2 2 2 9 2 2 2 2 2 2 2 2 2 2 2 2 2 2 2 2 2 2 2 9 2 2 2 2 2 2 2 2 2
left_child=2 3 4 12 9 8 21 19 20 50 40 17 -2 -10 -15 24 26 67 35 -5 -3 28 72 33 25 -13 -9 -28 -4 30 73 -32 -24 54 -35 43 -26 38 -38 46 56 76 49 61 -41 77 69 -18 -40 60 -1 -49 -44 -43 -21 57 -6 -48 59 -47 70 -14 -63 -37 -31 -42 -62 -8 -54 -20 -12 -66 -23 -19 -61 -52 -11 -34
right_child=1 5 6 7 10 -7 11 16 13 41 42 15 18 14 -16 -17 47 29 39 23 -22 22 32 -25 36 -27 27 -29 -30 64 31 -33 45 34 -36 63 37 -39 48 44 65 53 52 -45 -46 58 55 51 -50 -51 75 -53 68 -55 -56 -57 -58 -59 -60 74 66 62 -64 -65 71 -67 -68 -69 -70 -71 -72 -73 -74 -75 -76 -77 -78 -79
leaf_value=-0.03389747128536786 -0.0014468226964526394 0.02953932239907988 0.0052152033698037231 0.0090337185859087621 -0.016530263109685143 0.078300886863646252 -0.010146295042909681 0.037461563731425812 0.057869552030083996 -0.027317708054911891 -0.011986431311048608 0.0025619217579745299 0.0038596079950389104 0.053143877810732584 0.038122831203268127 0.013949417008888017 0.018251237743749444 -0.0024394426139938835 0.011360978901899976 0.024401302653268231 0.041634873052940231 -0.017812512645183673 -0.013648460737465421 0.025648995464562493 -0.0044900775735094859 0.016354703512427977 0.021916728617847551 0.034743778492636754 -0.0057578985623680367 -0.0051369029106459385 0.00015132603083359779 0.010414857544111493 -0.0097221061650886124 0.0072287540690887915 0.019644951688494474 -0.00032782164512296791 0.011057101482549897 -0.0030148248765221202 0.0049618192469423495 0.022557864096254068 -0.020879230283512424 -0.021640910533751712 -0.0047595226099272393 0.015573301233137219 0.012686428676375861 -0.0007135412723978631 0.014623939535610014 0.021303780582422365 -7.6388550967803202e-05 -0.0079893679533442046 -0.026581463744343684 0.028882274459539253 -0.013571641991481132 -0.016049523811429201 0.017579749046512414 0.017378315703714169 -0.0092867883133810388 0.0082184844769616541 0.00048324423222010141 -0.0077502713311219445 -0.0082984549515260578 0.0062029392560367345 0.013256655169022588 0.0061909435520697206 0.00099142580177508772 -0.017381930201315437 -0.013586777174095578 -0.0043663504352180133 -0.0084035435688381444 0.006887384150632489 -0.016074275897386883 -0.0038822918479231839 -0.012204772169201775 0.0018938911916959371 -0.0044864597260938751 -0.02985896366661038 -0.022763075141360715 -0.0060895572463803881
leaf_weight=313 246 204 210 207 230 204 206 302 335 390 260 211 219 234 266 286 227 290 349 292 375 202 265 367 227 202 235 232 290 321 209 364 642 241 305 208 238 282 923 206 563 1612 246 251 199 275 352 201 475 242 466 329 408 262 300 319 231 250 207 639 257 243 259 292 512 1313 425 377 566 398 983 200 199 357 468 624 201 299
leaf_count=313 246 204 210 207 230 204 206 302 335 390 260 211 219 234 266 286 227 290 349 292 375 202 265 367 227 202 235 232 290 321 209 364 642 241 305 208 238 282 923 206 563 1612 246 251 199 275 352 201 475 242 466 329 408 262 300 319 231 250 207 639 257 243 259 292 512 1313 425 377 566 398 983 200 199 357 468 624 201 299
internal_value=-5.54744e-07 0.0221054 -0.0100781 0.0158728 -0.018444 0.0491812 -0.00151934 0.0228128 0.04498 -0.0248057 -0.0141452 0.00199393 0.00994519 0.0502547 0.0451527 0.00463722 0.027819 -0.000656816 0.0107357 0.0183505 0.0373732 -0.00691853 -0.00781942 0.019632 0.00359606 0.00930803 0.0318913 0.0282891 -0.00116005 0.000831568 0.00308237 0.00667127 -0.00678497 0.0176915 0.0141645 0.00776801 0.00249627 0.00332312 0.0044156 0.012843 -0.0173405 -0.0220363 -0.0119404 0.00987265 0.0177075 -0.00598845 0.0116619 0.0236821 0.00328493 -0.0132709 -0.0296713 0.0260082 -0.00957724 -0.0208592 0.0209444 0.0138392 -0.0129007 0.0119639 -0.0044986 -0.0052448 -0.0139348 0.00802503 0.00984221 0.00341092 -0.00183873 -0.0184315 -0.011594 -0.00640867 -0.010794 0.00897746 -0.0152192 -0.000377597 -0.0150296 -4.8407e-05 -0.00637045 -0.0284578 -0.0257687 -0.00856788
internal_weight=27615 8647 18968 7029 9592 1618 9376 3238 1414 3868 5724 5680 3791 835 500 2844 1526 2836 3545 1712 579 3696 3196 1505 2558 413 769 467 500 2253 1220 573 2795 1138 546 1472 2145 1918 1636 2073 2337 2465 3387 972 405 2530 1668 757 1398 2167 1403 530 1220 1874 592 921 461 602 1589 1382 1925 721 502 500 1033 1876 682 583 974 747 1243 712 401 647 1107 1090 591 941
internal_count=27615 8647 18968 7029 9592 1618 9376 3238 1414 3868 5724 5680 3791 835 500 2844 1526 2836 3545 1712 579 3696 3196 1505 2558 413 769 467 500 2253 1220 573 2795 1138 546 1472 2145 1918 1636 2073 2337 2465 3387 972 405 2530 1668 757 1398 2167 1403 530 1220 1874 592 921 461 602 1589 1382 1925 721 502 500 1033 1876 682 583 974 747 1243 712 401 647 1107 1090 591 941
cat_boundaries=0 1 2 3 4 5 6
cat_threshold=10254 3084 12800 2125 8206 5696
is_linear=0
shrinkage=0.047679


Tree=20
num_leaves=79
num_cat=7
split_feature=50 48 50 48 18 50 48 48 50 8 18 6 7 48 0 53 18 46 48 56 6 25 50 7 6 0 6 20 18 52 55 52 7 19 31 7 0 6 59 55 56 59 20 53 0 0 14 24 0 47 53 53 0 54 27 6 22 6 56 7 14 34 52 53 8 27 24 54 3 54 52 6 29 19 44 54 6 55
split_gain=2539.99 572.603 536.299 102.251 86.351 79.1083 66.5679 24.4532 20.2816 19.3002 16.8217 13.2575 12.0281 10.7732 11.13 9.72109 9.60874 10.0547 8.25148 7.63844 7.21804 7.06586 7.05551 6.41425 6.81168 11.9883 10.0331 6.14893 6.07974 5.97807 5.95033 5.82922 5.73256 5.92567 5.73003 5.64002 5.59037 5.7251 4.94619 4.92794 4.81096 4.73626 4.55622 4.33569 4.29931 3.93505 3.80189 3.79562 3.58888 3.53196 3.5143 3.48784 3.51169 3.4699 3.65759 3.44978 3.41581 3.40342 3.35323 3.30685 3.26635 3.06177 2.97407 2.96839 2.55511 2.27584 2.24513 2.2326 2.20528 2.37073 2.12702 2.0231 2.01594 1.85938 1.85187 1.91375 1.93667 1.83421
threshold=22.724494337500001 24.362770300000005 21.771500062500003 23.232490000000006 21.084567000000003 22.304239275000004 25.474422700000005 23.679131900000005 21.482693100000002 1.5000000000000002 21.879731250000003 15.500000000000002 27.500000000000004 23.052454100000002 0 0.61621053457369579 23.639996500000006 24.495879000000006 22.777218600000005 -0.2385955000000006 8.5000000000000018 22.555645000000002 20.817396050000003 8.5000000000000018 12.500000000000002 1 10.500000000000002 21.957391000000005 21.488823500000002 0.25652693147512673 0.47687406882773425 0.15555864014884521 8.5000000000000018 22.703052500000002 23.300411750000006 27.500000000000004 2 9.5000000000000018 5.4750000000000005 0.29858712464652198 -0.0084870000000005757 5.491666666666668 21.376387250000004 0.26666751695895369 3 4 4.4323431529325203 22.220810000000004 5 22.100962000000003 0.36252144668295566 0.31799400553972196 6 0.36773050738830243 21.922041250000003 12.500000000000002 23.334181500000003 13.500000000000002 0.13688650000000105 31.500000000000004 2.216944738094992 23.329567500000003 0.20931679094251557 0.068305229748860191 1.5000000000000002 22.122213500000004 23.520100000000003 0.26114565227136172 3.7442280000000006 0.23603456571649639 0.11887325725080398 9.5000000000000018 21.993522000000002 21.063889500000005 21.287638000000005 0.40269101008773972 12.500000000000002 0.39858975208626218
decision_type=2 2 2 2 2 2 2 2 2 2 2 2 2 2 9 2 2 2 2 2 2 2 2 2 2 9 2 2 2 2 2 2 2 2 2 2 9 2 2 2 2 2 2 2 9 9 10 2 9 2 2 2 9 2 2 2 2 2 2 2 10 2 2 2 2 2 2 2 2 2 2 2 2 2 2 2 2 2
left_child=2 3 4 13 22 10 9 15 42 20 28 18 -8 14 43 31 -9 19 27 -18 -3 -16 -1 72 25 71 77 -7 -4 -22 59 66 -23 60 -35 -21 37 -29 56 -13 -28 48 64 -2 -20 -30 57 -39 63 51 -49 52 -26 68 -55 -44 -33 62 73 -15 -34 -58 -38 -10 -6 -51 -5 -66 -47 -70 -59 -25 -12 -24 -50 76 -76 -27
right_child=1 6 5 7 8 11 12 16 41 -11 23 39 -14 30 21 -17 17 -19 44 35 29 32 58 24 49 26 40 36 45 -31 -32 38 33 34 -36 -37 46 47 -40 -41 -42 -43 55 -45 -46 53 -48 50 74 65 -52 -53 -54 54 -56 -57 61 70 -60 -61 -62 -63 -64 -65 67 -67 -68 -69 69 -71 -72 -73 -74 -75 75 -77 -78 -79
leaf_value=-0.029510852551941087 0.0066911712598558626 0.049668844385529855 -0.016639820455846513 0.020392495813024679 -0.014460226090159478 -0.0049097479606007247 0.071317890471994716 0.019200263783775109 -0.012342452399482317 0.03197992342019871 -0.012326262626536355 0.00019716969478567484 0.055306692999508189 0.014482832106425855 0.01582404995105231 0.0094081896187684384 0.019931245124670434 0.037174209758005797 0.0042127620267880458 0.034314730602965422 0.034718744520858436 0.0033988730235513507 -0.025968875028012536 -0.0040996728588369178 -0.00049747117241406695 -0.0062070385507726174 0.0017077461044198053 0.012684613693108681 -0.013062014612899195 0.045933980702641708 0.019665203594236652 0.018848210334409227 0.0038221236348435017 0.010270695410478104 0.019086556020575681 0.024937484765211512 2.8410419845143508e-05 0.010012056264096405 0.022609099911462222 -0.0099052216680288879 0.010305828428896971 -0.0069836892553971587 -0.010609383813935213 -0.0024173499425045679 0.012825105817506371 -0.0040743828168627889 0.0061602191108410687 0.0045028007618857042 -0.018550274480596492 -0.0054850479288023743 -0.0020576043462902324 -0.011792981644578067 -0.0077799340984820902 0.00072298090075566268 -0.0080626506872169181 -0.016926773968889103 0.0080230842979658774 8.067973219074192e-05 -0.018968747056288759 0.0070027613868834677 0.011223305700557544 0.015858825313631964 -0.0064916776915490788 -0.0043975305415363411 -0.020511469303689862 5.0809751579083346e-05 0.026270672239923541 -0.016036233678391708 -0.0081272623425675729 -0.013428292188565515 0.0055430517683578203 -0.010672961297919769 -0.006213169260681356 -0.021144933004314505 -0.012079759165498541 -0.0095526862139151437 -0.015363387072944842 -3.0466022257671112e-05
leaf_weight=887 216 397 226 353 223 235 202 370 231 374 224 203 226 338 373 272 322 221 303 260 200 379 1042 202 240 241 290 206 362 235 319 321 408 725 218 332 492 203 265 239 302 303 243 264 283 204 291 738 199 327 248 264 442 219 212 1027 201 342 239 223 203 260 235 199 1694 349 254 298 731 260 308 225 271 220 620 222 1196 200
leaf_count=887 216 397 226 353 223 235 202 370 231 374 224 203 226 338 373 272 322 221 303 260 200 379 1042 202 240 241 290 206 362 235 319 321 408 725 218 332 492 203 265 239 302 303 243 264 283 204 291 738 199 327 248 264 442 219 212 1027 201 342 239 223 203 260 235 199 1694 349 254 298 731 260 308 225 271 220 620 222 1196 200
internal_value=-1.70877e-05 0.0212624 -0.0098162 0.0154036 -0.0183932 -0.00231923 0.0467092 0.0213193 -0.0155275 0.0409762 -0.00596324 0.00255881 0.0628634 0.00986704 0.00841441 0.0177611 0.0258728 0.028048 0.00344921 0.0258413 0.0450202 0.0097735 -0.0261395 -0.00394155 -0.0031324 -0.000769818 0.00201881 0.00252286 -0.00922953 0.0407776 0.0144659 0.0191348 0.00865652 0.0099388 0.0123087 0.0290559 0.0030931 0.00530837 0.0169796 -0.00526544 0.00609393 -0.0126325 -0.0179948 0.00164717 0.00866272 -0.00838712 0.00120138 0.00407505 -0.0132743 -0.00525902 0.00285272 -0.0071398 -0.00533856 -0.00722159 -0.00359849 -0.015718 0.0150719 0.000162154 -0.0241472 0.0115095 0.00628111 0.0124424 -0.00207918 -0.00846867 -0.0193002 -0.00262704 0.0228522 -0.019842 -0.00858876 -0.00951805 0.002669 -0.00739028 -0.0089795 -0.0251279 -0.0140971 -0.0137315 -0.0142423 -0.00340587
internal_weight=27691 8731 18960 7097 8843 10117 1634 3431 6455 1206 5791 4326 428 3666 2786 1926 1505 1135 3884 914 832 2306 2388 3577 3082 1460 1033 3298 2214 435 880 1654 1933 1554 943 592 3063 1395 1047 442 592 2970 3485 480 586 1988 1668 1189 2667 1622 986 946 682 1626 431 1270 782 1377 1501 561 611 461 727 430 2215 676 607 1992 1195 991 650 427 495 1262 2237 2038 1816 441
internal_count=27691 8731 18960 7097 8843 10117 1634 3431 6455 1206 5791 4326 428 3666 2786 1926 1505 1135 3884 914 832 2306 2388 3577 3082 1460 1033 3298 2214 435 880 1654 1933 1554 943 592 3063 1395 1047 442 592 2970 3485 480 586 1988 1668 1189 2667 1622 986 946 682 1626 431 1270 782 1377 1501 561 611 461 727 430 2215 676 607 1992 1195 991 650 427 495 1262 2237 2038 1816 441
cat_boundaries=0 1 2 3 4 5 6 7
cat_threshold=13440 4928 2250 1031 4672 2056 7
is_linear=0
shrinkage=0.047679


Tree=21
num_leaves=79
num_cat=7
split_feature=48 9 50 9 9 9 49 50 50 50 19 9 0 54 48 50 20 18 9 6 7 0 52 9 9 16 16 10 0 36 8 48 55 0 29 7 42 34 17 7 7 55 6 30 49 7 0 6 17 53 59 46 54 18 53 29 47 0 30 52 7 16 42 16 7 7 25 0 46 6 53 7 40 52 33 6 28 54
split_gain=2255.16 639.314 418.761 119.555 78.3982 76.1485 69.4612 40.2644 39.0102 15.6676 13.3152 13.2432 13.0668 15.627 12.6866 10.8932 10.8332 10.6986 10.6756 9.63938 9.5319 9.53181 8.21789 7.29265 6.5641 6.35768 6.30193 9.50055 6.22873 5.80412 5.57357 5.52018 5.40902 5.36548 5.14074 5.07825 6.4756 4.84258 4.1753 4.05622 4.89841 5.38747 3.76798 3.61987 3.49296 3.81251 3.47655 3.24064 3.0299 2.99756 2.94843 3.03657 3.77845 2.93264 2.90657 2.77502 2.54123 3.74185 2.39594 2.21639 2.156 2.01207 2.67737 2.00373 1.96493 3.41656 2.24009 1.94511 2.13484 1.85434 2.87345 1.70382 1.68007 1.64393 2.4448 1.76007 1.59784 1.4942
threshold=22.608309500000001 24.330311000000005 21.716586000000003 23.178624000000003 26.061347000000001 22.069127500000004 21.206315000000004 23.599879275000003 24.408066375000001 22.174203675000005 21.385909000000002 22.349563500000006 0 0.34799747275937432 22.990381600000003 24.408066375000001 22.800649000000003 25.086495500000002 20.931907000000006 9.5000000000000018 25.500000000000004 1 0.090180322922336728 21.692063500000003 21.869082500000001 3.6062065000000008 3.1933920000000007 1.5000000000000002 2 23.281688500000005 1.5000000000000002 22.420877800000003 0.37251388926232926 3 23.295974000000005 31.500000000000004 23.711034500000004 22.829257000000002 2.1060045000000005 11.500000000000002 26.500000000000004 0.42758218891024724 9.5000000000000018 22.677119000000001 21.859430200000006 40.500000000000007 4 16.500000000000004 1.0652495000000004 0.56345664989693833 5.491666666666668 21.256395500000004 0.23603456571649639 21.552154500000004 0.38386184178725585 21.348638500000003 21.995085000000007 5 22.161449000000001 0.41220178060664053 8.5000000000000018 -1.1307035000000007 22.540222500000002 -6.8486949999999984 30.500000000000004 12.500000000000002 21.979560500000002 6 21.509994000000003 13.500000000000002 0.23020473916548131 47.500000000000007 22.398310500000004 0.40126940390466265 22.117275000000003 12.500000000000002 20.852898500000006 0.12870123561991123
decision_type=2 2 2 2 2 2 2 2 2 2 2 2 9 2 2 2 2 2 2 2 2 9 2 2 2 8 8 2 9 2 2 2 2 9 2 2 2 2 8 2 2 2 2 2 2 2 9 2 10 2 2 2 2 2 2 2 2 9 2 2 2 8 2 10 2 2 2 9 2 2 2 2 2 2 2 2 2 2
left_child=2 3 6 11 8 19 18 16 20 30 55 49 13 -11 28 35 -5 38 47 33 -3 48 -18 50 53 -19 27 29 -13 54 -7 56 -28 -4 46 36 -9 43 -10 -39 -41 -42 -37 -16 -26 58 -30 76 -21 -2 51 -12 -53 -23 -24 -8 -14 -58 -46 63 -20 -48 -63 -33 65 -32 -66 -25 -69 70 -59 77 -71 74 75 -55 -1 -62
right_child=1 4 5 7 -6 9 10 15 17 12 23 14 31 -15 37 -17 22 25 60 21 -22 24 26 67 44 -27 32 -29 34 -31 64 59 -34 -35 -36 42 -38 39 -40 40 41 -43 -44 -45 45 -47 61 -49 -50 -51 -52 52 -54 73 -56 -57 57 69 -60 -61 71 62 -64 -65 66 -67 -68 68 -70 72 -72 -73 -74 -75 -76 -77 -78 -79
leaf_value=-0.020464975903395161 0.003299586571983253 0.0370166368654564 0.004480298637774118 0.0064446627480702076 0.071387208644789049 0.0030876699424871039 -0.019291195485598933 0.031663905851986661 0.046199055547469711 0.0029187568679463834 -0.019085065005611367 0.00016062316745661927 -0.0049610279378935031 0.019744371845568723 0.0032362448574826692 0.03470543593288964 0.023622444948957277 0.043494252245507778 -0.025209864277655453 -0.015540347596853882 0.023912623719487269 -0.014322785381272437 0.0097191392604935277 -0.0039862369662196449 -0.0102809069477736 0.054133912171374109 0.014864354884951742 0.019208205132161277 0.012348629126443923 0.015562744438385991 -0.0080102216311810741 0.0027504609136200973 0.025219515749156318 -0.0053721115474886574 0.01334211940893729 0.023794737270417501 0.021834587104626116 0.0084403580108785431 0.03744478121665553 0.021377832729388559 0.0080143499245366803 0.017325013274816368 0.016477893542006277 0.011547733010084767 -0.0074295079439283401 0.00010082083079204085 0.0020109142844583622 -0.02843443515429726 -0.0092726240238312722 -0.0041728354156650967 -0.0090319274690650996 -0.014815968432815766 -0.0088602418763132802 -0.0057163104401664411 0.0015802926305250324 -0.015825809087152504 -0.0035389459792308222 0.0064080993716892415 -0.0016854753122367129 -0.0012159010707518624 -0.020711056278377007 0.010026501087022533 0.0052013492477880644 0.0068881951789548966 -0.010932557401603793 -0.00026600786442225628 -0.0045770094480567644 -0.014158246402665583 -0.0079182764970971136 0.0018028612215707895 -0.000256074612466516 -0.023605743649282151 -0.0036636349721230334 -0.012448557876392177 -0.004069204639192415 -0.0098332461546059742 -0.025845278408290796 -0.01658808941776329
leaf_weight=201 306 224 199 296 211 216 1186 296 199 334 303 329 265 201 209 233 291 201 217 526 289 216 200 202 223 350 267 316 207 203 214 815 201 308 282 360 314 250 328 224 261 308 288 277 544 387 287 984 263 203 235 1678 283 312 199 943 450 326 237 209 473 347 1060 395 230 328 279 208 311 305 268 231 220 206 303 970 334 346
leaf_count=201 306 224 199 296 211 216 1186 296 199 334 303 329 265 201 209 233 291 201 217 526 289 216 200 202 223 350 267 316 207 203 214 815 201 308 282 360 314 250 328 224 261 308 288 277 544 387 287 984 263 203 235 1678 283 312 199 943 450 326 237 209 473 347 1060 395 230 328 279 208 311 305 268 231 220 206 303 970 334 346
internal_value=5.54221e-05 0.0184183 -0.0100234 0.0126484 0.0440788 -0.0033588 -0.0180103 0.0193227 0.0404571 0.00070179 -0.0148307 0.00756717 0.00223694 0.00907062 0.00848009 0.0252359 0.014854 0.0456074 -0.0241151 -0.00773167 0.0296345 -0.00848352 0.0163383 -0.0128964 -0.00730856 0.0502527 0.014809 0.0125134 0.00639584 0.00899925 -0.00388791 0.00108184 0.0193118 -0.00152258 0.00730137 0.023482 0.0266042 0.0119043 0.0407505 0.0137359 0.0154054 0.0130542 0.0205428 0.00797345 -0.0048129 -0.00376892 0.00644367 -0.0268106 -0.0132828 0.000319426 -0.0141152 -0.0146429 -0.0139565 -0.00907466 0.00565992 -0.0177563 -0.000642477 8.69155e-05 -0.00568644 0.00331807 -0.0208834 0.00561606 0.00639135 0.00410121 -0.00532152 -0.00332369 -0.00744887 -0.0086721 -0.0102221 0.0015627 0.00340137 -0.0199893 -0.000487862 -0.00844172 -0.00792095 -0.00883131 -0.0238239 -0.0189692
internal_weight=27700 9816 17884 8014 1802 9749 8135 3464 1591 5055 5349 4550 3788 535 4041 1491 1973 1078 2786 4694 513 4187 1677 3220 3398 551 1386 918 2512 602 1267 3253 468 507 2183 1258 610 1529 527 1043 793 569 648 486 1391 1168 1901 1519 789 509 2499 2264 1961 2007 399 2129 1834 1569 781 1419 1267 1694 1407 1210 1051 542 509 721 519 1119 594 1050 525 1791 1585 1282 535 819
internal_count=27700 9816 17884 8014 1802 9749 8135 3464 1591 5055 5349 4550 3788 535 4041 1491 1973 1078 2786 4694 513 4187 1677 3220 3398 551 1386 918 2512 602 1267 3253 468 507 2183 1258 610 1529 527 1043 793 569 648 486 1391 1168 1901 1519 789 509 2499 2264 1961 2007 399 2129 1834 1569 781 1419 1267 1694 1407 1210 1051 542 509 721 519 1119 594 1050 525 1791 1585 1282 535 819
cat_boundaries=0 1 2 3 4 5 6 7
cat_threshold=2048 12864 5120 10254 705 13057 3080
is_linear=0
shrinkage=0.047679


Tree=22
num_leaves=79
num_cat=6
split_feature=48 48 48 48 48 51 49 20 48 39 20 0 8 51 19 0 6 0 56 48 47 53 52 28 17 55 19 34 3 3 35 6 22 7 6 45 17 17 14 47 7 0 50 55 7 53 7 50 40 7 28 55 49 49 7 27 0 20 45 0 48 17 6 14 32 47 7 53 7 59 7 43 28 49 36 7 7 52
split_gain=2024.23 547.619 373.367 91.5507 71.6335 64.1006 56.6324 25.7659 20.0096 17.9985 12.1057 11.8903 11.6808 10.2003 9.53018 9.18715 9.17927 8.59385 7.60017 7.54684 7.6011 7.21567 6.15647 6.17941 5.93305 5.77414 5.72751 5.6875 5.36615 5.32511 7.03632 6.0424 7.50265 4.79889 4.76198 4.65216 4.64614 4.58919 4.56654 4.47874 4.45248 5.27324 6.70389 4.48512 4.30269 4.22264 4.45969 7.18454 4.1387 4.07813 3.33824 3.25398 4.25491 3.02736 3.01814 2.93376 2.8815 2.80504 2.72046 2.63627 2.57403 2.40698 2.33275 2.23196 2.2232 2.15351 2.07417 2.01463 2.0008 1.734 1.73387 1.65222 1.57941 1.53209 1.40254 1.3449 1.95415 1.19324
threshold=22.608309500000001 24.154118350000005 21.684111650000006 23.070596400000003 25.125679400000006 22.10340470833334 21.194952000000004 26.076946500000002 23.625075800000005 23.493296000000004 22.007867500000003 0 1.5000000000000002 21.509979108333336 20.775397500000004 1 13.500000000000002 2 0.17052150000000135 24.608421000000003 24.902162500000003 0.3086905985663671 0.42973622524878635 23.477577000000004 4.0999225000000008 0.26658908182704905 22.412321000000002 22.408401500000004 5.0075535000000011 2.7871270000000004 23.883754500000006 8.5000000000000018 23.063034000000005 33.500000000000007 12.500000000000002 24.434537000000002 1.6514980000000001 -0.17988449999999975 2.8020631743147724 22.762989000000005 12.500000000000002 3 23.112558675000002 0.5411993452977294 16.500000000000004 0.13273640120529273 30.500000000000004 21.976111525000004 23.148232500000002 33.500000000000007 22.064058500000005 0.23999496664444314 21.019327825000001 22.365212750000001 47.500000000000007 22.807217500000004 4 21.376387250000004 22.853965000000006 5 22.376867850000004 2.9003565000000004 14.500000000000002 8.0288201167055639 21.555919500000002 22.478360500000004 45.500000000000007 0.21948463712217328 40.500000000000007 5.0083333333333337 32.500000000000007 21.666882500000003 21.822760000000006 21.914991350000005 21.827673000000004 14.500000000000002 38.500000000000007 0.05295386542432251
decision_type=2 2 2 2 2 2 2 2 2 2 2 9 2 2 2 9 2 9 2 2 2 2 2 2 8 2 2 2 2 2 2 2 2 2 2 2 10 10 10 2 2 9 2 2 2 2 2 2 2 2 2 2 2 2 2 2 9 2 2 9 2 8 2 8 2 2 2 2 2 2 2 2 2 2 2 2 2 2
left_child=2 3 6 15 9 11 14 21 16 -3 59 34 -13 57 -1 63 29 25 27 35 -21 -6 23 -10 -25 70 -17 50 -18 -5 31 -31 -33 -24 38 -11 44 64 74 61 56 49 43 55 -29 72 47 67 -34 -42 -19 52 62 -46 60 -43 -28 -8 -58 -7 -52 -20 -16 -2 -15 -61 69 -47 -48 71 -12 -66 -14 -70 -4 -54 -77 -74
right_child=1 4 5 8 7 10 13 -9 22 19 17 12 45 37 51 26 28 18 39 20 -22 -23 33 24 -26 -27 40 36 -30 30 -32 32 48 -35 -36 -37 -38 -39 -40 -41 41 42 -44 -45 53 46 68 -49 -50 -51 54 -53 75 -55 -56 -57 58 -59 -60 65 -62 -63 -64 -65 66 -67 -68 -69 73 -71 -72 -73 77 -75 -76 76 -78 -79
leaf_value=-0.027353456508200643 0.0032424360654240043 0.019892688000860831 -0.015867805711792003 0.022003965929386918 0.051307345715238789 -0.000632969286189128 -0.01738484060482012 0.066405316899535147 0.016565438771896309 0.026685101731125586 0.00338434705494061 0.0016757483962935747 -0.010449381378714734 -0.015303133687138103 -0.020514724355460461 0.0007448650992076132 0.0052152048530204227 -0.0065567884904133887 0.0084090394117350715 0.045321831318143373 0.033290595806907193 0.040257420348329631 0.021791727725992003 0.02989178900208915 0.02107861933163126 -0.0064462021990789667 -0.00021101197427366957 -0.0017711916193331465 0.014428585772900645 0.019406138421851876 0.021902379358868563 0.017974872713496032 0.0060927882153921521 0.012411362361880427 -0.016504974517647358 0.035872265684598593 0.0094902765482749538 -0.0070958035497013681 -0.0050745684600637785 0.012911689736128839 0.019037512415520652 0.0061216380808946985 0.015815380753785035 0.00036553763723692445 0.009209987604891192 -0.0024088759132491386 -0.011782034710065368 -0.0079814328917969177 0.012913279232593543 0.010213279748525837 -0.00063944847199993342 -0.016923601382109032 -0.022371844541234111 0.002436840136539515 -0.0051020597110265371 0.010627947189495493 0.0034031995670510164 -0.014494698977312896 0.010549521524588905 -0.0042351187350589507 0.0047509851638580045 0.0015351893805255312 -0.025616378322710021 -0.0030203060760852986 -0.014529375567727626 -0.0098228642642755031 -0.015372010332905748 0.0040403407662472635 -0.0092791810604615898 -0.0078434717296688161 -0.0019407946885495024 -0.0097818064833298749 -0.0047186467393020258 -0.0038984442303282817 -0.010221142213361543 -0.01462318773349436 -0.020643563094239023 -0.0086743248355736543
leaf_weight=745 314 201 199 280 302 269 1701 200 209 241 277 386 750 573 297 263 338 207 199 261 220 242 251 384 317 475 203 413 250 319 276 336 405 245 368 261 235 382 278 200 205 916 210 216 206 200 226 351 404 284 568 359 202 552 209 512 257 1385 229 395 312 277 649 220 325 260 277 245 221 324 279 342 256 264 201 236 255 537
leaf_count=745 314 201 199 280 302 269 1701 200 209 241 277 386 750 573 297 263 338 207 199 261 220 242 251 384 317 475 203 413 250 319 276 336 405 245 368 261 235 382 278 200 205 916 210 216 206 200 226 351 404 284 568 359 202 552 209 512 257 1385 229 395 312 277 649 220 325 260 277 245 221 324 279 342 256 264 201 236 255 537
internal_value=-3.63665e-05 0.0174122 -0.00957854 0.0118158 0.0401781 -0.00333579 -0.0171881 0.0517718 0.016847 0.0328929 0.000196555 -0.00753882 -0.00612081 -0.014314 -0.022751 0.00654152 0.0143753 0.00123648 0.00239599 0.0355511 0.039819 0.0463918 0.0214318 0.023761 0.0259064 -0.00256096 0.00747165 0.00127188 0.00913246 0.0159014 0.0149194 0.0136029 0.0119861 0.0171583 -0.0120234 0.0314617 0.00337205 -0.0118516 -0.00976826 0.00692454 0.00807978 0.00907059 0.00775167 0.00676879 0.00214423 -0.00712759 -0.00533245 -0.00288112 0.00949882 0.0136338 -0.00100655 -0.0210349 -0.0219355 0.00427757 4.84573e-05 0.00773735 0.00471048 -0.0160877 0.006634 -0.0047656 0.00127171 0.00440892 -0.0240147 0.000650106 -0.0128384 -0.00635612 -0.0117246 0.00114182 -0.00807684 -0.0107051 0.000712199 -0.0120951 -0.00888083 -0.00635029 -0.0130304 -0.0190971 -0.0177499 -0.00739734
internal_weight=27638 9771 17867 7843 1928 9815 8052 744 4014 1184 5333 4482 3436 5309 2743 3829 2608 4409 3378 983 481 544 1406 910 701 1031 3295 2702 588 2020 1740 1464 1145 496 1046 502 1406 2223 678 676 3032 2343 1854 1644 1171 3050 1507 796 809 489 1296 1998 1639 758 1089 1428 689 3086 486 924 880 476 946 534 1841 655 1268 445 711 991 556 667 1543 485 400 693 491 793
internal_count=27638 9771 17867 7843 1928 9815 8052 744 4014 1184 5333 4482 3436 5309 2743 3829 2608 4409 3378 983 481 544 1406 910 701 1031 3295 2702 588 2020 1740 1464 1145 496 1046 502 1406 2223 678 676 3032 2343 1854 1644 1171 3050 1507 796 809 489 1296 1998 1639 758 1089 1428 689 3086 486 924 880 476 946 534 1841 655 1268 445 711 991 556 667 1543 485 400 693 491 793
cat_boundaries=0 1 2 3 4 5 6
cat_threshold=4672 5120 13057 2112 10497 10
is_linear=0
shrinkage=0.047679


Tree=23
num_leaves=79
num_cat=7
split_feature=50 9 9 9 9 51 49 49 50 9 0 8 7 9 50 14 9 18 49 55 7 15 7 53 0 54 52 2 7 55 59 0 59 53 16 47 29 9 9 7 40 38 7 9 59 52 17 28 50 53 9 46 28 42 32 55 28 14 28 7 53 0 7 54 0 30 43 43 0 30 53 8 0 54 17 52 47 53
split_gain=1836.73 520.091 317.25 121.855 65.446 61.5974 51.6554 34.7187 27.1248 16.2461 12.3377 13.9265 21.3687 10.8106 10.6875 9.476 9.37174 9.27754 8.54396 7.91893 7.33336 6.79778 6.74553 12.4071 6.45249 8.64545 6.31394 5.84826 5.84119 6.45889 5.5255 6.96594 5.45862 4.98231 4.9966 4.82946 4.74731 4.67778 4.42074 4.35894 4.34301 4.24824 4.1229 4.10207 3.9878 3.56307 3.15927 3.12561 3.12351 3.01231 2.79696 2.74679 2.62149 2.59494 2.4954 2.48189 2.47345 2.42628 2.21493 2.72471 2.13549 2.76709 2.05035 2.32478 1.88961 1.85361 1.63274 2.68603 2.49994 1.62461 1.59036 1.8538 1.56883 1.47943 1.47916 1.40643 1.56004 1.35371
threshold=22.565940925000003 24.389993500000006 21.618464500000005 23.138183500000004 26.061347000000001 22.10340470833334 21.099169225000004 23.617838150000001 24.408066375000001 22.151654750000002 0 1.5000000000000002 30.500000000000004 21.302111500000006 24.491159000000003 1.2148768017456246 23.201487500000002 22.798524000000004 25.112553000000002 0.19748193150868179 50.500000000000007 4.703848604813186 37.500000000000007 0.44338480263715185 1 0.12870123561991123 0.23471347380641291 11.194761000000002 8.5000000000000018 0.57101399513862761 5.491666666666668 2 5.4750000000000005 0.65983066363468423 -0.17638500000000021 23.784559500000004 21.574646000000005 20.775112000000004 21.967254500000006 21.500000000000004 24.889752500000004 21.027631500000002 20.500000000000004 22.217980500000003 5.4750000000000005 0.49136047792389864 3.2185555000000008 22.822197000000003 22.314092325000004 0.34768657440507983 21.020160000000004 23.224046500000004 22.132883000000003 21.688589000000004 23.968293000000003 0.24503606858295904 23.152328500000007 2.8020631743147724 22.760239500000001 27.500000000000004 0.12005692006983103 3 39.500000000000007 0.3345205455762128 4 21.388720250000002 22.209562000000002 22.027215500000001 5 21.945959000000006 0.28176507525954558 1.5000000000000002 6 0.10733945168103497 2.7057015000000004 0.039942593470324722 20.895847500000006 0.34343375529837722
decision_type=2 2 2 2 2 2 2 2 2 2 9 2 2 2 2 10 2 2 2 2 2 10 2 2 9 2 2 2 2 2 2 9 2 2 10 2 2 2 2 2 2 2 2 2 2 2 8 2 2 2 2 2 2 2 2 2 2 10 2 2 2 9 2 2 9 2 2 2 9 2 2 2 9 2 10 2 2 2
left_child=2 3 6 9 8 10 37 19 15 -2 74 12 -12 41 21 -3 20 33 40 -5 24 27 32 57 25 -7 -20 35 -19 39 43 -32 42 34 45 49 70 -1 60 -30 -10 -8 51 66 53 58 -22 -36 -48 -9 -43 -21 -45 -40 -29 75 -44 -24 72 -60 69 -62 63 -38 -41 -52 67 -26 -68 -13 71 -15 -11 -73 77 76 -39 -4
right_child=1 4 5 7 -6 16 13 14 18 17 11 38 -14 36 -16 -17 -18 28 26 22 46 -23 23 -25 30 -27 -28 54 29 -31 31 -33 -34 -35 47 -37 62 55 44 64 -42 50 56 52 -46 -47 48 -49 -50 -51 65 -53 -54 -55 -56 -57 -58 -59 59 -61 61 -63 -64 -65 -66 -67 68 -69 -70 -71 -72 73 -74 -75 -76 -77 -78 -79
leaf_value=-0.025962505571179517 -0.0043185543085255329 0.034862080155692775 -0.011840126783909815 0.020856373177420565 0.064686285658420981 -0.0018959959978842838 -0.010364166062701529 0.023329964080048064 0.040295856223378966 -0.00025476493359666757 -0.0084956837015602634 -0.010078511506445998 0.011859173601506701 -0.010640696039114505 0.032668935402874445 0.021069162744812003 0.01014346462343901 0.003959994120541559 0.049371109232517731 0.005575694669831213 -0.0096684069295243646 0.027736062505623278 0.017468373666958224 0.00036329516369288262 -0.00466327865091027 0.0094909545146974472 0.038682061982856265 0.028041239411571099 0.013375471306217466 0.016640974973745306 0.0096464198759730977 -0.001150804697102679 0.02053336225862112 -0.0021701046574020789 0.0060139416785882872 0.011636519068558178 -0.010809181793467747 -0.022904436394666244 -0.010770066813997285 0.0050623536031298953 0.031162227049139474 -0.022599339489885687 0.019832510424534395 -0.0034204163843242763 0.00067141327458812886 0.010440780832974462 -0.0064541798630612657 0.014189328169453222 0.001671546977354737 0.01554679806643872 -0.017958982524281891 0.013227386499932988 0.0014491151156059224 -0.0046942812555370739 0.020518770201219533 -0.016628619378977364 0.012573870047411327 0.01007766506851923 0.0029582565562070121 0.0088164388077007876 -0.008714603832769386 -0.0030762186920618578 -0.012834759934494436 -0.00552293921814055 0.0097090280534626039 -0.014291126515241363 -0.0026031790766400061 0.0028939272245271665 -0.0087334943087420003 -0.0055092528583969517 -0.010556895398929367 -0.013906510142897292 0.0038672615396515408 -0.016841864566123237 -0.0090536134003574333 -0.023309265422734815 -0.017026477967924676 -0.016160168881190495
leaf_weight=738 309 200 542 300 217 250 200 260 280 372 236 1252 233 264 223 261 208 376 322 207 213 305 205 253 220 385 206 201 389 319 254 282 277 203 204 243 490 199 212 516 205 230 210 317 248 205 225 222 206 200 1168 220 1213 649 200 220 217 199 386 339 520 377 436 308 462 428 495 208 230 206 286 1117 482 600 269 793 212 237
leaf_count=738 309 200 542 300 217 250 200 260 280 372 236 1252 233 264 223 261 208 376 322 207 213 305 205 253 220 385 206 201 389 319 254 282 277 203 204 243 490 199 212 516 205 230 210 317 248 205 225 222 206 200 1168 220 1213 649 200 220 217 199 386 339 520 377 436 308 462 428 495 208 230 206 286 1117 482 600 269 793 212 237
internal_value=2.41304e-05 0.01609 -0.0094022 0.0112879 0.0402398 -0.00366245 -0.0166334 0.0177603 0.0366408 0.00625507 -0.00735802 -0.00607851 0.00161664 -0.0141893 0.0229703 0.0270531 0.000249072 0.00698518 0.0410041 0.013688 -0.000208473 0.0214353 0.0124853 0.00864291 0.000578494 0.00493026 0.0452008 0.0196946 0.00933363 0.010532 -0.000294365 0.00412429 0.0147173 0.00497834 0.00563497 0.0170737 -0.0125852 -0.0228818 -0.00713793 0.00910645 0.0364353 -0.0169612 0.0128309 -0.00117821 -0.00465585 0.00452713 -0.00491805 0.0102744 -0.00257042 0.019946 -0.0176838 0.00951802 0.000440199 -0.0061903 0.0242894 -0.0212852 0.0161437 0.0138279 0.00375936 0.00569746 -0.00830677 -0.0064763 -0.0102054 -0.00876888 0.00740845 -0.0169754 -0.00332579 -0.000990618 -0.00470434 -0.00943292 -0.0138805 -0.0143603 0.00211402 -0.0149323 -0.0119875 -0.0221361 -0.0198725 -0.0131544
internal_weight=27571 10195 17376 8504 1691 9687 7689 3720 1474 4784 4981 3933 469 5527 1632 461 4706 4475 1013 2088 4498 1409 1788 657 3854 635 528 1104 2062 1686 3219 536 1131 2413 2210 703 3501 2162 3464 1367 485 2026 854 2683 1109 1784 644 426 431 460 1826 427 1530 861 401 1424 427 404 1579 725 2355 897 1234 798 978 1596 1153 428 725 1458 2267 1981 854 1717 1048 1204 411 779
internal_count=27571 10195 17376 8504 1691 9687 7689 3720 1474 4784 4981 3933 469 5527 1632 461 4706 4475 1013 2088 4498 1409 1788 657 3854 635 528 1104 2062 1686 3219 536 1131 2413 2210 703 3501 2162 3464 1367 485 2026 854 2683 1109 1784 644 426 431 460 1826 427 1530 861 401 1424 427 404 1579 725 2355 897 1234 798 978 1596 1153 428 725 1458 2267 1981 854 1717 1048 1204 411 779
cat_boundaries=0 1 2 3 4 5 6 7
cat_threshold=4160 2240 14 3074 6407 5132 3076
is_linear=0
shrinkage=0.047679


Tree=24
num_leaves=79
num_cat=3
split_feature=50 9 50 9 18 9 18 49 37 9 18 9 19 29 51 15 6 33 48 6 0 6 9 0 53 53 17 0 6 6 6 7 9 6 48 8 47 53 38 59 6 50 24 43 16 55 28 6 3 47 9 3 16 18 40 9 22 48 28 23 9 44 21 36 7 18 26 7 7 6 6 7 52 7 53 2 43 7
split_gain=1687.17 465.454 290.419 112.01 63.5268 56.6265 44.382 30.4966 26.3529 15.6455 15.6116 12.6051 11.792 11.2066 10.4944 10.0854 8.54415 8.3709 8.25245 7.89043 7.87108 8.43205 7.53552 7.07231 6.84709 5.99336 5.89107 5.48847 6.79712 5.88884 7.42068 9.06377 5.46545 5.09713 5.06642 7.45104 4.7619 4.45219 8.60006 4.34656 4.17053 4.09411 4.09018 3.90112 3.72905 3.58903 3.56478 3.51493 3.46471 3.15197 3.00352 2.98354 3.97279 2.80438 2.69506 2.92718 2.78406 2.23179 2.22337 1.85192 1.81171 1.7586 1.74591 1.73749 1.68912 1.67653 1.67409 1.65869 3.52252 1.64144 1.63763 1.55183 1.5203 1.42079 1.24017 1.19435 1.13194 1.08615
threshold=22.565940925000003 24.463470500000003 21.763066200000001 23.275083000000006 26.063037000000005 21.123851500000004 22.093283000000003 23.617838150000001 23.443186500000007 22.463458000000006 24.974787000000003 23.201487500000002 21.425250000000002 23.295974000000005 24.20340533333334 4.703848604813186 11.500000000000002 21.988071250000004 22.990381600000003 13.500000000000002 0 9.5000000000000018 20.830690500000006 1 0.32498177933735489 0.51901996042114262 2.0951065000000004 2 9.5000000000000018 10.500000000000002 13.500000000000002 16.500000000000004 21.618464500000005 11.500000000000002 22.990381600000003 1.5000000000000002 22.212769500000004 0.41703465619175889 23.565279000000004 5.491666666666668 13.500000000000002 21.630439675000002 22.456744750000002 23.318548500000002 -0.672435 0.50966086115100639 21.655296500000002 9.5000000000000018 2.7871270000000004 22.544848500000004 23.004419500000004 3.3412340000000005 -1.033711 21.084567000000003 21.779658750000003 21.749215500000002 21.506738000000002 21.888168100000005 22.169304500000003 21.290966000000001 22.092502000000003 22.298608000000005 22.361894000000003 22.527758500000001 24.500000000000004 23.563150500000003 21.087345000000003 40.500000000000007 50.500000000000007 16.500000000000004 15.500000000000002 38.500000000000007 0.088496004037321316 31.500000000000004 0.050898490725563926 10.540192500000002 22.948239500000003 9.5000000000000018
decision_type=2 2 2 2 2 2 2 2 2 2 2 2 2 2 2 10 2 2 2 2 9 2 2 9 2 2 8 9 2 2 2 2 2 2 2 2 2 2 2 2 2 2 2 2 8 2 2 2 2 2 2 2 10 2 2 2 2 2 2 2 2 2 2 2 2 2 2 2 2 2 2 2 2 2 2 2 2 2
left_child=2 3 5 9 8 22 20 18 -3 23 26 17 46 34 15 37 50 44 -5 -18 47 -22 69 42 -12 45 -10 28 -19 -30 31 -31 -23 -16 43 76 -32 38 -9 57 54 73 -2 51 -8 48 59 -4 -20 -44 -15 -11 63 66 55 56 -14 -34 -29 -7 -46 -60 -63 -53 -49 -50 74 72 -69 -1 -43 -37 -59 77 -24 -75 -36 -42
right_child=1 4 6 7 -6 12 11 14 10 13 24 -13 40 16 33 -17 19 27 25 -21 21 32 53 -25 -26 -27 -28 58 29 30 36 -33 39 -35 35 71 -38 -39 -40 -41 41 70 49 -45 60 -47 -48 64 65 -51 -52 52 -54 -55 -56 -57 -58 67 61 -61 -62 62 -64 -65 -66 -67 -68 68 -70 -71 -72 -73 -74 75 -76 -77 -78 -79
leaf_value=-0.020937840430564455 0.0094955657874122388 0.019490380723650887 -0.0055659917130335638 0.0061950277768862607 0.063582722530186389 -0.016727777099176104 -0.009573350603397519 0.028376899845554797 0.03780300215961422 0.010686891053080636 0.047172761590686216 0.011496608153890951 -0.0045352036243003725 0.0039433749067935946 0.02418784146042402 0.028665768697832269 0.021405806622652783 0.010242577582527189 0.020583050599114364 0.010484787274000717 0.0020418215468825857 -0.012306798973677828 -0.018656881804867707 -0.004085126121550064 0.037005745117881732 0.0081698347247701752 0.027978879901553871 -0.0041809876407564919 -0.0050584177701738699 -0.0011253111046853103 -0.0062036738428209908 0.010658245437509243 -0.0076137540454694038 0.034318049909593355 0.016818411726582223 0.008038661864140326 0.0019850547633028979 0.013360754721615671 0.016061856035947713 0.00039276054342083397 -0.014630527595321505 -0.011308238580196405 0.0069188379796986587 0.0010244928679760698 -0.0051822596949814238 0.022156518561755122 -0.0089030081224580632 -0.0161801643095957 0.012027216643569129 -0.0003943867976066341 0.011691215698210501 5.6821131041193777e-06 0.0095320318491013984 -0.015469996686284827 -0.011988464718913438 -0.0030725543237950228 -0.011536578178290109 -0.0083584479486678905 0.0024654862831289229 -0.014185767687267597 -0.00030927037028217309 -0.0052041862115780827 0.00036548993027109034 0.0048637519365276197 -0.010802250742083117 0.017173319558690565 -0.017086380050981106 0.0016859585296335896 -0.0068697674074018958 -0.025194098017705512 -0.0066388511401827078 0.0031942393528312674 -0.0044750208366463682 -0.013663801030319132 -0.02262464928892647 -0.017996126760046485 0.011878783832862644 -0.010901113124862033
leaf_weight=276 237 205 210 294 207 1279 218 199 245 295 381 224 201 251 247 252 309 235 208 293 320 291 271 322 249 239 320 426 257 228 224 425 1143 208 207 377 578 320 366 263 264 343 203 387 308 207 205 210 483 394 208 209 390 398 357 281 361 357 381 1328 397 207 335 840 361 205 297 232 207 812 340 250 640 430 528 218 215 542
leaf_count=276 237 205 210 294 207 1279 218 199 245 295 381 224 201 251 247 252 309 235 208 293 320 291 271 322 249 239 320 426 257 228 224 425 1143 208 207 377 578 320 366 263 264 343 203 387 308 207 205 210 483 394 208 209 390 398 357 281 361 357 381 1328 397 207 335 840 361 205 297 232 207 812 340 250 640 430 528 218 215 542
internal_value=-2.82092e-06 0.0153725 -0.00903121 0.0109783 0.0389293 -0.0151705 -0.00285371 0.0180015 0.0352841 0.00676985 0.0379935 0.000475055 -0.0126823 0.00811294 0.0226994 0.0202505 0.0123544 -0.000110114 0.0134299 0.0160904 -0.00634679 -0.00531505 -0.0210961 0.00185409 0.0431544 0.0150149 0.0322389 0.00101376 0.0026254 0.00159516 0.00277039 0.00654393 -0.00608343 0.0288188 0.00669333 0.00940371 -0.000302072 0.0178543 0.0203994 -0.0054462 -0.0107656 -0.0120287 0.00414643 0.00535283 -0.00412341 0.0164981 -0.0149568 -0.0107033 0.0151908 0.00209236 0.00745438 0.00631884 0.00542337 -0.018898 -0.0085163 -0.00704587 -0.00903253 -0.00604165 -0.00132199 -0.0154329 -0.00243818 -1.67688e-05 -0.00176168 0.00389584 -0.0127801 0.0135606 -0.0201428 -0.00479031 -0.00234829 -0.0241144 -0.0089838 0.00610708 -0.00586558 -0.0134591 -0.0212789 -0.0151213 0.0143018 -0.0121227
internal_weight=27630 10222 17408 8615 1607 8731 8677 3228 1400 5387 1195 4443 6149 4231 1592 1137 1061 4219 1636 602 4234 3453 2582 1156 630 1342 565 3296 1947 1712 1455 653 3133 455 3170 1049 802 885 565 2842 3337 2137 834 2121 923 1103 2812 781 896 597 459 1734 1439 1494 1200 843 562 2579 1349 2607 705 923 542 1049 571 688 1096 1436 439 1088 683 627 997 1454 799 648 422 806
internal_count=27630 10222 17408 8615 1607 8731 8677 3228 1400 5387 1195 4443 6149 4231 1592 1137 1061 4219 1636 602 4234 3453 2582 1156 630 1342 565 3296 1947 1712 1455 653 3133 455 3170 1049 802 885 565 2842 3337 2137 834 2121 923 1103 2812 781 896 597 459 1734 1439 1494 1200 843 562 2579 1349 2607 705 923 542 1049 571 688 1096 1436 439 1088 683 627 997 1454 799 648 422 806
cat_boundaries=0 1 2 3
cat_threshold=4672 2126 3276
is_linear=0
shrinkage=0.047679


Tree=25
num_leaves=79
num_cat=6
split_feature=50 48 50 48 49 18 18 50 51 50 48 6 47 48 10 20 0 51 59 17 0 54 0 14 20 54 33 6 6 50 18 56 23 47 47 6 51 59 7 15 52 7 6 17 49 35 40 10 6 7 48 22 56 0 27 54 49 30 17 7 7 53 0 0 36 6 53 30 6 54 28 21 25 44 38 6 56 56
split_gain=1534.59 337.736 333.209 67.5022 54.2377 50.6781 46.3061 18.411 14.6541 11.6129 11.5735 10.8457 11.376 9.4917 9.85341 9.25513 8.82304 8.37529 8.1832 7.35949 7.32522 6.1081 6.66131 6.04257 5.78706 5.33773 5.15212 5.15208 9.87702 4.83146 4.76382 4.44508 4.38575 4.3716 4.03662 3.98735 3.91684 3.87754 7.99295 3.81042 3.74917 3.5921 3.59204 3.56014 4.48897 4.26208 3.85296 3.46126 3.36483 2.97963 3.16262 2.92886 2.91181 2.78979 4.75859 2.72927 3.10743 2.51015 3.03396 2.4953 3.82817 3.06321 2.48079 2.34105 2.30011 2.18201 2.048 1.95055 1.85124 1.72846 1.69235 1.58218 1.54674 1.49648 1.49106 1.42096 1.15976 1.12786
threshold=22.733252750000002 24.447723100000001 21.745299400000004 23.625075800000005 22.185349450000004 21.084567000000003 26.063037000000005 23.169529512500002 24.401052058333338 21.482693100000002 25.238897000000005 15.500000000000002 22.212769500000004 22.475997200000005 1.5000000000000002 22.800649000000003 0 22.887727375000001 5.5083333333333337 0.51742150000000009 1 0.21957131241368963 2 6.6034559757127385 22.587173500000002 0.37033016142469583 23.969895500000003 9.5000000000000018 10.500000000000002 22.314092325000004 20.830837500000005 0.013277999999999681 22.362230500000003 21.606596750000005 21.268126500000005 14.500000000000002 22.257828100000005 5.4750000000000005 32.500000000000007 3.3385530613144367 0.35685135938507112 31.500000000000004 12.500000000000002 -0.15952849999999993 23.292353425000002 23.585904000000003 23.446463250000004 1.5000000000000002 10.500000000000002 12.500000000000002 21.879357000000002 21.3649965 0.086453499999999309 3 22.438851500000002 0.30117897548375744 21.985753800000005 22.723958000000003 1.8031915000000001 8.5000000000000018 27.500000000000004 0.096336908727157597 4 5 23.030816000000005 12.500000000000002 0.24462388269606553 21.594970000000004 12.500000000000002 0.45112027518171816 21.943773500000002 23.358214500000003 22.881574000000004 22.064632500000005 22.572794000000005 16.500000000000004 0.10609174999999917 -0.025809999999998109
decision_type=2 2 2 2 2 2 2 2 2 2 2 2 2 2 2 2 9 2 2 10 9 2 9 8 2 2 2 2 2 2 2 2 2 2 2 2 2 2 2 10 2 2 2 10 2 2 2 2 2 2 2 2 2 9 2 2 2 2 8 2 2 2 9 9 2 2 2 2 2 2 2 2 2 2 2 2 2 2
left_child=2 3 5 7 18 30 10 16 21 42 19 13 -13 29 27 -9 17 -2 20 31 55 -5 69 66 65 -12 41 -15 -29 36 75 -3 -30 -25 -11 49 62 43 -39 59 53 -24 48 45 -45 71 -46 57 -7 -35 -51 76 77 54 -31 56 -4 72 -59 -36 61 67 -6 -34 -60 -18 -22 -61 -62 -23 -68 -17 -26 -37 -56 -1 -44 -32
right_child=1 6 4 8 11 9 -8 15 -10 34 25 12 -14 14 -16 37 24 -19 -20 -21 23 22 26 33 47 -27 -28 28 32 40 52 -33 63 35 39 73 -38 38 -40 -41 -42 -43 51 44 46 -47 -48 -49 -50 50 -52 -53 -54 -55 74 -57 -58 58 64 60 68 -63 -64 -65 -66 -67 70 -69 -70 -71 -72 -73 -74 -75 -76 -77 -78 -79
leaf_value=-0.019978657406327035 0.020558630869213345 0.029344064265278812 -0.010438565547412234 0.02489190428213317 0.0033124633772155 -0.014969285009993621 0.058276552335930244 0.0054745105663760599 0.031214954121205656 -0.016380474035188872 0.04513203952881898 -0.013665424113357822 0.00029894126681532195 0.0082256132456657288 0.012470665788520517 0.016718286420143842 -0.0020434736666505296 0.0086359701787084367 0.0039177365591117714 0.022771255324325369 0.001504905240168211 0.014415488859093809 0.025877836192732331 -0.012096690484257931 0.0058989192536304811 0.034691383630475414 0.014736716532196169 -0.0073114441735301905 0.0079394085870390287 0.0088212022612685747 -0.021715687996581509 0.037236169313575665 0.0032612813368260961 -0.007584871242687136 -0.01369097542152806 -0.0088989812768161015 -0.0067484572805779934 0.024672258675464 0.011473711527900115 -0.0042882707302469179 -0.0042999858767522039 0.018539267229374087 -0.016394322125943502 0.021479298903757538 0.0084282928763394476 0.0065726198465398183 0.017573820563347848 0.012411102781836424 -0.007608821198287952 -0.0059473915698145911 -0.001360202439915102 -0.012838879788877841 -0.014362822413018839 0.00022315895216671176 0.0039320576224512738 -0.012847069509402878 -0.0030289270803147473 0.012013468218070615 0.0079983100732176314 -0.012591852042577031 -0.0082699688846171685 -0.0028083498565855897 -0.0026564492349364201 -0.0015279136956364871 0.0031376290880830377 0.0041242733143561586 -0.00042682165519948416 -0.0062685764411184938 -0.012541695550984961 0.00834366848877496 -0.0065539534617371211 0.01106988685373681 0.00052161787648414074 -0.0042681372286840283 -0.0017875294611456555 -0.023944080690142935 -0.012620815194883259 -0.018456597979008265
leaf_weight=278 204 338 340 284 245 243 205 315 238 204 232 211 357 367 290 223 222 390 201 205 354 222 319 238 275 214 298 225 366 334 414 312 822 432 364 739 335 218 200 292 207 289 1623 209 213 306 206 249 337 546 913 1086 287 639 215 392 207 270 634 204 338 282 408 318 340 316 208 243 726 205 202 228 218 202 200 787 209 579
leaf_count=278 204 338 340 284 245 243 205 315 238 204 232 211 357 367 290 223 222 390 201 205 354 222 319 238 275 214 298 225 366 334 414 312 822 432 364 739 335 218 200 292 207 289 1623 209 213 306 206 249 337 546 913 1086 287 639 215 392 207 270 634 204 338 282 408 318 340 316 208 243 726 205 202 228 218 202 200 787 209 579
internal_value=-7.21131e-06 0.0167086 -0.0075671 0.0123535 -0.00189232 -0.0145891 0.0372147 0.0095846 0.0201691 -0.0123154 0.033896 0.00135296 -0.00488853 0.00206613 0.00423295 0.013015 0.00725441 0.0125199 -0.00550623 0.0306481 -0.00590309 0.0185432 0.0171906 -0.00493321 0.00594209 0.0401224 0.0196555 0.00309427 0.00200634 6.28922e-05 -0.020553 0.0331323 0.00339844 -0.00589034 -0.0099366 -0.00536876 -0.00255714 0.0143324 0.0183572 -0.00939983 0.00168583 0.0223896 -0.0141196 0.0131177 0.0157717 0.0109159 0.0129247 0.0071539 -0.0106926 -0.00410672 -0.00307686 -0.0148008 -0.0185928 0.00257853 0.0045246 -0.00970722 -0.00763455 0.00640028 0.00754129 -0.0100918 -0.00936112 -0.00669953 -0.000406918 0.00194055 0.00630156 0.00157922 -0.00115176 -0.00915437 -0.0111847 0.0112373 -0.00344556 0.0138628 0.00352113 -0.0079049 0.00117563 -0.022909 -0.0159638 -0.0198154
internal_weight=27606 8597 19009 7091 10513 8496 1506 5236 1855 6151 1301 5539 568 4971 2388 2118 3118 594 4974 855 4773 1617 1333 3834 2524 446 906 2098 1731 2583 2345 650 1506 3070 2653 2832 988 1803 418 2449 1595 608 3498 1385 628 757 419 1986 580 1891 1459 2918 1280 1388 749 939 547 1737 1244 2157 1793 729 653 1140 974 538 764 447 1064 427 410 451 493 941 415 1065 1832 993
internal_count=27606 8597 19009 7091 10513 8496 1506 5236 1855 6151 1301 5539 568 4971 2388 2118 3118 594 4974 855 4773 1617 1333 3834 2524 446 906 2098 1731 2583 2345 650 1506 3070 2653 2832 988 1803 418 2449 1595 608 3498 1385 628 757 419 1986 580 1891 1459 2918 1280 1388 749 939 547 1737 1244 2157 1793 729 653 1140 974 538 764 447 1064 427 410 451 493 941 415 1065 1832 993
cat_boundaries=0 1 2 3 4 5 6
cat_threshold=2112 4672 5382 3082 2054 8206
is_linear=0
shrinkage=0.047679


Tree=26
num_leaves=79
num_cat=6
split_feature=48 9 9 50 9 9 9 49 49 9 17 6 0 0 50 53 50 50 15 9 50 19 59 55 53 9 6 17 8 20 53 6 52 17 37 59 59 2 47 9 54 8 34 9 2 0 22 52 6 25 50 0 52 6 24 56 9 9 43 8 59 47 24 43 0 47 54 29 48 41 2 48 53 53 54 6 0 56
split_gain=1374.54 400.975 256.416 74.4635 57.1222 50.4328 38.0138 17.1969 14.3352 13.2156 13.0825 10.7072 10.6999 9.83845 9.74182 9.65076 6.91304 6.82836 7.41453 6.79448 6.61147 6.11615 5.97637 5.83353 5.66822 5.0082 4.90746 10.4705 5.63223 4.98849 4.59431 6.89859 5.53846 4.50212 4.45696 4.26724 4.11051 4.09642 4.83319 3.90741 3.85688 3.38888 3.43696 3.38496 3.29565 3.2264 3.21783 3.12377 3.32855 4.09372 2.79037 2.60467 2.47805 2.38448 2.52842 2.21452 1.89382 1.86617 1.85305 1.804 1.84353 1.79164 1.64431 1.63781 1.59537 2.05855 2.01578 4.11192 1.51346 1.6674 1.40632 1.37519 1.36153 1.31039 2.9142 2.37571 1.28664 1.19749
threshold=22.990381600000003 21.759186500000002 24.389993500000006 22.304239275000004 21.280914500000005 26.061347000000001 23.275083000000006 25.207771950000005 23.617838150000001 20.850791000000005 0.5930810000000003 15.500000000000002 0 1 21.677724725000004 0.67202509117516762 22.724494337500001 24.491159000000003 4.703848604813186 22.069127500000004 22.040979625000002 22.400476500000003 5.491666666666668 0.57692071991676064 0.51901996042114262 24.781235000000006 11.500000000000002 1.8031915000000001 1.5000000000000002 22.587173500000002 0.29844609529125976 11.500000000000002 0.15752598166587509 0.63628950000000006 23.083333750000005 5.4750000000000005 5.491666666666668 11.194761000000002 23.784559500000004 22.572217000000006 0.37033016142469583 1.5000000000000002 23.461876000000004 22.667145500000004 9.249916500000003 2 21.860291750000005 0.090180322922336728 9.5000000000000018 23.264583000000005 21.106902875000003 3 0.18231022768860655 12.500000000000002 21.301758500000002 0.48452700000000176 23.075966000000005 22.338475500000005 21.584296000000005 2.5000000000000004 5.491666666666668 22.363133000000001 22.542549000000005 22.529375500000004 4 21.722813500000004 0.3319848650076111 21.790478500000003 21.586359800000004 21.470805500000004 3.5642480000000005 22.389348800000004 0.28818975912162548 0.41280666162319452 0.3319848650076111 11.500000000000002 5 0.18057150000000102
decision_type=2 2 2 2 2 2 2 2 2 2 10 2 9 9 2 2 2 2 10 2 2 2 2 2 2 2 2 10 2 2 2 2 2 10 2 2 2 2 2 2 2 2 2 2 2 9 2 2 2 2 2 9 2 2 2 2 2 2 2 2 2 2 2 2 9 2 2 2 2 2 2 2 2 2 2 2 9 2
left_child=1 4 6 13 9 7 15 10 22 70 25 12 16 20 53 23 30 18 37 59 46 -13 24 41 47 -4 43 28 -28 -30 32 -32 63 -33 39 45 50 38 72 61 -9 56 51 -18 -34 -21 58 -8 -49 -50 -11 -43 -41 68 -55 77 -2 -37 -3 60 73 -14 71 -5 65 -16 -66 -68 69 -6 -1 -63 -10 74 75 -15 -65 -47
right_child=2 3 5 11 14 -7 8 40 17 36 -12 21 34 19 64 -17 26 -19 -20 35 -22 -23 -24 -25 -26 -27 27 -29 29 -31 31 33 44 -35 -36 57 -38 -39 -40 52 -42 42 -44 -45 -46 55 -48 48 49 -51 -52 -53 -54 54 -56 -57 -58 -59 -60 -61 -62 62 -64 76 66 -67 67 -69 -70 -71 -72 -73 -74 -75 -76 -77 -78 -79
leaf_value=-0.024754932674071761 0.0093403194583714325 -0.011758565132084174 0.02761793316315533 0.0057816569116526844 -0.0073455062927784594 0.056818654220993546 0.01881767799878489 0.044243497187527792 0.020361504198689036 -0.018995867879128506 0.019856508152857985 -0.009572235781779629 0.0028859494402927195 -0.002296431517914815 -0.0064829662242513273 0.00027375498450401392 6.1224499367995111e-05 0.027881049430817775 0.025956246597701647 0.0025703837569748937 -0.0033602191776633079 0.00074319875907029667 0.020224477083520358 0.016089306171025466 0.0049786293842927947 0.035552828920843459 0.012481553169358332 0.019160798824748967 -0.0015640206686493489 0.0077714825630040155 -0.0051950741308162693 0.00088599609758653174 0.0056087476790421045 0.0096113532273375581 -0.0042676770017464815 2.3275319116264033e-05 -0.01103108956013363 0.021004019720079595 0.0089210335768046441 0.0081510152176571034 0.035353496340039002 0.0087462559257891637 0.011775201613028079 0.0072893568219860377 0.014057301618061473 -0.0032141990957803308 -0.015219123568821826 0.016697130260026366 0.013795215346687756 0.0046059896357829528 -0.015527666791891423 0.0023196849575436878 0.0017683577093009933 -0.015257900964756224 -0.011627584329585204 -0.0077080710934900173 0.015216775392164589 0.0065123354373090451 -0.0056821979157335037 -0.0081799035587719199 -0.00036889284158746135 -0.0023499678563806228 -0.0045932633617002403 -0.00057558787521136488 -0.0080078482210964568 -0.012600881592903278 0.0010632822966722881 -0.0073004468453306574 -0.0058007688992452499 -0.012871714316966439 -0.02100763365930601 0.0031412360420787814 0.014917581750193252 -0.0083407976245706752 0.00027976804788935867 -0.0065617293399318479 0.0038564509023457836 0.0006683173670118947
leaf_weight=308 331 220 328 385 207 215 206 227 214 778 279 202 362 427 210 281 257 228 269 258 396 370 246 281 211 403 308 209 201 369 283 398 206 203 311 201 338 374 216 298 217 240 225 345 214 815 264 236 247 199 1637 396 258 551 2092 211 200 202 237 326 233 202 225 283 813 309 207 377 203 310 873 213 204 218 255 974 306 232
leaf_count=308 331 220 328 385 207 215 206 227 214 778 279 202 362 427 210 281 257 228 269 258 396 370 246 281 211 403 308 209 201 369 283 398 206 203 311 201 338 374 216 298 217 240 225 345 214 815 264 236 247 199 1637 396 258 551 2092 211 200 202 237 326 233 202 225 283 813 309 207 377 203 310 873 213 204 218 255 974 306 232
internal_value=-5.35296e-05 -0.00595223 0.0191653 -0.000162018 -0.0134167 0.0352651 0.0135719 0.032078 0.0170838 -0.0177657 0.02864 0.00332568 0.00393584 -0.00424853 -0.0101758 0.00844975 0.00533214 0.0202805 0.0189234 -0.0031988 -0.00823608 -0.00289967 0.0135068 0.009823 0.0120032 0.0319924 0.00765708 0.00956968 0.00728659 0.00447949 0.00363175 0.000942903 0.00533687 0.00383317 0.00093859 -0.00108488 -0.0159557 0.0170466 0.0147121 0.00198386 0.0398986 0.00855804 0.00671055 0.00420359 0.00991349 -0.00224411 -0.0110283 0.0136723 0.0121181 0.00969509 -0.016645 0.0049188 0.00518928 -0.0117218 -0.0123844 -0.00322628 0.0115537 0.00327586 -0.00860737 -0.00487927 -0.00436858 0.000205209 -0.00131109 0.00336338 -0.00746224 -0.00993402 -0.00642683 -0.00433591 -0.00928932 -0.0106591 -0.0219849 0.000468409 0.0177047 -0.00486588 -0.00440843 -0.00526174 0.00178267 -0.00235389
internal_weight=27563 21090 6473 11877 9213 1669 4804 1454 2850 3934 1010 6408 5836 5469 5279 1954 3967 1505 1277 4352 1117 572 1345 1673 1099 731 1689 1087 878 570 2278 884 1394 601 1869 1919 2753 1008 634 1558 444 1392 861 602 420 1516 721 888 682 446 2415 636 556 3363 2643 1258 531 403 457 2433 2107 1002 640 974 1916 519 1397 584 720 517 1181 415 418 1874 1656 1401 589 1047
internal_count=27563 21090 6473 11877 9213 1669 4804 1454 2850 3934 1010 6408 5836 5469 5279 1954 3967 1505 1277 4352 1117 572 1345 1673 1099 731 1689 1087 878 570 2278 884 1394 601 1869 1919 2753 1008 634 1558 444 1392 861 602 420 1516 721 888 682 446 2415 636 556 3363 2643 1258 531 403 457 2433 2107 1002 640 974 1916 519 1397 584 720 517 1181 415 418 1874 1656 1401 589 1047
cat_boundaries=0 1 2 3 4 5 6
cat_threshold=2254 4672 2048 8456 4672 2052
is_linear=0
shrinkage=0.047679


Tree=27
num_leaves=79
num_cat=6
split_feature=50 9 9 9 9 18 48 50 50 9 9 29 7 51 18 48 9 52 0 54 6 8 6 19 46 6 56 55 51 47 7 16 0 28 51 42 36 15 19 0 32 15 0 24 28 36 7 0 6 52 32 54 48 6 27 8 47 21 42 45 2 19 52 26 52 24 7 7 19 35 7 6 29 55 19 22 0 18
split_gain=1255.83 339.796 246.912 62.9668 50.3058 44.3486 42.128 23.2051 19.3569 13.0486 11.4691 10.7253 8.50535 8.14296 7.62147 7.09471 7.04977 6.79998 6.4062 6.12333 5.65702 5.07091 10.0034 4.59794 4.47382 4.4455 4.1403 5.21614 4.05565 4.0479 3.78512 4.00923 3.64601 6.51336 3.61352 3.50691 6.24107 5.55714 3.23972 3.18323 4.41359 3.10208 3.09203 3.83951 2.76579 2.73459 2.68403 3.35387 2.67847 3.68377 2.51092 2.50364 2.77131 2.66117 2.31432 2.89789 2.30498 2.25692 2.13085 2.00538 1.87041 1.86199 1.83598 1.79077 1.7773 2.85836 1.73405 2.15591 1.70591 1.67839 1.62018 1.77363 2.50289 1.4981 1.35096 1.33844 1.33025 1.19281
threshold=22.656958975000006 24.389993500000006 21.682527500000003 23.275083000000006 26.061347000000001 22.057426500000002 21.165441600000005 23.599879275000003 24.408066375000001 23.395023000000005 22.797635000000003 21.624222000000003 25.500000000000004 22.3720015 23.811420500000004 25.238897000000005 22.139370000000003 0.095497334494576855 0 0.57379120084656787 13.500000000000002 1.5000000000000002 11.500000000000002 21.376435500000003 22.289860500000003 8.5000000000000018 0.32089099999999965 0.57692071991676064 20.755080100000004 24.902162500000003 31.500000000000004 -2.5456374999999989 1 22.323491000000001 21.923068700000005 23.598045500000001 23.209339500000002 4.6461387813379895 21.652438250000003 2 23.061929000000003 4.2389221402220318 3 22.542549000000005 23.194401500000001 23.105605000000001 50.500000000000007 4 10.500000000000002 0.13982520460262163 22.452409750000005 0.3160937489213243 22.431527950000003 13.500000000000002 23.171495500000002 1.5000000000000002 25.324603000000003 21.750747500000006 24.041743500000006 21.355853000000007 9.249916500000003 21.869644500000003 0.130651386684667 21.526249500000002 0.42325369179850852 21.997626750000006 22.500000000000004 10.500000000000002 22.485112000000004 21.196830000000002 13.500000000000002 16.500000000000004 20.833931000000003 0.31223054981059112 21.9278285 21.776846000000003 5 21.396459750000002
decision_type=2 2 2 2 2 2 2 2 2 2 2 2 2 2 2 2 2 2 9 2 2 2 2 2 2 2 2 2 2 2 2 10 9 2 2 2 2 8 2 9 2 8 9 2 2 2 2 9 2 2 2 2 2 2 2 2 2 2 2 2 2 2 2 2 2 2 2 2 2 2 2 2 2 2 2 2 9 2
left_child=2 3 6 10 8 18 28 17 12 13 16 23 -3 19 41 29 -2 -5 63 21 35 22 -7 77 -18 -20 27 39 -1 -10 31 -16 33 -15 -23 36 37 -19 -27 40 73 -9 43 -26 -45 -44 47 -36 49 -34 -35 52 -50 -53 55 -41 -17 59 -32 -25 -43 -40 -61 -4 65 66 67 -13 -52 70 -30 72 -72 -12 -63 -65 -76 -8
right_child=1 4 5 7 -6 9 11 14 15 -11 26 64 -14 32 30 56 24 20 25 -21 -22 34 -24 57 42 38 -28 -29 69 -31 58 -33 48 50 46 -37 -38 -39 61 54 -42 60 45 44 -46 -47 -48 -49 51 -51 68 53 -54 -55 -56 -57 -58 -59 -60 62 -62 74 -64 75 -66 -67 -68 -69 -70 -71 71 -73 -74 -75 76 -77 -78 -79
leaf_value=-0.021990512638217323 -0.0044277405193913931 0.029505985773058165 -0.012817134884375667 0.017902163171639195 0.055296961060015318 -0.0031802910071276566 -0.014565655093711929 0.010994490445104262 0.034529792855866027 0.012204974556460481 0.01042596434386142 -0.0086985933522451819 0.016438944434246053 0.011072835114721397 0.021072609221383785 0.042531773485085557 0.011562341446347952 0.0047024919189622167 0.0017233425570822001 -0.0089753319819069095 0.0040155880576487318 -0.0067713861926105498 0.0098483003793050188 -0.013913156616578052 0.011309769799327346 -0.00075190282023457529 0.0026481125281062148 0.014824792211241616 -0.020829772933088693 0.026625544143310559 0.015823826771818868 0.03042308419159449 0.0020343592721486121 0.0060320695737869122 0.0016515493787535047 0.0059211241222059865 0.018374079661139485 0.014883874391154966 -0.0069947538245023399 0.012713350161278083 0.014709042815109851 0.015083822866184876 0.0037469716434708616 0.0031677306726416239 0.0085898097362095381 -0.003277807873780784 -0.0058859049789705851 -0.0028891928807400664 -0.0044413456862944433 -0.0067311758779675292 -0.0032749249882309374 0.0085585389674630533 0.0020757267638066576 0.0014699174116594635 0.0030653432574426266 0.0054878562901547728 0.035495717733631311 -0.0062777679217808349 0.022614894549693124 -0.01118362609309839 0.021367306943968122 -0.0021126169551119425 -0.0067126239801224112 -0.0053801672700379225 -0.011630937212965372 -0.0017966195399793075 -0.009422146109730023 -0.0021952183569244246 0.0028410192442758363 -0.014972388274999056 -0.011158155609316746 -0.019407962165385491 -0.017566728523217164 0.0046258970175269152 -0.0023789956461115862 -0.0098569245872904606 -0.006358395639303828 -0.011543838250961686
leaf_weight=543 199 207 258 286 213 272 1556 215 312 215 200 250 250 256 207 204 210 252 224 232 298 304 264 509 214 331 215 358 382 279 201 210 216 235 819 203 299 236 1386 201 367 232 332 950 276 203 233 658 209 220 202 216 511 272 321 339 220 224 220 1293 201 379 249 249 224 201 715 216 213 506 199 492 456 205 299 389 847 367
leaf_count=543 199 207 258 286 213 272 1556 215 312 215 200 250 250 256 207 204 210 252 224 232 298 304 264 509 214 331 215 358 382 279 201 210 216 235 819 203 299 236 1386 201 367 232 332 950 276 203 233 658 209 220 202 216 511 272 321 339 220 224 220 1293 201 379 249 249 224 201 715 216 213 506 199 492 456 205 299 389 847 367
internal_value=2.76494e-05 0.0142573 -0.00723462 0.00998812 0.0336398 -0.00213969 -0.0132577 0.0152859 0.030506 0.000688878 0.00645623 -0.011005 0.0223577 0.000224519 0.0195591 0.0341748 0.00416359 0.0112517 -0.00573667 -0.00155936 0.00977493 -0.000884648 0.00323678 -0.0122727 0.00494605 -0.00475907 0.00893386 0.00961263 -0.0183295 0.0307984 0.0225618 0.0257815 0.00217069 0.00458055 -0.00198151 0.0115086 0.0129498 0.00962628 -0.00522164 0.00846998 0.0107823 0.0156761 0.00424254 0.0053796 0.00438836 0.00106165 -0.00112998 -0.00037972 0.000809843 -0.00238862 0.00209406 0.00197096 0.000183965 0.00460751 0.00619948 0.00817735 0.038881 -0.0108219 0.0193726 -0.0113182 0.0180006 -0.00572988 -0.0104617 -0.00936074 -0.00769122 -0.00705266 -0.00794721 -0.00568416 -0.000135898 -0.0173526 -0.0181404 -0.0172447 -0.0156197 0.00749013 -0.00458029 -0.00810973 -0.00539638 -0.0139889
internal_weight=27626 9335 18291 7650 1685 9909 8382 3060 1472 5547 4590 5804 457 5332 1486 1015 2384 1574 4362 2782 1288 2550 536 4198 2185 3466 2206 1991 2578 591 838 417 2550 906 2014 990 787 488 3242 1633 772 648 1975 1440 1226 535 1710 1477 1644 436 650 1208 720 488 861 540 424 2275 421 2051 433 2911 1542 896 1606 1382 1181 466 415 2035 1529 1147 655 405 1525 638 1146 1923
internal_count=27626 9335 18291 7650 1685 9909 8382 3060 1472 5547 4590 5804 457 5332 1486 1015 2384 1574 4362 2782 1288 2550 536 4198 2185 3466 2206 1991 2578 591 838 417 2550 906 2014 990 787 488 3242 1633 772 648 1975 1440 1226 535 1710 1477 1644 436 650 1208 720 488 861 540 424 2275 421 2051 433 2911 1542 896 1606 1382 1181 466 415 2035 1529 1147 655 405 1525 638 1146 1923
cat_boundaries=0 1 2 3 4 5 6
cat_threshold=4672 2248 1674 10317 11270 3
is_linear=0
shrinkage=0.047679


Tree=28
num_leaves=79
num_cat=3
split_feature=9 9 9 9 49 51 9 51 54 0 16 7 33 49 18 36 15 7 9 0 51 55 24 33 6 42 6 3 6 7 55 6 15 59 9 37 55 19 43 52 16 14 59 25 34 45 18 54 54 6 6 17 51 37 37 19 18 54 20 28 17 55 9 55 21 28 17 0 42 59 36 32 6 42 33 33 7 6
split_gain=1126.66 295.169 222.674 62.4028 42.4501 40.1954 36.535 36.0767 12.0779 11.2638 21.395 10.2731 9.21047 9.11834 8.37177 8.20403 8.17271 7.96089 7.93959 7.53969 6.86516 8.83836 6.7456 6.47945 6.43592 5.90874 6.88114 5.52621 5.48097 5.57902 5.5914 5.45058 6.46093 5.18694 5.18112 4.4377 4.58413 4.40778 4.12208 3.71332 3.52625 3.88256 3.43059 3.3861 3.33246 3.09224 2.766 2.55265 2.49086 2.30044 2.29695 2.28889 2.77695 2.17722 2.62174 2.05387 2.03601 1.97767 1.94284 1.93388 1.93118 1.85904 1.78736 1.65225 1.54424 1.50289 1.46988 1.39493 1.58251 1.33351 1.19666 1.28676 1.18658 1.1725 1.1842 1.12561 0.971634 1.73905
threshold=22.618033000000004 23.894575000000003 21.682527500000003 25.580967000000005 22.185349450000004 23.130637083333337 21.123851500000004 24.285614633333338 0.69445790204590152 0 4.4388145000000012 27.500000000000004 23.205063000000006 21.544441225000003 22.046036000000004 23.926782500000005 3.4216052877656966 26.500000000000004 23.275083000000006 1 22.603480616666669 0.60002890631510863 22.446734500000002 21.988071250000004 10.500000000000002 24.432154500000003 8.5000000000000018 3.3412340000000005 12.500000000000002 12.500000000000002 0.24783208851419916 13.500000000000002 2.9610399363789703 5.491666666666668 20.830690500000006 23.282761500000003 0.57692071991676064 23.044152000000004 23.406092500000003 0.14810796201245721 -3.8839499999999991 4.1117881714674738 5.491666666666668 22.695739500000006 21.786105000000003 21.376759500000002 21.987129000000003 0.28283738907154299 0.30679330393273146 9.5000000000000018 9.5000000000000018 1.1667809999999998 22.39173765 23.423313000000004 22.769381500000005 21.461946000000005 21.124107000000006 0.25338973387506908 21.957391000000005 22.698253000000005 2.8731920000000009 0.43619338164834126 22.474532000000004 0.39022944515899743 21.870221500000003 21.293989500000006 2.1878955000000002 2 22.574897000000004 5.0083333333333337 22.217337500000003 21.649510500000002 16.500000000000004 21.471524500000005 21.817629000000004 22.379251250000003 12.500000000000002 16.500000000000004
decision_type=2 2 2 2 2 2 2 2 2 9 8 2 2 2 2 2 10 2 2 9 2 2 2 2 2 2 2 2 2 2 2 2 10 2 2 2 2 2 2 2 8 10 2 2 2 2 2 2 2 2 2 10 2 2 2 2 2 2 2 2 8 2 2 2 2 2 8 9 2 2 2 2 2 2 2 2 2 2
left_child=2 5 6 7 19 8 34 12 9 10 43 -5 16 45 61 17 -3 -14 24 47 21 51 -22 -11 37 -9 -27 -28 29 -21 -31 32 -26 40 72 -20 38 -7 -37 60 -25 59 55 -2 -32 -8 -41 50 62 -40 -4 67 -53 54 -50 -15 -36 65 -46 -42 -30 -6 -24 -35 73 -47 -49 69 75 -16 71 -62 -1 -57 -75 -69 -67 -78
right_child=1 3 4 11 14 18 13 25 -10 23 -12 -13 15 42 20 -17 -18 -19 35 28 22 -23 48 33 31 26 27 -29 39 30 44 -33 -34 63 56 36 -38 -39 49 46 41 -43 -44 -45 58 57 -48 66 53 -51 -52 52 -54 -55 -56 64 -58 -59 -60 -61 70 -63 -64 -65 -66 76 -68 68 -70 -71 -72 -73 -74 74 -76 -77 77 -79
leaf_value=-0.017140793939351827 0.0085195436457203705 0.018609009925997476 -0.0024049184088492854 0.050599165981716654 -0.0017910885038988963 0.00047361062512584547 -0.013330939759167236 0.036549161440220579 -0.0062970160467150163 -0.0033879701428044728 0.020501346485940708 0.035819678131727872 0.030481611267985587 -0.012662209895498048 0.00064558021787649385 0.013791242303208905 0.0050460328517318576 0.018213146471648574 0.010026295064211875 -0.00692573719978762 0.0096255172406631371 -0.0083436833975015362 -0.003652781730628548 -0.0018778736945967219 0.021664874859301173 0.03329660649053421 0.031069108730074547 0.021192460756330894 -0.0020483114217980771 0.0046202223311009212 0.002389088165029233 0.0075127051241732062 0.010002011777494636 0.0067257079123688559 -0.016398731833815343 0.019603121186471988 0.022432580803048406 0.0093533204513619635 0.015275460618594328 0.0010072931393940536 0.0019298497270343251 0.0095081062824025307 -0.0027873310211597412 0.00023782087425288495 -0.0081152404002487188 -0.014497628175959301 -0.0057408350779093531 -0.013508963614814616 0.0025013623105327723 0.010031858235557575 -0.0087349886693734603 0.00089421723514245455 0.0078866383711954906 -0.00027412910685665738 0.0086696323311495765 -0.00550463966851271 -0.01216396371162759 -0.0070153337164135781 -0.0017473199928085309 0.0051595972619024773 -0.0099757806706614518 -0.0076482349467252306 0.0025060659965907024 0.012576475829957455 -0.0048262379913038052 -0.012797074722144237 -0.0084810807893802923 -0.00098997518413815474 -0.0042273614984597342 0.0054457833019298258 -0.010343617405817148 -0.0059589948015967131 -0.020717839786992091 -0.010454747022779431 -0.0070989607760142829 0.0020074429438790473 -0.0070717009582713349 -0.011304773841913276
leaf_weight=285 214 201 200 220 241 232 1820 224 209 241 307 208 243 257 358 252 203 238 386 349 395 245 207 221 213 336 199 365 200 382 202 316 219 231 1211 275 203 281 402 304 821 296 253 236 224 268 253 278 334 361 374 296 229 204 295 212 328 299 212 866 211 252 222 209 276 333 252 684 211 208 213 1288 810 745 352 488 341 625
leaf_count=285 214 201 200 220 241 232 1820 224 209 241 307 208 243 257 358 252 203 238 386 349 395 245 207 221 213 336 199 365 200 382 202 316 219 231 1211 275 203 281 402 304 821 296 253 236 224 268 253 278 334 361 374 296 229 204 295 212 328 299 212 866 211 252 222 209 276 333 252 684 211 208 213 1288 810 745 352 488 341 625
internal_value=-1.35661e-05 0.0133672 -0.00693521 0.0267226 -0.00205446 0.00803815 -0.0126257 0.0235624 0.00484933 0.00548898 0.0106561 0.0434166 0.0175743 -0.010505 0.00110521 0.0207601 0.011794 0.0244112 0.0122903 -0.00516745 0.0017688 0.000294551 0.00418792 0.00408208 0.00945063 0.0296198 0.0278952 0.0246773 -0.00413123 -0.00172229 5.81122e-05 0.0122715 0.0157525 0.00477842 -0.0172799 0.0144911 0.0158799 0.00533755 0.0145984 -0.00548366 0.00383485 0.00447152 -0.00799333 0.00417624 -0.00267343 -0.0119326 -0.00205784 -0.00865404 0.00248597 0.0127945 -0.00652939 0.00114999 0.00394425 0.00400609 0.00539427 -0.00870838 -0.0154962 -0.0105688 -0.00501891 0.0035878 -0.00648166 -0.00478501 -0.000465686 0.00950483 -0.00806729 -0.0112468 -0.0111184 0.00039731 -0.000423176 0.00236778 -0.00699957 -0.0065244 -0.0197868 -0.00875065 -0.00937796 0.000258097 -0.0105761 -0.00981049
internal_weight=27654 9428 18226 2689 9811 6739 8415 2261 3851 3642 757 428 1137 5781 4869 733 404 481 2888 4942 4376 2719 1657 2885 1261 1124 900 564 3838 1369 1020 748 432 2644 2634 1627 1241 513 1038 2469 2204 1983 2095 450 638 3686 557 1104 1262 763 574 2474 525 833 629 1842 1539 1866 436 1687 1912 493 429 440 1585 1567 530 1949 1383 566 1712 1499 1095 1309 1097 1172 1299 966
internal_count=27654 9428 18226 2689 9811 6739 8415 2261 3851 3642 757 428 1137 5781 4869 733 404 481 2888 4942 4376 2719 1657 2885 1261 1124 900 564 3838 1369 1020 748 432 2644 2634 1627 1241 513 1038 2469 2204 1983 2095 450 638 3686 557 1104 1262 763 574 2474 525 833 629 1842 1539 1866 436 1687 1912 493 429 440 1585 1567 530 1949 1383 566 1712 1499 1095 1309 1097 1172 1299 966
cat_boundaries=0 1 2 3
cat_threshold=3008 4672 140
is_linear=0
shrinkage=0.047679


Tree=29
num_leaves=79
num_cat=1
split_feature=48 50 48 48 20 51 18 39 18 54 18 59 18 18 17 54 42 30 52 16 48 52 50 25 32 55 33 31 18 50 25 18 56 7 52 54 15 48 47 55 40 18 28 54 33 7 40 55 27 24 1 59 18 56 27 54 3 59 50 32 59 36 42 18 29 56 52 7 19 31 55 40 37 55 34 55 18 56
split_gain=1026.65 291.813 175.268 57.6812 42.1651 39.7659 19.9445 13.043 11.0559 10.6725 10.0637 9.52033 6.67923 6.03468 5.78162 5.10418 5.67386 5.13712 5.04106 4.85415 4.84546 4.34533 4.13789 3.81277 3.7788 4.04723 3.77593 3.71083 3.61153 3.54356 3.49292 5.127 3.56844 3.4571 3.42607 5.46701 4.86726 3.28942 3.04536 3.54062 3.48318 2.92249 3.20025 3.16211 2.83084 3.31852 3.80976 2.70294 2.68449 2.62327 3.85453 2.56589 3.20113 2.28952 2.15435 2.12526 2.1248 2.02157 2.01846 1.93945 1.88331 1.85499 1.83967 1.47912 1.36079 1.3168 1.2459 1.12383 0.991924 0.979277 0.924719 0.918018 0.908893 0.794867 0.622484 0.557801 0.659925 0.78468
threshold=22.564587200000005 24.325217600000006 21.545551100000001 23.070596400000003 26.076946500000002 22.164621983333337 21.084567000000003 23.049973500000004 25.086495500000002 0.65387121745361254 24.538324500000005 5.5083333333333337 21.842958500000005 22.057426500000002 0.9161904999999998 0.72863878684144778 22.819953000000002 23.057971000000006 0.72678282897090951 3.6913825000000005 23.773030200000004 0.27090370610136155 22.724494337500001 24.551026000000004 24.126534000000003 0.19944777175219383 23.880547500000002 23.605884500000005 21.357030000000005 20.798486175000004 22.555645000000002 22.495881000000001 0.22335800000000286 8.5000000000000018 0.44928399086571641 0.48090781783819242 5.8231554952350288 23.373461800000005 23.327364000000003 0.44207696787667011 23.361478500000004 22.329507500000002 22.169304500000003 0.22204704528334465 22.057872000000003 21.500000000000004 22.518125500000004 0.20138717117534657 22.098689500000003 22.231053500000005 0 5.4750000000000005 23.024515000000005 0.16165649999999945 21.893579500000005 0.1993233872410369 5.0075535000000011 5.4750000000000005 22.323543225000005 21.680568500000003 5.491666666666668 22.572405000000003 22.484100500000004 21.683334500000004 20.813396500000003 0.061047999999999554 0.027705808855472552 32.500000000000007 21.671671000000003 21.149092500000005 0.11062579179757183 21.744479000000002 21.941043500000003 0.22327273092551655 21.113095500000004 0.31495039763933996 21.569719500000001 0.052770500000001171
decision_type=2 2 2 2 2 2 2 2 2 2 2 2 2 2 8 2 2 2 2 10 2 2 2 2 2 2 2 2 2 2 2 2 2 2 2 2 8 2 2 2 2 2 2 2 2 2 2 2 2 2 1 2 2 2 2 2 2 2 2 2 2 2 2 2 2 2 2 2 2 2 2 2 2 2 2 2 2 2
left_child=2 3 6 18 8 9 29 15 14 11 20 12 56 44 -3 16 37 -18 19 22 24 -10 51 -16 25 -9 27 -22 60 70 -24 -32 47 -14 35 48 -37 -5 40 -40 -27 42 43 -35 -7 -46 -47 -33 -15 50 -50 52 55 64 -43 -2 57 63 -51 66 65 -60 -57 67 -31 74 -30 -4 -58 -66 -1 -70 -65 -67 -8 76 77 -68
right_child=1 4 5 7 -6 13 28 10 21 -11 -12 -13 33 34 23 -17 17 -19 -20 -21 26 -23 30 -25 -26 38 -28 -29 59 53 31 32 -34 41 -36 36 -38 -39 39 -41 -42 54 -44 -45 45 46 -48 -49 49 58 -52 -53 -54 -55 -56 62 68 -59 61 -61 -62 -63 -64 72 69 73 75 -69 71 -71 -72 -73 -74 -75 -76 -77 -78 -79
leaf_value=-0.017958314357143436 0.0033641348026365123 0.030046741491066821 -0.0083444985574599624 0.010465996382500052 0.050451012434056648 0.0018917223923694683 -0.016274966561058885 0.016080352428103177 0.035883114760124096 -0.016231391617872914 0.024532941136987795 0.0037871183384418131 -0.0083180266348430853 -0.0035139496095104744 0.026545083644986974 0.0021096799596785798 0.0011025260708613168 0.010404879176624989 -0.0023533764885350444 0.011882673964832847 0.014985470678729034 0.027506207122755071 0.011069295918232009 0.018456937530219247 0.017942660244338923 0.0098484202100655692 0.012810769104585276 0.023671195706731114 -0.006879948241238598 -0.012841620787386303 -0.0017690923656106814 0.0091907724950237024 0.010812297334165668 -0.003251633174007586 -0.0043810090216405868 0.00098739248706906555 0.011053340425920197 0.017929512018394971 0.0054579987118440606 0.01181082643033474 0.017512144632057306 0.0037541900524059174 0.00088978577555197608 -0.0075480229820301835 5.1621564857949971e-05 -0.0031650317874210628 -0.011452442431278935 0.0040798322285035393 0.00042686834168674206 -0.0028099392883773849 0.0082450438261790302 0.0064106998015994471 0.0070298627933799065 -0.010737513650026296 -0.0031416413396865113 0.0011244040296496565 -0.0027341412142850448 -0.004808630637621247 0.0026252738307361296 -0.0064313277069657677 -0.008516722758322201 -0.00076719691381986303 -0.0040921109351903682 -0.0062158606117045604 -0.017683533887957237 -0.012479863437844822 -0.011608481978376739 -0.011442785699233722 -0.0037645763993016837 -0.014634919478989388 -0.021356597681898751 -0.0077153037107247618 -0.0099009167886392521 -0.0087508548309682861 -0.013459930037926579 -0.013103103263995632 -0.007996180687386778 -0.0087550971445160448
leaf_weight=441 378 253 577 366 211 207 213 339 358 211 201 250 361 294 208 230 235 317 225 219 215 232 261 365 229 332 335 233 201 242 214 293 297 1050 235 199 242 212 434 369 227 208 255 619 257 307 214 1193 318 353 262 329 209 209 204 350 263 384 870 326 230 633 274 636 805 371 926 494 211 341 310 365 200 200 1105 218 203 287
leaf_count=441 378 253 577 366 211 207 213 339 358 211 201 250 361 294 208 230 235 317 225 219 215 232 261 365 229 332 335 233 201 242 214 293 297 1050 235 199 242 212 434 369 227 208 255 619 257 307 214 1193 318 353 262 329 209 209 204 350 263 384 870 326 230 633 274 636 805 371 926 494 211 341 310 365 200 200 1105 218 203 287
internal_value=2.04356e-05 0.0120651 -0.00703849 0.00853022 0.0305672 -0.00325847 -0.0131288 0.0124395 0.0276042 -0.00568979 0.0142389 -0.00532378 -0.00571467 0.000223237 0.0240436 0.00858403 0.00990182 0.00644464 0.00459147 0.00498046 0.0134762 0.0325892 0.00458247 0.021393 0.0121928 0.0114187 0.0166397 0.0195028 -0.0111916 -0.01666 0.00588215 0.00520421 0.00604116 -0.00397567 0.00117377 0.00158543 0.00651111 0.0132035 0.0102584 0.0083773 0.0129605 -0.00330461 -0.004085 -0.00484508 -0.00306359 -0.00438203 -0.00656908 0.00508758 0.000789747 0.00130916 0.00410804 0.00267682 0.00166242 -0.0153898 0.000339749 0.00054286 -0.0072131 -0.00796486 0.000434506 -0.00982016 -0.0125903 0.00119651 -0.00116618 -0.00860041 -0.0160904 -0.0130863 -0.0104222 -0.00977359 -0.0051603 -0.0167764 -0.0193611 -0.00626808 -0.00709746 -0.0111737 -0.0139149 -0.0108579 -0.0105123 -0.0109334
internal_weight=27450 10143 17307 8516 1627 10679 6628 4274 1416 6288 2914 6077 5827 4391 826 1360 1130 552 4242 4017 2713 590 3798 573 1930 1701 783 448 4280 2348 2258 1997 1783 2697 3406 3171 441 578 1362 803 559 2336 1924 1669 985 778 521 1486 2730 2436 580 1540 1211 1597 412 1002 3130 2291 1856 2161 2119 1503 624 1907 1388 1889 1835 1071 839 1146 751 576 836 571 1318 1634 1416 1213
internal_count=27450 10143 17307 8516 1627 10679 6628 4274 1416 6288 2914 6077 5827 4391 826 1360 1130 552 4242 4017 2713 590 3798 573 1930 1701 783 448 4280 2348 2258 1997 1783 2697 3406 3171 441 578 1362 803 559 2336 1924 1669 985 778 521 1486 2730 2436 580 1540 1211 1597 412 1002 3130 2291 1856 2161 2119 1503 624 1907 1388 1889 1835 1071 839 1146 751 576 836 571 1318 1634 1416 1213
cat_boundaries=0 1
cat_threshold=1
is_linear=0
shrinkage=0.047679


Tree=30
num_leaves=79
num_cat=8
split_feature=48 9 48 9 51 18 9 48 17 51 9 53 54 9 0 6 21 6 47 0 10 31 6 54 29 0 6 29 54 17 0 9 41 6 54 59 19 6 15 39 36 8 7 53 7 7 47 0 7 48 0 43 28 17 30 48 0 3 7 0 3 41 54 37 3 14 7 6 18 20 2 54 31 9 53 55 51 7
split_gain=916.618 272.94 172.862 50.6429 41.246 37.2848 20.7785 16.2569 15.2592 11.4393 10.7364 9.22994 8.57201 7.76169 6.59462 6.74765 6.5892 6.51336 6.27212 5.40908 5.2497 5.82329 5.19494 8.90222 7.47379 5.04372 5.19304 4.86528 5.7713 4.31261 4.20433 4.17637 3.72979 3.78996 3.66046 3.63351 3.44567 3.4185 3.64425 3.38989 3.36536 6.5889 5.30752 3.21647 4.7778 8.58486 3.21329 3.06239 2.99129 2.9221 2.6766 2.59998 2.54054 2.44946 2.27127 2.24535 2.18976 2.0782 1.96025 1.91114 1.76359 2.52657 1.67599 2.36606 1.38905 1.22156 1.21468 1.06269 1.04874 0.987669 0.945357 1.2973 1.14524 0.836007 0.820849 0.754525 0.724528 0.66354
threshold=22.608309500000001 24.389993500000006 21.545551100000001 23.534949500000003 22.164621983333337 26.063037000000005 21.142061000000002 23.052454100000002 0.55618300000000043 24.401052058333338 25.083875500000001 0.65983066363468423 0.65387121745361254 22.328872 0 9.5000000000000018 23.255985500000005 9.5000000000000018 23.556363000000005 1 1.5000000000000002 23.204092000000003 10.500000000000002 0.19207949845905972 23.271242500000003 2 12.500000000000002 22.736691500000003 0.57379120084656787 -0.17988449999999975 3 20.889401500000002 23.314913250000004 10.500000000000002 0.23287207828339826 5.0083333333333337 23.612186000000005 13.500000000000002 4.3511365804671804 23.705199000000004 23.586810000000003 1.5000000000000002 38.500000000000007 0.54401972754915928 40.500000000000007 50.500000000000007 22.007358500000002 4 27.500000000000004 21.713328900000004 5 24.805742750000004 23.575761500000002 3.1223560000000004 21.954054500000005 21.318789500000005 6 4.8678060000000007 32.500000000000007 7 3.7442280000000006 21.736669500000001 0.18502150210378229 21.275802500000001 0.43629400000000002 3.2432879668353385 30.500000000000004 9.5000000000000018 22.240649000000001 21.977209000000006 11.194761000000002 0.064976251752237715 21.110681500000002 21.551746000000005 0.045457322283008902 0.28733414838722193 21.754130600000003 12.500000000000002
decision_type=2 2 2 2 2 2 2 2 10 2 2 2 2 2 9 2 2 2 2 9 2 2 2 2 2 9 2 2 2 10 9 2 2 2 2 2 2 2 10 2 2 2 2 2 2 2 2 9 2 2 9 2 2 8 2 2 9 2 2 9 2 2 2 2 2 10 2 2 2 2 2 2 2 2 2 2 2 2
left_child=2 3 6 7 12 8 31 19 10 16 51 27 13 25 17 -16 65 -6 36 -2 21 32 23 -21 43 37 35 -9 40 55 -25 64 33 68 -31 56 -18 38 54 -20 41 53 -43 44 50 -46 -35 -15 -12 66 -24 -3 -38 -29 58 75 76 -42 -4 -37 69 -62 70 -64 -1 -5 77 -32 -17 -51 71 -33 -73 74 -57 -8 -27 -28
right_child=1 5 4 9 14 -7 29 11 -10 -11 48 -13 -14 47 15 20 18 -19 39 22 -22 -23 24 30 -26 26 49 28 -30 34 67 62 -34 46 -36 59 52 -39 -40 -41 57 42 -44 -45 45 -47 -48 -49 -50 60 -52 -53 -54 -55 -56 73 -58 -59 -60 -61 61 -63 63 -65 -66 -67 -68 -69 -70 -71 -72 72 -74 -75 -76 -77 -78 -79
leaf_value=-0.020538585839857175 0.010882656621636001 0.027183435711773195 -0.0075798010879167864 0.01029869608013682 0.0003248139194935879 0.047805683416753175 -0.012088853023006293 0.0042811341761318962 0.018157612065982928 0.023531280696192466 0.038464032075303446 0.001532111404991724 -0.014822415257839153 0.0037027737300026169 0.0071200493681437835 -0.0067792909719689588 0.013794882819535982 -0.0087100146933069694 0.015510658110263196 0.0086620992232139642 0.0079338035143336847 0.0068991637673883376 -0.0024406246459735006 0.00251848240627811 0.010623942621567609 -0.0079082187204492782 -0.0086046963430047186 0.019567102012901762 0.018354199197225848 -0.010859361193136557 -0.002978407734387528 -0.011035612549828627 -0.0063718326524369673 -0.0044535464454834575 -0.0023734275422552459 -0.0024148098923428337 0.016446708723477945 -0.012375884318372681 -0.0022119924784665909 0.0083737906291829721 0.0039537501528249955 0.011765174585555174 0.0033359369829292977 -0.0016494800404980058 0.014561937051969731 0.0018303211952146877 0.0011764823944592621 -0.0032572529554434531 0.031153348991514798 -0.0043489983555147094 0.0033795473480638526 0.020589056513574025 0.023794358929063859 0.012599367032762265 -0.0046001911522844533 -0.0082026965626639664 7.3769197550375357e-06 0.010221205005177793 -0.013714788816891478 0.0035756987382129981 -0.0023595226253855868 -0.0067564327548866165 -0.0077448724831979095 -0.014922178181700042 -0.016897748018606166 0.0050354221036532226 -0.010294425348560496 -0.0077031073575303663 -0.0019432424625304291 2.0158199460259228e-05 -0.017947322772124023 -0.018222964452315707 -0.013305193513670644 -0.0079279717201418271 -0.010930003651269633 -0.01527427751856539 -0.0044828023872639858 -0.004921837401974315
leaf_weight=305 217 361 244 202 397 210 1123 304 384 274 213 350 214 280 388 199 312 334 248 208 205 264 209 233 365 224 208 204 204 208 206 199 226 255 260 205 200 350 273 388 289 418 286 268 234 248 2394 275 316 269 1109 218 230 262 210 300 217 206 230 270 388 1268 203 215 1088 199 383 228 209 209 205 209 222 346 1532 199 376 239
leaf_count=305 217 361 244 202 397 210 1123 304 384 274 213 350 214 280 388 199 312 334 248 208 205 264 209 233 365 224 208 204 204 208 206 199 226 255 260 205 200 350 273 388 289 418 286 268 234 248 2394 275 316 269 1109 218 230 262 210 300 217 206 230 270 388 1268 203 215 1088 199 383 228 209 209 205 209 222 346 1532 199 376 239
internal_value=-7.08852e-05 0.0116389 -0.00651364 0.00799223 -0.00290516 0.0289957 -0.0126258 0.00579586 0.0263482 0.0144626 0.0291868 0.00871773 -0.00544257 -0.00511447 0.000393305 0.00113156 0.0130658 -0.00375195 0.0146312 0.00370455 0.000515299 8.65437e-05 0.00319113 5.01114e-05 0.00433387 -0.00565088 -0.00481258 0.0098751 0.010785 -0.0104435 -0.00263549 -0.0158984 -0.000461288 -2.43292e-05 -0.00614496 -0.00230131 0.0176092 -0.00828045 -0.00686917 0.0111567 0.00985757 0.0112518 0.0083408 0.00322368 0.00394924 0.00801123 0.00063452 0.000262139 0.034097 -0.00592348 0.00246375 0.0247006 0.0203769 0.0156496 -0.00872795 -0.0110183 -0.00422926 0.00656203 -0.0105567 0.00101476 -0.00498984 -0.00572624 -0.0139011 -0.0114366 -0.0176949 0.00768675 -0.00832393 -0.00533753 -0.004302 -0.00243864 -0.0151349 -0.0142198 -0.0156899 -0.0100774 -0.0104834 -0.0125684 -0.00566717 -0.00663556
internal_weight=27620 9803 17817 8101 11203 1702 6614 6048 1492 2053 1108 2523 6332 6118 4871 4140 1779 731 1378 3525 3752 3547 3308 875 2433 5563 4256 2173 1869 3968 667 2646 3283 3057 468 1292 742 1307 957 636 1665 1170 704 2068 1800 482 2649 555 529 2964 1318 579 430 466 684 3500 817 495 474 475 2134 1656 1253 418 1393 401 830 434 408 478 835 630 431 2178 1832 1322 600 447
internal_count=27620 9803 17817 8101 11203 1702 6614 6048 1492 2053 1108 2523 6332 6118 4871 4140 1779 731 1378 3525 3752 3547 3308 875 2433 5563 4256 2173 1869 3968 667 2646 3283 3057 468 1292 742 1307 957 636 1665 1170 704 2068 1800 482 2649 555 529 2964 1318 579 430 466 684 3500 817 495 474 475 2134 1656 1253 418 1393 401 830 434 408 478 835 630 431 2178 1832 1322 600 447
cat_boundaries=0 1 2 3 4 5 6 7 8
cat_threshold=13184 704 4672 2308 3082 3072 1031 5
is_linear=0
shrinkage=0.047679


Tree=31
num_leaves=79
num_cat=6
split_feature=9 48 51 48 18 49 48 39 21 9 43 53 9 19 0 19 6 6 0 55 6 54 59 16 43 0 19 34 6 0 16 9 5 54 39 7 43 7 9 49 5 15 44 54 43 52 45 33 24 49 8 7 34 6 0 7 52 16 9 22 59 47 7 53 52 0 43 48 54 26 33 22 7 54 7 22 43 18
split_gain=863.506 268.499 132.614 53.1562 35.9096 26.6497 19.6769 18.9967 12.4143 11.8305 10.4109 9.96066 9.92649 11.6238 6.73804 7.0171 6.67094 6.49534 6.32165 11.0045 7.03667 9.99725 6.20366 6.8207 5.96332 5.79254 5.74131 5.71255 5.62302 4.67346 4.5902 4.39447 4.36891 4.73446 4.05933 3.97062 4.78882 4.34148 3.94557 3.94447 6.93637 3.59147 3.37559 3.25462 3.24163 3.16608 2.9853 2.89557 2.98521 2.86794 2.69948 10.4154 5.80516 2.57046 2.66545 3.09971 2.52775 2.45036 2.34737 2.30836 2.25009 2.2303 2.10908 2.0729 3.1305 2.29816 1.70182 1.64981 1.61494 1.57992 1.24297 1.17444 1.27878 1.09559 1.07776 1.00102 0.939304 0.880945
threshold=22.463458000000006 24.154118350000005 21.613352791666674 23.070596400000003 26.063037000000005 22.083179200000004 21.006707700000003 23.443767500000003 24.874039500000006 23.395023000000005 24.647489500000002 0.31186771144966113 23.609067500000005 22.0571175 0 23.812928500000002 11.500000000000002 13.500000000000002 1 0.53190967447834703 10.500000000000002 0.19207949845905972 5.491666666666668 -0.17638500000000021 21.824202500000002 2 21.425250000000002 22.282527000000005 10.500000000000002 3 -1.2461549999999988 24.389993500000006 2.7871270000000004 0.40269101008773972 22.518052000000001 12.500000000000002 22.964962000000003 21.500000000000004 21.396375500000005 23.292353425000002 4.4976420000000008 3.8078513325091436 22.509159 0.28843774080363066 22.670732000000005 0.14634688186391551 21.841915000000004 22.812912000000004 22.231053500000005 23.415908600000005 1.5000000000000002 20.500000000000004 21.890145500000003 16.500000000000004 4 26.500000000000004 0.16288188787283078 2.5293595 22.797635000000003 23.517466500000001 5.491666666666668 20.916918000000003 14.500000000000002 0.31186771144966113 0.1521510098601658 5 23.451856500000002 22.196675500000005 0.46593695638895899 24.552086000000003 21.150393500000003 21.356120000000004 30.500000000000004 0.10601782263291762 16.500000000000004 20.871433000000003 22.348653500000005 20.680041500000005
decision_type=2 2 2 2 2 2 2 2 2 2 2 2 2 2 9 2 2 2 9 2 2 2 2 10 2 9 2 2 2 9 10 2 2 2 2 2 2 2 2 2 2 10 2 2 2 2 2 2 2 2 2 2 2 2 9 2 2 8 2 2 2 2 2 2 2 9 2 2 2 2 2 2 2 2 2 2 2 2
left_child=2 3 6 12 7 26 61 -3 31 17 -10 -12 13 -2 16 56 41 39 19 30 21 -20 23 27 68 35 -4 -22 -17 -19 -15 -9 -28 50 67 43 37 -37 60 40 -5 -11 -25 -26 -45 -23 -35 48 -39 -41 51 -34 -53 54 55 62 66 -51 -47 -58 70 77 -40 64 -52 -66 -16 -27 -7 -33 74 -72 -73 -55 -8 -63 -69 -1
right_child=1 4 5 9 -6 24 38 8 10 14 11 -13 -14 18 15 28 -18 29 20 -21 22 45 -24 42 25 34 32 -29 -30 -31 -32 69 33 46 -36 36 -38 47 53 49 -42 -43 -44 44 -46 58 -48 -49 -50 57 63 52 -54 73 -56 -57 59 -59 -60 -61 -62 75 -64 -65 65 -67 -68 76 -70 -71 71 72 -74 -75 -76 -77 -78 -79
leaf_value=-0.019610012187280715 -0.0053351249850199026 0.010866434312270561 -0.01126874105309883 0.019106756763620881 0.044452580508613129 -0.0029089703307370032 -0.01663457063144836 0.017462311829774802 0.039747456944269059 0.0080769134167478669 0.031969100801039742 0.018726590235845823 0.012568980668153464 0.0080250657551670119 0.019166578380956791 0.015308256904054152 0.0024043096385209634 0.0076269691008443172 0.0073917359882194281 0.017435836729415045 -0.0042244360333860871 0.0012446117142247014 0.010140925925894816 0.0036416222794566203 -0.0056308700478152783 -0.0046365624164078243 -0.01011562551734238 0.0031734954855043409 0.025789345819920356 -0.0019849895448403152 -0.00041082428048949834 0.027872344811303591 -0.010900547104233237 -0.0046615686998531239 -0.0082152034227129887 0.0056491156962526065 0.0071173776320245293 0.0022761793777062436 -0.0093224487021003714 0.0032047055985781011 0.008430747640543022 0.016962299419351751 0.011601352098187391 0.0043541574893979371 -0.0037824814149235693 -0.0027924271182540625 0.0017989560197413446 0.0047313448963871669 -0.0026269169750693443 0.013717960594217503 -0.0061659235115957695 0.0075751356809809905 -0.0035348410701070737 -0.0096650573993286686 -0.0031091972128038459 -0.011807247568714629 0.014627580936280653 0.006931105125791817 -0.0096784997446001265 0.0087169782401077776 -0.0078317814643032481 -0.011671709670886869 -0.0025398296293245603 -0.010018394332053647 0.0011483478772941899 -0.0052804406442332162 0.013073878545445203 -0.0014851186260094785 -0.0084913910196521784 0.022207035016110665 -0.012108199869719069 -0.0075779141287511311 -0.01201305029755988 -0.013523306932518344 -0.012430883225367156 -0.015470512366054423 0.0028084523493507908 -0.016546241642812404
leaf_weight=276 331 214 362 242 224 251 200 316 199 201 346 206 277 363 212 241 222 247 259 203 278 206 356 205 305 219 359 1620 225 206 246 206 220 282 259 393 371 433 205 224 323 213 296 251 200 251 384 247 811 204 2554 208 220 780 317 385 271 297 204 337 347 287 212 249 257 237 205 268 222 245 1310 331 267 213 452 350 204 940
leaf_count=276 331 214 362 242 224 251 200 316 199 201 346 206 277 363 212 241 222 247 259 203 278 206 356 205 305 219 359 1620 225 206 246 206 220 282 259 393 371 433 205 224 323 213 296 251 200 251 384 247 811 204 2554 208 220 780 317 385 271 297 204 337 347 287 212 249 257 237 205 268 222 245 1310 331 267 213 452 350 204 940
internal_value=6.66021e-05 0.0104837 -0.00677108 0.0069917 0.0264888 -0.00320037 -0.0118455 0.0241655 0.0260404 0.0112043 0.0303978 0.0270272 0.00379197 0.00328736 0.0135906 0.0154144 0.00893218 0.00829214 0.00392343 0.0077269 0.00305371 -0.000548331 0.00426765 0.00339608 -0.000469113 0.000135117 -0.00547163 0.00208992 0.0203689 0.00338052 0.00461747 0.0217738 -0.00504939 -0.00465494 -0.00309191 0.00115969 0.00216605 0.00119103 -0.0102953 0.0100169 0.0130035 0.0126484 0.00834438 -0.00182674 0.000745892 -0.00365949 -0.000936582 1.59618e-05 -0.000920293 0.00768946 -0.00528268 -0.00246938 0.0018644 -0.00872692 -0.00716001 -0.00861495 0.0133124 0.00969462 -0.00587981 0.0113515 -0.0114348 -0.0160444 -0.00587421 -0.00583561 -0.00549391 -0.00201956 0.0161714 -0.00121635 -0.00552905 0.0247947 -0.0119231 -0.011309 -0.00955815 -0.0104927 -0.0137204 -0.013759 0.000370578 -0.0172416
internal_weight=27559 10921 16638 8965 1956 9766 6872 1732 1518 3870 751 552 5095 4818 2127 1491 636 1743 4487 812 3675 920 2755 2399 4434 3961 5332 1898 466 453 609 767 4970 4611 950 3011 2255 1884 5019 1290 565 414 501 756 451 661 666 1491 1244 725 3945 648 428 2112 1119 802 1025 501 455 608 2907 1853 417 3297 3048 494 417 691 473 451 2560 1908 598 993 652 637 472 1216
internal_count=27559 10921 16638 8965 1956 9766 6872 1732 1518 3870 751 552 5095 4818 2127 1491 636 1743 4487 812 3675 920 2755 2399 4434 3961 5332 1898 466 453 609 767 4970 4611 950 3011 2255 1884 5019 1290 565 414 501 756 451 661 666 1491 1244 725 3945 648 428 2112 1119 802 1025 501 455 608 2907 1853 417 3297 3048 494 417 691 473 451 2560 1908 598 993 652 637 472 1216
cat_boundaries=0 1 2 3 4 5 6
cat_threshold=1030 2240 3150 1096 4163 2059
is_linear=0
shrinkage=0.047679


Tree=32
num_leaves=79
num_cat=6
split_feature=9 50 50 9 19 9 50 19 53 19 3 9 57 35 0 0 6 53 3 6 6 10 6 51 0 43 6 49 6 6 59 49 0 59 19 25 0 55 54 51 8 7 31 30 25 35 7 6 19 53 26 9 54 0 52 6 16 59 55 54 9 43 55 55 7 3 36 31 16 53 7 59 9 47 42 15 25 17
split_gain=776.362 189.174 168.73 46.8316 35.2979 21.3338 18.5116 16.8379 15.056 8.69221 7.91623 6.94967 6.85509 12.3487 6.61378 6.16487 7.63019 7.21444 7.04636 5.77567 5.65503 5.4751 5.23616 4.97006 4.79474 4.77455 4.72207 4.61759 5.29289 4.51 5.48941 4.36661 4.28552 7.65303 4.35931 4.30394 4.19261 4.04265 3.83439 3.72448 4.66703 3.69074 3.65948 3.45346 3.07927 2.79389 2.74359 6.20658 2.67484 2.59027 2.33177 2.24009 2.23853 2.18189 2.3973 2.02691 2.01526 2.00559 2.08009 2.13224 1.8548 1.81436 1.57604 1.5154 1.51402 1.46238 1.45072 1.42443 1.36837 1.36419 1.36018 1.349 1.31568 1.5122 1.23743 1.18927 1.12768 1.11627
threshold=22.690128500000004 24.491159000000003 21.832496575000004 23.585904000000003 21.290755000000001 22.069127500000004 22.999300275000003 26.064242500000002 0.76294117326637922 22.0571175 3.3412340000000005 21.020160000000004 59.500000000000007 22.741598000000003 0 1 15.500000000000002 0.17409312760824724 4.8678060000000007 9.5000000000000018 9.5000000000000018 1.5000000000000002 10.500000000000002 21.600291533333337 2 23.498915000000004 11.500000000000002 25.207771950000005 8.5000000000000018 10.500000000000002 5.491666666666668 23.957217050000004 3 5.491666666666668 23.100065500000003 22.978827500000005 4 0.32941778418365542 0.64505585822988898 23.622377550000003 1.5000000000000002 12.500000000000002 23.558355500000005 22.825021000000003 22.221951000000004 22.845416000000004 46.500000000000007 13.500000000000002 21.879561500000005 0.3729030354623844 22.384324000000003 22.827644500000002 0.47385069525107054 5 0.10252003391865576 9.5000000000000018 -0.90090999999999954 5.491666666666668 0.31767643668407303 0.20150128199587636 20.775112000000004 24.991890000000001 0.23999496664444314 0.40909064427352981 24.500000000000004 3.3412340000000005 22.482911000000005 21.800524750000005 0.60899049999999966 0.35469944196010189 40.500000000000007 5.0083333333333337 22.463458000000006 22.457478500000004 22.819953000000002 6.8492573765858946 21.291694500000002 3.3639095000000001
decision_type=2 2 2 2 2 2 2 2 2 2 2 2 2 2 9 9 2 2 2 2 2 2 2 2 9 2 2 2 2 2 2 2 9 2 2 2 9 2 2 2 2 2 2 2 2 2 2 2 2 2 2 2 2 9 2 2 10 2 2 2 2 2 2 2 2 2 2 2 8 2 2 2 2 2 2 8 2 8
left_child=2 3 4 6 11 19 9 10 12 -2 61 60 13 -5 42 16 17 41 -19 24 -11 23 -21 57 -4 -16 -20 28 -12 -22 37 -27 34 35 -8 -34 -24 51 44 40 -37 -7 -15 -39 65 66 47 -43 49 64 70 -31 72 56 -55 -36 67 58 59 76 -1 -3 -62 -42 -38 -17 -28 -25 -44 77 71 -50 73 -46 -74 -67 -6 -13
right_child=1 7 5 8 21 15 32 -9 -10 20 27 69 -14 14 25 38 -18 18 26 22 29 -23 36 53 -26 31 45 -29 -30 30 -32 -33 33 -35 55 39 48 43 -40 -41 63 46 68 -45 52 -47 -48 -49 50 -51 -52 -53 -54 54 -56 -57 -58 -59 -60 -61 62 -63 -64 -65 -66 75 -68 -69 -70 -71 -72 -73 74 -75 -76 -77 -78 -79
leaf_value=-0.017244733050574432 -0.0063711485324480562 0.034040522437160076 -0.0037190632749916058 0.0016850030020336179 -0.012013134821515038 -0.0044040615742211783 0.00094980614811172024 0.040473161509084879 0.026444179393869355 0.009443953129102926 0.025792180150691311 -0.0077972875731956281 0.019872489207420112 0.0064206448330042416 0.022120337787343212 -0.0055917510365836795 -0.0053331903788562778 0.011366241944872129 -0.00056655919184857772 -0.0097261463462246945 -0.0037502144792791506 -0.0004387054712141157 -0.0098226655012423735 -0.01024262528996089 0.0057931020268037108 0.0091627703940800175 0.0067588480227776127 0.027557093107024856 0.015895383358624462 0.002440299306272362 0.01021373888627721 0.018062544853289422 0.014377274797961935 0.017994085243976568 0.011134811168958722 0.010722588493004065 -0.0011400669030114231 -0.0013899019874508494 -0.0060442409767915688 0.011978030634716193 0.0056480625783125512 0.0087020456000278315 0.015616380045684514 0.0051139496888282267 0.00082711153648310431 0.01066537013423772 -0.0023201087461701265 -0.0010062499243213029 -0.0050831545820387855 -0.0091643735715601221 0.0023622948779956398 0.0080621002364023465 0.005462052733533943 -0.0060599460837695547 -0.0015363626974727986 0.0051849203979482039 -0.0039737598926416146 -0.0051863705048241782 -0.013090900702541201 -0.0043724946228676986 -0.015105075615499376 0.027757257530200561 -0.010873364121506841 0.00051609940966727103 -0.0054917014023506249 0.0016514845298049579 0.0011204410088092938 -0.0058277385561266958 0.010162417479796333 -0.014915916835466943 -4.6038184782879999e-05 -0.0010128013915631773 0.0036797304914781082 -0.0028477629143487601 -0.0008926612138552639 -0.0028384641027419974 -0.0090186469629698913 -0.011398991297753182
leaf_weight=750 199 206 229 232 343 266 271 200 210 367 210 224 288 355 267 244 253 363 381 392 202 239 235 635 234 219 205 289 296 293 257 293 280 256 283 312 317 614 267 345 295 294 218 266 651 209 235 305 562 260 247 358 225 1114 350 241 220 260 334 201 971 212 252 235 426 212 210 225 201 221 310 276 407 418 201 365 1717 1544
leaf_count=750 199 206 229 232 343 266 271 200 210 367 210 224 288 355 267 244 253 363 381 392 202 239 235 635 234 219 205 289 296 293 257 293 280 256 283 312 317 614 267 345 295 294 218 266 651 209 235 305 562 260 247 358 225 1114 350 241 220 260 334 201 971 212 252 235 426 212 210 225 201 221 310 276 407 418 201 365 1717 1544
internal_value=-3.75536e-05 0.0116767 -0.00550244 0.00860788 -0.00992415 -0.000887983 0.00605621 0.0276553 0.014279 0.00319781 0.0255419 -0.013373 0.0130466 0.0119453 0.0134781 0.000906435 0.00254321 0.00336094 0.00567252 -0.00382603 0.00400572 -0.00750055 -0.00458508 -0.00781316 0.00113318 0.0167365 0.00361598 0.0227489 0.0200028 0.00300278 0.00376571 0.0142558 0.00895774 0.0103274 0.00578648 0.00905997 -0.00381968 0.00268331 -0.000589618 0.00780567 0.00609609 0.000486172 0.00985504 0.000576036 -5.69372e-05 0.00616975 0.00204589 0.00375876 -0.00317718 -0.0050684 -0.00184018 0.00553186 0.000996463 -0.00628068 -0.00494471 0.00839832 -0.00797205 -0.00917871 -0.00957871 -0.00905988 -0.0153779 0.0308538 -0.0142331 0.00337257 -0.00363508 -0.00249734 0.00390568 -0.00908757 0.013 -0.0113841 -0.00274437 -0.00374256 0.000397323 -0.000609837 0.00216813 -0.00118878 -0.00951724 -0.0109427
internal_weight=27569 8770 18799 7357 9600 9199 5074 1413 2283 2556 1213 3962 2073 1785 1553 5711 2721 2468 1368 3488 2357 5638 3025 5399 463 779 1005 795 506 1990 1788 512 2518 1723 795 1467 2633 1531 2990 1187 842 1100 774 880 2723 624 834 599 2398 1003 1395 651 1902 2544 1464 524 1080 2855 2595 2261 1973 418 1223 530 743 821 415 860 419 1989 1148 838 1677 1069 608 577 2060 1768
internal_count=27569 8770 18799 7357 9600 9199 5074 1413 2283 2556 1213 3962 2073 1785 1553 5711 2721 2468 1368 3488 2357 5638 3025 5399 463 779 1005 795 506 1990 1788 512 2518 1723 795 1467 2633 1531 2990 1187 842 1100 774 880 2723 624 834 599 2398 1003 1395 651 1902 2544 1464 524 1080 2855 2595 2261 1973 418 1223 530 743 821 415 860 419 1989 1148 838 1677 1069 608 577 2060 1768
cat_boundaries=0 1 2 3 4 5 6
cat_threshold=13326 2060 4609 5893 12416 5696
is_linear=0
shrinkage=0.047679


Tree=33
num_leaves=79
num_cat=0
split_feature=48 48 51 48 19 18 18 39 18 6 10 59 54 33 47 7 40 55 32 56 15 3 39 54 54 8 6 8 16 6 19 8 14 51 46 6 7 25 7 47 59 20 30 50 17 6 30 18 6 39 6 30 41 16 7 50 32 6 54 7 43 55 50 6 45 7 51 7 17 30 16 3 18 18 36 49 31 54
split_gain=729.045 213.545 104.01 42.1224 40.1582 22.0664 17.2152 16.5051 14.7647 9.40543 8.11667 7.08644 7.07781 6.56143 6.08327 6.04204 8.0261 5.96376 5.89387 5.69927 5.5768 5.1844 6.69764 10.1804 6.13402 5.02802 7.77939 10.6397 4.77519 4.37802 4.91772 4.0765 3.85819 3.33644 3.21772 3.19614 3.54896 3.13929 3.30039 3.12152 3.03271 2.92413 2.9055 2.82364 2.66876 2.24725 2.71822 2.13623 2.10479 6.99489 6.55098 5.37513 4.43838 2.27437 2.087 2.07995 1.96878 1.93515 3.30014 3.56042 2.38427 1.91109 1.79471 2.40023 3.36487 1.77558 1.60734 1.56548 1.31945 1.38336 1.19565 0.884733 0.812673 0.712765 0.625118 0.613429 0.593677 0.569916
threshold=22.485218700000004 24.030860300000004 21.613352791666674 23.052454100000002 26.064242500000002 22.057426500000002 21.020958000000004 23.282751000000005 24.781887000000005 13.500000000000002 1.5000000000000002 5.991666666666668 0.52777027707235824 22.034025000000003 21.660356000000004 33.500000000000007 24.889752500000004 0.64910838383525715 22.827853500000003 0.19731750000000051 3.9218299965318253 0.48552650000000003 23.168148000000006 0.57379120084656787 0.21957131241368963 2.5000000000000004 8.5000000000000018 1.5000000000000002 -1.0797445000000001 9.5000000000000018 21.425250000000002 1.5000000000000002 1.4333639857582632 22.090766100000007 21.312451750000005 10.500000000000002 6.5000000000000009 22.168000000000003 26.500000000000004 23.413556000000003 5.491666666666668 22.297502000000005 22.314235500000006 24.491159000000003 2.8731920000000009 16.500000000000004 20.834290500000005 23.610460500000006 9.5000000000000018 23.031613500000002 10.500000000000002 23.1371675 23.053715500000006 -1.7317899999999991 52.500000000000007 23.620167425000002 22.725873000000004 13.500000000000002 0.12870123561991123 22.500000000000004 22.575841000000004 0.41206385045790894 21.301225875000004 13.500000000000002 21.518817500000004 12.500000000000002 22.424309433333335 48.500000000000007 -0.13289849999999978 22.031139500000005 0.9701350000000003 4.4976420000000008 21.434196500000002 20.775397500000004 21.900527000000004 21.433133000000005 21.089711000000005 0.13711843658396941
decision_type=2 2 2 2 2 2 2 2 2 2 2 2 2 2 2 2 2 2 2 2 8 2 2 2 2 2 2 2 8 2 2 2 10 2 2 2 2 2 2 2 2 2 2 2 8 2 2 2 2 2 2 2 2 8 2 2 2 2 2 2 2 2 2 2 2 2 2 2 10 2 10 2 2 2 2 2 2 2
left_child=2 3 6 10 7 29 45 -3 17 21 13 14 20 -2 -7 16 -10 31 -12 37 -11 -5 25 24 47 26 -23 -28 -8 33 -31 43 55 -4 61 67 74 38 65 -34 42 -15 54 -9 -21 46 -1 -24 49 -43 56 53 -53 -52 -38 -26 -50 58 -39 -60 66 70 -36 64 -64 -16 -59 -32 69 -40 72 75 77 -47 -37 -65 -48 -30
right_child=1 4 5 9 -6 11 28 8 15 12 18 -13 -14 41 19 -17 -18 -19 -20 44 -22 22 23 -25 32 -27 27 -29 34 30 35 -33 39 -35 62 36 40 57 68 -41 -42 48 -44 -45 -46 73 76 -49 50 -51 51 52 -54 -55 -56 -57 -58 60 59 -61 -62 -63 63 71 -66 -67 -68 -69 -70 -71 -72 -73 -74 -75 -76 -77 -78 -79
leaf_value=-0.0081999541557821447 -0.0043317968924578235 0.0078268412005803607 -0.0038350546926245593 0.018505384938086539 0.042671035589662357 -0.007293800562405731 -0.0025981837832465019 0.014602893825473298 0.036927697269367316 0.014282778637198157 0.0047062747834221179 0.0083377006682036417 -0.0017850400633365141 -0.0022201507681593119 -0.003281835119788289 0.02211461617842848 0.02466416047747777 0.025011903683532326 0.015261882635892465 0.0083504465274874019 0.0047026781004353016 0.013789633245479839 0.012236788796106311 0.021408228490712517 0.0020105889959474805 0.014051428237201289 0.0093381607735559483 -0.0027103753859747644 -0.010832758898121122 -0.011448564952616182 -0.010464733390201337 0.01089285496486787 0.015499940579859192 0.0039429156399229219 -0.011289141960777483 -0.0096016403476449613 -0.0045877839046910814 -0.002868477208533097 -0.0066531896778135808 0.0086066039129013006 0.00015904493321852183 0.0098077941576270641 -0.0004625441974792966 0.022203200185035379 0.0011429243259490577 -0.016879576123643731 -0.01520876843387917 0.018578675492431331 -0.0058080721723508056 -0.00090231830136088399 -0.00068724950134003168 0.0038385545521200455 0.012859673735190867 0.0034624144228104325 -0.0086068702278605733 0.0087374979126514426 0.00035855928917564295 -0.001818794610851748 0.0070438186592535201 0.00047296100368240419 -0.0061440314749184764 -0.015357395173333784 -0.00030125897893415861 -0.0085233616969198258 -0.008512790657758498 0.0025047751034666405 0.0032548051160182483 -0.0051934017182832925 -0.0085779167937642311 -0.0010869563090838681 -0.0071161822626285174 -0.0073703411440763523 -0.008685288232716977 -0.014499970283247164 -0.0064906196789766167 -0.010791767954754627 -0.01227668021722636 -0.013059510415009593
leaf_weight=234 291 202 336 200 210 308 236 215 219 213 295 200 228 224 224 378 272 208 203 224 393 222 243 245 211 224 343 324 953 294 347 247 242 200 428 304 2671 295 203 390 343 387 354 230 244 629 437 240 202 216 355 251 245 1947 330 207 282 447 308 479 201 204 205 596 254 261 208 203 203 203 211 686 298 525 284 497 245 360
leaf_count=234 291 202 336 200 210 308 236 215 219 213 295 200 228 224 224 378 272 208 203 224 393 222 243 245 211 224 343 324 953 294 347 247 242 200 428 304 2671 295 203 390 343 387 354 230 244 629 437 240 202 216 355 251 245 1947 330 207 282 447 308 479 201 204 205 596 254 261 208 203 203 203 211 686 298 525 284 497 245 360
internal_value=-3.39338e-05 0.00949121 -0.0063208 0.00618891 0.0228503 -0.00311781 -0.0107486 0.0207385 0.0222129 0.00986906 0.00323983 -0.000410339 0.00537578 0.00258686 -0.000869795 0.0266457 0.0301341 0.0179326 0.00900907 -0.000304482 0.00806994 0.0110814 0.0105678 0.0123835 0.0109412 0.00766725 0.00605864 0.0034855 -0.00921593 -0.00503302 -0.00546142 0.0158048 0.00889568 -0.000932827 -0.0095488 -0.00509743 -0.00465834 -0.00106038 -0.00310233 0.0112461 -0.00411126 0.00307684 -0.00454783 0.0185312 0.00459268 -0.0143974 -0.0126341 0.015388 0.00338225 0.00597134 0.00290656 0.00379251 0.00829455 0.00282248 -0.00502974 0.00534186 -0.00221512 9.23073e-05 0.00143239 0.00304453 -0.00160158 -0.0109811 -0.00846034 -0.00791935 -0.00484533 -0.000167804 -0.000207636 -0.00851914 -0.00543936 -0.00387007 -0.0104911 -0.00871247 -0.0109331 -0.015797 -0.00809904 -0.00955483 -0.0141555 -0.0114433
internal_weight=27676 11004 16672 8823 2181 9674 6998 1971 1769 3925 4898 4008 834 4400 3808 869 491 900 498 3500 606 3091 2891 1778 1533 1113 889 667 4928 5666 5130 692 1050 536 4692 4836 4286 3032 1094 632 3698 4109 3355 445 468 2070 916 483 3885 603 3282 2798 496 2302 3001 418 484 1938 1082 787 856 2026 2666 2238 459 485 655 550 609 406 1822 1779 1611 1154 588 1093 682 1313
internal_count=27676 11004 16672 8823 2181 9674 6998 1971 1769 3925 4898 4008 834 4400 3808 869 491 900 498 3500 606 3091 2891 1778 1533 1113 889 667 4928 5666 5130 692 1050 536 4692 4836 4286 3032 1094 632 3698 4109 3355 445 468 2070 916 483 3885 603 3282 2798 496 2302 3001 418 484 1938 1082 787 856 2026 2666 2238 459 485 655 550 609 406 1822 1779 1611 1154 588 1093 682 1313
is_linear=0
shrinkage=0.047679


Tree=34
num_leaves=79
num_cat=8
split_feature=9 9 9 18 9 0 9 18 19 24 59 35 45 54 55 0 55 0 53 55 53 15 18 52 6 24 0 10 20 52 9 3 59 25 24 59 0 53 59 0 24 15 0 54 9 9 19 19 52 16 21 34 53 33 8 7 24 24 59 30 42 53 28 52 2 7 6 42 40 21 47 40 32 36 47 0 33 8
split_gain=648.603 195.645 101.119 41.6643 29.2007 19.6152 18.1697 17.9593 11.4939 11.3646 7.95331 7.33704 6.9297 6.72414 12.5515 14.3958 6.67934 8.91613 6.38935 6.3822 6.86022 10.5141 6.9161 6.18503 4.85735 4.8376 4.77603 4.18656 3.73199 3.67914 3.12542 3.09016 3.71409 3.2487 3.74845 3.07273 3.01211 2.94437 2.73219 3.25887 2.36841 2.17156 2.04263 2.03304 2.709 1.99565 4.36826 1.95513 1.94592 1.67488 1.64179 1.63765 1.55652 1.4018 1.33644 1.71469 1.71249 1.98506 1.29937 1.28234 1.38881 1.2399 1.18046 1.14787 1.12595 0.972944 1.22719 0.894214 0.875104 0.819682 0.91628 0.759997 0.738599 1.35872 0.733604 0.728586 0.532326 0.469615
threshold=22.463458000000006 24.330311000000005 21.618464500000005 23.224922500000002 26.061347000000001 0 21.123851500000004 22.046036000000004 23.044152000000004 21.978737000000002 5.5083333333333337 22.021697000000007 24.434537000000002 0.7455710384563593 0.57692071991676064 1 0.53190967447834703 2 0.57175339872420206 0.18609386545469878 0.70373836958169289 3.7188944095926164 24.866273000000003 0.46290527598384013 9.5000000000000018 21.395550500000002 3 1.5000000000000002 22.475944500000001 0.31860134765124115 20.889401500000002 2.7871270000000004 5.491666666666668 22.168000000000003 22.220810000000004 5.491666666666668 4 0.34343375529837722 5.5083333333333337 5 22.695711000000006 2.3025273530193622 6 0.37033016142469583 23.732992000000003 21.759186500000002 21.671671000000003 21.786105000000003 0.31860134765124115 -0.76133800000000018 22.197186500000004 23.395856000000006 0.13716306509093132 21.597755500000002 2.5000000000000004 6.5000000000000009 21.941043500000003 22.187677000000004 5.4750000000000005 21.625274500000003 21.655940000000005 0.10929558762058143 21.645507000000006 0.16083839496340185 3.5642480000000005 50.500000000000007 12.500000000000002 21.781952500000006 20.935173000000002 20.889533000000004 20.916918000000003 21.134884000000003 21.456474500000002 21.361165000000003 21.155265000000004 7 21.8264855 2.5000000000000004
decision_type=2 2 2 2 2 9 2 2 2 2 2 2 2 2 2 9 2 9 2 2 2 8 2 2 2 2 9 2 2 2 2 2 2 2 2 2 9 2 2 9 2 10 9 2 2 2 2 2 2 8 2 2 2 2 2 2 2 2 2 2 2 2 2 2 2 2 2 2 2 2 2 2 2 2 2 9 2 2
left_child=2 3 6 9 5 -3 30 26 23 -2 12 37 18 14 27 -16 31 -18 24 -7 21 -21 -23 -5 43 53 48 28 49 36 64 -13 33 50 -35 47 -26 42 39 -30 -29 -36 -9 44 -10 52 -47 59 63 -11 -33 -31 76 65 55 -48 61 -58 68 60 72 -57 -61 -4 -1 66 -8 -64 -32 70 -66 -68 73 -27 -70 -51 -28 -73
right_child=1 4 7 8 -6 19 25 11 10 13 -12 16 -14 -15 15 -17 17 -19 -20 20 -22 22 -24 -25 29 35 45 40 38 51 58 32 -34 34 41 -37 -38 -39 -40 -41 -42 -43 -44 -45 -46 46 54 -49 -50 75 -52 -53 -54 -55 -56 56 57 -59 -60 62 -62 -63 67 -65 69 -67 71 -69 74 -71 -72 77 -74 -75 -76 -77 -78 -79
leaf_value=-0.017072621483360466 -0.0041929565464166796 0.006091189884975149 -0.0078351928340359509 0.0098953439714217478 0.039698328196045268 0.030496602622196476 -0.0065306314987961748 -0.0037186255088168681 0.010179077809281734 -0.0030347738517371072 0.019231077697602524 -0.004707095232912125 0.016635714923601819 -0.0036965999141056857 0.019859743716607228 0.004552144040576891 0.011912720119125178 -8.2230527899691765e-05 0.003768915228703307 0.012072550032622078 0.029835345513799998 0.017955423948033778 0.027372558577633932 -0.00097387525915520383 0.0023098856530718867 -0.0095214254327940211 -0.0074770989303556785 0.011928798473629878 0.0056227450822342387 0.0090196146593037787 -0.0097419177240193316 -0.005573482289721072 0.0053818881793627812 0.0057385964139923572 -0.0013495347770444788 -0.0020585982763889699 0.0093515050062516914 -0.0071074053324968085 0.0092656612485921691 0.0023783829000316023 0.0053163347878057154 0.0032617740098986252 0.0019817419859259142 0.01762911166103923 0.016739041590224452 0.003811967931868103 -0.0065526929688407981 -0.0031862333363400419 -0.011585133779348762 -0.00018510753183977082 -0.00017446586447554606 0.015083386277340235 -0.0027926832869873703 -0.0061263849316039289 -0.0061990454121371311 -0.002206218734351768 0.0010089934796028435 -0.003666823825543627 -0.0085098773606165565 -0.0035388945255247157 -0.011752434097384509 -0.0056551231536468762 -0.0057015327095349313 -0.0041269947475962064 -0.014069851709796868 -0.012750095341828966 -0.012682995607628046 -0.0096170358561895996 -0.014959542946107638 -0.016240070665136948 -0.010525277708095868 -0.0094050343188912203 -0.0091539108516462582 -0.0050509153465181384 -0.011740203199847631 0.0033307857966898766 -0.0046102130394740978 -0.011848354667042553
leaf_weight=316 382 204 482 207 217 228 234 392 474 235 278 289 387 228 243 358 260 304 346 267 200 321 396 280 286 256 504 199 1171 203 249 321 310 294 962 275 306 372 210 1894 323 306 216 200 205 203 270 231 205 246 213 202 360 216 349 491 499 352 294 252 263 458 289 313 638 285 243 245 272 252 224 1143 592 390 394 294 208 212
leaf_count=316 382 204 482 207 217 228 234 392 474 235 278 289 387 228 243 358 260 304 346 267 200 321 396 280 286 256 504 199 1171 203 249 321 310 294 962 275 306 372 210 1894 323 306 216 200 205 203 270 231 205 246 213 202 360 216 349 491 499 352 294 252 263 458 289 313 638 285 243 245 272 252 224 1143 592 390 394 294 208 212
internal_value=6.23182e-05 0.00905739 -0.0058579 0.00621117 0.023276 0.0210708 -0.0098375 -0.00239863 0.0104217 0.0037546 0.0115647 -0.00014899 0.0107478 0.00431672 0.0046699 0.0111476 0.000938754 0.00565712 0.00972228 0.0230288 0.0217852 0.020149 0.0231565 0.0036461 0.0108203 -0.00818265 -0.00443021 0.0038184 0.00330042 0.00854226 -0.0130519 -4.86887e-05 0.000510863 -0.000209566 0.000887964 -0.00684397 0.00614663 -0.0037663 0.00400449 0.00364401 0.00783718 -0.000236711 -0.00172206 0.0134041 0.0121596 -0.00360479 -0.00290595 -0.0073666 -0.00736957 0.000325161 -0.00341994 0.012044 -0.00534771 -0.00978527 -0.00346971 -0.00300955 -0.00247808 -0.00092507 -0.0112674 -0.00778884 -0.00860583 -0.00387071 -0.00622865 -0.00637524 -0.0145606 -0.0101586 -0.00975543 -0.00749797 -0.0121534 -0.0138481 -0.0131488 -0.0102276 -0.00793737 -0.00682251 -0.013055 0.00178735 -0.00663958 -0.00978731
internal_weight=27688 10990 16698 9157 1833 1616 7765 8933 3374 5783 2887 4239 2609 5401 5173 601 3259 564 2222 1412 1184 984 717 487 1876 5126 4694 4572 4050 997 2639 2695 2406 2096 1562 2793 592 980 3275 3065 522 1268 608 879 679 3694 2622 2518 1000 775 534 405 1072 2333 2419 2070 1800 851 1209 2287 1501 949 786 795 1430 2117 1832 534 915 1114 862 1598 1238 646 666 540 712 1355
internal_count=27688 10990 16698 9157 1833 1616 7765 8933 3374 5783 2887 4239 2609 5401 5173 601 3259 564 2222 1412 1184 984 717 487 1876 5126 4694 4572 4050 997 2639 2695 2406 2096 1562 2793 592 980 3275 3065 522 1268 608 879 679 3694 2622 2518 1000 775 534 405 1072 2333 2419 2070 1800 851 1209 2287 1501 949 786 795 1430 2117 1832 534 915 1114 862 1598 1238 646 666 540 712 1355
cat_boundaries=0 1 2 3 4 5 6 7 8
cat_threshold=12302 3136 2060 4800 3078 8392 7240 5123
is_linear=0
shrinkage=0.047679


Tree=35
num_leaves=79
num_cat=3
split_feature=9 9 9 18 51 9 49 1 7 54 18 9 44 9 3 55 17 43 54 7 38 17 41 55 30 24 7 7 54 15 20 6 6 1 55 15 44 6 6 24 6 33 6 7 53 40 7 49 32 53 17 6 37 7 7 15 25 7 7 30 17 55 1 54 46 52 7 40 7 54 49 19 51 38 52 6 47 20
split_gain=590.367 149.577 109.285 34.4813 26.361 24.0688 16.368 14.1285 9.45538 8.5938 6.63079 6.29275 5.43786 5.32857 5.22923 5.76331 4.8977 4.6991 4.56425 7.75439 6.15572 4.69836 3.90741 5.02361 3.89794 3.86161 3.63592 3.65816 3.59746 3.583 3.572 8.06783 6.54027 3.49508 3.46437 3.38657 6.47878 3.14733 3.07914 2.89938 2.87117 2.8653 2.77193 4.398 4.22827 3.88431 4.57627 2.50998 2.38656 2.51394 2.54638 2.34583 2.14324 2.32164 2.10547 1.95535 2.32943 1.9041 1.76599 1.76198 1.74434 1.6625 1.50039 2.89364 1.75841 1.50175 1.89847 1.48584 1.56626 1.47732 1.34095 1.28709 1.26478 1.12473 1.0962 1.0316 0.982128 0.967642
threshold=22.584679500000004 23.941224500000004 21.766417000000004 25.578512000000003 23.130637083333337 21.280914500000005 22.185349450000004 0 27.500000000000004 0.70431173043436801 24.538324500000005 23.395023000000005 21.816561000000004 20.889401500000002 2.7871270000000004 0.57692071991676064 0.98284549999999971 21.573973500000005 0.42084582970926726 8.5000000000000018 23.673179500000003 1.6036835000000007 23.090983500000004 0.44207696787667011 21.678753750000002 24.007744000000006 11.500000000000002 41.500000000000007 0.47773704815637547 4.995973019515934 22.465415000000004 9.5000000000000018 10.500000000000002 1 0.2530989899757819 3.2179940377350156 24.650870500000003 9.5000000000000018 10.500000000000002 22.789269500000003 12.500000000000002 25.205706500000005 12.500000000000002 11.500000000000002 0.085529023763271081 21.812427500000002 25.500000000000004 22.747345150000005 21.131704500000005 0.28176507525954558 -3.8444804999999995 8.5000000000000018 22.217760000000002 25.500000000000004 46.500000000000007 3.8359462672256077 22.232184500000006 45.500000000000007 50.500000000000007 23.372447250000004 1.8031915000000001 0.34109140416913469 2 0.3425569457240733 21.916263500000003 0.10020128975317957 34.500000000000007 22.165468000000001 32.500000000000007 0.28843774080363066 22.019238825000006 21.063889500000005 23.300788283333336 22.398440500000003 0.044057726738015182 11.500000000000002 21.290017000000002 20.996939500000003
decision_type=2 2 2 2 2 2 2 1 2 2 2 2 2 2 2 2 8 2 2 2 2 10 2 2 2 2 2 2 2 8 2 2 2 1 2 8 2 2 2 2 2 2 2 2 2 2 2 2 2 2 10 2 2 2 2 10 2 2 2 2 8 2 1 2 2 2 2 2 2 2 2 2 2 2 2 2 2 2
left_child=2 4 5 7 9 13 17 10 -5 14 16 18 -8 -1 34 30 -3 61 20 -20 72 40 -13 37 48 -18 39 28 47 -25 52 -32 -33 -34 -2 -12 -37 51 58 69 -21 -38 43 -19 -45 -46 -47 67 -7 75 -51 -24 -16 -54 -40 56 57 -26 -29 -9 -15 -4 63 65 -64 -44 -67 -28 -69 -14 -48 74 -6 -56 -62 -50 -77 -76
right_child=1 3 6 8 11 24 12 59 -10 -11 35 22 26 60 15 -17 25 42 19 21 -22 -23 23 29 55 -27 27 38 -30 -31 31 32 33 -35 -36 36 41 -39 54 -41 -42 -43 62 44 45 46 70 -49 49 50 -52 -53 53 -55 73 -57 -58 -59 -60 -61 71 -63 64 -65 -66 66 -68 68 -70 -71 -72 -73 -74 -75 77 76 -78 -79
leaf_value=-0.013892189533962398 0.012333098674697937 0.020960462597947167 -0.004850763310946837 0.038991392156500992 0.0046847254800450929 -0.012022988762092858 -0.005152731519449138 0.0052591187358709303 0.024545143583379451 -0.0061197052127634766 0.016115562482674858 0.0053469744924827377 -0.0023080559396413099 -0.006013326403034998 0.0027727945912302031 0.0092727063184032121 0.0085870826940529117 -0.0064218467942202678 0.001379115481456267 0.011113066171922922 -0.0022783272570619799 0.0060470329121496387 0.010002980973792715 0.012474445002598172 -0.0038921732071738107 0.016472722204488772 0.0048367203101260742 -0.0066615284172831472 0.0074800053984323857 0.021391452074549868 0.010799879021971128 -0.0048580574121491254 0.00431255338890516 -0.0010584231066774604 0.0040306670987934135 0.028896299325029219 0.015652681679494889 0.0065423955197217581 0.0057191961432767821 -0.0065616005377539411 0.018756225194074962 0.023339622934070346 -0.0055940670488081809 0.0045461394229449259 0.0034393839973334062 0.0022064108961517238 -0.0088359583352781001 0.0070078426696220828 -0.005294525146419508 -0.00046453822364445443 -0.0077187834828265382 0.016612291203815147 0.0010532833166014897 -0.0060122321578196126 -0.0021482975983088356 -0.0009389589158161531 -0.010232577628428708 -0.0079702437854015668 -0.00043342739484489832 0.011465123268953036 -0.009537842414316447 -0.01038954970368342 -0.0042229563741206606 0.0018687556980790518 -0.0098690752982129818 3.2440025230997577e-05 -0.0056328574341976993 0.0018723961746153362 -0.0018576318039898378 0.0022103278952615673 -0.0035569859063650264 -0.0098467045919614395 0.00955261535902629 0.0021375746509032763 -0.015336615234912693 -0.010192840305030437 -0.0076901401997444352 -0.011205431036996789
leaf_weight=1430 255 277 228 207 226 259 335 208 205 207 202 201 330 203 292 324 238 310 205 235 222 206 304 210 1110 347 257 208 350 200 299 247 1574 335 207 272 218 307 202 204 213 223 685 330 237 204 240 216 334 231 210 204 208 215 273 242 209 340 206 208 235 268 328 217 203 332 226 952 350 328 201 1578 262 284 284 429 2108 236
leaf_count=1430 255 277 228 207 226 259 335 208 205 207 202 201 330 203 292 324 238 310 205 235 222 206 304 210 1110 347 257 208 350 200 299 247 1574 335 207 272 218 307 202 204 213 223 685 330 237 204 240 216 334 231 210 204 208 215 273 242 209 340 206 208 235 268 328 217 203 332 226 952 350 328 201 1578 262 284 284 429 2108 236
internal_value=-7.03321e-05 0.00936491 -0.00520444 0.0191476 0.00580469 -0.00873663 -0.00128432 0.01677 0.0318033 0.0033505 0.0186335 0.00921597 0.000691137 -0.0115648 0.00384603 0.00321569 0.0157376 -0.00349925 0.00713245 0.00947038 0.00430387 0.0120066 0.0115084 0.0125194 -0.0066868 0.0132646 0.00116174 0.00188237 0.00306216 0.0168242 0.00259661 0.00346035 0.00244248 0.00338708 0.00861318 0.0215652 0.0231091 0.0103538 -0.00025492 -0.0015954 0.014747 0.0195397 -0.00288589 -0.00135407 -5.78521e-05 -0.00178043 -0.00369841 0.00219103 -0.00761527 -0.00727058 -0.00391894 0.0126571 -0.000369079 -0.00253794 0.00154923 -0.00494268 -0.00552671 -0.00484841 -0.00356252 0.00816583 -0.0102525 -0.0078435 -0.00405687 -0.00318957 -0.0062635 -0.0040983 -0.00226211 0.00152366 0.0008697 -5.57309e-05 -0.0064299 -0.0106213 0.00729823 3.69586e-05 -0.0122404 -0.00778541 -0.00811334 -0.0134617
internal_weight=27705 9763 17942 2605 7158 9438 8504 2193 412 4163 1777 2995 4495 3966 3956 3494 862 4009 1569 859 710 654 1426 1225 5472 585 4160 3298 2125 410 3170 2455 2156 1909 462 915 713 815 1173 862 448 441 3513 1522 1212 882 645 1775 3571 3312 441 508 715 423 759 1901 1659 1450 414 416 2536 496 1991 1460 531 1243 558 1559 1302 658 441 2333 488 557 755 2871 2537 520
internal_count=27705 9763 17942 2605 7158 9438 8504 2193 412 4163 1777 2995 4495 3966 3956 3494 862 4009 1569 859 710 654 1426 1225 5472 585 4160 3298 2125 410 3170 2455 2156 1909 462 915 713 815 1173 862 448 441 3513 1522 1212 882 645 1775 3571 3312 441 508 715 423 759 1901 1659 1450 414 416 2536 496 1991 1460 531 1243 558 1559 1302 658 441 2333 488 557 755 2871 2537 520
cat_boundaries=0 1 2 3
cat_threshold=12 1 5
is_linear=0
shrinkage=0.047679


Tree=36
num_leaves=79
num_cat=7
split_feature=48 9 9 9 18 24 51 0 19 37 52 10 44 53 30 49 49 54 15 9 29 6 6 6 33 0 26 6 56 20 34 53 6 59 0 28 9 25 54 36 59 15 19 28 52 53 53 0 8 6 6 46 28 9 54 16 21 6 0 6 37 43 43 25 16 0 59 40 0 53 53 45 37 2 28 53 53 37
split_gain=545.775 160.573 101.021 34.9663 26.5467 22.1576 15.0574 14.7839 10.4012 8.57431 8.38424 7.26211 7.21875 9.61041 6.5393 6.44591 5.74303 5.24533 4.40734 4.33887 4.17666 5.24466 4.32704 9.32737 4.28071 4.26805 4.11606 4.07856 3.91171 3.81502 4.35966 3.67601 3.47358 2.99125 6.52259 4.34682 2.68529 2.96914 2.6564 2.62089 2.38537 2.36346 2.34439 2.29311 2.28717 2.35594 2.2704 2.24839 3.21414 2.21137 2.15377 2.01327 1.92688 1.88501 1.88323 1.83501 1.71762 1.66179 1.61377 1.55253 1.63511 1.24862 1.23126 1.22188 1.21586 1.20802 1.34843 1.14501 1.06208 0.931212 1.46444 0.830391 0.874554 1.10933 0.827149 1.55419 0.973008 0.75441
threshold=22.608309500000001 24.463470500000003 21.759186500000002 23.178624000000003 26.063037000000005 21.125988000000003 22.10340470833334 0 23.812928500000002 23.400630000000003 0.80106012886426814 1.5000000000000002 24.095017000000006 0.36956229832221582 23.074655500000002 25.112553000000002 21.544441225000003 0.5225472802290877 2.4365332430843645 22.328872 23.295974000000005 10.500000000000002 9.5000000000000018 10.500000000000002 23.006891000000007 1 22.929075000000005 12.500000000000002 -0.42048449999999876 22.007867500000003 23.484532500000004 0.45615845474226863 9.5000000000000018 5.491666666666668 2 22.088108500000004 22.572217000000006 22.383768000000003 0.3731208011021529 24.298802000000006 5.491666666666668 3.8997800494935677 22.799552000000002 23.266912750000003 0.18486649401841032 0.33679376404198985 0.17841822016727185 3 1.5000000000000002 9.5000000000000018 13.500000000000002 20.876386500000006 22.015375000000002 21.269525500000004 0.5994974059235253 3.4308965000000007 21.809995500000003 11.500000000000002 4 12.500000000000002 21.891574000000002 22.508207000000002 22.229702000000003 23.342095500000003 7.2017615000000008 5 5.0083333333333337 21.871881500000004 6 0.2642718908509214 0.14496408103260824 21.232291500000006 21.486634000000006 10.540192500000002 21.216966500000002 0.16672717556759034 0.11733430886372928 21.930491500000006
decision_type=2 2 2 2 2 2 2 9 2 2 2 2 2 2 2 2 2 2 8 2 2 2 2 2 2 9 2 2 2 2 2 2 2 2 9 2 2 2 2 2 2 10 2 2 2 2 2 9 2 2 2 2 2 2 2 8 2 2 9 2 2 2 2 2 8 9 2 2 9 2 2 2 2 2 2 2 2 2
left_child=2 3 5 10 9 51 17 11 18 -3 20 14 -11 15 -5 -14 53 19 -9 47 22 -22 25 42 -23 -2 -20 39 50 52 33 38 -18 35 -35 62 44 -38 46 -10 54 -21 -24 58 55 -46 -28 56 -49 -16 -25 -1 -8 74 65 -37 -4 -55 -30 60 -50 -54 -31 -26 -59 66 67 -34 -39 70 -61 -66 -73 -74 76 -76 -7 -67
right_child=1 4 6 7 -6 16 29 8 27 12 -12 -13 13 -15 49 -17 32 -19 26 41 21 24 23 28 63 -27 31 -29 43 30 -32 -33 40 34 -36 36 37 68 -40 -41 -42 -43 -44 -45 45 -47 -48 48 59 -51 -52 -53 61 57 -56 -57 -58 64 -60 69 -62 -63 -64 -65 71 77 -68 -69 -70 -71 -72 72 73 -75 75 -77 -78 -79
leaf_value=-0.013725134168997063 0.012003749077112619 0.011578404609250194 -0.0041057651845770315 -0.0023657245021429154 0.038740619489843343 -0.0097954343842060233 0.0011469575347142411 0.0030883523838039226 0.011378302057997553 0.029380477137940633 -0.0046680708237189705 0.011938727547003059 0.018780158429341446 0.013584657530808992 0.0091826842332135266 0.028511227726839811 0.00010762782497762745 -0.010603852511744054 0.016242988234441393 -0.0018373229561030949 0.0017087538754316182 0.0037956292414502166 -0.00047922837212632368 0.011007668913732048 0.014908086371049199 0.0028261746833280594 0.011850363122275758 0.020649641198293937 0.00012585424249969603 -0.0014286951096728676 0.0077009992007531424 0.0040821630157911303 -0.0040323872194494535 0.009942694307120737 -0.00053448811786474049 0.0026927670181944876 0.0080469344539242683 -0.00099328616910660146 0.015585363525059919 0.017897251413139144 -0.0016682579567784753 0.0050243134725382783 -0.0077706420912656317 0.0076080994283483213 0.0058084589373993533 -0.00031946629350903074 0.0061791199034812909 0.0016360430367013225 -0.0037667386217502415 0.0033858171665450097 0.0043415428659552072 -0.011011863303381254 -0.0024307905570488185 -0.0037330489572492929 -0.010704445722657378 -0.001481149796287756 -0.0093697667749499738 -0.0044006925511019205 0.0032100741576716815 -0.0048560151026222857 0.0016965684827182392 -0.0070849945788482565 -0.0063308323526113852 0.0096632678782268416 -0.010864135297654759 -0.0075280184122242947 -0.0011090819840075146 -0.0083397764964900055 0.003512354606599937 -0.0075256282991620306 -0.00074931067207906969 -0.0070202146191530347 -0.0078387296656561144 -0.011968173296115783 -0.0092242979791247286 -0.013698097554914928 -0.0055366441162662426 -0.0046210284749384611
leaf_weight=1159 231 209 289 307 208 315 224 202 372 243 265 292 308 329 290 311 239 229 244 264 291 200 199 226 205 262 364 300 568 211 209 233 411 224 325 285 216 235 204 225 272 201 202 203 277 294 287 281 306 309 215 1341 373 248 209 1498 275 210 1251 1071 210 202 260 199 237 1060 213 213 227 209 242 1082 443 222 584 253 199 251
leaf_count=1159 231 209 289 307 208 315 224 202 372 243 265 292 308 329 290 311 239 229 244 264 291 200 199 226 205 262 364 300 568 211 209 233 411 224 325 285 216 235 204 225 272 201 202 203 277 294 287 281 306 309 215 1341 373 248 209 1498 275 210 1251 1071 210 202 260 199 237 1060 213 213 227 209 242 1082 443 222 584 253 199 251
internal_value=1.34154e-05 0.00907808 -0.00495437 0.00636012 0.022847 -0.00844222 -0.00125492 0.00984519 0.0119865 0.0204857 0.00356018 0.00535516 0.0220488 0.0201695 0.00329241 0.0236693 -0.00700568 -0.00362267 0.00965101 -0.00314517 0.004073 0.00696707 0.00330141 0.00259121 0.00950046 0.00742723 0.0106462 0.0161143 0.0036891 0.000418883 0.000985798 0.00939109 -0.00539567 0.000639432 0.00391173 0.000126588 0.000788559 0.00343247 0.0108378 0.0138352 -0.00589597 0.00112868 -0.00415221 0.00280173 2.70593e-05 0.00265328 0.00935014 -0.0038345 -0.00313079 0.00619232 0.00775775 -0.0122697 -0.00260443 -0.00822306 -0.00638385 -0.000813978 -0.00655619 -0.00743248 0.00226534 -0.0038034 -0.0015433 -0.00406583 -0.00413476 0.0123246 -0.00785065 -0.00596345 -0.00433285 -0.0055027 0.00127505 -0.00456963 -0.00409911 -0.00821581 -0.00785654 -0.00921728 -0.00965209 -0.0105766 -0.00814661 -0.00691868
internal_weight=27552 9754 17798 8146 1608 9161 8637 3629 2431 1400 4517 1198 1191 948 906 619 6661 3577 1534 3348 4252 895 3357 2864 604 493 1332 897 2463 5060 4261 1088 2868 4052 549 3503 3032 678 855 597 2629 465 401 2022 2354 571 651 2883 2319 599 441 2500 799 3793 2357 1783 564 2442 1819 2038 516 575 471 404 2194 2148 837 624 462 1522 1313 1984 1747 665 1351 837 514 1311
internal_count=27552 9754 17798 8146 1608 9161 8637 3629 2431 1400 4517 1198 1191 948 906 619 6661 3577 1534 3348 4252 895 3357 2864 604 493 1332 897 2463 5060 4261 1088 2868 4052 549 3503 3032 678 855 597 2629 465 401 2022 2354 571 651 2883 2319 599 441 2500 799 3793 2357 1783 564 2442 1819 2038 516 575 471 404 2194 2148 837 624 462 1522 1313 1984 1747 665 1351 837 514 1311
cat_boundaries=0 1 2 3 4 5 6 7
cat_threshold=9223 3712 6154 4160 3074 3080 14341
is_linear=0
shrinkage=0.047679


Tree=37
num_leaves=79
num_cat=8
split_feature=9 9 9 49 9 18 51 37 0 53 48 9 55 0 55 55 29 54 54 14 0 32 43 55 0 10 16 43 8 49 8 52 55 55 8 9 46 53 52 52 9 0 52 31 41 23 9 37 15 43 3 54 28 47 16 0 54 16 54 56 54 0 53 8 53 46 0 22 53 56 41 47 51 25 25 47 7 7
split_gain=492.305 122.28 97.8532 28.9631 20.1494 20.0153 16.6019 10.0335 8.37636 10.6993 7.67164 7.25973 5.83846 4.928 5.93983 6.71418 4.75089 4.32386 4.68071 4.2064 4.11279 4.01859 4.00657 3.7691 3.51358 3.49221 7.10873 3.33789 3.17179 3.10995 4.86189 4.46861 2.86068 3.27246 3.01311 2.70502 2.55582 3.26532 2.50551 2.6501 2.47434 2.44919 4.44515 3.36855 2.7868 2.85823 2.34567 2.29523 2.17904 2.05678 1.9005 2.45237 5.0637 1.89094 2.17407 2.0251 2.93535 2.05556 1.95767 1.82809 1.81676 2.4899 2.00087 1.77239 1.67039 1.60119 1.57994 1.57023 1.45981 1.44519 1.62646 1.43389 2.01448 1.37714 1.55913 1.34717 1.11309 1.72202
threshold=22.690128500000004 24.463470500000003 21.759186500000002 23.067583425000006 21.123851500000004 26.063037000000005 22.10340470833334 23.400630000000003 0 0.57175339872420206 23.773030200000004 25.083875500000001 0.80302497319457766 1 0.48102338574617315 0.28216842758104305 21.563708000000002 0.53879474459731191 0.40022181459291511 2.3858428760547317 2 22.690253000000002 24.805742750000004 0.25079099647612518 3 1.5000000000000002 -4.5087429999999991 22.551872000000003 1.5000000000000002 23.313356200000005 1.5000000000000002 0.16288188787283078 0.22072698239797114 0.37751191006219981 2.5000000000000004 22.338475500000005 22.488340750000003 0.38854052318810733 0.36823022017341639 0.1758549244544956 20.830690500000006 4 0.17803689773143075 22.326757500000003 22.359276000000005 22.340987000000002 21.889780000000005 22.769381500000005 4.2389221402220318 23.522951000000003 3.3412340000000005 0.3319848650076111 21.982769000000005 22.438105500000002 -3.8839499999999991 5 0.30117897548375744 -7.3680454999999991 0.20911725565351344 0.18586550000000027 0.21687750553677704 6 0.16672717556759034 1.5000000000000002 0.42992032087492899 21.386579000000001 7 21.860291750000005 0.31186771144966113 0.076164999999999608 20.935173000000002 23.205719000000006 23.622377550000003 22.578996500000006 22.719499000000003 21.076482500000001 36.500000000000007 10.500000000000002
decision_type=2 2 2 2 2 2 2 2 9 2 2 2 2 9 2 2 2 2 2 10 9 2 2 2 9 2 8 2 2 2 2 2 2 2 2 2 2 2 2 2 2 9 2 2 2 2 2 2 10 2 2 2 2 2 10 9 2 10 2 2 2 9 2 2 2 2 9 2 2 2 2 2 2 2 2 2 2 2
left_child=2 3 4 13 40 7 20 -3 10 32 29 19 21 14 15 -2 60 18 -12 -9 67 41 -13 -24 27 26 -15 -23 -22 30 -5 -31 -10 49 -35 -26 59 73 39 -30 -1 42 44 -44 -8 -46 -43 -29 50 -34 -18 76 -53 55 58 56 -48 -57 -55 -28 62 -62 63 -6 65 -63 -65 -4 -37 70 -42 -33 -73 -38 -75 -72 77 -52
right_child=1 5 6 8 16 -7 12 11 9 -11 17 22 -14 25 -16 -17 48 -19 -20 -21 28 24 23 -25 35 -27 36 47 38 31 -32 71 33 34 -36 68 37 -39 -40 -41 69 46 43 -45 45 -47 53 -49 -50 -51 51 52 -54 54 -56 57 -58 -59 -60 -61 61 64 -64 66 -66 -67 -68 -69 -70 -71 75 72 -74 74 -76 -77 -78 -79
leaf_value=-0.013129740536944099 0.010084466090258681 0.009804947891635208 -0.0050368929887487281 0.016660397449730718 -0.0037025863387559169 0.035326932115499074 -0.0035023865354498955 0.014031629433126951 0.011977985788500295 -0.0029200588037377718 0.013920525424330595 0.030047028934558399 -0.0066579861039956292 -0.0067099373184528657 0.013812509872856385 -0.0014464542739416775 -0.0084000506836478563 0.010780604231976087 0.023200112975177069 0.022365311844559314 0.0013645664459803941 0.0090602637708576215 0.026428135835235369 0.017228887556145534 -0.0031705217363608724 0.0063252353473303071 0.0024684541458446087 -0.0011602021999461728 -0.0036357334140862062 0.011830791997826128 0.0080398160479321096 0.0082166509640019467 0.0069632349827996494 0.0059416416016563438 0.012914326731125974 0.00052643233556902327 -0.00089950223458488499 0.0085803687049822858 -0.0076265575029112994 0.0008971873577897023 -0.0069792031002234214 -0.005723219953163136 0.0095737529375124059 0.0017355403703028496 0.0062155528113506239 -0.00096380459857006793 0.0012319402046282052 0.0049802986081930499 -0.00049577460420417458 0.00059473820912013932 -0.0080682510906233702 0.0020600461861242348 -0.0067855515839004192 -0.0006164244033164697 0.0019789122843906688 0.00088645303031943418 -0.0046358001689228356 0.0068089411647294495 -0.0050662859866301823 -0.0027390048388482029 -0.00078817369534341054 -0.0079964863660422474 -0.012119824612422683 -0.0094478545778051114 -0.010651843541388133 -0.0027611666579210816 -0.0066957895342680774 -0.0095636005233266531 0.0055836238800254191 -0.013677574155778041 -0.013461552645348257 -9.3354959297100172e-05 0.00664879262519913 0.0068348944822043557 0.0019890017252938252 -0.0094185061308200268 -0.0073993688070706056 -0.0033336272457425292
leaf_weight=1094 216 218 408 262 233 200 377 368 333 233 326 203 249 220 199 245 380 384 199 220 364 288 203 202 298 387 306 213 1662 332 344 203 241 290 274 337 222 243 283 356 394 205 224 281 208 320 565 395 235 221 245 310 280 425 260 399 295 200 477 307 206 290 252 1200 206 245 1366 304 211 224 271 200 203 212 524 607 581 608
leaf_count=1094 216 218 408 262 233 200 377 368 333 233 326 203 249 220 199 245 380 384 199 220 364 288 203 202 298 387 306 213 1662 332 344 203 241 290 274 337 222 243 283 356 394 205 224 281 208 320 565 395 235 221 245 310 280 425 260 399 295 200 477 307 206 290 252 1200 206 245 1366 304 211 224 271 200 203 212 524 607 581 608
internal_value=7.22825e-06 0.00935911 -0.00433324 0.00667513 -0.00783975 0.0212092 -0.000964389 0.0192123 0.00932799 0.00647908 0.0111053 0.020927 0.000495456 0.00319224 0.00682471 0.00395632 -0.0064479 0.0146256 0.0174379 0.0171497 -0.00365626 0.000793417 0.0245801 0.0218399 0.00272112 0.00216484 0.0013839 0.00477865 -0.00276067 0.00910464 0.0117669 0.00738469 0.00813823 0.00689199 0.00932908 0.000479833 0.00236552 0.00364411 -0.00342525 -0.00283607 -0.0114064 6.73598e-07 0.00161706 0.00521229 -0.000371251 0.00186443 -0.000808665 0.0028291 -0.00487778 0.00391683 -0.00530614 -0.00472527 -0.00213787 -0.000427361 -0.00186238 0.000715537 -0.000771857 0.00281689 -0.00296962 -0.000139523 -0.00748429 -0.00565997 -0.00805055 -0.00768418 -0.00691045 -0.00559901 -0.00804572 -0.00687311 0.00247364 -0.0101462 -0.00952431 0.00494887 0.00330282 0.00239201 0.00338483 -0.0106664 -0.00578982 -0.00469351
internal_weight=27571 8740 18831 7126 9227 1614 9604 1414 4045 1592 2453 1196 6227 3081 660 461 6637 909 525 588 3377 5978 608 405 1742 2421 2034 896 2665 1544 606 938 1359 1026 564 846 1814 1201 2301 2018 2590 4236 1410 505 905 528 2826 608 2639 462 2404 2024 590 2621 1162 1459 860 599 902 613 3998 947 3051 2799 741 535 2566 712 548 1496 1272 606 403 958 736 878 1434 853
internal_count=27571 8740 18831 7126 9227 1614 9604 1414 4045 1592 2453 1196 6227 3081 660 461 6637 909 525 588 3377 5978 608 405 1742 2421 2034 896 2665 1544 606 938 1359 1026 564 846 1814 1201 2301 2018 2590 4236 1410 505 905 528 2826 608 2639 462 2404 2024 590 2621 1162 1459 860 599 902 613 3998 947 3051 2799 741 535 2566 712 548 1496 1272 606 403 958 736 878 1434 853
cat_boundaries=0 1 2 3 4 5 6 7 8
cat_threshold=10440 3008 4160 10246 2248 4613 3078 5184
is_linear=0
shrinkage=0.047679


Tree=38
num_leaves=79
num_cat=5
split_feature=9 9 9 9 9 48 51 49 55 59 6 53 29 43 7 52 49 0 29 33 7 0 55 24 5 54 6 0 9 6 22 7 6 7 0 50 51 15 38 52 16 8 6 7 7 53 5 0 26 5 53 26 19 26 59 52 34 7 59 55 7 41 51 40 50 48 37 33 22 49 52 54 4 53 48 29 48 22
split_gain=435.453 121.551 87.0537 28.041 18.8189 17.9924 13.6075 13.0482 10.3753 6.13684 9.01541 6.16988 5.95622 5.94722 8.94595 5.88408 5.56134 5.4346 5.233 5.01734 7.19823 4.82034 4.42843 6.14172 7.02143 4.42345 4.21643 4.1474 4.05348 3.84034 4.73575 4.05036 3.48219 5.99307 7.03962 3.23388 4.10506 3.89741 4.11667 3.10807 2.8473 2.71266 7.94187 5.41659 2.89764 3.59628 2.7123 2.57795 2.59583 2.53758 2.47921 2.40105 2.25426 2.06281 1.9849 1.94243 4.02343 1.88624 1.81213 1.76237 2.28481 2.51329 1.70492 1.57423 1.5356 1.33645 1.3078 1.2831 1.27351 1.24697 1.24343 1.16679 1.13834 1.13448 1.10992 1.06358 0.938607 1.5751
threshold=22.607954000000003 23.941224500000004 21.766417000000004 25.580967000000005 21.123851500000004 23.052454100000002 24.285614633333338 22.185349450000004 0.67158573859003334 5.491666666666668 11.500000000000002 0.67202509117516762 24.067462000000003 24.805742750000004 30.500000000000004 0.46290527598384013 21.544441225000003 0 25.103118000000002 23.205063000000006 27.500000000000004 1 0.16338752193868125 22.436421000000003 5.0075535000000011 0.62868423451671107 9.5000000000000018 2 22.349563500000006 13.500000000000002 22.454850000000004 25.500000000000004 12.500000000000002 12.500000000000002 3 23.599879275000003 23.524861216666672 4.662668767296327 23.186355500000001 0.14290963705335855 0.42404850000000055 1.5000000000000002 11.500000000000002 25.500000000000004 32.500000000000007 0.1245399476958319 4.4976420000000008 4 23.716216000000003 5.0075535000000011 0.34343375529837722 22.211089000000005 21.938583500000004 22.708615500000004 5.491666666666668 0.27981660400391623 21.722580000000004 23.500000000000004 5.491666666666668 0.26111678275497474 27.500000000000004 22.817883500000004 22.486360800000003 22.540191000000004 22.919028825000005 22.376867850000004 21.910216500000004 22.092394000000002 21.385646500000004 22.687027350000001 0.21809967998456634 0.24725767305498145 7.9570635000000012 0.045457322283008902 23.256451600000002 21.316850000000006 22.029656900000003 21.759893500000004
decision_type=2 2 2 2 2 2 2 2 2 2 2 2 2 2 2 2 2 9 2 2 2 9 2 2 2 2 2 9 2 2 2 2 2 2 9 2 2 8 2 2 8 2 2 2 2 2 2 9 2 2 2 2 2 2 2 2 2 2 2 2 2 2 2 2 2 2 2 2 2 2 2 2 2 2 2 2 2 2
left_child=2 5 4 6 54 15 12 17 -5 11 -11 35 19 14 -8 27 58 50 -15 -3 -21 22 -9 24 -24 41 -18 29 -25 30 -2 -32 33 -19 66 36 37 38 -7 -34 -17 42 -23 -44 57 -46 -39 48 -37 -31 76 55 -41 -30 73 67 -57 62 68 63 61 -61 -43 -29 -33 -47 -35 72 70 -62 71 -6 -28 -1 -48 -75 77 -4
right_child=1 3 7 8 16 9 13 21 -10 10 -12 -13 -14 18 -16 40 26 32 -20 20 -22 25 23 28 -26 -27 51 59 53 49 31 64 39 34 -36 47 -38 46 -40 52 -42 44 43 -45 45 65 74 -49 -50 -51 -52 -53 -54 -55 -56 56 -58 -59 -60 60 69 -63 -64 -65 -66 -67 -68 -69 -70 -71 -72 -73 -74 75 -76 -77 -78 -79
leaf_value=-0.0093100729972194641 0.013460639045468003 0.0086205198717712924 -0.0030128599795127583 0.021000641924416908 -0.0085649612956739223 0.0010983238253845003 0.030212516351866944 -0.0021697498448616983 0.035904913024005919 0.0059068233070504305 0.017577344551503657 -0.00057377261383822445 0.0045553780007408584 0.011249916939170832 0.016529793614897134 -0.005026489558020205 0.00097905821972577522 -0.0056877075985972683 0.019634368876408438 0.022472883072161543 0.010369555165305661 -0.0023361651070810002 0.013941611540396073 -0.0027172735708696953 0.0027148090569484671 -0.005215827339633692 -0.0075065971373164831 0.0069401495113974726 0.0010433573464689659 -0.00056051143473760266 0.0093291496815762036 -0.00043700748329593284 -0.004329054576518809 -0.0033779689828851451 0.008453075072538117 0.01557314248075309 0.00029706854234361023 0.012017256581362616 0.009506609828397761 0.0036765953663128298 0.0020082337496640382 -0.002184620189241811 0.0014246799887103251 0.012231374699849964 0.0023332673764507187 -0.0079828382730452226 0.0039789883581281982 0.0049252822741623408 0.0090642621241249759 0.0051177266151829943 -0.010526930086051354 -0.0092627592877963984 -0.0027944932569708013 0.0068381369602768388 -0.0071993051320774848 0.001958791215888708 -0.0067442033633307317 0.0042281295566848299 -0.0040618845883473769 -0.0059069732729786321 -0.00019813347969684848 0.0014023125664082083 0.0023850787133981623 0.0015803439194923422 0.0052719467169080663 -0.0031284282929739606 0.0010875656715799826 -0.0019134607837182768 -0.0066576066439576797 0.0049239919414233004 -0.012096517452199048 -0.0047381304665131416 -0.0049469012120465445 -0.012386524880275394 0.0086747555127872095 -0.0090177759553188505 -0.0021571816175823036 -0.008622438893455743
leaf_weight=462 204 341 214 218 1615 384 202 329 207 297 305 254 252 317 235 305 272 304 363 219 228 386 246 319 261 376 611 202 272 343 320 228 1440 256 262 228 244 384 202 218 229 456 200 223 209 212 205 254 358 374 229 301 279 287 283 262 224 283 330 219 200 209 313 325 202 329 357 211 1402 235 200 204 1117 1634 259 245 212 243
leaf_count=462 204 341 214 218 1615 384 202 329 207 297 305 254 252 317 235 305 272 304 363 219 228 386 246 319 261 376 611 202 272 343 320 228 1440 256 262 228 244 384 202 218 229 456 200 223 209 212 205 254 358 374 229 301 279 287 283 262 224 283 330 219 200 209 313 325 202 329 357 211 1402 235 200 204 1117 1634 259 245 212 243
internal_value=-6.35491e-06 0.00822948 -0.00435512 0.0170661 -0.0075446 0.00495551 0.0148606 -0.000924828 0.0282599 0.00745623 0.0118196 0.00650862 0.0109359 0.0185147 0.0228545 0.00260853 -0.00621247 -0.00292136 0.0157257 0.0129764 0.0162994 0.00077993 0.00278648 0.00398392 0.00816214 -0.000379525 -0.00468154 0.0034142 0.00157122 0.00500796 0.00701949 0.0052675 -0.00195724 7.94523e-05 0.00208313 0.00722304 0.0060141 0.00698687 0.00399675 -0.00320702 -0.00200973 0.000315479 0.00260912 0.00712183 -0.000714239 -0.00297862 0.00905317 0.00963805 0.0114022 0.00240136 -0.00617621 -0.00524635 4.39323e-05 0.0040185 -0.0109709 -0.00474782 -0.00205247 0.000900099 -0.00743607 0.00145178 0.000135536 -0.00233772 -0.000324652 0.00363477 0.00224487 -0.00503071 -0.000764847 -0.00542339 -0.00776155 0.00256899 -0.00852813 -0.00813578 -0.00585198 -0.0114268 0.00660012 -0.0119473 -0.00477927 -0.00599564
internal_weight=27639 9551 18088 2582 9373 6969 2157 8715 425 3374 602 2772 1040 1117 437 3595 6749 4014 680 788 447 4701 1714 1385 507 2987 2998 3061 878 1671 954 750 3116 1179 875 2518 1678 1434 586 1937 534 2611 809 423 1802 750 848 840 586 717 898 2726 497 559 2624 2425 486 1052 3751 1390 863 428 769 527 430 541 613 1939 3421 435 2019 1819 1728 2341 464 1879 669 457
internal_count=27639 9551 18088 2582 9373 6969 2157 8715 425 3374 602 2772 1040 1117 437 3595 6749 4014 680 788 447 4701 1714 1385 507 2987 2998 3061 878 1671 954 750 3116 1179 875 2518 1678 1434 586 1937 534 2611 809 423 1802 750 848 840 586 717 898 2726 497 559 2624 2425 486 1052 3751 1390 863 428 769 527 430 541 613 1939 3421 435 2019 1819 1728 2341 464 1879 669 457
cat_boundaries=0 1 2 3 4 5
cat_threshold=4672 10312 2250 1037 3080
is_linear=0
shrinkage=0.047679


Tree=39
num_leaves=79
num_cat=9
split_feature=9 9 50 51 19 20 0 52 51 54 55 53 55 55 0 18 59 7 6 0 51 55 9 52 18 17 55 9 46 53 0 6 54 59 50 55 53 41 54 55 0 7 40 20 51 6 7 14 15 23 32 25 56 40 0 53 6 41 0 17 55 6 7 6 7 40 7 7 23 0 55 15 52 52 0 8 53 7
split_gain=403.794 117.759 72.6417 21.0074 20.5788 15.9343 14.8152 14.8005 8.32374 7.26556 6.67357 6.5785 4.92416 7.95052 22.4705 4.76174 4.56711 4.55985 6.76833 9.82161 6.232 4.52611 5.67297 5.37609 5.15365 4.35688 5.11202 7.16911 4.10984 4.08207 6.26498 3.78541 7.71502 3.69787 3.67127 3.66738 5.27118 3.53674 3.31406 3.8605 3.53535 3.17838 3.13797 3.52996 3.05185 3.04219 2.88641 2.71241 2.70642 2.50225 2.49596 2.32958 2.57675 2.54074 3.02148 2.4095 2.26522 2.1591 2.04864 1.98389 1.97333 1.9618 1.83383 2.25882 1.81743 1.72616 2.54453 2.27139 2.024 1.66456 1.52221 2.08362 1.50447 1.44655 1.28996 1.23218 1.06105 1.0547
threshold=23.075966000000005 21.851016750000003 24.408066375000001 22.412756225000006 21.385909000000002 26.076946500000002 0 0.67462844401612398 23.130637083333337 0.64505585822988898 0.19748193150868179 0.5873507380007742 0.771585530607653 0.53190967447834703 1 20.830837500000005 5.5083333333333337 11.500000000000002 12.500000000000002 2 22.216805583333336 0.68743452777183978 24.220251500000003 0.16288188787283078 23.767010750000001 1.0952820000000001 0.64910838383525715 25.083875500000001 22.244553500000006 0.65983066363468423 3 10.500000000000002 0.20418084866962616 5.491666666666668 22.104299125000004 0.44207696787667011 0.38854052318810733 23.813174500000002 0.34513016304156213 0.46946264212701028 4 16.500000000000004 22.631981000000003 22.587173500000002 22.780692433333339 16.500000000000004 25.500000000000004 5.049034804128401 4.112477252503699 22.645616500000003 22.237775000000003 22.036329500000004 0.062886999999999929 22.119049000000004 5 0.15366170910895502 8.5000000000000018 22.176010000000002 6 2.0231230000000004 0.30356151491845845 16.500000000000004 33.500000000000007 9.5000000000000018 16.500000000000004 21.942585000000005 12.500000000000002 47.500000000000007 21.385646500000004 7 0.45154133654010081 5.4666845283744063 0.13690014239812179 0.35685135938507112 8 1.5000000000000002 0.087799234669937457 47.500000000000007
decision_type=2 2 2 2 2 2 9 2 2 2 2 2 2 2 9 2 2 2 2 9 2 2 2 2 2 10 2 2 2 2 9 2 2 2 2 2 2 2 2 2 9 2 2 2 2 2 2 8 8 2 2 2 2 2 9 2 2 2 9 8 2 2 2 2 2 2 2 2 2 9 2 8 2 2 9 2 2 2
left_child=1 4 6 9 15 25 7 10 42 17 -2 35 13 28 -15 -1 58 57 19 20 -19 22 23 -12 48 26 27 56 -5 30 -16 32 49 70 59 37 -37 62 40 47 41 -33 43 -8 -34 51 -36 -40 -25 -30 -48 53 55 54 -20 -53 -4 60 76 -21 -3 65 63 -10 -63 66 -60 68 -68 -46 71 -17 -42 -44 -73 -76 -6 -77
right_child=2 3 5 12 16 -7 8 -9 11 -11 21 -13 -14 14 29 33 -18 18 45 34 -22 -23 -24 24 -26 -27 -28 -29 31 -31 -32 38 44 -35 46 36 -38 -39 39 -41 72 -43 73 -45 69 -47 50 -49 -50 -51 -52 52 -54 -55 -56 -57 -58 -59 61 -61 -62 64 -64 -65 -66 -67 67 -69 -70 -71 -72 74 -74 -75 75 77 -78 -79
leaf_value=-0.011719264174161794 0.017054098259487869 -0.0041940187188607746 0.016575014338962756 0.0072544756195732701 -0.0039955434781597963 0.032508298776247668 0.00038242391611864287 0.023546322083921337 0.014410045165869101 -0.010382197121141374 0.013682211141808603 -0.00024512313882777467 -0.0033838897967678342 0.020183917959822929 0.009202614114440958 -0.0036218513813039751 0.0022636443896349788 0.011889574105517858 0.00093311775393036878 -0.0068145070640945075 0.0016921415267061753 0.0019216617637047206 0.01698307423415317 -0.0012850171929023391 0.011668914989156792 0.012009561426632611 0.025077654810968235 0.022181489865239403 0.00035966250135156293 -0.00249203094903125 0.00016890985779462615 -0.0070880828417917213 -0.0069244963657652493 -0.0037643233023847869 0.0064674914610420202 0.018224155728756162 0.0083132000559565065 0.0020201114750305581 0.010102438384050528 -0.00024912549321861064 0.0010279736085709792 0.0010614059925085721 0.0019250391494233328 0.008232022022862771 0.0017874244778035941 -0.008011520270018696 0.003440215558393312 0.0041223911975022658 0.0064249795632737106 0.0075960867879490803 -0.0038477892913465319 0.00033118347959099266 0.0030686308191085103 -0.0083714939453907958 -0.0056883468599237125 -0.0052711427866218366 0.0095443417097649634 -0.0015302467998086805 -0.0066591558732090996 -0.0015060494856235721 -0.010147948036565926 -0.0039137555126129431 0.0058351834829852888 0.0076297857073330195 -0.0078878838983594962 -0.0063372332967062475 -0.0064500785175850197 -0.0057127402691900418 -0.0014132265960227243 -0.0040056483886742877 -0.012139581638577103 -0.0056305912604794643 0.0041068498380956598 -0.0030610375725023311 -0.0058943569196298409 -0.0090033661912758706 0.00089755114892557935 -0.011659482923451333
leaf_weight=1076 248 336 214 291 203 203 216 204 206 216 274 200 322 204 348 199 208 270 318 232 275 200 200 207 215 219 269 384 202 233 352 199 355 396 203 202 308 226 272 281 896 240 349 328 232 216 201 471 207 235 228 401 316 215 299 309 203 328 625 516 203 361 283 244 950 991 213 573 1221 203 260 417 604 213 239 1837 200 417
leaf_count=1076 248 336 214 291 203 203 216 204 206 216 274 200 322 204 348 199 208 270 318 232 275 200 200 207 215 219 269 384 202 233 352 199 355 396 203 202 308 226 272 281 896 240 349 328 232 216 201 471 207 235 228 401 316 215 299 309 203 328 625 516 203 361 283 244 950 991 213 573 1221 203 260 417 604 213 239 1837 200 417
internal_value=6.03328e-05 -0.00300782 0.0109675 0.00042484 -0.00665068 0.0200921 0.00796222 0.0114082 0.00572112 -0.00182555 0.00988529 0.00786745 0.00235018 0.00267883 0.00623958 -0.00892209 -0.00466765 -0.00144573 -0.000766133 0.00126988 0.00662257 0.00852085 0.00971744 0.00810822 0.00568011 0.0181367 0.0193908 0.017481 0.00177533 0.00294278 0.00479383 0.0013948 -0.000832201 -0.00812269 -0.000885611 0.00897195 0.0122387 0.00723466 0.00231702 0.00451124 0.00115823 -0.00257415 0.00253395 0.00511527 -0.00364411 -0.00265588 0.00178337 0.00631159 0.00256998 0.00425111 -0.00043313 -0.00203326 -0.000512955 -0.00390806 -0.00235273 -0.00210701 0.0131524 -0.00458033 -0.00493778 -0.00315252 -0.00643641 -0.00520254 0.00884243 0.0107336 -0.00679356 -0.00464118 -0.00400258 -0.0031753 -0.00216138 -0.000967004 -0.00863498 -0.0083419 0.00225272 3.52979e-05 -0.00866468 -0.00911304 -0.00152926 -0.00949476
internal_weight=27430 21408 6022 11022 10386 1492 4530 1755 2775 5082 1551 1669 5940 5618 1137 4841 5545 4866 3999 1925 545 1303 1103 903 629 1289 1070 801 4481 933 700 4190 1227 3765 1380 1469 510 959 2963 1024 1939 439 1106 544 790 2074 632 743 414 437 429 1858 1026 832 617 710 417 867 5337 748 539 4934 733 450 1311 3623 2632 2007 1434 435 3369 3109 1500 562 2910 2493 403 2254
internal_count=27430 21408 6022 11022 10386 1492 4530 1755 2775 5082 1551 1669 5940 5618 1137 4841 5545 4866 3999 1925 545 1303 1103 903 629 1289 1070 801 4481 933 700 4190 1227 3765 1380 1469 510 959 2963 1024 1939 439 1106 544 790 2074 632 743 414 437 429 1858 1026 832 617 710 417 867 5337 748 539 4934 733 450 1311 3623 2632 2007 1434 435 3369 3109 1500 562 2910 2493 403 2254
cat_boundaries=0 1 2 3 4 5 6 7 8 9
cat_threshold=6848 2048 3074 9282 2370 1031 8 3072 2310
is_linear=0
shrinkage=0.047679


Tree=40
num_leaves=79
num_cat=4
split_feature=9 9 50 19 19 9 17 48 48 59 52 9 59 0 19 17 45 15 0 59 55 43 52 50 8 26 40 52 34 9 8 9 0 32 46 42 53 26 49 16 7 53 7 55 15 54 59 7 36 0 9 9 55 43 7 52 54 3 21 35 24 9 7 9 55 17 24 47 26 49 55 7 7 53 49 40 50 43
split_gain=366.919 87.5 78.6807 20.813 19.32 16.7155 16.6814 10.0692 8.43098 6.45978 5.54747 5.3679 4.34185 4.24689 3.86902 3.86495 3.97426 3.84799 3.80265 3.7596 3.51344 3.36393 3.47019 3.27656 3.23846 4.77047 3.17571 3.09991 3.08594 3.02463 2.78181 2.75648 2.57311 2.54613 2.51151 2.40966 2.31914 2.26124 2.25055 2.12191 2.31149 1.99894 1.94185 1.93619 3.06886 2.57093 1.85221 2.72912 2.01675 1.84154 2.02598 1.79199 1.68055 1.65859 2.43505 3.44137 2.91396 1.4927 1.45841 1.38396 2.33751 2.67772 2.21995 1.75307 1.36884 1.28866 1.22576 1.208 1.17663 1.39794 1.00876 1.58494 3.1786 1.67928 1.40324 0.952486 0.895019 0.858575
threshold=22.690128500000004 24.330311000000005 21.850555600000003 26.064242500000002 21.290755000000001 23.585904000000003 0.9161904999999998 22.420877800000003 22.990381600000003 5.491666666666668 0.74864128666559981 25.083875500000001 5.491666666666668 0 22.350185500000006 1.7313070000000006 22.414044500000003 4.1971202417895794 1 5.5083333333333337 0.57692071991676064 21.344625500000003 0.42325369179850852 20.915002850000004 1.5000000000000002 24.639985250000006 24.800216500000001 0.44291225873520423 23.079464000000005 22.9200695 1.5000000000000002 21.759186500000002 2 23.231402500000005 21.916263500000003 23.497972250000004 0.42113897111367138 22.142464750000006 23.957217050000004 -1.1870155 45.500000000000007 0.39247182984064038 15.500000000000002 0.3272718850725545 4.5296355893533873 0.37600745189987234 5.0083333333333337 33.500000000000007 23.511656000000006 3 22.840618000000003 22.954515500000003 0.28216842758104305 21.905105500000005 25.500000000000004 0.071565745854539134 0.13560559607099751 4.8678060000000007 21.713620000000002 22.069295000000004 22.542549000000005 22.328872 36.500000000000007 22.433707500000004 0.39302055055837648 -3.4732204999999996 22.118813500000005 22.920662000000004 21.979844000000003 21.905839250000003 0.15570721686658745 29.500000000000004 14.500000000000002 0.14634100533891639 21.054448300000004 22.658352000000004 21.696489100000004 21.885403500000006
decision_type=2 2 2 2 2 2 10 2 2 2 2 2 2 9 2 10 2 8 9 2 2 2 2 2 2 2 2 2 2 2 2 2 9 2 2 2 2 2 2 10 2 2 2 2 10 2 2 2 2 9 2 2 2 2 2 2 2 2 2 2 2 2 2 2 2 10 2 2 2 2 2 2 2 2 2 2 2 2
left_child=2 5 4 6 23 8 11 19 14 21 15 24 28 -11 51 33 -17 30 -16 27 29 64 31 -1 25 -3 -13 32 -7 -19 -10 57 52 59 -29 -30 70 53 -37 40 42 -32 -39 49 45 -45 48 -48 65 -20 -51 -2 66 68 55 -55 -56 -23 -33 -9 61 -61 -63 -62 -6 -31 -4 -65 69 -34 74 72 -72 -73 -25 -47 -59 -60
right_child=1 3 7 -5 9 12 -8 10 17 13 -12 26 -14 -15 18 16 -18 20 43 -21 -22 22 -24 36 -26 -27 -28 34 35 46 41 58 37 -35 -36 38 -38 39 -40 -41 -42 -43 -44 44 -46 75 47 -49 -50 50 -52 -53 -54 54 56 -57 -58 76 77 60 63 62 -64 67 -66 -67 -68 -69 -70 -71 71 73 -74 -75 -76 -77 -78 -79
leaf_value=-0.011079820835756973 0.0012321897243883408 0.022296337015656347 -0.0047706961368043426 0.031667691331728746 -0.0070220185753279126 0.0044589715466192437 0.006529278245884995 -0.003027759493748066 0.006699564636089601 0.0046483310961934919 -0.0048421136998375962 0.026028063277073681 0.014233701306014548 -0.0036476625146680645 0.007526496155294971 0.010910862137976303 0.0026397043518721413 0.0013159358243662726 -8.8594144086125788e-05 0.0034408850089265161 0.011448503296631687 -0.0066516618930709129 0.0011540302372705913 -0.011882737257153999 0.010474880985725901 0.012798119288786445 0.018752042094642939 -0.0096751833761861122 0.012705446610465495 0.0056207771232517712 0.0036940004218890682 -0.00033484927152695811 -0.0019666407325324275 0.0052054097532163437 -0.0025746580588024812 0.005276659542868033 -0.012906634578040553 -0.0019710654775424359 0.010595700186909276 0.0036347021393025956 -0.0043421172156274208 -0.0025071193282851746 0.0016410283506118678 -0.001821414908457398 -0.0043880090544222063 0.0018193985957105077 0.013130877327336015 0.005582440596312176 0.0026050009741976801 0.0024544448657437879 0.0082580725092835025 -0.004924293655072411 -0.0067814328229558185 -0.0057997971490942879 -0.00051346262956745038 0.0015001641232388154 -0.0068012815746488547 -0.0053050820316980453 -0.0031469153882375651 0.0077238107167686412 -0.002968657161353801 -0.00056588464432215943 0.0055837417366587424 0.002475828173493724 -0.011418906615471076 0.010511052764000176 0.00040702786226194193 -0.0014009981063224475 -0.003547350712008381 0.0028518303280509827 -0.0080663596600124045 -0.0057988788455002119 -0.00081139215910890885 -0.011175030303897686 -0.0079055162545596403 0.0062260707773812022 -0.0022385136482905156 -0.0067303109124566048
leaf_weight=1395 212 236 213 204 808 344 365 199 339 241 280 217 363 308 354 211 353 236 205 305 372 1967 209 251 220 245 367 205 380 298 279 317 247 339 253 351 219 576 373 304 320 205 820 241 213 200 239 200 283 271 276 218 335 224 238 426 566 763 513 211 365 401 200 491 201 208 203 291 202 307 319 255 241 274 1026 252 302 216
leaf_count=1395 212 236 213 204 808 344 365 199 339 241 280 217 363 308 354 211 353 236 205 305 372 1967 209 251 220 245 367 205 380 298 279 317 247 339 253 351 219 576 373 304 320 205 820 241 213 200 239 200 283 271 276 218 335 224 238 426 566 763 513 211 365 401 200 491 201 208 203 291 202 307 319 255 241 274 1026 252 302 216
internal_value=3.98518e-05 0.00810301 -0.00369794 0.0173007 -0.00665535 0.00563593 0.0155244 -0.00049964 0.00423887 -0.00491068 0.00158164 0.0180794 0.00957101 1.23399e-05 0.0022162 0.00216924 0.00573406 0.00609647 0.00309355 -0.00171022 0.00731083 -0.00542102 -0.00483805 -0.00921757 0.0152667 0.0174584 0.0214556 -0.00199907 0.00840212 0.00625945 0.00338739 -0.00514514 -0.00165392 0.00136406 -0.00575284 0.00963078 -0.0082126 -0.00118699 0.008017 -3.67419e-05 -0.000687161 0.00106749 0.000150651 0.00208908 0.000617266 0.00215568 0.00720951 0.00969196 0.00582827 0.00389007 0.00528615 -0.00188901 -0.00421198 -0.00224372 -0.00318557 -0.00101552 -0.00493996 -0.00587323 -0.00303467 0.000760617 0.00114545 0.0031029 0.00148058 -0.000240296 -0.00789791 0.00763101 -0.00224407 0.00103317 -0.000432293 0.000703523 -0.00777812 -0.00671202 -0.00494413 -0.0085835 -0.00868726 0.00427622 -0.0044355 -0.00420866
internal_weight=27676 8766 18910 1854 9825 6912 1650 9085 5101 5845 3341 1285 1811 549 2442 3061 564 2659 2012 5744 1836 5296 4287 3980 701 481 584 5439 1448 1464 823 4078 4981 2497 458 1104 2585 4230 724 2020 1716 484 1396 1658 906 693 1228 439 789 752 547 430 751 2210 1454 650 804 3032 1046 2158 1959 812 601 1147 1009 506 416 782 756 554 2366 1089 560 529 1277 452 1065 729
internal_count=27676 8766 18910 1854 9825 6912 1650 9085 5101 5845 3341 1285 1811 549 2442 3061 564 2659 2012 5744 1836 5296 4287 3980 701 481 584 5439 1448 1464 823 4078 4981 2497 458 1104 2585 4230 724 2020 1716 484 1396 1658 906 693 1228 439 789 752 547 430 751 2210 1454 650 804 3032 1046 2158 1959 812 601 1147 1009 506 416 782 756 554 2366 1089 560 529 1277 452 1065 729
cat_boundaries=0 1 2 3 4
cat_threshold=4099 2240 4864 4100
is_linear=0
shrinkage=0.047679


Tree=41
num_leaves=79
num_cat=7
split_feature=9 50 50 9 18 31 43 24 0 26 6 54 6 51 52 40 59 52 25 59 15 0 38 44 37 59 54 0 57 9 49 0 7 34 17 18 30 7 7 42 14 0 52 43 6 4 7 31 6 50 15 16 38 52 15 7 7 52 16 26 40 0 7 59 46 54 0 52 28 44 7 36 54 46 44 52 45 51
split_gain=322.231 81.0753 69.2019 20.1546 13.7271 11.6846 10.4393 9.22556 8.27472 6.58495 6.58222 5.50072 5.17585 4.97129 5.23944 4.79301 4.48978 5.25549 9.937 4.44607 4.44016 6.26466 7.84944 4.77663 6.36794 4.25922 4.24056 4.20947 3.95212 3.85387 3.6895 3.41411 3.25018 3.08178 2.99543 2.91253 2.88838 2.85702 6.45508 2.83663 2.76369 2.80116 3.33179 7.425 3.00879 2.31307 2.2653 3.38721 2.22322 2.12131 2.05877 1.89177 1.88993 1.97756 1.86771 1.84235 6.90145 1.80842 1.71343 1.68382 2.19373 1.79619 1.5968 1.76898 1.42749 2.31151 1.39371 1.3852 1.3469 1.29237 1.14818 1.35428 1.11418 0.975716 0.967531 0.957516 1.10193 0.815619
threshold=22.701517500000005 24.408066375000001 21.763066200000001 23.609067500000005 22.057426500000002 21.149092500000005 24.142331000000002 22.010279500000003 0 23.291401750000002 13.500000000000002 0.22456835893386554 9.5000000000000018 22.435388841666668 0.44291225873520423 22.185940000000006 5.0083333333333337 0.26377593941483829 25.096891500000002 5.491666666666668 5.4666845283744063 1 23.186355500000001 22.264246000000004 23.167476500000003 5.5083333333333337 0.53331001477455364 2 59.500000000000007 21.302111500000006 23.014616750000002 3 31.500000000000004 23.329567500000003 1.7137155000000002 21.569719500000001 23.372447250000004 37.500000000000007 19.500000000000004 23.620333500000005 4.7359892224297022 4 0.1590983716629836 22.982219500000003 13.500000000000002 11.194761000000002 16.500000000000004 22.654714500000004 10.500000000000002 22.680204925000002 4.3511365804671804 3.9512535000000009 23.124593000000004 0.28765805529326466 2.876976420547138 51.500000000000007 44.500000000000007 0.10020128975317957 2.3779750000000011 22.288031500000006 22.283737000000002 5 9.5000000000000018 5.491666666666668 21.200567500000002 0.3838649083981413 6 0.24660746338227965 22.064058500000005 23.710741000000002 10.500000000000002 21.794164500000004 0.21957131241368963 22.341920000000005 23.499846500000004 0.041329950466278416 20.876006000000004 22.288111441666668
decision_type=2 2 2 2 2 2 2 2 9 2 2 2 2 2 2 2 2 2 2 2 8 9 2 2 2 2 2 9 2 2 2 9 2 2 8 2 2 2 2 2 10 9 2 2 2 2 2 2 2 2 10 8 2 2 8 2 2 2 8 2 2 9 2 2 2 2 9 2 2 2 2 2 2 2 2 2 2 2
left_child=2 3 5 7 12 34 -3 -2 28 -10 20 -11 31 14 19 -15 17 18 -8 54 23 22 -22 -9 37 29 36 68 33 67 49 -4 -13 -5 -1 -29 52 38 -25 -26 41 42 45 44 -44 72 -43 -48 -37 -23 64 -32 53 66 -6 56 57 -50 -16 60 61 -56 -36 75 -31 70 -12 -7 -14 -35 -66 -72 -17 77 -53 76 -64 -61
right_child=1 6 4 8 13 25 16 10 9 11 26 32 27 15 58 40 -18 -19 -20 -21 21 30 -24 24 39 -27 -28 35 -30 50 51 -33 -34 69 62 48 -38 -39 -40 -41 -42 46 43 -45 -46 -47 47 -49 55 -51 -52 74 -54 -55 59 -57 -58 -59 -60 73 -62 -63 63 -65 65 -67 -68 -69 -70 -71 71 -73 -74 -75 -76 -77 -78 -79
leaf_value=-0.0039437441330426783 -0.0050845199097910793 0.02785195247417668 -0.002320405877288466 0.0014983703457691498 -0.0053049779417733743 -0.0071369171916067595 0.0096710872871752281 0.010073647090459477 0.01936106815918065 0.01726021734636261 0.0015171393944735764 0.011542698915934032 -0.0056730656175609977 0.0086161800685538564 -0.009010688400370833 0.0031307754937264019 0.020528518081865427 0.0096684603982100572 0.022672246880217635 0.0049159724415612678 0.019255757441230946 0.0058035899369497691 0.0072248429138995537 -0.0044765574818195417 0.0091888126620010713 0.0008980477021642611 -0.0044838511418664254 -0.008318738465298214 0.011875862530916487 -0.0087006394270035675 0.010919483806964309 0.0055623467868455003 0.0042972574319902106 0.0094962214733103779 -0.012419477559596518 -0.0070598597419699793 0.0077107257017321653 -0.0041641699956977331 0.0064528764896570221 0.0022389731336636622 0.0058113199094475751 -0.0041484311294123265 -0.0021409229553929028 0.010617739119850589 0.0046254833364555471 -0.0040792740867938238 -0.0024662914071007618 0.0041486536721427499 -0.0038949444031664161 -0.00057476258863689979 -0.0012769017602190264 0.0038042660121614847 -0.0021378556647320777 -0.00076287045724708472 0.0019147366811072817 -0.0057142137808465594 0.0054620482494183728 -0.0010145262873294512 -0.0028748855902867997 -0.0019076149067117339 -0.0045063134629126419 -0.0023950217279482323 -0.01015421357402743 -0.004991171979813437 -0.0071855228053161703 -0.00043145095196007592 0.0064360590170361607 -0.011266581223590477 -0.010361272432933697 0.0044728451609755797 -0.0045092453366206951 -0.0078564500768784264 -0.00069169947813456031 0.0040392440244803422 0.0081275273554272231 -0.010334566492576204 -0.0058923027731055616 0.0022406189825318265
leaf_weight=223 248 203 246 358 199 1431 230 228 253 201 259 294 374 218 203 384 382 338 319 347 199 200 324 210 342 230 215 209 232 254 233 237 270 273 413 222 221 269 296 219 282 361 307 275 291 233 394 318 1107 291 322 271 227 249 449 283 274 897 211 215 379 412 269 207 614 235 309 212 222 203 2360 311 316 226 208 1318 283 216
leaf_count=223 248 203 246 358 199 1431 230 228 253 201 259 294 374 218 203 384 382 338 319 347 199 200 324 210 342 230 215 209 232 254 233 237 270 273 413 222 221 269 296 219 282 361 307 275 291 233 394 318 1107 291 322 271 227 249 449 283 274 897 211 215 379 412 269 207 614 235 309 212 222 203 2360 311 316 226 208 1318 283 216
internal_value=-4.30165e-05 0.00762895 -0.0035071 0.00551817 -0.000865428 -0.00664321 0.0178129 0.00388133 0.00945948 0.0125695 0.00434748 0.0104877 -0.00301897 0.000540451 -0.000923571 0.00177831 0.016207 0.0143458 0.0172255 -8.30416e-05 0.0055354 0.00720275 0.0115811 0.00369534 0.00260683 -0.00546398 0.00170676 -0.00364272 0.00631234 -0.00571895 0.00516009 0.00161465 0.00807414 0.00484038 -0.00923769 -0.0028808 0.00275892 -0.000193791 0.00191695 0.00647578 0.00130673 0.000865499 0.0020054 0.0041336 0.00115176 3.55515e-05 -0.00106189 0.000488137 -0.00248277 0.00202335 -0.00493643 0.00739568 0.0017107 0.00278 -0.000910646 -0.002086 -0.00163526 -0.00260566 -0.00588351 -0.000449669 -0.00148365 -0.000153119 -0.0097118 -0.00917339 -0.00524866 -0.00499957 0.00433312 -0.00766978 -0.00729692 0.0073539 -0.00532636 -0.00489898 0.0014052 0.00150184 0.00568159 -0.00963635 -0.00796922 0.000171314
internal_weight=27563 8574 18989 7102 10307 8682 1472 5018 2084 1018 4770 765 4071 6236 2857 3379 1269 887 549 2443 3290 1726 523 1564 1336 5969 1480 3588 1066 5739 1203 483 564 834 2713 2992 1265 775 506 561 3161 2879 1806 873 598 933 1073 712 2783 491 4096 712 1044 817 2096 2561 2278 2004 414 1897 1240 861 2490 2077 3774 3520 568 1643 596 476 3285 2671 700 657 479 1870 552 431
internal_count=27563 8574 18989 7102 10307 8682 1472 5018 2084 1018 4770 765 4071 6236 2857 3379 1269 887 549 2443 3290 1726 523 1564 1336 5969 1480 3588 1066 5739 1203 483 564 834 2713 2992 1265 775 506 561 3161 2879 1806 873 598 933 1073 712 2783 491 4096 712 1044 817 2096 2561 2278 2004 414 1897 1240 861 2490 2077 3774 3520 568 1643 596 476 3285 2671 700 657 479 1870 552 431
cat_boundaries=0 1 2 3 4 5 6 7
cat_threshold=9231 2114 12992 4609 2252 3078 10246
is_linear=0
shrinkage=0.047679


Tree=42
num_leaves=79
num_cat=8
split_feature=18 9 18 20 49 9 0 6 6 9 31 59 0 54 31 0 59 54 0 6 59 52 15 52 20 0 6 54 26 10 6 54 42 35 15 29 16 7 51 50 0 53 46 34 17 54 7 6 53 7 52 7 40 7 6 45 2 35 54 6 53 40 54 0 9 7 7 6 42 18 0 45 15 20 53 45 51 7
split_gain=298.3 85.6967 53.146 20.9788 13.8759 13.2524 11.8162 10.7383 13.4154 9.79783 8.28723 7.2096 7.6018 6.88027 5.59888 4.47214 5.53187 4.31452 4.28215 4.36553 3.94824 3.89165 4.122 3.86113 3.66017 3.51001 6.05211 9.53471 5.96506 3.55128 3.47788 3.45757 3.40752 3.2976 3.00015 2.92574 3.30123 2.87478 2.78771 2.75385 2.73701 2.71575 2.21443 2.15121 2.12325 2.03021 2.5006 4.01648 1.9635 1.90113 2.21352 5.31616 1.92578 1.88628 1.84675 2.40213 2.88403 1.69241 1.99907 1.65071 1.63985 1.59551 2.03792 2.14485 1.3788 1.31878 1.72551 2.07823 1.99066 1.22931 1.19631 1.16194 1.17992 1.40095 1.15847 1.15146 1.07816 1.04536
threshold=22.572585250000003 23.941224500000004 21.569719500000001 26.076946500000002 23.083732600000005 22.069127500000004 0 13.500000000000002 11.500000000000002 25.296327000000002 21.149092500000005 5.491666666666668 1 0.7156317868495613 23.024917000000006 2 5.491666666666668 0.44764449443294774 3 9.5000000000000018 5.491666666666668 0.16083839496340185 1.6087397421317029 0.36823022017341639 22.892436000000004 4 10.500000000000002 0.206595304786201 22.478360500000004 1.5000000000000002 10.500000000000002 0.67343037526879301 23.017569500000004 23.303953000000003 4.9602556119977157 23.222768000000006 -0.17638500000000021 27.500000000000004 23.622377550000003 22.733252750000002 5 0.44338480263715185 21.256395500000004 23.584214000000003 2.0231230000000004 0.40022181459291511 12.500000000000002 13.500000000000002 0.36608304144134524 7.5000000000000009 0.15555864014884521 31.500000000000004 22.049879750000006 39.500000000000007 14.500000000000002 22.077854000000006 9.249916500000003 22.057383000000005 0.49766347199048794 9.5000000000000018 0.31186771144966113 21.980261000000002 0.23603456571649639 6 22.827644500000002 9.5000000000000018 49.500000000000007 16.500000000000004 20.935173000000002 21.957268250000002 7 23.072666000000002 2.1501446800579425 22.165617000000001 0.039381130865602305 22.309717000000003 21.367702633333341 32.500000000000007
decision_type=2 2 2 2 2 2 9 2 2 2 2 2 9 2 2 9 2 2 9 2 2 2 10 2 2 9 2 2 2 2 2 2 2 2 8 2 8 2 2 2 9 2 2 2 8 2 2 2 2 2 2 2 2 2 2 2 2 2 2 2 2 2 2 9 2 2 2 2 2 2 9 2 10 2 2 2 2 2
left_child=2 4 10 6 13 18 23 8 9 17 44 14 -13 25 34 16 24 37 48 -20 42 22 43 -3 39 28 27 -27 -2 35 38 57 -30 -32 -6 36 64 -8 -23 45 -22 -35 76 -16 -1 46 -7 -48 69 -21 54 -52 -53 -38 55 56 -51 60 71 -29 -17 62 74 -64 -28 -46 67 68 -67 77 -57 72 73 -59 -44 -74 -12 -4
right_child=1 3 5 -5 11 15 7 -9 -10 -11 20 12 -14 -15 21 31 -18 -19 19 49 40 30 -24 -25 -26 26 29 59 32 -31 33 -33 -34 41 -36 -37 53 -39 -40 -41 -42 -43 61 -45 65 -47 47 -49 -50 50 51 52 -54 -55 -56 70 -58 58 -60 -61 -62 -63 63 -65 -66 66 -68 -69 -70 -71 -72 -73 75 -75 -76 -77 -78 -79
leaf_value=-0.0042929427478207698 0.012621064448942855 0.01000678676506029 -0.0038811717945341126 0.028667101106824064 -0.0025732713907646808 -0.0036142660495828869 0.018054547141685959 0.0054642889155830507 0.02448283962749748 0.022192818529001176 -0.0072843942346402599 0.003669434796249637 0.015378295815091755 -0.0062464422530810826 0.0092648017860792083 -0.00071474582015037646 0.0085474270694154142 0.0061477934487625474 0.0035237732657331343 -0.0053543283602166536 0.0027238167174178382 -0.0017782216307342552 0.013080990835809029 0.002301500158105217 0.0069391993933715724 0.0069521018612216032 0.0011254881061195483 -0.0027926434387138929 0.006300910145988616 0.0078841332913841961 0.0034727862597183018 -0.0071085070476241286 -0.0012427401312764077 0.0053741566760601711 0.0044301484298054387 0.0076640531108122618 0.0018292759856764901 0.011149264298168184 0.0050285009238211741 0.0046030019403938251 -0.0047184327330989061 0.012682551074628155 -0.0028925075391391681 0.0025749718542600365 -0.011916832142109769 -0.0043010562169630388 0.0042802262620829446 -0.0019548523517866549 -0.0092864886546543575 -0.0025236125828790399 0.0038778175632855835 -0.0009976150009808199 -0.0070193854829185883 0.0056884140136894742 -0.0046064147681929403 -0.0066492546509447064 0.0030525038677597584 -0.0040187204196226759 0.0045566553814113293 -0.0081906099053092856 -0.005525453014867141 -0.0087957483288601344 -0.0059806979256308377 -0.00043218250698359885 -0.0042220940147457003 -0.003419347943021228 -0.011912756350524835 -0.0097918877517610709 -0.0084724561585811393 -0.0018519009003994526 -0.001712329740499493 -0.0038006398971338249 0.0045635653785685492 6.4359060323731319e-05 -0.0062434253863380713 -0.00022714567857696293 -0.011218846239076211 -0.0076063403193288824
leaf_weight=199 203 385 343 210 268 288 216 227 368 252 760 226 357 208 229 395 246 245 261 584 201 248 338 240 209 199 199 274 318 305 369 199 238 205 289 214 1055 375 305 281 233 265 267 209 400 268 519 429 273 597 382 277 214 396 1088 282 326 242 205 243 272 300 268 386 244 304 358 898 425 253 220 204 219 907 1929 238 200 342
leaf_count=199 203 385 343 210 268 288 216 227 368 252 760 226 357 208 229 395 246 245 261 584 201 248 338 240 209 199 199 274 318 305 369 199 238 205 289 214 1055 375 305 281 233 265 267 209 400 268 519 429 273 597 382 277 214 396 1088 282 326 242 205 243 272 300 268 386 244 304 358 898 425 253 220 204 219 907 1929 238 200 342
internal_value=2.38984e-05 0.00664109 -0.00368735 0.0142394 0.00405702 -0.00154063 0.0129266 0.0150205 0.0166135 0.0139518 -0.00686859 0.00635382 0.0111661 0.00220209 0.00532426 0.000200305 0.00179361 0.0114677 -0.00317887 -0.00244354 -0.00564264 0.00641971 0.00912524 0.00693697 0.000969384 0.00265407 0.00192705 -0.00191625 0.00555266 0.00307545 0.00491145 -0.00104111 0.00307179 0.00684629 0.00106046 0.00237969 0.00178262 0.013673 0.00197594 0.000270396 -0.00131764 0.00949485 -0.00609934 0.00607263 -0.00902446 -0.000539087 0.000276616 0.00145866 -0.00568088 -0.00284201 -0.0024087 -0.000340392 -0.00362218 0.00288249 -0.00312721 -0.00199782 -0.00055415 -0.000594803 9.42866e-05 -0.00532979 -0.00267653 -0.00548837 -0.00514023 -0.00280394 -0.00181991 -0.00941924 -0.00891595 -0.00825654 -0.00636526 -0.00469205 -0.00465223 -0.00041112 1.94294e-05 -0.000795611 -0.00583601 0.00206862 -0.00810407 -0.00574104
internal_weight=27613 9922 17691 2518 7404 10563 2308 1683 1456 1088 7128 3308 583 4096 2725 5121 2240 836 5442 4231 4544 2168 776 625 1994 3888 3129 716 759 2413 1392 2881 556 839 557 2108 1894 591 553 1785 434 470 4110 438 2584 1504 1236 948 1211 3970 3386 873 491 1451 2513 1425 923 2682 2015 517 667 3150 2850 654 443 2385 1985 1627 729 938 502 1810 1606 1149 2196 457 960 685
internal_count=27613 9922 17691 2518 7404 10563 2308 1683 1456 1088 7128 3308 583 4096 2725 5121 2240 836 5442 4231 4544 2168 776 625 1994 3888 3129 716 759 2413 1392 2881 556 839 557 2108 1894 591 553 1785 434 470 4110 438 2584 1504 1236 948 1211 3970 3386 873 491 1451 2513 1425 923 2682 2015 517 667 3150 2850 654 443 2385 1985 1627 729 938 502 1810 1606 1149 2196 457 960 685
cat_boundaries=0 1 2 3 4 5 6 7 8
cat_threshold=9230 5892 2060 4800 2496 12295 1089 3076
is_linear=0
shrinkage=0.047679


Tree=43
num_leaves=79
num_cat=5
split_feature=50 50 18 6 50 18 7 55 10 8 6 6 0 50 49 0 16 6 6 52 6 59 18 55 54 0 7 43 6 7 55 41 16 41 0 7 52 6 28 52 17 8 59 59 3 10 54 35 34 35 6 59 49 32 46 37 3 55 48 21 44 32 52 0 54 50 28 55 54 33 28 7 28 53 6 55 42 53
split_gain=258.814 57.239 56.1827 12.7014 11.3477 9.91007 9.51153 10.2059 9.03943 8.5321 8.21864 12.4689 8.91586 7.8559 7.42081 7.21686 6.06409 6.05418 7.31681 7.21327 7.41197 5.71347 5.64546 6.62225 11.3415 12.5512 5.54288 5.21996 4.89778 5.94421 13.7213 4.50993 4.09518 4.00736 3.99809 3.68949 3.9884 3.42459 3.17654 2.98232 2.90966 3.67841 2.80463 2.67957 2.52947 2.23001 3.93015 3.48142 2.15152 2.04424 1.90072 1.75966 1.74197 2.05905 1.68056 1.61317 1.58879 1.52669 1.50363 3.64195 1.33211 1.27177 1.19218 1.1576 1.13949 4.06686 1.5273 1.12782 1.24519 1.11569 1.10237 0.860272 1.0881 1.69294 0.877359 0.797796 0.788086 0.693784
threshold=22.733252750000002 24.408066375000001 21.740541500000003 13.500000000000002 23.579457212500003 21.302271500000003 28.500000000000004 0.5652008956828064 1.5000000000000002 1.5000000000000002 12.500000000000002 9.5000000000000018 0 22.117329212500003 25.112553000000002 1 -1.033711 9.5000000000000018 10.500000000000002 0.35176166833669287 7.5000000000000009 5.991666666666668 22.284628500000004 0.57692071991676064 0.77881229776830396 2 38.500000000000007 21.963013500000006 12.500000000000002 16.500000000000004 0.42758218891024724 23.649332000000005 4.3679650000000008 23.813174500000002 3 20.500000000000004 0.18011615568254891 9.5000000000000018 22.947985500000005 0.20337789691943567 1.7717070000000004 1.5000000000000002 5.491666666666668 5.4750000000000005 5.0075535000000011 1.5000000000000002 0.45873199185340535 23.046604000000006 21.072391500000005 21.879422000000002 8.5000000000000018 5.491666666666668 21.671445800000004 21.616020500000001 21.267176500000001 21.642851000000004 5.0075535000000011 0.21005368369153557 21.888168100000005 22.033022000000006 21.866257000000001 21.784292000000004 0.044679539434468514 4 0.23287207828339826 21.754253675000005 21.904587000000003 0.14141159020986163 0.27978379559595473 22.205507000000004 21.562652000000003 42.500000000000007 21.180464500000003 0.16672717556759034 16.500000000000004 0.26111678275497474 20.797765000000002 0.042220304282794767
decision_type=2 2 2 2 2 2 2 2 2 2 2 2 9 2 2 9 10 2 2 2 2 2 2 2 2 9 2 2 2 2 2 2 8 2 9 2 2 2 2 2 10 2 2 2 2 2 2 2 2 2 2 2 2 2 2 2 2 2 2 2 2 2 2 9 2 2 2 2 2 2 2 2 2 2 2 2 2 2
left_child=2 4 5 6 21 42 7 -3 13 14 11 35 -12 15 -8 50 -10 19 39 20 -15 22 -2 31 25 -25 -18 69 29 -29 -31 34 -22 -13 -24 -6 -37 -7 -27 44 41 -30 48 49 -19 46 -36 -47 62 58 -4 54 -52 -54 -39 71 64 -44 -17 -60 -45 -58 76 -33 77 -66 -67 -51 -69 -20 -53 72 -50 74 -74 -55 -1 -56
right_child=1 3 8 -5 10 37 9 -9 16 -11 12 33 -14 17 -16 43 26 18 27 -21 32 -23 23 24 -26 38 -28 28 40 30 -32 63 -34 -35 45 36 -38 51 -40 -41 -42 -43 57 60 -46 47 -48 -49 55 67 52 70 53 75 56 -57 61 -59 59 -61 -62 -63 -64 -65 65 66 -68 68 -70 -71 -72 -73 73 -75 -76 -77 -78 -79
leaf_value=-0.0096404142417130714 -0.0040728374720889263 0.016660692883051578 -0.0018644859207320405 0.0042687123011869461 0.015042219180334201 0.00061782151670317792 0.011075536649329726 0.030295458517068965 0.010246698452356611 0.0060946683536397738 0.020050721923754979 -0.0039398643410997114 0.0070240502370178199 -0.00091533140526791322 0.022363052637389576 -0.0023234758063755655 -0.0027870007139640424 -0.0066022394226961266 -0.0066796298582175277 -0.0040716325445594769 0.0047583517574978961 0.01009231129479952 0.0088427125317093805 0.018987887792440896 -0.0024524618431585885 0.0010166114385438602 0.0070627003637744896 -0.0015918044221669581 0.0039662609130774289 0.013088658370493675 -0.0014050836854243053 0.00069063245605321792 0.014080846043748608 0.0043548409260805599 0.003375820343545255 0.011664587853784871 0.004205841861261884 -0.0075508464472436422 0.0090390303704250708 -0.0097192617905417101 -0.0051190775508347603 -0.00073990988324510484 -0.0068799227077832028 0.0044983290598194755 0.0007817927028231222 0.0020149472103301101 -0.0013205462780375781 0.010602749483626349 -0.0036263231337080467 -0.0014126551153215809 -0.0027748157800714665 -0.0041902259236467837 -0.011448369171951538 -0.0045550460267678285 -0.0034754075888895732 -0.010851066112240173 -0.0044109021772726761 -0.0013499613817444121 0.0051606199321881964 -0.0032597464350172878 -0.0005238734987194929 -0.00015472237522984702 -0.010107898721272646 -0.0040699714138711625 0.00019937466707595122 -0.003882353269252127 -0.0096672623484435252 -0.0066839366185215522 -0.0021033610349464253 -0.002115595354882694 0.00074441519443237483 -0.0082359085241011064 -0.0037761655052151026 -0.010481085036001635 -0.0073460820392221614 -0.0080502843871071341 -0.0061905284616731943 -0.0060166772075986863
leaf_weight=248 218 319 230 205 219 285 252 205 254 235 233 252 314 224 279 558 313 215 260 208 199 311 286 240 203 207 222 314 471 327 272 248 232 279 1969 322 330 537 245 231 260 1903 225 231 207 224 510 206 375 302 210 212 232 324 279 210 366 229 257 214 250 283 1196 208 352 208 207 368 213 229 200 433 326 205 301 274 383 1959
leaf_count=248 218 319 230 205 219 285 252 205 254 235 233 252 314 224 279 558 313 215 260 208 199 311 286 240 203 207 222 314 471 327 272 248 232 279 1969 322 330 537 245 231 260 1903 225 231 207 224 510 206 375 302 210 212 232 324 279 210 366 229 257 214 250 283 1196 208 352 208 207 368 213 229 200 433 326 205 301 274 383 1959
internal_value=-8.49951e-05 0.00682167 -0.00317798 0.015293 0.00501862 -0.00590694 0.0170449 0.0219949 -0.000717721 0.0136587 0.00811106 0.00617713 0.0130679 -0.00113709 0.0170063 -0.00285099 0.00418029 -6.33263e-06 -0.000681786 0.00366366 0.00612006 0.00383101 0.00342226 0.00378168 0.00745713 0.0103641 0.00130017 7.57946e-05 0.000712457 0.00372178 0.00650719 0.00288069 0.0097765 0.000418371 0.00351376 0.00968792 0.00788946 -0.004454 0.00524892 -0.00536417 -0.000330638 0.000193791 -0.00762613 -0.00128755 -0.00298022 0.00294931 0.00240965 0.00612911 -0.00806267 -0.00209317 -0.00574155 -0.00476802 -0.00665418 -0.00763571 -0.00506031 -0.00691653 -0.0046943 -0.00409058 -0.000648985 0.00133481 0.00188804 -0.00255497 -0.00922323 -0.00155498 -0.00515633 -0.00357037 -0.00676784 -0.00377614 -0.00500466 -0.00454228 -0.00179477 -0.00641271 -0.00575866 -0.00671974 -0.00548995 -0.00615655 -0.00754643 -0.00569987
internal_weight=27542 8519 19023 1495 7024 9019 1290 524 10004 766 1949 1402 547 9215 531 3663 789 5552 4689 863 655 5075 4764 4546 895 692 535 4036 3547 913 599 3651 431 531 3195 871 652 4888 452 653 2634 2374 4131 2393 422 2909 2479 430 3677 1912 1270 4603 1040 830 4191 1850 3654 454 1029 471 481 649 1827 456 3005 767 415 883 581 489 412 1640 1207 832 627 598 631 2238
internal_count=27542 8519 19023 1495 7024 9019 1290 524 10004 766 1949 1402 547 9215 531 3663 789 5552 4689 863 655 5075 4764 4546 895 692 535 4036 3547 913 599 3651 431 531 3195 871 652 4888 452 653 2634 2374 4131 2393 422 2909 2479 430 3677 1912 1270 4603 1040 830 4191 1850 3654 454 1029 471 481 649 1827 456 3005 767 415 883 581 489 412 1640 1207 832 627 598 631 2238
cat_boundaries=0 1 2 3 4 5
cat_threshold=2112 13888 2112 320 1294
is_linear=0
shrinkage=0.047679


Tree=44
num_leaves=79
num_cat=1
split_feature=19 9 18 9 50 51 53 6 21 10 6 7 7 16 55 14 6 25 6 6 17 54 7 28 19 55 9 29 14 17 24 54 47 7 6 2 6 7 18 23 7 19 6 6 55 21 50 1 3 7 6 55 9 44 52 29 30 25 26 42 55 53 35 41 54 54 8 52 52 41 55 7 3 7 52 9 2 6
split_gain=245.268 77.6718 37.5727 18.1922 13.1473 12.0834 8.11893 9.1296 6.75138 5.77221 5.71034 11.6557 5.20749 6.82856 6.59326 5.37907 4.6308 4.76747 4.62137 7.3645 8.1801 7.53916 4.60612 6.58916 4.3724 4.26437 4.00855 3.79128 4.30236 4.74017 4.28539 3.78654 5.08472 3.60667 4.31866 5.14905 6.66056 4.04549 3.60359 3.53737 3.33715 3.2364 3.1224 4.04521 2.89122 2.77121 3.78783 2.67433 2.46042 2.31339 2.15845 2.27731 2.00704 1.87941 1.87268 1.85065 1.78385 1.76393 1.75554 1.72626 1.77525 1.6761 2.00988 1.66558 1.68777 1.66318 1.65012 1.42794 1.42631 1.27058 1.19656 1.19785 0.923774 0.913327 0.906837 0.889992 0.856674 0.784615
threshold=22.474816000000001 23.941224500000004 21.425737000000002 26.061347000000001 23.031708400000003 22.10340470833334 0.76294117326637922 8.5000000000000018 22.020975000000004 1.5000000000000002 9.5000000000000018 40.500000000000007 41.500000000000007 -0.90090999999999954 0.52730514233934334 3.0607670243246967 10.500000000000002 22.276853250000006 13.500000000000002 10.500000000000002 0.85319149999999999 0.22204704528334465 13.500000000000002 23.428991750000002 23.356196500000006 0.48899225310027428 20.889401500000002 21.839654000000007 3.9894888685044099 3.0935605000000006 22.719316500000001 0.57379120084656787 22.170344000000004 8.5000000000000018 12.500000000000002 11.194761000000002 11.500000000000002 30.500000000000004 23.139142000000003 22.252904000000004 31.500000000000004 24.971945250000001 16.500000000000004 15.500000000000002 0.45154133654010081 21.818489500000002 22.585147562500001 0 4.4976420000000008 17.500000000000004 9.5000000000000018 0.19748193150868179 23.485220000000002 21.636934500000006 0.24660746338227965 21.717809000000006 21.764113000000005 22.532477500000002 23.523820000000004 21.772822750000003 0.23731097354609662 0.34768657440507983 21.588928500000005 21.971907500000004 0.23914558452459678 0.46999533957158984 1.5000000000000002 0.05295386542432251 0.1412646071337306 21.922161250000006 0.11550505473725305 47.500000000000007 3.3412340000000005 36.500000000000007 0.040685880236176711 21.084414500000005 3.5642480000000005 14.500000000000002
decision_type=2 2 2 2 2 2 2 2 2 2 2 2 2 8 2 8 2 2 2 2 10 2 2 2 2 2 2 2 10 10 2 2 2 2 2 2 2 2 2 2 2 2 2 2 2 2 2 1 2 2 2 2 2 2 2 2 2 2 2 2 2 2 2 2 2 2 2 2 2 2 2 2 2 2 2 2 2 2
left_child=2 4 26 6 8 33 7 41 -2 18 11 48 13 -9 -14 -15 -12 39 19 21 24 58 -20 -24 -21 -17 76 -7 30 40 45 32 -19 59 35 36 61 42 -23 -18 -30 -3 43 49 -40 -29 50 -34 -10 -36 -47 -52 -11 -44 -32 73 -51 -48 -6 60 -4 62 -35 64 66 68 -28 -64 -66 -57 72 75 -68 -39 -74 -72 -1 -77
right_child=1 3 5 -5 9 27 -8 12 10 52 16 -13 14 15 -16 25 17 31 22 20 -22 38 23 -25 -26 -27 63 28 29 -31 54 -33 47 34 37 -37 -38 55 44 -41 -42 -43 53 -45 -46 46 57 -49 -50 56 51 -53 -54 -55 -56 69 -58 -59 -60 -61 -62 -63 67 -65 65 -67 70 -69 -70 -71 71 -73 74 -75 -76 77 -78 -79
leaf_value=-0.01123460070388216 -0.0047971065861840767 0.012479808231802923 -0.0057104096130904279 0.026113404396990149 0.0055343063150944385 0.0057879736824456912 0.020135502120779462 0.015679705158870814 0.013702912844316573 0.007579862271841954 -0.0034253453407045199 -0.002473935686151299 0.010450997881583856 0.0010673080496699636 -0.0015652129166711843 0.0064514795576219534 0.010701276828431491 0.0084150503480734974 -0.0038726957650573796 0.017280211784150352 0.0039060739577014966 -0.0030591305381614154 -0.0013292630171023183 0.010287265558441033 0.0083237063790119886 0.015694559469729384 -0.002956539765051822 -0.005717990316873805 0.0021975739093773542 -0.0022825462178131593 -0.0015090049733179393 -0.0045125388443626336 0.0019239470591781249 0.0013334277246217095 0.00074530284286697238 0.0042480412612305105 0.0036403198443301526 -0.0093125671019579082 0.00053250958874094588 0.002554196120870419 0.010540272496239079 0.019461992615425177 -0.0070954441503914513 0.0048037259565802569 0.0072411213461279567 0.0031186213865742785 0.0073747855943406722 -0.0021586003573876686 0.0068476449751813245 -0.0074634952541505241 0.00073570624788274854 -0.0024675267191201925 0.013203465205154939 -0.0014105921437733832 -0.0072073205071036704 -0.0025259974557575392 -0.0016917431195183491 0.001196053927094842 0.011224776435674723 -0.0036475714993163674 -0.011267894648838261 -0.0070914026274600094 -0.00033464850238888527 -0.010129792456506576 -0.0054925914479770216 -0.0074893905781567372 -0.0075933452619114002 -0.0048064237826147306 -0.00094246570025581424 -0.0060399435051592598 -0.0097759703508878588 -0.011003872863308038 -0.0031080620829889781 -0.0059180638041680268 -0.0061063986678080336 -0.0038222574268989159 -0.0084167921183391 -0.0073432415610618466
leaf_weight=317 335 333 370 218 248 233 233 371 249 364 393 239 199 200 217 264 230 241 251 270 383 317 233 212 229 199 284 209 241 247 215 234 1869 212 360 339 358 233 366 256 199 276 354 244 243 289 201 445 228 221 806 1349 239 211 336 639 271 220 245 420 202 261 209 220 264 233 490 727 385 369 225 231 350 795 665 202 1084 500
leaf_count=317 335 333 370 218 248 233 233 371 249 364 393 239 199 200 217 264 230 241 251 270 383 317 233 212 229 199 284 209 241 247 215 234 1869 212 360 339 358 233 366 256 199 276 354 244 243 289 201 445 228 221 806 1349 239 211 336 639 271 220 245 420 202 261 209 220 264 233 490 727 385 369 225 231 350 795 665 202 1084 500
internal_value=5.73044e-06 0.0056004 -0.00360265 0.0129517 0.00338238 -0.00203903 0.0116998 0.0107452 0.00172685 0.0055525 0.00222538 0.00612014 0.00868769 0.0105 0.00418293 0.00760162 0.00146511 0.00205197 0.00469612 0.00572583 0.00914718 0.00359924 0.00129186 0.00420491 0.0131699 0.0104242 -0.00685612 -0.000136014 -0.000456118 0.00300341 -0.00111176 0.00129259 0.00182425 -0.00331191 -0.00285775 -0.00113441 -0.00216703 -0.00383945 0.00106344 0.00640981 0.00597075 0.0156442 -0.00209326 -0.000609012 0.00320935 -0.000417706 -3.1053e-05 0.00113783 0.0104262 -0.00215914 -0.000750586 -0.00126947 0.00980879 -0.00497243 -0.00498384 -0.00526402 -0.00428434 0.004146 0.00836223 -0.0059687 -0.00767302 -0.00364257 -0.00285847 -0.0060955 -0.0058637 -0.00403393 -0.00641133 -0.00380792 -0.00279337 -0.00381235 -0.00677977 -0.00793196 -0.00589323 -0.00668744 -0.00507249 -0.00716646 -0.00905437 -0.00633008
internal_weight=27619 10829 16790 2510 8319 11340 2292 2059 4719 3600 4384 716 1450 1034 416 663 3668 3275 2997 2301 882 1419 696 445 499 463 5450 4545 4312 687 3625 2789 2555 6795 5803 2106 1767 3697 926 486 440 609 1661 1096 609 3074 2865 2314 477 852 2444 2155 603 565 551 2036 492 421 493 992 572 1409 1148 4049 3829 882 2947 936 649 1008 2663 1158 1505 1028 1015 927 1401 702
internal_count=27619 10829 16790 2510 8319 11340 2292 2059 4719 3600 4384 716 1450 1034 416 663 3668 3275 2997 2301 882 1419 696 445 499 463 5450 4545 4312 687 3625 2789 2555 6795 5803 2106 1767 3697 926 486 440 609 1661 1096 609 3074 2865 2314 477 852 2444 2155 603 565 551 2036 492 421 493 992 572 1409 1148 4049 3829 882 2947 936 649 1008 2663 1158 1505 1028 1015 927 1401 702
cat_boundaries=0 1
cat_threshold=17
is_linear=0
shrinkage=0.047679


Tree=45
num_leaves=79
num_cat=3
split_feature=18 48 18 18 0 20 48 31 6 6 35 28 8 6 6 43 54 6 14 30 0 59 45 59 57 8 49 38 32 15 15 54 54 26 23 23 6 17 23 0 20 54 6 51 28 49 49 49 29 8 6 42 54 22 6 33 59 18 36 26 3 18 54 45 48 54 34 2 38 54 50 30 2 6 18 56 6 50
split_gain=224.951 60.6236 43.8057 14.9285 13.9949 13.838 9.73489 5.82664 5.561 5.66086 8.10609 5.27594 5.26717 5.18469 4.74819 4.62861 4.32251 4.13555 5.26166 4.10311 4.09782 7.01823 4.04845 3.81183 3.48701 3.8855 6.25349 3.45706 3.40809 3.36993 3.36545 3.32244 3.21881 3.03861 2.9674 2.81173 3.36699 3.57364 3.08796 2.64329 3.32086 2.59971 2.34981 9.24866 2.79073 2.34324 3.26317 2.27542 2.24653 2.24046 2.12937 1.86283 1.77969 1.77185 1.62581 1.53205 1.47912 1.4353 1.38654 1.39773 1.24714 1.0971 1.03942 0.936099 1.0237 0.917827 0.774621 0.744068 0.742628 0.615237 0.548948 0.543504 0.497148 0.488264 0.562684 0.389603 0.368225 0.354056
threshold=22.656564000000007 24.447723100000001 21.406378500000002 22.069412000000003 0 26.076946500000002 23.625075800000005 22.292944500000004 13.500000000000002 10.500000000000002 23.011012000000004 22.581055500000002 1.5000000000000002 9.5000000000000018 9.5000000000000018 23.620919000000004 0.41433556412046069 9.5000000000000018 2.9011312568989953 22.593847000000004 1 5.991666666666668 24.434537000000002 5.5083333333333337 59.500000000000007 2.5000000000000004 23.014616750000002 23.049445500000004 21.131704500000005 2.4117905702488032 3.9488754281195195 0.19207949845905972 0.53879474459731191 23.475514500000006 22.575841000000004 22.045780000000004 15.500000000000002 3.7473415000000005 22.286444000000003 2 22.152663000000004 0.23914558452459678 11.500000000000002 21.980146883333337 22.201505000000001 25.112553000000002 24.687320600000003 23.292353425000002 22.711776000000004 2.5000000000000004 9.5000000000000018 22.040313500000003 0.35408759075030311 21.939283500000005 9.5000000000000018 23.922528000000003 5.491666666666668 22.372485000000001 21.631162000000007 21.571069500000004 0.43629400000000002 20.973793500000003 0.27454061116521838 21.825740500000002 21.443543000000002 0.21174888712427095 22.258732500000004 6.9109285000000016 21.209543500000002 0.206595304786201 21.454587775000004 21.348574000000003 10.540192500000002 11.500000000000002 20.889533000000004 -0.020687999999999814 16.500000000000004 21.253870225000004
decision_type=2 2 2 2 9 2 2 2 2 2 2 2 2 2 2 2 2 2 8 2 9 2 2 2 2 2 2 2 2 10 10 2 2 2 2 2 2 8 2 9 2 2 2 2 2 2 2 2 2 2 2 2 2 2 2 2 2 2 2 2 2 2 2 2 2 2 2 2 2 2 2 2 2 2 2 2 2 2
left_child=2 4 28 14 6 12 8 51 9 13 11 -11 45 27 16 32 -4 30 -19 -10 54 33 55 34 25 26 48 -2 60 -12 31 -9 -8 35 39 53 37 38 -37 40 42 -38 43 -16 -44 46 -3 -27 -20 52 -39 -6 -21 -22 69 -17 61 -56 62 -60 -1 -30 70 64 67 72 -61 76 -69 -5 -41 -70 -62 -74 -75 -47 -63 -78
right_child=1 5 3 20 7 -7 15 17 19 10 29 -13 -14 -15 23 22 -18 18 24 49 21 -23 -24 -25 -26 47 -28 -29 56 -31 -32 -33 -34 -35 -36 36 41 50 -40 58 -42 -43 44 -45 -46 75 -48 -49 -50 -51 -52 -53 -54 -55 57 -57 -58 -59 59 66 65 63 -64 -65 -66 -67 -68 68 71 -71 -72 -73 73 74 -76 -77 77 -79
leaf_value=-0.010678387653539356 0.0099743897074435275 0.017362458860817311 -0.0023169588897668531 0.0013364223340106489 0.00095162803612182378 0.026235920663782778 0.016831882404393046 0.0072697513318143664 -0.0041165420735244764 0.010808498589498129 0.017815811579098159 0.0011957236564741154 0.0084276844798833843 -0.00078981175944495296 0.0041491121800364145 0.0073073256274534268 0.0055016209986988333 0.0068192469105660429 -0.002522512558261413 0.0022342698440463195 0.00012397674059368637 0.0095614229084044836 0.011872040638673408 0.003086089281484359 0.0055905470792400073 0.0060302336445371947 -0.0084365683251582304 0.0028189582845462753 -0.0092128302362017422 0.0098286280775345125 0.0089304186389052367 0.00018290939443002088 0.0090193495393877804 0.0058547971181827554 -0.0084319165709647488 0.0088157206743527047 0.00042018765938595142 0.0045278906243794385 0.002251027905680437 -0.0064253839943064078 0.0021292281140445342 -0.0072673912426287181 -0.003861151456689037 -0.0077423295026432075 0.0013354805783311436 0.016305916324596392 0.009628054820921543 -0.0007223595817541351 0.0034405451807840953 -0.00029992004181298348 -0.00025888715202710224 -0.005017890343900766 0.0077791597068372674 -0.0048029465081977996 -0.0071911919693821089 0.0014702493330884655 -0.0024821091683690493 -0.00175750074904579 -0.0089715071361095248 -0.0041817981773468564 -0.0063173900510800803 -0.005288277577960996 -0.00089753847232091819 -0.0027812697940615876 -0.0089380195585040834 -0.0052969424427716906 -0.007493463133993382 -0.0021250227223070343 -0.0067389244741420662 -0.0024127613613760964 -0.0034945602503557585 -0.0043267245871038331 -0.0065099279088333831 -0.0080633862105575511 -0.010332804938934015 0.01927118961377251 -0.0064242416650720649 -0.0089831242395180862
leaf_weight=331 305 215 383 199 199 211 283 266 203 207 207 348 389 367 399 208 277 368 296 243 297 202 281 208 254 254 269 309 210 286 390 346 208 228 263 205 200 234 793 200 319 200 2984 237 255 204 293 205 279 242 2174 295 287 376 244 201 322 202 243 728 331 284 284 238 230 349 206 200 368 199 531 502 260 764 368 199 314 202
leaf_count=331 305 215 383 199 199 211 283 266 203 207 207 348 389 367 399 208 277 368 296 243 297 202 281 208 254 254 269 309 210 286 390 346 208 228 263 205 200 234 793 200 319 200 2984 237 255 204 293 205 279 242 2174 295 287 376 244 201 322 202 243 728 331 284 284 238 230 349 206 200 368 199 531 502 260 764 368 199 314 202
internal_value=5.51754e-05 0.00618727 -0.00295978 -0.00149896 0.00445436 0.0149103 0.00630131 0.00217018 0.00487451 0.00629656 0.00873315 0.00478103 0.0130721 0.00369357 -0.00289798 0.00998386 0.000964476 0.0029849 0.00169189 0.00191519 0.00032903 0.000857242 0.00746593 -0.00326975 0.00048003 -0.000516188 -0.00243624 0.00637337 -0.00663607 0.0131823 0.00546897 0.00326314 0.0135223 0.000485524 -0.00346858 0.000212205 0.000714544 0.00120053 0.00359949 -0.00326417 -0.00254076 -0.0034236 -0.00293176 -0.000282134 -0.00345203 0.0150552 0.0129015 0.00301437 0.000370867 0.00350125 0.000206273 -0.00261317 0.00523688 -0.00262866 -0.00272115 0.00443874 -0.00552692 -0.00473019 -0.00461566 -0.00575028 -0.00796077 -0.0059117 -0.00334541 -0.00561519 -0.00593637 -0.00752663 -0.00491221 -0.00556718 -0.00474481 -0.00053817 -0.00429643 -0.00534706 -0.00797826 -0.00837319 -0.00880115 0.0177702 -0.0066671 -0.00742598
internal_weight=27660 9117 18543 13270 7606 1511 4185 3421 3004 2029 1048 555 1300 981 7517 1181 660 2927 1925 975 5753 4909 690 6857 1557 1303 844 614 5273 493 1002 612 491 4707 6649 4479 3806 3406 998 6386 4194 400 3875 636 3239 911 508 459 575 772 2408 494 530 673 844 409 2870 446 2192 1177 2403 2548 1015 2338 2100 2072 934 1870 1070 398 731 870 1723 1392 1132 403 800 516
internal_count=27660 9117 18543 13270 7606 1511 4185 3421 3004 2029 1048 555 1300 981 7517 1181 660 2927 1925 975 5753 4909 690 6857 1557 1303 844 614 5273 493 1002 612 491 4707 6649 4479 3806 3406 998 6386 4194 400 3875 636 3239 911 508 459 575 772 2408 494 530 673 844 409 2870 446 2192 1177 2403 2548 1015 2338 2100 2072 934 1870 1070 398 731 870 1723 1392 1132 403 800 516
cat_boundaries=0 1 2 3
cat_threshold=10952 13056 3083
is_linear=0
shrinkage=0.047679


Tree=46
num_leaves=79
num_cat=6
split_feature=9 51 9 55 51 24 8 0 15 9 32 10 59 36 55 7 7 0 59 20 15 43 0 7 51 23 7 19 0 38 59 7 22 8 36 55 7 3 9 7 38 7 7 50 55 47 40 21 31 51 17 1 54 15 24 44 54 3 32 33 47 32 43 42 17 7 7 41 54 27 32 7 7 8 54 21 55 0
split_gain=203.787 48.1307 42.1619 11.6186 9.93125 9.69052 8.04565 6.63888 6.18834 8.44935 6.15984 5.73265 5.56501 5.43956 7.1456 3.98057 5.29789 3.77294 3.74251 3.61965 3.36584 3.59346 4.21639 3.46607 3.38887 3.37165 3.27451 3.21562 2.98024 3.32102 3.97653 3.92109 3.63321 2.9412 3.0566 2.75839 4.40138 4.87757 2.6225 2.4777 4.27981 2.45285 4.31735 4.02172 2.44553 2.09655 2.0827 2.06103 2.03907 2.81547 1.99618 1.99176 4.48003 1.96963 1.84555 2.24352 1.81885 1.76332 1.68574 1.64784 1.64505 1.87066 2.04894 1.76615 2.07767 1.37506 1.61497 2.28876 1.32678 1.22312 1.13362 1.11335 1.12355 2.07994 1.93908 1.04943 1.04508 0.850367
threshold=22.690128500000004 24.401052058333338 21.851016750000003 0.74986139740461033 23.130637083333337 21.125988000000003 1.5000000000000002 0 1.0554526883905393 23.004419500000004 22.185222500000005 1.5000000000000002 5.5083333333333337 22.801343500000005 0.72866757963494699 52.500000000000007 46.500000000000007 1 5.5083333333333337 22.262992000000004 4.112477252503699 23.650657500000005 2 17.500000000000004 23.766645083333337 23.679327000000004 8.5000000000000018 21.425250000000002 3 22.770018500000003 5.4750000000000005 25.500000000000004 22.540374500000002 1.5000000000000002 22.657942000000002 0.18348096237313774 25.500000000000004 3.7442280000000006 22.495760500000003 45.500000000000007 22.539056500000004 13.500000000000002 21.500000000000004 22.565940925000003 0.40136479406010384 22.750058000000006 22.587027500000001 22.860129000000004 23.558355500000005 23.369239283333336 1.8157410000000003 4 0.19207949845905972 2.4974560514257012 22.531390000000005 22.168592500000003 0.37880263795089053 0.43629400000000002 23.695962000000005 22.570828500000001 22.031754500000002 22.104636000000003 22.177408500000002 21.772822750000003 -0.28730950000000005 49.500000000000007 34.500000000000007 20.935173000000002 0.28553813392387312 21.129491000000005 21.947476500000004 7.5000000000000009 30.500000000000004 1.5000000000000002 0.12438591924267321 22.361894000000003 0.2927946342928146 5
decision_type=2 2 2 2 2 2 2 9 10 2 2 2 2 2 2 2 2 9 2 2 10 2 9 2 2 2 2 2 9 2 2 2 2 2 2 2 2 2 2 2 2 2 2 2 2 2 2 2 2 2 10 1 2 8 2 2 2 2 2 2 2 2 2 2 10 2 2 2 2 2 2 2 2 2 2 2 2 9
left_child=2 4 5 6 7 57 35 19 9 -9 15 17 13 -6 20 16 26 -10 27 -2 21 48 -23 -22 -25 -24 76 77 45 39 31 38 -33 34 -21 -3 -37 -38 -31 40 41 68 -43 -44 46 75 -35 -48 49 -15 -46 -42 -53 -28 55 71 -57 -1 -50 -41 63 62 -62 64 -55 66 69 -68 -30 -59 -65 -29 74 -74 -73 -12 -4 -7
right_child=1 3 10 -5 12 18 -8 8 11 -11 28 -13 -14 14 -16 -17 -18 -19 -20 33 23 22 25 24 -26 -27 53 54 29 30 -32 32 -34 44 -36 36 37 -39 -40 59 51 42 43 -45 50 -47 47 -49 58 -51 -52 52 -54 60 -56 56 -58 65 -60 -61 61 -63 -64 70 -66 -67 67 -69 -70 -71 -72 72 73 -75 -76 -77 -78 -79
leaf_value=-0.010569881741056737 -0.0040458705876321686 0.018178902058474364 -0.0037117063557109086 0.021843521422507853 -0.0020019461697560106 -0.0031376200130053488 0.0039629743616061749 0.0041029995413158051 -0.0031526780794511604 0.016725909079735989 -0.0025225941751108325 0.0092365879751177115 0.012040911617867099 0.0076799124238398327 0.013716810411186659 -0.0064540620992267943 0.0039251215211616401 0.0038778709314260533 0.00097430619289369394 0.0075916482252342829 0.012236549907655055 -0.0036241258236625771 0.00061983156088691346 0.0031201742542060307 0.010762903912695146 0.0071366638164720381 -0.0056985684126449948 -0.0056215298455664633 -0.0025788849804794381 -0.0036522300665709868 0.0085896298179556473 0.0093788608595230163 0.00124187334816669 0.0053211998782682164 0.0010272117093931335 0.016584055051076338 0.014094230249506397 0.00379295725316235 0.0032491406434298421 -0.0038282308152836363 0.0019183858777564033 0.0082370105823319165 -9.6528365930727243e-05 0.00710793542157821 0.00049927286640605003 -0.0060422781148215948 0.0028511813170761877 -0.0030040968250267946 0.01155265891196117 0.0015401828047488326 -0.0060680986284495321 0.0015304933660459288 -0.0076031722948590773 -0.0026584861823180489 -0.0078788867860553786 -0.002689589330948807 0.0026689195712587552 -0.0079173363446169587 0.0056557510151753806 0.0011200861905037028 -0.00037115176637643119 -0.0029136603532338686 0.0051353349557202808 -0.005116972227263347 0.0039314320902897083 -0.0097801233149954168 -0.0013724843533283414 -0.0074690586210266969 0.0022774107020251582 -0.0040893289441807828 -0.0011566040585120842 -0.0039480087448235789 3.132125509087632e-05 -0.0046908246787501417 -0.00053430454916103889 0.0021062624182516315 -0.0082698838087096153 -0.0058684036050882264
leaf_weight=336 288 227 267 318 204 388 249 283 315 210 237 237 329 328 253 380 388 363 332 322 279 216 357 380 202 365 206 571 285 319 255 229 274 266 323 297 211 207 206 453 202 324 662 240 222 219 300 251 225 352 200 213 286 237 206 360 240 1131 216 231 336 227 283 406 201 316 298 264 232 228 276 823 242 1713 700 210 200 2328
leaf_count=336 288 227 267 318 204 388 249 283 315 210 237 237 329 328 253 380 388 363 332 322 279 216 357 380 202 365 206 571 285 319 255 229 274 266 323 297 211 207 206 453 202 324 662 240 222 219 300 251 225 352 200 213 286 237 206 360 240 1131 216 231 336 227 283 406 201 316 298 264 232 228 276 823 242 1713 700 210 200 2328
internal_value=-1.94497e-06 0.00599661 -0.0027845 0.0137469 0.00439144 -0.00480785 0.0115851 0.00260044 0.00513716 0.0094799 -0.000286081 0.00285344 0.00612155 0.00554486 0.00603006 -0.00185438 -0.00127695 0.000622162 -0.00398043 0.000928082 0.00536405 0.00431727 0.00213978 0.00786733 0.00577281 0.00386088 -0.00204179 -0.0041977 0.000766351 0.00121456 0.00326006 0.00193803 0.00494639 0.00169336 0.00430434 0.0135999 0.0121461 0.00899289 -0.000944263 0.000379447 0.00108934 0.00235466 0.00351615 0.0018204 0.000334127 -0.00218757 0.00185651 0.000183895 0.0061393 0.0045017 -0.00261323 -0.0020568 -0.00363166 -0.00126302 -0.00346276 -0.00326708 -0.000546186 -0.00734929 0.00866438 -0.00215709 -0.000798253 0.000788643 0.00214635 -0.00199693 0.000365655 -0.00686555 -0.00638611 -0.00423636 -0.000399657 -0.00727511 -0.00351424 -0.00367027 -0.00334992 -0.00410629 -0.00237901 -0.000347964 -0.00566382 -0.00551145
internal_weight=27755 8795 18960 1509 7286 10476 1191 3580 1408 493 8484 915 3706 3377 3173 3407 3027 678 7903 2172 2920 2059 938 861 582 722 2639 7571 5077 4411 1283 1028 503 1884 645 942 715 418 525 3128 2444 1743 1226 902 1239 666 817 551 1121 680 422 701 499 2172 4855 4649 600 2573 441 684 1966 846 619 1120 438 2237 1921 562 517 1359 682 4049 3478 1955 1523 447 467 2716
internal_count=27755 8795 18960 1509 7286 10476 1191 3580 1408 493 8484 915 3706 3377 3173 3407 3027 678 7903 2172 2920 2059 938 861 582 722 2639 7571 5077 4411 1283 1028 503 1884 645 942 715 418 525 3128 2444 1743 1226 902 1239 666 817 551 1121 680 422 701 499 2172 4855 4649 600 2573 441 684 1966 846 619 1120 438 2237 1921 562 517 1359 682 4049 3478 1955 1523 447 467 2716
cat_boundaries=0 1 2 3 4 5 6
cat_threshold=5133 10240 582 13184 12 8454
is_linear=0
shrinkage=0.047679


Tree=47
num_leaves=79
num_cat=6
split_feature=9 50 9 55 35 9 8 0 0 50 6 6 6 0 25 8 52 17 29 27 19 59 19 53 59 36 6 14 45 30 40 15 3 30 8 52 54 0 53 40 46 29 9 59 55 53 15 59 6 6 53 14 9 33 39 17 0 48 19 21 6 9 42 52 34 6 53 9 54 52 50 39 0 53 3 41 21 25
split_gain=195.463 50.7443 37.0131 14.4684 9.76417 8.82133 7.5962 10.7356 6.94069 5.73946 5.53075 6.7449 5.05771 5.06902 6.4823 4.71383 4.27871 4.0926 3.83163 4.9105 4.44281 3.68506 3.51156 3.42553 3.41836 3.36492 3.54282 3.07851 3.33122 4.17677 3.07486 2.89177 2.86486 2.6112 2.55147 2.5237 3.99781 3.00333 2.50787 3.52305 2.39132 3.31995 2.16247 2.1536 2.76458 1.94 1.9147 1.78748 1.76636 1.89886 1.7016 1.68635 1.6047 2.23284 1.54837 1.56275 1.47211 1.41623 1.40823 1.37684 1.36253 1.33173 2.28283 2.23632 1.19625 1.19384 1.13782 1.4698 0.911703 0.908725 0.918761 0.890177 1.32602 0.871258 0.832249 0.500462 0.442247 0.294318
threshold=22.701517500000005 24.408066375000001 21.851016750000003 0.74986139740461033 23.439958500000007 21.280914500000005 1.5000000000000002 0 1 22.323543225000005 11.500000000000002 13.500000000000002 15.500000000000002 2 22.415508500000005 1.5000000000000002 0.17803689773143075 2.8563655000000003 22.133886750000002 22.289272750000002 22.539870000000004 5.0083333333333337 23.062197500000003 0.048490324688445767 5.5083333333333337 23.464602750000001 8.5000000000000018 5.9546674375801727 23.713544000000002 23.479556000000002 22.882026500000006 2.3025273530193622 2.7871270000000004 21.149163500000004 2.5000000000000004 0.16938372269540677 0.49766347199048794 3 0.17409312760824724 22.731123000000004 23.502768500000006 22.872650000000004 25.083875500000001 5.491666666666668 0.23731097354609662 0.40486535052213496 4.4893321533713246 5.0083333333333337 9.5000000000000018 10.500000000000002 0.20785622618093108 3.8106689214906546 21.551746000000005 22.128216500000004 21.931175500000005 -0.17988449999999975 4 21.6935939 22.939763000000003 21.461771250000005 13.500000000000002 20.889401500000002 20.935173000000002 0.24660746338227965 25.443477500000004 11.500000000000002 0.10014680727313482 22.069127500000004 0.11819064269583293 0.12744205246178336 21.106902875000003 22.196188000000003 5 0.042220304282794767 3.3412340000000005 20.836624500000003 20.851429000000003 20.776391000000004
decision_type=2 2 2 2 2 2 2 9 9 2 2 2 2 9 2 2 2 10 2 2 2 2 2 2 2 2 2 10 2 2 2 8 2 2 2 2 2 9 2 2 2 2 2 2 2 2 8 2 2 2 2 10 2 2 2 10 9 2 2 2 2 2 2 2 2 2 2 2 2 2 2 2 9 2 2 2 2 2
left_child=2 4 5 15 6 43 7 -2 10 23 16 -12 13 14 -11 42 -6 21 -8 -20 -21 46 40 -4 33 26 -22 28 29 -10 -23 -25 -33 -7 -28 65 37 -37 68 45 41 51 50 61 -45 -40 -9 -39 -35 57 -3 60 54 59 55 -51 -43 -50 -48 -54 -15 73 -63 69 -44 66 -34 -68 -16 70 -64 72 -67 -1 -72 77 -77 -75
right_child=1 3 9 -5 8 24 18 17 27 12 11 -13 -14 22 38 -17 -18 -19 19 20 25 30 -24 31 -26 -27 34 -29 -30 -31 -32 32 35 48 -36 36 -38 47 39 -41 -42 56 64 44 -46 -47 58 -49 49 52 -52 -53 53 -55 -56 -57 -58 -59 -60 -61 -62 62 63 -65 -66 71 67 -69 -70 -71 74 -73 -74 75 -76 76 -78 -79
leaf_value=-0.0052873935875230333 0.015261405418671546 0.0079309556464264384 0.003930274854837176 0.02273801029497036 0.011188267251429702 -0.0080434022695616818 -0.0035157912528703279 0.0061318570577220989 0.00066526630323058059 0.0091856187957877096 0.017991404408323527 0.0075503263493846041 -0.004444598585053249 -0.0021432493848186286 0.0012727171712188581 0.0053088714043998076 0.0032706525086914078 -0.0012313516645722244 0.0093228592669493855 -0.0042290616830091303 0.0063395823813927636 0.0046288956811642449 -0.0051522229720031001 -0.0066479721401247948 0.0020988952434018611 0.0073883446680197582 -0.00070188536265311486 0.0092753554534188709 -0.00031032239329838732 0.0086928149903836172 0.012660844164793204 -0.0058460828496758677 0.0019937274895613991 -6.3398685733548685e-05 0.003243220515619546 -0.0014191288508064136 -0.0052204049183831765 0.0021014904816750875 0.003891492482059463 0.0072821322867317661 -0.0041833929961524047 0.007566452693646003 0.017399967021146708 -0.006769904635551465 0.00077514692097465287 -0.0027660858795481294 -0.0012186510941232071 0.0075171331553013842 -0.0038344833127537813 -0.0043175247262176239 0.01387450622113167 0.0033513169627974976 0.00065847749366588527 0.00096149086916495524 -0.0082991553467624928 7.0158837327479896e-05 0.0017499601136262742 -0.0093794237085715135 0.0037307503407782781 -0.0034845654788385394 0.00097036568323782108 -0.0021829283228568309 -0.0088388527123158655 -0.011159634299776991 0.012554589545760726 -4.1907399481247653e-05 -0.0047711708261272343 0.00073396596539582995 -0.0031562010512098055 -0.003495368707882016 -0.008013519402022138 -0.0050568156087950978 -0.003583834815130674 -0.0084874677190471363 -0.0050517693591921389 -0.0083517837308566354 -0.011336390825167752 -0.0063272995481053664
leaf_weight=228 218 242 242 337 259 298 299 359 255 359 289 274 368 638 200 225 387 272 202 266 303 209 262 273 241 260 1033 222 399 349 225 323 254 327 583 396 223 411 199 320 208 217 263 234 209 199 227 209 199 2134 200 307 199 346 201 202 213 221 308 2179 640 303 306 220 207 393 220 221 224 267 299 348 637 363 774 244 210 237
leaf_count=228 218 242 242 337 259 298 299 359 255 359 289 274 368 638 200 225 387 272 202 266 303 209 262 273 241 260 1033 222 399 349 225 323 254 327 583 396 223 411 199 320 208 217 263 234 209 199 227 209 199 2134 200 307 199 346 201 202 213 221 308 2179 640 303 306 220 207 393 220 221 224 267 299 348 637 363 774 244 210 237
internal_value=7.29462e-05 0.00600164 -0.00264089 0.0140613 0.00435119 -0.00454284 0.00309598 0.00551957 0.00680796 -0.000305728 0.00937803 0.01291 0.000903563 0.00139732 0.00357342 0.0114896 0.00644505 0.00407142 0.00160037 0.00217828 0.00158801 0.00518818 6.82539e-05 -0.00157446 -0.00347403 0.00229813 0.00160847 0.00416093 0.00307041 0.0053037 0.00879293 -0.00191534 -0.00155991 -0.00368701 0.00072138 -0.0011419 0.000560514 0.00182936 0.00184045 0.00355744 0.00068384 0.00118626 0.0130145 -0.00633983 -0.00321028 0.000562704 0.00343823 0.00386475 -0.00347093 -0.00366707 0.0106204 0.000178231 -0.00342078 -0.00261716 -0.00428363 -0.00393811 0.00490192 -0.00675218 0.00163072 -0.00313786 -0.000584006 -0.00674157 -0.00602149 -0.0066448 0.0152659 -0.00215941 -0.000548266 -0.00201236 -0.00106709 -0.00604135 -0.0065343 -0.00297199 -0.0022676 -0.00795985 -0.00587709 -0.00853795 -0.00973233 -0.0076342
internal_weight=27617 8672 18945 1474 7198 10441 4764 1818 2434 8504 1209 563 4354 3986 1501 1137 646 1600 2946 2647 2445 1328 2485 4150 6547 2179 1919 1225 1003 604 434 3908 3635 6306 1616 3312 1239 1016 1142 718 2223 2015 912 3894 443 398 894 620 6008 5681 442 1585 5261 2724 2537 2336 430 420 535 2378 1278 3451 2169 1866 470 2073 695 441 424 1646 1379 1378 1030 1282 1073 1054 454 600
internal_count=27617 8672 18945 1474 7198 10441 4764 1818 2434 8504 1209 563 4354 3986 1501 1137 646 1600 2946 2647 2445 1328 2485 4150 6547 2179 1919 1225 1003 604 434 3908 3635 6306 1616 3312 1239 1016 1142 718 2223 2015 912 3894 443 398 894 620 6008 5681 442 1585 5261 2724 2537 2336 430 420 535 2378 1278 3451 2169 1866 470 2073 695 441 424 1646 1379 1378 1030 1282 1073 1054 454 600
cat_boundaries=0 1 2 3 4 5 6
cat_threshold=4160 2184 2120 4100 6 7
is_linear=0
shrinkage=0.047679


Tree=48
num_leaves=79
num_cat=7
split_feature=19 9 9 54 9 22 52 7 43 59 30 7 55 51 7 0 7 0 55 16 22 47 41 54 55 56 43 0 14 54 54 54 10 50 52 7 16 7 33 16 28 44 41 51 0 39 30 9 55 55 36 7 46 3 54 45 0 0 50 15 22 47 55 43 55 19 36 37 22 0 52 55 9 31 59 55 7 27
split_gain=172.789 51.4443 32.1211 12.5649 11.4181 7.88414 7.03814 6.96784 6.0107 5.67854 5.83503 5.31807 4.53471 4.37161 4.14962 5.27586 3.65991 5.07261 10.8041 3.84798 3.68309 3.50724 4.47912 3.77693 3.3669 3.36308 3.10987 3.01911 5.23469 9.70694 6.75296 3.76225 3.68547 3.60031 3.57713 2.83064 2.58342 2.96096 2.56573 2.37007 2.31215 2.82456 2.24616 2.17544 2.16867 3.01437 2.90959 2.16102 2.04635 1.98374 1.95104 1.83644 1.83525 1.80955 3.95936 1.75075 1.721 1.63516 1.63447 1.83484 3.47961 1.49373 2.37351 1.4736 2.12972 1.62692 1.33379 1.70653 1.88487 1.27403 1.10895 1.11926 1.13305 0.984196 0.897705 0.958185 1.06887 0.810412
threshold=22.620596000000003 24.463470500000003 21.878987500000004 0.79725330366398184 23.138183500000004 21.291116000000002 0.27552571386716013 28.500000000000004 21.718577500000006 5.5083333333333337 22.461092000000004 11.500000000000002 0.34109140416913469 25.300410650000003 20.500000000000004 0 52.500000000000007 1 0.47687406882773425 -0.53703799999999935 22.329759500000005 23.392979500000006 22.574448000000004 0.31842858653149342 0.50966086115100639 -0.1045965000000013 23.897717500000002 2 4.9748692352920889 0.40269101008773972 0.53331001477455364 0.22738934444194514 1.5000000000000002 23.579457212500003 0.48423200555409879 8.5000000000000018 -4.8191119999999987 35.500000000000007 23.026422500000006 1.211925000000001 23.524585500000004 23.710741000000002 21.506707500000005 22.320491766666667 3 22.206674500000002 23.202189500000003 22.889303000000002 0.1883574852307702 0.32504033455694031 23.030816000000005 27.500000000000004 20.876386500000006 4.8678060000000007 0.36008241147383707 22.382631000000003 4 5 22.129669925000005 4.3511365804671804 21.642632500000001 21.187322500000004 0.49351903739852604 21.935095000000004 0.30356151491845845 21.713000000000005 23.281688500000005 22.729452000000006 22.680350500000007 6 0.050371804039401072 0.24503606858295904 21.488519500000002 21.679670500000004 5.491666666666668 0.10764323473928215 40.500000000000007 20.891378000000007
decision_type=2 2 2 2 2 2 2 2 2 2 2 2 2 2 2 9 2 9 2 8 2 2 2 2 2 2 2 9 8 2 2 2 2 2 2 2 10 2 2 8 2 2 2 2 9 2 2 2 2 2 2 2 2 2 2 2 9 9 2 10 2 2 2 2 2 2 2 2 2 9 2 2 2 2 2 2 2 2
left_child=2 4 5 6 11 39 13 -8 12 10 -6 21 69 51 15 -13 17 18 20 25 -10 22 -2 -24 43 -19 44 28 30 31 33 -30 34 -12 40 49 -27 55 48 -1 50 -42 -14 -18 66 -46 47 -47 56 -21 -29 -3 -41 58 70 -38 -37 -50 59 61 -61 -7 63 64 -63 -65 67 68 -16 -4 73 72 -72 -55 75 76 -54 -77
right_child=1 3 8 -5 9 53 7 -9 16 -11 27 14 42 -15 26 -17 24 19 -20 35 -22 -23 23 -25 -26 36 -28 32 29 -31 -32 -33 -34 -35 -36 38 37 -39 -40 52 41 -43 -44 -45 45 46 -48 -49 57 -51 -52 -53 74 54 -56 -57 -58 -59 -60 60 -62 62 -64 65 -66 -67 -68 -69 -70 -71 71 -73 -74 -75 -76 77 -78 -79
leaf_value=-0.0011627938682218207 -0.0053130836804853336 0.014543787052680441 -0.0028226670221870292 0.023165765864539525 -0.0026226265776337809 -0.0073125751168118857 0.012103315166514807 0.0013614391748494846 0.0036207811391582548 0.011386989096110319 0.0030746205032357553 0.011612020811636394 -0.0035621798559524226 0.018493843515463907 0.0014127438341681336 0.0023966632600786885 -0.0036595164149976203 -0.0027103708462760741 0.013321153434310758 -0.0010734862439247873 -0.0044227232964335738 -0.0066866417372474299 -0.0017923486026797644 0.0070259117207409688 -0.0079774807739488827 -0.00048672814770591788 0.0076681763733344619 0.0054206552949416066 0.0093999864250424933 0.016497546580768803 -0.0032466695544909959 0.0013205507488665 0.0082989814175012094 0.011524550081926059 -0.0025307957091383853 -0.0011129765312176045 0.0063469714422929807 0.01023005475413734 0.0041192574442327394 -0.0079776963877237986 0.0093319316014360242 0.0021816090196521477 -0.010015591768465986 0.0025206753593554447 0.0079755267559246477 -0.00061446597958004091 0.00678538698734466 0.0045002446710835243 -0.003307687276373694 -0.0061630530022965839 -4.4170088361992452e-05 0.0086605495190421461 -0.0057024182935505197 -0.0029239636006453788 0.0020479058486799254 8.4990583184977128e-05 0.0025686420021825643 -0.00039413036598461872 -0.0074313054123322751 0.0035825159217632708 -0.0047521732759634493 -0.0042362931722030794 0.00094661221035037481 -0.0095129390822332634 -0.00037967080905975748 -0.0041647058724619632 -0.0036694672422996444 0.003520633182391365 -0.0045518071929153492 0.0024120620706945583 -0.0060664459443611268 -0.0068017738455467668 -0.0024473216338444116 0.0011919102561955069 -0.0031222154244859618 -0.0093185703032415187 -0.0018277672298770589 -0.0062534119447394615
leaf_weight=208 216 218 204 237 217 301 296 256 357 342 237 244 226 315 292 359 293 216 213 379 203 215 201 245 218 218 201 241 290 299 205 239 365 222 229 484 202 205 301 1146 302 215 268 232 210 737 217 252 683 322 387 270 674 378 389 204 694 1217 292 212 246 2270 223 225 380 304 203 297 205 199 258 258 827 203 278 237 213 1136
leaf_count=208 216 218 204 237 217 301 296 256 357 342 237 244 226 315 292 359 293 216 213 379 203 215 201 245 218 218 201 241 290 299 205 239 365 222 229 484 202 205 301 1146 302 215 268 232 210 737 217 252 683 322 387 270 674 378 389 204 694 1217 292 212 246 2270 223 225 380 304 203 297 205 199 258 258 827 203 278 237 213 1136
internal_value=-1.04978e-06 0.0052198 -0.00271993 0.0130376 0.00364116 -0.00440464 0.0112661 0.00712158 -0.000337916 0.005527 0.00494576 0.00189535 -0.0040013 0.0141151 0.00279259 0.00635792 0.000156897 0.000554169 0.00412799 7.06383e-06 0.00070501 -0.00139586 0.000322447 0.00305176 -0.00299668 0.00258856 0.00197013 0.00545407 0.00705456 0.00963089 0.00394815 0.00574973 0.00401724 0.00716152 0.00290904 -0.00065411 0.00396922 0.00555907 -8.20997e-05 -0.00611444 0.00399701 0.0063584 -0.00706322 -0.00092846 0.00149549 0.00268478 0.00178576 0.000688777 -0.000492954 -0.00341135 0.002053 0.0112887 -0.00639401 -0.00342111 -0.00233921 0.00320056 0.00106835 -0.00146096 -0.00398307 -0.00374109 -0.000894195 -0.0040932 -0.00380836 -0.00414191 -0.00368327 -0.00643948 -0.000218345 0.000661245 -0.00104748 -0.000247965 -0.00322622 -0.0039791 -0.00330791 -0.00148589 -0.00567892 -0.00599342 -0.00477198 -0.0067825
internal_weight=27672 9476 18196 1592 7884 10658 1355 552 7538 3790 3448 4094 897 803 3217 603 6641 5898 773 5125 560 877 662 446 743 1045 2614 3231 1492 828 664 529 1739 459 1374 4080 829 611 3379 3892 1145 517 494 525 2413 1416 1206 989 3078 701 628 488 3684 6766 2313 406 1178 1900 4453 4161 458 3703 3402 3179 2650 529 997 794 497 403 1924 1343 1085 581 2538 2260 887 1373
internal_count=27672 9476 18196 1592 7884 10658 1355 552 7538 3790 3448 4094 897 803 3217 603 6641 5898 773 5125 560 877 662 446 743 1045 2614 3231 1492 828 664 529 1739 459 1374 4080 829 611 3379 3892 1145 517 494 525 2413 1416 1206 989 3078 701 628 488 3684 6766 2313 406 1178 1900 4453 4161 458 3703 3402 3179 2650 529 997 794 497 403 1924 1343 1085 581 2538 2260 887 1373
cat_boundaries=0 1 2 3 4 5 6 7
cat_threshold=7234 2048 2496 7489 1795 4868 4172
is_linear=0
shrinkage=0.047679


Tree=49
num_leaves=79
num_cat=7
split_feature=9 23 0 9 44 23 20 9 53 7 59 15 10 53 55 28 54 53 9 17 29 55 20 20 53 55 0 35 7 37 14 43 53 52 54 20 22 21 0 53 9 53 26 7 55 7 7 8 40 59 0 0 55 0 54 19 59 29 53 52 37 56 9 27 53 31 3 52 7 37 48 54 37 51 0 53 40 7
split_gain=154.841 45.5917 29.5836 16.3958 11.0516 9.94898 9.61927 7.40334 6.99362 6.55577 5.70688 4.40885 4.07273 3.98389 4.79391 5.97915 3.74667 3.63841 3.50931 3.47989 4.97122 6.23503 3.83652 3.4199 3.11002 3.30207 13.4024 3.22956 4.26203 3.19866 2.9864 2.96465 2.39033 2.36412 2.29591 3.0225 2.17481 2.14894 2.11047 2.60802 2.17894 2.08388 2.07666 2.80414 2.6294 1.86788 2.1678 6.78295 3.87231 2.99005 2.30113 1.79035 1.78172 3.58122 1.75189 1.72666 1.71897 1.68419 1.16419 1.64404 1.4125 1.05079 0.958085 0.916383 0.886363 1.40538 1.00049 0.887867 0.827561 0.75024 0.59301 0.579638 0.497683 0.51215 0.454632 0.349465 0.322663 0.283942
threshold=23.042262000000004 21.968063500000003 0 24.389993500000006 24.043005000000004 21.301810500000006 22.574762500000002 22.045372000000004 0.36956229832221582 28.500000000000004 5.991666666666668 2.0874846844487873 1.5000000000000002 0.61621053457369579 0.44207696787667011 23.452749500000003 0.66324038422917508 0.41280666162319452 25.416636500000003 2.3506405000000004 23.136315750000005 0.63642195976977933 23.540595000000003 22.117915750000005 0.67202509117516762 0.53190967447834703 1 22.482072500000005 24.500000000000004 23.513343500000001 4.5986709377554442 23.152328500000007 0.27268112719253251 0.3415481194090495 0.37033016142469583 21.433973500000004 21.879561500000005 22.197186500000004 2 0.49250517525387894 21.808807500000004 0.32498177933735489 22.578396000000001 32.500000000000007 0.26905938599367391 11.500000000000002 25.500000000000004 1.5000000000000002 21.779658750000003 5.0083333333333337 3 4 0.21529165077294157 5 0.12708690869218267 20.775397500000004 5.491666666666668 23.039837500000004 0.26666751695895369 0.13215014259649518 21.275802500000001 0.013277999999999681 21.712570000000003 22.098689500000003 0.061785674154746305 21.089711000000005 3.7442280000000006 0.040685880236176711 14.500000000000002 22.207445000000003 20.925327200000002 0.20911725565351344 21.599961000000004 21.531474233333338 6 0.042220304282794767 20.836624500000003 5.5000000000000009
decision_type=2 2 9 2 2 2 2 2 2 2 2 8 2 2 2 2 2 2 2 10 2 2 2 2 2 2 9 2 2 2 10 2 2 2 2 2 2 2 9 2 2 2 2 2 2 2 2 2 2 2 9 9 2 9 2 2 2 2 2 2 2 2 2 2 2 2 2 2 2 2 2 2 2 2 9 2 2 2
left_child=1 5 3 11 -5 55 33 38 18 -10 12 -2 24 14 30 31 23 51 71 20 -13 22 -22 34 25 29 -27 -28 -29 42 52 -16 -24 -4 45 -36 41 -25 40 61 -3 -37 44 -44 -9 72 49 48 -48 68 -49 -14 -8 57 -51 76 58 -54 59 64 -60 62 -40 -64 66 70 75 -68 -47 -42 -66 -6 73 -7 -74 -57 -1 -76
right_child=2 7 6 4 8 16 13 10 9 -11 -12 19 17 -15 15 -17 -18 -19 -20 -21 21 -23 32 37 -26 26 27 28 -30 -31 -32 -33 -34 -35 35 36 -38 -39 39 -41 69 -43 43 -45 -46 46 47 50 -50 54 -52 -53 53 -55 -56 56 -58 -59 60 -61 -62 -63 63 -65 65 -67 67 -69 -70 -71 -72 -73 74 -75 77 -77 -78 -79
leaf_value=-0.0073045997736878015 0.00051676970275726746 0.0040461252097658013 7.2270623522183264e-05 0.022107755143303674 0.010283912509171808 -0.0049692631858888935 0.0053843693921685875 0.00096557861862911704 0.012447998690809583 0.00074602984255345338 0.0071714919150028308 0.014964125171354455 0.0050010086696380286 -0.00079586545013580025 0.00057123952552783151 0.012408710210384911 -0.0085559340723741911 0.0098391306327781404 0.019418682704056559 0.0031779981171175102 0.0011333096496408926 0.014780637769440342 0.0050224295161548803 0.0029514583965319667 -0.0037959995788451498 0.01326430241821804 -0.0048449573389519303 -0.0027080199627400447 0.0064672533336162701 -0.0048869966692289884 0.0074417535153938437 0.0084644937853517541 0.011910093873452793 -0.0072223206009977611 -0.0054343526593046585 0.0059951630969735771 -0.0030091596484643005 -0.0031092222866999394 -0.005825953483211797 -0.0074423509557594719 -0.00035335150602129118 -0.00060296938182919084 0.003014312624237655 -0.00041937824392610212 -0.0018328366856318566 -0.0056116925582143755 0.0067079625872780886 -0.0021182965248781409 -0.0023819307303067886 -0.00082751111636236827 -0.0053251053300917986 -0.0012304121968996415 2.1245290429042253e-07 -0.0025847454431135192 0.0051332406453007233 -0.004870557370738454 -0.002387620381164197 0.0053678446658743106 -0.005343540105759814 -0.0024286181650167273 -0.010954379029676527 0.0003120863246827246 -0.0041044168851230847 0.00029316778573441925 -0.0070627508856578869 -0.005306699846849121 -0.0019024140007608272 -0.0055487883009302519 -0.0021807264360633018 -0.0040491255995060843 -0.010363480175979711 0.013900416189254351 -0.0059374613374135517 -0.007956890156484266 -0.0017520204483753934 -0.0073797295684572984 -0.0095232400400729316 -0.0042192665256423397
leaf_weight=532 219 203 202 289 202 347 333 1770 232 205 337 245 204 308 237 371 260 200 235 302 296 203 258 372 363 223 215 214 249 257 337 199 206 202 233 227 217 207 217 283 327 209 1368 894 1342 201 204 739 223 255 2028 203 200 336 200 201 386 396 205 365 203 267 219 212 245 607 321 288 780 202 250 201 232 209 203 339 207 222
leaf_count=532 219 203 202 289 202 347 333 1770 232 205 337 245 204 308 237 371 260 200 235 302 296 203 258 372 363 223 215 214 249 257 337 199 206 202 233 227 217 207 217 283 327 209 1368 894 1342 201 204 739 223 255 2028 203 200 336 200 201 386 396 205 365 203 267 219 212 245 607 321 288 780 202 250 201 232 209 203 339 207 222
internal_value=-3.7783e-05 -0.00195485 0.00659082 0.00989014 0.0138305 -0.00396029 0.00327891 0.000450481 0.0116052 0.00695852 0.00110176 0.00683883 0.000829095 0.00431011 0.00496293 0.00795967 -0.00293159 0.00457326 0.014788 0.00775574 0.00890018 0.00735743 0.00537464 -0.00273149 0.000499478 0.000738189 0.00341814 -1.57503e-05 0.00222641 0.000309377 0.00345334 0.0041739 0.00808032 -0.00357503 -0.00303404 -0.00077236 0.000891109 0.000784686 -0.00219477 -0.00341375 -0.000151086 0.0028323 0.000557883 0.00165723 -0.000241193 -0.00337699 -0.00294065 -0.00363241 0.00196078 -0.00140201 -0.00449554 0.0019856 0.00239082 0.00132123 0.0017926 -0.0058367 -0.0053839 0.00350777 -0.00576636 -0.0053969 -0.00813521 -0.00220505 -0.00324221 -0.00194134 -0.00587821 -0.0068443 -0.00495164 -0.00362681 -0.00288371 -0.00176459 -0.00872979 0.0120877 -0.00504248 -0.00609231 -0.00415404 -0.00644576 -0.00792606 -0.00297089
internal_weight=27700 21486 6214 3093 1364 11717 3121 9769 1075 437 7839 1729 7502 2717 2409 807 7568 607 638 1510 1208 963 760 7308 6895 6532 901 678 463 5631 1602 436 464 404 6729 886 653 579 1930 1198 732 436 5374 2262 3112 5843 4630 3194 427 1436 2767 407 1265 932 455 4149 3410 596 3024 2616 408 915 648 431 2251 1102 1149 609 981 529 495 403 1213 556 657 540 739 425
internal_count=27700 21486 6214 3093 1364 11717 3121 9769 1075 437 7839 1729 7502 2717 2409 807 7568 607 638 1510 1208 963 760 7308 6895 6532 901 678 463 5631 1602 436 464 404 6729 886 653 579 1930 1198 732 436 5374 2262 3112 5843 4630 3194 427 1436 2767 407 1265 932 455 4149 3410 596 3024 2616 408 915 648 431 2251 1102 1149 609 981 529 495 403 1213 556 657 540 739 425
cat_boundaries=0 1 2 3 4 5 6 7
cat_threshold=2496 2112 8206 12 3076 8716 12360
is_linear=0
shrinkage=0.047679


Tree=50
num_leaves=79
num_cat=0
split_feature=9 9 19 18 52 39 55 23 57 35 55 31 3 54 2 59 56 7 3 53 45 17 6 55 9 14 7 33 43 6 6 16 55 44 3 7 6 6 47 50 18 59 35 7 54 50 8 7 7 47 35 25 54 53 54 55 40 40 56 24 32 2 33 50 7 35 7 43 55 54 25 40 31 22 30 6 52 3
split_gain=138.814 39.754 26.654 15.0962 9.66959 9.17922 8.95163 8.5852 6.97648 12.8444 6.85217 6.60141 5.85605 5.1124 13.173 4.09996 4.07192 3.58261 5.24301 3.44628 3.28792 3.16918 3.07175 3.76139 3.37681 2.9805 3.21209 2.97999 3.02817 2.75716 8.56946 2.5763 2.41345 2.41017 2.5695 2.37153 5.22624 3.67138 2.36192 2.30529 2.28466 2.41652 1.78756 1.74371 2.82312 3.04859 2.40721 7.97408 2.06398 1.714 1.63062 2.00095 1.58916 1.55168 1.42624 2.78691 1.39425 1.37369 1.3088 1.22799 1.2038 1.00343 1.49288 0.894218 0.77887 1.47752 1.03939 1.85431 1.43488 1.27244 0.717684 0.674146 0.661238 0.583573 0.558207 0.507503 0.649119 0.497532
threshold=22.584679500000004 23.609067500000005 21.415586500000007 25.578512000000003 0.80106012886426814 25.607276000000002 0.18348096237313774 21.968063500000003 59.500000000000007 22.741598000000003 0.80302497319457766 23.300411750000006 3.3412340000000005 0.42407436599194542 11.194761000000002 5.5083333333333337 0.48452700000000176 11.500000000000002 0.48552650000000003 0.39642193767602979 21.135718000000004 2.1493925000000007 15.500000000000002 0.24238158262876483 21.889780000000005 2.216944738094992 11.500000000000002 25.114405750000003 24.805742750000004 11.500000000000002 13.500000000000002 6.8658210000000013 0.57692071991676064 22.541506000000002 2.7871270000000004 25.500000000000004 13.500000000000002 10.500000000000002 21.976027500000004 24.491159000000003 20.830837500000005 5.491666666666668 23.463336000000002 7.5000000000000009 0.37033016142469583 22.062420500000005 1.5000000000000002 30.500000000000004 26.500000000000004 21.702723500000005 22.741598000000003 22.978827500000005 0.25851238685535854 0.47838283059485381 0.13989987004049495 0.1883574852307702 22.165468000000001 23.494856000000002 -0.092259999999999551 21.191182000000005 22.045780000000004 7.9570635000000012 22.336720500000002 21.686482900000005 13.500000000000002 21.284945500000003 25.500000000000004 20.935098500000002 0.16143337403213023 0.11525886249077948 21.356120000000004 21.254762000000003 21.926839000000005 21.144337000000004 21.131414000000003 16.500000000000004 0.088496004037321316 3.3412340000000005
decision_type=2 2 2 2 2 2 2 2 2 2 2 2 2 2 2 2 2 2 2 2 2 8 2 2 2 10 2 2 2 2 2 8 2 2 2 2 2 2 2 2 2 2 2 2 2 2 2 2 2 2 2 2 2 2 2 2 2 2 2 2 2 2 2 2 2 2 2 2 2 2 2 2 2 2 2 2 2 2
left_child=2 10 40 4 6 -5 -3 20 9 -8 11 16 39 31 19 22 17 50 -19 -15 -4 -18 24 -24 38 26 61 28 -14 58 -31 57 35 34 63 36 -20 -37 -9 -11 75 53 -21 72 46 49 47 -45 -48 -46 -2 -52 -33 64 56 -56 -28 -13 -27 -43 -35 -26 -63 -22 65 74 68 -68 71 73 -67 -66 -36 -69 -42 -1 -77 -71
right_child=1 3 7 5 -6 -7 8 15 -10 12 -12 13 27 14 -16 -17 21 18 32 42 33 -23 23 -25 25 29 54 -29 -30 30 -32 52 -34 60 43 37 -38 -39 -40 -41 41 59 -44 44 45 -47 48 -49 -50 -51 51 -53 -54 -55 55 -57 -58 -59 -60 -61 -62 62 -64 -65 66 70 67 69 -70 77 -72 -73 -74 -75 -76 76 -78 -79
leaf_value=-0.0055049690064221737 -0.0031159846658963416 0.013726579535901328 -0.0078784736086043739 0.024523903553003479 0.01758807178180169 0.010302596747491084 -0.0060237506771898524 -1.4597039962768572e-05 0.012741280750373906 0.0073010632120316735 -0.0057322232341684562 0.0078642531344883821 0.004840896894574117 0.0094971242574623128 0.018523109320260276 0.0048962746314289126 0.0017894732673705211 0.0095540734947664532 0.0068383534320209521 -0.001214193849457777 -0.0039071685969348253 -0.0053179381594594946 0.00078384742244990585 -0.0065631980540446846 -0.005634884488912517 -0.0028535648760125475 0.00204958364653613 0.0097307439159730561 -0.0012794615850591981 0.011340575475326142 -0.00018571255420008097 0.0028149463808050811 0.0068223438999554745 0.0038650928237497603 -0.0053009900674810765 -0.0023639597173577801 -0.0010175076510840905 0.0024338205080760228 -0.005474271795095834 0.01394098919277414 -0.009643748785532336 -0.0043145689360110928 0.0051063553423245766 -0.0049250069493946532 0.00030055449221667743 -0.0035131535015321793 -0.001362819471612182 0.0074567454779251975 -0.0037992387299356548 0.006371432271601132 0.0045735537683182096 -0.0020570958356712359 -0.0030457395035275382 -0.0092377246813084186 0.0063633162832420868 0.00063555716298890972 -0.0022157314940165441 0.0024206740620273766 0.0018821199604580983 0.00065778270741615678 -0.0012617238215331561 -0.0048195643081019399 0.00061898471588866404 -0.008350542750771104 -0.0060163140991325061 -0.0020281864830218013 -0.0018721070603150848 -0.0067131796816651658 0.00014788909839309305 -0.0091628181313327343 -0.0060047075110698052 -0.0024617126114234392 -0.0020893333859624331 -0.0037582597536791572 -0.0064315202017886991 -0.0069633394589441212 -0.0099016881085605083 -0.0064536131461042342
leaf_weight=274 345 373 249 201 203 212 220 334 293 230 231 218 1116 203 200 364 262 252 531 207 202 313 277 370 231 199 242 228 220 262 333 216 251 201 530 538 302 1112 391 246 231 202 200 257 208 222 1292 219 2036 215 211 203 205 205 220 1580 622 204 398 256 216 206 259 210 275 201 327 203 225 215 212 217 201 604 263 545 249 544
leaf_count=274 345 373 249 201 203 212 220 334 293 230 231 218 1116 203 200 364 262 252 531 207 202 313 277 370 231 199 242 228 220 262 333 216 251 201 530 538 302 1112 391 246 231 202 200 257 208 222 1292 219 2036 215 211 203 205 205 220 1580 622 204 398 256 216 206 259 210 275 201 327 203 225 215 212 217 201 604 263 545 249 544
internal_value=5.21737e-05 0.00462606 -0.002453 0.00865616 0.0075253 0.0172239 0.00682717 -0.00125952 0.00581914 0.00492172 0.00232519 0.0026368 0.00610211 0.00519925 0.00790429 -1.52614e-05 0.00165631 0.00222989 0.00297338 0.00442271 -0.00250975 -0.00207943 -0.000317051 -0.00341771 6.31135e-05 0.000544457 -0.000182217 0.00469282 0.00383305 0.0025928 0.00488973 0.00260009 0.00236682 -0.00228728 -0.00254803 0.00191642 0.00399025 0.000869453 -0.00295906 0.0107326 -0.00530617 -0.00480332 0.00189173 -0.0022598 -0.00190521 0.00101156 -0.00239977 0.00077164 -0.00285337 0.00338623 -0.000695106 0.00132229 -3.88319e-05 -0.00520546 0.000571293 0.00133562 -0.00102105 0.00523276 0.000303558 -0.00153526 0.00120948 -0.00306634 -0.00179035 -0.006172 -0.00497043 -0.00617405 -0.00455215 -0.00513773 -0.00300614 -0.00581963 -0.00406941 -0.00444853 -0.0044179 -0.00450157 -0.0079336 -0.00727426 -0.00788481 -0.00722104
internal_weight=27540 9746 17794 3542 3129 413 2926 12546 2553 2260 6204 5973 2040 1653 810 6288 4320 3745 2986 610 6258 575 5924 647 5277 4552 3360 1564 1336 1192 595 843 2734 6009 5592 2483 833 1650 725 476 5248 4180 407 5180 4449 645 3804 476 3328 423 759 414 421 3722 2664 1800 864 422 597 458 417 696 465 412 3517 907 2610 1893 717 1566 413 492 731 807 494 1068 794 759
internal_count=27540 9746 17794 3542 3129 413 2926 12546 2553 2260 6204 5973 2040 1653 810 6288 4320 3745 2986 610 6258 575 5924 647 5277 4552 3360 1564 1336 1192 595 843 2734 6009 5592 2483 833 1650 725 476 5248 4180 407 5180 4449 645 3804 476 3328 423 759 414 421 3722 2664 1800 864 422 597 458 417 696 465 412 3517 907 2610 1893 717 1566 413 492 731 807 494 1068 794 759
is_linear=0
shrinkage=0.047679


Tree=51
num_leaves=79
num_cat=0
split_feature=19 9 9 9 55 55 31 53 7 6 50 6 9 7 22 56 8 7 6 6 54 46 9 7 55 42 7 7 29 7 6 14 7 36 54 54 27 59 52 15 7 7 6 42 14 19 6 7 8 46 54 7 52 32 38 14 25 52 52 7 41 7 53 30 40 43 27 56 3 30 7 7 28 7 37 48 6 55
split_gain=127.953 42.4619 18.8063 15.2785 6.74113 5.4934 5.45428 5.26175 6.79303 7.74555 7.95044 5.36799 5.07954 4.54576 4.52125 4.24103 4.67143 11.1569 6.34972 10.6358 4.21944 4.68396 4.20234 5.15889 9.60368 5.00014 4.10656 5.63319 5.46186 4.38591 6.26303 4.08656 3.97095 3.86948 3.74179 3.56215 3.41794 2.80563 2.74006 2.65221 2.58065 2.48024 2.2932 2.20946 2.20872 2.1491 2.04192 4.22312 3.54718 5.45015 1.84753 1.75289 1.66154 1.54817 1.86714 1.54694 1.51731 1.16594 1.07521 2.89412 2.55591 2.53917 1.06256 1.03614 1.01911 0.945046 0.942249 1.19488 0.937539 1.0758 0.896337 0.77861 0.586847 0.533032 0.473903 0.89852 0.67322 0.550097
threshold=22.474816000000001 23.609067500000005 21.759186500000002 26.061347000000001 0.80302497319457766 0.18348096237313774 23.460007500000003 0.80718679279813577 54.500000000000007 13.500000000000002 24.491159000000003 9.5000000000000018 20.889401500000002 52.500000000000007 24.282960000000003 0.30035000000000173 1.5000000000000002 40.500000000000007 9.5000000000000018 11.500000000000002 0.42084582970926726 23.478258000000004 22.239514500000002 35.500000000000007 0.5411993452977294 22.329006000000003 38.500000000000007 43.500000000000007 23.295974000000005 10.500000000000002 12.500000000000002 1.1102959607752136 53.500000000000007 22.609539000000002 0.44764449443294774 0.5225472802290877 22.899677000000004 5.5083333333333337 0.42325369179850852 7.1145094409821406 32.500000000000007 44.500000000000007 9.5000000000000018 23.132819000000001 3.9894888685044099 22.799552000000002 12.500000000000002 44.500000000000007 1.5000000000000002 22.278248000000001 0.29870292842886242 11.500000000000002 0.56911559079684693 21.586541000000004 22.550163750000003 2.4363602556457473 21.145407000000002 0.18011615568254891 0.11576391274265728 29.500000000000004 21.830028500000001 14.500000000000002 0.062732402052252431 22.161449000000001 21.735204000000003 22.197761500000002 22.051700500000003 0.18057150000000102 2.7871270000000004 21.678753750000002 55.500000000000007 24.500000000000004 22.502033500000003 17.500000000000004 20.855190000000004 20.860215300000004 17.500000000000004 0.12272653026619296
decision_type=2 2 2 2 2 2 2 2 2 2 2 2 2 2 2 2 2 2 2 2 2 2 2 2 2 2 2 2 2 2 2 10 2 2 2 2 2 2 2 8 2 2 2 2 10 2 2 2 2 2 2 2 2 2 2 10 2 2 2 2 2 2 2 2 2 2 2 2 2 2 2 2 2 2 2 2 2 2
left_child=2 4 12 5 6 -3 15 8 9 10 14 40 74 22 41 16 17 18 -2 -20 39 -22 46 34 25 -25 28 -28 29 45 -31 70 33 -29 44 -11 -19 42 55 -8 -12 -7 -14 -21 66 -18 47 48 50 51 -4 -50 56 -48 63 -17 62 -53 68 61 -61 -60 -44 64 -55 -65 -24 72 -58 -70 -15 -66 -68 -64 76 -76 -1 -78
right_child=1 3 13 -5 -6 7 20 -9 -10 35 11 -13 37 31 -16 38 26 36 19 43 21 -23 23 24 -26 -27 27 32 -30 30 -32 -33 -34 -35 -36 -37 -38 -39 -40 -41 -42 -43 52 -45 -46 -47 53 -49 49 -51 -52 57 -54 54 -56 -57 58 -59 59 60 -62 -63 73 65 71 -67 67 -69 69 -71 -72 -73 -74 -75 75 -77 77 -79
leaf_value=-0.0037702979060288784 0.0090611816259958712 0.012912004268676294 -0.0020792492953996579 0.020483644829914729 -0.0051243536555488477 0.006192108948445952 0.0057165088314210773 0.013791899155386297 -0.0021209658932110301 0.0054652843457233457 0.012781892161720295 0.018852677605424247 -9.199188762824492e-05 -0.0038296303802171951 0.00033969170140620242 0.0032978970321074341 0.00038903890756528868 0.006870968304250399 -0.0080367447966786798 0.0048037304348669072 0.0038801592728039272 0.011528929165298988 -0.0031896839031989289 0.0053899582278236673 0.012932772318491405 -0.0032800342492282732 -0.0075237085788163538 0.0079937586755730108 0.0083397283467958622 0.0056914235983392099 -0.00057813853544670722 -0.0083182944175382509 -0.0031811084453492807 -7.5966257103479115e-05 -0.0046193484382809364 -0.0034449301864804714 0.015351163479335345 0.0007566312511267326 -0.0063452704168607734 -0.00068180603035226863 0.0059288108143549087 0.012073203990520021 -0.0034404974059720245 -0.00066928290407802674 0.004291266245905102 -0.005698284701828725 -0.006241603129602839 0.0051330236758353126 -0.0053295423705532006 0.0059354363809991702 -0.0078170883589065137 -0.0021038139043807018 -0.008251671334383804 0.00064104695213316792 -0.0057641781397753129 -0.0025419928231179456 -0.006154134875592179 0.0026156791069587406 -0.0026447667365733069 -0.0029158114011679551 -0.0091371586733913438 0.002911950294350507 -0.0048611541113472729 0.0028881126812172913 -0.0012703928776474057 -0.0015579715911700396 -0.0015463862803749015 0.0032124500032493721 -0.0041579619687411836 -0.0022731577843636587 0.0002102597949476816 -0.0037286026788169559 0.0012719777880977362 -0.0075428360566740394 -0.0061284812109985978 -0.01025591132977513 -0.0058605903940614525 -0.0087555178246606809
leaf_weight=218 232 389 325 224 288 796 261 229 203 203 272 201 365 217 260 199 302 235 259 541 384 346 203 307 211 298 248 222 298 779 677 329 387 345 376 205 200 324 217 338 231 205 386 243 309 234 210 284 219 294 210 296 200 263 257 214 391 199 462 593 201 314 269 212 526 223 492 252 2837 909 294 661 255 451 276 212 451 223
leaf_count=218 232 389 325 224 288 796 261 229 203 203 272 201 365 217 260 199 302 235 259 541 384 346 203 307 211 298 248 222 298 779 677 329 387 345 376 205 200 324 217 338 231 205 386 243 309 234 210 284 219 294 210 296 200 263 257 214 391 199 462 593 201 314 269 212 526 223 492 252 2837 909 294 661 255 451 276 212 451 223
internal_value=1.49211e-05 0.00404665 -0.00259236 0.00844647 0.00202777 0.00760228 0.00231541 0.00686592 0.00625022 0.00696634 0.00820757 0.0122665 -0.00406314 -0.000862549 0.00594151 0.00168727 0.00213471 0.00417648 0.00192695 0.000340043 0.0050719 0.00750547 -0.000458394 0.00100658 0.00417412 0.00111945 0.00113488 -0.00112193 0.00231945 0.00141883 0.00277625 -0.00417373 0.000542262 0.00308361 -0.000363174 0.000988339 0.0107699 -0.00358584 -0.00200735 0.00210611 0.00963466 0.00739653 -0.00377654 0.00310738 0.00069594 -0.00226849 -0.00140595 -0.000210141 -0.00119359 0.000471865 -0.00433149 -0.00177784 -0.00396831 -0.00233483 -0.00195181 0.000271901 -0.00384256 -0.000206482 -0.00352933 -0.00246699 -0.00449074 -0.000396301 -0.00545886 -0.00143203 -0.0020443 0.000608856 -0.000228316 0.000373444 -0.00393249 -0.0037006 -0.00150531 -0.00263929 -0.000584294 -0.00654093 -0.00672699 -0.00792155 -0.00607347 -0.00681841
internal_weight=27671 10867 16804 3418 7449 3194 7161 2805 2576 2373 1965 704 9082 7722 1261 5832 5202 1710 1275 1043 1329 730 6882 2703 816 605 3492 1202 2290 1992 1456 840 954 567 1887 408 435 7702 630 599 503 1001 7378 784 1511 536 4179 1827 1543 1008 535 714 7013 2352 2142 413 6813 495 5707 1570 794 776 1106 1885 1450 435 1202 999 4137 3746 511 1187 747 720 1380 488 892 674
internal_count=27671 10867 16804 3418 7449 3194 7161 2805 2576 2373 1965 704 9082 7722 1261 5832 5202 1710 1275 1043 1329 730 6882 2703 816 605 3492 1202 2290 1992 1456 840 954 567 1887 408 435 7702 630 599 503 1001 7378 784 1511 536 4179 1827 1543 1008 535 714 7013 2352 2142 413 6813 495 5707 1570 794 776 1106 1885 1450 435 1202 999 4137 3746 511 1187 747 720 1380 488 892 674
is_linear=0
shrinkage=0.047679


Tree=52
num_leaves=79
num_cat=7
split_feature=19 18 30 20 8 18 36 54 46 0 33 0 59 54 16 52 0 7 18 0 54 16 56 14 54 53 54 52 42 50 53 54 48 49 42 34 39 7 10 54 20 16 52 52 47 45 0 36 16 26 40 8 30 21 18 7 20 0 52 52 7 50 7 18 7 7 20 0 7 35 7 7 41 52 59 41 41 7
split_gain=118.325 35.2183 18.813 15.0485 8.13235 6.1876 4.8177 6.66529 4.86121 4.4989 4.21773 3.87175 5.68631 3.79904 3.51255 3.95141 3.41086 3.26235 3.6406 4.62068 5.36487 3.37252 3.24635 3.2075 3.8084 5.40321 4.35221 4.21463 3.11296 4.38847 3.05225 2.74412 2.76665 2.92168 2.68686 2.44377 2.35764 2.57076 2.32019 2.30609 2.30377 2.03398 2.00218 1.94508 2.35118 1.86524 3.83812 1.83499 1.82585 2.47485 1.81986 1.81751 1.80508 1.78559 2.71377 1.63931 2.2617 1.58719 1.90748 1.71503 1.55595 1.44346 1.39728 1.39706 1.48881 2.26487 1.37832 1.32472 2.45942 1.25902 1.23794 1.64819 1.39438 1.25035 1.19371 1.09609 1.00545 0.966842
threshold=22.463853000000004 23.811420500000004 21.699184500000005 26.076946500000002 1.5000000000000002 22.765961000000004 23.332527250000002 0.68351046163250995 23.576635500000005 0 21.150393500000003 1 5.5083333333333337 0.62868423451671107 -1.1001620000000008 0.42325369179850852 2 52.500000000000007 22.057426500000002 3 0.28843774080363066 3.1236305000000009 0.18057150000000102 1.6411302372476262 0.42715398346603933 0.65983066363468423 0.57379120084656787 0.085610348844750037 23.650943750000003 24.491159000000003 0.056686039231801814 0.53331001477455364 23.039084000000003 22.893341800000005 22.329006000000003 22.408401500000004 23.591482500000001 52.500000000000007 1.5000000000000002 0.30373540715273295 22.165617000000001 0.26109450000000051 0.24660746338227965 0.096559310397328416 22.580666500000003 21.965476000000006 4 23.399140000000006 4.0581310000000013 24.985411500000001 21.769922500000003 1.5000000000000002 23.250864000000004 22.692442000000003 23.395856000000006 12.500000000000002 22.940124500000007 5 0.33745369208129544 0.36187593232162035 24.500000000000004 22.198708475 9.5000000000000018 20.706532500000005 49.500000000000007 42.500000000000007 22.262992000000004 6 31.500000000000004 21.958210000000005 30.500000000000004 18.500000000000004 21.331554500000003 0.11887325725080398 5.2500000000000009 21.830028500000001 22.610314500000005 42.500000000000007
decision_type=2 2 2 2 2 2 2 2 2 9 2 9 2 2 10 2 9 2 2 9 2 8 2 8 2 2 2 2 2 2 2 2 2 2 2 2 2 2 2 2 2 8 2 2 2 2 9 2 8 2 2 2 2 2 2 2 2 9 2 2 2 2 2 2 2 2 2 9 2 2 2 2 2 2 2 2 2 2
left_child=2 5 10 4 13 14 -6 8 -8 39 62 12 23 28 36 16 -16 18 30 20 -20 -19 34 -7 27 26 52 -25 -3 -30 75 32 33 -13 35 61 37 55 57 40 -4 -24 66 77 45 69 -47 51 -31 -50 -41 -34 -26 -29 -55 76 67 59 -59 70 -10 -21 -1 -64 65 74 -36 68 -57 -45 71 73 -72 -12 -65 -11 -2 -32
right_child=1 3 9 -5 6 11 7 -9 60 17 38 31 -14 -15 15 -17 -18 21 19 22 -22 -23 41 24 25 -27 -28 53 29 48 43 -33 47 -35 42 -37 -38 -39 -40 50 -42 -43 -44 44 -46 46 -48 -49 49 -51 -52 -53 -54 54 -56 56 -58 58 -60 -61 -62 -63 63 64 -66 -67 -68 -69 -70 -71 72 -73 -74 -75 -76 -77 -78 -79
leaf_value=-0.0082952087092654208 -0.0037589297962154333 0.015525194725035519 -0.0035063574943603993 0.020910784822948579 -0.0014715220093826221 -0.001352525651686462 0.0097624505292238303 0.013242577165681654 -0.0018858819232780517 7.3663221456079036e-05 -0.0062139367965122925 0.0022565653461381996 0.012126264975105659 0.0041970119090985062 0.0098275839174765279 -0.0016078643361014083 0.0022095018274687489 -0.0086809146812562837 0.001157453388298 0.0018589723225002157 0.01145566641564452 -0.0013919177099831676 0.0076230265372666719 0.0075248778501592695 0.0034874994540639672 -0.00015216076419359415 0.013715859725980925 0.0054104580914243316 0.0044772459406964595 0.014767130512063907 -0.0037782069095981833 -0.0030891136733387191 0.0094976614607537192 -0.004591139230271192 -0.0034603298458648389 0.0058025893250952176 -0.0052312248491539525 -0.0041164002648013858 0.0015794910667781556 -0.0024243353055556373 0.0011195679225683478 0.00086523974640422571 -0.0051673927739244192 8.9025742216662231e-05 -0.0052451419239680913 -0.0023708851379198059 0.0058048423072700776 0.0018420546286460858 0.006073324425842048 0.01258321044136824 -0.0074426148210197315 0.0034295061344333895 0.0089541093756177921 -0.0010893779779451833 0.0041914133645987737 0.0059894419716863337 0.0060058288166013008 -0.0032776416900384821 0.0011747081293176406 -0.0084663643909163727 0.0037167919873109011 -0.0022231970711146533 -0.0080955832844702078 -0.0056497936852360356 -0.0075376977338798001 -2.0464459614690426e-05 0.00095261184638360504 -0.00046181309287357585 -0.00058767050927665469 -0.0044202782320152149 -0.0036013964575861879 -0.00023643507830374083 -0.0078273604679769786 -0.0017358550539011976 -0.00194279924186983 0.0049784501455231132 0.00058395841699681889 -0.00034656424025744962
leaf_weight=407 248 243 633 202 253 248 201 217 231 199 372 401 201 246 234 255 340 199 267 457 202 525 203 342 291 212 244 221 285 248 1009 250 201 219 255 217 199 278 204 286 399 202 335 415 204 220 301 461 230 314 386 254 260 663 332 257 221 3355 234 248 220 346 334 1018 353 257 436 780 260 213 357 312 353 229 245 216 237 229
leaf_count=407 248 243 633 202 253 248 201 217 231 199 372 401 201 246 234 255 340 199 267 457 202 525 203 342 291 212 244 221 285 248 1009 250 201 219 255 217 199 278 204 286 399 202 335 415 204 220 301 461 230 314 386 254 260 663 332 257 221 3355 234 248 220 346 334 1018 353 257 436 780 260 213 357 312 353 229 245 216 237 229
internal_value=4.171e-06 0.00384092 -0.00253313 0.00836021 0.00741704 0.00223027 0.00431877 0.00600455 0.00359557 -0.000936885 -0.00414403 0.00332381 0.00436436 0.00963688 0.000644005 0.00333082 0.00552484 -0.000373529 -4.96888e-06 0.00119408 0.00547617 -0.00339539 0.000350922 0.00382525 0.00432587 0.00661107 0.0084146 0.00284885 0.0106507 0.00955085 -0.00116971 0.00153478 0.00229735 -0.000162221 -0.000419666 0.00131322 -0.00025413 0.000180085 -0.0034129 -0.00311495 -0.00171785 0.00425248 -0.00214242 -0.00177775 -0.000528146 0.000309337 0.00241843 0.00396213 0.0113766 0.00983087 -0.00530686 0.00611017 0.00606703 0.00153372 0.000672655 0.000776402 0.0015474 -0.00359943 -0.00297905 -0.00474816 0.00084713 0.00010003 -0.00572824 -0.00525486 -0.00474829 -0.00410048 -0.000675898 0.000787711 0.00263092 -0.0014404 -0.00420926 -0.00304804 -0.00570248 -0.00450765 -0.0049307 0.00262652 -0.00163674 -0.00314344
internal_weight=27631 10999 16632 2890 2688 8109 1122 869 652 8354 8278 4800 3014 1566 3309 829 574 6650 5926 2920 469 724 2451 2813 2565 1007 795 1558 1320 1077 3006 1786 1536 620 2046 1020 2480 2281 5664 1704 1032 405 1026 2591 1353 1149 521 916 792 544 672 455 551 1216 995 2003 1518 5460 3589 1871 451 803 2614 2207 1873 1520 691 1297 517 628 1623 913 710 601 1263 415 485 1238
internal_count=27631 10999 16632 2890 2688 8109 1122 869 652 8354 8278 4800 3014 1566 3309 829 574 6650 5926 2920 469 724 2451 2813 2565 1007 795 1558 1320 1077 3006 1786 1536 620 2046 1020 2480 2281 5664 1704 1032 405 1026 2591 1353 1149 521 916 792 544 672 455 551 1216 995 2003 1518 5460 3589 1871 451 803 2614 2207 1873 1520 691 1297 517 628 1623 913 710 601 1263 415 485 1238
cat_boundaries=0 1 2 3 4 5 6 7
cat_threshold=5056 10442 2052 2048 2053 12608 3139
is_linear=0
shrinkage=0.047679


Tree=53
num_leaves=79
num_cat=10
split_feature=18 9 18 21 54 55 15 55 39 23 59 56 54 0 53 43 48 0 54 37 28 14 42 59 14 55 17 24 17 0 0 44 54 53 24 15 27 34 54 23 52 36 47 20 43 15 14 52 52 0 1 55 34 53 0 52 9 38 9 0 9 55 24 0 0 2 29 35 24 52 27 55 37 47 37 22 24 52
split_gain=100.525 31.9619 20.0727 13.8437 7.32168 8.83882 6.38538 5.81476 5.44021 5.4377 5.37579 4.74855 4.59032 4.36331 5.06337 5.28887 4.03004 3.85743 4.00941 3.84943 6.94359 3.35122 2.93694 2.89504 3.26142 2.77833 2.52089 2.50925 2.49863 2.79984 2.29092 2.13397 2.112 4.32202 2.33698 2.06358 1.97941 1.9197 1.80165 1.79202 2.03561 1.76714 1.85338 1.79552 1.76694 1.63472 1.58404 1.54135 4.04985 1.73105 1.5398 1.49292 2.6057 1.53984 1.36884 1.23408 1.14353 0.978499 1.88638 1.14389 0.848706 0.817665 0.806219 0.784972 0.733717 0.643265 0.625454 1.25526 0.762363 0.694974 0.865266 0.614171 0.506221 0.328813 0.260744 0.24358 0.210145 0.205361
threshold=22.572585250000003 23.850904500000002 21.416034000000003 26.078789000000004 0.72863878684144778 0.57692071991676064 5.4132418408709926 0.18348096237313774 22.847853500000003 21.968063500000003 5.5083333333333337 -0.036832000000000413 0.53331001477455364 0 0.72412797690433828 23.152328500000007 23.232490000000006 1 0.3319848650076111 23.973981500000004 24.990169500000004 6.3168682449581972 23.451209000000002 5.991666666666668 3.0607670243246967 0.36707620592597096 -2.9034439999999995 23.210143000000006 4.0216480000000017 2 3 23.598737000000003 0.32693353923976515 0.23855177017414728 22.058539000000003 2.2769577592069337 22.964440500000006 21.113095500000004 0.41748541101192355 22.520029000000005 0.15752598166587509 21.467753750000004 21.640860500000006 21.977209000000006 21.923615500000004 2.8563126058888559 5.399563549881262 0.16499619025332213 0.36823022017341639 4 5 0.23731097354609662 21.296556500000005 0.16672717556759034 6 0.026605129256247455 21.314055000000003 21.941043500000003 21.759186500000002 7 20.680041500000005 0.22327273092551655 23.547337500000001 8 9 6.9109285000000016 20.813396500000003 20.737756500000003 20.794221000000004 0.040685880236176711 21.207281500000004 0.13474558571436049 21.027556500000003 21.986261000000002 20.855190000000004 21.291116000000002 21.191182000000005 0.040685880236176711
decision_type=2 2 2 2 2 2 8 2 2 2 2 2 2 9 2 2 2 9 2 2 2 10 2 2 8 2 10 2 8 9 9 2 2 2 2 10 2 2 2 2 2 2 2 2 2 10 8 2 2 9 1 2 2 2 9 2 2 2 2 9 2 2 2 9 9 2 2 2 2 2 2 2 2 2 2 2 2 2
left_child=2 4 37 7 5 10 -7 -3 -6 21 12 -8 16 26 15 -15 22 18 45 31 38 32 28 24 35 -12 -9 36 30 -30 -2 -17 34 -34 55 -19 39 60 -21 40 -26 -35 -43 -44 51 61 -14 49 54 -18 -41 53 -53 65 -49 -4 -54 58 64 -60 -1 -11 -51 -59 -57 75 67 -62 -69 -68 72 77 74 -65 -71 76 -39 -67
right_child=1 3 9 -5 8 6 11 13 -10 17 25 -13 46 14 -16 19 47 23 -20 20 -22 -23 -24 -25 27 -27 -28 -29 29 -31 -32 -33 33 41 -36 -37 -38 44 -40 50 -42 42 43 -45 -46 -47 -48 48 -50 62 -52 52 56 -55 -56 57 -58 63 59 -61 66 -63 -64 73 -66 71 69 68 -70 70 -72 -73 -74 -75 -76 -77 -78 -79
leaf_value=-0.0079283216931917127 -0.0027590302505168711 0.013830939629729509 0.00036877112368417965 0.019848036420602403 -0.0096146351389298293 0.0022882213120827997 0.0067919741230887684 0.013812369899565601 0.0015061358885605041 -0.00068902836584746208 0.0028182666451728113 0.01618901918445623 -0.00046928385658250379 -0.0016758891534360599 0.011463134847240548 0.012756259323972213 0.0093057754867526717 0.00037723008311217723 -0.0083050494141862774 -0.0026828705743396158 0.0097151842118761017 -0.0078440574123371694 -0.0029547624084090632 0.00575682957505205 -0.0005683570243037873 0.010420040616784683 0.0067910366427995335 -0.0047445735644039483 0.0077988396922984444 0.0019337829574600082 0.0013347757205805376 0.0060556706067133583 0.0040438487061983022 0.0014242763175874322 0.0026756248245309753 0.0060639853638501358 0.0033511973220108821 -0.0052927759028766836 0.0030534577159354128 -0.0046191888908814083 0.0021326316150345782 -0.0069911710294263303 -0.0039017030813406003 0.0018209045513312345 -0.007832033679790568 0.0024563090367531303 -0.0063568994918583883 -0.0030108423918911529 0.0063622580835694682 0.0017209766882475427 -0.00062652738170235298 0.0029081740836406221 -0.0050439529844738158 -0.0078276587826711808 0.0018442839908764986 -0.0022257939757081135 -0.00074893891725461026 -0.0068153541119540936 0.0013159593400595224 -0.0018998599644936718 -0.0065664815378418534 -0.0048829635070467966 0.0058032109465618043 -0.0042511373928455142 -0.0040381622837275099 -0.0023625785199648036 -0.0040404769817217251 -0.0045017340702980463 -0.0003687927639780205 -0.0069878180286760136 -0.0038535055488724359 -0.0007517434481353084 -0.0055394189404597326 -0.0018590914711344479 -0.0092019164281148865 -0.005997194511085306 -0.0033646507734087228 -0.0040300138330848015
leaf_weight=311 453 275 303 217 200 375 312 272 200 217 200 201 215 280 258 203 205 262 238 245 271 220 383 221 1968 241 203 266 208 1430 935 231 389 267 202 325 372 218 253 336 936 202 311 208 227 205 201 205 388 217 632 206 352 229 332 1055 235 217 372 737 275 206 223 299 1219 240 347 199 207 221 212 234 244 232 267 236 313 559
leaf_count=311 453 275 303 217 200 375 312 272 200 217 200 201 215 280 258 203 205 262 238 245 271 220 383 221 1968 241 203 266 208 1430 935 231 389 267 202 325 372 218 253 336 936 202 311 208 227 205 201 205 388 217 632 206 352 229 332 1055 235 217 372 737 275 206 223 299 1219 240 347 199 207 221 212 234 244 232 267 236 313 559
internal_value=2.12558e-05 0.00388871 -0.00212111 0.00829791 0.00221267 0.00258548 0.00701709 0.00729174 -0.00405425 -0.00107041 0.00191117 0.0104739 0.00149744 0.00648024 0.00526823 0.00422601 0.00189945 -6.87006e-05 -0.00300054 0.00559969 0.00357352 -0.00206424 0.000978895 0.000413593 0.000182728 0.00697253 0.0105888 -0.000252387 0.00147678 0.00273797 -1.15765e-05 0.00918982 -0.00185277 -0.000213188 -0.00233976 0.00352578 2.91687e-05 -0.00456795 0.000231369 -0.000289993 0.00030221 -0.00188929 -0.00311637 -0.00160825 -0.00378511 -0.001038 -0.00331402 0.00389827 0.00265078 0.00568731 -0.0020666 -0.00345958 -0.00170541 -0.00414517 -3.08868e-05 -0.00256825 -0.00332448 -0.00278367 -0.00243863 -0.000826419 -0.00561345 -0.00273147 0.00370571 -0.00434423 -0.00322488 -0.00367667 -0.00524838 -0.00407925 -0.00239455 -0.00586509 -0.00653579 -0.00290001 -0.00731262 -0.00314677 -0.00819922 -0.00472269 -0.00415624 -0.00352916
internal_weight=27581 9832 17749 2708 7124 6724 888 2491 400 12417 5836 513 5395 2216 1741 1483 4979 6184 866 1203 769 6233 3409 5318 5097 441 475 4510 3026 1638 1388 434 6013 1377 4636 587 4244 5332 498 3872 2904 988 721 519 3049 628 416 1570 925 645 968 2822 793 2029 537 4434 587 4131 3383 1109 2283 423 440 748 2274 1800 1972 681 406 1291 944 1033 732 531 488 767 531 799
internal_count=27581 9832 17749 2708 7124 6724 888 2491 400 12417 5836 513 5395 2216 1741 1483 4979 6184 866 1203 769 6233 3409 5318 5097 441 475 4510 3026 1638 1388 434 6013 1377 4636 587 4244 5332 498 3872 2904 988 721 519 3049 628 416 1570 925 645 968 2822 793 2029 537 4434 587 4131 3383 1109 2283 423 440 748 2274 1800 1972 681 406 1291 944 1033 732 531 488 767 531 799
cat_boundaries=0 1 2 3 4 5 6 7 8 9 10
cat_threshold=448 4992 2112 11328 2112 12 10306 2050 10756 1037
is_linear=0
shrinkage=0.047679


Tree=54
num_leaves=79
num_cat=0
split_feature=48 18 29 7 52 48 6 54 8 35 15 10 24 16 49 52 59 24 36 56 7 7 59 42 54 54 55 16 8 2 15 46 41 47 39 52 45 6 6 6 8 42 55 55 7 7 6 2 3 54 53 51 24 38 6 7 29 52 7 8 55 7 54 48 47 34 53 36 17 52 22 55 7 6 24 52 6 53
split_gain=95.1658 26.4643 15.5034 8.06406 12.3197 6.32088 6.61594 6.37863 5.72286 5.60476 5.00552 4.24489 5.32016 4.1961 4.15748 3.95219 3.75464 3.3133 3.2108 3.80457 4.70886 8.64889 5.80554 4.1103 2.95336 6.90883 3.02393 3.27583 3.06987 2.77771 2.54674 2.50335 2.43053 2.51901 2.34733 2.34057 2.24811 2.20951 4.30656 4.87795 4.60807 3.86676 3.3052 3.24075 7.56438 2.15259 2.49303 2.14608 2.09543 1.995 1.80456 2.21269 2.31303 2.24303 2.1339 1.75844 2.61184 1.66294 1.61235 1.60085 1.51503 1.50843 1.99687 2.59024 1.40318 1.36721 1.35197 1.24828 2.21416 1.29853 1.48179 1.17 1.12139 1.28664 0.909401 0.903599 0.824586 0.804826
threshold=22.475997200000005 24.538324500000005 21.584248500000005 27.500000000000004 0.49136047792389864 23.052454100000002 13.500000000000002 0.53331001477455364 1.5000000000000002 24.424290750000004 5.1328472918163808 1.5000000000000002 22.695711000000006 2.3779750000000011 25.112553000000002 0.72678282897090951 5.5083333333333337 22.047006000000003 23.701040500000001 0.57839249999999975 37.500000000000007 43.500000000000007 5.491666666666668 23.571625000000004 0.55582562216720266 0.67343037526879301 0.32504033455694031 -3.8839499999999991 2.5000000000000004 2.4207095000000005 3.8689576194794966 23.408650500000004 24.306082000000004 23.435530500000002 22.217396000000004 0.18720444854888191 21.376759500000002 9.5000000000000018 10.500000000000002 12.500000000000002 1.5000000000000002 22.670429500000001 0.36976411704739998 0.46946264212701028 15.500000000000002 18.500000000000004 13.500000000000002 10.540192500000002 5.0075535000000011 0.34799747275937432 0.056686039231801814 22.116285133333339 21.828320000000001 21.941043500000003 13.500000000000002 12.500000000000002 21.875583500000001 0.21525225751689622 30.500000000000004 1.5000000000000002 0.35735283580112648 49.500000000000007 0.20418084866962616 21.207782600000005 22.778921500000006 22.397613500000002 0.2416651813207934 21.750733000000004 1.487959 0.12463418597233362 21.580254500000002 0.14141159020986163 42.500000000000007 12.500000000000002 21.671975750000005 0.094494211013162702 17.500000000000004 0.040482013298641296
decision_type=2 2 2 2 2 2 2 2 2 2 8 2 2 8 2 2 2 2 2 2 2 2 2 2 2 2 2 8 2 2 8 2 2 2 2 2 2 2 2 2 2 2 2 2 2 2 2 2 2 2 2 2 2 2 2 2 2 2 2 2 2 2 2 2 2 2 2 2 8 2 2 2 2 2 2 2 2 2
left_child=2 5 29 4 13 11 9 30 14 18 -11 15 -13 -3 -5 24 17 50 19 20 22 -22 23 -7 26 -26 28 -28 45 -1 -8 -23 33 -20 -29 -18 59 42 48 43 -41 60 -19 44 -40 64 -47 -35 -39 -36 54 53 -53 55 -4 74 58 -58 -57 -31 -42 62 72 -64 -2 -54 75 68 -38 77 -71 -30 73 -61 -52 -55 -63 -70
right_child=1 3 16 8 -6 6 7 -9 -10 10 -12 12 -14 -15 -16 -17 35 37 32 -21 21 31 -24 -25 25 -27 27 34 71 36 -32 -33 -34 47 49 -37 67 38 39 40 41 -43 -44 -45 -46 46 -48 -49 -50 -51 51 52 65 66 -56 56 57 -59 -60 61 -62 76 63 -65 -66 -67 -68 -69 69 70 -72 -73 -74 -75 -76 -77 -78 -79
leaf_value=-0.0074787800300751004 -0.0014991139578537759 0.0043127969391587376 0.0036787178059754897 0.0049921785485926157 0.023158210560150438 0.0061777322736948194 0.0072780211921327602 -0.0054142804943265992 0.00084533607381573198 0.0040253260591255171 0.014066710836131757 0.010613950249635844 0.00082085628127742541 0.013308986466182513 0.013446218083839773 -0.0052900809280016425 0.0069552803265734587 -9.8802804174406869e-05 0.0045281114944890413 0.011213774758350038 -0.0061786294462901799 0.0072868442411686413 0.012418411709495236 -0.0012218621116317995 0.0099279301867936532 -0.0011396297905741923 -0.005996487493246677 0.0042873667311263321 0.00087824580429731304 -0.0011612962372920367 0.0007899444858081024 0.00096907252152199949 0.0062211761405384517 -0.0043916095425407036 -0.0030607604156741523 0.0001449130819717212 0.0023479556312842437 -0.0078028324737155 -0.0011735965538684351 0.0036488838990964044 -0.0005233162439047006 -0.0082287226224519762 0.0076295205035130879 -0.0018493643544632214 0.0097006419913354611 0.0031193280695203771 0.0087835340747170684 0.0019630424983713268 -0.0012402220801950561 0.00070987425249422397 -0.0021459166043185712 0.0038962948543028965 -0.0037439456125369992 -0.0050659747924334591 -0.0017852995143139692 -0.00041648503518230788 -0.00063034343867986338 0.0043674912062526949 -0.0039349781175182482 -0.008377346390128191 -0.0043861371575130694 -0.0082425323657209469 0.0020128379825036253 -0.0043983705217652911 0.0038537868554596412 0.0012016284919184263 -0.0073909753438123581 -0.0049551378045177875 -0.00052878373510246979 0.0014113606665766777 -0.003777738944734382 -0.0035351374959661829 -0.0020966464832651989 -0.0047665266710498078 -0.0059517252081924127 -0.0015865128391422999 -0.0045330793114547515 -0.0037042682463680004
leaf_weight=453 248 223 265 267 201 773 211 304 290 200 259 244 261 250 262 220 212 342 226 205 233 345 271 219 269 245 221 266 413 328 395 243 208 271 488 250 224 249 253 376 1131 211 199 207 342 522 267 218 199 921 246 240 315 394 420 465 471 223 815 254 290 366 246 343 202 213 302 430 208 326 203 204 304 1921 340 298 217 1421
leaf_count=453 248 223 265 267 201 773 211 304 290 200 259 244 261 250 262 220 212 342 226 205 233 345 271 219 269 245 221 266 413 328 395 243 208 271 488 250 224 249 253 376 1131 211 199 207 342 522 267 218 199 921 246 240 315 394 420 465 471 223 815 254 290 366 246 343 202 213 302 430 208 326 203 204 304 1921 340 298 217 1421
internal_value=8.14789e-05 0.00350299 -0.00221134 0.00940709 0.0132697 0.0025821 0.00386097 0.000221703 0.00622829 0.00476311 0.00969138 0.00140828 0.00555257 0.00906766 0.00917925 0.000941746 -0.000919716 -0.00113953 0.00405885 0.0050161 0.00440644 0.0015954 0.00623372 0.00454415 0.00126312 0.00465254 0.000798797 -0.000540423 0.00216688 -0.00386385 0.003049 0.00467593 0.00168491 0.000365274 0.000179453 0.00327002 -0.00362272 -7.77772e-05 -0.000546336 0.000145819 -0.00110963 -0.00220595 0.00274396 0.00328913 0.00507681 0.00353525 0.00503611 -0.00155866 -0.00488775 -0.000596066 -0.00194512 -0.00230547 1.5254e-05 -0.00280696 0.000328518 -0.00206058 -0.00137974 0.00097559 -0.00265678 -0.00435199 -0.00131165 -0.00463864 -0.00421617 -0.00172068 0.000903744 -0.00174886 -0.00472923 -0.00259079 -0.00216397 -0.00263231 -0.00057992 -0.000580961 -0.00480909 -0.0051882 -0.00435407 -0.00356759 -0.00686183 -0.0032988
internal_weight=27577 11065 16512 1493 674 9572 4581 910 819 3671 459 4991 505 473 529 4486 9268 8806 3212 2289 2084 821 1263 992 4266 514 3752 1896 1856 7244 606 588 923 715 1675 462 6791 3799 3258 2810 2008 1632 541 802 595 1239 789 489 448 1409 5007 4322 768 3554 685 2560 1974 694 1280 3979 1421 3651 3068 589 450 528 994 2812 2382 2158 529 617 2479 2175 586 692 583 1629
internal_count=27577 11065 16512 1493 674 9572 4581 910 819 3671 459 4991 505 473 529 4486 9268 8806 3212 2289 2084 821 1263 992 4266 514 3752 1896 1856 7244 606 588 923 715 1675 462 6791 3799 3258 2810 2008 1632 541 802 595 1239 789 489 448 1409 5007 4322 768 3554 685 2560 1974 694 1280 3979 1421 3651 3068 589 450 528 994 2812 2382 2158 529 617 2479 2175 586 692 583 1629
is_linear=0
shrinkage=0.047679


Tree=55
num_leaves=76
num_cat=1
split_feature=9 33 9 37 16 52 9 9 7 57 42 7 30 43 7 10 52 55 52 41 16 10 52 40 36 9 3 16 53 53 22 7 7 59 41 24 57 51 8 55 39 59 16 7 47 23 8 47 21 52 17 17 28 45 55 7 34 41 48 26 52 53 30 37 7 34 40 3 56 3 1 9 56 29 7
split_gain=92.4087 22.0859 20.8649 10.8942 10.974 7.77032 6.80522 6.59916 5.3895 5.09086 3.89208 3.74774 3.65202 3.67837 6.3974 3.59861 3.26759 3.10233 2.98368 3.96919 3.48428 2.98276 2.93493 2.88065 2.87927 2.46804 2.39096 2.28814 2.27064 2.94515 2.26987 2.15029 2.27712 3.75638 6.11305 3.50528 2.43197 2.31457 2.29908 7.67623 3.13636 1.99128 1.81713 1.72026 1.70397 1.9741 1.68424 1.52568 1.43157 1.71359 1.62174 2.0266 1.29549 1.32857 3.79575 1.25442 1.11155 1.07398 1.96235 1.06214 0.987146 0.701478 1.00287 0.985665 0.782408 0.977625 0.903185 0.694809 0.61278 0.658294 0.49957 0.491648 0.463883 0.357713 0.195074
threshold=22.954515500000003 21.659763000000002 26.061347000000001 23.209832000000002 3.2956935000000009 0.80106012886426814 25.083875500000001 22.349563500000006 20.500000000000004 30.500000000000004 22.389764000000003 38.500000000000007 23.504972250000005 23.650657500000005 18.500000000000004 1.5000000000000002 0.25652693147512673 0.43028547132902922 0.41220178060664053 24.367119500000005 1.211925000000001 1.5000000000000002 0.74864128666559981 23.361478500000004 22.878721500000005 20.830690500000006 4.4976420000000008 -1.9686999999999999 0.67202509117516762 0.53705360051420692 21.269689500000002 2.5000000000000004 21.500000000000004 5.0083333333333337 22.218538500000005 22.275898000000005 30.500000000000004 22.424309433333335 1.5000000000000002 0.41968734221996923 22.693826500000004 5.7500000000000009 2.5293595 34.500000000000007 22.402844500000004 21.977781500000003 1.5000000000000002 22.809997500000005 21.346368000000002 0.24252315738311483 1.2619640000000005 2.4046490000000005 22.027853000000004 23.573683250000006 0.53190967447834703 10.500000000000002 23.206497500000005 21.488988500000001 21.64106 22.511999000000003 0.033848234455074525 0.060030343045173115 21.110901000000002 21.197491500000002 30.500000000000004 21.092524500000003 21.152294500000004 4.4976420000000008 0.0049127500000007993 4.4976420000000008 0 21.142061000000002 -0.075621999999999176 20.683080500000003 19.500000000000004
decision_type=2 2 2 2 8 2 2 2 2 2 2 2 2 2 2 2 2 2 2 2 8 2 2 2 2 2 2 10 2 2 2 2 2 2 2 2 2 2 2 2 2 2 8 2 2 2 2 2 2 2 8 8 2 2 2 2 2 2 2 2 2 2 2 2 2 2 2 2 2 2 1 2 2 2 2
left_child=1 25 3 4 8 6 12 22 24 10 -10 -12 15 14 -14 23 -8 -16 19 27 -21 28 30 -5 -2 72 -6 -15 29 52 -3 -32 33 35 55 46 38 -37 39 -34 -40 48 -25 -23 45 -38 -33 -28 49 61 -50 -52 -9 54 59 -35 -55 58 60 -54 -53 64 67 -64 66 -66 -27 -63 70 -70 -59 -65 -1 -74 -75
right_child=2 7 -4 5 26 -7 16 21 9 -11 11 -13 13 18 17 -17 -18 -19 -20 20 -22 43 -24 42 -26 41 47 -29 -30 -31 31 32 36 34 -36 37 44 -39 40 -41 -42 -43 -44 -45 -46 -47 -48 -49 50 -51 51 57 53 56 -56 -57 -58 68 -60 -61 -62 62 63 71 65 -67 -68 -69 69 -71 -72 -73 73 74 -76
leaf_value=-0.0074452320058677 -0.0075357989956585407 -0.0060852029583464686 0.019718229585212382 0.0040847279352206221 0.0090783634836651174 0.014742899170576007 0.012983391323969886 -0.0026559880101336753 -0.005037606054592891 0.0067337467810192498 0.0054555491852583014 -0.0019346924374329909 0.015629440261533178 0.00035420966792784489 0.0023458849703204216 0.007483329887642237 0.005351091137977276 0.009946494645369194 7.1883571555304959e-05 0.013025929208450502 0.0055452565632840411 0.0019738057982625623 -0.0067636932506125094 -0.0049178684691618003 -0.0003814048227467253 -0.0063836543530772592 0.001108853620105432 0.0065159036318270637 -0.0040438136602422214 0.0051315724778159544 -0.0046414601427874477 -0.0056929389945150465 0.0044005960967574932 -0.0029822853298259247 0.0087852027113993029 0.0065078014438617144 -0.0048025613062349743 -0.00071909338178517159 -0.0020318954586013797 -0.0055787782004308641 0.0035952820466068937 0.0008778776771216901 0.00093961473817795558 0.0078582710585886027 -0.0070732030382727193 0.00052383112460081338 -0.0012961796316609258 0.0068650009296832301 0.00021574576265522629 -0.0076087174621520433 -0.0072391788851921702 0.00044720047913066058 -0.00058329271631966072 0.00057961827966472406 0.0065218484567997562 0.0019264764645292459 -0.0041604353577233445 -0.0029936589535784451 0.0024535946533888195 0.0012280535850419277 -0.0032173860087136544 -0.0040329741149930541 -0.0011174815001866762 -0.0063875981538339876 0.0010515205260978684 -0.0032382823861671611 -0.0024791895303389812 -0.0072804276958730665 -0.0044096618913867748 -0.0013689492431454813 -0.0056391516360443329 -0.0036682857324518542 -0.0068886235281717034 -0.003427068855017883 -0.0052206722052259924
leaf_weight=270 288 204 206 356 396 211 355 283 279 309 310 314 203 384 286 235 199 213 301 208 443 253 216 209 230 229 215 213 231 331 348 251 570 199 278 203 348 200 2547 253 247 253 284 204 243 290 939 204 368 301 251 203 1178 229 262 292 221 406 209 1961 945 254 282 209 204 296 327 365 267 411 450 546 203 216 381
leaf_count=270 288 204 206 356 396 211 355 283 279 309 310 314 203 384 286 235 199 213 301 208 443 253 216 209 230 229 215 213 231 331 348 251 570 199 278 203 348 200 2547 253 247 253 284 204 243 290 939 204 368 301 251 203 1178 229 262 292 221 406 209 1961 945 254 282 209 204 296 327 365 267 411 450 546 203 216 381
internal_value=-2.36304e-05 -0.00161712 0.00477406 0.00431078 0.00186044 0.00583178 0.0053483 -0.000394736 -0.00028848 0.00145129 -0.000356329 0.00173674 0.0045354 0.0056303 0.00849331 0.00226177 0.0102418 0.00559024 0.00433279 0.00536046 0.0079354 0.000923412 -0.00128519 0.000816465 -0.00435914 -0.00360837 0.00642196 0.0025526 0.000565562 0.000804032 -0.00112554 -0.000985173 -0.000799693 0.000399055 0.00313569 -0.000922018 -0.00142918 0.00292125 -0.000882028 0.00133282 -0.00153443 -0.00327233 -0.00154358 0.00460057 -0.00367556 -0.00238147 -0.00222356 0.00391137 -0.0034333 -0.00419567 -0.00277888 -0.00312962 0.000457535 0.00068634 0.00100847 -6.30221e-05 -0.00174828 -0.00277283 -0.00179576 0.000548294 -0.00256938 -0.00381686 -0.0044292 -0.00352268 -0.0028566 -0.00148804 -0.00408733 -0.00594787 -0.00363715 -0.0025664 -0.00448525 -0.00442105 -0.00573638 -0.00515964 -0.00457173
internal_weight=27478 20627 6851 6645 2545 4100 3889 12781 1730 1212 903 624 3335 2251 702 1084 554 499 1549 1248 651 5153 7628 849 518 7846 815 597 4696 4465 7412 7208 6860 2362 769 1593 4498 403 3617 823 2794 6776 493 457 881 638 1190 419 6523 3013 3510 3142 4134 3851 3401 491 450 2891 1357 3139 1148 2712 1656 1037 1056 500 556 619 1534 678 856 755 1070 800 597
internal_count=27478 20627 6851 6645 2545 4100 3889 12781 1730 1212 903 624 3335 2251 702 1084 554 499 1549 1248 651 5153 7628 849 518 7846 815 597 4696 4465 7412 7208 6860 2362 769 1593 4498 403 3617 823 2794 6776 493 457 881 638 1190 419 6523 3013 3510 3142 4134 3851 3401 491 450 2891 1357 3139 1148 2712 1656 1037 1056 500 556 619 1534 678 856 755 1070 800 597
cat_boundaries=0 1
cat_threshold=1
is_linear=0
shrinkage=0.047679


Tree=56
num_leaves=70
num_cat=2
split_feature=9 18 53 8 9 23 54 16 0 59 52 54 54 48 0 47 59 38 16 54 6 54 6 9 29 16 53 52 16 53 34 6 14 2 23 38 7 17 54 9 28 6 6 7 15 52 3 26 59 59 49 6 7 54 7 8 7 23 24 38 54 7 7 37 6 39 53 24 30
split_gain=78.0604 34.502 12.8801 9.8504 8.99858 7.14558 6.03603 6.64534 5.92347 9.19991 7.19363 6.64442 5.7794 5.2041 4.95273 4.52007 4.25799 4.14826 3.94999 3.40954 3.10841 3.71527 3.51112 2.82368 2.66475 3.14576 3.70689 3.60305 2.74639 3.75817 2.42439 3.98616 3.55086 2.66687 4.09052 3.63059 2.28634 2.20247 2.88558 2.10927 1.96168 1.94777 4.23915 3.71986 2.23148 4.55262 1.87203 1.74619 1.69454 1.6692 1.66186 1.61986 1.59592 2.05381 1.41309 1.32142 1.27382 1.22055 1.213 1.22861 0.833659 0.806908 1.21785 0.775117 0.679314 0.527223 0.494885 0.458181 0.202178
threshold=23.609067500000005 22.069412000000003 0.86803857477165003 1.5000000000000002 25.580967000000005 21.376095500000002 0.40524430810445627 4.2892999999999999 0 5.491666666666668 0.72678282897090951 0.43750404288246231 0.6070851037886914 24.154118350000005 1 22.223588000000003 5.0083333333333337 23.929900000000004 -0.92218400000000045 0.72863878684144778 9.5000000000000018 0.41433556412046069 10.500000000000002 24.781235000000006 22.950805500000005 -4.917666999999998 0.46417500256704308 0.23125937682513328 -3.1956994999999995 0.33679376404198985 23.461876000000004 9.5000000000000018 7.1360030580651133 11.194761000000002 22.340987000000002 22.644789000000003 50.500000000000007 1.2965045000000004 0.62868423451671107 22.338475500000005 22.311674500000002 10.500000000000002 9.5000000000000018 39.500000000000007 2.3025273530193622 0.2275427754782077 3.3412340000000005 22.790713250000007 5.0083333333333337 5.5083333333333337 23.313356200000005 14.500000000000002 8.5000000000000018 0.46999533957158984 7.5000000000000009 2.5000000000000004 35.500000000000007 21.126070000000002 21.479711500000004 21.073506000000005 0.34513016304156213 47.500000000000007 41.500000000000007 21.169305000000005 11.500000000000002 21.582541500000001 0.17220464803865151 21.777749000000004 21.165631000000001
decision_type=2 2 2 2 2 2 2 8 9 2 2 2 2 2 9 2 2 2 10 2 2 2 2 2 2 8 2 2 8 2 2 2 8 2 2 2 2 8 2 2 2 2 2 2 10 2 2 2 2 2 2 2 2 2 2 2 2 2 2 2 2 2 2 2 2 2 2 2 2
left_child=1 5 3 4 12 49 14 13 9 15 19 -11 16 -8 -5 39 18 -18 23 24 21 -7 36 -2 28 -26 27 48 29 -10 31 47 -32 52 -35 -36 56 46 40 -3 54 42 43 -30 51 -46 -24 -17 -27 57 -34 -43 -33 -54 67 -56 -22 60 59 -59 61 62 63 64 -1 66 68 -39 -61
right_child=2 8 -4 6 -6 20 7 -9 10 11 -12 -13 -14 -15 -16 30 17 -19 -20 -21 22 -23 37 -25 25 26 -28 -29 41 -31 32 33 50 34 35 -37 -38 38 -40 -41 -42 44 -44 -45 45 -47 -48 -49 -50 -51 -52 -53 53 -55 55 -57 -58 58 -60 65 -62 -63 -64 -65 -66 -67 -68 -69 -70
leaf_value=-0.0074761418632883743 0.004878260578816491 -0.0045451026284128049 0.017632803138498181 0.010407348827505835 0.016438699728311284 -0.0017493326938313105 0.0010934214729293565 0.0075501332321617929 0.00077860558465942811 0.0039741835844404952 -0.0072950126603640569 0.014599522913999192 -0.00064863853767995014 -0.0079126158067136312 0.0017738497858271179 0.0085731054116021613 0.016237152406572513 0.0078692935821073912 -0.00013478917349388938 -0.0056475489574108985 -0.0044960196472209665 0.0055622762836527962 -0.0021504131205822346 0.011214140222165861 0.0078269073039069371 0.00030915998657481093 0.0065124880339290153 -0.0037687666427335289 0.0034671088417617306 -0.0071410517214877609 0.0081983403127626822 -0.0015425886798285673 0.0046883135703471423 0.0042535510324387777 -0.0086505719833647934 -0.0007739254479450147 -0.0012067121080227745 -0.0029458807312220461 -0.0076613368021719881 0.00067398751952872811 0.0014242156917729 -0.00079402319166248616 -0.0061035116558133653 -0.0041045067201590096 -0.00062927181540919355 0.0068000404141793664 0.0032080999086633259 0.0024662238037308263 0.0053389796606745712 8.3417152029745378e-05 -0.0011565260558817258 0.0019165553023937339 0.0016630829199576183 0.006874506316191264 -0.0014902405365134204 -0.0040633370958133999 -0.0095237436102574829 0.000414308335717884 -0.0068451917210927181 -0.0048384200089605315 -0.0075740385011446622 -0.0067342338334359098 -0.0010470238625116936 -0.0023536787844909506 -0.0047377310666473337 -0.0012335097002486237 -0.0060413840858997373 -0.005225756298003933 -0.0032398097415598298
leaf_weight=253 384 376 223 321 253 375 390 209 268 375 298 208 208 233 306 225 217 355 200 212 208 273 256 274 200 405 256 356 405 277 328 280 213 199 211 360 204 467 202 331 385 1365 308 232 362 389 352 202 244 202 230 792 1224 200 4111 510 255 200 222 215 268 388 224 249 1107 200 201 351 1100
leaf_count=253 384 376 223 321 253 375 390 209 268 375 298 208 208 233 306 225 217 355 200 212 208 273 256 274 200 405 256 356 405 277 328 280 213 199 211 360 204 467 202 331 385 1365 308 232 362 389 352 202 244 202 230 792 1224 200 4111 510 255 200 222 215 268 388 224 249 1107 200 201 351 1100
internal_value=-3.93677e-05 -0.00101407 0.00653747 0.00579888 0.00806986 -0.00271255 0.00285548 0.000193237 0.000901321 0.00213417 -6.24298e-05 0.00776505 0.00677724 -0.00227481 0.00638815 0.00138938 0.00785737 0.0110438 0.00573307 0.000292485 -0.00183376 0.00133102 -0.00211465 0.00751661 0.000507417 0.00227161 0.00139051 8.58112e-05 -7.86414e-05 -0.00324662 0.00206154 0.00142995 0.00443796 0.0006957 -0.00163302 -0.00368456 -0.00541214 -0.00178311 -0.00205906 -0.00210165 -0.00186475 0.000369463 -0.00151106 0.000709471 0.000980568 0.00321893 0.000951884 0.00568414 0.00220019 -0.00415913 0.00165375 0.000201238 0.001748 0.00239503 -0.00209756 -0.00177422 -0.00726507 -0.00434435 -0.00350881 -0.00312224 -0.00506206 -0.00475895 -0.00434083 -0.00479938 -0.00524716 -0.00353443 -0.00383798 -0.00392417 -0.00350118
internal_weight=27682 24109 3573 3350 1891 12778 1459 832 11331 4962 6369 583 1638 623 627 4379 1430 572 858 6071 7949 648 7301 658 5859 1461 1261 1005 4398 545 3672 2901 771 2474 770 571 667 6634 6026 707 5824 3853 945 637 2908 751 608 427 649 4829 443 2157 1704 1424 5439 4621 463 4627 2138 1916 2489 2221 1833 1609 1360 1716 1516 818 1315
internal_count=27682 24109 3573 3350 1891 12778 1459 832 11331 4962 6369 583 1638 623 627 4379 1430 572 858 6071 7949 648 7301 658 5859 1461 1261 1005 4398 545 3672 2901 771 2474 770 571 667 6634 6026 707 5824 3853 945 637 2908 751 608 427 649 4829 443 2157 1704 1424 5439 4621 463 4627 2138 1916 2489 2221 1833 1609 1360 1716 1516 818 1315
cat_boundaries=0 1 2
cat_threshold=10440 11264
is_linear=0
shrinkage=0.047679


Tree=57
num_leaves=74
num_cat=3
split_feature=19 9 19 54 8 0 55 55 6 39 0 59 6 44 21 6 0 54 37 55 17 48 32 30 35 10 17 21 6 6 39 16 16 43 50 16 52 44 9 53 52 6 6 55 53 42 9 9 14 26 19 33 56 15 47 39 35 54 55 27 54 6 29 55 31 53 37 51 3 55 3 24 50
split_gain=68.8905 24.6798 13.8265 13.029 8.59213 6.18249 7.20226 6.81096 15.8992 7.77141 5.53365 5.40621 4.92628 4.43847 3.77065 4.85886 5.80742 3.61548 3.60822 3.59504 3.53484 3.41974 3.36243 2.78967 2.66594 2.47921 3.10046 2.38081 2.26329 2.61377 2.17739 2.27014 2.04915 2.38013 2.43807 2.03656 2.07044 2.0242 1.96059 1.8727 3.18588 2.40541 2.45865 1.83181 1.78535 1.77649 1.82484 1.50549 1.49979 1.39525 1.33492 1.27239 1.45608 1.22758 1.22255 1.50378 1.1567 1.11019 1.75047 1.10671 1.08308 0.943374 0.851662 0.965586 3.23292 1.02857 0.801017 0.575685 0.456627 0.336942 0.265439 0.214 0.20088
threshold=22.485112000000004 23.941224500000004 21.415586500000007 0.79725330366398184 1.5000000000000002 0 0.80302497319457766 0.57692071991676064 13.500000000000002 22.742593500000002 1 5.7500000000000009 16.500000000000004 21.924436500000002 25.416636500000003 8.5000000000000018 2 0.54481379803418595 21.431709000000001 0.15772535105354005 2.2368970000000004 24.292606300000003 23.507859500000002 22.303832000000003 23.278404500000004 1.5000000000000002 1.6379865000000007 22.741914000000005 9.5000000000000018 10.500000000000002 22.388877000000004 -5.204652499999999 -0.53703799999999935 22.884336500000003 23.599879275000003 -2.3832219999999995 0.13833283948956346 22.916397000000003 22.936983000000001 0.34768657440507983 0.27552571386716013 9.5000000000000018 14.500000000000002 0.6234922393612482 0.48228971691101685 23.741753500000005 23.096592500000003 22.433707500000004 3.1670388150749873 22.222042000000005 21.834151500000001 22.462085000000005 0.023613000000000998 4.3511365804671804 20.895847500000006 21.836458000000004 24.722435500000003 0.15745144672172054 0.26111678275497474 20.833344500000003 0.27978379559595473 7.5000000000000009 20.955637000000007 0.22940798050164954 21.379848500000005 0.16672717556759034 20.855190000000004 20.803805000000004 4.8678060000000007 0.1137175393663024 4.4976420000000008 21.461533500000005 21.667636412500002
decision_type=2 2 2 2 2 9 2 2 2 2 9 2 2 2 2 2 9 2 2 2 8 2 2 2 2 2 10 2 2 2 2 8 8 2 2 10 2 2 2 2 2 2 2 2 2 2 2 2 8 2 2 2 2 8 2 2 2 2 2 2 2 2 2 2 2 2 2 2 2 2 2 2 2
left_child=2 5 44 4 14 6 7 11 9 -9 39 25 18 19 15 56 -17 23 -12 68 35 22 -6 47 27 32 -27 28 -22 -30 -25 -32 37 38 -35 -20 -37 -2 -34 40 41 61 57 -19 48 46 53 -7 -1 50 -41 52 -38 -33 66 59 -3 -43 -59 -56 -48 -4 -61 65 -65 -64 67 69 71 70 -50 -14 -70
right_child=1 3 10 -5 21 17 -8 8 -10 -11 12 -13 13 -15 -16 16 -18 43 20 -21 24 -23 -24 30 -26 26 -28 -29 29 -31 31 45 33 34 -36 36 51 -39 -40 49 -42 42 -44 -45 -46 -47 60 -49 54 -51 -52 -53 -54 -55 55 -57 -58 58 -60 62 -62 -63 63 64 -66 -67 -68 -69 72 -71 -72 -73 -74
leaf_value=0.00029660120194774283 -0.0038013714772030917 0.013198252731659811 -0.0021218406803397019 0.01621988006394132 0.00022577489239855933 -1.1196450266262657e-05 -0.0050237394236970403 0.0037267391525380787 -0.0036028376476433146 0.015253848740624956 0.0052854074965910641 0.0096845064493762869 -0.002967400846900056 0.0031633623184938692 0.013160396859687146 -0.0006731060919178978 0.0082077261380291769 -0.0070278852658472888 0.0050827321395388045 -0.0097473765862601345 0.0035067975823042637 -0.0014447513192231195 0.0084896173430659781 0.0051881224081526539 0.0042856226384685534 0.0012177890924592039 0.0091111067681354414 -0.004785469313707485 -0.0041090059619149459 -0.00042191373519697128 0.005108405124134136 0.0029392533388708643 0.0024703911616756817 -0.00042312689600605826 0.0044385562497223337 0.0039791342426460409 0.0036929269451767932 0.0019644195161066685 0.006736360412663925 -0.0040713463033298404 0.002386766475809576 -0.008736617589227046 -0.0010563134491292762 -0.00098054112309299297 -0.007726677899111585 -0.0031553511091381571 0.0014587283308534168 -0.0057428425547428816 -0.0030781090443975177 -0.0020450436854112376 -0.0095595968422811217 -0.0038255949344818373 -0.0020389737882038996 -0.0011551608295186963 0.00019923920436211906 -0.0071952747149918381 0.0083071739657775111 -0.0012219889683445927 -0.0066317665356396879 -0.0057195809260059353 0.0058993615643573079 0.0019908183339665208 -0.0032288016434263603 0.0017722198960501072 -0.0052940558012195028 -0.0067110547502854017 -0.0070313889744298029 -0.0022335022194338249 -0.0026664362637439996 -0.0065722507547273127 -0.0054477453519571313 -0.0050030779309620061 -0.00090042321358905022
leaf_weight=208 296 226 274 316 204 214 252 202 224 389 299 220 242 238 274 300 377 212 385 203 296 365 248 305 246 219 234 319 485 4423 252 212 1013 1049 302 333 202 260 323 202 299 201 392 246 259 288 317 203 211 214 201 199 201 775 211 222 214 216 367 315 206 236 2036 328 267 213 359 218 378 222 219 228 239
leaf_count=208 296 226 274 316 204 214 252 202 224 389 299 220 242 238 274 300 377 212 385 203 296 365 248 305 246 219 234 319 485 4423 252 212 1013 1049 302 333 202 260 323 202 299 201 392 246 259 288 317 203 211 214 201 199 201 775 211 222 214 216 367 315 206 236 2036 328 267 213 359 218 378 222 219 228 239
internal_value=5.80268e-05 0.00304129 -0.00184792 0.00716476 0.00586883 0.00177408 0.00282461 0.00324863 0.00721413 0.011314 -0.000921284 0.00242333 -0.000354466 -0.00281922 0.00814826 0.00691878 0.00438365 0.000144196 0.000154819 -0.00392298 -6.15789e-05 0.00198794 0.00475992 0.000793045 -0.000570858 0.00199112 0.00529513 -0.000787171 -0.000542079 -0.000786266 0.00142952 0.00087031 0.0015296 0.00207478 0.000663645 0.0021642 0.000962456 -0.00110514 0.00350176 -0.00285122 -0.00214904 -0.00295344 -0.00413941 -0.00377975 -0.00386626 0.000276317 0.000930834 -0.00280142 -0.00366744 -0.00515645 -0.00680867 -0.000706239 0.000834089 -0.000275712 -0.00383847 -0.00339435 0.0108194 -0.00568096 -0.00462746 -0.00314396 0.00320781 -0.000218728 -0.00336727 -0.00310672 -0.0013987 -0.0035586 -0.0051365 -0.00435458 -0.00283526 -0.00506377 -0.00428497 -0.00395492 -0.00198236
internal_weight=27543 10737 16806 2524 2208 8213 4983 4731 815 591 11518 3916 8916 1528 1391 1117 677 3230 7388 1290 7089 817 452 2772 5769 3696 453 5523 5204 4908 2355 2050 3243 2687 1351 1320 935 556 1336 2602 1985 1686 1176 458 5288 1798 1510 417 5029 617 403 602 403 987 4821 3592 440 784 583 3370 523 510 3159 2844 595 2249 1229 870 1087 652 430 470 617
internal_count=27543 10737 16806 2524 2208 8213 4983 4731 815 591 11518 3916 8916 1528 1391 1117 677 3230 7388 1290 7089 817 452 2772 5769 3696 453 5523 5204 4908 2355 2050 3243 2687 1351 1320 935 556 1336 2602 1985 1686 1176 458 5288 1798 1510 417 5029 617 403 602 403 987 4821 3592 440 784 583 3370 523 510 3159 2844 595 2249 1229 870 1087 652 430 470 617
cat_boundaries=0 1 2 3
cat_threshold=10442 13248 3074
is_linear=0
shrinkage=0.047679


Tree=58
num_leaves=77
num_cat=3
split_feature=50 19 29 39 54 0 59 59 26 47 54 52 2 8 38 54 38 7 54 7 6 54 44 41 25 6 6 7 6 7 41 55 54 17 6 48 36 53 55 35 2 2 53 53 55 37 46 5 46 7 59 53 54 35 54 45 6 7 46 24 18 55 47 59 54 51 37 14 0 8 7 0 7 28 7 7
split_gain=69.8117 16.318 11.7755 7.29698 15.0261 6.42517 11.1528 5.73621 5.03322 4.94925 4.67889 4.66807 4.34694 11.3392 5.09668 5.8153 4.56068 7.08879 6.22136 5.10334 8.42507 4.19767 3.7606 3.35236 3.09712 2.5831 6.43405 4.13348 5.30147 19.3759 6.82116 4.76608 13.7937 3.5683 3.9766 2.43726 3.39789 2.27117 2.26977 2.24472 2.18816 2.14589 2.08762 1.91515 2.30757 1.9142 1.89998 1.88556 1.8 1.72499 2.02848 1.86455 2.33486 2.52718 1.74234 1.60525 1.74666 2.32137 2.36591 1.46462 1.39054 1.33086 1.26922 1.21833 1.1794 1.17775 0.92 0.864523 0.838564 0.836866 0.64145 0.623117 0.534984 0.529218 0.236033 0.209306
threshold=22.565940925000003 24.333320500000003 21.428002500000002 23.187390500000003 0.7455710384563593 0 5.5083333333333337 5.7500000000000009 22.232296000000002 22.160709250000004 0.58006743897434399 0.2275427754782077 6.9109285000000016 1.5000000000000002 23.282606000000005 0.69445790204590152 23.673179500000003 14.500000000000002 0.42715398346603933 22.500000000000004 12.500000000000002 0.56771749948525618 21.689771500000003 24.803481000000001 24.980954500000003 9.5000000000000018 10.500000000000002 54.500000000000007 12.500000000000002 43.500000000000007 22.420665000000003 0.48899225310027428 0.56771749948525618 4.0216480000000017 7.5000000000000009 23.443721200000002 23.421100000000006 0.10818303734186711 0.33614421500128971 21.958210000000005 5.5522575000000005 7.9570635000000012 0.3729030354623844 0.17409312760824724 0.21529165077294157 22.010888000000005 22.362836750000003 0.43629400000000002 22.823624500000005 50.500000000000007 5.491666666666668 0.42992032087492899 0.25851238685535854 21.430624000000005 0.1827965194014364 21.171599500000003 16.500000000000004 13.500000000000002 21.482461000000004 22.731550500000001 22.208238000000005 0.12673387632438862 23.784559500000004 5.0083333333333337 0.17615043508787345 22.954593300000003 21.569567000000003 7.5259938362397838 1 1.5000000000000002 36.500000000000007 2 40.500000000000007 21.109830000000006 17.500000000000004 34.500000000000007
decision_type=2 2 2 2 2 9 2 2 2 2 2 2 2 2 2 2 2 2 2 2 2 2 2 2 2 2 2 2 2 2 2 2 2 8 2 2 2 2 2 2 2 2 2 2 2 2 2 2 2 2 2 2 2 2 2 2 2 2 2 2 2 2 2 2 2 2 2 8 9 2 2 9 2 2 2 2
left_child=2 5 47 -3 11 6 9 22 -9 -2 35 24 13 -11 15 21 17 -16 -19 -18 -21 42 39 -13 -5 33 43 28 29 30 -28 38 -33 60 -35 36 37 -7 -30 55 -26 -12 -14 44 -27 -29 -39 -1 59 50 51 52 69 -54 -52 -4 57 66 -59 -48 -24 75 67 -60 73 -50 -57 -37 -41 -49 -45 72 -71 -51 -73 -58
right_child=1 3 7 4 -6 10 -8 8 -10 12 41 23 14 -15 16 -17 19 18 -20 20 -22 -23 25 -25 40 26 27 45 31 -31 -32 32 -34 34 -36 62 -38 46 -40 68 -42 -43 -44 70 -46 -47 48 49 65 64 54 -53 53 -55 -56 56 61 58 63 -61 -62 -63 -64 -65 -66 -67 -68 -69 -70 71 -72 74 -74 -75 -76 -77
leaf_value=-0.0071048765732359158 0.0094359549384761838 -0.0012871618641943838 -0.0061717447933981586 0.0052455693138928911 0.019152716764852879 -0.0032060352507834074 0.012614697510015231 0.0072071547074666377 -0.0022695519359869892 0.015060681529382293 -0.0075979194168022133 0.0064445774203451753 0.0016172998250261281 -0.00074031275838500141 0.014357067298582339 -0.0069554039518627273 -0.0023476862750383084 -0.00083469248606726613 0.0096276774598353671 0.00041661296245619852 0.011992801696663046 0.0070294644782057884 0.0013943506604131976 -0.00056621904856638341 0.0081235618580430876 -0.006309509130608449 -0.0018104288426763226 -0.0079593558243567838 -0.0010191559413851117 0.015167797260904052 0.0061301254303405325 0.010448590700544155 -0.0055634636763881454 0.00042984147959193337 0.0082135787522990538 0.0027443511993154538 -0.0038818147296389633 0.0057587824145915699 -0.0039622553509984235 -0.0081299340912651119 0.014894559249171064 -0.00082094191278049274 -0.0017262690868054759 -0.0053869266330785611 0.00051897702613752422 -0.0015729141016096893 0.0017588236976543523 -0.00075116168886769159 0.0046784403947541303 -0.0059692838542297561 -0.0032246331867241181 -0.0072252577090701191 0.003096962920291684 -0.0038136779262616305 0.0027374190312208016 -0.0060392716712303583 -0.0017238346605382871 0.0034895294949224146 -0.0025997158419067429 -0.0029056501085256109 -0.0038163205624956722 -0.0068375975134762823 0.00064654382120306005 0.001514379358711135 -0.008095632792698931 0.0010322772172944739 -0.0016712528248921256 0.0067101659471091217 -0.0032548569407270548 -0.004707285106843399 -0.0090902854412237659 -0.001808418407152739 -0.0027034366589638982 -0.0027276459385181698 -0.0033303367006720795 -0.0033302967313889697
leaf_weight=338 242 203 206 306 246 223 278 351 200 205 202 349 1293 208 204 214 397 287 235 398 223 255 203 279 217 211 1041 230 3072 225 322 277 219 332 271 219 337 249 739 201 217 224 632 227 241 199 290 218 375 201 208 272 264 221 240 207 396 368 481 324 273 202 216 248 267 435 233 291 212 1630 200 381 372 266 591 345
leaf_count=338 242 203 206 306 246 223 278 351 200 205 202 349 1293 208 204 214 397 287 235 398 223 255 203 279 217 211 1041 230 3072 225 322 277 219 332 271 219 337 249 739 201 217 224 632 227 241 199 290 218 375 201 208 272 264 221 240 207 396 368 481 324 273 202 216 248 267 435 233 291 212 1630 200 381 372 266 591 345
internal_value=1.64867e-05 0.00313318 -0.00182351 0.00723255 0.00830411 0.00225232 0.00332376 -0.000983803 0.00376733 0.00279181 0.000635511 0.00635326 0.00243851 0.0071028 0.00197298 0.000544788 0.00393347 0.00682065 0.00387538 0.00187444 0.0045736 0.00128105 -0.00121382 0.00332991 0.00891903 -0.000683663 -0.00100956 -0.000478298 -0.000149464 0.00220529 6.54768e-05 -0.00101767 0.00337875 0.00149192 0.00392801 0.00130998 0.000529738 0.00131386 -0.00158986 -0.00263067 0.0115091 -0.00403444 0.000519567 -0.00483177 -0.00266866 -0.00499688 0.00191633 -0.00365554 0.00124444 -0.00342832 -0.00307114 -0.00341607 -0.00313429 -5.20098e-05 -3.06768e-05 -0.00212749 -0.00179156 -0.000800444 0.000373063 -0.00070256 -0.00159412 -0.00340699 0.00370982 -0.00120013 -0.00556801 0.00272032 -0.00372621 0.0050072 -0.00590314 -0.00360261 -0.00712152 -0.00381163 -0.0043134 -0.00412287 -0.00270594 -0.00247178
internal_weight=27674 10273 17401 1817 1614 8456 5071 11932 551 4793 3385 1368 4551 413 4138 2394 1744 726 522 1018 621 2180 11381 628 740 8282 7203 6324 5895 1588 1363 4307 496 1079 603 2959 2233 1896 3811 3099 434 426 1925 879 452 429 1673 5469 1424 5131 4397 3949 3677 485 448 2686 2480 1537 1097 614 476 943 726 729 734 810 440 510 413 3192 427 2974 2002 467 972 741
internal_count=27674 10273 17401 1817 1614 8456 5071 11932 551 4793 3385 1368 4551 413 4138 2394 1744 726 522 1018 621 2180 11381 628 740 8282 7203 6324 5895 1588 1363 4307 496 1079 603 2959 2233 1896 3811 3099 434 426 1925 879 452 429 1673 5469 1424 5131 4397 3949 3677 485 448 2686 2480 1537 1097 614 476 943 726 729 734 810 440 510 413 3192 427 2974 2002 467 972 741
cat_boundaries=0 1 2 3
cat_threshold=2122 4110 4161
is_linear=0
shrinkage=0.047679


Tree=59
num_leaves=72
num_cat=7
split_feature=9 18 53 55 0 59 6 0 55 52 0 6 51 42 53 53 53 7 7 22 43 49 6 53 45 52 6 15 10 7 0 45 6 7 7 48 52 0 31 43 48 14 50 55 55 17 6 39 45 55 22 43 14 56 52 31 55 28 6 7 7 59 0 9 17 40 0 7 45 3 26
split_gain=61.7766 24.4771 10.4475 7.61405 7.45168 6.52138 6.66398 6.17402 19.132 6.68349 5.5742 5.32447 4.61134 6.24943 7.91954 5.73632 4.49725 4.38054 4.32006 4.29262 7.36403 3.97196 3.51471 5.50589 3.20105 3.12945 3.45722 5.72832 3.12135 2.99913 3.59434 2.64945 2.51664 2.50039 4.26847 5.41938 2.42263 2.38067 2.09558 2.39671 2.13048 2.12932 2.08366 2.07799 4.36805 2.01573 1.96932 2.45741 2.21763 3.26793 1.89914 1.81153 1.58103 2.33497 1.96089 1.77297 1.20478 1.74521 2.49327 7.98789 1.6692 1.01189 0.938102 0.800253 1.02202 0.965536 0.738528 0.253226 0.182361 0.2981 0.0714368
threshold=23.585904000000003 22.069412000000003 0.86803857477165003 0.80302497319457766 0 5.491666666666668 13.500000000000002 1 0.55938100452525297 0.74864128666559981 2 9.5000000000000018 24.285614633333338 24.494876500000004 0.376592244676201 0.1979308547627168 0.56345664989693833 50.500000000000007 43.500000000000007 23.950580500000004 23.498915000000004 23.031778600000003 11.500000000000002 0.22749683734645729 22.200508000000003 0.17803689773143075 12.500000000000002 2.0874846844487873 1.5000000000000002 11.500000000000002 3 22.774778500000004 7.5000000000000009 7.5000000000000009 21.500000000000004 22.674847600000003 0.20073929424537493 4 23.140064750000004 22.964962000000003 23.468430800000004 7.1786551413659696 23.296071312500008 0.4448682292428901 0.28216842758104305 1.7871110000000003 16.500000000000004 21.394098000000003 21.926108500000005 0.15024538485240363 23.121442000000005 21.923615500000004 4.6373966724522022 0.095849499999999935 0.41735834117026044 22.326757500000003 0.60633027475708434 22.278705500000004 11.500000000000002 42.500000000000007 47.500000000000007 5.7500000000000009 5 20.973378500000006 1.5278045000000005 20.894783500000003 6 17.500000000000004 21.416520000000002 5.0075535000000011 21.335068500000002
decision_type=2 2 2 2 9 2 2 9 2 2 9 2 2 2 2 2 2 2 2 2 2 2 2 2 2 2 2 10 2 2 9 2 2 2 2 2 2 9 2 2 2 8 2 2 2 10 2 2 2 2 2 2 10 2 2 2 2 2 2 2 2 2 9 2 10 2 9 2 2 2 2
left_child=1 10 4 7 5 6 12 8 17 21 11 -1 19 -14 15 -15 28 18 33 20 -2 22 23 29 51 45 27 -27 43 -9 -31 -28 -12 -3 35 -35 -26 42 39 -39 41 -40 -23 44 -6 62 47 -13 49 66 -36 -25 54 -54 55 61 57 58 59 -49 -60 63 -24 65 -65 -34 68 -68 -48 -70 -69
right_child=2 3 -4 -5 16 -7 -8 9 -10 -11 32 46 13 14 -16 -17 -18 -19 -20 -21 -22 37 25 24 36 26 31 -29 -30 30 -32 -33 52 34 50 -37 -38 38 40 -41 -42 -43 -44 -45 -46 -47 48 56 -50 -51 -52 -53 53 -55 -56 -57 -58 -59 60 -61 -62 -63 -64 64 -66 -67 67 70 69 -71 -72
leaf_value=0.0051067154157138995 0.012304192081090164 -0.0036766175726120256 0.015771501984321278 -0.0060289546105559318 0.0050706684727588906 0.013402441251882096 -0.0011233252201562308 -0.0043787586179024453 0.012965952754236837 -0.0064177201956486926 0.0014366925642819068 0.0037778983101606849 0.016327624297839544 0.0063079026575361841 5.1155738106055809e-05 0.016207996240297503 -0.0045220179225190157 -0.0047316843196958218 0.0085114897074575705 -0.0013936645158072461 0.00014248242565605823 0.0028828889717861196 -0.0017673750612839504 -0.0038256370379806956 -0.0015692494118164984 6.1878867914171473e-05 -4.0045643408986192e-05 0.010809518370620923 0.0080901251184232314 0.0056388291642434606 -0.00015175750159545143 0.0042717234239429804 -0.003939637095940177 0.0011508298886634459 -0.0021522905960812393 0.0114886880997106 -0.0078398484183855154 0.0047594924943807678 0.010720786452426178 -0.0019801688054829985 0.0021344418971798057 0.0042801776516185365 -0.0035778303805679909 0.0057470230306224598 -0.0034991800515415919 -0.0046014787657590837 -0.00040292079255760605 -0.0027443454356657006 0.0014969151771219704 -0.0079564599747572393 0.0030268727680002666 0.0024387425457894902 -0.0035038273895300768 0.002592689541572693 -0.0071582303867557314 0.00078751807362007463 -0.004417730592018965 0.0020593518480240087 -0.0016569795642820265 0.0072797614178102873 -0.0051626140090999398 -0.00052978651718853839 0.00072361916093889307 -0.0031457549122743934 -0.0061678142018926499 -0.0064091628578953836 -0.0023206690886435439 -0.0036063973953260366 -0.0025539770167860246 -0.00049703141033162815 -0.0047310840578540393
leaf_weight=278 239 208 221 368 241 289 277 221 378 318 239 232 205 339 255 219 200 246 208 235 215 230 432 205 201 206 1107 249 237 348 770 458 1104 274 462 199 462 235 222 245 290 246 224 220 308 224 224 500 249 290 247 215 388 226 371 204 259 367 1793 283 373 212 1537 2687 281 534 220 225 544 227 299
leaf_count=278 239 208 221 368 241 289 277 221 378 318 239 232 205 339 255 219 200 246 208 235 215 230 432 205 201 206 1107 249 237 348 770 458 1104 274 462 199 462 235 222 245 290 246 224 220 308 224 224 500 249 290 247 215 388 226 371 204 259 367 1793 283 373 212 1537 2687 281 534 220 225 544 227 299
internal_value=-1.28611e-05 -0.000902343 0.00571925 0.000716003 0.00508069 0.00668161 0.0057363 0.000944414 0.00317995 0.000365719 -0.00234434 -0.00134388 0.00684943 0.00888816 0.00701227 0.0101934 0.00199144 0.00119117 0.00210295 0.00383719 0.00654479 0.000625211 9.93569e-05 -0.00134795 -0.00387568 0.000931395 0.00228537 0.00594356 0.00330615 0.000696508 0.00169976 0.0012218 -0.00335601 0.00114397 0.00199227 0.00550016 -0.00593881 0.00268729 0.00375422 0.00131946 0.00534555 0.00733534 -0.00029821 0.00183177 0.000262812 -0.000315765 -0.00164079 -0.000977294 -0.00274964 -0.00327077 -0.000347984 -0.000618872 -0.00355228 -0.00125983 -0.00381328 -0.00356617 -0.00128588 -0.00104127 -0.00142713 0.000878672 -0.00226067 -0.00375051 0.000171792 -0.00389875 -0.00343187 -0.00474472 -0.00248938 -0.00362942 -0.00158452 -0.00194837 -0.00424816
internal_weight=27544 23844 3700 11235 3479 2273 1984 10867 2222 8645 12609 6363 1707 1018 813 558 1206 1844 1598 689 454 8327 6635 2422 1083 4213 2020 455 1006 1339 1118 1565 6246 1390 1182 473 663 1692 1238 480 758 468 454 769 549 2193 6085 3807 2278 2029 709 420 6007 614 5393 5022 3575 3316 2949 783 2166 4818 1969 4606 2968 1638 1739 744 995 771 524
internal_count=27544 23844 3700 11235 3479 2273 1984 10867 2222 8645 12609 6363 1707 1018 813 558 1206 1844 1598 689 454 8327 6635 2422 1083 4213 2020 455 1006 1339 1118 1565 6246 1390 1182 473 663 1692 1238 480 758 468 454 769 549 2193 6085 3807 2278 2029 709 420 6007 614 5393 5022 3575 3316 2949 783 2166 4818 1969 4606 2968 1638 1739 744 995 771 524
cat_boundaries=0 1 2 3 4 5 6 7
cat_threshold=7104 2240 3086 8202 4356 8194 14
is_linear=0
shrinkage=0.047679


Tree=60
num_leaves=68
num_cat=4
split_feature=9 19 9 0 27 14 47 51 19 0 59 53 16 51 52 53 54 54 55 7 25 51 54 38 55 7 6 17 55 55 16 55 32 9 55 29 47 51 48 6 0 59 7 7 42 47 47 14 26 53 38 21 59 55 55 0 53 16 55 7 48 9 35 29 6 39 25
split_gain=51.3077 22.312 11.2663 5.41505 5.91389 8.31809 7.29714 5.70255 5.12217 4.65214 4.84959 4.57362 4.34057 3.625 3.77185 3.48318 7.71698 9.18005 8.10551 4.77054 4.46135 3.27665 3.09753 3.34322 3.0627 2.79853 5.25742 5.35999 4.38683 4.5375 2.44802 2.11688 2.27663 2.28834 2.18242 2.17214 2.06857 3.11799 2.52841 1.81496 3.92525 1.84822 1.77884 1.64963 1.60648 2.24775 2.35292 2.48551 1.79886 1.42486 1.39512 1.2967 1.23299 1.22078 1.19157 1.17425 1.1417 1.22433 1.02608 1.4261 0.983887 0.839265 0.821409 0.719227 0.823226 0.28735 0.122985
threshold=23.609067500000005 22.093372500000005 26.061347000000001 0 23.244232000000004 1.9481772301241205 23.529112000000001 24.285614633333338 21.396222000000005 1 5.991666666666668 0.41280666162319452 -6.1843184999999989 24.677041366666671 0.249810330347955 0.67202509117516762 0.54481379803418595 0.69445790204590152 0.58215133322089907 50.500000000000007 22.978827500000005 25.300410650000003 0.5994974059235253 23.888470000000002 0.46946264212701028 12.500000000000002 12.500000000000002 -0.39692450000000007 0.50120359410906279 0.2768050196163277 -0.4922654999999993 0.73907945381904694 22.642500000000002 22.484653500000004 0.50120359410906279 21.984243500000002 21.986261000000002 22.887727375000001 22.630609600000003 12.500000000000002 2 5.491666666666668 30.500000000000004 22.500000000000004 23.620333500000005 22.920662000000004 22.523785500000006 4.2454645520507084 22.805817500000003 0.16089590458481531 21.910199500000004 22.703978250000002 5.491666666666668 0.15945644759776514 0.21005368369153557 3 0.42113897111367138 4.5839045000000009 0.347851815988166 25.500000000000004 22.813629050000003 20.810913000000003 21.919178000000006 20.833931000000003 15.500000000000002 20.855276000000003 20.776391000000004
decision_type=2 2 2 9 2 8 2 2 2 9 2 2 8 2 2 2 2 2 2 2 2 2 2 2 2 2 2 10 2 2 10 2 2 2 2 2 2 2 2 2 9 2 2 2 2 2 2 10 2 2 2 2 2 2 2 9 2 8 2 2 2 2 2 2 2 2 2
left_child=1 8 3 4 -2 -6 -7 -8 50 10 15 12 -11 -9 21 16 19 18 -18 25 -17 -15 23 24 42 26 51 -28 29 -27 49 32 33 34 39 -36 -13 38 -38 40 43 -42 -5 -10 45 46 47 55 -47 -21 52 -3 56 -48 -54 -14 57 -1 59 -41 -55 65 -60 -63 -65 66 -59
right_child=2 9 -4 22 5 6 7 13 31 11 -12 36 44 14 -16 20 17 -19 -20 30 -22 -23 -24 -25 -26 28 27 -29 -30 -31 -32 -33 -34 -35 35 -37 37 -39 -40 58 41 -43 -44 -45 -46 48 53 -49 -50 -51 -52 -53 54 60 -56 -57 -58 61 62 -61 -62 63 -64 64 -66 -67 -68
leaf_value=5.8506837755658619e-06 0.013973420113797833 -0.0021525338772500468 0.015786635277437306 0.005440428727267352 -0.001725490231099834 0.014266911020545102 -0.0017024497008194164 0.011549669096580473 0.00077412798965092696 0.0071545742261616861 0.0082731898256217188 -0.0062107130311178736 0.0010752212332197581 0.0039767762195623418 0.0012487826445246807 0.0022680109261997237 0.0035674966261128533 -0.0012774503103435721 0.016218217908767221 -0.0019682913457123325 -0.0071244860947059516 0.012462698076666175 -0.0030101223261207771 -0.00075066961659713872 0.0094432707245387 0.0040167448739708558 -0.0007666301341255411 0.0082429139603361692 0.0082090509716384874 0.00012256732580513224 0.0014042496229781487 -0.0060793106592536145 0.0024189885865944639 -0.0058333435600812595 0.0046703033206889075 -0.0017021150457876594 -0.0029226579239461058 -0.0050599865748525222 0.0038083539501672595 -0.00083259473773553052 -0.0020726194304859186 0.0021446338663203665 -0.00010649692263873401 0.0068378722520512436 -0.0033873559066365127 9.8613801271753903e-05 0.00069333864579783095 0.00462859937291305 0.0049249851495987741 -0.0074653601051630908 -0.006952697356685484 -0.007223695626889166 -0.0030814953808493248 -0.0021113814912755917 0.0016620501846935471 -0.0015932164177755747 -0.0067362837937484342 -0.0047531519377815865 -0.006278137652893279 -0.002667248825950915 -0.0061852853393081549 -0.00095283317564056128 -0.0020916806135560513 -0.0042244339066274793 -0.002570406692602585 -0.0062683880012522567 -0.0033577660384990341
leaf_weight=245 201 265 219 292 312 250 216 271 202 207 237 321 814 212 324 219 218 238 244 200 242 202 216 334 239 1172 451 225 262 1621 206 216 358 264 266 224 237 372 273 1715 1483 281 239 206 284 322 205 298 386 231 235 202 263 373 222 678 227 417 228 2197 211 318 200 1291 1455 221 219
leaf_count=245 201 265 219 292 312 250 216 271 202 207 237 321 814 212 324 219 218 238 244 200 242 202 216 334 239 1172 451 225 262 1621 206 216 358 264 266 224 237 372 273 1715 1483 281 239 206 284 322 205 298 386 231 235 202 263 373 222 678 227 417 228 2197 211 318 200 1291 1455 221 219
internal_value=-5.84286e-05 -0.00084243 0.00531355 0.0046202 0.0061884 0.00534738 0.00684347 0.00532848 -0.0021904 0.000714575 0.00158125 -0.000372369 0.000442153 0.00683361 0.00510183 0.00131938 0.00165103 0.0063299 0.0102488 0.000973629 -0.00266254 0.00811725 0.00219488 0.00323313 0.00496116 0.00155702 -0.000455558 0.00223211 0.00231001 0.00175664 -0.00287109 -0.00142472 -0.00129285 -0.00147573 -0.00131143 0.0017572 -0.00293345 -0.00174071 0.000680413 -0.00154233 -0.000417162 -0.00139293 0.00294379 0.00374396 5.30536e-05 0.000350309 -0.00030296 0.000653169 0.00272994 -0.00491452 -0.00336446 -0.00434606 -0.00319159 -0.00247213 -0.000910223 -0.000140852 -0.00344346 -0.00326404 -0.00210544 -0.00186295 -0.00358329 -0.00346835 -0.00432185 -0.00309944 -0.00334803 -0.00478732 -0.00427267
internal_weight=27694 24167 3527 3308 1988 1787 1475 1225 12953 11214 6233 4981 3778 1009 738 5996 5535 700 462 4835 461 414 1320 1104 770 4198 1143 676 3055 2793 637 7840 7624 7266 7002 490 1203 882 510 6512 2172 1764 531 408 3571 3287 2579 1790 708 431 5113 467 4878 789 485 1492 4393 4166 4340 3912 584 3921 428 3064 2746 857 636
internal_count=27694 24167 3527 3308 1988 1787 1475 1225 12953 11214 6233 4981 3778 1009 738 5996 5535 700 462 4835 461 414 1320 1104 770 4198 1143 676 3055 2793 637 7840 7624 7266 7002 490 1203 882 510 6512 2172 1764 531 408 3571 3287 2579 1790 708 431 5113 467 4878 789 485 1492 4393 4166 4340 3912 584 3921 428 3064 2746 857 636
cat_boundaries=0 1 2 3 4
cat_threshold=2496 10314 11264 5
is_linear=0
shrinkage=0.047679


Tree=61
num_leaves=79
num_cat=7
split_feature=30 9 54 48 10 16 6 0 16 49 52 16 9 29 54 6 59 44 35 6 59 20 29 59 14 0 14 55 37 47 50 55 47 40 51 46 23 0 0 6 24 37 0 6 6 16 0 38 16 51 55 33 26 54 52 24 49 43 32 23 3 54 19 6 49 19 52 50 0 56 40 52 39 52 52 44 45 32
split_gain=53.8141 17.4051 13.5772 10.9586 7.23064 7.01451 6.45251 8.90671 5.2826 4.66668 4.64636 5.20837 4.30075 4.68157 4.33903 7.78625 4.27243 4.24725 3.84711 3.75551 3.76802 3.30354 3.25001 3.22432 3.19904 3.20571 3.11511 7.6028 4.35184 4.46283 3.94701 3.68593 3.0196 2.6453 2.40926 2.4857 2.32018 2.80317 2.28614 3.04908 2.1022 3.15498 2.04639 3.85822 1.98045 1.87864 1.8001 1.79282 1.69023 1.63477 1.62091 1.61559 1.60414 1.57428 1.56766 1.89716 1.54666 1.54664 1.50964 1.44406 1.35756 1.55569 1.3322 1.20519 1.15166 1.13768 1.09919 1.09088 1.00043 0.956345 1.25267 0.896936 0.827427 0.721076 1.04055 1.08398 0.668443 0.621659
threshold=22.652474500000004 24.463470500000003 0.77881229776830396 21.545551100000001 1.5000000000000002 3.4912220000000005 9.5000000000000018 0 -0.672435 22.893341800000005 0.23125937682513328 -0.72587450000000009 23.275083000000006 24.289528000000004 0.3510583048737112 11.500000000000002 5.0083333333333337 22.804691500000001 22.183817000000005 10.500000000000002 5.5083333333333337 22.940124500000007 22.202641000000003 5.5083333333333337 6.0537754145824643 1 5.1495091118148162 0.61754402514682971 23.209832000000002 23.413556000000003 23.345547425000003 0.51883289727848603 23.944196500000004 21.912427250000004 25.300410650000003 24.570826500000003 22.486150500000004 2 3 11.500000000000002 22.231053500000005 22.358737000000001 4 13.500000000000002 9.5000000000000018 -4.3677054999999987 5 21.989871000000004 -1.1001620000000008 22.901734191666673 0.55005033268571224 21.869611000000003 23.189040500000001 0.19207949845905972 0.1713499410864463 21.901100000000003 22.196868250000005 22.804691500000001 21.131704500000005 23.165564500000002 2.7871270000000004 0.2304295242803728 21.280633000000005 11.500000000000002 23.641672400000001 21.9278285 0.32850783331092154 22.218211537500004 6 0.068294499999998606 22.913921500000004 0.023654814779131342 22.398684500000005 0.039942593470324722 0.1412646071337306 20.935378000000004 20.876006000000004 21.359949500000003
decision_type=2 2 2 2 2 8 2 9 10 2 2 10 2 2 2 2 2 2 2 2 2 2 2 2 8 9 8 2 2 2 2 2 2 2 2 2 2 9 9 2 2 2 9 2 2 10 9 2 10 2 2 2 2 2 2 2 2 2 2 2 2 2 2 2 2 2 2 2 9 2 2 2 2 2 2 2 2 2
left_child=3 12 10 47 5 9 7 -7 -6 18 34 50 13 14 38 21 24 -18 36 46 22 57 54 26 49 -26 28 30 59 -30 -28 32 -31 -10 35 -3 37 65 52 53 41 -24 43 -20 64 -39 -8 58 -47 -17 -12 -9 69 -40 63 -56 -53 -16 73 -14 77 71 -63 -21 -32 -5 -27 -48 -42 70 -2 -62 -44 76 -75 -76 -1 -60
right_child=1 2 -4 4 8 6 19 51 33 -11 11 -13 23 -15 15 16 17 -19 42 20 -22 -23 40 -25 25 66 27 -29 29 31 44 -33 -34 -35 -36 -37 -38 45 39 -41 68 -43 72 -45 -46 48 67 -49 -50 -51 -52 56 -54 -55 55 -57 -58 -59 60 -61 61 62 -64 -65 -66 -67 -68 -69 -70 -71 -72 -73 -74 74 75 -77 -78 -79
leaf_value=-0.0038597870144576689 0.00084949694931573717 0.0099787896309934884 0.019162431246384944 -0.004042899902728909 0.0079136945979687359 0.011642516651326486 -0.0071377403264444514 0.0045085796331272316 0.004911444402330164 -0.0090622255059121942 0.0089686824977540693 -0.003382875683288062 0.00067739996700624425 -0.0058404878674859165 -0.0057176227537668479 0.0090927386611065059 0.0041340745404767204 0.013367513655553886 0.0044828506513893383 0.00035938385494874506 0.0059315573217989031 0.0030966390430607542 0.00077820093235632588 0.0085327245822978716 -0.0034849837976122567 0.0010645433950462076 0.0089312599844750627 0.012793494813457111 0.0081288849697299381 -0.00049204703771217639 0.00055797950264306574 -0.0042697506514511345 0.0076519301193493988 -0.001944349179203069 0.01191674632213564 0.0028165076783383414 -0.0085965207380332819 -0.0051477071645659907 0.0029575417500428492 -0.006294733860064519 -0.0015625118423048467 0.0081095899147696354 -0.00051876266687750437 -0.0030811741644362705 -0.0012925298700887627 0.0035965474669997412 -3.848918648861048e-05 -0.0067051554768636397 -0.0019657416032759899 0.0035096645565709287 0.0029282513677603168 -0.0036919025930119164 0.0049223485469869132 -0.0023374728580911378 0.0024026458548995835 -0.0016774197896029862 0.0015932331029509294 -0.00057076384381695377 -0.0029258101152414653 -0.0046741860875883032 0.00036472753260998684 -0.0017758927574573751 0.0027080463093929262 -0.0022240810539762897 0.0049310222313591829 -0.0090234436907460792 0.0058331131383136843 -0.0045119693502064552 0.00096696905509853113 0.002831674876883291 -0.0033549012765471623 -0.0026236884821640655 -0.0046488840241732492 -0.0048853490451176073 0.00017240963786830253 -0.00451492762019027 -0.00068822383092591376 -0.0058362666952201459
leaf_weight=313 503 214 203 219 369 221 249 199 201 261 204 203 205 205 262 235 226 227 389 485 212 308 366 266 220 213 213 219 299 206 214 201 208 352 285 227 214 213 228 265 540 210 204 253 321 201 266 282 325 242 200 211 215 290 505 532 312 269 391 260 253 317 287 2672 380 199 227 232 995 267 237 2340 240 1364 218 231 292 291
leaf_count=313 503 214 203 219 369 221 249 199 201 261 204 203 205 205 262 235 226 227 389 485 212 308 366 266 220 213 213 219 299 206 214 201 208 352 285 227 214 213 228 265 540 210 204 253 321 201 266 282 325 242 200 211 215 290 505 532 312 269 391 260 253 317 287 2672 380 199 227 232 995 267 237 2340 240 1364 218 231 292 291
internal_value=5.95908e-05 0.00304482 0.00767552 -0.00142557 -0.00055908 -0.000901269 -0.000206008 0.00350448 0.0034956 -0.00300061 0.0059262 0.00284768 0.00211273 0.00120371 0.00152938 0.00288448 0.0048454 0.00876099 -0.0023567 -0.000687698 -0.00032066 -0.00083169 -0.000530886 0.00352215 0.00328536 0.00113533 0.00303322 0.00466402 0.00144027 0.00335072 0.00308569 0.00102768 0.00359961 0.000547541 0.00850012 0.00629209 -0.00403584 -0.00319229 -0.000112272 -0.00210801 0.000994912 0.00345111 -0.000236896 0.00147898 0.00172491 -0.0013517 -0.00388981 -0.00298589 0.000159772 0.00626024 0.00597837 0.000840581 0.00117415 -6.84842e-06 -0.00129888 0.000309498 -0.000539012 -0.00311027 -0.00281933 -0.00231489 -0.00223647 -0.00182449 0.000354721 -0.00182719 0.00335555 -0.00626416 0.00344637 -0.00208074 7.32393e-05 0.000385544 -0.000497047 -0.00233211 -0.00269066 -0.00375437 -0.00422999 -0.00223912 -0.00232905 -0.00416766
internal_weight=27593 9167 1536 18426 11847 10925 8207 943 922 2718 1333 607 7631 4639 4434 2429 1590 453 2457 7264 6517 839 6305 2992 1137 660 2726 1347 1379 914 1128 615 414 553 726 441 1371 1157 2005 783 2111 576 1086 642 915 739 747 6579 526 477 404 722 1222 518 4194 1037 523 531 6297 465 3879 3197 604 3157 594 418 440 498 1535 1007 740 2593 444 2418 1813 449 605 682
internal_count=27593 9167 1536 18426 11847 10925 8207 943 922 2718 1333 607 7631 4639 4434 2429 1590 453 2457 7264 6517 839 6305 2992 1137 660 2726 1347 1379 914 1128 615 414 553 726 441 1371 1157 2005 783 2111 576 1086 642 915 739 747 6579 526 477 404 722 1222 518 4194 1037 523 531 6297 465 3879 3197 604 3157 594 418 440 498 1535 1007 740 2593 444 2418 1813 449 605 682
cat_boundaries=0 1 2 3 4 5 6 7
cat_threshold=2120 3073 14848 1165 7234 2563 2308
is_linear=0
shrinkage=0.047679


Tree=62
num_leaves=79
num_cat=7
split_feature=19 0 59 7 47 37 51 55 55 41 0 54 54 53 18 43 51 15 53 19 25 52 50 28 2 53 14 7 29 54 53 38 14 2 43 38 16 7 3 56 52 0 51 15 25 53 55 47 29 7 52 52 43 7 29 36 28 31 21 7 52 0 0 53 51 30 55 19 14 36 41 0 26 54 2 52 0 7
split_gain=44.3292 14.2373 10.338 11.895 9.84328 5.80699 12.0265 7.56929 5.98511 4.79472 4.34197 3.62366 3.53555 7.8808 3.33301 2.86196 4.03357 3.35923 6.02895 4.71959 2.8412 3.76442 3.41635 3.59461 2.81892 2.74242 4.16389 3.60516 3.20671 3.01645 3.516 3.13877 2.70676 2.52477 2.23592 2.23316 2.22402 1.86652 1.92644 1.86457 1.85508 1.96565 1.80924 1.95531 1.78285 1.71374 1.63537 1.96987 1.61349 1.54958 1.51339 1.68883 1.43643 1.33736 1.33043 1.87376 1.48216 1.25587 1.53822 1.08104 1.0309 1.3413 1.02988 1.02685 1.02637 1.03497 1.01341 0.949565 1.49917 0.946629 0.91504 0.828377 0.775231 0.756248 0.827664 0.750567 0.711128 0.962135
threshold=22.585751500000004 0 5.491666666666668 33.500000000000007 21.702723500000005 22.657796000000005 22.649307058333338 0.72866757963494699 0.19748193150868179 24.195696000000002 1 0.61433241710291886 0.3731208011021529 0.24462388269606553 22.329507500000002 23.195265500000005 23.175906233333336 3.7643545656593536 0.42992032087492899 23.421043500000007 22.771786500000001 0.35176166833669287 22.574961062500005 22.311674500000002 5.5522575000000005 0.57175339872420206 4.3554753321319151 41.500000000000007 22.886981000000002 0.41748541101192355 0.35107514265194589 23.929900000000004 6.6352347606062008 2.4207095000000005 22.884336500000003 23.236799500000004 -2.1021784999999986 49.500000000000007 0.43629400000000002 0.12342850000000107 0.11576391274265728 2 21.203347650000001 4.6266605980877946 22.119891000000003 0.57175339872420206 0.347851815988166 23.060962000000004 22.593312500000003 14.500000000000002 0.028522530966771049 0.080351965346057166 21.885403500000006 23.500000000000004 22.616749500000001 22.516787500000003 22.201505000000001 21.689771500000003 21.642725000000002 13.500000000000002 0.039942593470324722 3 4 0.43848299203846364 22.697424783333336 22.677119000000001 0.30933344666679047 21.560403000000004 3.2432879668353385 22.217337500000003 21.583336000000003 5 20.998285000000003 0.17615043508787345 9.249916500000003 0.29954626019651609 6 31.500000000000004
decision_type=2 9 2 2 2 2 2 2 2 2 9 2 2 2 2 2 2 8 2 2 2 2 2 2 2 2 10 2 2 2 2 2 8 2 2 2 8 2 2 2 2 9 2 10 2 2 2 2 2 2 2 2 2 2 2 2 2 2 2 2 2 9 9 2 2 2 2 2 8 2 2 9 2 2 2 2 9 2
left_child=4 2 5 -4 11 6 -2 8 24 -9 12 14 39 -14 37 16 -10 18 -17 -19 22 -22 23 -15 -7 28 27 -27 34 31 -31 36 -21 -12 44 -32 -30 38 -1 50 59 -42 -43 -44 -3 57 47 -38 -36 -41 -6 52 -52 -48 55 56 -53 58 70 -40 62 -62 -61 75 65 67 72 -59 -69 -51 -35 -49 -39 74 -54 76 -46 -78
right_child=1 25 3 -5 10 7 -8 9 15 -11 33 -13 13 20 -16 17 -18 19 -20 32 21 -23 -24 -25 -26 26 -28 -29 29 30 35 -33 -34 45 48 -37 46 66 40 49 41 42 43 -45 63 -47 53 71 -50 69 51 54 73 -55 -56 -57 -58 64 -60 60 61 -63 -64 -65 -66 -67 -68 68 -70 -71 -72 -73 -74 -75 -76 -77 77 -79
leaf_value=-0.0061171722125944955 0.007098274235704893 0.0053621593032379114 0.019995611297594685 0.0037501967041832251 0.0032191558261597812 0.0046954478136996807 -0.0085733133661322868 0.0158394642810528 0.0015797919594126883 0.0063797816534965981 -0.0062659049963543836 -0.0076256707592191834 0.0085300171811039781 0.0028280967623891223 0.0034724659230579869 0.0027369972728736938 0.011020487277064428 -0.0023832946581106968 -0.0079182455313637733 0.0096869731068837586 0.0022660394595534422 -0.0066043196772341221 0.0058961904260336814 -0.0052851943755739903 0.012339431727704152 0.0035777733937327112 -0.0072098624686579909 -0.0037359732487453677 0.0060426886485131148 0.0093021914022248294 -0.00035659251635923161 -0.0025919674565622395 0.0033753397561322096 0.0015882290194473383 -0.0050362529838887601 0.0054590559629570726 -0.0025898714257073727 -0.0061013729073895601 -0.0037894915636270642 -0.0014752743839053048 0.0028958503698783751 0.002321205957911326 -0.003064867709937811 0.0020184078720200719 0.0018160727419384913 -0.0051995321416521741 0.0067771940135714888 0.00015339753720454893 -8.8240362672668897e-05 0.0051437753467104604 -0.00020687446644076517 -0.00081406002333232654 -0.00036069595996171051 0.0013594094319931635 0.0032189973704277275 -0.0047084335417488807 0.0030604644825812841 -0.0036278485629482994 -0.0050092213408417571 -0.0023507099245412845 -0.0038734215488362284 -0.0014103508939520661 0.00049999662138031141 -0.0024666359792304571 -0.0037954058632140644 0.0029656990402596737 -0.007344390886825345 -0.0036221761185463988 0.00026541460670399873 0.00098464155116346911 -0.0027326015870838983 0.0042347284145654463 -0.0028977341909355468 -0.0057281840674529442 -0.0037880510482411855 0.0032894058370598858 0.00089260713731129928 -0.0033219288395307232
leaf_weight=282 214 199 209 201 203 208 232 199 213 314 245 315 364 330 213 300 199 267 202 203 201 237 341 199 232 369 210 262 315 284 270 340 646 201 266 338 324 227 1252 216 272 240 1018 207 452 236 199 230 343 288 517 874 249 216 250 210 302 205 353 590 1137 967 553 218 199 210 210 258 1790 219 250 226 705 228 449 273 313 203
leaf_count=282 214 199 209 201 203 208 232 199 213 314 245 315 364 330 213 300 199 267 202 203 201 237 341 199 232 369 210 262 315 284 270 340 646 201 266 338 324 227 1252 216 272 240 1018 207 452 236 199 230 343 288 517 874 249 216 250 210 302 205 353 590 1137 967 553 218 199 210 210 258 1790 219 250 226 705 228 449 273 313 203
internal_value=1.57949e-05 0.00261126 0.00486344 0.0120314 -0.00139603 0.00402056 -0.00105376 0.00477925 0.00368469 0.0100493 -0.000362193 -0.00261118 0.000482555 0.00232494 -0.00241055 0.00259201 0.00613974 0.00168863 -0.00155057 0.00314569 0.000598141 -0.00253368 0.00217485 -0.000223974 0.00872592 0.00112305 -0.00139441 0.000541004 0.00154797 0.00264488 0.00492232 0.00154679 0.00488448 -0.00157444 0.000221218 0.00287645 0.0024787 -0.00257414 -0.0022626 -0.000285395 -0.00208829 -0.000764827 -0.00145433 -0.0022059 0.00112872 -0.0012682 0.00153924 0.000252684 -0.00224944 0.00190648 -0.000768248 -0.00103114 -0.00222012 0.00395734 1.75735e-05 -0.000559884 0.000180929 -0.00100052 -0.00265196 -0.00259927 -0.00214033 -0.00276651 -0.000987689 0.000551296 -0.000501739 -0.000235624 -0.00435222 -0.000534017 -0.000224331 0.00334723 -0.00080691 0.00227239 -0.00367802 -0.00334414 -0.0025654 0.00108144 0.00045874 -0.000750886
internal_weight=27501 9689 3839 410 17812 3429 446 2983 2470 513 9624 8188 5677 1672 7873 2030 412 1618 502 1116 1308 438 870 529 440 5850 841 631 5009 2742 892 1850 849 3947 2267 608 1510 7660 6518 4005 6236 1737 1465 1225 1658 3702 1195 780 609 723 3282 3079 1443 415 1636 1386 1176 3466 804 4499 3247 2104 1143 1459 2662 2463 1142 2253 2048 507 451 456 932 926 698 1241 968 516
internal_count=27501 9689 3839 410 17812 3429 446 2983 2470 513 9624 8188 5677 1672 7873 2030 412 1618 502 1116 1308 438 870 529 440 5850 841 631 5009 2742 892 1850 849 3947 2267 608 1510 7660 6518 4005 6236 1737 1465 1225 1658 3702 1195 780 609 723 3282 3079 1443 415 1636 1386 1176 3466 804 4499 3247 2104 1143 1459 2662 2463 1142 2253 2048 507 451 456 932 926 698 1241 968 516
cat_boundaries=0 1 2 3 4 5 6 7
cat_threshold=2496 10254 265 5121 2115 14 8201
is_linear=0
shrinkage=0.047679


Tree=63
num_leaves=79
num_cat=6
split_feature=9 9 52 49 54 55 0 0 59 56 55 55 33 16 52 8 33 31 0 33 29 17 42 54 59 59 38 2 55 7 0 0 7 52 17 52 24 45 7 0 26 49 53 31 45 24 53 30 52 53 54 24 53 55 7 7 7 44 38 44 8 50 30 7 36 52 52 42 52 7 56 33 41 53 2 52 2 7
split_gain=43.0833 15.5413 10.3893 6.86748 7.95541 6.32044 5.72553 5.19293 4.9197 4.78052 4.20004 3.89786 4.2794 3.86241 3.51219 3.40324 2.57289 2.39231 2.75166 4.74205 2.472 3.00879 2.32924 2.23581 2.1148 2.0605 4.02768 3.4225 2.22874 1.8962 4.49238 3.85972 4.06283 2.33814 1.90215 1.88988 3.99363 4.10166 2.50197 2.44576 1.87122 1.7064 1.48775 2.30094 2.75664 1.39057 1.38928 2.02502 2.71396 1.63108 1.36014 1.34517 1.24324 1.15677 1.41385 1.64749 1.27101 1.59537 1.18378 1.09313 1.72324 1.05444 0.953685 0.818247 0.791537 0.71332 0.903446 0.868461 1.75764 0.631688 0.751044 0.576034 0.513534 0.529391 0.431047 0.415127 0.328763 0.325861
threshold=22.349563500000006 23.609067500000005 0.80106012886426814 25.207771950000005 0.64505585822988898 0.80302497319457766 0 1 5.5083333333333337 0.48452700000000176 0.69710345041220156 0.17508767530614353 24.018248500000002 -4.5087429999999991 0.47068971144136412 1.5000000000000002 23.460867000000004 23.043230000000005 2 23.205063000000006 23.322054000000005 2.2754215000000002 23.451209000000002 0.38660356178336958 5.0083333333333337 5.491666666666668 21.941043500000003 10.540192500000002 0.67158573859003334 15.500000000000002 3 4 23.500000000000004 0.53201868367793437 3.3921695000000005 0.1013740285864025 22.521521500000002 22.747520500000004 54.500000000000007 5 21.526249500000002 23.866983650000005 0.18061727939821867 21.604750500000005 22.159380000000002 21.609472 0.1979308547627168 21.678753750000002 0.044057726738015182 0.053237345257853723 0.11272955021356208 22.010279500000003 0.12005692006983103 0.26658908182704905 36.500000000000007 15.500000000000002 47.500000000000007 21.840528500000001 21.581273000000003 22.819628000000005 1.5000000000000002 22.198708475 22.055546000000003 32.500000000000007 21.998157500000001 0.044057726738015182 0.12607414219759561 20.895236000000004 0.21525225751689622 20.500000000000004 0.02491449999999951 22.057872000000003 21.488988500000001 0.043039417254238314 6.9109285000000016 0.23845504189813682 7.9570635000000012 18.500000000000004
decision_type=2 2 2 2 2 2 9 9 2 2 2 2 2 10 2 2 2 2 9 2 2 8 2 2 2 2 2 2 2 2 9 9 2 2 8 2 2 2 2 9 2 2 2 2 2 2 2 2 2 2 2 2 2 2 2 2 2 2 2 2 2 2 2 2 2 2 2 2 2 2 2 2 2 2 2 2 2 2
left_child=7 5 3 4 6 9 -3 8 35 10 17 -8 16 -5 51 63 23 22 20 -20 59 -22 29 -13 -23 28 27 -27 40 30 -2 32 -31 -33 -32 46 37 38 42 -38 45 -18 50 -44 -45 65 47 72 49 -49 -37 -11 61 54 55 -42 57 58 -55 -19 -61 62 -50 -14 -52 69 -67 -68 -69 -9 -71 -48 73 -1 -75 -59 -74 -78
right_child=1 2 -4 13 -6 -7 11 25 -10 14 -12 12 15 -15 -16 -17 41 18 19 -21 21 24 -24 -25 -26 26 -28 -29 -30 31 34 33 -34 -35 -36 36 39 -39 -40 -41 53 -43 43 44 -46 -47 71 48 52 -51 64 -53 -54 56 -56 -57 -58 75 -60 60 -62 -63 -64 -65 -66 66 67 68 -70 70 -72 -73 76 74 -76 -77 77 -79
leaf_value=0.00016052695658950669 -0.0058174927799124147 0.010701981746277305 0.013625128125678874 0.0056160503615984084 -0.0033463291012453479 -0.0057585650515447288 0.0085617384290765375 -0.0037329851946408792 0.0056063503490618978 -0.003532966131890252 0.0069230134788816578 0.0059445553969632147 0.0040365866733007242 0.013653768907928682 -0.0077453426590650739 -0.0045065878786695801 0.0040859746029567609 -0.00090824826315932046 0.004784209011931541 -0.0033657907682818045 0.0094046206843724604 0.001725188237561445 -0.0030786834755526069 -8.3107277773938036e-05 0.0073980225669482468 -0.0020259890190126115 -0.0054166844879880533 0.0044288820947494204 -0.0075079477425781475 0.010394437445353795 -0.0018577339508123161 0.0011278521021743414 0.0026154485336057462 -0.0040195588754347537 0.002691336023957287 0.0024622397815060892 0.00011137676445798346 0.0062769815347027335 -0.0046464493080252203 -0.0060526409619126153 -0.0021428642025306385 0.0099065957860907765 0.0061961700161544536 -0.0012230835654010442 0.003954380816857595 -0.0070510274013462484 -0.0024759555241608503 0.0044168571190489649 -0.0021531887395563202 -0.00044165244261322402 -0.00084803071204564298 0.0012635555762847165 0.0015935752240951416 -0.0038114277160822057 -0.0026569440329332309 0.0032109764613163479 0.00059877096529870348 -0.0064133629690236033 0.0012692903483070294 -0.00037098164422069225 0.0051355670095313572 -0.0050680034924095226 0.0014865570210741308 -5.3461032365141561e-05 -0.004261038376096607 -0.0042837614702906576 0.00031255690152046881 -0.00057541914736463685 -0.0055388537854767468 -0.0024000546367166043 0.0010170398223994727 -0.0060145638071764859 -0.004397727329481768 -0.003763397276428744 -0.0015908934603954309 -0.0036280625690557127 -0.0011692854143015457 -0.0033744793155153496
leaf_weight=252 274 255 277 348 385 303 266 363 257 205 325 228 243 223 200 284 228 260 275 396 278 470 334 362 219 377 294 370 238 199 326 2174 655 221 582 205 248 261 239 367 213 230 205 644 367 227 201 347 862 287 479 378 249 208 374 338 219 293 209 220 313 223 202 205 228 1655 207 303 349 436 220 218 359 308 637 208 233 440
leaf_count=252 274 255 277 348 385 303 266 363 257 205 325 228 243 223 200 284 228 260 275 396 278 470 334 362 219 377 294 370 238 199 326 2174 655 221 582 205 248 261 239 367 213 230 205 644 367 227 201 347 862 287 479 378 249 208 374 338 219 293 209 220 313 223 202 205 228 1655 207 303 349 436 220 218 359 308 637 208 233 440
internal_value=-2.60186e-05 0.00209841 0.00476059 0.00400668 0.00299723 0.00100534 0.00405863 -0.00169881 -0.000886623 0.00125214 0.00162126 0.00316288 0.00237385 0.00875513 -0.00229336 -0.000423415 0.00432767 0.00138181 0.00259892 -2.52502e-05 0.00357919 0.00521768 0.000760866 0.00224623 0.00352831 -0.00264521 -0.000689354 0.0011712 -0.00298556 0.00105028 -0.000584968 0.0016452 0.00437687 0.000650157 0.00104655 -0.00109473 -0.000204896 0.000604503 -2.09795e-05 -0.00366359 -0.00280069 0.007009 0.000498517 0.0015903 0.000656372 -0.00343369 -0.00169368 -0.00144381 -0.00040702 0.0022175 -0.000957198 -0.000423044 -0.00149032 -0.00164643 -0.000394397 0.00114134 -0.00266501 -0.00344363 -0.00126498 0.00162632 0.0028627 -0.00208697 -0.00146218 0.00216503 -0.00194869 -0.00320127 -0.00363259 -0.00237801 -0.00323223 -0.00213714 -0.00125408 -0.00431705 -0.00245315 -0.00178118 -0.00229897 -0.00525699 -0.00323256 -0.00261102
internal_weight=27560 12141 3534 3257 2686 8607 2301 15419 8318 8304 7521 2046 1780 571 783 732 1048 7196 2431 671 1760 967 4765 590 689 7101 1041 747 6060 4431 1182 3249 854 2395 908 8061 3243 2628 2367 615 5822 458 2128 1216 1011 3760 4818 4399 2170 634 912 583 1536 2062 925 551 1137 918 417 793 533 1287 1064 448 707 3533 2514 859 652 1019 656 419 2229 1197 945 501 1032 673
internal_count=27560 12141 3534 3257 2686 8607 2301 15419 8318 8304 7521 2046 1780 571 783 732 1048 7196 2431 671 1760 967 4765 590 689 7101 1041 747 6060 4431 1182 3249 854 2395 908 8061 3243 2628 2367 615 5822 458 2128 1216 1011 3760 4818 4399 2170 634 912 583 1536 2062 925 551 1137 918 417 793 533 1287 1064 448 707 3533 2514 859 652 1019 656 419 2229 1197 945 501 1032 673
cat_boundaries=0 1 2 3 4 5 6
cat_threshold=192 3086 11402 3072 2370 6
is_linear=0
shrinkage=0.047679


Tree=64
num_leaves=69
num_cat=0
split_feature=19 9 19 9 16 10 15 55 3 6 16 27 59 22 51 19 3 40 24 31 6 7 59 7 37 54 55 6 54 45 55 41 55 7 50 50 55 19 41 31 28 53 22 55 59 7 6 38 16 55 46 55 53 6 7 7 36 37 50 56 7 2 7 50 7 54 26 51
split_gain=37.0274 11.8736 7.52747 6.22343 5.75465 4.43745 4.47285 4.22314 3.60293 8.94018 4.00928 5.28721 3.35736 3.28397 6.84824 5.09143 4.30306 3.03901 3.49688 3.00139 2.98133 4.19924 3.45392 3.43491 3.63701 4.22719 6.21013 5.60713 3.21339 2.9734 5.32295 2.83783 2.78808 5.40446 2.74136 5.30043 3.17758 2.7087 2.59962 3.26263 2.4649 2.38334 3.07711 2.20104 2.17993 2.85314 1.98746 1.27392 1.31542 0.876318 0.816129 0.948632 0.868045 1.37466 0.697563 0.628219 0.507983 0.497034 0.445311 0.351861 0.348439 0.3464 0.341978 0.473916 0.296878 0.197628 0.118084 0.213745
threshold=22.585751500000004 26.061347000000001 21.376435500000003 23.941224500000004 1.7314480000000005 1.5000000000000002 7.1145094409821406 0.18348096237313774 0.48552650000000003 12.500000000000002 4.1448300000000007 24.174209000000001 5.5083333333333337 23.950580500000004 23.906271066666665 23.589372500000003 1.5307225000000002 25.203148000000002 24.715140000000002 23.204092000000003 16.500000000000004 11.500000000000002 6.491666666666668 25.500000000000004 22.786492000000006 0.12562417966770378 0.25079099647612518 13.500000000000002 0.32124669491801922 21.926108500000005 0.1673578151070618 22.284628500000004 0.099698182744321476 32.500000000000007 22.565940925000003 22.904203225000003 0.5411993452977294 23.738465500000004 21.856399000000003 21.791857000000004 22.111786000000006 0.11862883805960232 22.529566500000005 0.41206385045790894 5.0083333333333337 34.500000000000007 12.500000000000002 21.969395500000001 2.857942 0.06660599738611131 20.876386500000006 0.4066276581234996 0.17620548649478032 11.500000000000002 29.500000000000004 17.500000000000004 20.874068000000005 22.129221000000005 20.890609350000002 0.090982500000000868 42.500000000000007 11.194761000000002 14.500000000000002 20.734634525000004 5.5000000000000009 0.11154937633022015 21.631534500000004 21.509979108333336
decision_type=2 2 2 2 10 2 10 2 2 2 10 2 2 2 2 2 2 2 2 2 2 2 2 2 2 2 2 2 2 2 2 2 2 2 2 2 2 2 2 2 2 2 2 2 2 2 2 2 8 2 2 2 2 2 2 2 2 2 2 2 2 2 2 2 2 2 2 2
left_child=2 3 47 5 7 6 8 -5 9 -2 11 12 19 15 -15 -9 -16 18 -18 -10 21 31 23 24 25 46 27 -27 -28 30 61 43 33 -25 38 36 -36 44 39 -34 -40 -33 -43 57 45 -7 -23 48 -1 -35 56 52 53 -52 -54 -48 62 59 -55 64 -60 65 -50 -64 -4 66 67 -22
right_child=1 -3 20 4 -6 37 -8 13 10 -11 -12 -13 -14 14 16 -17 17 -19 -20 -21 29 22 -24 32 -26 26 28 -29 -30 -31 -32 41 34 49 35 -37 -38 -39 40 -41 -42 42 -44 -45 -46 -47 55 -49 50 -51 51 -53 54 58 -56 -57 -58 -59 60 -61 -62 -63 63 -65 -66 -67 -68 -69
leaf_value=0.00012969657891631644 0.012220276896224767 0.013307666803779089 -0.0015315586482468882 0.0095786886205730774 0.010969324242352295 -0.001715128274166242 -0.0048761650952743076 0.00031501429400527376 -0.00019923358299535259 -0.0006639346839673228 0.0072120054362026084 -0.0057784577905098059 0.005529429836256477 -0.0064314155062940512 0.0069487754121764075 0.0097488484259512526 -0.0010163030435552357 -0.0036824052193501992 0.0074779973468984493 0.0024021905011424706 -0.00090762634724478059 -0.0035352378824907143 0.0061023930662839595 -0.0036898045095767641 -0.0034598125500491187 0.01261078706190307 -0.0022521530212592576 0.003528424835653968 0.0035231457487127304 0.0021396391745812007 -0.010337795998073397 -0.0040521129855800014 -0.0017449089448803225 0.0034084404298953563 0.0013525927690970514 -0.0052101450012461614 0.008500791544188837 0.0093650668324073236 -0.0038070787893913043 0.0024651113286679105 -0.00097955181950242377 0.0043326988140242034 -0.0028539592845112675 -0.007477787320747541 0.0063348226619626127 0.0054762332884146373 0.0030607924180547598 -0.006563779354300389 -0.0051071339160736334 0.0078119571349975509 0.0005221381414683145 0.0002162408609302729 -0.002811676006782839 -0.0049254924143933209 -0.006711837377309432 -0.00045215499705100612 -0.0057974080140369803 -0.00063486086583528683 -0.0022344519183157339 -0.00475804352503751 -0.0036761033139745994 -0.0033493741347184846 -0.0043088045115216717 -0.0017446257808221846 -0.0035325589187101499 -0.0027332151355393616 -0.00029765137096633937 -0.0028698433429390552
leaf_weight=353 224 223 326 229 263 301 281 222 3018 270 221 275 348 212 389 314 233 238 209 1514 342 337 215 219 307 253 398 397 487 283 205 231 1015 208 471 208 202 200 1370 712 1435 366 215 258 311 215 228 199 210 203 316 267 208 211 209 235 270 233 1427 221 520 380 298 364 349 286 209 200
leaf_count=353 224 223 326 229 263 301 281 222 3018 270 221 275 348 212 389 314 233 238 209 1514 342 337 215 219 307 253 398 397 487 283 205 231 1015 208 471 208 202 200 1370 712 1435 366 215 258 311 215 228 199 210 203 316 267 208 211 209 235 270 233 1427 221 520 380 298 364 349 286 209 200
internal_value=6.32277e-05 0.00243288 -0.00122538 0.00217726 0.00433037 0.00148465 0.00100025 0.00347698 0.00128156 0.0051783 0.000923484 0.000653889 0.00101637 0.00270797 0.0013968 0.00584155 0.00294927 0.00066131 0.00300023 0.000669821 -0.000627403 -0.000328315 0.000132671 -1.51113e-05 0.00141892 0.00206037 0.00352491 0.00706356 0.000925893 -0.00236996 -0.00315678 -0.00219406 -0.000642072 0.00235987 -0.000991457 0.00144214 0.00349812 0.00438586 -0.00146454 -9.22013e-06 -0.00236055 4.44925e-05 0.00167326 -0.0035046 0.0031817 0.00128127 -0.000749714 -0.00282802 -0.00266825 0.00558342 -0.00289794 -0.00250294 -0.00275407 -0.00241488 -0.00476644 0.00127776 -0.00399025 -0.00259664 -0.00284496 -0.00310679 -0.00261948 -0.00211789 -0.0034307 -0.00289889 -0.00256615 -0.00166662 -0.00126043 -0.00163169
internal_weight=27566 9710 17856 9487 2309 7178 6151 2046 5870 494 5376 5155 4880 1817 1281 536 1069 680 442 4532 13004 11099 8900 8685 2642 2335 1535 650 885 1905 1622 2199 6043 630 5413 881 673 1027 4532 1727 2805 812 581 1387 827 516 800 4852 4653 411 4300 3158 2891 2474 417 463 1142 1129 2158 896 1947 1417 872 662 675 1037 751 542
internal_count=27566 9710 17856 9487 2309 7178 6151 2046 5870 494 5376 5155 4880 1817 1281 536 1069 680 442 4532 13004 11099 8900 8685 2642 2335 1535 650 885 1905 1622 2199 6043 630 5413 881 673 1027 4532 1727 2805 812 581 1387 827 516 800 4852 4653 411 4300 3158 2891 2474 417 463 1142 1129 2158 896 1947 1417 872 662 675 1037 751 542
is_linear=0
shrinkage=0.047679


Tree=65
num_leaves=77
num_cat=2
split_feature=9 19 52 51 54 54 39 7 0 59 6 51 57 6 46 33 6 34 55 6 54 16 41 24 35 17 27 38 59 47 7 16 53 14 29 16 7 7 8 54 26 54 56 6 0 7 52 6 54 54 45 53 33 26 16 6 7 8 8 17 33 6 7 44 6 7 6 34 52 19 54 41 46 54 56 6
split_gain=38.2024 16.3449 8.75258 5.34327 10.4934 9.70114 4.21357 4.13308 4.53404 5.22616 4.806 5.54358 3.9595 4.1064 3.92339 3.23909 3.23255 4.25397 3.87957 6.04659 3.17107 4.04516 2.99684 4.40979 3.11009 2.8037 2.63677 2.57956 2.55989 2.42892 2.37473 3.17536 3.04689 2.70299 2.52264 2.40239 2.34674 4.85125 4.66279 3.50165 4.19772 3.43149 2.30663 2.28896 2.22873 2.22298 2.09344 2.05488 2.04839 1.85736 1.85138 3.25612 1.80251 1.76058 1.62505 1.33564 1.45049 4.10582 2.06907 1.15561 1.1167 1.03565 1.85147 1.01141 0.987485 0.733007 0.907155 2.31547 0.478635 0.432093 0.395921 0.447213 0.636251 0.381233 0.298794 0.200462
threshold=23.585904000000003 22.093372500000005 0.80106012886426814 24.285614633333338 0.69445790204590152 0.68351046163250995 24.032223500000004 11.500000000000002 0 5.491666666666668 9.5000000000000018 23.265719525000005 59.500000000000007 9.5000000000000018 23.408650500000004 21.150393500000003 10.500000000000002 23.696202000000003 0.2768050196163277 13.500000000000002 0.49766347199048794 4.0581310000000013 22.317495500000003 22.789269500000003 22.958727500000006 2.6699490000000003 23.385221500000004 23.421912000000003 5.0083333333333337 23.327364000000003 32.500000000000007 -2.3117529999999991 0.5030058206241973 2.3392036126851434 22.711776000000004 -0.64197799999999983 24.500000000000004 6.5000000000000009 1.5000000000000002 0.12870123561991123 21.768970500000005 0.42715398346603933 0.48452700000000176 11.500000000000002 1 32.500000000000007 0.21525225751689622 8.5000000000000018 0.62868423451671107 0.27978379559595473 21.825740500000002 0.33314803871452969 23.507638000000004 24.985411500000001 -0.7904279999999998 10.500000000000002 19.500000000000004 1.5000000000000002 1.5000000000000002 1.5854740000000005 22.765515000000004 12.500000000000002 5.5000000000000009 22.123108500000004 12.500000000000002 12.500000000000002 12.500000000000002 20.934134500000003 0.11576391274265728 20.906247000000004 0.04845409721400868 20.836624500000003 20.981669500000006 0.11272955021356208 0.061047999999999554 14.500000000000002
decision_type=2 2 2 2 2 2 2 2 9 2 2 2 2 2 2 2 2 2 2 2 2 8 2 2 2 8 2 2 2 2 2 8 2 10 2 8 2 2 2 2 2 2 2 2 9 2 2 2 2 2 2 2 2 2 8 2 2 2 2 8 2 2 2 2 2 2 2 2 2 2 2 2 2 2 2 2
left_child=1 15 3 5 20 6 12 22 9 10 11 -9 13 45 54 59 60 18 19 -18 21 -5 44 24 61 -25 27 30 42 -27 31 -10 34 -34 35 -32 37 68 -38 75 -41 46 47 -20 -3 -2 64 -17 55 -36 -33 -52 -28 -23 -15 63 58 -58 -57 -1 -12 -24 -63 -49 -40 69 67 -67 -30 -61 -68 73 -73 -72 -66 -39
right_child=2 7 -4 4 -6 -7 -8 8 26 -11 16 -13 -14 14 -16 28 17 -19 43 -21 -22 53 23 25 -26 29 52 -29 36 -31 32 50 33 -35 49 -37 38 39 41 40 -42 -43 -44 -45 -46 -47 -48 48 -50 -51 51 -53 -54 -55 -56 56 57 -59 -60 65 -62 62 -64 -65 74 66 70 -69 -70 -71 71 72 -74 -75 -76 -77
leaf_value=0.00010163804246146524 0.0095558143373417753 -0.0080400566895871238 0.012793517930760593 0.010330999054817968 0.01621273548953581 -0.0072700548779024952 -0.0014414699310563396 0.010784575881639395 0.0052643154764768158 0.0078564318035368712 -0.0052046689459613379 0.00030460865364223701 0.010725323037632179 0.0070362602578093129 -0.0034404583750978989 0.0022273708714109016 0.010509474631900941 0.0080977669621849109 -0.0048432078758935196 0.0010477215859908506 6.3181863067454937e-05 0.00095186040694872874 -0.0019456396993501413 0.00081678121852373886 0.0069823249739669174 -0.0019185538052133582 0.0054421472858839116 -0.0041917000399876352 -0.0048011199538487382 -0.0085151613166229503 -0.0050187442498661559 -0.0037577350602898646 -0.00090125121088028518 -0.0083755516694441982 -0.00030164858077417204 -1.3815900933692562e-05 0.0045462458283721781 0.00063528787385694297 6.9509436430236095e-05 0.0090915553570401677 0.0011152291456018697 0.0025896228231045344 -0.0064185713209302447 0.00050005040432458698 -0.0015423721043778683 0.0033791990283022861 -0.0076887683327750717 -0.0060247224754899163 -0.0062342112487013554 0.0055041373637750891 -7.7720699040437997e-05 0.0053636959684204844 0.00030398810877136484 0.0059646162037208855 0.00098812250475528479 -0.0057511663754235822 0.0027914231647585479 -0.0016441088242060257 -0.0018320271166747974 -0.0037645105254352383 -0.0004356426748761371 0.0051321667714431312 -0.0011766207798803428 -0.0015753825648625222 -0.0037897939665537043 0.0024920837901808183 -0.0017503211883821666 -0.0042895059053081322 -0.0015382242004933018 -0.0064404891727776669 -0.003978155363575534 -0.00660711403907519 -0.0035752167882042991 -0.0014536262030544758 -0.0017452662150863924 -0.0014632594876629816
leaf_weight=216 287 202 276 307 203 213 318 271 392 376 201 199 207 204 263 286 221 224 222 503 281 293 241 333 230 291 358 321 209 225 277 204 236 206 228 1024 259 204 259 313 288 267 247 1018 315 246 211 277 239 278 1169 318 274 349 200 374 561 3074 1690 281 251 211 212 200 656 207 206 256 200 268 373 276 366 214 216 210
leaf_count=216 287 202 276 307 203 213 318 271 392 376 201 199 207 204 263 286 221 224 222 503 281 293 241 333 230 291 358 321 209 225 277 204 236 206 228 1024 259 204 259 313 288 267 247 1018 315 246 211 277 239 278 1169 318 274 349 200 374 561 3074 1690 281 251 211 212 200 656 207 206 256 200 268 373 276 366 214 216 210
internal_value=8.47068e-05 -0.000607965 0.00463047 0.00396213 0.00616965 0.00232983 0.00351521 0.000739596 0.00120807 0.0025398 0.00190518 0.00634732 0.00463549 0.00358499 0.00109173 -0.00176002 0.00111435 0.00187265 0.00116266 0.00393591 0.00451213 0.00582947 -0.00107854 -0.000132957 0.00220412 -0.0025939 0.000324241 -6.76397e-05 -0.00137478 -0.00479498 0.000237952 0.0013979 -0.000836383 -0.00438475 3.15632e-05 -0.00107943 -0.000279594 0.00117843 -0.00139106 0.00294498 0.00526929 -0.00234679 -0.00189369 -0.000456566 -0.00426647 0.00670507 -0.00332892 -0.0017269 -0.00190319 0.00288809 0.00050161 0.00108595 0.00321453 0.00367686 0.00404213 -0.00173559 -0.00153274 -0.00095956 -0.00254218 -0.00324137 -0.00255638 0.000549013 0.00197032 -0.00415917 -0.00251554 -0.00353646 -0.00309265 -0.00125756 -0.00320557 -0.00507082 -0.00368473 -0.00400897 -0.00487865 -0.0030578 -0.00328335 -0.000429193
internal_weight=27581 23934 3647 3371 1433 1938 1725 11031 8771 3486 3110 470 1407 1200 667 12903 2640 2188 1964 724 1230 949 2260 1743 894 849 5285 4653 10240 516 4332 2083 2249 442 1807 1301 3292 1424 1868 1015 601 1609 6948 1240 517 533 1342 6701 6415 506 1691 1487 632 642 404 6176 5699 3635 2064 2663 452 664 423 477 1131 2447 1898 463 409 549 1435 1229 642 587 872 414
internal_count=27581 23934 3647 3371 1433 1938 1725 11031 8771 3486 3110 470 1407 1200 667 12903 2640 2188 1964 724 1230 949 2260 1743 894 849 5285 4653 10240 516 4332 2083 2249 442 1807 1301 3292 1424 1868 1015 601 1609 6948 1240 517 533 1342 6701 6415 506 1691 1487 632 642 404 6176 5699 3635 2064 2663 452 664 423 477 1131 2447 1898 463 409 549 1435 1229 642 587 872 414
cat_boundaries=0 1 2
cat_threshold=2120 7232
is_linear=0
shrinkage=0.047679


Tree=66
num_leaves=57
num_cat=5
split_feature=9 18 52 55 8 22 54 55 18 0 55 52 52 6 42 0 17 10 8 35 52 34 54 42 46 0 6 6 14 42 0 14 6 52 51 40 22 44 30 55 8 38 20 33 55 51 33 57 42 32 52 6 0 56 20 38
split_gain=32.8505 14.5469 8.57661 5.39481 5.35767 5.25374 6.27597 4.77067 4.57849 7.14329 4.29277 3.63012 3.90856 3.62341 3.65353 3.09057 3.63548 2.89557 4.73057 3.12459 2.82629 2.8176 2.7616 3.01626 2.63495 2.29553 2.15223 4.59983 3.1547 1.98038 1.81863 1.51943 1.41679 1.8542 1.62005 1.40416 1.34802 0.957592 0.937837 1.99912 2.03901 4.68532 1.08675 0.930104 0.855527 1.33934 1.28894 1.16042 0.819526 1.27698 0.796019 0.861615 0.609003 0.482964 0.499312 0.252529
threshold=23.609067500000005 22.069412000000003 0.80106012886426814 0.78804650689341349 1.5000000000000002 25.417290500000004 0.61433241710291886 0.72866757963494699 23.995252500000003 0 0.54569911944937832 0.74864128666559981 0.66326222608291696 8.5000000000000018 23.571625000000004 1 2.0655405000000004 1.5000000000000002 1.5000000000000002 22.021697000000007 0.14454216384404592 22.814579000000005 0.40800280086502488 24.432154500000003 23.525417500000003 2 9.5000000000000018 10.500000000000002 4.1603066331090623 22.682900500000006 3 1.3840534992997995 7.5000000000000009 0.36823022017341639 21.574874725000004 21.932437000000004 21.967094500000005 21.857974000000002 22.687784000000004 0.58215133322089907 1.5000000000000002 21.979527500000003 22.152663000000004 21.150393500000003 0.12132088399714207 21.262781366666669 21.263736000000005 45.500000000000007 21.944084750000005 21.987129000000003 0.033065123803896285 16.500000000000004 4 -0.026968500000000614 21.084567000000003 20.835583000000003
decision_type=2 2 2 2 2 2 2 2 2 9 2 2 2 2 2 9 8 2 2 2 2 2 2 2 2 9 2 2 8 2 9 8 2 2 2 2 2 2 2 2 2 2 2 2 2 2 2 2 2 2 2 2 9 2 2 2
left_child=1 15 4 7 5 6 10 11 9 24 13 12 17 20 -15 16 35 19 -19 25 -2 -20 -10 -24 -6 37 28 -28 -21 -5 -16 -17 -33 43 -35 -1 -27 -3 39 40 41 -18 48 50 45 -45 -46 -48 49 -42 51 -34 -50 55 -55 -52
right_child=2 3 -4 29 8 -7 -8 -9 22 -11 -12 -13 -14 14 30 31 38 18 21 26 -22 -23 23 -25 -26 36 27 -29 -30 -31 -32 32 33 34 -36 -37 -38 -39 -40 -41 42 -43 -44 44 46 -47 47 -49 52 -51 53 -53 -54 54 -56 -57
leaf_value=0.00084781614007165159 0.004104608866029015 -0.0070116768878085651 0.012302397070911828 -0.0079095762567550233 0.012043890463811621 0.010934024719945111 -0.003491437331054812 0.007357549966514232 0.002761504435553327 -0.0011589810149828029 0.011815207369603361 -0.0039971983953631957 0.0065308516165468351 0.0072109859928922455 0.002594653571601315 0.0015671387534332199 0.0059269571280946877 0.0081906223280859766 -0.0016573088054016481 -0.0027095545155794935 0.011307237058641197 0.0042691936744485154 0.00019141515401605835 -0.0078536449152323915 0.0045806446841652818 0.0030814907361793376 -0.0025554762532287939 0.00099165583258942268 0.0033630099033641558 -0.0014695727308653194 -0.0033745852033092681 0.0012626956173450055 0.0010088619719926585 -0.0078869977145055361 -0.0027911469222531974 0.0062369226269612709 -0.0015610129074831315 -0.0024135491716513399 0.0017484656077762163 -0.0053626383935945132 -0.001519950083448642 -0.0029362896302672975 0.0019696035561750963 -0.0012784205839385754 0.0014568798318335887 -0.0055971698169753432 -0.0014413031946751789 -0.0051091478410354267 -0.0013249940508755155 0.0019150494280423278 -0.0034812971087643712 -0.0031895277283722299 -0.0040568459654318836 -0.0034705643173654648 -0.001087899465498317 -0.0053457078257182896
leaf_weight=244 277 210 285 204 206 319 208 256 229 352 202 351 276 204 216 214 281 302 392 229 224 341 217 207 225 205 980 5469 1290 232 229 217 202 274 294 200 464 202 236 265 3614 262 205 340 311 314 1804 220 358 264 287 247 469 926 255 389
leaf_count=244 277 210 285 204 206 319 208 256 229 352 202 351 276 204 216 214 281 302 392 229 224 341 217 207 225 205 980 5469 1290 232 229 217 202 274 294 200 464 202 236 265 3614 262 205 340 311 314 1804 220 358 264 287 247 469 926 255 389
internal_value=0.000117212 -0.000517512 0.00436546 0.000718446 0.0036831 0.00535876 0.00421869 0.000925224 0.0014905 0.00394909 0.00540487 0.000771487 0.000933052 0.00427888 0.00192744 -0.00162795 -0.000885241 0.000779839 0.00316879 0.000506597 0.00732495 0.00109977 -0.00145756 -0.00373625 0.00796301 -0.00189879 0.000832931 0.000452628 0.00244753 -0.00448279 -0.000494684 -0.00237774 -0.0025205 -0.00266052 -0.00524936 0.00327534 -0.000136383 -0.00464453 -0.00119699 -0.00131856 -0.00112203 0.0016504 -0.00142863 -0.00238282 -0.00182777 -0.00335195 -0.00140087 -0.00183998 -0.0015767 -0.00128611 -0.00310225 -0.00130072 -0.00293933 -0.00353784 -0.0029561 -0.00455416
internal_weight=27695 24095 3600 11403 3315 1879 1560 10967 1436 783 1352 10711 10360 1150 649 12692 6398 10084 1035 9049 501 733 653 424 431 1081 7968 6449 1519 436 445 6294 6080 5863 568 444 669 412 5954 5718 5453 543 4910 5295 2989 654 2335 2024 4705 3878 2306 449 827 1857 1181 676
internal_count=27695 24095 3600 11403 3315 1879 1560 10967 1436 783 1352 10711 10360 1150 649 12692 6398 10084 1035 9049 501 733 653 424 431 1081 7968 6449 1519 436 445 6294 6080 5863 568 444 669 412 5954 5718 5453 543 4910 5295 2989 654 2335 2024 4705 3878 2306 449 827 1857 1181 676
cat_boundaries=0 1 2 3 4 5
cat_threshold=3074 3086 5696 328 10
is_linear=0
shrinkage=0.047679


Tree=67
num_leaves=71
num_cat=4
split_feature=9 19 13 55 7 52 53 6 35 55 0 7 23 53 57 6 15 55 16 47 19 40 34 7 51 48 8 42 7 53 7 33 0 18 55 45 0 54 41 41 19 9 54 7 53 7 6 52 52 28 27 9 0 6 32 18 7 55 16 7 55 6 32 54 3 55 55 52 19 34
split_gain=30.6507 12.2066 9.85885 8.1897 13.8469 4.19507 3.97557 6.28545 4.16277 3.60696 11.9109 5.41294 3.52835 3.42294 2.96721 3.40751 4.31429 3.83086 2.96237 2.91902 2.77532 2.7665 3.29866 2.63826 2.4479 2.30069 2.55539 2.19377 2.10606 3.95896 3.38012 2.09811 1.83962 1.82667 1.8087 2.01308 1.7911 2.5162 2.91365 2.03932 1.91436 1.71143 1.83746 1.43811 1.27556 1.25496 6.6369 1.63683 1.23564 1.1106 0.987752 0.939396 1.18545 0.918182 0.887918 0.830119 0.826214 1.18203 2.24439 1.07983 1.80847 1.65414 0.903209 0.789192 0.781666 0.748873 0.518703 0.361929 0.335359 0.134027
threshold=23.609067500000005 22.0571175 1.5000000000000002 0.72866757963494699 27.500000000000004 0.60095219947757983 0.65983066363468423 12.500000000000002 22.021697000000007 0.53190967447834703 0 34.500000000000007 22.923907000000003 0.40089711475756229 59.500000000000007 9.5000000000000018 2.2486805463513577 0.4848318860267164 -0.31127799999999922 22.676308500000005 21.415586500000007 23.935367500000002 23.795191000000006 26.500000000000004 22.517946550000005 23.282463400000001 1.5000000000000002 23.219849500000006 31.500000000000004 0.49730625174722148 15.500000000000002 22.537387000000006 1 21.641417750000006 0.19532157871163838 23.989741500000004 2 0.40269101008773972 21.864332500000003 21.864332500000003 21.471314500000002 22.443596000000003 0.30373540715273295 24.500000000000004 0.14337258472046574 40.500000000000007 11.500000000000002 0.1758549244544956 0.27552571386716013 21.770853000000006 21.796695000000003 21.702465000000004 3 12.500000000000002 23.077658500000002 20.793569000000005 13.500000000000002 0.44814008537088995 4.5155605000000012 29.500000000000004 0.15945644759776514 12.500000000000002 21.149226500000005 0.18969094499243247 3.3412340000000005 0.13474558571436049 0.38019669038616238 0.10020128975317957 21.7038975 20.796753000000006
decision_type=2 2 2 2 2 2 2 2 2 2 9 2 2 2 2 2 10 2 8 2 2 2 2 2 2 2 2 2 2 2 2 2 9 2 2 2 9 2 2 2 2 2 2 2 2 2 2 2 2 2 2 2 9 2 2 2 2 2 8 2 2 2 2 2 2 2 2 2 2 2
left_child=1 20 3 5 -5 14 8 12 18 21 11 -11 -8 43 15 23 -17 -18 -3 -9 33 22 25 32 31 28 -27 -28 30 -30 -10 36 -2 55 -25 -36 39 45 -39 40 -22 42 63 -12 68 47 -47 53 51 -48 -46 -41 -53 -38 -15 67 62 58 -58 60 -60 -61 -57 -20 -64 -66 -37 69 -42 -1
right_child=2 6 -4 4 -6 -7 7 19 9 10 13 -13 -14 54 -16 16 17 -19 41 -21 24 -23 -24 34 -26 26 27 -29 29 -31 -32 -33 -34 -35 35 66 37 38 -40 48 44 -43 -44 -45 50 46 49 -49 -50 -51 -52 52 -54 -55 -56 56 57 -59 59 61 -62 -63 64 -65 65 -67 -68 -69 -70 -71
leaf_value=-0.0024389416534749343 0.010430982037098415 -0.0052810943609024009 0.01434432303353236 0.018895058509606953 0.0028138582316422126 -0.0025994953851053051 0.0059105834668538547 -0.0028083337985963419 -0.00032927719472031761 0.0039206886949643607 -0.00023757783366915649 0.012697502500227987 -0.0029682860035873098 -0.0056658837182957476 0.0080903543329213633 -0.0043816660663575742 -0.00068463346245644166 0.0072215138588140751 -0.0013569840999587419 -0.01094442506830658 0.0033479250599098612 -0.0035762580343145674 0.0067161186240388736 0.0059798273739047622 -0.0060404496749350235 0.0066297123253889938 -0.0028009003602633017 0.0036727990184474714 -1.2474362508148326e-05 -0.0067424094816941199 0.002509903918167545 0.0025959125751841769 0.0040183768849656812 -0.0067741054853685759 0.0050825881513735837 0.00090662604408670846 -0.0036688860735543849 -0.0014055924655852344 0.0062749698185491903 -0.0053474917575370099 -0.002495201755593006 0.0035308795801809972 -0.0039320206780114981 0.0054447533385959101 -0.0017551280408381862 0.0071707329831672759 -0.0030004156914000758 0.001870229713092334 -0.0070061678507945847 0.00042201289533198171 0.0016660037942519122 0.00098301105026487559 -0.003691083489532049 -0.0013533866493731352 -0.0012628016250456561 -0.0050187063963923499 0.0033597953031798754 -0.0048169702110396912 -0.001579504254919721 0.00051284211608567407 0.0032537183799235241 -0.0031266971408616048 -0.0045654491098226155 0.0027934299697622285 -0.0027122453973325959 0.0011415962197459429 -0.0023527121351780808 -0.0051158834186522673 -0.0050176689808232328 -0.003929728890827577
leaf_weight=388 200 375 204 200 311 319 205 199 1784 322 202 317 202 216 254 295 323 245 202 202 201 322 218 258 212 303 199 296 2482 216 2047 382 293 211 214 251 494 200 256 236 279 209 342 203 526 260 493 305 213 383 302 216 274 1837 201 373 215 239 729 355 232 1417 202 215 260 205 199 253 210 212
leaf_count=388 200 375 204 200 311 319 205 199 1784 322 202 317 202 216 254 295 323 245 202 202 201 322 218 258 212 303 199 296 2482 216 2047 382 293 211 214 251 494 200 256 236 279 209 342 203 526 260 493 305 213 383 302 216 274 1837 201 373 215 239 729 355 232 1417 202 215 260 205 199 253 210 212
internal_value=4.19253e-05 -0.000569744 0.00416701 0.00354947 0.00910788 0.0025532 0.000554323 -0.00267025 0.000798485 0.00115581 0.00333143 0.00814726 0.00150387 -0.00050524 0.00320238 0.00265736 0.00029611 0.00272559 -0.00168334 -0.00690682 -0.00159625 0.000751767 0.000936476 0.00409747 -0.000992233 0.000764514 0.00318117 0.00107024 0.000469141 -0.000551269 0.00118777 -0.000840793 0.00691293 -0.00242721 0.00259202 0.00127567 -0.00103718 -0.000437963 0.0029063 -0.00205814 -0.000986168 -0.000289587 -0.0013416 0.0026106 -0.00164764 -0.000843416 0.000481353 -0.00141433 -0.00381303 -0.00150408 -0.000507324 -0.00287619 -0.00168593 -0.0018441 -0.00354354 -0.00224666 -0.00197287 -0.00159208 -0.00133063 -0.00169962 -0.00041269 -0.00239756 -0.00313977 0.000782918 -0.00208902 -0.00101324 -0.000534726 -0.00360344 -0.00357847 -0.00296569
internal_weight=27615 24049 3566 3362 511 2851 11479 808 10671 9328 1461 639 407 822 2532 2278 863 568 1343 401 12570 7867 7545 1415 7279 7327 798 495 6529 2698 3831 7067 493 5291 922 664 6685 4228 456 2457 1518 968 759 405 1317 3772 1136 2636 939 876 828 726 490 2331 417 5080 4227 3187 2948 2733 961 1772 1040 417 667 465 450 853 489 600
internal_count=27615 24049 3566 3362 511 2851 11479 808 10671 9328 1461 639 407 822 2532 2278 863 568 1343 401 12570 7867 7545 1415 7279 7327 798 495 6529 2698 3831 7067 493 5291 922 664 6685 4228 456 2457 1518 968 759 405 1317 3772 1136 2636 939 876 828 726 490 2331 417 5080 4227 3187 2948 2733 961 1772 1040 417 667 465 450 853 489 600
cat_boundaries=0 1 2 3 4
cat_threshold=2114 2176 13888 1088
is_linear=0
shrinkage=0.047679


Tree=68
num_leaves=79
num_cat=6
split_feature=33 0 59 19 6 6 55 27 53 6 55 46 54 53 55 6 6 7 0 7 7 6 19 26 53 7 0 7 7 51 7 53 27 17 29 36 46 6 15 8 0 46 6 15 45 47 6 53 7 53 16 45 7 7 53 6 53 56 54 52 21 0 6 53 52 25 25 14 19 55 34 5 31 55 59 34 54 0
split_gain=27.5875 8.40445 25.1738 5.99708 5.63954 6.1173 11.0297 11.8863 10.1106 6.02688 5.17452 4.66136 3.85379 5.40252 5.36556 3.67071 6.80175 16.2388 9.40602 7.58785 5.75711 4.95893 4.84859 8.81223 4.82537 4.57663 7.31149 3.91605 3.14044 3.2731 3.07744 3.01856 3.883 2.70116 2.44729 3.11228 2.85543 2.89578 2.43806 2.27921 3.37953 2.48066 2.22634 2.70026 2.40545 2.22054 2.21018 2.49191 2.07661 2.06749 1.99263 2.53091 1.92506 3.69239 2.67874 1.95174 2.82651 1.98055 1.8613 1.6705 1.61555 1.56545 1.42319 4.81231 2.08988 2.20903 1.77494 1.33842 1.27656 1.10876 1.08053 0.888189 0.825286 1.28776 2.20084 1.5605 0.690449 0.645824
threshold=22.690209500000005 0 5.491666666666668 21.415586500000007 13.500000000000002 11.500000000000002 0.53190967447834703 24.718824000000001 0.57933595664883886 9.5000000000000018 0.64910838383525715 23.389092500000004 0.72863878684144778 0.86803857477165003 0.64255603110821757 12.500000000000002 10.500000000000002 16.500000000000004 1 38.500000000000007 43.500000000000007 9.5000000000000018 21.879561500000005 22.322022500000003 0.16672717556759034 13.500000000000002 2 53.500000000000007 19.500000000000004 24.677041366666671 35.500000000000007 0.60598064347493652 23.110319000000004 2.4692245000000006 23.345562000000005 23.610200000000003 22.735698500000002 8.5000000000000018 2.1291060592209532 1.5000000000000002 3 22.393045500000003 12.500000000000002 3.8997800494935677 23.743593500000003 23.413556000000003 8.5000000000000018 0.17027190431566178 22.500000000000004 0.23550505899854099 -2.1021784999999986 22.792748500000005 17.500000000000004 10.500000000000002 0.25308521959135732 13.500000000000002 0.24775096073277128 0.28026075000000011 0.37033016142469583 0.16288188787283078 21.732452000000006 4 11.500000000000002 0.2416651813207934 0.12607414219759561 22.555645000000002 22.978827500000005 3.0368656327401751 24.705222000000003 0.2927946342928146 21.802501000000003 0.43629400000000002 21.637322500000003 0.23731097354609662 5.0083333333333337 21.339749500000003 0.13157993350214806 5
decision_type=2 9 2 2 2 2 2 2 2 2 2 2 2 2 2 2 2 2 9 2 2 2 2 2 2 2 9 2 2 2 2 2 2 10 2 2 2 2 10 2 9 2 2 10 2 2 2 2 2 2 8 2 2 2 2 2 2 2 2 2 2 9 2 2 2 2 2 8 2 2 2 2 2 2 2 2 2 9
left_child=3 2 4 60 5 8 -7 -8 9 28 45 -11 14 -14 15 16 19 24 22 21 38 25 -19 -24 76 -5 -27 46 -2 58 -16 34 -33 39 35 50 -36 68 -20 40 -17 -42 43 44 -39 -6 -21 -48 -44 -35 51 -3 53 54 -41 56 -54 -57 -30 -23 67 -26 63 69 -64 -66 -67 -1 -38 -52 -55 -69 73 77 75 -75 -18 -73
right_child=1 31 -4 12 10 6 7 -9 -10 11 -12 -13 13 -15 30 33 17 18 20 27 -22 59 23 -25 61 26 -28 -29 29 -31 -32 32 -34 49 36 -37 37 42 -40 52 41 -43 48 -45 -46 -47 47 -49 -50 -51 62 -53 55 70 -56 57 -58 -59 -60 -61 -62 -63 64 -65 65 66 -68 71 -70 -71 -72 72 -74 74 -76 -77 -78 -79
leaf_value=0.0015211400684717921 0.011379470176277919 -5.6908539261405141e-05 0.017163854582430301 -0.0025827208075191667 -0.0007602232557111534 -0.00098189374167561997 0.020070417187961754 0.0039752270391224601 -0.0068733705653508965 0.0052122471023616302 0.0050223679005839319 -0.0040960570091480254 -0.0094068443728046788 0.00042822243942267974 0.00086672826984645246 -0.0022977939671053734 -0.0089272945715152159 0.0036194380966690543 -0.0027120462826938519 -0.0030775012654614279 0.0075035458994210961 0.00031368869568685676 0.019236269857416784 0.0061045109849207713 -0.0026241249494562821 0.0015782338715863962 0.012114531033157116 -0.00020508516647082118 0.0043485822896895555 0.00069866899897943135 0.0089151430648440593 0.002039827154588625 -0.0059292204900814691 -0.0011477604387921175 0.0080984454691486029 -0.0040015209798231347 0.0032773712921930821 0.00093979437388043397 0.002944901820648826 -0.00041135255879538949 0.0077479502244971118 0.0011699449380723852 0.00016964502190836052 0.0025483299562493612 -0.0057855105743065387 -0.0077278443589675642 -0.0049267597349396276 -0.012203230229241359 0.006828227035010289 -0.0072149805455015313 -0.00014373933502426648 0.0063919160065730044 -0.0015714377241557514 0.0048183590477562264 -0.0058746549694545583 -0.0016801620534987651 -0.0076702644642634848 0.0031004592663011069 0.010627444026196076 -0.0052385317931716397 -0.0065826763604893927 0.0028589946617064961 -0.0012440918859718683 -0.0060944675257936119 0.0061355664595484326 -0.0013364152121743138 0.0036430586249748781 -0.0047162622569112151 0.0080555234521778596 0.0043816707007388713 0.0010374968758110319 -0.00086319913103413616 -0.0046403480317342011 0.00019934049084906994 0.0034905171566403264 -0.0052589363316237125 -0.0049851410422058727 -0.0026964239909753481
leaf_weight=208 204 242 306 256 205 212 218 200 232 206 201 301 258 250 216 362 202 238 430 268 292 211 210 260 220 507 209 336 229 284 216 259 300 230 203 301 340 217 290 898 208 349 199 380 273 211 212 216 229 287 320 323 411 313 264 3183 298 210 202 296 201 234 464 287 289 329 322 345 203 200 381 551 296 288 243 203 202 2943
leaf_count=208 204 242 306 256 205 212 218 200 232 206 201 301 258 250 216 362 202 238 430 268 292 211 210 260 220 507 209 336 229 284 216 259 300 230 203 301 340 217 290 898 208 349 199 380 273 211 212 216 229 287 320 323 411 313 264 3183 298 210 202 296 201 234 464 287 289 329 322 345 203 200 381 551 296 288 243 203 202 2943
internal_value=1.08177e-05 0.00219732 0.00414345 -0.00102871 0.0027862 0.00387711 0.00787657 0.0123694 0.00235742 0.0038592 -0.0012592 -0.000313984 -0.000493312 -0.00456675 -0.000333086 -0.000513875 0.000471648 0.00219194 0.00486459 -0.00129455 0.00183843 0.000894819 0.00903652 0.0119719 -0.00316581 0.00288874 0.00484502 -0.00443222 0.00616149 0.00467272 0.00489094 0.00108792 -0.00223694 -0.00119217 0.00145299 0.000603474 0.00273182 0.00214007 -0.000433553 -0.000942304 0.0012678 0.00356241 0.000917011 -0.000467982 -0.00280716 -0.00429428 -0.00647291 -0.008599 0.0037323 -0.00451583 0.00110279 0.00362977 -0.0012832 -9.08993e-06 -0.00165259 -0.00185969 -0.00413484 -0.00138428 0.00729135 -0.00292785 -0.00239032 0.00020715 0.000457047 -0.00113851 0.00137415 0.00266656 0.00112655 -0.00222435 0.00506368 0.0015968 0.0027427 -0.00238435 -0.00220652 -0.00203613 -0.000220652 -0.00205734 -0.00695622 -0.00241751
internal_weight=27592 8891 3211 18701 2905 2288 630 418 1658 1426 617 507 13423 508 12915 12483 5089 2578 1720 2511 1012 1479 708 470 858 972 716 1032 919 715 432 5680 559 7394 5121 3077 2044 1841 720 6877 919 557 1298 870 490 416 696 428 428 517 2776 565 5958 1856 1162 4102 709 3393 431 507 5278 454 2211 807 1404 940 651 5077 543 520 694 4869 4524 4228 734 491 404 3494
internal_count=27592 8891 3211 18701 2905 2288 630 418 1658 1426 617 507 13423 508 12915 12483 5089 2578 1720 2511 1012 1479 708 470 858 972 716 1032 919 715 432 5680 559 7394 5121 3077 2044 1841 720 6877 919 557 1298 870 490 416 696 428 428 517 2776 565 5958 1856 1162 4102 709 3393 431 507 5278 454 2211 807 1404 940 651 5077 543 520 694 4869 4524 4228 734 491 404 3494
cat_boundaries=0 1 2 3 4 5 6
cat_threshold=2112 11266 12940 6208 7168 2310
is_linear=0
shrinkage=0.047679


Tree=69
num_leaves=71
num_cat=6
split_feature=19 19 47 0 59 6 6 54 55 6 7 44 54 7 6 0 34 7 55 27 16 54 6 6 7 59 6 6 7 46 7 52 0 8 51 0 7 31 55 7 52 46 30 51 29 7 55 54 9 16 21 40 3 52 44 29 0 21 55 0 7 51 51 52 51 6 51 31 52 42
split_gain=23.7116 8.51093 5.46487 4.89155 6.42538 5.18272 6.61805 14.3214 13.3319 6.42361 5.74879 4.14144 4.04002 3.99145 3.47626 3.24115 3.23336 2.6651 4.11868 5.05021 2.75432 2.50706 2.25628 2.90525 5.52442 2.55522 2.24606 5.9766 5.98633 7.43399 3.0472 2.42103 2.10019 3.19191 2.36371 2.10005 2.41555 2.30786 1.96998 5.99267 3.96934 2.17129 2.39409 2.0448 1.91468 1.90886 1.85373 1.68839 1.61504 1.56636 1.74518 1.51607 1.47237 1.36123 1.29907 1.22415 1.00293 0.947831 0.8416 0.822013 0.545586 0.347941 0.363297 0.308268 0.299292 0.233173 0.191174 0.304064 0.190793 0.0949148
threshold=22.585751500000004 26.064242500000002 21.702723500000005 0 5.491666666666668 13.500000000000002 11.500000000000002 0.67343037526879301 0.53190967447834703 9.5000000000000018 32.500000000000007 23.598737000000003 0.61433241710291886 23.500000000000004 8.5000000000000018 1 23.635836500000003 52.500000000000007 0.61233226342483438 22.544771000000004 1.5620745000000007 0.72863878684144778 16.500000000000004 15.500000000000002 14.500000000000002 5.7500000000000009 12.500000000000002 10.500000000000002 41.500000000000007 22.383085500000004 42.500000000000007 0.24660746338227965 2 1.5000000000000002 22.465606583333336 3 32.500000000000007 20.834290500000005 0.60002890631510863 46.500000000000007 0.61195945831958565 22.066759500000003 22.314235500000006 22.538725733333337 22.202641000000003 44.500000000000007 0.2956829348824021 0.18969094499243247 22.9200695 1.0000000180025095e-35 21.852817500000004 21.836882000000003 4.4976420000000008 0.21809967998456634 22.381817500000004 21.473408000000003 4 22.117553000000004 0.26905938599367391 5 32.500000000000007 21.262781366666669 21.187380433333335 0.077592399874133064 21.356534883333335 19.500000000000004 21.457374083333338 21.370107500000003 0.074087078100364509 21.451135000000004
decision_type=2 2 2 9 2 2 2 2 2 2 2 2 2 2 2 9 2 2 2 2 8 2 2 2 2 2 2 2 2 2 2 2 9 2 2 9 2 2 2 2 2 2 2 2 2 2 2 2 2 10 2 2 2 2 2 2 9 2 2 9 2 2 2 2 2 2 2 2 2 2
left_child=2 3 12 4 5 6 7 9 -8 10 14 -11 22 -7 -2 46 17 18 26 -20 -19 38 23 25 -25 35 27 30 29 -29 31 -17 34 -34 44 36 -1 -37 40 -40 41 -5 -43 -44 -28 -12 52 59 -45 50 -39 -48 -4 -35 -53 -51 58 -54 -22 60 64 62 63 65 -24 -61 67 -62 69 -66
right_child=1 -3 15 21 -6 13 8 -9 -10 11 45 -13 -14 -15 -16 16 -18 20 19 -21 56 -23 47 24 -26 -27 32 28 -30 -31 -32 -33 33 53 -36 37 -38 49 39 -41 -42 42 43 48 -46 -47 51 -49 -50 55 -52 54 57 -55 -56 -57 -58 -59 -60 61 66 -63 -64 -65 68 -67 -68 -69 -70 -71
leaf_value=-0.0015686498406791358 0.0061390802852946541 0.011183478866554271 -0.0042996575879706116 0.0053474310861720553 0.0091696563486577572 -0.0056456769997728111 -0.0013652337032328168 -0.0091218633984666685 0.013689895817517088 0.0034244111078250822 -0.0002873667967951707 -0.0048650836046835039 -0.0072276101212147299 0.0021475937445334958 0.014246817955076449 0.0021031233071714408 0.0059771165482131027 -0.0073688767970765765 0.0076892541910001683 -0.0017785902383166379 -0.001633355287809459 -0.0034984906103700266 0.00077649543313140508 -0.0033702415786922841 0.005649248398472655 0.0033459615735882608 -0.0022574484938072494 -0.00068879673443891765 0.010344941774179677 0.0076258400624695652 -0.0060740772148398037 -0.0033245747623897033 0.0057047520669594298 -0.00089045360485183022 -0.0067131660090410106 0.0025985684753619042 0.0046313930055753389 -0.0027395937179269022 0.007372554297253601 -0.0025298924537196371 -0.0040651255834154793 -0.0031064559077332 0.005951405121235708 -0.00024772550912705032 0.0021615316532587058 0.0052150344937012417 -0.0011506362881841484 -0.0068620344461542623 0.001707056731281003 -0.0028565368250061188 -0.0067541393207765817 -0.008488575368341118 -0.0010981133082597001 0.0021922765726672252 -0.0032102607928590145 0.0014639407835405189 -0.0031165363703563364 0.0027107696611354073 0.0027135863246882178 -0.0016707552303095515 -0.0030563004883264111 -0.0049060714703330231 -0.0014578548209944972 -0.0045619093738073517 -0.0010933872925597094 -0.0035369440357235602 -0.0033453826290443418 -0.00053276214975894569 -9.6724518421686118e-05 -0.0024695016509155661
leaf_weight=377 283 221 202 269 364 281 216 228 351 286 277 263 311 319 209 457 211 201 353 201 203 279 211 260 380 234 1078 816 222 349 261 316 215 1923 216 203 230 1937 377 220 351 310 199 1500 281 297 245 201 2673 274 282 213 382 392 211 327 289 243 202 267 227 230 305 317 213 354 351 208 211 245
leaf_count=377 283 221 202 269 364 281 216 228 351 286 277 263 311 319 209 457 211 201 353 201 203 279 211 260 380 234 1078 816 222 349 261 316 215 1923 216 203 230 1937 377 220 351 310 199 1500 281 297 245 201 2673 274 282 213 382 392 211 327 289 243 202 267 227 230 305 317 213 354 351 208 211 245
internal_value=4.55952e-05 0.00193325 -0.00098866 0.00171923 0.003177 0.00246286 0.00345002 0.00206418 0.00795461 0.00364339 0.00580133 -0.000546695 -0.001898 -0.00150226 0.00958323 -0.000222736 0.000151306 -2.64204e-06 0.000307252 0.00425417 -0.0024541 0.000916468 -0.00168669 -0.000990339 0.00198508 -0.00148316 -2.78064e-05 0.00112398 0.00316939 0.00180203 -0.0016197 -0.000115703 -0.000707096 0.000147068 -0.00206699 -0.00179446 0.000767974 -0.0023039 0.00112683 0.00372341 0.000834459 0.00118181 0.000942483 0.00122958 -0.00134374 0.0025597 -0.0022554 -0.00262573 0.0010044 -0.00266498 -0.00324978 -0.00413653 -0.000760935 -0.000368453 -0.00586187 -0.000505795 -0.00103065 0.000382781 0.000521864 -0.00235446 -0.00159506 -0.00318094 -0.00288732 -0.00335213 -0.000789191 -0.00273457 -0.00251759 -0.00184964 -0.001283 -0.00182952
internal_weight=27610 9773 17837 9552 3374 3010 2410 1843 567 1615 1066 549 8155 600 492 9682 8186 7975 7080 554 895 6178 7844 4504 640 3864 6526 2421 1387 1165 1034 773 4105 2530 1575 3630 607 3023 5899 597 5302 4951 4682 4372 1359 574 1496 3340 4173 2820 2219 669 827 2315 424 601 694 625 405 3139 1666 1473 1243 938 880 621 786 435 669 458
internal_count=27610 9773 17837 9552 3374 3010 2410 1843 567 1615 1066 549 8155 600 492 9682 8186 7975 7080 554 895 6178 7844 4504 640 3864 6526 2421 1387 1165 1034 773 4105 2530 1575 3630 607 3023 5899 597 5302 4951 4682 4372 1359 574 1496 3340 4173 2820 2219 669 827 2315 424 601 694 625 405 3139 1666 1473 1243 938 880 621 786 435 669 458
cat_boundaries=0 1 2 3 4 5 6
cat_threshold=2752 4992 3136 3584 1037 2063
is_linear=0
shrinkage=0.047679


Tree=70
num_leaves=69
num_cat=6
split_feature=9 9 29 0 55 8 9 0 6 55 17 59 25 53 0 55 29 26 55 55 56 0 6 24 59 46 6 22 44 0 50 28 23 53 21 47 52 20 30 25 52 6 8 57 59 3 9 46 9 54 53 38 26 56 6 6 38 56 6 53 6 15 29 0 53 55 54 47
split_gain=20.8669 10.5425 6.83493 10.9291 5.25213 4.72094 5.97369 4.27725 6.61882 4.19756 10.7949 3.28281 6.37734 4.41831 3.79618 3.3814 3.3955 3.10209 3.83125 3.92736 3.74975 3.46407 3.26224 2.78467 2.67789 2.42777 2.28191 2.03105 3.44905 3.75356 2.26729 1.96135 1.79297 1.71926 1.5317 1.39139 1.23991 1.30426 1.2727 1.39893 1.18523 1.22438 1.18135 1.13954 2.63199 1.76618 2.38189 1.27045 1.12653 1.00322 0.979919 1.17833 1.08996 1.20636 0.944698 0.870714 0.89422 0.805977 0.65487 0.636646 0.770521 0.597023 0.501439 0.491097 0.440216 1.1217 0.473848 0.126443
threshold=22.283546000000005 24.463470500000003 24.1756165 0 0.80302497319457766 1.5000000000000002 25.580967000000005 1 9.5000000000000018 0.69710345041220156 0.78303950000000044 5.4750000000000005 22.119891000000003 0.67202509117516762 2 0.36222255692261224 23.503335000000003 24.479474000000003 0.50491630465249748 0.39593878032388313 0.48452700000000176 3 13.500000000000002 22.521521500000002 5.991666666666668 23.075636000000003 8.5000000000000018 22.105487500000006 22.400192000000001 4 22.208771025000001 22.169304500000003 23.103884500000003 0.41280666162319452 22.529638000000002 22.019296500000006 0.15396282163372485 22.020912000000003 21.564771750000002 21.854790500000004 0.23471347380641291 9.5000000000000018 1.5000000000000002 30.500000000000004 5.4750000000000005 2.7871270000000004 21.551746000000005 22.134496500000001 21.618464500000005 0.22738934444194514 0.41703465619175889 21.432013500000004 21.733287500000003 0.045124500000000019 10.500000000000002 12.500000000000002 21.353200000000005 -0.12453149999999978 14.500000000000002 0.040482013298641296 17.500000000000004 0.94560336544979273 22.089717000000004 5 0.10818303734186711 0.26380737175990515 0.05885367287745321 20.937332500000004
decision_type=2 2 2 9 2 2 2 9 2 2 10 2 2 2 9 2 2 2 2 2 2 9 2 2 2 2 2 2 2 9 2 2 2 2 2 2 2 2 2 2 2 2 2 2 2 2 2 2 2 2 2 2 2 2 2 2 2 2 2 2 2 10 2 9 2 2 2 2
left_child=7 4 3 -3 9 6 26 8 -1 11 -11 13 -13 17 24 49 25 18 19 31 -21 22 -20 27 40 -17 -4 36 30 -30 35 -2 -6 -23 -25 -29 37 42 -38 -40 41 -14 -10 44 50 -46 -47 48 57 -16 52 -52 54 61 -9 56 -56 -45 -59 60 -44 62 -54 -61 66 -66 -57 -60
right_child=1 2 5 -5 32 -7 -8 43 23 10 -12 12 14 -15 15 16 -18 -19 21 20 -22 33 -24 34 -26 -27 -28 28 29 -31 -32 -33 -34 -35 -36 -37 38 -39 39 -41 -42 -43 59 47 45 46 -48 -49 -50 -51 51 -53 53 -55 55 64 -58 58 67 63 -62 -63 -64 -65 65 -67 -68 -69
leaf_value=0.005673188135298479 -0.0019230624615201506 0.01769091522974579 0.0051329064296942476 0.0019007699557918659 -0.007367592666750928 -0.0015122584050683472 0.011422288907240168 -0.0048541289102409617 0.0016536554951337033 0.01102805588189703 -0.0032319213397590529 0.0099369515170737843 0.0047475032521282819 -0.0053104980389789436 0.0023929447508032262 0.0061873738970145507 0.010774700147297497 -0.0052249643473315103 0.0071349686425965248 -0.00079536367345136368 -0.0073444898808629026 0.0029507547227330942 0.00053336105350316586 -0.0021863742948597317 -0.0050073752622325539 -0.00061189461067728953 -0.00067199041991561283 -0.0010219493627599832 0.009197825738520236 0.00023458980259931568 -0.0035533809357308974 0.001333434344508331 -0.0012715517844579529 -0.0030258345414953484 -0.0073235984830982599 0.0042985720140215943 0.0038147101206157689 -0.0041797164154106321 -0.0030502247861448964 0.0016373320797505374 -0.0017384946236522951 -0.00036219977314226885 0.0023855151703966113 -0.0061585887943461908 -0.0021118356538974347 0.0063972623042244875 -0.0006450400540640996 -0.0063842623329744032 -9.7709064086496752e-05 -0.0016473426679171181 -0.0070489684465741605 -0.0021519171737142176 0.0009572942979374884 0.002185498780772498 0.00087740238469180532 -0.0019435996361863385 -0.0029149772828934283 -0.00087553137784998256 -0.0047601817974135341 -0.00063302224143175307 -0.0015977576226061775 -0.0036373437728137925 -0.0022868121494089388 -0.0017889627845578285 -0.00063863095162455157 -0.0045499806336868603 -0.0036635789603945827 -0.0030969985836907074
leaf_weight=378 469 206 353 205 214 348 242 318 356 302 201 231 227 297 312 294 201 201 552 1319 234 204 246 384 244 201 273 226 202 225 341 4061 225 236 201 221 231 310 252 340 259 201 234 201 271 213 224 252 294 253 200 253 226 265 386 587 223 266 202 1301 209 222 208 2531 635 226 959 214
leaf_count=378 469 206 353 205 214 348 242 318 356 302 201 231 227 297 312 294 201 201 552 1319 234 204 246 384 244 201 273 226 202 225 341 4061 225 236 201 221 231 310 252 340 259 201 234 201 271 213 224 252 294 253 200 253 226 265 386 587 223 266 202 1301 209 222 208 2531 635 226 959 214
internal_value=-1.83273e-05 0.0013902 0.00497621 0.0102917 0.000868524 0.0031796 0.00506067 -0.00123863 -0.000483388 0.00107737 0.00532974 0.000868529 0.00240193 0.000393349 0.00160787 0.0032979 0.00554858 0.000618561 0.000778996 0.000286941 -0.00178216 0.00319674 0.00503677 -0.000791693 -0.000709021 0.00342646 0.00260138 -0.000526831 0.00124477 0.00469571 -0.000625227 0.000996283 -0.0042432 -0.000249207 -0.00395147 0.00160856 -0.000900268 -0.00118567 0.000813165 -0.000358047 0.000807295 0.00234785 -0.000985244 -0.00211113 -0.00179821 0.000912177 0.00278748 -0.00331186 -0.00265405 0.000583754 -0.00220581 -0.00431397 -0.00198137 -0.00052947 -0.00238244 -0.00212184 -0.000511269 -0.00350519 -0.00272318 -0.001205 0.000506274 -0.00162622 -0.000597485 -0.00140283 -0.00252933 -0.0016653 -0.00301052 -0.0039046
internal_weight=27598 12811 1627 411 11184 1216 868 14787 7942 10745 503 10242 2423 7819 2192 1261 696 7522 7321 6083 1553 1238 798 7564 931 495 626 6979 1215 427 788 4530 439 440 585 447 5764 4941 823 592 687 428 4631 6845 5416 708 437 1429 1177 565 4708 453 4255 921 3334 3016 609 883 682 4275 443 656 434 3832 2407 861 1546 416
internal_count=27598 12811 1627 411 11184 1216 868 14787 7942 10745 503 10242 2423 7819 2192 1261 696 7522 7321 6083 1553 1238 798 7564 931 495 626 6979 1215 427 788 4530 439 440 585 447 5764 4941 823 592 687 428 4631 6845 5416 708 437 1429 1177 565 4708 453 4255 921 3334 3016 609 883 682 4275 443 656 434 3832 2407 861 1546 416
cat_boundaries=0 1 2 3 4 5 6
cat_threshold=10240 3086 14084 2122 3072 12
is_linear=0
shrinkage=0.047679


Tree=71
num_leaves=64
num_cat=2
split_feature=18 20 0 17 38 53 51 0 55 6 10 6 54 9 40 26 10 17 42 36 14 53 6 6 8 46 47 6 40 38 55 16 19 34 55 24 20 53 6 37 47 56 55 56 54 8 53 29 47 25 16 26 55 37 8 57 55 29 44 50 47 52 53
split_gain=18.8321 8.30394 5.39894 5.55016 8.98697 6.66416 4.95252 4.8871 4.46964 13.589 3.80631 3.61231 3.12321 3.01453 5.08074 3.4823 2.73388 4.88099 2.72013 2.6924 2.46799 2.25568 2.32319 2.89857 6.13089 2.19941 2.19143 2.15495 3.37554 2.08868 2.51934 2.34319 2.47246 1.93235 1.89905 1.85678 2.97899 2.0953 2.78982 2.2423 1.76571 1.74295 2.03377 1.71028 1.61294 1.55874 1.41395 1.41178 1.60066 1.58986 1.57867 1.53014 1.39129 1.30466 2.76455 1.16245 1.13414 1.10288 0.366019 0.438282 0.416498 0.159684 0.222067
threshold=22.572585250000003 26.076946500000002 0 0.78303950000000044 22.658327250000003 0.2642718908509214 22.858137583333335 1 0.61754402514682971 11.500000000000002 1.5000000000000002 13.500000000000002 0.72863878684144778 24.220251500000003 23.676833500000004 24.552086000000003 1.5000000000000002 1.3369245000000003 24.196684500000003 25.205706500000005 5.168160651844028 0.61621053457369579 12.500000000000002 8.5000000000000018 2.5000000000000004 23.478258000000004 23.374640750000001 16.500000000000004 20.836624500000003 23.282606000000005 0.4448682292428901 0.4920110000000007 22.859953000000001 23.559285000000006 0.43927418770302112 23.186655000000005 22.908802000000005 0.53068148999959885 9.5000000000000018 22.609757500000004 23.253548000000002 0.54723300000000041 0.37251388926232926 -0.39935949999999915 0.22738934444194514 1.5000000000000002 0.19537565737518733 21.574646000000005 21.750537500000004 22.108925500000002 -0.067316000000000362 22.745724500000005 0.34572099880431068 21.309303500000002 1.5000000000000002 30.500000000000004 0.34572099880431068 21.464005500000003 21.364015500000004 21.265168162500004 21.187322500000004 0.088496004037321316 0.070338102401535832
decision_type=2 2 9 10 2 2 2 9 2 2 2 2 2 2 2 2 2 10 2 2 10 2 2 2 2 2 2 2 2 2 2 8 2 2 2 2 2 2 2 2 2 2 2 2 2 2 2 2 2 2 10 2 2 2 2 2 2 2 2 2 2 2 2
left_child=7 2 3 6 -5 -6 -2 10 11 -10 20 13 16 14 40 -15 21 -18 -7 -17 33 22 23 45 44 -26 27 28 -9 31 -31 32 -24 35 -19 36 37 38 -1 -40 -8 47 -43 -33 -25 -4 58 53 49 50 -49 52 -50 54 -30 57 -56 -55 59 60 61 62 -29
right_child=1 -3 12 4 5 18 8 26 9 -11 -12 -13 -14 15 -16 19 17 34 -20 -21 -22 -23 29 24 25 -27 -28 46 41 30 -32 43 -34 -35 -36 -37 -38 -39 39 -41 -42 42 -44 -45 -46 -47 -48 48 51 -51 -52 -53 -54 55 56 -57 -58 -59 -60 -61 -62 -63 -64
leaf_value=0.0046198854692033964 0.009561775902846301 0.010864763652502668 0.0046608647496957359 -0.0090964082164223092 0.0092462301973336002 0.0018707443542495472 0.0071080074046491028 0.0037990775987391044 -0.0022119766802628791 0.012099297195093037 0.0058410885923154323 -0.0033176654161804096 -0.0043633632059240776 0.01043079183260495 -0.0041354105886124305 -0.00026359962328937231 -0.0021692490897734606 0.0032863759650235622 -0.0049652018894336888 0.006772440038000923 0.0048989541181092451 -0.0033730785333291723 0.0015309814237937762 -0.00026241407790784829 0.0070311104895520388 6.9826861883214272e-05 -0.0065331506904493571 -0.0029693649370729964 0.003559322287480739 0.00083394285324767006 0.0078147960422619792 0.0055282080589469998 -0.0059755040875331305 0.0041680039912387586 0.0087407757794366117 -0.0050558158438426077 0.0044459112458584103 -0.0046843748065041445 -0.00030235990002352276 -0.003196456255563918 0.0014150833848147334 -0.00097600030644175661 -0.0076530751775029555 0.0010896886532332367 -0.0040321148669851996 -0.00025083398469843331 -0.006482516833218762 -0.0012183822809706877 -0.00087690233502908199 0.0042732777233825368 0.0034130902825146828 0.00228709170251755 -0.003339850388119822 -0.0013109254176089376 -0.0024696536831881055 -0.0057490518710130939 0.0012724264021638963 -0.0046605952079847787 -0.0009756900373791347 -0.0047337044772544018 -0.00090312313752276285 -0.0038582213110324361 -0.0012215558284389635
leaf_weight=239 317 216 325 205 216 370 209 297 244 395 240 251 284 202 293 266 262 335 206 231 205 349 199 353 212 201 206 693 247 221 251 246 200 204 256 201 276 275 5332 687 304 203 212 998 959 268 221 661 1850 248 224 257 726 720 1215 293 217 324 316 219 313 278 217
leaf_count=239 317 216 325 205 216 370 209 297 244 395 240 251 284 202 293 266 262 335 206 231 205 349 199 353 212 201 206 693 247 221 251 246 200 204 256 201 276 275 5332 687 304 203 212 998 959 268 221 661 1850 248 224 257 726 720 1215 293 217 324 316 219 313 278 217
internal_value=-5.42842e-05 0.00161939 0.00141197 0.00283545 -0.000198831 0.0021042 0.00396138 -0.00097905 0.00322012 0.00663459 -6.84476e-05 0.00197761 0.000514323 0.00286075 0.000873554 0.00515213 0.000761068 0.00324763 -0.000574057 0.00300667 -0.00025971 0.000317521 0.000608073 -0.00043453 -0.00142307 0.00364318 -0.00166399 -0.00156487 -0.00118485 0.00175075 0.00454622 0.000947665 -0.00223167 -0.000406304 0.00564903 -0.000539422 -0.000406099 -0.000611082 -0.000432086 -0.000632688 0.00373442 -0.00138496 -0.00438694 0.0019674 -0.00301786 0.00244108 -0.00286032 -0.00120653 -0.000615296 0.000899343 -4.6122e-05 -0.00122104 -0.00157104 -0.001984 -0.00109908 -0.00309527 -0.00190259 -0.00235048 -0.00246715 -0.00274116 -0.00245044 -0.00285811 -0.00255258
internal_weight=27660 9844 9628 3709 997 792 2712 17816 2395 639 7659 1756 5919 1505 806 699 5635 853 576 497 7419 4782 4433 2318 1725 413 10157 9951 7694 2115 472 1643 399 7214 591 7010 6809 6533 6258 6019 513 7397 415 1244 1312 593 2257 6982 3966 1133 885 2833 2576 3016 1679 1337 1432 1044 2036 1720 1501 1188 910
internal_count=27660 9844 9628 3709 997 792 2712 17816 2395 639 7659 1756 5919 1505 806 699 5635 853 576 497 7419 4782 4433 2318 1725 413 10157 9951 7694 2115 472 1643 399 7214 591 7010 6809 6533 6258 6019 513 7397 415 1244 1312 593 2257 6982 3966 1133 885 2833 2576 3016 1679 1337 1432 1044 2036 1720 1501 1188 910
cat_boundaries=0 1 2
cat_threshold=2496 2062
is_linear=0
shrinkage=0.047679


Tree=72
num_leaves=73
num_cat=9
split_feature=32 59 9 7 52 6 52 21 19 25 21 6 0 53 6 22 45 16 7 56 7 6 0 40 38 0 49 0 7 36 24 6 7 0 34 7 17 21 51 59 0 18 0 50 30 53 17 0 30 44 6 7 0 2 53 7 26 9 40 51 53 40 17 42 6 53 22 20 6 48 30 30
split_gain=17.7727 7.85048 4.9616 7.43591 13.1064 4.84349 4.77934 4.62001 4.61805 3.82201 3.27831 3.82155 3.85357 6.2658 3.40096 6.27171 6.14493 3.81582 3.24705 3.1783 2.79723 7.67245 8.52937 5.71761 3.02424 2.67093 2.93827 2.60412 2.4527 2.56576 2.67362 2.33522 6.18117 6.45993 3.25784 2.55946 2.73116 2.26058 2.02731 1.99934 1.93023 1.90386 1.88388 1.78002 1.64516 2.90641 1.58483 1.55259 1.37561 1.36892 1.33546 1.46046 1.21606 1.178 1.17634 1.25833 1.06269 2.27945 1.01271 1.85763 2.12817 2.12534 0.995408 0.936122 2.93985 1.56792 0.828345 0.819042 0.812637 0.76201 1.44799 0.953354
threshold=22.642500000000002 6.0083333333333337 24.044635000000003 27.500000000000004 0.49843922428122817 9.5000000000000018 0.43588602690827927 23.739837000000005 22.093372500000005 24.409077500000006 23.232987500000004 11.500000000000002 0 0.26666751695895369 13.500000000000002 22.845371000000004 22.886760500000005 0.63705599999999996 53.500000000000007 0.03911450000000017 36.500000000000007 10.500000000000002 1 22.207621000000003 21.600635750000006 2 24.605351300000006 3 8.5000000000000018 23.123507000000007 23.520100000000003 12.500000000000002 16.500000000000004 4 22.336423000000003 6.5000000000000009 0.9161904999999998 23.708822500000004 22.834465250000004 6.2500000000000009 5 22.572585250000003 6 22.387816625000003 22.628128000000004 0.31506261185563472 3.2185555000000008 7 23.273590000000002 22.899633000000005 9.5000000000000018 33.500000000000007 8 11.194761000000002 0.36608304144134524 38.500000000000007 22.578396000000001 22.338475500000005 22.165468000000001 21.497437266666669 0.090078622600780853 21.855512500000007 -3.1894904999999993 20.935173000000002 16.500000000000004 0.17027190431566178 22.371881500000004 22.176083500000001 12.500000000000002 21.954862600000006 22.090174500000003 21.906406500000003
decision_type=2 2 2 2 2 2 2 2 2 2 2 2 9 2 2 2 2 8 2 2 2 2 9 2 2 9 2 9 2 2 2 2 2 9 2 2 10 2 2 2 9 2 9 2 2 2 8 9 2 2 2 2 9 2 2 2 2 2 2 2 2 2 10 2 2 2 2 2 2 2 2 2
left_child=7 2 9 4 5 62 25 8 39 10 11 12 49 50 15 16 -13 -17 20 28 24 66 -23 -24 -10 -5 -27 44 -12 -30 -31 32 42 34 -34 -33 52 48 -29 47 -32 -25 -26 -35 -16 -46 -20 54 -21 -2 -14 -52 -37 -15 58 68 57 67 59 63 -61 -62 -4 64 -1 -65 -22 69 -56 70 -49 -71
right_child=1 -3 3 6 -6 -7 -8 -9 18 -11 19 14 13 53 27 17 -18 -19 46 37 21 22 23 41 31 26 -28 38 29 30 40 35 33 43 -36 36 -38 -39 -40 -41 -42 -43 -44 -45 45 -47 -48 56 -50 -51 51 -53 -54 -55 55 -57 -58 -59 -60 60 61 -63 -64 65 -66 -67 -68 -69 -70 71 -72 -73
leaf_value=0.0018858505495953414 -0.00084156492457165822 0.0090755007392238369 0.0090623117980352282 0.0065632182255229866 0.016682314030100627 -0.0011096292872123394 -0.0040208395581316598 -0.0080922180556720277 -0.005460618449156426 -0.0048234369557243325 -0.00080754463626349956 0.003034217826467098 0.0020109146717474536 -0.010040152991825192 -0.0018353790263793981 -0.0054585282867899172 0.013479745251691983 0.0037426142508748491 -0.006483952865586483 0.005083586973373232 -0.0053209285383762558 0.012968968006020489 0.0077599940195829473 -0.0027120275914000766 0.00072302539011266079 -0.0032818102305469466 0.0035288441057195544 -0.00033168731909611357 0.0084228264838338181 0.00028172073584888194 0.0079843949701288441 0.0028635561437448782 0.0045506931139779492 0.0035181764758295251 0.013178113216777728 -0.0026580145635424768 -0.0057666684802312991 -0.003134771298098376 -0.0065045540628748608 0.0030772711737847348 0.0022278601799839964 0.0027624357592211913 -0.0043487802507486493 -0.0018823562210834722 0.00062250612095552716 0.0068201878873129194 -0.0011533612888235743 -0.0010542416915706122 2.8111913230593505e-05 0.0037663604282198926 -0.0049740617062341242 0.00074580932343326005 0.00058191525130183591 -0.0050509729156494937 -0.0031707046595478945 -0.001239614438994137 -0.0041315828314686795 0.0038578507409288238 -0.004154779287349232 -0.0037463665477494379 0.0026418617312325668 -0.0022495381147949818 0.0044688475503696186 -0.0020068581582167347 -0.0026420090724701998 -0.0051614910350921278 -0.0010378173678443642 0.0018726495196049013 -0.0070827859238896092 9.5647626377306469e-05 0.0022104612899911183 -0.0038373752397090751
leaf_weight=496 269 316 213 274 223 305 324 199 217 264 224 333 307 224 270 201 208 209 204 203 199 209 299 333 324 233 377 306 304 379 305 338 199 266 199 415 303 308 200 233 275 255 333 290 583 244 335 4613 308 322 206 200 688 207 237 302 217 236 349 255 665 290 216 1755 951 450 212 229 246 206 331 438
leaf_count=496 269 316 213 274 223 305 324 199 217 264 224 333 307 224 270 201 208 209 204 203 199 209 299 333 324 233 377 306 304 379 305 338 199 266 199 415 303 308 200 233 275 255 333 290 583 244 335 4613 308 322 206 200 688 207 237 302 217 236 349 255 665 290 216 1755 951 450 212 229 246 206 331 438
internal_value=-3.91136e-06 0.00168868 0.00143001 0.00341995 0.00655932 0.0034838 0.000932876 -0.000867024 -0.000787661 0.000801893 0.00102708 0.000247612 -0.00147914 -0.00307859 0.00142064 0.00367952 0.00705025 -0.00076819 0.000347769 0.00247683 0.00072118 0.00244385 0.00452715 0.00236517 -5.60137e-06 0.00274849 0.000912439 8.05285e-05 0.00379048 0.00460597 0.00339604 0.000347227 0.00165602 0.0041069 0.00864714 -0.000861754 -0.00175731 9.17185e-05 -0.00271784 -0.00129801 0.00543108 -0.000337898 -0.0019028 0.000688961 0.00138346 0.00245109 -0.00317088 -0.00138112 0.00203645 0.00164124 -0.000362054 -0.00215639 -0.00065592 -0.00764396 -0.00192989 -0.00365374 -0.000851893 -0.000735723 -0.00167391 -0.00149583 0.000123263 0.00115652 0.00674952 -0.00203228 -0.00108996 -0.00265066 -0.00311164 -0.000922088 -0.0051632 -0.00103662 -0.00083567 -0.0025793
internal_weight=27656 9340 9024 2165 957 734 1208 18316 18117 6859 6595 4289 1735 1144 2554 951 541 410 5618 2306 5079 1507 1096 887 3572 884 610 1603 1487 1263 959 3355 1611 954 398 1744 1406 819 506 12499 580 588 657 556 1097 827 539 12266 511 591 713 406 1103 431 5996 785 6270 6053 5211 4862 1210 955 429 3652 1447 2205 411 5817 483 5588 4944 644
internal_count=27656 9340 9024 2165 957 734 1208 18316 18117 6859 6595 4289 1735 1144 2554 951 541 410 5618 2306 5079 1507 1096 887 3572 884 610 1603 1487 1263 959 3355 1611 954 398 1744 1406 819 506 12499 580 588 657 556 1097 827 539 12266 511 591 713 406 1103 431 5996 785 6270 6053 5211 4862 1210 955 429 3652 1447 2205 411 5817 483 5588 4944 644
cat_boundaries=0 1 2 3 4 5 6 7 8 9
cat_threshold=1094 6144 328 9229 3138 3072 12362 12865 3074
is_linear=0
shrinkage=0.047679


Tree=73
num_leaves=60
num_cat=4
split_feature=30 9 26 18 16 9 34 14 55 37 6 35 54 6 59 0 6 7 8 6 7 8 55 54 8 9 34 6 0 7 54 0 6 54 16 56 59 7 0 38 55 54 55 7 52 2 14 55 38 33 6 22 59 9 30 9 41 34 35
split_gain=17.5665 8.08185 4.78961 5.32089 4.46511 4.04188 3.02113 2.75207 2.97162 2.44417 4.30856 3.77408 3.7578 3.29502 9.62283 7.38792 6.762 5.65215 7.83968 11.4442 5.45975 4.85174 4.32186 8.121 4.22513 4.01857 5.47928 3.86603 2.60844 2.60632 2.38198 2.26674 3.9069 4.20944 2.18825 2.03606 1.88339 2.06531 1.86279 3.05279 1.79661 1.71215 1.7063 1.67468 1.62487 1.6177 1.52268 1.26818 1.23363 1.17504 1.06762 1.7496 1.814 1.29445 1.25047 0.992057 0.957959 0.93894 0.696075
threshold=22.736691500000003 26.061347000000001 23.599598000000004 21.842958500000005 -5.3799349999999988 23.585904000000003 23.508074000000004 4.4323431529325203 0.26658908182704905 22.769381500000005 11.500000000000002 22.973703000000004 0.40269101008773972 10.500000000000002 5.491666666666668 0 9.5000000000000018 22.500000000000004 2.5000000000000004 13.500000000000002 31.500000000000004 2.5000000000000004 0.61754402514682971 0.50253050122684939 1.5000000000000002 23.732992000000003 23.924629000000007 14.500000000000002 1 38.500000000000007 0.7156317868495613 2 12.500000000000002 0.12870123561991123 -1.3946219999999998 0.023613000000000998 5.0250000000000012 20.500000000000004 3 22.327950500000004 0.29858712464652198 0.43425137588301793 0.38513617911600889 43.500000000000007 0.2062755621257191 11.194761000000002 3.4159002629997 0.44207696787667011 22.408994000000003 23.437338500000003 9.5000000000000018 22.218539500000002 5.5083333333333337 21.579746500000002 22.235720000000004 21.142061000000002 21.961633500000001 22.783541500000002 20.855125000000005
decision_type=2 2 2 2 8 2 2 8 2 2 2 2 2 2 2 9 2 2 2 2 2 2 2 2 2 2 2 2 9 2 2 9 2 2 8 2 2 2 9 2 2 2 2 2 2 2 10 2 2 2 2 2 2 2 2 2 2 2 2
left_child=2 9 3 34 -5 6 7 8 46 10 12 28 -2 16 17 -16 20 18 19 -15 25 22 23 29 40 49 -27 -21 41 -19 -24 32 33 -9 -1 -34 57 -38 47 -40 43 -12 -18 -22 -26 -28 -6 -10 -30 -11 53 52 54 -36 55 58 -57 -33 -52
right_child=1 -3 -4 4 5 -7 -8 31 38 13 11 -13 -14 14 15 -17 42 21 -20 27 24 -23 30 -25 44 26 45 -29 48 -31 -32 36 35 -35 50 -37 37 -39 39 -41 -42 -43 -44 -45 -46 -47 -48 -49 -50 -51 51 -53 -54 -55 -56 56 -58 -59 -60
leaf_value=0.0024952254294183045 0.00029373511420295795 0.011173486575032605 -0.0076212496680916663 -0.0055563056833038815 0.004326830303667005 0.0064712241237354909 0.0057731200671697347 2.916111448169238e-06 -0.006838631233895099 0.0035173994708732254 0.0028708574113152619 -0.0039395045568182147 -0.0070306960215495923 0.0090385313283772219 0.015755707301396714 0.0040376741832389923 -0.00065791343769417364 0.0063063694128291294 -0.0065211220720652946 -0.0073697124585766789 0.0014292499086971738 0.00888763922335516 0.010106144534166837 -0.0075581558908600242 -0.00034878358295918274 0.013628000068260829 0.0012316684662546866 0.00097542454166142537 0.0030629473024088999 0.00015825697461059097 0.002880706616364396 -0.00018459188476041918 -0.0020999184439553648 0.0081332327040127828 0.0028422133373304528 0.0037088514765315434 0.0047043281751586452 0.00029468198924885084 0.0012823192744397052 -0.0038045222018725572 -0.00063645174613456712 0.0084597434919722811 -0.0054660702814993993 0.0073122141362533749 -0.0051109830272739794 0.0071423542329382842 -0.0011557146998216767 -0.0019490025095601972 -0.0019651425163751375 -0.0014166073032036936 -0.0014997949609492269 -0.0058715274065805814 0.002388153900237082 -0.0019905401357536677 -0.0053361475248800356 -0.0010630223547665916 -0.0028999551261804841 -0.0028665740410031893 -0.0031355624700529698
leaf_weight=313 346 206 229 299 258 240 215 232 306 231 264 213 295 322 208 334 307 312 350 211 210 338 204 213 335 200 221 314 207 315 211 3413 432 385 269 201 375 678 529 544 237 236 370 231 317 201 208 199 239 209 1053 220 256 237 208 5510 731 325 1349
leaf_count=313 346 206 229 299 258 240 215 232 306 231 264 213 295 322 208 334 307 312 350 211 210 338 204 213 335 200 221 314 207 315 211 3413 432 385 269 201 375 678 529 544 237 236 370 231 317 201 208 199 239 209 1053 220 256 237 208 5510 731 325 1349
internal_value=2.82943e-05 0.00184606 -0.000767063 -0.000684387 0.000170798 0.000371314 0.000194931 4.65928e-05 -0.00146568 0.00161177 5.95721e-05 0.00179435 -0.0030771 0.00204826 0.00308645 0.00889983 0.000921095 0.00195711 -0.000518557 0.00196184 0.00211173 0.00381736 0.00245182 0.000485179 7.62416e-05 0.00466089 0.00712768 -0.00237853 0.00308538 0.00321761 0.00643249 0.000558278 0.00235737 0.00507613 -0.00142941 -0.000255427 8.37886e-05 0.00186507 -0.0024536 -0.00128468 0.00271154 0.0054008 -0.00328571 0.0045108 -0.00266415 0.00404695 0.00187969 -0.00481645 0.000360441 0.00117375 -0.00155433 -0.00167005 -0.00156856 0.000578651 -0.001683 -0.00159508 -0.00127818 -0.000417777 -0.00241847
internal_weight=27621 8407 19214 18985 8839 8540 8300 8085 2044 8201 1800 1159 641 6401 3332 542 3069 2790 1197 847 2392 1593 1255 840 1330 1062 622 525 946 627 415 6041 1250 617 10146 633 4791 1053 1578 1073 678 500 677 441 652 422 466 505 446 440 9833 9327 9107 506 8851 8643 6241 3738 2402
internal_count=27621 8407 19214 18985 8839 8540 8300 8085 2044 8201 1800 1159 641 6401 3332 542 3069 2790 1197 847 2392 1593 1255 840 1330 1062 622 525 946 627 415 6041 1250 617 10146 633 4791 1053 1578 1073 678 500 677 441 652 422 466 505 446 440 9833 9327 9107 506 8851 8643 6241 3738 2402
cat_boundaries=0 1 2 3 4
cat_threshold=6210 15368 10432 14400
is_linear=0
shrinkage=0.047679


Tree=74
num_leaves=56
num_cat=2
split_feature=39 23 9 23 9 6 6 0 59 54 6 6 0 7 55 59 7 6 17 6 24 7 6 6 52 17 7 52 55 16 54 29 6 17 33 48 7 7 59 56 16 8 19 7 6 9 49 24 56 20 48 7 48 53 23
split_gain=17.416 8.1959 8.1387 5.85285 4.20983 4.03788 5.59514 5.05522 4.47253 4.2876 3.84668 8.06558 12.9163 13.7466 11.4591 5.86189 8.18791 6.92866 5.74858 4.25788 5.83281 3.64914 9.1304 3.64137 3.40225 4.60976 3.34197 4.96308 3.00708 2.54571 2.51225 2.4131 2.50564 2.18948 2.17809 2.08502 1.90029 1.90332 1.84241 2.99667 2.52708 1.74607 1.55047 1.53733 1.64158 1.47877 1.44959 1.38057 1.27246 0.916719 1.06734 0.695384 0.633386 0.766415 0.608018
threshold=23.049973500000004 24.114029000000002 26.061347000000001 22.082224500000006 24.044635000000003 9.5000000000000018 10.500000000000002 0 5.7500000000000009 0.7156317868495613 13.500000000000002 11.500000000000002 1 30.500000000000004 0.771585530607653 5.0083333333333337 28.500000000000004 14.500000000000002 2.0004100000000009 10.500000000000002 23.520100000000003 16.500000000000004 12.500000000000002 12.500000000000002 0.24660746338227965 3.3921695000000005 25.500000000000004 0.1738230928640527 0.4848318860267164 -5.3799349999999988 0.18969094499243247 22.778921500000006 7.5000000000000009 3.8640125000000007 21.150393500000003 25.019121600000002 42.500000000000007 20.500000000000004 5.4750000000000005 0.51370449999999945 -0.53703799999999935 1.5000000000000002 22.610275500000004 45.500000000000007 14.500000000000002 23.023519500000003 23.957217050000004 22.414115000000002 0.12342850000000107 21.257753500000003 21.183621800000001 12.500000000000002 21.034744400000005 0.048490324688445767 20.871195000000004
decision_type=2 2 2 2 2 2 2 9 2 2 2 2 9 2 2 2 2 2 10 2 2 2 2 2 2 8 2 2 2 8 2 2 2 8 2 2 2 2 2 2 8 2 2 2 2 2 2 2 2 2 2 2 2 2 2
left_child=1 3 10 29 5 7 26 -5 9 21 11 14 13 -13 19 16 17 -12 36 20 28 23 -23 -8 25 -22 -7 -28 30 -1 -2 32 -9 -34 49 -27 37 -14 39 42 -40 -42 47 44 -43 -32 -26 48 -36 50 51 54 53 -53 -31
right_child=2 -3 -4 4 -6 6 8 31 -10 -11 15 12 18 -15 -16 -17 -18 -19 -20 -21 24 22 -24 -25 46 35 27 -29 -30 34 45 -33 33 -35 38 -37 -38 -39 40 -41 41 43 -44 -45 -46 -47 -48 -49 -50 -51 -52 52 -54 -55 -56
leaf_value=-0.0063565806565826751 0.0010965831271384551 -0.0092574057450110457 0.011462749260504298 0.0089593644845222444 0.0070076516160295739 0.00023449047596323179 -0.0050730383467878695 -0.00099654587783939682 0.0062239687314135763 -0.0062826047649632375 -0.011073293472942241 0.019178035476679612 0.0028388305530011671 0.0040158613403381534 -0.0097030797793283136 0.004922426000967272 0.0028772475697963823 -0.00035041123008353568 -0.0052095786049355559 0.0074095767015240266 0.0086912541397913597 0.0046099193483378764 -0.0004282812169760423 -0.00018300139721477067 -0.0032729403846375833 0.0010006347956510071 -0.002365718901610742 -0.011996799165496595 0.0023824486620430988 -0.0023613904135528058 -0.0024726358109400776 -0.0026721099207701886 0.0014230847414265441 0.0077723161884814497 -0.0011715396999534785 0.0059814813497736721 0.00035015239596572403 0.0090248657481264063 0.005567283513047922 -0.00629318411027378 0.0035151688181061006 0.0017109495274135044 0.0031959222733197634 -0.0035022141509517745 -0.0021112542907864348 -0.0076689650273080541 0.0017293207813683146 -0.0047758554841344763 0.00069565310558689791 -0.0044651334104932232 0.0011702866980391963 -0.00048015761730451549 0.00060023742940314812 -0.002961739858818735 -0.005883440607410504
leaf_weight=213 216 248 209 231 216 274 481 280 276 236 296 266 241 278 204 343 396 255 201 295 387 1169 2721 1235 207 642 297 206 317 247 250 264 243 251 6280 272 221 213 205 244 264 638 202 340 426 248 362 218 956 387 224 407 212 928 203
leaf_count=213 216 248 209 231 216 274 481 280 276 236 296 266 241 278 204 343 396 255 201 295 387 1169 2721 1235 207 642 297 206 317 247 250 264 243 251 6280 272 221 213 205 244 264 638 202 340 426 248 362 218 956 387 224 407 212 928 203
internal_value=1.36605e-05 -0.000640587 0.00221091 -0.000538701 0.000437705 0.00026388 -0.000191021 0.00273554 0.000293008 1.28052e-05 0.00189444 0.00251334 0.00553133 0.0112234 0.00125289 -0.000418037 -0.00235233 -0.0061108 0.00184731 0.00195221 0.00139726 0.000277828 0.00108577 -0.00155369 0.00298471 0.00432966 -0.0040022 -0.00631006 -0.00148202 -0.0011884 -0.00319776 0.00125209 0.00260676 0.00464911 -0.00109948 0.0024829 0.00397606 0.00574109 -0.000772801 -0.00109156 0.00057167 -4.23003e-05 -0.000925782 -0.000711226 0.000180631 -0.00506037 -9.0483e-05 -0.00103748 -0.000924851 -0.00232367 -0.00195053 -0.00230059 -0.00182073 -0.00220518 -0.00395023
internal_weight=27541 21222 6319 20974 8380 8164 6895 1269 6118 5842 6110 4820 1420 544 3400 1290 947 551 876 3196 2901 5606 3890 1716 1870 1301 777 503 1031 12594 714 1038 774 494 12381 914 675 454 9773 7900 1873 1668 7656 1404 1064 498 569 7454 7236 2608 2221 1997 1547 1335 450
internal_count=27541 21222 6319 20974 8380 8164 6895 1269 6118 5842 6110 4820 1420 544 3400 1290 947 551 876 3196 2901 5606 3890 1716 1870 1301 777 503 1031 12594 714 1038 774 494 12381 914 675 454 9773 7900 1873 1668 7656 1404 1064 498 569 7454 7236 2608 2221 1997 1547 1335 450
cat_boundaries=0 1 2
cat_threshold=2116 2112
is_linear=0
shrinkage=0.047679


Tree=75
num_leaves=70
num_cat=6
split_feature=9 0 59 16 17 40 41 52 52 55 9 49 52 8 53 0 59 47 0 50 16 10 8 14 0 27 28 33 7 19 52 6 33 40 32 25 14 19 39 31 20 59 41 32 16 17 47 43 6 19 0 53 6 52 53 33 37 7 26 39 44 7 22 14 55 34 7 0 52
split_gain=13.7981 7.34686 13.2636 5.46366 4.51615 7.41057 4.8493 14.2551 9.05495 4.47012 4.07895 4.55962 3.22153 4.56716 3.20198 2.92544 3.12427 2.8604 2.99408 2.74115 2.54388 2.48491 6.90119 3.56313 2.02824 2.09563 1.96225 3.021 2.19556 3.7646 3.08321 2.2133 2.47081 1.92547 1.87525 1.8561 1.855 1.69618 1.40344 1.36708 1.79991 2.15184 1.32606 1.61753 1.27095 1.5214 1.96341 2.86447 1.81747 1.44127 1.24622 1.16396 1.49759 4.71198 1.38469 1.01493 1.37196 1.30511 1.30546 0.844899 1.13071 1.18327 0.80762 0.862313 0.660105 0.543869 0.630048 0.368905 0.27502
threshold=22.349563500000006 0 5.491666666666668 4.2892999999999999 0.55618300000000043 22.832890500000005 24.140493500000002 0.41735834117026044 0.38978283718593876 0.41732168960044552 22.797635000000003 23.16577595 0.46290527598384013 2.5000000000000004 0.23287173107928308 1 5.991666666666668 23.327364000000003 2 23.620167425000002 0.26109450000000051 1.5000000000000002 1.5000000000000002 3.1670388150749873 3 22.556311500000003 22.900089000000005 22.971234000000003 50.500000000000007 22.620596000000003 0.20931679094251557 9.5000000000000018 22.527311000000005 22.388779500000002 22.398221000000003 22.849143000000002 3.692544036961579 22.208059500000001 22.619483000000006 21.699649500000003 21.918493000000002 5.7500000000000009 23.739738500000005 23.757243000000006 1.1576095000000006 1.7717070000000004 22.953556000000003 22.948239500000003 9.5000000000000018 22.631325500000003 4 0.38030552167896226 11.500000000000002 0.1590983716629836 0.1829791250546691 21.758864500000005 21.599961000000004 10.500000000000002 22.265539750000006 21.854711500000004 21.595131500000004 28.500000000000004 21.642632500000001 3.493903561069017 0.2792803273754057 22.236264500000004 40.500000000000007 5 0.056386761453823868
decision_type=2 9 2 10 10 2 2 2 2 2 2 2 2 2 2 9 2 2 9 2 10 2 2 10 9 2 2 2 2 2 2 2 2 2 2 2 8 2 2 2 2 2 2 2 10 10 2 2 2 2 9 2 2 2 2 2 2 2 2 2 2 2 2 8 2 2 2 9 2
left_child=15 2 3 4 6 -6 7 10 14 -7 -2 -12 21 17 -8 38 26 18 33 -13 -11 24 -23 -24 25 -3 27 28 29 31 64 -17 34 -14 -33 -20 -27 -28 39 40 41 59 44 -44 45 46 47 -26 -47 -50 -48 52 54 -54 -38 56 -41 -57 65 60 62 -62 63 -1 67 66 -59 -30 -69
right_child=1 12 -4 -5 5 9 8 -9 -10 20 11 19 13 -15 -16 16 -18 -19 35 -21 -22 22 23 -25 42 36 37 -29 30 -31 -32 32 -34 -35 -36 -37 51 -39 -40 55 -42 -43 43 -45 -46 48 50 -49 49 -51 -52 -53 53 -55 -56 57 -58 58 -60 -61 61 -63 -64 -65 -66 -67 -68 68 -70
leaf_value=0.0011953286848685144 -0.0024586923289945102 -0.0015213574355301294 0.011414249999218192 0.00857691942596207 -0.0069455906443281028 0.0075565671117657791 -0.0004352073202385759 0.013176837795700221 -0.007406955910794516 -0.0043399560645833914 0.0099328495410595467 -0.0025217863633149465 -0.0014554573558910983 0.0043306893339427463 0.0064125864666540458 0.0044654229475128062 0.0053375451644083194 -0.0071782221637284246 0.0036070221969508607 0.0051691503661486825 0.0024947216746885824 0.01037567137352546 -0.0043759562719258892 0.0033412989999810666 0.00039780973467199181 0.0065479393024753269 -0.00058824634503147394 0.0046539180779739805 -0.00035124236402082589 0.0054858681764126506 -0.0077476466377356928 -0.00052160800814582138 -0.0044601461176750276 -0.0075306158147566919 0.0032533196968776248 -0.0019275984158238079 0.0025596981860621822 -0.0066775415998347881 -0.0049488578836898436 -0.0011045995334251107 -0.0054984670435846081 0.0030577023067637648 -0.0051628351763134987 0.00013758154691398273 0.0031061139065328286 0.0016794276660519077 0.0037388319522138865 -0.0052923216233242846 -0.00083306982733118541 -0.0060953229142377595 -0.00047648261911323813 -0.0015118933308653022 0.00089549208438142102 0.010021531599485059 -0.0020476069361495285 -0.0044720316030555833 0.0039839985932309079 0.00050823987182385894 0.0021139661418834782 -0.0046674992139632944 0.0026717102688256704 -0.0021699051167908172 -0.0049461811822193204 -0.0020345615634938656 0.0011669898897302285 -0.0035615373869990114 -0.0027537104662647915 -0.001632398840034082 -0.0040194570916271561
leaf_weight=199 349 358 379 267 335 207 298 327 264 238 199 219 246 251 324 207 216 259 277 203 258 228 210 386 1395 223 206 270 237 259 204 5314 346 229 317 274 399 210 280 236 299 208 245 281 319 208 532 235 220 256 230 199 351 203 236 214 246 360 329 238 253 210 203 3371 200 207 215 223 216
leaf_count=199 349 358 379 267 335 207 298 327 264 238 199 219 246 251 324 207 216 259 277 203 258 228 210 386 1395 223 206 270 237 259 204 5314 346 229 317 274 399 210 280 236 299 208 245 281 319 208 532 235 220 256 230 199 351 203 236 214 246 360 329 238 253 210 203 3371 200 207 215 223 216
internal_value=1.85738e-05 0.00122382 0.00293557 0.00202271 0.00147941 -0.00110967 0.00271049 0.00456781 -8.40904e-06 0.00167132 0.00166559 0.00398342 0.000417405 -0.00155191 0.00313181 -0.00092404 -0.000322306 -0.00270096 -0.00157073 0.00117788 -0.000784822 0.000868558 0.00332093 0.000622131 0.000525476 0.0017693 -0.000471624 -0.000301309 -0.000479152 -0.00014567 -0.00246862 -0.000381531 -0.000549395 -0.00429393 -0.000309096 0.000839543 0.00251155 -0.00366217 -0.00163853 -0.00150439 -0.00191194 -0.00168289 -0.000103384 -0.00233124 0.000241482 -5.55976e-05 0.00051143 -0.000422547 -0.00203853 -0.00366319 0.00250931 0.00186305 0.0024279 0.00423951 0.000847377 -0.000380997 0.00149249 -0.00106252 -0.000405783 -0.00190329 -0.00174798 0.000475729 -0.00202086 -0.00185452 -0.00123925 -0.00146588 -0.000711446 -0.00195116 -0.00274438
internal_weight=27610 12117 3867 3488 3221 1038 2183 1297 886 703 970 621 8250 1536 622 15493 8425 1285 1026 422 496 6714 824 596 5890 1969 8209 7793 7523 6443 1080 6184 5977 475 5631 551 1611 416 7068 6788 4981 4682 3921 526 3395 3076 2392 1630 684 476 762 1388 1189 554 635 1807 482 1325 1111 4474 4236 463 3773 3570 876 782 575 676 439
internal_count=27610 12117 3867 3488 3221 1038 2183 1297 886 703 970 621 8250 1536 622 15493 8425 1285 1026 422 496 6714 824 596 5890 1969 8209 7793 7523 6443 1080 6184 5977 475 5631 551 1611 416 7068 6788 4981 4682 3921 526 3395 3076 2392 1630 684 476 762 1388 1189 554 635 1807 482 1325 1111 4474 4236 463 3773 3570 876 782 575 676 439
cat_boundaries=0 1 2 3 4 5 6
cat_threshold=2240 12993 5123 264 1030 10
is_linear=0
shrinkage=0.047679


Tree=76
num_leaves=65
num_cat=3
split_feature=35 59 0 7 16 53 20 41 53 55 6 6 55 7 6 6 8 7 55 7 55 55 6 6 7 6 6 7 52 52 53 52 53 14 14 42 7 35 14 8 55 55 53 38 7 14 7 29 6 41 53 52 0 0 34 7 6 47 52 26 56 31 52 53
split_gain=12.5659 6.06376 17.7556 4.20957 8.7926 4.60335 3.95204 5.82379 7.18384 5.01237 3.67206 3.33777 3.26438 2.98874 3.00463 3.76216 11.2772 6.87068 5.89483 3.6837 6.7022 5.68856 3.09733 3.94923 11.4687 13.2704 8.57857 8.27074 5.66319 3.52896 2.91604 2.54992 2.52152 2.47911 4.64749 2.84078 3.11346 2.21874 2.14002 1.77194 3.60479 1.49931 1.43705 1.38584 1.15234 1.06501 0.96439 0.94481 0.83338 0.742503 0.788049 0.793581 0.719384 0.623697 0.570862 0.441974 0.436078 0.31148 0.293618 0.219354 0.193332 0.187464 0.14064 0.137926
threshold=22.656789000000003 5.5083333333333337 0 54.500000000000007 -0.62271050000000006 0.86803857477165003 24.542594000000005 24.140493500000002 0.33679376404198985 0.80302497319457766 10.500000000000002 15.500000000000002 0.72866757963494699 7.5000000000000009 16.500000000000004 15.500000000000002 2.5000000000000004 18.500000000000004 0.32941778418365542 15.500000000000002 0.2956829348824021 0.13790704525372818 14.500000000000002 10.500000000000002 40.500000000000007 11.500000000000002 9.5000000000000018 40.500000000000007 0.2275427754782077 0.19572536490766959 0.1979308547627168 0.40724190847982039 0.68744784059204112 5.1268419112531918 7.1786551413659696 23.522150000000003 24.500000000000004 23.164089750000006 1.020993277571101 1.5000000000000002 0.19944777175219383 0.27433451950011828 0.28176507525954558 23.282606000000005 34.500000000000007 1.1679518721932733 3.5000000000000004 21.305612000000004 15.500000000000002 21.134409000000002 0.35884610976794845 0.14810796201245721 1 2 22.046516500000006 33.500000000000007 14.500000000000002 21.660356000000004 0.073259612615599809 21.335068500000002 1.0000000180025095e-35 21.409625000000002 0.078498232043877098 0.12608592124669823
decision_type=2 2 9 2 8 2 2 2 2 2 2 2 2 2 2 2 2 2 2 2 2 2 2 2 2 2 2 2 2 2 2 2 2 10 10 2 2 2 10 2 2 2 2 2 2 10 2 2 2 2 2 2 9 9 2 2 2 2 2 2 2 2 2 2
left_child=3 6 -3 5 -5 13 9 -8 30 11 -4 12 32 31 15 22 17 -17 -19 21 52 -16 23 26 28 -26 27 -15 -25 -28 63 42 33 35 43 37 -37 -2 -10 -24 44 -13 45 -35 -41 46 56 -48 -49 -6 51 53 55 -51 -44 58 -1 -57 -21 62 -55 -58 -54 -9
right_child=1 2 10 4 49 -7 7 8 38 -11 -12 41 -14 14 19 16 -18 18 -20 20 -22 -23 39 24 25 -27 29 -29 -30 -31 -32 -33 -34 34 -36 36 -38 -39 -40 40 -42 -43 54 -45 -46 -47 47 48 -50 50 -52 -53 59 60 -56 57 61 -59 -60 -61 -62 -63 -64 -65
leaf_value=-0.0019227152421885782 0.00061409509136791903 0.015911545839070295 -0.0043473678977460411 -0.012156209776196194 -0.0043123465153549062 0.00512626227424412 0.0094237583169835826 0.0035833972124354615 -0.0063864545250858539 -0.0050056364944138275 0.0042666497028751235 -0.00048162859541597131 0.0065547474477473545 0.0029927297372190085 -0.0018809206644478612 -0.00086344353393960757 -0.0050284624761274396 0.015443608616064778 0.0048403426916992769 -0.00076359051918420244 -0.010305366436310262 0.0082549640959113622 0.00087634943184925602 -0.0017252785765390851 0.011310997227980665 0.0016132792375659732 -0.0028563592858920775 -0.0051136901334117814 0.0020853832752460557 -0.0087961187276533563 0.0096292720152019989 -0.0070408293915261242 -0.0032838508784868588 0.0042506337656441984 -0.00084119975407606271 -0.0033625033407467331 0.00086806770881536885 0.0030471509771075348 0.00038032862361913342 -0.0033170551369861535 -0.0088733188812616919 -0.0059269814155092438 -0.0010767676377746896 0.0097624152057456774 1.6474201954971079e-05 -0.0052490974382873182 -0.0056610704336128199 -0.0033767866007714674 0.00049359372820605119 0.00096324321922859537 0.0014593461753312639 -0.0044151022447615181 -0.0017087680107102071 -0.0011271387582548332 0.0023959437163988315 -0.0022646294645200164 -0.00061006399281067676 -0.00010584776621987828 0.0014071038999745233 -0.0037222403339380599 -0.0032059672390713119 0.0013928012360995407 -0.0031069088673539897 0.0018082285735254288
leaf_weight=334 2137 238 225 213 204 320 290 199 211 343 225 247 247 1052 334 229 300 200 295 408 223 202 316 3020 425 1308 639 393 1255 353 211 224 302 203 285 655 998 1417 214 566 206 215 203 212 404 241 221 347 199 234 208 203 466 208 229 587 215 205 217 307 199 210 252 199
leaf_count=334 2137 238 225 213 204 320 290 199 211 343 225 247 247 1052 334 229 300 200 295 408 223 202 316 3020 425 1308 639 393 1255 353 211 224 302 203 285 655 998 1417 214 566 206 215 203 212 404 241 221 347 199 234 208 203 466 208 229 587 215 205 217 307 199 210 252 199
internal_value=-2.85703e-05 0.00140227 0.00570916 -0.000750688 -0.00319886 -0.000537949 0.00105712 0.00345276 0.0017781 0.000620286 -3.94817e-05 0.000899224 0.00117938 -0.000647237 -0.000382492 -7.19215e-06 0.00274449 0.00596533 0.0091245 -0.00166761 -0.00239298 0.00193895 -0.000290751 6.30652e-05 0.000719734 0.00399154 -0.00155584 0.000788008 -0.000606593 -0.00497 0.00509805 -0.00219462 0.000965546 0.0011828 0.00384682 0.000824664 -0.000808293 0.00158417 -0.00297918 -0.00229342 -0.00314516 -0.00301572 -0.00170097 0.00706629 -0.00192866 -0.00230363 -0.00183845 -0.00303079 -0.00196615 -0.00167981 -0.00116932 -0.00181714 -0.00167043 -0.000994386 0.000764091 -0.000951114 -0.000633547 -0.00170585 -9.92521e-06 -0.00262991 -0.00209216 0.000379587 -0.00219948 0.00269581
internal_weight=27647 9273 688 18374 1469 16905 8585 1324 1034 7261 450 6918 6456 16585 14162 10961 1024 724 495 3201 2665 536 9937 8445 6008 1733 2437 1445 4275 992 609 2423 6209 5907 700 5207 1653 3554 425 1492 1176 462 2199 415 970 1767 1526 767 546 1256 1052 844 2442 641 432 1417 759 792 625 1025 407 425 718 398
internal_count=27647 9273 688 18374 1469 16905 8585 1324 1034 7261 450 6918 6456 16585 14162 10961 1024 724 495 3201 2665 536 9937 8445 6008 1733 2437 1445 4275 992 609 2423 6209 5907 700 5207 1653 3554 425 1492 1176 462 2199 415 970 1767 1526 767 546 1256 1052 844 2442 641 432 1417 759 792 625 1025 407 425 718 398
cat_boundaries=0 1 2 3
cat_threshold=2120 79 77
is_linear=0
shrinkage=0.047679


Tree=77
num_leaves=50
num_cat=4
split_feature=30 53 10 16 16 7 23 47 53 30 54 6 7 7 6 28 38 16 34 53 33 0 59 0 37 37 41 36 47 39 16 0 9 6 7 7 52 14 32 17 24 48 22 7 54 0 33 54 53
split_gain=13.3809 6.39584 5.33977 5.56273 3.96939 3.85264 3.55669 4.22519 3.96869 6.37366 2.97329 3.51414 6.7793 14.8202 3.2363 2.82929 3.08876 4.76511 2.96317 3.16508 2.70217 2.69241 2.68791 3.50675 2.37299 2.36473 2.5514 2.25999 4.2209 2.87597 2.8403 2.44381 4.02439 2.41609 2.16048 3.38146 2.65686 2.03988 2.43229 2.00828 1.96494 1.91443 1.87235 1.86048 1.72149 1.64393 1.55316 1.3667 1.26639
threshold=22.652474500000004 0.86803857477165003 1.5000000000000002 -0.99788950000000021 -5.3799349999999988 40.500000000000007 25.424190500000005 25.455431000000004 0.68744784059204112 23.433686000000005 0.77881229776830396 9.5000000000000018 39.500000000000007 31.500000000000004 10.500000000000002 23.452749500000003 23.929900000000004 0.83215650000000008 23.302995000000003 0.45615845474226863 25.114405750000003 0 5.5083333333333337 1 22.118558000000004 24.900108000000007 24.367119500000005 23.586810000000003 23.435530500000002 23.282751000000005 -0.12253649999999981 2 23.439608500000002 11.500000000000002 53.500000000000007 29.500000000000004 0.16499619025332213 5.168160651844028 21.937857500000003 -3.3709874999999996 22.177287500000002 22.958355700000002 22.939809000000004 52.500000000000007 0.17838675874283508 3 24.417517500000006 0.36008241147383707 0.28499642358351268
decision_type=2 2 2 10 8 2 2 2 2 2 2 2 2 2 2 2 2 10 2 2 2 9 2 9 2 2 2 2 2 2 8 9 2 2 2 2 2 10 2 10 2 2 2 2 2 9 2 2 2
left_child=2 6 4 -4 -1 47 8 -8 15 -10 11 12 13 24 34 27 17 18 39 21 25 -20 37 -24 45 26 48 29 -29 31 -31 -2 33 -33 35 -13 44 41 -39 -17 -14 43 -32 -16 -37 -6 -28 -5 -18
right_child=1 -3 3 5 10 -7 7 -9 9 -11 -12 14 40 -15 22 16 20 -19 19 -21 -22 -23 23 -25 -26 -27 46 28 -30 30 42 32 -34 -35 -36 36 -38 38 -40 -41 -42 -43 -44 -45 -46 -47 -48 -49 -50
leaf_value=-0.0058174164257144981 0.0041228333948931687 0.0082647863223831598 0.007389076378260858 -0.00025039306740915564 0.0014494888360924289 0.00423352553422066 0.0098681602504288469 0.00073882631495166375 0.002411845214306639 -0.0090395409347917306 -0.0051809386916538622 -0.00061151701036858317 -0.006334634552998571 0.015331521784752535 -0.00070233925205182436 0.0025069053002664968 -0.0043558315483084881 0.0089810269016329779 0.0060533859010254241 0.0091444054591890301 0.0045621099577607318 0.00028156037150452482 -0.001424260165745929 0.0069767974633638532 0.0034643706167690985 -0.0046590541416650444 0.0062775371897148937 0.0019427849797246548 -0.0056856735071090731 0.0076733753746833291 -0.0015848742182036004 -0.0013206047375759059 -0.0049800675655444068 0.0016471263505300501 0.00078575466683713179 -0.007361016401052879 -0.010839329659138532 -0.00089261973021891082 0.0062231212853899763 -0.0042251789173096826 -9.2152137976964809e-05 -0.0047958890632869237 0.004051128967401587 -0.0026446215344623977 -0.0011662233061750099 -0.0044540937878930487 0.00063110652005753977 -0.005715234873371609 0.00041311320727114036
leaf_weight=371 337 306 357 218 199 299 232 229 219 223 350 355 237 199 11520 199 209 322 293 210 340 482 220 221 393 225 220 315 346 255 239 1004 341 1646 234 201 208 242 199 204 222 292 305 1242 207 217 223 199 321
leaf_count=371 337 306 357 218 199 299 232 229 219 223 350 355 237 199 11520 199 209 322 293 210 340 482 220 221 393 225 220 315 346 255 239 1004 341 1646 234 201 208 242 199 204 222 292 305 1242 207 217 223 199 321
internal_value=6.84276e-06 0.00148672 -0.000736633 0.00252731 -0.000938734 0.000103221 0.00125469 0.0053332 0.00103292 -0.00336567 -0.000832 -0.00074035 0.00148778 0.00367494 -0.000956231 0.00127485 0.00236106 0.00375547 0.00254321 0.00395232 0.000810706 0.00254543 -0.000751257 0.0029117 0.000807616 -0.000253967 0.000764682 0.000538003 -0.00205033 0.000952562 0.0035213 0.000335848 -0.000104272 0.000522748 -0.00332679 -0.00431786 -0.00645382 -0.000870958 0.00231834 -0.0009009 -0.0033154 -0.000978701 0.00157502 -0.000891363 -0.00421807 -0.00170225 0.0034352 -0.00285832 -0.00146747
internal_weight=27647 9245 18402 1073 17329 716 8939 461 8478 442 16958 16608 1467 1008 15141 8036 3248 1710 1388 985 1538 775 13936 441 809 1198 973 4788 661 4127 799 3328 2991 2650 1205 971 616 13495 441 403 459 13054 544 12762 408 416 443 417 530
internal_count=27647 9245 18402 1073 17329 716 8939 461 8478 442 16958 16608 1467 1008 15141 8036 3248 1710 1388 985 1538 775 13936 441 809 1198 973 4788 661 4127 799 3328 2991 2650 1205 971 616 13495 441 403 459 13054 544 12762 408 416 443 417 530
cat_boundaries=0 1 2 3 4
cat_threshold=10380 13632 8768 14338
is_linear=0
shrinkage=0.047679


Tree=78
num_leaves=59
num_cat=5
split_feature=9 53 9 7 55 55 7 6 0 43 36 28 26 7 53 7 6 7 53 54 55 15 39 28 6 54 0 15 40 22 6 0 49 6 30 55 30 53 7 12 54 7 6 54 6 7 55 0 33 40 52 14 6 54 7 39 30 0
split_gain=11.855 8.38098 5.08955 3.51035 3.72597 4.72428 4.20451 7.46811 9.54701 4.96667 4.54334 3.31794 3.15018 4.42626 4.4842 6.94219 6.03625 5.25143 3.06922 4.66221 3.57736 3.15505 2.83169 3.47027 2.74379 4.38936 3.68896 3.48014 2.84665 3.11769 2.52632 3.48853 2.33431 2.19894 2.07014 2.00061 1.92578 1.81022 1.70376 2.91592 2.58161 2.56703 22.9031 3.00432 2.53164 4.89072 2.53971 1.70452 1.88009 1.75278 1.52345 1.24267 1.56655 1.1621 1.01814 0.952423 0.644676 0.314774
threshold=23.609067500000005 0.86803857477165003 22.0571175 11.500000000000002 0.771585530607653 0.67158573859003334 21.500000000000004 13.500000000000002 0 22.551872000000003 21.568688500000004 22.931050000000003 22.697051000000002 5.5000000000000009 0.376592244676201 41.500000000000007 11.500000000000002 24.500000000000004 0.67202509117516762 0.43104189729932191 0.57101399513862761 2.2486805463513577 23.566168000000005 25.307964000000002 12.500000000000002 0.53879474459731191 1 2.1291060592209532 22.865940000000005 22.923442000000005 9.5000000000000018 2 22.482344150000007 10.500000000000002 22.583053750000001 0.28216842758104305 22.700382000000001 0.12997547645717897 54.500000000000007 1.0000000180025095e-35 0.17615043508787345 43.500000000000007 11.500000000000002 0.33736033479944755 11.500000000000002 25.500000000000004 0.15570721686658745 3 22.117275000000003 22.037568000000004 0.081141318603065074 4.1117881714674738 8.5000000000000018 0.23603456571649639 36.500000000000007 22.227120500000002 21.110901000000002 4
decision_type=2 2 2 2 2 2 2 2 9 2 2 2 2 2 2 2 2 2 2 2 2 8 2 2 2 2 9 10 2 2 2 9 2 2 2 2 2 2 2 2 2 2 2 2 2 2 2 9 2 2 2 8 2 2 2 2 2 9
left_child=2 12 30 24 5 6 7 8 -5 55 -8 -11 -2 -14 22 16 -16 -18 19 21 -21 -12 -15 51 28 26 -26 36 34 -30 31 35 -9 37 -4 -1 -28 -32 39 41 57 44 -43 56 45 46 -35 49 -49 -46 -47 -24 -53 -34 -39 -10 -44 -40
right_child=1 -3 3 4 -6 -7 10 32 9 11 18 -13 13 14 15 -17 17 -19 -20 20 -22 -23 23 -25 25 -27 27 -29 29 -31 33 -33 53 38 -36 -37 -38 54 40 -41 -42 42 43 -45 47 50 -48 48 -50 -51 -52 52 -54 -55 -56 -57 -58 -59
leaf_value=0.0023516864236434354 0.0078200982950320606 0.011715401437490483 -0.0032689345949037355 0.013053618844191098 -0.0038903864870174962 0.0061803450349457879 0.0071518681783384946 -0.0042085634778867495 0.0084487657936190667 -0.0044736810166667975 -0.005505859110499561 0.0033101032513119673 0.0070131709481242536 0.0061156308926333339 -0.0037726395510330793 -0.0064347900129278924 -0.00012095591358478902 0.010287037304965722 -0.0055673439711157709 0.0011994880748618195 0.0068460044454827351 -0.0002747930934350041 0.0030342367367681717 0.0058909837488758405 -0.0027214723046799423 -0.0060895154598588578 0.0033544058533913545 0.007454257561509736 0.0040058034558660095 -0.0039551476295598045 -0.00096284978786912541 0.0048688167775658327 0.0037922379723867206 -0.0043827672045504903 -0.0093721825389597897 -0.0038426683333427337 -0.0027768220003481568 -0.0030892366380699909 0.00040546665065117199 0.0040338442912100092 -0.0065633657177735453 0.015477735255435386 -0.0042802020023856354 0.0039091131599335348 -0.0016299398035961598 -0.0046316509966523841 0.0017094328262743791 -0.00081111815998251096 0.0022304625908137815 -0.0060868298440491068 -0.010354369084212143 0.0012461721975623849 -0.0031689144127877221 -0.0012970188628569272 -0.0074567649625694524 0.0040221175253114432 -0.0016878303213248634 -0.0020104550072403788
leaf_weight=205 199 215 346 254 371 381 205 314 237 247 279 251 313 397 302 390 225 216 222 1069 335 4329 248 312 341 215 275 280 203 249 356 373 205 270 199 281 202 226 213 270 308 209 280 209 2274 212 367 4079 521 220 211 381 351 203 262 207 986 279
leaf_count=205 199 215 346 254 371 381 205 314 237 247 279 251 313 397 302 390 225 216 222 1069 335 4329 248 312 341 215 275 280 203 249 356 373 205 270 199 281 202 226 213 270 308 209 280 209 2274 212 367 4079 521 220 211 381 351 203 262 207 986 279
internal_value=1.91588e-05 0.00259141 -0.000360738 0.000368469 0.000789447 0.000988144 0.000751429 0.00271093 0.00502252 0.00268989 0.000167749 -0.000550529 0.00200303 0.00163378 0.00103713 -0.00128342 0.00142052 0.00497684 -6.19186e-05 0.000141376 0.00254677 -0.000591518 0.00259378 0.0015116 -0.00129157 0.00014033 0.0013602 0.00319262 -0.0031773 -0.000379765 -0.00102102 0.00147504 -0.00111825 -0.00120347 -0.00549746 -0.00120503 0.000757953 -0.00354812 -0.00102205 -0.000854413 -0.00314015 -0.000988569 0.000706174 -0.00138688 -0.00133857 -0.00351195 -0.000872819 -0.00101382 -0.000465614 -0.00201501 -0.00748625 0.00011734 -0.000870898 0.00126008 -0.0054341 0.00638499 -0.00226118 -0.00099716
internal_weight=27579 3549 24030 11419 9109 8738 8357 1918 1196 942 6439 498 3334 3135 2822 1133 743 441 6234 6012 1404 4608 1689 1292 2310 1313 1098 757 997 452 12611 859 722 11752 545 486 477 844 10908 10108 800 9838 1684 1475 8154 1060 637 7094 4600 2494 423 980 732 408 488 444 1266 492
internal_count=27579 3549 24030 11419 9109 8738 8357 1918 1196 942 6439 498 3334 3135 2822 1133 743 441 6234 6012 1404 4608 1689 1292 2310 1313 1098 757 997 452 12611 859 722 11752 545 486 477 844 10908 10108 800 9838 1684 1475 8154 1060 637 7094 4600 2494 423 980 732 408 488 444 1266 492
cat_boundaries=0 1 2 3 4 5
cat_threshold=2112 13377 4672 12480 8267
is_linear=0
shrinkage=0.047679


Tree=79
num_leaves=75
num_cat=5
split_feature=45 55 6 43 7 6 6 15 53 7 7 0 7 55 0 18 37 15 8 7 7 10 53 28 55 16 44 7 52 55 0 6 55 55 53 54 0 21 9 6 7 7 6 34 6 52 21 6 8 34 42 17 0 6 7 7 28 41 9 14 33 53 22 3 52 52 55 31 23 53 54 36 2 7
split_gain=9.25317 5.99156 11.691 12.2854 3.66827 5.9385 10.7699 12.1624 5.90706 4.25273 8.71733 6.49725 5.75752 4.1943 4.13119 4.28212 4.04824 3.98853 4.77075 4.13639 3.48647 3.48436 5.66844 3.31434 3.17937 3.08181 3.14245 2.84061 3.47656 2.78369 3.04934 2.75382 4.9088 2.91428 2.67665 2.5485 2.54008 2.48096 2.32777 2.29301 10.5654 5.25624 3.28651 2.25507 2.18408 2.08589 3.32341 2.06242 2.00718 1.95159 4.61425 2.41127 1.89947 1.78017 1.73792 1.70829 1.38688 2.31553 1.33318 1.31085 1.22625 1.57794 0.812742 1.34554 1.09787 0.795517 1.03916 0.785342 0.75231 0.540754 0.459661 0.292248 0.488978 0.267953
threshold=22.807176500000004 0.72866757963494699 11.500000000000002 24.196144500000003 11.500000000000002 12.500000000000002 11.500000000000002 2.6649952607565992 0.24462388269606553 46.500000000000007 39.500000000000007 0 54.500000000000007 0.39302055055837648 1 22.186197000000003 22.140188500000004 3.2179940377350156 1.5000000000000002 27.500000000000004 17.500000000000004 1.5000000000000002 0.65983066363468423 22.395300000000002 0.32504033455694031 -0.92218400000000045 23.499846500000004 39.500000000000007 0.25320579224131307 0.19532157871163838 2 12.500000000000002 0.50120359410906279 0.46272780268930402 0.43848299203846364 0.16497942470259244 3 21.977135000000004 21.808807500000004 10.500000000000002 42.500000000000007 25.500000000000004 9.5000000000000018 22.336423000000003 17.500000000000004 0.058529856048064939 22.165617000000001 7.5000000000000009 2.5000000000000004 23.461876000000004 23.291622250000003 1.8031915000000001 4 11.500000000000002 20.500000000000004 45.500000000000007 22.123713500000004 21.736669500000001 21.793015500000006 0.83831103621367176 22.293136500000003 0.1979308547627168 21.908563000000004 3.7442280000000006 0.24252315738311483 0.27981660400391623 0.15201173075999427 21.773452500000001 22.152808000000004 0.1482478221680277 0.13711843658396941 21.184084500000004 10.540192500000002 7.5000000000000009
decision_type=2 2 2 2 2 2 2 10 2 2 2 9 2 2 9 2 2 10 2 2 2 2 2 2 2 10 2 2 2 2 9 2 2 2 2 2 9 2 2 2 2 2 2 2 2 2 2 2 2 2 2 10 9 2 2 2 2 2 2 10 2 2 2 2 2 2 2 2 2 2 2 2 2 2
left_child=4 21 -3 -4 31 6 8 27 14 10 11 -10 -11 -13 15 -6 -9 18 19 -7 44 22 29 -21 56 26 -23 28 -8 30 -2 33 48 35 -27 -1 62 -26 -37 42 41 -41 47 -39 58 -31 -47 -16 60 51 -51 55 -52 -53 -32 -48 57 -19 -20 65 61 71 64 -64 67 66 -38 -22 -40 -44 -56 -33 73 -73
right_child=1 2 3 -5 5 17 7 16 9 12 -12 13 -14 -15 39 -17 -18 24 20 23 36 25 -24 -25 37 34 -28 -29 -30 45 54 32 -34 -35 -36 38 59 43 68 40 -42 -43 69 -45 -46 46 49 -49 -50 50 52 53 -54 -55 70 -57 -58 -59 -60 -61 -62 -63 63 -65 -66 -67 -68 -69 -70 -71 -72 72 -74 -75
leaf_value=-0.0056659533632284426 0.0076716270908436862 -0.0032206015678166691 0.015450515474907348 0.0020582565910783799 0.0082405129769141435 -0.00122950668434412 -0.00014234894466669796 0.014809054384244383 0.0038437031645579675 0.0052395158532489942 -0.010346041833926621 -0.00043114844893185069 -0.0043074322343918461 -0.0077451095355310223 -0.00095249350368504322 0.00079275880470840545 0.0064052835386248161 0.0004399878979160046 0.0057314624982010469 0.0019671479813909432 -0.0024290725729405054 0.01053357288111488 -0.0054343731965087669 0.0099145022153409 -0.0012482535084974039 0.0037275289042961895 0.0026566016040887571 -0.0034099158463553121 0.0078491228542862997 -0.0029496258595048301 -0.0021503606382108713 -0.0032036847262530152 0.0048588772594985999 -0.0078087823777709077 -0.0029579320386873276 0.0033089393538551703 -0.00015891145950425111 -0.011054375171479518 -0.0047650867429986036 0.0037331232063614072 0.011421241305514215 -0.0053427998939842803 -0.0025966741297491543 -0.0046168245470350235 -0.0012298018605377923 0.0057734582516326214 0.0010755899977150296 0.0044596850739186088 0.0018487824223690911 0.0069977389828763548 0.0032890287691176635 -0.00091532554662052872 -0.00042055216759856695 -0.0065057541287745465 0.0016136792090409718 -0.0026691630842084349 0.0021680213732235307 -0.0061551399377705231 0.0012734678539600974 0.0032718363430045997 0.00028398466497766715 -0.0058262141737069131 -0.0014456784838603237 -0.0058836326331363912 0.0015198348936793587 0.0022948604106962723 -0.0022201261093532428 -8.7754834631202056e-05 -0.00073812649587494004 -0.0056623791214526972 0.0047686546895393716 -0.0030143731752000943 2.1556003248443396e-05 -0.0010548057265325904
leaf_weight=354 249 270 307 316 353 320 322 251 350 349 325 359 244 354 391 349 271 282 304 249 2315 218 347 229 221 352 244 232 201 390 204 377 293 295 222 223 1818 212 207 275 210 307 378 297 350 274 1272 271 316 289 404 284 1292 238 207 354 219 212 306 218 361 314 300 322 205 205 801 379 215 200 213 450 285 245
leaf_count=354 249 270 307 316 353 320 322 251 350 349 325 359 244 354 391 349 271 282 304 249 2315 218 347 229 221 352 244 232 201 390 204 377 293 295 222 223 1818 212 207 275 210 307 378 297 350 274 1272 271 316 289 404 284 1292 238 207 354 219 212 306 218 361 314 300 322 205 205 801 379 215 200 213 450 285 245
internal_value=1.34177e-05 0.00138678 0.00506624 0.00865766 -0.000540783 -0.000215566 0.000966034 0.00485015 -8.59319e-05 -0.0020685 -0.00351245 -0.00142316 0.00131126 -0.0040063 0.0013506 0.00447412 0.0104462 -0.000940694 -0.000539398 0.00296592 -0.000911223 0.000920918 0.000481182 0.00577457 -0.00325475 0.00347487 0.00637344 0.000981109 0.00292895 0.00084321 0.00331963 -0.00184297 -0.000960087 -0.00364491 0.00114186 -0.00241534 -0.00130379 -0.00546656 -0.000631282 0.000248267 0.00225358 -0.00105435 -0.00103054 -0.00729809 0.00177252 0.00039253 0.000688296 0.00126307 -0.00168622 0.000351171 0.00142894 -0.000644812 0.000480011 -0.00346422 0.00143704 0.000260311 -0.000990206 -0.00239031 0.00349516 -0.000289487 -0.00223595 -0.00278036 -0.0021731 -0.00374314 -0.00184374 -0.00056543 -0.000789317 -0.00209969 -0.00271344 -0.00365747 0.0032137 -0.00207557 -0.00164158 -0.00232359
internal_weight=27637 7946 893 623 19691 15756 5992 1277 4715 1981 1388 1063 593 713 2734 702 522 9764 8321 798 7523 7053 6017 478 1443 1036 462 755 523 5670 873 3935 2641 1294 574 999 6563 730 645 2032 792 582 1240 509 960 4797 4407 662 2348 4133 1985 2148 1696 522 624 1626 713 494 610 3042 2032 1671 3521 622 2899 2824 2619 2694 422 578 420 1357 980 695
internal_count=27637 7946 893 623 19691 15756 5992 1277 4715 1981 1388 1063 593 713 2734 702 522 9764 8321 798 7523 7053 6017 478 1443 1036 462 755 523 5670 873 3935 2641 1294 574 999 6563 730 645 2032 792 582 1240 509 960 4797 4407 662 2348 4133 1985 2148 1696 522 624 1626 713 494 610 3042 2032 1671 3521 622 2899 2824 2619 2694 422 578 420 1357 980 695
cat_boundaries=0 1 2 3 4 5
cat_threshold=1091 10312 2112 15361 392
is_linear=0
shrinkage=0.047679


Tree=80
num_leaves=63
num_cat=3
split_feature=44 20 41 53 55 7 9 59 6 20 53 17 3 0 55 42 55 55 24 34 15 50 15 6 7 6 7 17 0 6 14 29 53 53 52 45 43 36 9 25 55 53 14 14 53 19 32 41 33 27 31 39 43 55 52 6 55 0 28 19 30 7
split_gain=11.232 4.29208 11.8249 5.38054 3.86023 3.74603 3.61242 3.28699 11.0236 3.12812 2.9401 3.82952 2.68285 2.62205 2.58471 2.46959 2.11239 3.07051 2.52628 2.97576 4.80185 2.18093 1.81991 1.85122 5.78586 9.16631 9.76013 9.40651 6.50188 3.61038 2.95087 2.98399 2.66035 1.86918 2.57461 1.62927 1.57242 2.68489 1.96148 1.84643 1.56602 1.50218 1.49278 1.4403 1.37921 1.22327 1.12487 1.00472 1.32375 0.97586 0.792425 0.600425 0.562486 1.51114 0.759821 0.759499 0.502026 0.438157 0.594965 0.314522 0.304643 0.046823
threshold=22.804691500000001 24.707648500000005 24.140493500000002 0.35884610976794845 0.78804650689341349 36.500000000000007 23.609067500000005 5.491666666666668 11.500000000000002 21.376387250000004 0.68744784059204112 -0.10240449999999977 4.4976420000000008 0 0.47344476466662128 23.682309500000006 0.61754402514682971 0.76011331034652918 24.408045500000004 23.484532500000004 4.9791657965548941 23.599879275000003 1.9838078511867294 12.500000000000002 13.500000000000002 11.500000000000002 22.500000000000004 1.0022315000000004 1 9.5000000000000018 2.8621306967469575 22.950805500000005 0.43468657016401818 0.24462388269606553 0.34659809786988577 23.779616000000001 23.650657500000005 22.911298000000002 22.827644500000002 23.168194000000003 0.48899225310027428 0.34343375529837722 4.9748692352920889 1.6712158796573731 0.1979308547627168 22.082186500000002 22.473034000000002 21.893474500000004 22.315433250000002 22.332968500000003 21.850662500000002 22.561872500000003 21.536314000000004 0.347851815988166 0.033065123803896285 16.500000000000004 0.31767643668407303 2 20.795165000000001 22.218539500000002 21.337539500000002 30.500000000000004
decision_type=2 2 2 2 2 2 2 2 2 2 2 10 2 9 2 2 2 2 2 2 8 2 8 2 2 2 2 10 9 2 10 2 2 2 2 2 2 2 2 2 2 2 10 10 2 2 2 2 2 2 2 2 2 2 2 2 2 9 2 2 2 2
left_child=4 7 -3 44 6 -6 9 10 15 14 13 -12 -10 16 52 43 18 -18 19 35 -21 -22 41 24 33 26 28 45 -26 -28 31 40 47 50 -35 42 37 38 51 -39 46 -11 -2 -9 -4 -27 -25 -32 -49 -34 -24 -15 53 54 55 -1 -54 58 -56 -52 -59 -57
right_child=1 2 3 -5 5 -7 -8 8 12 22 11 -13 -14 36 -16 -17 17 -19 -20 20 21 -23 23 30 25 27 29 -29 -30 -31 32 -33 49 34 -36 -37 -38 39 -40 -41 -42 -43 -44 -45 -46 -47 -48 48 -50 -51 59 -53 56 -55 57 61 -58 60 -60 -61 -62 -63
leaf_value=0.0016460361064660667 0.00025212213654082359 0.013546004984131317 0.0028112934596904349 -0.0026254038381472201 -0.0087793871760132661 -0.00031872862756100414 0.0043474630156385748 0.0042325468489867717 0.012422243241456394 -0.00094033235228409187 0.001045452471356779 -0.0079793883558914661 0.0054523107245974698 0.0017061799732276948 -0.0062613404676982081 -0.0049487670516731239 0.0067721777655177541 -0.00045644648134593533 -0.0037566967646434353 0.0077840563206252808 -0.0025786254453715497 0.0031465801284783963 -0.0018591550686482166 -0.0008294286064138292 0.010454509573159299 -0.00045053260723278967 0.0012088225974367321 0.011507848554584369 0.0012399768663243879 -0.0023996155866513164 0.00071496305970182193 0.0046689108115611291 -0.0035462021190381344 0.0026546187022011901 -0.0042685259863798654 -0.003658886658806591 -0.0033991591306980875 0.00488353181530796 -0.0058130254022550959 -0.00045154722414092631 0.0027772292393901986 -0.0060571118958353889 0.0044836393474247194 -0.0014614046472474042 0.0076197696027054725 0.0040434059730433689 0.001003368826427547 -0.0048156515320847814 -0.0004479467440362275 -0.008144101639760112 -0.0067160782426547837 -0.001974560278855383 -0.0015387981598805301 0.0027543891602852936 -0.00076207059640369368 -0.0009222405355940144 -0.0047348508879860099 0.0002398958962934706 -0.002470724259684828 -0.0041060906284331499 -0.0018812779623118884 -0.0019371142927952518
leaf_weight=334 1368 243 346 381 255 223 344 200 231 339 227 202 275 201 260 217 380 206 225 381 239 412 221 4938 294 294 990 366 432 1735 383 280 222 288 212 207 379 318 211 275 341 212 220 204 223 259 900 282 358 199 206 202 250 209 621 215 202 386 1824 214 256 199
leaf_count=334 1368 243 346 381 255 223 344 200 231 339 227 202 275 201 260 217 380 206 225 381 239 412 221 4938 294 294 990 366 432 1735 383 280 222 288 212 207 379 318 211 275 341 212 220 204 223 259 900 282 358 199 206 202 250 209 621 215 202 386 1824 214 256 199
internal_value=1.49979e-05 0.00152316 0.00416037 0.00175962 -0.00060029 -0.00483226 -0.000494185 0.00105912 0.00341032 -0.000583151 0.000590377 -0.00320401 0.00863424 0.000901976 -0.00163925 -0.000846216 0.00160468 0.00423106 0.00110566 0.00149266 0.00353278 0.0010447 -0.00022348 -0.000113167 0.000557579 0.00134698 0.000220123 0.00557852 0.00513256 -0.00108866 -0.000580898 -0.000145279 -0.00252942 -0.00246581 -0.000280795 0.000319729 -0.000715515 0.000121226 -0.00208871 0.00240942 -0.000363433 -0.00290904 0.000838353 0.00135738 0.00469581 0.00165422 -0.00054688 -0.00121657 -0.00237247 -0.00571956 -0.00417019 -0.000138757 -0.00137196 -0.00119366 -0.00140883 -4.54434e-05 -0.00296712 -0.00173918 -0.00202845 -0.00538623 -0.000596637 -0.00141007
internal_weight=27516 7973 1193 950 19543 478 19065 6780 1127 18721 5653 429 506 5224 4756 621 3638 586 3052 2827 1032 651 13965 13414 5511 4370 3451 919 726 2725 7903 6459 1444 1141 500 1795 1586 1207 614 593 6179 551 1588 404 569 553 5838 1023 640 421 641 403 4496 4044 3835 748 452 3087 2445 420 642 414
internal_count=27516 7973 1193 950 19543 478 19065 6780 1127 18721 5653 429 506 5224 4756 621 3638 586 3052 2827 1032 651 13965 13414 5511 4370 3451 919 726 2725 7903 6459 1444 1141 500 1795 1586 1207 614 593 6179 551 1588 404 569 553 5838 1023 640 421 641 403 4496 4044 3835 748 452 3087 2445 420 642 414
cat_boundaries=0 1 2 3
cat_threshold=11464 3139 12609
is_linear=0
shrinkage=0.047679


Tree=81
num_leaves=47
num_cat=0
split_feature=9 23 36 54 7 6 7 53 4 43 23 6 50 14 46 44 54 52 25 53 16 14 7 8 55 7 16 38 18 32 3 3 30 7 30 49 54 54 41 42 21 49 52 54 52 35
split_gain=8.65097 5.39123 6.35149 10.1688 6.1863 5.6381 4.34849 6.52775 4.54914 4.16711 4.11965 6.59005 3.13738 2.93149 2.89337 3.27648 5.57973 3.15637 2.70989 1.99344 1.88021 4.27393 1.82727 4.20881 2.85386 7.82645 2.40258 2.33556 1.62619 1.24699 1.03977 0.957329 1.3298 1.16883 1.0755 2.10756 1.09086 1.00089 1.32094 1.23584 0.854969 0.673282 0.569397 0.436303 0.370062 0.263672
threshold=23.585904000000003 22.729633500000002 22.768819000000004 0.79725330366398184 3.5000000000000004 13.500000000000002 27.500000000000004 0.38030552167896226 11.194761000000002 23.598765500000003 21.968063500000003 16.500000000000004 22.323543225000005 5.0121511618236756 24.652250500000005 24.043005000000004 0.48446844272561668 0.72678282897090951 22.804807500000003 0.25596707008432867 4.2892999999999999 5.8192596707904141 52.500000000000007 1.5000000000000002 0.58215133322089907 36.500000000000007 -0.51343849999999935 23.888470000000002 22.372485000000001 22.618026500000003 1.5307225000000002 2.7871270000000004 21.555037500000005 17.500000000000004 21.149163500000004 21.234682950000003 0.14480277665485419 0.58006743897434399 21.050945500000001 22.610841500000003 21.908611000000004 21.194952000000004 0.088496004037321316 0.07107561515512302 0.04982143145153263 21.072471000000004
decision_type=2 2 2 2 2 2 2 2 2 2 2 2 2 8 2 2 2 2 2 2 10 10 2 2 2 2 8 2 2 2 2 2 2 2 2 2 2 2 2 2 2 2 2 2 2 2
left_child=10 -2 -3 4 -4 6 9 13 -9 -6 12 14 28 -8 15 17 -17 20 -19 -11 22 -22 24 -24 27 -26 -25 -12 29 31 -15 32 33 41 35 36 43 38 -36 -40 -30 -1 44 -33 -35 -44
right_child=1 2 3 -5 5 -7 7 8 -10 19 11 -13 -14 30 -16 16 -18 18 -20 -21 21 -23 23 26 25 -27 -28 -29 40 -31 -32 34 -34 42 37 -37 -38 -39 39 -41 -42 -43 45 -45 -46 -47
leaf_value=-0.0054455837523753282 0.0089918079042181319 -0.0059643313382117761 0.0095404975460721634 0.01151529408341528 0.0093081618653593837 -0.0045775991070625185 0.0068219627491024597 -0.00027192618297563256 -0.009903080229112151 -0.00085068499848802803 0.00049044317514302944 -0.0078161808362779903 -0.0064792886585662802 0.0032884552873224532 -0.0051917830175081401 -0.00013274975901409765 0.009603633986563137 -1.2813555982095809e-05 -0.0071717436108674247 0.0044732661565163147 0.0084214345702594076 -0.0006143026117447878 0.0033711235240880839 -0.0072973805235696295 -0.0006424651573978898 0.0088371996336552641 -0.0015892568260619598 -0.0044998833034440048 0.0043357669822438405 0.0027771194870407929 -0.00045272083056990933 -0.00099537289907748175 -0.0046077562938167272 -0.00049846884765736928 0.0030767389328236784 -0.0060094103204921491 0.0011749951065300065 0.002575447584160884 -0.00089959989984363467 0.0029134381934321665 -7.2848782306442328e-05 -0.0015900098602294596 -0.0029138152354470418 -0.002743665411286394 0.0022102220063503967 -0.00060918915161233119
leaf_weight=202 245 231 200 247 266 375 240 243 206 276 8050 224 230 252 204 304 239 253 229 380 216 265 314 226 474 340 649 219 200 199 512 649 368 247 207 242 337 222 6664 199 200 210 200 649 214 259
leaf_count=202 245 231 200 247 266 375 240 243 206 276 8050 224 230 252 204 304 239 253 229 380 216 265 314 226 474 340 649 219 200 199 512 649 368 247 207 242 337 222 6664 199 200 210 200 649 214 259
internal_value=4.70036e-06 0.00215902 0.00167068 0.00222235 0.00144427 0.000855448 0.0017133 8.81322e-05 -0.00469068 0.00427443 -0.000326325 0.000286436 -0.000965696 0.00222527 0.000437913 0.000535421 0.0041527 0.000360594 -0.00341405 0.00223331 0.000529792 0.00344333 0.000393361 -0.00136426 0.000623441 0.0033171 -0.00306358 0.000358277 -0.000855117 -0.000963052 0.00078128 -0.00103153 -0.00207073 -0.00136981 -0.000838855 -0.00185665 -0.001242 -0.000576868 -0.000675852 -0.000789037 0.00213146 -0.00348037 -0.00042465 -0.00186952 0.000758928 -0.00161338
internal_weight=27577 3673 3428 3197 2950 2750 2375 1453 449 922 23904 12206 11698 1004 11982 11778 543 11235 482 656 10753 481 10272 1189 9083 814 875 8269 11468 11068 764 10869 1700 1332 9169 1877 1635 7292 7070 6863 400 412 920 1298 461 459
internal_count=27577 3673 3428 3197 2950 2750 2375 1453 449 922 23904 12206 11698 1004 11982 11778 543 11235 482 656 10753 481 10272 1189 9083 814 875 8269 11468 11068 764 10869 1700 1332 9169 1877 1635 7292 7070 6863 400 412 920 1298 461 459
is_linear=0
shrinkage=0.047679


Tree=82
num_leaves=49
num_cat=0
split_feature=9 57 59 33 23 6 55 6 22 37 55 23 16 7 6 6 7 7 55 59 7 32 23 52 55 14 31 20 55 56 27 57 59 2 57 52 5 27 33 55 39 7 42 27 8 26 14 56
split_gain=8.85158 4.637 4.26852 4.66894 4.26445 5.83377 4.0551 4.53236 4.59129 4.25558 4.16919 2.6772 2.53602 4.69815 2.49044 7.24176 6.61535 6.78334 5.45028 4.51351 2.93864 2.93377 4.06369 2.92403 2.45611 3.74616 2.27875 4.25847 2.52167 2.02578 1.86043 2.26871 2.22473 1.89528 2.53161 1.73558 1.65135 1.5497 1.20762 1.2038 1.23902 1.26209 1.14493 1.26588 0.876696 0.77613 0.706393 0.626201
threshold=23.609067500000005 59.500000000000007 5.5083333333333337 22.678574000000005 21.968063500000003 16.500000000000004 0.72866757963494699 9.5000000000000018 24.001319000000006 24.805742750000004 0.48899225310027428 24.407547000000005 4.3679650000000008 37.500000000000007 9.5000000000000018 10.500000000000002 40.500000000000007 29.500000000000004 0.35051048915348315 5.7500000000000009 18.500000000000004 23.181539500000003 22.575841000000004 0.18231022768860655 0.50120359410906279 4.4323431529325203 23.204092000000003 23.421954000000003 0.31767643668407303 -0.0023989999999987073 22.448634000000002 59.500000000000007 5.491666666666668 6.9109285000000016 30.500000000000004 0.14454216384404592 4.8678060000000007 22.098689500000003 22.387899250000004 0.60633027475708434 21.950176000000003 14.500000000000002 21.737272000000001 21.315025000000002 1.5000000000000002 24.985411500000001 7.7775356345848152 0.028832499999998266
decision_type=2 2 2 2 2 2 2 2 2 2 2 2 10 2 2 2 2 2 2 2 2 2 2 2 2 8 2 2 2 2 2 2 2 2 2 2 2 2 2 2 2 2 2 2 2 2 8 2
left_child=4 2 3 -2 30 11 7 24 10 -8 -9 12 14 -14 16 20 17 21 -19 26 -16 22 -6 36 25 -5 28 -28 -17 46 31 32 37 -34 -35 45 -22 38 39 40 41 -1 43 -33 -42 -27 -18 -37
right_child=1 -3 -4 6 5 -7 9 8 -10 -11 -12 -13 13 -15 15 19 29 18 -20 -21 23 -23 -24 -25 -26 35 27 -29 -30 -31 -32 42 33 34 -36 47 -38 -39 -40 -41 44 -43 -44 -45 -46 -47 -48 -49
leaf_value=-0.0020297025158816555 -0.0055246951194577757 0.0071402860480588963 0.0082082364739805066 0.0089571836311941721 -0.00025010113479450859 -0.0073429685854035955 0.010899672381092393 -0.0023617906764449486 -0.0056517293809035815 0.0012199508647139836 0.0064282258265686842 -0.0049895816636978179 0.00012453883177268601 0.0094953301084237142 0.00059235275691365663 0.00097003505611930674 -0.0016437496279393259 0.0037191827108284006 0.014570977395465975 0.0057407445576484481 -0.0050132975164007849 -0.0032207323625272483 0.0069677187947977852 -0.0079513306091719711 -0.0014570344632720603 -0.0012287096395072596 0.0038751658171604689 -0.0024955555201668822 -0.00092833175023004574 -0.0046372230027941818 -0.0042578037760093741 -0.0045648906516903625 -0.0011949555439422813 0.0055879111211194349 -0.00094014077546353953 0.0062668630618380183 6.2677120021696029e-05 0.0020511220980139631 0.002087553499188338 0.0021720450624168807 -0.00552208126867656 -0.00066095169908045911 -0.0064647250551180821 0.00059090770265473951 -0.0020617557368515951 0.0025917831829728425 0.002280798977347699 0.0025512860870837133
leaf_weight=2075 220 389 209 233 386 223 206 299 387 207 208 203 308 201 331 3024 199 222 200 368 297 221 328 368 275 301 912 323 3356 318 379 236 362 369 213 214 286 386 274 245 214 5846 213 200 749 202 219 199
leaf_count=2075 220 389 209 233 386 223 206 299 387 207 208 203 308 201 331 3024 199 222 200 368 297 221 328 368 275 301 912 323 3356 318 379 236 362 369 213 214 286 386 274 245 214 5846 213 200 749 202 219 199
internal_value=5.45133e-06 0.00222825 0.00162357 0.00115722 -0.000322507 0.000298446 0.00169549 0.000919988 -0.00174085 0.0060481 0.00124437 0.000439625 0.000532499 0.00382499 0.000384948 4.93837e-05 0.00187038 0.00384447 0.00886222 0.000583563 -0.00327695 0.00157978 0.00306565 -0.00462368 0.00259049 0.00355922 0.000334339 0.00220898 -2.85416e-05 -0.00176936 -0.000971548 -0.000862122 -0.000696594 0.00151389 0.00319878 0.00218615 -0.0025232 -0.000909762 -0.00103131 -0.00112492 -0.00121584 -0.00101951 -0.00359957 -0.00219985 -0.00283072 0.000305564 0.000412414 0.00447655
internal_weight=27603 3549 3160 2951 24054 12293 2731 2318 894 413 507 12070 11867 509 11358 9265 2093 1357 422 7983 1282 935 714 951 1424 1149 7615 1235 6380 736 11761 11382 10733 944 582 916 583 9789 9403 9129 8884 7921 649 436 963 503 418 413
internal_count=27603 3549 3160 2951 24054 12293 2731 2318 894 413 507 12070 11867 509 11358 9265 2093 1357 422 7983 1282 935 714 951 1424 1149 7615 1235 6380 736 11761 11382 10733 944 582 916 583 9789 9403 9129 8884 7921 649 436 963 503 418 413
is_linear=0
shrinkage=0.047679


Tree=83
num_leaves=51
num_cat=5
split_feature=9 52 0 59 54 27 8 18 7 0 7 7 49 34 0 34 17 7 52 0 53 7 47 31 26 7 34 30 46 31 32 39 15 55 19 0 16 16 59 47 49 52 56 14 35 32 53 21 16 9
split_gain=7.94804 8.01661 3.61453 5.1543 6.1355 4.89519 3.59597 5.94643 5.207 4.72169 3.574 4.3546 2.90924 3.22323 3.17357 3.12434 2.88929 2.83942 3.69564 2.92438 2.55252 2.54446 2.43957 2.69594 3.15473 2.15702 2.01107 1.78351 1.67832 1.6773 1.90096 1.57392 1.50451 2.59613 1.51971 1.49676 1.44705 2.13759 1.45678 1.42356 1.41213 1.34729 1.25931 1.19561 0.969909 1.80648 1.34138 0.957144 0.914293 0.578686
threshold=23.609067500000005 0.80106012886426814 0 5.991666666666668 0.7156317868495613 23.452037500000007 1.5000000000000002 24.103764500000004 10.500000000000002 1 19.500000000000004 25.500000000000004 23.014616750000002 23.206497500000005 2 23.079464000000005 1.3975400000000002 51.500000000000007 0.40126940390466265 3 0.48228971691101685 36.500000000000007 23.748797500000006 23.204092000000003 23.088467500000004 33.500000000000007 23.461876000000004 22.887755500000001 23.455369000000005 22.216393500000006 21.889257500000003 24.719040750000001 4.054293752372927 0.26658908182704905 21.938583500000004 4 -5.3799349999999988 0.60899049999999966 5.7500000000000009 23.784559500000004 23.014616750000002 0.18486649401841032 -0.0050279999999975891 8.2203667941614214 22.046036000000004 22.259861750000002 0.36252144668295566 22.020975000000004 -0.24885299999999952 22.528359500000004
decision_type=2 2 9 2 2 2 2 2 2 9 2 2 2 2 9 2 8 2 2 9 2 2 2 2 2 2 2 2 2 2 2 2 8 2 2 9 8 8 2 2 2 2 2 8 2 2 2 2 10 2
left_child=2 6 3 4 5 22 8 9 -2 25 -10 -12 15 14 -14 29 -9 18 19 -13 28 -6 23 26 -25 -8 40 -24 -7 32 -31 -21 33 -4 42 -32 -34 -38 47 43 41 -1 -35 -15 -37 -46 -47 -39 -42 -17
right_child=1 -3 12 -5 21 20 7 16 10 -11 11 17 13 39 -16 49 -18 -19 -20 31 -22 -23 27 24 -26 -27 -28 -29 -30 30 35 -33 36 34 -36 44 37 38 -40 -41 48 -43 -44 -45 45 46 -48 -49 -50 -51
leaf_value=-0.00032916422382891309 0.0089961279822540242 0.010029326992410686 0.00082835449231916233 0.0059892800124256096 -0.0081547969622877085 -0.00098866675997585874 0.0082840100635897876 -0.0079987288006171837 -0.0037420423257480931 -0.0019909495533129372 0.0091542708301831244 0.0063347941557192165 0.0004273914590770162 -0.0015823103620314831 0.0089320842300042152 -0.0033787088746889365 -0.0011496563024059896 0.0065443963633186426 -0.0053073769439181519 0.0024772879700883568 0.0069954577189414004 -0.0017769848833547224 -0.0003704253235741291 0.0059392068907174224 -0.00046855047759644214 0.0019264380062482148 0.0046459133832175417 -0.0066752120556813604 0.0044609452204481398 0.0045601689796309604 0.0032816091357639274 -0.0028721895147007011 -0.0046514184003490465 -7.868183178133115e-05 -0.0073426380781590195 -0.0035062236245084464 0.0033838348200235777 -0.0014029215814573685 0.0022491969779379396 -0.0038357251482725369 -0.0048533250238299219 0.0010623015447328835 -0.004941589529214801 0.0036181856276507173 0.0032901640646744563 -0.0015968845951040936 0.0020001921540345833 0.00053389225075835029 -0.0004378157640603601 -0.0069569521287047211
leaf_weight=6147 268 269 297 350 262 261 258 246 226 354 204 230 204 200 200 204 325 214 199 261 345 311 203 389 317 229 207 205 253 203 234 240 242 211 265 242 255 5840 289 207 227 2130 284 202 272 1258 290 644 201 207
leaf_count=6147 268 269 297 350 262 261 258 246 226 354 204 230 204 200 200 204 325 214 199 261 345 311 203 389 317 229 207 205 253 203 234 240 242 211 265 242 255 5840 289 207 227 2130 284 202 272 1258 290 644 201 207
internal_value=3.84556e-06 0.00211892 -0.000305881 0.000289439 0.000115583 0.000368723 0.00146499 -0.000345328 0.0028527 0.00220419 0.00180667 0.00273695 -0.00087924 0.00156724 0.00486931 -0.00110057 -0.0041004 0.0015926 0.00045315 0.00202134 0.00382306 -0.00469319 7.27642e-05 0.000225946 0.00306207 0.00518799 1.27111e-06 -0.00353827 0.00169373 -0.000945664 0.000137664 -8.36661e-05 -0.00127078 -0.00295155 -0.0044287 -0.000253351 -0.00102641 -0.000901585 -0.00106293 -0.000623291 -0.000109176 2.89151e-05 -0.00286871 0.00103087 -0.000667185 -0.000293351 -0.000923013 -0.00121055 -0.00277969 -0.00518089
internal_weight=27581 3523 24058 11808 11458 10885 3254 1412 1842 841 1574 1348 12250 1013 404 11237 571 1144 930 731 859 573 10026 9618 706 487 8912 408 514 10826 2499 501 8327 1057 760 2296 7270 7028 6773 609 8705 8277 495 402 2062 1820 1548 6484 428 411
internal_count=27581 3523 24058 11808 11458 10885 3254 1412 1842 841 1574 1348 12250 1013 404 11237 571 1144 930 731 859 573 10026 9618 706 487 8912 408 514 10826 2499 501 8327 1057 760 2296 7270 7028 6773 609 8705 8277 495 402 2062 1820 1548 6484 428 411
cat_boundaries=0 1 2 3 4 5
cat_threshold=2062 3074 1153 328 64
is_linear=0
shrinkage=0.047679


end of trees

feature_importances:
minute=524
hour=459
source_temp=451
object_id=356
temp_roll_std_30=278
temp_roll_std_20=272
temp_roll_std_10=226
temp_roll_std_5=224
temp_roll_mean_20=213
temp_roll_mean_5=190
temp_lag_1=160
target_minutes_ahead=158
temp_roll_mean_30=153
nearest_person_dx=128
temp_roll_mean_10=125
temp_lag_2=117
nearest_person_dy=106
day_of_week=97
temp_lag_30=95
temp_lag_13=82
nearest_person_distance=81
mean_person_distance=78
display_y=77
temp_lag_26=76
temp_delta_1=73
temp_lag_7=71
temp_lag_12=66
temp_lag_3=65
temp_lag_16=63
temp_lag_23=58
temp_lag_20=56
temp_lag_25=56
display_x=55
temp_lag_11=54
temp_lag_24=53
temp_lag_17=52
temp_lag_29=52
temp_lag_19=51
temp_lag_21=50
temp_lag_14=49
temp_lag_8=48
temp_lag_5=47
temp_lag_9=47
temp_lag_15=47
temp_lag_27=45
temp_lag_18=44
temp_lag_22=44
temp_lag_28=43
temp_lag_4=39
temp_lag_10=39
temp_lag_6=38
people_count_total=34
seconds_since_previous=14
canonical_label=12
anchor_y=10
anchor_x=7
people_count_within_2m=1
people_count_within_3m=1

parameters:
[boosting: gbdt]
[objective: regression]
[metric: rmse,l2]
[tree_learner: serial]
[device_type: cpu]
[data_sample_strategy: bagging]
[data: ]
[valid: ]
[num_iterations: 2000]
[learning_rate: 0.047679]
[num_leaves: 79]
[num_threads: 8]
[seed: 42]
[deterministic: 0]
[force_col_wise: 0]
[force_row_wise: 0]
[histogram_pool_size: -1]
[max_depth: 10]
[min_data_in_leaf: 199]
[min_sum_hessian_in_leaf: 0.001]
[bagging_fraction: 0.85]
[pos_bagging_fraction: 1]
[neg_bagging_fraction: 1]
[bagging_freq: 1]
[bagging_seed: 400]
[bagging_by_query: 0]
[feature_fraction: 0.85]
[feature_fraction_bynode: 1]
[feature_fraction_seed: 30056]
[extra_trees: 0]
[extra_seed: 12879]
[early_stopping_round: 0]
[early_stopping_min_delta: 0]
[first_metric_only: 0]
[max_delta_step: 0]
[lambda_l1: 0]
[lambda_l2: 0.00020116]
[linear_lambda: 0]
[min_gain_to_split: 0]
[drop_rate: 0.1]
[max_drop: 50]
[skip_drop: 0.5]
[xgboost_dart_mode: 0]
[uniform_drop: 0]
[drop_seed: 17869]
[top_rate: 0.2]
[other_rate: 0.1]
[min_data_per_group: 100]
[max_cat_threshold: 32]
[cat_l2: 10]
[cat_smooth: 10]
[max_cat_to_onehot: 4]
[top_k: 20]
[monotone_constraints: ]
[monotone_constraints_method: basic]
[monotone_penalty: 0]
[feature_contri: ]
[forcedsplits_filename: ]
[refit_decay_rate: 0.9]
[cegb_tradeoff: 1]
[cegb_penalty_split: 0]
[cegb_penalty_feature_lazy: ]
[cegb_penalty_feature_coupled: ]
[path_smooth: 0]
[interaction_constraints: ]
[verbosity: -1]
[saved_feature_importance_type: 0]
[use_quantized_grad: 0]
[num_grad_quant_bins: 4]
[quant_train_renew_leaf: 0]
[stochastic_rounding: 1]
[linear_tree: 0]
[max_bin: 255]
[max_bin_by_feature: ]
[min_data_in_bin: 3]
[bin_construct_sample_cnt: 200000]
[data_random_seed: 175]
[is_enable_sparse: 1]
[enable_bundle: 1]
[use_missing: 1]
[zero_as_missing: 0]
[feature_pre_filter: 1]
[pre_partition: 0]
[two_round: 0]
[header: 0]
[label_column: ]
[weight_column: ]
[group_column: ]
[ignore_column: ]
[categorical_feature: 0,1]
[forcedbins_filename: ]
[precise_float_parser: 0]
[parser_config_file: ]
[objective_seed: 16083]
[num_class: 1]
[is_unbalance: 0]
[scale_pos_weight: 1]
[sigmoid: 1]
[boost_from_average: 1]
[reg_sqrt: 0]
[alpha: 0.9]
[fair_c: 1]
[poisson_max_delta_step: 0.7]
[tweedie_variance_power: 1.5]
[lambdarank_truncation_level: 30]
[lambdarank_norm: 1]
[label_gain: ]
[lambdarank_position_bias_regularization: 0]
[eval_at: ]
[multi_error_top_k: 1]
[auc_mu_weights: ]
[num_machines: 1]
[local_listen_port: 12400]
[time_out: 120]
[machine_list_filename: ]
[machines: ]
[gpu_platform_id: -1]
[gpu_device_id: -1]
[gpu_use_dp: 0]
[num_gpu: 1]

end of parameters

pandas_categorical:[["cableduct_1", "cableduct_2", "cableduct_3", "cableduct_4", "chair_1", "machine_1", "machine_2", "machine_3", "machine_4", "machine_5", "machine_6", "screen_1", "screen_2", "window_1"], ["Cableduct", "Chair", "Machine", "Screen", "Window"]]
