tree
version=v4
num_class=1
num_tree_per_iteration=1
label_index=0
max_feature_idx=59
objective=regression
feature_names=object_id canonical_label display_x display_y anchor_x anchor_y hour minute day_of_week source_temp people_count_total people_count_within_1m people_count_within_2m people_count_within_3m nearest_person_distance mean_person_distance nearest_person_dx nearest_person_dy temp_lag_1 temp_lag_2 temp_lag_3 temp_lag_4 temp_lag_5 temp_lag_6 temp_lag_7 temp_lag_8 temp_lag_9 temp_lag_10 temp_lag_11 temp_lag_12 temp_lag_13 temp_lag_14 temp_lag_15 temp_lag_16 temp_lag_17 temp_lag_18 temp_lag_19 temp_lag_20 temp_lag_21 temp_lag_22 temp_lag_23 temp_lag_24 temp_lag_25 temp_lag_26 temp_lag_27 temp_lag_28 temp_lag_29 temp_lag_30 temp_roll_mean_5 temp_roll_mean_10 temp_roll_mean_20 temp_roll_mean_30 temp_roll_std_5 temp_roll_std_10 temp_roll_std_20 temp_roll_std_30 temp_delta_1 seconds_since_previous observations_in_frame target_minutes_ahead
feature_infos=-1:3:1:10:0:13:7:14:9:8:11:2:6:12 -1:1:0:2:3 [1.041598:11.556165999999999] [0.20951900000000001:3.5975069999999998] [1.041598:11.556165999999999] [0.20951900000000001:3.5975069999999998] [8:22] [0:59] [1:4] [20.710781097412109:33.628902435302734] [0:8] [0:4] [0:5] [0:6] [0.019167065216146285:12.151848356626656] [0.039829338759261326:12.151848356626656] [-11.833653:8.1827309999999986] [-3.9878310000000003:2.7271389999999998] [20.710781097412109:33.628902435302734] [20.710781097412109:33.628902435302734] [20.710781097412109:33.628902435302734] [20.710781097412109:33.628902435302734] [20.767314910888672:33.628902435302734] [20.767314910888672:33.628902435302734] [20.767314910888672:33.628902435302734] [20.767314910888672:33.628902435302734] [20.767314910888672:33.628902435302734] [20.767314910888672:33.628902435302734] [20.767314910888672:33.628902435302734] [20.767314910888672:33.724906921386719] [20.767314910888672:33.724906921386719] [20.767314910888672:33.731792449951172] [20.767314910888672:33.731792449951172] [20.767314910888672:33.788913726806641] [20.767314910888672:33.812648773193359] [20.767314910888672:33.812648773193359] [20.767314910888672:33.867141723632812] [20.767314910888672:33.867141723632812] [20.767314910888672:33.871669769287109] [20.778268814086911:33.904830932617188] [20.778268814086911:33.938369750976562] [20.778268814086911:33.989253997802734] [20.778268814086911:33.989253997802734] [20.778268814086911:33.989253997802734] [20.778268814086911:33.989253997802734] [20.778268814086911:34.028663635253906] [20.778268814086911:34.028663635253906] [20.778268814086911:34.083908081054688] [20.813935470296876:33.582015991210938] [20.846101379252442:33.520564270704099] [20.947070026343749:33.459170151099116] [20.974348449659669:33.602841186512045] [0.0046546274530860493:2.9087148323116554] [0.013041314038185923:3.7845282620885468] [0.027526308275102239:3.4762438326746441] [0.037683147371787282:3.0084684082892879] [-6.476531982421875:6.0934104919433594] [60:8220] none [5:7]
tree_sizes=2696 2836 2827 2831 2843 2839 2837 2847 2845 2824 2844 2856 2831 2845 2838 2865 2840 2851 2840 2848 2840 2840 2845 2842 2857 2852 2861 2853 2861 2864 2835 2850 2861 2848 2868 2845 2864 2868 2849 2858 2865 2856 2867 2850 2836 2879 2847 2849 2846 2883 2883 2878 2849 2875 2864 2860 2881 2851 2894 2870 2884 2861 2883 2884 2908 2870 2879 2850 2853 2892 2864 2894 2890 2870 2876 2874 2876 2865 2885 2871 2911 2886 2873 2877 2862 2891 2878 2882 2885 2899 2894 2887 2906 2907 2882 2893 2900 2875 2862 2887 2886 2892 2889 2857 2928 2882 2904 2889 2920 2886 2902 2871 2898 2890 2840 2892 2918 2872 2916 2856 2868 2890 2884 2904 2886 2914 2864 2873 2913 2926 2911 2899 2880 2901 2929 2847 2900 2868 2928 2901 2882 2854 2836 2876 2874 2916 2849 2887 2878 2902 2862 2877 2912 2889 2882 2903 2858 2888 2859 2897 2845 2881 2844 2905 2917 2898 2903 2915 2913 2886 2913 2887 2877 2885 2922 2894 2887 2876 2890 2896 2884

Tree=0
num_leaves=31
num_cat=0
split_feature=49 48 48 48 9 48 49 9 9 9 9 9 9 9 9 9 6 9 52 48 49 9 9 49 9 18 26 34 9 50
split_gain=40848.7 12171 6899.51 2434.28 1784.85 1056.26 927.655 416.737 402.837 243.92 197.605 176.571 118.943 114.972 114.231 74.4669 62.1433 56.8198 55.8433 51.3553 51.0251 50.316 49.7816 41.9132 41.0357 40.323 37.2788 34.912 28.3135 26.4898
threshold=24.360865974426272 28.054675483703615 22.741266251062012 25.708021354598639 31.38391208648682 21.851817512466802 23.526330470875489 24.922546386718754 27.279413225681157 29.486070632934574 22.212726593017585 24.039432525634769 26.339530944824222 23.052125930786136 21.472457885742191 25.674401283264164 10.500000000000002 23.42381572723389 0.52613907452177833 24.718005561828615 24.879428958892827 32.293060301655281 28.452870368957523 22.331177043914799 25.102458953857425 26.178353309631351 26.72652626037598 25.17053318023682 23.648101806640629 26.165571069698245
decision_type=2 2 2 2 2 2 2 2 2 2 2 2 2 2 2 2 2 2 2 2 2 2 2 2 2 2 2 2 2 2
left_child=2 3 5 7 9 14 13 19 12 22 -7 17 29 -4 -1 20 -10 -8 -11 -2 -9 -6 -3 -12 -13 -17 -18 -14 -15 -5
right_child=1 4 6 8 21 10 11 15 16 18 23 24 27 28 -16 25 26 -19 -20 -21 -22 -23 -24 -25 -26 -27 -28 -29 -30 -31
leaf_value=23.643989269953344 23.73675519965904 23.83597742610737 23.691388085405734 23.77711072172529 23.956143050558588 23.666818949703519 23.707124329511373 23.747536777411444 23.841059842932314 23.908308311860203 23.673978773964642 23.729454554922839 23.77728340147592 23.701029248850816 23.656787025636064 23.769996455463133 23.795580919068563 23.719261559084501 23.854096930650094 23.746824822630561 23.761311715388651 23.9867536128823 23.863605108893555 23.682434804697834 23.748195104972147 23.802155718816692 23.826268240660575 23.801106963723441 23.710376917999842 23.787016139151397
leaf_weight=1433 987 114 1366 557 72 1950 478 305 138 118 783 904 62 1420 1117 350 63 1268 20 847 1172 147 121 1617 119 39 82 517 367 431
leaf_count=1433 987 114 1366 557 72 1950 478 305 138 118 783 904 62 1420 1117 350 63 1268 20 847 1172 147 121 1617 119 39 82 517 367 431
internal_value=23.7158 23.7794 23.6853 23.7656 23.9087 23.6649 23.7091 23.7516 23.7937 23.8688 23.6739 23.7217 23.7878 23.6979 23.6496 23.7615 23.8266 23.7159 23.9005 23.7414 23.7585 23.9767 23.8502 23.6797 23.7316 23.7732 23.8129 23.7986 23.7029 23.7814
internal_weight=18964 6142 12822 5550 592 6900 5922 3700 1850 373 4350 2769 1567 3153 2550 1866 283 1746 138 1834 1477 219 235 2400 1023 389 145 579 1787 988
internal_count=18964 6142 12822 5550 592 6900 5922 3700 1850 373 4350 2769 1567 3153 2550 1866 283 1746 138 1834 1477 219 235 2400 1023 389 145 579 1787 988
is_linear=0
shrinkage=1


Tree=1
num_leaves=31
num_cat=0
split_feature=48 48 48 48 48 48 49 48 19 49 48 18 18 18 18 48 49 18 18 56 18 49 14 46 55 30 46 53 14 17
split_gain=38443.6 11619.9 6232.14 2402.63 1651.3 993.832 799.533 383.869 300.055 215.086 184.019 107.64 89.7016 89.3355 75.8644 71.6283 65.6006 55.9317 54.2881 32.6923 30.7732 30.6824 30.6102 32.3665 29.0232 34.4797 28.0301 27.8349 28.908 27.114
threshold=24.298202324055669 28.054675483703615 22.741266251062012 25.708021354598639 31.421253967285161 21.851817512466802 23.526330470875489 25.105949020385747 27.298688888549808 29.419773769378669 22.288580704141605 26.347520828247074 23.775609016418461 21.493417739868168 23.037331581115726 24.783003997802737 26.787231636047366 32.309156419409184 30.254060745239261 0.10159397125243964 25.314518928527836 24.480766391543948 0.83502133836730297 29.648962020874027 0.4318454053507807 23.483766555786136 24.5092306137085 1.5637347526849001 2.8690233862659382 0.58255950000000034
decision_type=2 2 2 2 2 2 2 2 2 2 2 2 2 2 2 2 2 2 2 2 2 2 8 2 2 2 2 2 8 10
left_child=2 3 5 7 9 13 14 15 11 22 -7 -5 19 -1 -4 -2 27 -6 -11 -8 -9 -17 -3 -24 -14 -26 -16 28 -10 -18
right_child=1 4 6 8 17 10 12 20 16 18 -12 -13 24 -15 26 21 29 -19 -20 -21 -22 -23 23 -25 25 -27 -28 -29 -30 -31
leaf_value=-0.068839269006721826 0.022448782944302265 0.16091822547912596 -0.02299180808169745 0.063838041091368009 0.23073618316650391 -0.046376335723281294 -0.0050866585464117596 0.040705721596859618 0.11879619544744492 0.16047739446163178 -0.034006246245431679 0.079885811569339563 0.0061531890479147493 -0.057400999071666133 -0.014570436422949449 0.0088029460456560942 0.11515384580149796 0.26257357412455029 0.19715279012918471 0.0051492951986710387 0.049523732982220452 0.034499515046891631 0.11743820145395066 0.1436224107973037 0.0019131701435243724 0.01825450035299582 -0.0011761686220472935 0.049638333629284583 0.072534735260471217 0.07930314915520803
leaf_weight=1517 1480 25 1259 925 75 2325 709 597 20 84 2025 634 774 1033 1737 44 198 147 64 465 883 844 135 62 149 528 153 21 31 21
leaf_count=1517 1480 25 1259 925 75 2325 709 597 20 84 2025 634 774 1033 1737 44 198 147 64 465 883 844 135 62 149 528 153 21 31 21
internal_value=-2.24464e-10 0.0606317 -0.030091 0.0474887 0.187134 -0.0493351 -0.00709413 0.0339813 0.0755841 0.148323 -0.0406178 0.0703642 0.00513295 -0.0642056 -0.0172866 0.0264903 0.103549 0.251818 0.176337 -0.00103238 0.0459667 0.0332263 0.129647 0.125679 0.0101213 0.014658 -0.0134861 0.078707 0.0906765 0.111716
internal_weight=18964 6290 12674 5698 592 6900 5774 3848 1850 370 4350 1559 2625 2550 3149 2368 291 222 148 1174 1480 888 222 197 1451 677 1890 72 51 219
internal_count=18964 6290 12674 5698 592 6900 5774 3848 1850 370 4350 1559 2625 2550 3149 2368 291 222 148 1174 1480 888 222 197 1451 677 1890 72 51 219
is_linear=0
shrinkage=0.03


Tree=2
num_leaves=31
num_cat=0
split_feature=49 9 48 48 18 48 49 9 9 9 9 9 9 9 19 9 18 9 6 9 9 9 9 9 49 9 9 48 50 9
split_gain=36182.8 10786.9 6103.1 1956.25 1826.98 935.096 818.901 346.728 274.744 220.758 180.055 160.418 105.347 103.007 101.405 94.6026 63.6053 52.821 46.8046 44.3482 42.4821 38.2659 35.32 34.3106 33.7407 33.1214 31.3625 30.4783 26.668 26.6322
threshold=24.360865974426272 27.933975219726566 22.741266251062012 25.67075347900391 30.254060745239261 21.851817512466802 23.526330470875489 24.889999390187992 26.339530944824222 31.38391208648682 22.325141906738285 24.039432525634769 23.052125930786136 21.472457885742191 28.498593330383304 27.279413225681157 25.281613349914554 23.24605751037598 11.500000000000002 32.293060301655281 23.859982490539554 25.188035964965824 26.40413856506348 22.080404281616214 26.899232292175295 29.008979797363285 25.971404075622562 24.743709182739263 25.99775938973389 23.648101806640629
decision_type=2 2 2 2 2 2 2 2 2 2 2 2 2 2 2 2 2 2 2 2 2 2 2 2 2 2 2 2 2 2
left_child=2 3 5 7 14 13 12 20 26 -6 23 17 -4 -1 18 28 -9 -8 -3 -11 -2 -13 -18 -7 -17 -16 -5 -22 -10 -14
right_child=1 4 6 8 9 10 11 16 15 19 -12 21 29 -15 25 24 22 -19 -20 -21 27 -23 -24 -25 -26 -27 -28 -29 -30 -31
leaf_value=-0.067602876833973438 0.011037381202764143 0.12511844630863356 -0.023065478548988435 0.056765761661436258 0.18467180356173446 -0.047753170717586862 -0.012215715170522574 0.036922512387143794 0.064716599909588696 0.22625532527764636 -0.032330764545850425 0.013153114472686306 -0.013860972299886039 -0.055450086991837115 0.12910806930228455 0.082043906529679106 0.046883047742015481 0.0022600669424227642 0.092780890276715641 0.25499330413584803 0.021757510508660538 0.033239096135019942 0.078511592799966987 -0.040651080439387095 0.10913358952035966 0.15461683229702272 0.067301006507076017 0.030224123644389287 0.081197439237141317 -0.004795094863403771
leaf_weight=1433 210 115 1366 631 71 1410 268 960 108 72 1858 929 1420 1117 73 57 857 1478 62 147 887 94 33 1082 151 123 426 673 486 367
leaf_count=1433 210 115 1366 631 71 1410 268 960 108 72 1858 929 1420 1117 73 57 857 1478 62 147 887 94 33 1082 151 123 426 673 486 367
internal_value=-2.39815e-10 0.0598729 -0.0286803 0.0460429 0.174163 -0.047855 -0.006339 0.0331969 0.0710578 0.230642 -0.0393993 0.00556529 -0.0167935 -0.0622795 0.130251 0.084298 0.0422785 3.81256e-05 0.113791 0.245545 0.0237049 0.0149987 0.0480558 -0.0446695 0.10171 0.145116 0.0610118 0.0254101 0.0782009 -0.0119991
internal_weight=18964 6142 12822 5479 663 6900 5922 3620 1859 290 4350 2769 3153 2550 373 802 1850 1746 177 219 1770 1023 890 2492 208 196 1057 1560 594 1787
internal_count=18964 6142 12822 5479 663 6900 5922 3620 1859 290 4350 2769 3153 2550 373 802 1850 1746 177 219 1770 1023 890 2492 208 196 1057 1560 594 1787
is_linear=0
shrinkage=0.03


Tree=3
num_leaves=31
num_cat=0
split_feature=48 48 48 48 9 48 9 9 9 9 9 51 9 9 9 49 9 52 6 9 9 18 49 49 18 34 49 9 48 9
split_gain=34053 10743 4833.72 2194.22 1758.96 879.843 550.36 482.007 271.986 264.564 177.036 104.944 93.2652 88.334 83.6041 79.3953 71.7163 61.7318 51.5665 46.9387 41.7273 41.6153 39.1647 33.7271 32.8313 32.2778 29.6696 29.6112 26.5931 25.6891
threshold=24.146457862839849 27.848537445210454 22.741266251062012 25.67075347900391 31.38391208648682 21.841001320385256 23.440654754638675 24.889999390187992 29.008979797363285 26.339530944824222 22.243118286132816 23.506762727010749 27.279413225681157 21.472457885742191 22.956953048706058 24.506718730810061 25.394895553588871 0.72036257936428771 10.500000000000002 23.94834136962891 32.293060301655281 30.254060745239261 24.853087425084233 22.331177043914799 26.03409576416016 25.17053318023682 23.411007022857671 25.971404075622562 24.783003997802737 24.209330558776859
decision_type=2 2 2 2 2 2 2 2 2 2 2 2 2 2 2 2 2 2 2 2 2 2 2 2 2 2 2 2 2 2
left_child=2 3 5 7 8 13 14 15 -3 27 -7 -8 25 -1 -4 29 22 21 -14 -13 -6 -10 -9 -12 -18 -11 -16 -5 -17 -2
right_child=1 4 6 9 20 10 11 16 17 12 23 19 18 -15 26 28 24 -19 -20 -21 -22 -23 -24 -25 -26 -27 -28 -29 -30 -31
leaf_value=-0.065580421236015887 0.0078770754198452531 0.1131509825155443 -0.023185122973179314 0.054813902051450959 0.21946766416231789 -0.044569001961006549 -0.0074773498262785485 0.026635586607780665 0.15512497404347295 0.055250816004616871 -0.038051881840453217 0.0022656199341634883 0.11408639627344468 -0.05410261110900004 -0.015404467951426243 0.021017714027366158 0.045762351040405873 0.11273391837423496 0.085017564138945401 0.012460470969973821 0.24734352481608488 0.18515655767000638 0.039187280744619996 -0.030128193957658891 0.069753272181207471 0.07799985340208683 -0.0069786610489766766 0.065078306357675003 0.029422546638047845 0.017968644338028136
leaf_weight=1432 406 245 1174 627 72 2154 680 310 115 63 698 979 102 1043 1261 729 771 22 119 695 147 65 804 1573 55 515 536 424 633 515
leaf_count=1432 406 245 1174 627 72 2154 680 310 115 63 698 979 102 1043 1261 729 771 22 119 695 147 65 804 1573 55 515 536 424 633 515
internal_value=7.51752e-11 0.0541453 -0.0298475 0.0416017 0.168525 -0.0464194 -0.00837398 0.0296664 0.1344 0.0688466 -0.0384076 0.00246112 0.0818581 -0.0607435 -0.0169589 0.0203234 0.0406612 0.160172 0.0984339 0.00649825 0.238179 0.16597 0.0356944 -0.0325636 0.0473598 0.0755203 -0.0128913 0.0589548 0.0249239 0.01352
internal_weight=18964 6739 12225 6073 666 6900 5325 4223 447 1850 4425 2354 799 2475 2971 2283 1940 202 221 1674 219 180 1114 2271 826 578 1797 1051 1362 921
internal_count=18964 6739 12225 6073 666 6900 5325 4223 447 1850 4425 2354 799 2475 2971 2283 1940 202 221 1674 219 180 1114 2271 826 578 1797 1051 1362 921
is_linear=0
shrinkage=0.03


Tree=4
num_leaves=31
num_cat=0
split_feature=49 9 9 48 48 48 49 9 9 21 48 9 9 9 49 19 9 9 53 9 9 9 44 14 9 49 48 9 49 48
split_gain=32045.2 9561.67 5402.05 1727.69 1611.47 888.567 712.69 306.503 242.051 230.311 148.649 128.825 125.057 82.7272 77.1063 61.7136 53.4387 48.8683 42.1882 40.5449 34.328 32.8937 32.3773 34.6712 30.7912 30.5374 29.3147 27.7816 25.2132 24.4205
threshold=24.360865974426272 27.933975219726566 22.744319915771488 25.67075347900391 31.421253967285161 21.912070465087893 23.526330470875489 24.922546386718754 26.339530944824222 29.592650413513187 22.33669395446778 24.039432525634769 21.561673164367679 27.279413225681157 22.979575729370122 26.850678443908695 25.394895553588871 32.293060301655281 0.59988657968480841 23.859982490539554 25.102458953857425 23.461296082253423 29.598188400268558 0.83502133836730297 23.440654754638675 26.899232292175295 24.718005561828615 25.971404075622562 24.853087425084233 22.873467445373539
decision_type=2 2 2 2 2 2 2 2 2 2 2 2 2 2 2 2 2 2 2 2 2 2 2 8 2 2 2 2 2 2
left_child=2 3 5 7 9 12 14 19 27 15 -7 21 -1 -10 -4 -3 28 -6 -11 -2 -13 -8 23 -17 -16 -15 -21 -5 -9 -12
right_child=1 4 6 8 17 10 11 16 13 18 29 20 -14 25 24 22 -18 -19 -20 26 -22 -23 -24 -25 -26 -27 -28 -29 -30 -31
leaf_value=-0.062814540128997995 0.010220837251349752 0.081318940955858954 -0.022248972913498741 0.053407277712589581 0.21016395854949951 -0.041364616285625787 -0.0059656111815697107 0.026683857249637597 0.073558880791369102 0.17110251399023194 -0.031552477391436698 0.012110955702998895 -0.050251604021037982 0.076833663857296897 -0.014257296095041951 0.14491458797454834 0.045914416461723229 0.23992320761388661 0.12380046772956847 0.020388357418468086 0.029251539925281581 0.0032723717942359271 0.13844181699752808 0.10985387971184471 -0.0058486888163514035 0.10260537329099036 0.028466631395919862 0.063322856733706634 0.038057410742826953 -0.023126587077328998
leaf_weight=1638 210 39 1001 631 75 2081 486 227 594 112 1690 904 1263 57 1521 30 790 147 20 850 119 1212 75 165 528 151 771 426 772 379
leaf_count=1638 210 39 1001 631 75 2081 486 227 594 112 1690 904 1263 57 1521 30 790 147 20 850 119 1212 75 165 528 151 771 426 772 379
internal_value=1.46244e-11 0.0563457 -0.0269907 0.0433248 0.163949 -0.0446073 -0.00546675 0.0312525 0.0668329 0.130765 -0.0357032 0.00569499 -0.0573451 0.0792605 -0.0154245 0.116595 0.0400838 0.229869 0.163936 0.0226238 0.0141048 0.000628285 0.121691 0.115248 -0.0120905 0.0955429 0.0242306 0.0574035 0.035473 -0.030009
internal_weight=18964 6142 12822 5479 663 7051 5771 3620 1859 441 4150 2721 2901 802 3050 309 1789 222 132 1831 1023 1698 270 195 2049 208 1621 1057 999 2069
internal_count=18964 6142 12822 5479 663 7051 5771 3620 1859 441 4150 2721 2901 802 3050 309 1789 222 132 1831 1023 1698 270 195 2049 208 1621 1057 999 2069
is_linear=0
shrinkage=0.03


Tree=5
num_leaves=31
num_cat=0
split_feature=48 9 48 48 18 48 9 9 9 9 9 9 19 9 9 51 48 9 6 51 9 34 51 53 9 48 36 51 9 55
split_gain=30159.7 9515.99 4280.63 1961.02 1536.8 780.407 488.825 418.505 227.746 184.109 152.179 94.9948 88.5517 85.9067 77.838 69.5293 61.0733 56.7981 45.1859 40.1863 36.3921 33.4041 31.8248 31.7054 29.7278 28.6115 28.1954 26.7344 26.2812 25.7406
threshold=24.146457862839849 27.933975219726566 22.741266251062012 25.67075347900391 30.254060745239261 21.851817512466802 23.537122726440433 24.889999390187992 26.339530944824222 31.38391208648682 22.212726593017585 22.956953048706058 28.498593330383304 21.472457885742191 27.279413225681157 23.675042947266444 25.141686630249026 24.239990234375004 11.500000000000002 23.306838321779544 32.293060301655281 25.17053318023682 22.539838314040285 0.90113007969947867 26.40413856506348 24.783003997802737 26.118271827697757 25.615274175082032 29.008979797363285 0.51953029550187646
decision_type=2 2 2 2 2 2 2 2 2 2 2 2 2 2 2 2 2 2 2 2 2 2 2 2 2 2 2 2 2 2
left_child=2 3 5 7 12 13 11 17 27 -6 -7 -4 18 -1 21 -8 -9 26 -3 -13 -11 -10 -12 28 -18 -19 -2 -5 -14 -17
right_child=1 4 6 8 9 10 15 16 14 20 22 19 23 -15 -16 29 24 25 -20 -21 -22 -23 -24 -25 -26 -27 -28 -29 -30 -31
leaf_value=-0.061723379140143947 0.011258635771257301 0.11458039986568949 -0.021858357282110896 0.046156101438781363 0.16857552655985655 -0.042184764185676779 -0.0038116959388193533 0.031750640447357835 0.051230040148577904 0.20669264098008472 -0.033630391715040259 -0.015451603638273206 0.12035156758931966 -0.050625113839076807 0.092676643642883458 0.0048109956283534372 0.041799312619817446 0.019589825129150484 0.083131154836155477 -0.0071942548225341421 0.23272551429514982 0.073867371244864033 -0.026527955240328711 0.10570623603734103 0.072569089305811907 0.028334535158345428 0.037430253321161636 0.058071208002607851 0.14619642483221518 0.013696576955914285
leaf_weight=1433 740 115 1174 212 71 1950 716 797 66 72 1478 1036 52 1117 208 869 1106 995 64 1087 147 528 922 33 29 509 39 845 111 443
leaf_count=1433 740 115 1174 212 71 1950 716 797 66 72 1478 1036 52 1117 208 869 1106 995 64 1087 147 528 922 33 29 509 39 845 111 443
internal_value=6.39404e-11 0.0509561 -0.0280894 0.0391604 0.158696 -0.0436844 -0.0078818 0.0278399 0.064828 0.210556 -0.0359597 -0.0150105 0.118591 -0.0568619 0.0768827 0.00370767 0.0381158 0.0191438 0.103336 -0.0112237 0.224167 0.0713521 -0.0309019 0.132522 0.0425855 0.0225493 0.0125689 0.0556814 0.137951 0.00781123
internal_weight=18964 6739 12225 6074 665 6900 5325 4215 1859 290 4350 3297 375 2550 802 2028 1932 2283 179 2123 219 594 2400 196 1135 1504 779 1057 163 1312
internal_count=18964 6739 12225 6074 665 6900 5325 4215 1859 290 4350 3297 375 2550 802 2028 1932 2283 179 2123 219 594 2400 196 1135 1504 779 1057 163 1312
is_linear=0
shrinkage=0.03


Tree=6
num_leaves=31
num_cat=0
split_feature=49 9 9 9 18 9 49 18 18 9 49 49 9 9 19 49 9 27 49 5 19 9 9 49 53 9 9 18 9 49
split_gain=28390.3 8462.14 4788.61 1514.96 1430.52 764.252 630.784 260.694 211.901 173.228 133.943 128.404 114.687 83.5302 79.2327 67.9659 60.8994 47.0304 46.8565 43.3062 35.5864 34.2414 31.3402 30.3541 29.8316 28.515 26.9678 26.7532 26.5083 26.3152
threshold=24.360865974426272 27.933975219726566 22.744319915771488 25.674401283264164 30.254060745239261 21.925212860107425 23.526330470875489 25.13216590881348 26.347520828247074 31.38391208648682 21.73947448730469 22.331177043914799 24.039432525634769 27.279413225681157 28.498593330383304 22.979575729370122 24.398171424865726 26.343261718750004 25.72427701964844 0.33264700000000008 26.758958816528324 32.293060301655281 25.188035964965824 24.879428958892827 0.90113007969947867 23.461296082253423 23.440654754638675 22.869781494140629 26.561666488647464 24.902844619445563
decision_type=2 2 2 2 2 2 2 2 2 2 2 2 2 2 2 2 2 2 2 2 2 2 2 2 2 2 2 2 2 2
left_child=2 3 5 7 14 10 15 16 18 -6 -1 -7 25 -10 20 -4 -2 23 -5 -19 -3 -11 -14 -9 -16 -8 -17 -13 -20 -18
right_child=1 4 6 8 9 11 12 17 13 21 -12 27 22 -15 24 26 29 19 28 -21 -22 -23 -24 -25 -26 -27 -28 -29 -30 -31
leaf_value=-0.057922006868662862 0.01542301042932547 0.072223091321066024 -0.02091519090530828 0.045463857470963917 0.16351825465618725 -0.038858339110143268 -0.005559065626103454 0.025896547501135323 0.068748021619858546 0.2004918615023295 -0.045239173899600374 -0.029326234553753383 0.011625598808543743 0.091145008129989685 0.1338128970298299 -0.013405621427752415 0.023017789186136582 0.096516950641359608 0.056337378526479 0.049208440947182033 0.10717662986804698 0.22574374899572255 0.02980325431052714 0.039654936505001188 0.10253504904833706 0.0030421005729172382 -0.0055363634480041085 -0.019407726238632548 0.074057042980245472 0.030981124228027155
leaf_weight=1923 666 32 1001 381 71 1845 486 166 607 72 1228 1771 929 199 163 1521 913 21 600 102 145 147 94 1105 33 1212 528 284 87 632
leaf_count=1923 666 32 1001 381 71 1845 486 166 607 72 1228 1771 929 199 163 1521 913 21 600 102 145 147 94 1105 33 1212 528 284 87 632
internal_value=-2.01015e-10 0.0530352 -0.0254049 0.0407859 0.154263 -0.0419912 -0.00513988 0.0294121 0.0626654 0.20424 -0.0529793 -0.0331134 0.0053609 0.0742778 0.115407 -0.014508 0.0230063 0.0395722 0.0539018 0.0572855 0.100857 0.217442 0.0132959 0.037858 0.128547 0.000580283 -0.0113778 -0.0279555 0.0585814 0.0262753
internal_weight=18964 6142 12822 5479 663 7051 5771 3605 1874 290 3151 3900 2721 806 373 3050 2211 1394 1068 123 177 219 1023 1271 196 1698 2049 2055 687 1545
internal_count=18964 6142 12822 5479 663 7051 5771 3605 1874 290 3151 3900 2721 806 373 3050 2211 1394 1068 123 177 219 1023 1271 196 1698 2049 2055 687 1545
is_linear=0
shrinkage=0.03


Tree=7
num_leaves=31
num_cat=0
split_feature=48 9 48 48 18 48 9 9 9 21 9 9 9 51 9 48 49 9 49 55 49 9 2 6 49 53 53 34 9 9
split_gain=26716.5 8073.43 4324.37 1874.94 914.304 710.658 540.326 341.784 321.987 121.324 114.666 112.244 82.0695 78.2474 67.366 58.8761 49.1862 44.7277 41.1297 38.5087 36.6886 33.1425 32.1965 31.6579 27.7534 25.2373 24.9666 24.0302 23.387 21.5136
threshold=24.298202324055669 28.452870368957523 22.761388969421393 25.798861885352053 31.428276062011722 21.912070465087893 23.537122726440433 25.126186370622563 27.279413225681157 29.592650413513187 22.352839469909672 21.561673164367679 22.976838111877445 23.675042947266444 26.339530944824222 24.783003997802737 26.787231636047366 25.841992378234867 23.411007022857671 0.47865285390503426 25.009985065272708 32.293060301655281 9.2406990000000011 11.500000000000002 24.506718730810061 0.46998300886414396 1.0028078801907936 25.17053318023682 24.347644805908207 22.080404281616214
decision_type=2 2 2 2 2 2 2 2 2 2 2 2 2 2 2 2 2 2 2 2 2 2 2 2 2 2 2 2 2 2
left_child=2 3 5 7 9 11 12 15 14 16 29 -1 -4 -8 -5 28 -3 20 -14 -15 -9 -6 -19 -10 -17 -11 -18 -16 -2 -7
right_child=1 4 6 8 21 10 13 17 23 25 -12 -13 18 19 27 24 26 22 -20 -21 -22 -23 -24 -25 -26 -27 -28 -29 -30 -31
leaf_value=-0.057402073798134869 0.012342421562138042 0.068924531646072859 -0.019956761252845259 0.054328916217124122 0.19401089722002055 -0.040305867995426632 -0.0031257444503736639 0.027977830572658024 0.09758331324784987 0.15788912305208008 -0.027066418033164324 -0.045562929546152243 -0.013293543646453172 0.0048453011507759705 0.04945752991079274 0.0018548884027098354 0.12453079034642475 0.044381834581318134 -0.0045389055853120794 0.014072031567422495 0.040134210155416412 0.21897143675356495 0.066682545037209232 0.07765874906157208 0.027952033140032313 0.12441046657562256 0.091080356985330568 0.06966432255610075 0.020629267326419138 -0.034466559536193951
leaf_weight=1638 480 20 1189 854 71 1082 741 289 248 107 1773 1287 1313 1010 59 38 123 222 764 682 985 147 79 101 1052 25 24 518 848 1195
leaf_count=1638 480 20 1189 854 71 1082 741 289 248 107 1773 1287 1313 1010 59 38 123 222 764 682 985 147 79 101 1052 25 24 518 848 1195
internal_value=-3.27275e-11 0.0505449 -0.025085 0.0403738 0.164119 -0.0409249 -0.00569855 0.0289588 0.0659805 0.130054 -0.032787 -0.0521929 -0.0136714 0.00500399 0.0596793 0.0218751 0.113064 0.039834 -0.0100733 0.00856435 0.0373766 0.210842 0.0502348 0.0918172 0.0270422 0.151548 0.119069 0.0675981 0.017634 -0.0372413
internal_weight=18964 6290 12674 5773 517 6975 5699 3993 1780 299 4050 2925 3266 2433 1431 2418 167 1575 2077 1692 1274 218 301 349 1090 132 147 577 1328 2277
internal_count=18964 6290 12674 5773 517 6975 5699 3993 1780 299 4050 2925 3266 2433 1431 2418 167 1575 2077 1692 1274 218 301 349 1090 132 147 577 1328 2277
is_linear=0
shrinkage=0.03


Tree=8
num_leaves=31
num_cat=0
split_feature=49 48 48 48 48 48 49 48 19 48 49 18 18 18 48 48 49 18 18 18 54 18 56 14 41 36 46 55 22 38
split_gain=25146.3 7488.66 4236.06 1498.99 1076.74 669.965 552.868 271.357 190.609 153.865 142.598 77.4985 61.2118 50.9949 45.381 44.1248 41.2683 36.5809 36.4801 32.974 31.901 30.215 25.3135 25.0189 26.0459 24.4366 24.066 22.3029 21.9131 22.1165
threshold=24.360865974426272 28.054675483703615 22.761388969421393 25.798861885352053 31.421253967285161 21.814066506074223 23.526330470875489 25.105949020385747 27.298688888549808 22.266011809740238 29.419773769378669 24.042524337768558 26.347520828247074 23.037331581115726 24.718005561828615 21.390131378062993 26.787231636047366 32.309156419409184 30.254060745239261 25.430040359497074 0.97180928449517501 23.426663398742679 0.11764812469482423 0.83502133836730297 26.249187469482425 23.933975218078618 24.5092306137085 1.5868855998533167 23.159293174743656 24.157688142971192
decision_type=2 2 2 2 2 2 2 2 2 2 2 2 2 2 2 2 2 2 2 2 2 2 2 8 2 2 2 2 2 2
left_child=2 3 5 7 10 15 13 14 12 -7 23 21 -5 -4 -2 -1 -10 -6 -12 -9 -21 -8 -13 -3 -25 -14 -15 -27 29 -28
right_child=1 4 6 8 17 9 11 19 16 -11 18 22 25 26 -16 -17 -18 -19 -20 20 -22 -23 -24 24 -26 27 28 -29 -30 -31
leaf_value=-0.057114501905043913 0.017792730499537546 0.13306543750762939 -0.01866629827700796 0.052444055830287842 0.18652376346588134 -0.03840655873605283 -0.0061831630168904771 0.033905512883118771 0.064684613815375727 -0.027486612164213633 0.12981007482324328 0.0089164736182700578 0.034670723919635237 -0.011755070088066127 0.026365212375759898 -0.048844468328938816 0.091145691565454823 0.21227128116451965 0.15987434227019548 0.040792349138565963 0.064286399031324049 0.0030540346326143023 0.02078290233865674 0.077322388624443725 0.10618867323076797 0.065026775911695298 0.036203841279762297 0.095150699032389596 -0.00690142548964842 -0.0051896772892879592
leaf_weight=1125 1153 25 1197 789 75 2400 417 835 70 2250 84 797 23 1728 1073 1200 219 147 64 731 56 1352 203 34 163 578 26 23 106 21
leaf_count=1125 1153 25 1197 789 75 2400 417 835 70 2250 84 797 23 1728 1073 1200 219 147 64 731 56 1352 203 34 163 578 26 23 106 21
internal_value=-4.05521e-11 0.0499133 -0.0239095 0.0390944 0.15134 -0.0396972 -0.00507603 0.0287254 0.0625373 -0.0331227 0.120001 0.00465007 0.057997 -0.0138257 0.0219249 -0.0528461 0.0847364 0.203573 0.142811 0.0380582 0.0424641 0.000876583 0.0113254 0.104794 0.101207 0.0650182 -0.0107453 0.0661796 0.000658598 0.0177089
internal_weight=18964 6142 12822 5550 592 6975 5847 3848 1702 4650 370 2769 1413 3078 2226 2325 289 222 148 1622 787 1769 1000 222 197 624 1881 601 153 47
internal_count=18964 6142 12822 5550 592 6975 5847 3848 1702 4650 370 2769 1413 3078 2226 2325 289 222 148 1622 787 1769 1000 222 197 624 1881 601 153 47
is_linear=0
shrinkage=0.03


Tree=9
num_leaves=31
num_cat=0
split_feature=48 9 9 48 21 48 49 9 9 9 48 9 9 19 19 48 49 49 20 9 49 53 17 9 34 9 41 9 56 28
split_gain=23667.9 7476.66 3369.64 1539.32 1200.18 654.778 363.778 267.344 243.793 139.231 109.188 94.6333 76.0994 69.8036 63.5367 50.5431 49.6274 41.4562 36.2616 35.6427 31.2131 30.8782 30.3504 28.1232 27.2426 26.2054 20.9073 20.4781 20.3954 19.7075
threshold=24.146457862839849 27.933975219726566 22.744319915771488 25.478872871475591 30.447418212890629 21.912070465087893 23.479647445515383 26.339530944824222 24.813960075378422 31.38391208648682 22.351679992221193 21.493417739868168 23.922519683837894 28.498593330383304 27.298688888549808 25.945590591430669 22.979575729370122 24.506718730810061 26.360306738869628 25.674401283264164 24.853087425084233 0.90113007969947867 1.6139595 32.293060301655281 24.213336945830083 29.486070632934574 23.90987586975098 23.440654754638675 -0.50468730763183511 22.92548751831055
decision_type=2 2 2 2 2 2 2 2 2 2 2 2 2 2 2 2 2 2 2 2 2 2 10 2 2 2 2 2 2 2
left_child=2 3 5 8 13 11 16 15 17 -6 -7 -1 -8 18 24 -5 -4 29 -3 20 -10 25 -21 -11 -9 -15 -17 -18 -26 -2
right_child=1 4 6 7 9 10 12 14 19 23 -12 -13 -14 21 -16 26 27 -19 -20 22 -22 -23 -24 -25 28 -27 -28 -29 -30 -31
leaf_value=-0.054540261278399248 -0.01834913885593414 0.058473510494828219 -0.018968943830266361 0.041454188202498715 0.14939442936111896 -0.035415201358363173 -0.0015734101811969584 0.033825096500970951 0.023080723175103023 0.18317545612653097 -0.025666775110057532 -0.043695846194598854 0.009918252051556168 0.11375638718605041 0.081562335869382052 0.02317260791148458 -0.012471288791855242 0.019681878695902891 0.0974089631005641 0.038606358202588224 0.032467755177871115 0.092247479694230208 0.075593737079338599 0.20606043465283452 0.085074399878772411 0.13845883823576427 0.053597272558005775 -0.0052029212919166993 0.062601390701164022 0.011768298745590067
leaf_weight=1505 20 25 1000 821 68 2155 1478 28 465 72 1988 1396 799 100 220 21 1444 1162 155 216 1014 35 22 147 39 63 635 460 534 877
leaf_count=1505 20 25 1000 821 68 2155 1478 28 465 72 1988 1396 799 100 220 21 1444 1162 155 216 1014 35 22 147 39 63 635 460 534 877
internal_value=2.6072e-11 0.0451401 -0.0248834 0.0346845 0.14064 -0.0383912 -0.00651836 0.0540438 0.0229028 0.186893 -0.0307375 -0.0493218 0.00245902 0.105522 0.0677684 0.0464149 -0.0135574 0.0159418 0.0920013 0.0312504 0.0295165 0.117814 0.0420254 0.198537 0.062719 0.123304 0.0526233 -0.0107153 0.064131 0.0110968
internal_weight=18964 6739 12225 6074 665 7044 5181 2298 3776 287 4143 2901 2277 378 821 1477 2904 2059 180 1717 1479 198 238 219 601 163 656 1904 573 897
internal_count=18964 6739 12225 6074 665 7044 5181 2298 3776 287 4143 2901 2277 378 821 1477 2904 2059 180 1717 1479 198 238 219 601 163 656 1904 573 897
is_linear=0
shrinkage=0.03


Tree=10
num_leaves=31
num_cat=0
split_feature=48 48 48 9 9 9 48 9 48 9 51 18 9 48 9 9 6 52 9 9 18 9 9 9 52 26 51 46 9 28
split_gain=22269.3 7274.4 2822.09 1647.76 1146.32 434.193 419.277 315.638 199.656 180.863 95.4599 82.723 82.0967 77.1563 59.4392 56.0445 48.7524 46.8011 34.1038 33.7836 28.7538 27.6128 26.9927 26.4611 25.6916 25.3101 21.4859 20.8472 18.8067 17.9915
threshold=24.036989212036136 27.848537445210454 22.493351745571292 25.367729187409669 31.38391208648682 23.24605751037598 21.725830841064454 26.339530944824222 24.783003997802737 29.008979797363285 23.377817471715581 22.826873779296879 22.080404281616214 25.708021354598639 27.279413225681157 24.239990234375004 10.500000000000002 0.72036257936428771 23.773359298706058 23.755292892456058 25.281613349914554 21.372426986694339 30.239335060119632 32.293060301655281 1.2615107883420882 27.004270553588871 22.838635222034263 25.209750175476078 22.919258117675785 25.327033996582035
decision_type=2 2 2 2 2 2 2 2 2 2 2 2 2 2 2 2 2 2 2 2 2 2 2 2 2 2 2 2 2 2
left_child=2 3 6 8 9 11 21 13 15 -3 -7 -4 -8 29 24 -2 -16 22 -12 -10 -21 -1 -11 -6 -9 -18 -13 -20 -14 -5
right_child=1 4 5 7 23 10 12 14 19 17 18 26 28 -15 16 -17 25 -19 27 20 -22 -23 -24 -25 -26 -27 -28 -29 -30 -31
leaf_value=-0.054340383967379481 0.0079579525533530551 0.091473900673948977 -0.023635454071906304 0.032276636207357004 0.17768020153045655 -0.0097620847622831887 -0.038715307994802585 0.06184268697929747 0.0051459563080349874 0.12602616081112308 -0.0018058988148462582 -0.020139515445768422 -0.030595986362799119 0.049481744122292316 0.093130952358808167 0.017712374021227523 0.055190768912667408 0.088512703884731633 0.0049129015894428677 0.025751059087104924 0.034550470906246154 -0.047319737283418636 0.15013390302658081 0.19987862236645756 0.03504057445070323 0.081772246228324033 -0.012181996940123251 0.021494576258957385 -0.017243737704120576 0.0408972907316901
leaf_weight=1077 890 245 1431 410 72 959 1849 604 58 114 1004 392 1876 868 106 1311 80 22 757 1085 483 948 66 147 34 54 1382 75 100 465
leaf_count=1077 890 245 1431 410 72 959 1849 604 58 114 1004 392 1876 868 106 1311 80 22 757 1085 483 948 66 147 34 54 1382 75 100 465
internal_value=3.44607e-11 0.0419577 -0.0251888 0.0322081 0.13635 -0.0107327 -0.0400155 0.0505334 0.0196576 0.108801 -0.00209081 -0.0182691 -0.0341718 0.0431445 0.0652018 0.0137681 0.0779285 0.129817 0.00191614 0.0276299 0.0284616 -0.0510537 0.134866 0.192581 0.0604144 0.0659027 -0.0139404 0.00640764 -0.0299203 0.0368579
internal_weight=18964 7114 11850 6448 666 6000 5850 2621 3827 447 2795 3205 3825 1743 878 2201 240 202 1836 1626 1568 2025 180 219 638 134 1774 832 1976 875
internal_count=18964 7114 11850 6448 666 6000 5850 2621 3827 447 2795 3205 3825 1743 878 2201 240 202 1836 1626 1568 2025 180 219 638 134 1774 832 1976 875
is_linear=0
shrinkage=0.03


Tree=11
num_leaves=31
num_cat=0
split_feature=49 48 48 48 48 48 49 48 19 18 48 18 18 48 18 48 49 53 18 18 54 38 47 53 36 21 18 18 26 18
split_gain=20971.2 6238.65 3532.01 1249.97 896.839 559.623 459.189 227.178 160.163 119.913 113.413 65.0066 52.6374 52.4736 43.412 37.5466 35.2933 31.8357 30.5082 27.7653 29.2551 27.6337 25.0159 23.6789 22.3892 21.1298 21.006 20.7474 20.4501 20.4309
threshold=24.360865974426272 28.054675483703615 22.761388969421393 25.798861885352053 31.421253967285161 21.851817512466802 23.526330470875489 25.105949020385747 27.298688888549808 29.502583503723148 22.266011809740238 24.042524337768558 26.347520828247074 21.508724212646488 23.037331581115726 24.718005561828615 26.787231636047366 0.52153464625904922 32.309156419409184 25.430040359497074 0.97180928449517501 22.247211456298832 24.513199806213382 1.1519340848350235 25.472916603088382 25.63125038146973 23.426663398742679 23.406164169311527 23.85412693023682 29.014486314812014
decision_type=2 2 2 2 2 2 2 2 2 2 2 2 2 2 2 2 2 2 2 2 2 2 2 2 2 2 2 2 2 2
left_child=2 3 5 7 9 13 14 15 12 23 -7 21 -5 -1 -4 27 -10 -11 -6 28 -21 -8 -16 29 -14 -26 -23 -2 -9 -3
right_child=1 4 6 8 18 10 11 19 16 17 -12 -13 24 -15 22 -17 -18 -19 -20 20 -22 26 -24 -25 25 -27 -28 -29 -30 -31
leaf_value=-0.051045258930176494 -0.005541350228319827 0.093445220469628401 -0.017077546941789271 0.047802991996954827 0.17025752143859862 -0.034684910983739999 -0.031898401535075643 0.0042433937251567843 0.058919896962653311 0.13954832007300177 -0.025077907208603187 0.010340232627878431 0.04653205865367066 -0.042301028335945942 -0.010827686744991509 0.024055011439693092 0.083390526893350914 0.10618649314431582 0.19377097528807968 0.037219820479201804 0.059718473585588586 -0.0047867744278369678 0.001538804823659962 0.066633454019373123 0.090736198587851091 0.060696886730140558 0.0030092523732562228 0.017000444208937406 0.031791981054004284 0.11430345612057186
leaf_weight=1500 38 149 1197 789 75 2175 23 25 70 106 2250 1000 101 1050 1720 1073 219 34 147 731 56 405 161 22 22 501 1341 1115 810 59
leaf_count=1500 38 149 1197 789 75 2175 23 25 70 106 2250 1000 101 1050 1720 1073 219 34 147 731 56 405 161 22 22 501 1341 1115 810 59
internal_value=2.55516e-11 0.0455818 -0.0218346 0.035707 0.138158 -0.0362507 -0.00463731 0.0262384 0.0571143 0.109556 -0.0298 0.00422656 0.0529523 -0.0474447 -0.0126113 0.0200162 0.0774634 0.131446 0.185827 0.0347778 0.0388207 0.000770549 -0.0097692 0.0962312 0.0594633 0.0619605 0.0012009 0.0162575 0.0309672 0.0993617
internal_weight=18964 6142 12822 5550 592 6975 5847 3848 1702 370 4425 2769 1413 2550 3078 2226 289 140 222 1622 787 1769 1881 230 624 523 1746 1153 835 208
internal_count=18964 6142 12822 5550 592 6975 5847 3848 1702 370 4425 2769 1413 2550 3078 2226 289 140 222 1622 787 1769 1881 230 624 523 1746 1153 835 208
is_linear=0
shrinkage=0.03


Tree=12
num_leaves=31
num_cat=0
split_feature=48 9 9 9 21 48 48 48 9 9 48 9 9 19 48 9 51 48 55 6 52 51 9 9 9 8 6 44 51 9
split_gain=19728.1 5981.2 3214.68 1115.05 995.05 547.416 385.319 224.647 136.421 115.821 91.2445 82.9766 79.4668 56.7423 52.2129 43.94 43.5793 32.7535 35.6185 32.2888 29.8735 26.4243 25.1105 23.7366 23.2556 23.0972 23.5235 22.5124 21.636 19.5979
threshold=24.298202324055669 27.933975219726566 22.744319915771488 25.711257934882816 30.447418212890629 21.912070465087893 23.444696426391605 25.105949020385747 26.339530944824222 31.38391208648682 22.33669395446778 23.94834136962891 21.493417739868168 28.498593330383304 27.425601768493657 24.472604751586918 22.798372109788335 26.382575035237306 1.1831691056602758 10.500000000000002 1.2615107883420882 25.658533922872884 25.307363510131839 29.486070632934574 32.293060301655281 1.5000000000000002 12.500000000000002 24.794350624084476 23.675042947266444 23.689869880676273
decision_type=2 2 2 2 2 2 2 2 2 2 2 2 2 2 2 2 2 2 2 2 2 2 2 2 2 2 2 2 2 2
left_child=2 3 5 7 13 12 16 15 21 -6 -7 28 -1 19 20 -2 29 22 -19 -3 -10 -5 -9 -15 -11 26 -18 -12 -8 -4
right_child=1 4 6 8 9 10 11 17 14 24 27 -13 -14 23 -16 -17 25 18 -20 -21 -22 -23 -24 -25 -26 -27 -28 -29 -30 -31
leaf_value=-0.049836634935507933 0.012663368302782724 0.097055837750434873 -0.020709256636147217 0.037652586171272415 0.13643049648579428 -0.032496549062489902 -0.005698001873097382 0.028052155059142717 0.059169069088782 0.16728264391422271 -0.023904299497430771 0.0095520121791797426 -0.039899138715571825 0.10011031634990986 0.075411928969608133 0.021330197145807143 -0.0085491342428213098 0.074483992363725382 0.033043433016166086 0.07164369834835331 0.034135306739936699 0.048349111716343658 0.035929922339707814 0.12198473861112313 0.18809312820434568 -0.011939996144528373 0.0068422409596913042 0.0080795953720808021 0.0014755814913092458 -0.0041765252392118174
leaf_weight=1505 825 90 622 309 68 2081 576 717 637 72 2044 1122 1396 130 186 1455 320 35 40 90 46 635 740 68 147 1689 124 20 1103 72
leaf_count=1505 825 90 622 309 68 2081 576 717 637 72 2044 1122 1396 130 186 1455 320 35 40 90 46 635 740 68 147 1689 124 20 1103 72
internal_value=9.8755e-11 0.0434341 -0.021556 0.0333754 0.128517 -0.0350592 -0.00465049 0.0241639 0.0527435 0.170632 -0.0280637 0.00323559 -0.0450546 0.0965404 0.0613205 0.0181942 -0.012464 0.0330484 0.0523824 0.0843498 0.057483 0.0448478 0.0320532 0.107623 0.181251 -0.0103394 -0.00425064 -0.0235944 -0.000985398 -0.018994
internal_weight=18964 6290 12674 5625 665 7046 5628 3812 1813 287 4145 2801 2901 378 869 2280 2827 1532 75 180 683 944 1457 198 219 2133 444 2064 1679 694
internal_count=18964 6290 12674 5625 665 7046 5628 3812 1813 287 4145 2801 2901 378 869 2280 2827 1532 75 180 683 944 1457 198 219 2133 444 2064 1679 694
is_linear=0
shrinkage=0.03


Tree=13
num_leaves=31
num_cat=0
split_feature=49 9 9 9 18 48 49 48 18 9 9 9 9 9 18 49 9 49 9 49 52 9 19 9 9 48 9 9 9 3
split_gain=18580 5555.89 3153.83 1003.58 927.669 514.262 405.887 178.385 137.858 112.534 87.5183 81.9671 74.9051 55.8448 50.251 45.0172 39.2093 41.9878 32.2113 31.6947 26.4119 25.3244 24.1206 22.1376 21.8812 21.0993 20.9758 20.5759 19.5169 22.8266
threshold=24.360865974426272 27.933975219726566 22.744319915771488 25.674401283264164 30.254060745239261 21.912070465087893 23.526330470875489 24.972714614868167 26.347520828247074 31.38391208648682 22.352839469909672 24.159819602966312 21.561673164367679 27.279413225681157 29.014486314812014 22.979575729370122 25.070789337158207 26.711582374572757 24.472604751586918 25.72427701964844 0.69231801122073511 23.461296082253423 26.425413131713871 22.080404281616214 32.293060301655281 22.873467445373539 25.188035964965824 26.561666488647464 23.440654754638675 0.33264700000000008
decision_type=2 2 2 2 2 2 2 2 2 2 2 2 2 2 2 2 2 2 2 2 2 2 2 2 2 2 2 2 2 2
left_child=2 3 5 7 14 12 15 18 19 -6 23 21 -1 -10 22 -4 -9 -18 -2 -5 -16 -8 -3 -7 -11 -12 -13 -21 -17 -30
right_child=1 4 6 8 9 10 11 16 13 24 25 26 -14 -15 20 28 17 -19 -20 27 -22 -23 -24 -25 -26 -27 -28 -29 29 -31
leaf_value=-0.047935937366102077 0.012525017564517578 0.056825989549979562 -0.01683523742770953 0.03677850837140953 0.13235176225783118 -0.034042947462002697 -0.0049493521523523935 0.02441059076810306 0.055631822587913007 0.1622641662756602 -0.0235881211740856 0.010637310522827008 -0.038213117734447223 0.07394480615063341 0.11379189208279486 -0.010798333736161354 0.033078832400944322 0.073184505552053442 0.020542327516545854 0.045589963664766399 0.07643898175656795 0.0029705421101437722 0.088542900708651978 -0.028267995963451639 0.18245033264160154 -0.014666213258071556 0.025729119253760955 0.061201423870335357 0.014376774529874738 -0.0062092466166396212
leaf_weight=1638 756 24 1001 381 71 1118 486 593 607 72 1464 701 1263 199 115 1521 1114 24 1118 600 20 1440 214 1283 147 285 94 87 54 474
leaf_count=1638 756 24 1001 381 71 1118 486 593 607 72 1464 701 1263 199 115 1521 1114 24 1118 600 20 1440 214 1283 147 285 94 87 54 474
internal_value=3.98878e-12 0.0429044 -0.0205521 0.0329789 0.124928 -0.0340126 -0.00410599 0.0237218 0.0507869 0.165173 -0.0272387 0.00431734 -0.0437029 0.0601533 0.0936377 -0.0116207 0.0306654 0.0339246 0.017308 0.0437183 0.108258 0.000972064 0.0853446 -0.030957 0.175814 -0.0221343 0.0124218 0.047567 -0.00907326 -0.00410386
internal_weight=18964 6142 12822 5479 663 7051 5771 3605 1874 290 4150 2721 2901 806 373 3050 1731 1138 1874 1068 135 1926 238 2401 219 1749 795 687 2049 528
internal_count=18964 6142 12822 5479 663 7051 5771 3605 1874 290 4150 2721 2901 806 373 3050 1731 1138 1874 1068 135 1926 238 2401 219 1749 795 687 2049 528
is_linear=0
shrinkage=0.03


Tree=14
num_leaves=31
num_cat=0
split_feature=49 9 9 9 21 48 49 48 18 9 18 9 9 9 18 18 9 53 48 27 49 51 9 56 9 9 9 3 9 9
split_gain=17481.9 5227.54 2967.93 944.267 872.909 497.194 370.403 168.406 129.711 101.861 88.6138 76.8277 70.8131 52.5443 49.8914 39.4768 37.3455 32.9711 30.9433 32.6766 29.8215 25.7826 25.4849 25.143 22.3266 20.588 19.3855 22.123 19.3598 18.4758
threshold=24.360865974426272 27.933975219726566 22.763787267958985 25.674401283264164 30.447418212890629 21.912070465087893 23.526330470875489 25.105949020385747 26.347520828247074 31.38391208648682 22.353454589843754 24.239990234375004 21.472457885742191 27.279413225681157 29.014486314812014 23.037331581115726 24.472604751586918 0.90113007969947867 26.382575035237306 26.729583740234379 25.72427701964844 22.539838314040285 23.461296082253423 1.786651611328127 23.922519683837894 32.293060301655281 23.561007499694828 0.33264700000000008 26.561666488647464 22.080404281616214
decision_type=2 2 2 2 2 2 2 2 2 2 2 2 2 2 2 2 2 2 2 2 2 2 2 2 2 2 2 2 2 2
left_child=2 3 5 7 14 12 15 16 20 -6 29 22 -1 -10 23 -4 -2 -16 24 -20 -5 -12 -8 -3 -9 -11 -17 -28 -22 -7
right_child=1 4 6 8 9 10 11 18 13 25 21 -13 -14 -15 17 26 -18 -19 19 -21 28 -23 -24 -25 -26 -27 27 -29 -30 -31
leaf_value=-0.04712136187309126 0.012541651901079672 0.086487362389810946 -0.0153657080380778 0.035675153060647564 0.12850643529611475 -0.033434250056275656 -0.004702584444992477 0.0065373826089004669 0.053962868533424781 0.15739624768495558 -0.025435904847478815 0.013047718812053502 -0.037751633002762859 0.071726461918486376 0.11166922517311878 -0.0099439861201260117 0.020722698243996758 0.0708443348961217 0.036177997035639627 0.079523482044105934 0.04422226498266682 -0.018568845386172206 0.0031924408876305441 0.05710910286009311 0.030474218503488318 0.17697682380676269 0.015821719206869603 -0.0051891916673014156 0.059365381783452527 -0.0279404554878897
leaf_weight=1439 805 208 1178 381 68 987 481 36 607 72 895 669 1465 199 117 1410 1335 21 49 23 600 1093 1566 30 1357 147 52 340 87 1247
leaf_count=1439 805 208 1178 381 68 987 481 36 607 72 895 669 1465 199 117 1410 1335 21 49 23 600 1093 1566 30 1357 147 52 340 87 1247
internal_value=1.25469e-10 0.0416172 -0.0199355 0.0319896 0.12118 -0.0328397 -0.00379162 0.0230101 0.0492633 0.16058 -0.0262677 0.00422178 -0.0423946 0.0583487 0.0911055 -0.0110951 0.0176452 0.105457 0.0308468 0.0500245 0.0424067 -0.0216604 0.00133728 0.0827842 0.0298556 0.170539 -0.00830334 -0.00240203 0.04614 -0.0303677
internal_weight=18964 6142 12822 5479 663 7126 5696 3605 1874 287 4222 2716 2904 806 376 2980 2140 138 1465 72 1068 1988 2047 238 1393 219 1802 392 687 2234
internal_count=18964 6142 12822 5479 663 7126 5696 3605 1874 287 4222 2716 2904 806 376 2980 2140 138 1465 72 1068 1988 2047 238 1393 219 1802 392 687 2234
is_linear=0
shrinkage=0.03


Tree=15
num_leaves=31
num_cat=1
split_feature=48 9 9 9 18 48 9 9 49 9 49 9 49 51 19 18 19 9 20 9 51 48 9 55 0 48 53 48 9 34
split_gain=16457.3 5377.8 2095.6 1221.77 831.644 357.949 274.17 228.631 157.445 98.9219 83.7779 75.3091 63.9512 58.1167 46.9757 46.2394 45.7676 32.1789 28.469 23.3729 21.6052 19.8912 19.7967 19.4355 19.6776 19.2902 18.995 18.4658 18.1285 17.7998
threshold=24.036989212036136 27.933975219726566 22.548346519470218 25.367729187409669 30.254060745239261 21.758687591927735 23.42381572723389 26.339530944824222 24.643437004330814 31.38391208648682 22.979575729370122 22.080404281616214 25.438292408559082 23.377817471715581 28.498593330383304 24.957457542419437 27.298688888549808 24.039432525634769 26.360306738869628 21.236540794372562 22.603838952580329 22.414015770038088 32.756839752197273 0.46853369510982629 0 25.945590591430669 0.97204787553875671 26.227884483337409 29.008979797363285 23.906332015991214
decision_type=2 2 2 2 2 2 2 2 2 2 2 2 2 2 2 2 2 2 2 2 2 2 2 2 9 2 2 2 2 2
left_child=2 3 5 8 14 19 10 12 17 -6 20 -7 -5 -8 18 -10 29 -2 -3 -1 -4 -13 -11 -15 -25 -14 28 -17 -16 -9
right_child=1 4 6 7 9 11 13 16 15 22 -12 21 25 23 26 27 -18 -19 -20 -21 -22 -23 -24 24 -26 -27 -28 -29 -30 -31
leaf_value=-0.048895641447408232 0.0041172852746235921 0.046988927292823793 -0.023029428785965683 0.02840054856407313 0.12467434664847145 -0.033042606142851962 -0.0075236576679072291 0.0308873625368099 0.018013305348346213 0.15904524329590469 -0.0096265422033607329 -0.027209448181501211 0.037384153093590375 0.00047641245747089976 0.087877735906633822 0.02619284896711413 0.067817790669250005 0.012971455180478564 0.081503608926840415 -0.041825839873333159 -0.015712163899203088 -0.0215027555714296 0.17817907196201691 0.014023744419654144 0.0027584840109332789 0.044920601926218211 0.0735155856013298 0.046273879593693064 0.10850998831006278 0.053182980250386355
leaf_weight=587 523 25 670 520 71 1862 644 34 1014 146 2010 1368 645 910 58 992 221 1258 154 1487 793 919 73 234 366 581 25 43 113 618
leaf_count=587 523 25 670 520 71 1862 644 34 1014 146 2010 1368 645 910 58 992 221 1258 154 1487 793 919 73 234 366 581 25 43 113 618
internal_value=8.13331e-12 0.0360693 -0.0216538 0.0276934 0.117297 -0.0336503 -0.00838662 0.0434841 0.0168956 0.155447 -0.0136017 -0.0285632 0.0372165 2.19515e-05 0.0877939 0.0225664 0.0560195 0.0103714 0.0766831 -0.0438268 -0.0190632 -0.0249163 0.165423 0.00324008 0.00743164 0.0409557 0.097941 0.0270271 0.101512 0.0520203
internal_weight=18964 7114 11850 6449 665 6223 5627 2619 3830 290 3473 4149 1746 2154 375 2049 873 1781 179 2074 1463 2287 219 1510 600 1226 196 1035 171 652
internal_count=18964 7114 11850 6449 665 6223 5627 2619 3830 290 3473 4149 1746 2154 375 2049 873 1781 179 2074 1463 2287 219 1510 600 1226 196 1035 171 652
cat_boundaries=0 1
cat_threshold=24770
is_linear=0
shrinkage=0.03


Tree=16
num_leaves=31
num_cat=0
split_feature=9 48 18 48 9 9 49 48 9 9 48 48 9 9 23 9 49 52 6 10 9 17 16 9 9 48 45 9 9 47
split_gain=15494.9 4751.84 2421.48 926.554 792.691 468.881 261.078 196.977 127.704 105.466 80.0122 75.6184 47.7517 43.4753 38.8662 37.193 37.0347 37.0239 36.1594 27.9864 27.1707 27.1209 21.7684 21.6887 20.1673 19.1007 18.951 18.7941 18.1561 17.8908
threshold=24.209330558776859 27.848537445210454 22.826873779296879 25.708021354598639 31.38391208648682 21.925212860107425 23.618109893798831 24.873814392322757 29.008979797363285 27.279413225681157 22.319431685946778 21.725830841064454 25.394895553588871 26.069210052490238 22.934196472167972 23.052125930786136 24.480766391543948 0.72036257936428771 10.500000000000002 3.5000000000000004 24.658596038818363 1.6139595 -1.1561039999999994 23.773359298706058 30.239335060119632 21.21093788117139 25.681408882141117 32.293060301655281 22.919258117675785 24.088422775268558
decision_type=2 2 2 2 2 2 2 2 2 2 2 2 2 2 2 2 2 2 2 2 2 10 8 2 2 2 2 2 2 2
left_child=2 3 5 7 8 11 15 14 -3 13 -7 25 -9 -5 -2 -4 23 24 -11 -18 -16 -14 -20 -8 -10 -1 -25 -6 -12 -17
right_child=1 4 6 9 27 10 16 12 17 18 28 -13 21 -15 20 29 19 -19 22 -21 -22 -23 -24 26 -26 -27 -28 -29 -30 -31
leaf_value=-0.048420846579995534 -0.011495503155514597 0.076232268873069969 -0.014176462222437063 0.038644072766360824 0.14790300269921619 -0.028526051642043491 -0.0010567758745349148 0.024146194078910051 0.10530132801909195 0.079742926955223087 -0.02123824387946719 -0.033378181226335166 0.032769897471386943 0.048832809195759254 0.011973631942870277 -0.0085601710838555632 0.0098392549508997899 0.071714115447618743 0.042023772150278089 0.038355852676665081 0.01896668155042423 0.066563922871242867 0.06780911803917318 0.0045091676956600466 0.12613935969092627 -0.04135782864549848 0.026416255325783747 0.1666111018706341 -0.013252079051501135 -0.0010424462145465052
leaf_weight=448 50 245 1063 661 72 1913 951 1186 114 102 1993 1188 750 877 1057 1513 348 22 57 34 949 22 61 900 66 1493 37 147 294 351
leaf_count=448 50 245 1063 661 72 1913 951 1186 114 102 1993 1188 750 877 1057 1513 348 22 57 34 949 22 61 900 66 1493 37 147 294 351
internal_value=2.65557e-07 0.0378255 -0.0194408 0.0290706 0.113701 -0.0305481 -0.00377683 0.0211161 0.0907923 0.047233 -0.0239986 -0.0393394 0.0279261 0.0444539 0.0146307 -0.00969833 0.00385851 0.108452 0.0666613 0.0123774 0.0152819 0.0337329 0.0553535 0.00213488 0.112942 -0.042988 0.00537423 0.16046 -0.0202116 -0.00714455
internal_weight=18964 6438 12526 5772 666 7329 5197 4014 447 1758 4200 3129 1958 1538 2056 2927 2270 202 220 382 2006 772 118 1888 180 1941 937 219 2287 1864
internal_count=18964 6438 12526 5772 666 7329 5197 4014 447 1758 4200 3129 1958 1538 2056 2927 2270 202 220 382 2006 772 118 1888 180 1941 937 219 2287 1864
is_linear=0
shrinkage=0.03


Tree=17
num_leaves=31
num_cat=0
split_feature=9 48 9 48 9 48 49 9 48 9 9 18 9 18 6 28 52 49 9 48 48 16 9 10 51 2 52 47 9 9
split_gain=14580.4 4535.87 2185.89 911.294 745.843 353.606 311.836 159.858 138.055 120.157 89.7058 54.2261 40.7307 40.34 39.6791 36.5731 34.8358 33.8261 30.7233 30.598 25.8542 25.7617 23.3687 23.0448 21.3092 20.7664 20.6079 19.5378 19.5056 18.9754
threshold=24.159819602966312 27.848537445210454 22.629494667053226 25.478872871475591 31.38391208648682 21.725830841064454 23.526330470875489 26.339530944824222 24.783003997802737 29.008979797363285 22.080404281616214 22.921377182006839 27.279413225681157 23.426663398742679 10.500000000000002 23.293101310729984 0.72036257936428771 24.525986576104497 25.070789337158207 25.945590591430669 22.414015770038088 -1.5994209999999998 25.802339553833011 3.5000000000000004 22.603838952580329 1.4118870000000003 1.2615107883420882 24.513199806213382 21.236540794372562 30.239335060119632
decision_type=2 2 2 2 2 2 2 2 2 2 2 2 2 2 2 2 2 2 2 2 2 8 2 2 2 2 2 2 2 2
left_child=2 3 5 8 9 28 11 19 15 -3 -7 24 26 -8 -14 -2 29 -15 -10 -5 -12 25 -17 -19 -4 -16 -9 -13 -1 -11
right_child=1 4 6 7 -6 10 13 12 18 16 20 27 14 17 21 22 -18 23 -20 -21 -22 -23 -24 -25 -26 -27 -28 -29 -30 -31
leaf_value=-0.046111200218060124 -6.7208403153187128e-05 0.073945300345214043 -0.022210092510551029 0.032743001024641873 0.15564667724583245 -0.031309362775484746 -0.0061832750307620693 0.050233114992556047 0.020294165870681908 0.10214228835545087 -0.025541223411826065 -0.0096104610872808759 0.077766298923677604 0.0026911132676708414 0.054927422228668414 0.013654231788795199 0.069562692005525936 0.011152080512777522 0.02832874486458711 0.041533900354290373 -0.01960917549629836 0.064411570563291498 0.034667651043178475 0.040784696139968359 -0.013826837744670816 0.017693952981096047 0.022403603053092955 0.00049083852800466718 -0.039593322090843791 0.12235518054528668
leaf_weight=582 177 245 410 804 219 1933 398 569 797 114 1441 1954 103 1724 28 1704 22 258 926 640 1222 72 49 26 816 26 25 189 1425 66
leaf_count=582 177 245 410 804 219 1933 398 569 797 114 1441 1954 103 1724 28 1704 22 258 926 640 1222 72 49 26 816 26 25 189 1425 66
internal_value=2.57509e-07 0.0360627 -0.0191876 0.0277121 0.11029 -0.0309777 -0.00570714 0.0426535 0.0184398 0.0880685 -0.02639 -0.0115984 0.0532057 0.00254205 0.0639545 0.0129293 0.105198 0.00427147 0.0246122 0.0366392 -0.0228191 0.0526638 0.0142416 0.0138649 -0.0166304 0.0370002 0.0490618 -0.00871959 -0.0414834 0.109554
internal_weight=18964 6586 12378 5920 666 6603 5775 2267 3653 447 4596 3369 823 2406 229 1930 202 2008 1723 1444 2663 126 1753 284 1226 54 594 2143 2007 180
internal_count=18964 6586 12378 5920 666 6603 5775 2267 3653 447 4596 3369 823 2406 229 1930 202 2008 1723 1444 2663 126 1753 284 1226 54 594 2143 2007 180
is_linear=0
shrinkage=0.03


Tree=18
num_leaves=31
num_cat=0
split_feature=48 9 9 9 48 48 9 50 49 9 49 9 18 9 18 50 18 6 9 28 16 53 54 55 48 9 20 6 2 10
split_gain=13729.1 4491.2 1746.64 943.161 801.375 291.342 237.133 188.582 108.045 89.2553 72.7056 62.7807 49.33 44.4917 43.3996 41.6068 31.4342 27.9784 25.8352 23.785 23.4755 22.6928 21.8041 18.2549 18.1709 18.0753 17.6663 17.0201 16.4999 18.4054
threshold=24.036989212036136 27.681832313537601 22.532274246215824 25.277787208557132 30.197082900847661 21.725830841064454 23.42381572723389 26.165571069698245 24.617337608314703 31.38391208648682 22.979575729370122 22.080404281616214 28.458469390869144 25.880230903625492 27.287329673767093 23.219851112384891 25.016545294465335 11.500000000000002 24.039432525634769 23.774384498596195 -1.1561039999999994 0.97204787553875671 1.7377380911442637 0.44770960588885428 21.21093788117139 32.756839752197273 27.960625648498539 14.500000000000002 9.2406990000000011 1.5000000000000002
decision_type=2 2 2 2 2 2 2 2 2 2 2 2 2 2 2 2 2 2 2 2 10 2 2 2 2 2 2 2 2 2
left_child=2 3 5 8 12 24 10 13 18 -6 -4 -7 17 19 22 -8 -10 -3 -2 -5 -19 -14 26 -17 -1 -11 -9 28 -15 -30
right_child=1 4 6 7 9 11 15 14 16 25 -12 -13 21 27 -16 23 -18 20 -20 -21 -22 -23 -24 -25 -26 -27 -28 -29 29 -31
leaf_value=-0.045572207755843794 0.0035896413231592582 0.076026892066001883 -0.017528113142232047 0.0055290861026598857 0.11342669341979281 -0.030288787001650441 -0.0080341558547859133 0.04393927265297283 0.016440025250507549 0.14488293298303262 -0.0088539192852941026 -0.022886597862588783 0.093175324005324661 0.037867795353294112 0.062105485960950745 -0.00048233634606307293 0.024259013460738381 0.039020261255114576 0.011655819717731681 0.029367596850250897 0.070017954150835671 0.06624531787107972 0.073688869327306755 0.0058068860812116553 -0.038725878022184156 0.16316596847690948 0.07060554705884145 0.030027698336392881 0.039954109489917754 0.062399938165420492
leaf_weight=450 513 156 1526 39 77 1928 454 803 1142 146 2022 2217 164 316 170 978 778 43 1178 1104 45 34 24 722 1553 73 23 154 70 62
leaf_count=450 513 156 1526 39 77 1928 454 803 1142 146 2022 2217 164 316 170 978 778 43 1178 1104 45 34 24 722 1553 73 23 154 70 62
internal_value=2.49802e-07 0.0329445 -0.0197774 0.0248349 0.103008 -0.0308694 -0.00781782 0.0380207 0.0147383 0.141209 -0.0125847 -0.0263296 0.0774253 0.0320307 0.0482683 3.40483e-05 0.0196083 0.068397 0.00920878 0.0285542 0.0548714 0.088551 0.0455008 0.00218873 -0.040264 0.150977 0.0446818 0.0386314 0.0415889 0.0504968
internal_weight=18964 7114 11850 6376 738 6148 5702 2765 3611 296 3548 4145 442 1745 1020 2154 1920 244 1691 1143 88 198 850 1700 2003 219 826 602 448 132
internal_count=18964 7114 11850 6376 738 6148 5702 2765 3611 296 3548 4145 442 1745 1020 2154 1920 244 1691 1143 88 198 850 1700 2003 219 826 602 448 132
is_linear=0
shrinkage=0.03


Tree=19
num_leaves=31
num_cat=0
split_feature=9 9 18 49 18 9 49 18 9 9 49 18 20 9 50 18 9 9 9 17 55 34 59 23 20 26 30 9 46 9
split_gain=12921.9 3959.21 2023.16 779.084 654.823 391.106 216.683 134.339 106.235 76.5227 66.0799 61.3041 37.8033 32.7016 31.9127 31.4341 31.402 30.3775 28.737 29.5166 28.1137 22.5729 20.3296 19.8567 19.4178 18.8867 18.3345 17.996 17.9419 17.1566
threshold=24.209330558776859 27.933975219726566 22.826873779296879 25.605397033691407 30.254060745239261 21.925212860107425 23.618109893798831 24.927285194396976 26.339530944824222 31.38391208648682 22.331177043914799 21.453953742980961 26.360306738869628 27.279413225681157 24.11316533089893 29.014486314812014 23.052125930786136 23.773359298706058 26.069210052490238 0.89408399999999999 0.48274197861632456 25.17053318023682 5.5000000000000009 26.009314537048343 26.041783332824711 24.053878784179691 23.373358726501468 22.325141906738285 26.834663391113285 32.293060301655281
decision_type=2 2 2 2 2 2 2 2 2 2 2 2 2 2 2 2 2 2 2 10 2 2 2 2 2 2 2 2 2 2
left_child=2 3 5 7 12 11 16 14 24 -6 -7 -1 -3 21 -2 -14 -4 -8 25 -20 -19 -10 -23 -15 -5 -9 -22 -12 -18 -11
right_child=1 4 6 8 9 10 17 18 13 29 27 -13 15 23 -16 -17 28 20 19 -21 26 22 -24 -25 -26 -27 -28 -29 -30 -31
leaf_value=-0.040644337049286279 0.006678826069905496 0.044772000071303594 -0.012944989374606376 0.03266876781089572 0.11060826631499007 -0.026032987823675819 -0.00011295950236530985 0.01312284996135355 0.028200980138499289 0.13445001711448032 -0.024023325110543038 -0.032190799196683537 0.073351669192314145 0.032144407443702221 0.015528733420880838 0.091950284935195345 -0.0067901929252090435 0.0029976308607977905 0.032197737514718688 0.071781438354934959 -0.0034366786065671974 0.047200112827640639 0.073921413686540385 0.063594623650299664 0.040365825768150981 0.024901562280332998 0.014539548457203219 -0.017199206204592161 0.021777976166456936 0.15232449677525733
leaf_weight=1386 472 29 1063 656 71 1916 1083 134 54 72 428 1743 215 20 1644 132 1844 702 88 21 58 503 27 187 536 1430 427 1856 20 147
leaf_count=1386 472 29 1063 656 71 1916 1083 134 54 72 428 1743 215 20 1644 132 1844 702 88 21 58 503 27 187 536 1430 427 1856 20 147
internal_value=2.42155e-07 0.0345424 -0.0177534 0.026551 0.103801 -0.0279062 -0.00343564 0.0185775 0.0417863 0.137673 -0.0219245 -0.0359353 0.0776767 0.0503103 0.0135547 0.0804266 -0.00883023 0.00352029 0.0249304 0.039824 0.00683521 0.0466787 0.0485614 0.060556 0.0361299 0.0238924 0.0123898 -0.018478 -0.00648367 0.146448
internal_weight=18964 6438 12526 5772 666 7329 5197 3789 1983 290 4200 3129 376 791 2116 347 2927 2270 1673 109 1187 584 530 207 1192 1564 485 2284 1864 219
internal_count=18964 6438 12526 5772 666 7329 5197 3789 1983 290 4200 3129 376 791 2116 347 2927 2270 1673 109 1187 584 530 207 1192 1564 485 2284 1864 219
is_linear=0
shrinkage=0.03


Tree=20
num_leaves=31
num_cat=0
split_feature=49 9 9 9 18 48 49 18 9 48 2 9 18 14 9 28 18 9 26 49 41 51 48 55 18 9 9 14 9 55
split_gain=12167.3 3640.02 2067.26 830.317 408.116 378.486 229.514 148.906 134.782 83.5906 57.8353 52.2086 40.9737 37.8812 33.0968 32.3371 28.5821 23.8954 22.4827 22.2881 22.2821 21.9621 21.7669 22.571 17.8818 17.1464 16.8651 16.4748 16.3713 15.6024
threshold=24.360865974426272 28.452870368957523 22.825119018554691 25.841992378234867 31.428276062011722 22.078329277038577 23.526330470875489 25.105989456176761 27.279413225681157 21.725830841064454 1.4118870000000003 24.239990234375004 22.353454589843754 0.83502133836730297 23.859982490539554 25.528824806213382 26.075580596923832 29.486070632934574 25.880069732666019 23.182518386840822 26.63049411773682 22.603838952580329 26.227884483337409 1.1831691056602758 23.426663398742679 21.236540794372562 24.813960075378422 1.1401993873399752 32.756839752197273 1.6797837711283303
decision_type=2 2 2 2 2 2 2 2 2 2 2 2 2 10 2 2 2 2 2 2 2 2 2 2 2 2 2 8 2 2
left_child=2 3 5 7 10 9 19 14 16 25 17 24 -7 -12 -2 -9 -5 -3 -10 -4 -15 -14 -17 -24 -8 -1 -16 -20 -6 -18
right_child=1 4 6 8 28 12 11 15 18 -11 13 -13 21 20 26 22 29 -19 27 -21 -22 -23 23 -25 -26 -27 -28 -29 -30 -31
leaf_value=-0.042234195203894806 0.002372667612981493 0.084476486313832949 -0.011098511915359295 0.034972088019433939 0.13628136940660146 -0.023979230767807842 -0.0051488122601844244 0.022981270291446077 0.042042355723679065 -0.028859674395652495 0.096067164352961948 0.010812952587216039 -0.020765651603419307 0.040860471712691443 0.013756177511874256 0.029450040674715409 0.043212924779088266 0.10627839271761789 0.090428893446922301 -0.0056683314504060861 0.07425153097590885 -0.014684222436148595 0.056447457945660542 0.023938054362761564 0.0024074891519792248 -0.036128762732006638 0.019440222784088104 0.062298991649289322 0.15370126100435649 0.06559525476447467
leaf_weight=582 177 73 1569 503 145 1482 338 962 48 1700 35 669 994 35 1241 668 838 119 20 1201 37 1156 57 29 1697 1434 756 297 73 29
leaf_count=582 177 73 1569 503 145 1482 338 962 48 1700 35 669 994 35 1241 668 838 119 20 1201 37 1156 57 29 1697 1434 756 297 73 29
internal_value=2.35103e-07 0.03472 -0.0166312 0.0277183 0.110899 -0.0270283 -0.00267485 0.0200207 0.044977 -0.0337595 0.0881394 0.00354256 -0.0201413 0.0704652 0.014806 0.0266272 0.0406611 0.0979891 0.0611765 -0.00874413 0.0580198 -0.0174958 0.031279 0.045485 0.00115244 -0.0378913 0.015908 0.0640737 0.142115 0.0439616
internal_weight=18964 6142 12822 5625 517 7348 5474 3890 1735 3716 299 2704 3632 107 2174 1716 1370 192 365 2770 72 2150 754 86 2035 2016 1997 317 218 867
internal_count=18964 6142 12822 5625 517 7348 5474 3890 1735 3716 299 2704 3632 107 2174 1716 1370 192 365 2770 72 2150 754 86 2035 2016 1997 317 218 867
is_linear=0
shrinkage=0.03


Tree=21
num_leaves=31
num_cat=0
split_feature=48 9 9 9 18 48 9 9 49 9 51 9 49 51 9 19 19 18 9 10 24 9 9 14 6 34 55 18 40 9
split_gain=11451.6 3743.16 1457.11 855.58 574.663 249.497 193.5 160.027 109.907 67.624 59.9936 52.9528 46.7484 41.1611 33.4323 32.3531 31.6105 25.976 21.3507 18.9324 18.767 17.8286 17.1578 16.7818 15.9381 16.145 15.9141 15.9325 15.8152 15.5257
threshold=24.036989212036136 27.933975219726566 22.548346519470218 25.367729187409669 30.254060745239261 21.758687591927735 23.42381572723389 26.339530944824222 24.643437004330814 31.38391208648682 22.798372109788335 22.080404281616214 25.438292408559082 23.377817471715581 24.889999390187992 26.758958816528324 27.298688888549808 29.014486314812014 24.039432525634769 3.5000000000000004 26.45360088348389 21.372426986694339 22.919258117675785 0.83502133836730297 14.500000000000002 23.864721298217777 0.46853369510982629 23.14741134643555 25.369791030883793 32.293060301655281
decision_type=2 2 2 2 2 2 2 2 2 2 2 2 2 2 2 2 2 2 2 2 2 2 2 8 2 2 2 2 2 2
left_child=2 3 5 8 15 21 10 12 18 -6 -4 -7 -5 -8 19 -3 24 23 -2 -10 -16 -1 -12 -17 25 -9 -15 -28 -18 -11
right_child=1 4 6 7 9 11 13 16 14 29 22 -13 -14 26 20 17 28 -19 -20 -21 -22 -23 -24 -25 -26 -27 27 -29 -30 -31
leaf_value=-0.039222899698175058 0.0035189835880535792 0.044963256201960823 -0.017415899110312275 0.023533123642667377 0.10412510321173869 -0.027575103107062179 -0.0062858990825987813 0.022158049285411836 0.013993184808866964 0.12640308241049447 -0.012507554049221133 -0.020760906769965937 0.034267577364940884 0.00027179840586409175 0.022023605220442454 0.093122114837169645 0.039270157836950738 0.0864962766150182 0.010731183303333145 0.028077765155207129 0.043270811519827333 -0.033654463395536717 -0.0070914018893745373 0.066466559710041173 0.033551342550884274 0.04685264779159462 -0.011029184647770814 0.0079237641733613355 0.060321854510150118 0.14340680579749907
leaf_weight=1083 523 33 1039 520 71 1862 644 25 996 72 770 2287 1226 910 920 24 39 132 1258 94 39 991 1664 186 119 508 43 557 182 147
leaf_count=1083 523 33 1039 520 71 1862 644 25 996 72 770 2287 1226 910 920 24 39 132 1258 94 39 991 1664 186 119 508 43 557 182 147
internal_value=2.28023e-07 0.0300881 -0.0180627 0.0231002 0.0978552 -0.028066 -0.00699974 0.0363143 0.0140642 0.129568 -0.0113809 -0.023819 0.0310706 6.42986e-05 0.0188022 0.0733307 0.0468016 0.0760679 0.00861328 0.0152078 0.0228877 -0.0365622 -0.00880481 0.0695129 0.0434781 0.0456944 0.00277259 0.00656547 0.0566068 0.137817
internal_weight=18964 7114 11850 6449 665 6223 5627 2619 3830 290 3473 4149 1746 2154 2049 375 873 342 1781 1090 959 2074 2434 210 652 533 1510 600 221 219
internal_count=18964 7114 11850 6449 665 6223 5627 2619 3830 290 3473 4149 1746 2154 2049 375 873 342 1781 1090 959 2074 2434 210 652 533 1510 600 221 219
is_linear=0
shrinkage=0.03


Tree=22
num_leaves=31
num_cat=0
split_feature=9 48 18 48 9 48 50 48 9 9 9 9 9 22 9 6 48 46 16 9 48 17 2 40 37 55 10 51 25 9
split_gain=10780.4 3349.86 1618.19 676.105 548.153 327.08 156.27 154.078 89.8663 73.2947 61.0781 51.5315 34.2059 31.5695 30.7335 28.7777 27.7496 24.8828 23.8167 23.1946 23.1926 23.0014 22.3288 18.9961 18.7501 18.0742 19.1246 17.6524 15.7764 15.6248
threshold=24.159819602966312 27.848537445210454 22.826873779296879 25.708021354598639 31.38391208648682 21.938918685913091 23.770378208160405 24.873814392322757 29.008979797363285 26.831568716791995 22.352839469909672 21.472457885742191 25.394895553588871 22.655761718750004 23.052125930786136 11.500000000000002 23.53449630737305 26.6499137878418 -1.0663579999999995 24.658596038818363 26.277665710449224 1.6139595 3.2489465000000002 29.504385948181156 26.175117492675785 0.42344302081067603 3.5000000000000004 22.539838314040285 22.998044967651371 23.859982490539554
decision_type=2 2 2 2 2 2 2 2 2 2 2 2 2 2 2 2 2 2 10 2 2 10 2 2 2 2 2 2 2 2
left_child=2 3 5 7 8 11 14 13 -3 20 -7 -1 -9 -2 -4 23 -8 -16 -17 -15 -5 -14 -10 -11 -20 -18 29 -12 -21 -27
right_child=1 4 6 9 -6 10 16 12 22 15 27 -13 21 19 17 18 25 -19 24 28 -22 -23 -24 -25 -26 26 -28 -29 -30 -31
leaf_value=-0.03710279960414891 -0.017353008524938061 0.063534036630574539 -0.011594148496984638 0.03257312961280788 0.13368204440156073 -0.023675113756118853 -0.0073654602044334371 0.020154143258507586 0.09574906326689811 0.054790174912207008 -0.019581283223935691 -0.029312708672106856 0.027367715871762486 0.0094253702762852973 -0.0057084086423775755 0.032065758411910866 0.0011195394640946496 0.026366384182844985 0.041335445169995468 -0.0088659537988512414 0.040456333612114856 0.058489514602856202 0.071382342583911351 0.083542962126109899 0.072253801063183812 0.0030843772985343189 0.021915734472125768 -0.014045876593492488 0.016282775122965217 0.011399733379327539
leaf_weight=1442 33 245 1086 752 219 2155 193 1196 159 205 928 1626 750 1197 2062 101 738 22 41 23 607 22 43 23 31 555 75 1175 939 321
leaf_count=1442 33 245 1086 752 219 2155 193 1196 159 205 928 1626 750 1197 2062 101 738 22 41 23 607 22 43 23 31 555 75 1175 939 321
internal_value=2.2105e-07 0.0310092 -0.0164988 0.0238329 0.0947984 -0.0255064 -0.00343674 0.0172385 0.0757481 0.0394197 -0.0201257 -0.0329742 0.0233318 0.0117679 -0.00750218 0.0506901 0.003411 -0.00536981 0.0414639 0.012213 0.0360942 0.0282546 0.0905621 0.0576907 0.0546475 0.00464242 0.00737626 -0.0164885 0.0156815 0.00613144
internal_weight=18964 6586 12378 5920 666 7326 5052 4160 447 1760 4258 3068 1968 2192 3170 401 1882 2084 173 2159 1359 772 202 228 72 1689 951 2103 962 876
internal_count=18964 6586 12378 5920 666 7326 5052 4160 447 1760 4258 3068 1968 2192 3170 401 1882 2084 173 2159 1359 772 202 228 72 1689 951 2103 962 876
is_linear=0
shrinkage=0.03


Tree=23
num_leaves=31
num_cat=0
split_feature=49 9 9 9 48 48 49 48 9 48 2 9 9 14 50 9 49 9 54 26 6 6 55 47 48 9 9 54 7 9
split_gain=10147.8 3036.22 1724.76 695.575 342.695 335.027 171.74 124.125 112.551 69.4656 48.2089 42.2262 37.7648 34.229 24.0046 23.4133 22.1796 21.2798 21.0272 19.435 18.6179 26.1267 22.3215 18.5178 17.8803 17.2488 16.1426 15.8319 17.715 15.3225
threshold=24.360865974426272 28.452870368957523 22.88483810424805 25.841992378234867 22.078329277038577 31.421253967285161 23.526330470875489 25.105949020385747 27.279413225681157 21.725830841064454 1.4118870000000003 24.239990234375004 22.352839469909672 0.83502133836730297 26.057097721122563 24.472604751586918 25.605397033691407 30.239335060119632 1.7377380911442637 25.880069732666019 14.500000000000002 12.500000000000002 0.93954750417317034 24.513199806213382 22.873467445373539 32.293060301655281 23.796839714050297 0.44510669898304162 23.500000000000004 21.174298286437992
decision_type=2 2 2 2 2 2 2 2 2 2 2 2 2 10 2 2 2 2 2 2 2 2 2 2 2 2 2 2 2 2
left_child=2 3 4 7 9 10 23 15 14 29 17 -8 -6 -12 -5 20 -9 -3 -16 -10 21 -2 -23 26 -14 -7 -4 28 -25 -1
right_child=1 5 6 8 12 25 11 16 19 -11 13 -13 24 -15 18 -17 -18 -19 -20 -21 -22 22 -24 27 -26 -27 -28 -29 -30 -31
leaf_value=-0.039543103221467535 0.0073004579780758892 0.082401620660509378 -0.0091654024774353964 0.032189404392338881 -0.021526246488829268 0.11741389307975769 0.0011513588321052808 0.021688790924527909 0.038122972566634418 -0.026386674222795448 0.088593564135687683 0.0098452096687673667 -0.01712077462073926 0.052426766309266286 0.039553375344112102 0.015882539119546072 0.02875148731481195 0.10387017280824722 0.069275809716094622 0.0586067524626381 0.0011315405843430821 0.016402569354603481 0.044218671485781666 0.03200435072779656 -0.010973719584289937 0.13509413334788109 -0.0012401534097466187 -0.0063549525256322735 0.0022885921941353726 -0.033226774716187325
leaf_weight=443 395 126 2096 533 1641 75 2024 1097 48 1704 35 669 1634 72 815 1358 630 62 22 317 187 193 30 25 576 147 260 112 65 1573
leaf_count=443 395 126 2096 533 1641 75 2024 1097 48 1704 35 669 1634 72 815 1358 630 62 22 317 187 193 30 25 576 147 260 112 65 1573
internal_value=2.14428e-07 0.031708 -0.0151884 0.0253133 -0.0243517 0.101282 -0.00197662 0.0182679 0.0411097 -0.0308458 0.0803324 0.0033111 -0.0180786 0.064257 0.0371657 0.0134794 0.0242652 0.0894817 0.0403346 0.055913 0.00942551 0.0119352 0.0201446 -0.0075434 -0.0155186 0.129121 -0.0082908 0.00117382 0.010543 -0.0346147
internal_weight=18964 6142 12822 5625 7571 517 5251 3890 1735 3720 295 2693 3851 107 1370 2163 1727 188 837 365 805 618 223 2558 2210 222 2356 202 90 2016
internal_count=18964 6142 12822 5625 7571 517 5251 3890 1735 3720 295 2693 3851 107 1370 2163 1727 188 837 365 805 618 223 2558 2210 222 2356 202 90 2016
is_linear=0
shrinkage=0.03


Tree=24
num_leaves=31
num_cat=0
split_feature=9 18 9 49 9 9 49 9 49 9 19 51 49 9 53 18 20 18 9 9 23 23 47 41 46 9 14 9 3 47
split_gain=9552.1 3154.59 1168 723.887 481.314 201.621 162.178 158.265 91.9875 80.1742 42.8453 42.4341 37.394 35.2897 26.1156 26.0899 25.3898 24.5414 24.3827 20.9828 19.8081 18.3464 16.7997 17.1635 20.5884 15.9864 15.1436 14.5046 14.4959 14.4366
threshold=23.94834136962891 27.941645622253425 22.532274246215824 25.284976291656495 31.38391208648682 21.770780563354496 23.411007022857671 26.069210052490238 24.360865974426272 29.008979797363285 27.298688888549808 22.798372109788335 22.175076198795171 26.069210052490238 0.87852598012458827 24.869807243347172 26.857735633850101 23.356044767639165 25.367729187409669 21.35546970367432 24.838911056518558 22.934196472167972 24.513199806213382 24.246786117553714 24.741434098227547 25.102458953857425 0.93081705441086082 32.756839752197273 1.9038630000000003 25.416500091552738
decision_type=2 2 2 2 2 2 2 2 2 2 2 2 2 2 2 2 2 2 2 2 2 2 2 2 2 2 10 2 2 2
left_child=2 3 5 8 9 19 11 18 21 16 -9 -4 -7 15 -11 -10 -3 -8 -5 -1 -19 -2 -13 24 -24 29 -18 -6 -15 -23
right_child=1 4 6 7 27 12 17 10 13 14 -12 22 -14 28 -16 -17 26 20 -20 -21 -22 25 23 -25 -26 -27 -28 -29 -30 -31
leaf_value=-0.035876775091886519 -0.0069372589505288032 0.036432844400405881 -0.0153097159079843 0.0210491418956467 0.12034682326937374 -0.024643805144281175 -0.0067803359560456604 0.038123458648420573 0.012528299306672109 0.088840901430534275 0.05252816638965481 -0.0091507993888308558 -0.018705664775704563 0.02445958251133561 0.053528316404138285 0.018807300772196864 0.075064274489879609 0.00026773493675410782 0.029024545935907607 -0.030151967645848692 0.0114171912871254 0.0050726555407849322 -0.0012867256366905378 -0.0072591467687769468 0.030523607708513732 0.017164742886413668 0.057825403597233885 0.13672472359382942 0.051029632660475645 0.017645432057926493
leaf_weight=1050 89 36 1227 518 146 1824 422 934 1371 184 232 2000 2002 42 21 1053 70 1553 1033 1277 158 1075 47 113 30 129 133 73 33 89
leaf_count=1050 89 36 1227 518 146 1824 422 934 1371 184 232 2000 2002 42 21 1053 70 1553 1033 1277 158 1075 47 113 30 129 133 73 33 89
internal_value=2.08066e-07 0.0270308 -0.0167707 0.0207626 0.0894106 -0.0257718 -0.00679158 0.0326388 0.0124484 0.0714587 0.0409896 -0.0108433 -0.0215366 0.015883 0.0852235 0.0152559 0.0596521 -0.000300794 0.0263609 -0.0327351 0.00129732 0.00623762 -0.00834094 0.00018394 0.0111069 0.00714447 0.0637698 0.125806 0.0361504 0.00603398
internal_weight=18964 7261 11703 6598 663 6153 5550 2717 3881 444 1166 3417 3826 2499 205 2424 239 2133 1551 2327 1711 1382 2190 190 77 1293 203 219 75 1164
internal_count=18964 7261 11703 6598 663 6153 5550 2717 3881 444 1166 3417 3826 2499 205 2424 239 2133 1551 2327 1711 1382 2190 190 77 1293 203 219 75 1164
is_linear=0
shrinkage=0.03


Tree=25
num_leaves=31
num_cat=0
split_feature=48 9 48 9 48 9 48 50 49 18 51 18 19 18 9 9 9 18 26 16 54 46 54 53 53 9 46 17 48 6
split_gain=8991.39 2945.06 1150.35 624.213 521.962 190.4 161.99 126.942 71.3028 57.2954 40.7846 37.4148 32.1103 30.3592 29.3099 29.0971 28.1804 22.6861 21.0427 19.224 19.1942 17.7165 18.7154 16.9728 16.8799 16.4117 16.2756 15.9448 14.6349 13.7995
threshold=24.036989212036136 27.681832313537601 22.460111617777837 25.277787208557132 30.197082900847661 23.24605751037598 21.725830841064454 26.165571069698245 24.592621516978273 31.428276062011722 23.306838321779544 22.826873779296879 26.94432353973389 27.287329673767093 22.080404281616214 25.841992378234867 28.452870368957523 25.105989456176761 24.032361030578617 -1.5390174999999988 1.7377380911442637 25.871961593627933 1.1992826704856399 0.90113007969947867 1.355801169640211 23.773359298706058 25.209750175476078 1.4434840000000004 21.21093788117139 10.500000000000002
decision_type=2 2 2 2 2 2 2 2 2 2 2 2 2 2 2 2 2 2 2 8 2 2 2 2 2 2 2 10 2 2
left_child=2 3 6 8 12 11 28 15 21 -6 -7 -4 19 20 -8 18 -14 -10 -5 -3 -9 22 29 -18 27 -12 -27 -17 -1 -2
right_child=1 4 5 7 9 10 14 13 17 -11 25 -13 16 -15 -16 24 23 -19 -20 -21 -22 -23 -24 -25 -26 26 -28 -29 -30 -31
leaf_value=-0.037298713147640231 0.011975541954043316 0.021143747738096862 -0.015210030254797577 0.0062140182353323326 0.092161413305080847 -0.0066253625787077884 -0.024637143882033283 0.036145565060838901 0.013509612982031897 0.12212208210875133 -0.00128252438529855 -0.0088578211527875587 0.05729538551956901 0.050801776531645478 -0.01927880776616565 0.030959725078132602 0.077668717785315075 0.020401293441448923 0.023944539033933079 0.056907073951536609 0.063361311294138439 0.020468007417525663 -0.015210312296237264 0.05542989393598155 0.012266755678304812 0.0030098050732417954 0.017636592851579189 0.051811405215944559 -0.031164167041650842 0.0053266496839100537
leaf_weight=450 374 24 1568 64 78 869 1839 826 1358 218 1068 1784 184 170 1836 579 165 629 1026 31 24 86 35 38 41 786 75 35 1575 1129
leaf_count=450 374 24 1568 64 78 869 1839 826 1358 218 1068 1784 184 170 1836 579 165 629 1026 31 24 86 35 38 41 786 75 35 1575 1129
internal_value=2.01863e-07 0.0266609 -0.0160052 0.0200939 0.0833967 -0.00700657 -0.0257143 0.030821 0.0118801 0.114227 -0.00122899 -0.0118293 0.0627502 0.0392286 -0.0219602 0.0259065 0.0657985 0.0156912 0.0229035 0.0413013 0.036914 0.00721707 0.00647612 0.0735058 0.0309038 0.00120203 0.00428392 0.0321483 -0.0325274 0.00698113
internal_weight=18964 7114 11850 6376 738 6150 5700 2765 3611 296 2798 3352 442 1020 3675 1745 387 1987 1090 55 850 1624 1538 203 655 1929 861 614 2025 1503
internal_count=18964 7114 11850 6376 738 6150 5700 2765 3611 296 2798 3352 442 1020 3675 1745 387 1987 1090 55 850 1624 1538 203 655 1929 861 614 2025 1503
is_linear=0
shrinkage=0.03


Tree=26
num_leaves=31
num_cat=0
split_feature=49 18 18 18 20 49 49 49 19 19 25 18 19 56 18 18 27 12 29 55 51 18 49 18 6 33 18 46 54 56
split_gain=8456.6 2512 1442.93 566.172 283.344 251.71 158.26 118.514 85.3849 77.9499 53.47 27.6824 24.149 22.3513 21.3629 20.296 18.6252 18.5248 22.3126 22.6136 15.8998 15.3094 14.91 14.8286 14.7746 14.8827 14.7744 14.6737 14.2008 14.1953
threshold=24.360865974426272 28.458469390869144 22.826873779296879 25.932779312133793 31.479162216186527 21.73947448730469 23.549448585415043 25.194448757163091 27.298688888549808 22.356134414672855 26.71972751617432 24.042524337768558 29.52365875244141 0.088263511657711305 24.215098381511236 26.347520828247074 22.870941162109379 1.5000000000000002 23.800093650817875 1.6797837711283303 22.539838314040285 22.080693244934086 25.962950229644779 32.309156419409184 16.500000000000004 22.439424514770511 25.281613349914554 26.834663391113285 0.30609112334136851 -0.22495651245117362
decision_type=2 2 2 2 2 2 2 2 2 2 2 2 2 2 2 2 2 2 2 2 2 2 2 2 2 2 2 2 2 2
left_child=2 3 5 7 10 -1 16 14 15 21 -3 24 -12 26 -2 -5 -4 18 -17 -20 -11 -7 -15 -6 25 -8 -9 -18 -27 -10
right_child=1 4 6 8 23 9 11 13 29 20 12 -13 -14 22 -16 17 27 -19 19 -21 -22 -23 -24 -25 -26 28 -28 -29 -30 -31
leaf_value=-0.031572189640342349 0.0064324384956497092 0.030183234699070451 -0.010895519178294514 0.030339782063725194 0.10698144626944033 -0.024000579162174678 -0.021346533456100866 0.014653317972449434 0.040153494695270499 -0.017718636732340025 0.068063651297403424 0.0070136037362754358 0.085909842782550386 0.025218907026516645 0.014096858068939077 0.0067145896228876971 -0.0058369021721373648 0.052995133228711223 0.036355744258772818 0.068057255063738137 -0.012572969669429515 -0.019762541442629331 0.036177880553914042 0.12352250031062535 -0.015897351552910628 -0.0018766739974550243 0.022769523021598102 0.018800828658382999 0.0039019570898334373 0.054448663734212296
leaf_weight=2019 392 24 839 570 73 1782 26 278 81 955 138 995 135 487 1983 22 1962 67 568 21 1245 1347 145 147 47 648 737 22 935 274
leaf_count=2019 392 24 839 570 73 1782 26 278 81 955 138 995 135 487 1983 22 1962 67 568 21 1245 1347 145 147 47 648 737 22 935 274
internal_value=1.95753e-07 0.0289454 -0.0138652 0.023129 0.0922291 -0.0225515 -0.00220518 0.0171203 0.0382051 -0.0191338 0.0731145 0.00305869 0.0768887 0.0233043 0.0128318 0.0345123 -0.00714833 0.0380201 0.036378 0.037486 -0.0148067 -0.0221762 0.0277332 0.118034 0.000682403 0.00116671 0.0205466 -0.0055637 0.00153648 0.0511869
internal_weight=18964 6142 12822 5625 517 7348 5474 4022 1603 5329 297 2651 273 1647 2375 1248 2823 678 611 589 2200 3129 632 220 1656 1609 1015 1984 1583 355
internal_count=18964 6142 12822 5625 517 7348 5474 4022 1603 5329 297 2651 273 1647 2375 1248 2823 678 611 589 2200 3129 632 220 1656 1609 1015 1984 1583 355
is_linear=0
shrinkage=0.03


Tree=27
num_leaves=31
num_cat=0
split_feature=9 9 9 48 18 9 48 48 18 20 48 18 50 48 50 8 22 9 20 6 10 40 17 9 18 6 54 7 54 50
split_gain=7984.03 2476.69 1193.82 504.252 402.907 228.06 137.39 114.792 51.7952 45.7691 39.4655 39.1941 31.4992 27.4607 26.8197 26.3155 25.6174 25.5725 25.3725 22.3139 21.909 20.4852 20.0751 17.6124 17.592 17.4009 17.3499 15.1494 14.6642 14.5897
threshold=24.159819602966312 27.933975219726566 22.744319915771488 25.708021354598639 30.254060745239261 21.925212860107425 23.444696426391605 24.873814392322757 27.287329673767093 32.335674285888679 22.351679992221193 21.453953742980961 25.909075117134645 26.277665710449224 24.005746125991703 1.5000000000000002 22.655761718750004 25.394895553588871 26.360306738869628 12.500000000000002 3.5000000000000004 23.998567581176761 1.6139595 24.57852935791016 29.014486314812014 8.5000000000000018 0.57997667900150829 52.500000000000007 0.45527500126798576 22.748404169102539
decision_type=2 2 2 2 2 2 2 2 2 2 2 2 2 2 2 2 2 2 2 2 2 2 10 2 2 2 2 2 2 2
left_child=2 3 5 7 18 11 15 16 13 25 -7 -1 -10 -5 -8 19 -2 -9 -3 26 -16 -15 -19 -18 -20 -6 -4 -14 -27 -17
right_child=1 4 6 8 9 10 14 17 12 -11 -12 -13 27 21 20 29 23 22 24 -21 -22 -23 -24 -25 -26 28 -28 -29 -30 -31
leaf_value=-0.032071643947750667 -0.016570477648638188 0.034085760288711249 -0.00096201673679752262 0.027941217864086484 0.11865617637634276 -0.020421673413362543 -0.0012935094014696303 0.01732476271728749 0.010433649893850089 0.11977872684195234 -0.014386189829706013 -0.025331834244741825 0.052294862507909969 0.0087571163475513459 0.0037334716645162336 -0.013929180111133754 0.007621670073794099 0.023508584817676124 0.058003083155499929 0.0089886643866619719 0.019905146552870671 0.036938639344051165 0.052586155276406893 0.013051186664169221 0.071916603974320661 0.095905569238761021 -0.014894390142299542 0.027116071763448418 0.067692977741360669 -0.0081941105798605668
leaf_weight=1386 32 29 240 785 25 1977 1407 1196 20 148 1924 1766 207 24 1090 518 1025 745 215 127 81 709 22 1131 132 97 121 24 20 1741
leaf_count=1386 32 29 240 785 25 1977 1407 1196 20 148 1924 1766 207 24 1090 518 1025 745 215 127 81 709 22 1131 132 97 121 24 20 1741
internal_value=1.89938e-07 0.0266861 -0.0141987 0.0205156 0.0815353 -0.0222941 -0.00347624 0.0147998 0.0339277 0.108105 -0.0174449 -0.0282955 0.0465518 0.0318403 0.001498 -0.00814445 0.0100744 0.0200668 0.0610429 -0.00182694 0.00485209 0.0360159 0.0243426 0.0104699 0.0632958 0.0959374 -0.00563187 0.0496789 0.0910829 -0.00950919
internal_weight=18964 6586 12378 5920 666 7053 5325 4151 1769 290 3901 3152 251 1518 2578 2747 2188 1963 376 488 1171 733 767 2156 347 142 361 231 117 2259
internal_count=18964 6586 12378 5920 666 7053 5325 4151 1769 290 3901 3152 251 1518 2578 2747 2188 1963 376 488 1171 733 767 2156 347 142 361 231 117 2259
is_linear=0
shrinkage=0.03


Tree=28
num_leaves=31
num_cat=0
split_feature=9 48 9 9 48 49 48 48 9 9 9 9 51 28 9 52 55 17 23 48 9 16 25 46 50 9 16 27 3 23
split_gain=7516.48 2476.43 917.13 497.401 494.252 181.418 114.31 78.2118 77.5733 49.4576 43.9787 38.4 31.0726 28.329 23.1492 21.5607 38.1398 20.3692 19.2743 17.7842 16.7006 16.7771 26.3182 15.9264 14.6634 14.5648 14.493 14.1466 13.8687 19.0483
threshold=23.94834136962891 27.425601768493657 22.352839469909672 30.239335060119632 25.357082939147954 23.150914478472416 21.725830841064454 24.783003997802737 26.027995109558109 28.452870368957523 31.38391208648682 23.42381572723389 22.603838952580329 23.276631355285648 24.57852935791016 1.6599892834646715 1.6797837711283303 0.93893950000000026 24.838911056518558 22.119951248168949 26.633753776550297 -0.8694970000000003 26.115293502807621 24.256436347961429 25.741130495055788 25.070789337158207 3.3053439999999998 23.794483184814457 0.57410400000000006 23.37099075333008
decision_type=2 2 2 2 2 2 2 2 2 2 2 2 2 2 2 2 2 10 2 2 2 10 2 2 2 2 10 2 2 2
left_child=2 4 6 9 7 12 26 13 -6 17 -5 -7 -4 -2 -15 16 20 -3 28 -8 -10 24 -23 -14 -22 -9 -1 -27 29 -13
right_child=1 3 5 10 8 11 19 25 15 -11 -12 18 23 14 -16 -17 -18 -19 -20 -21 21 22 -24 -25 -26 27 -28 -29 -30 -31
leaf_value=-0.030110595420089831 -0.0015865604639901513 0.051460963863147691 -0.015820679400134565 0.084289675531253008 0.023600041296897745 -0.0055677676175095421 -0.022707695428521166 0.014025353324512251 0.031264195522319162 0.067475168270492325 0.11145970958552948 0.028973462750396594 -0.010520978461959003 0.0068657752380436093 0.013129251428417272 0.0088697469388616494 0.070975357133608599 0.029056605398654938 0.012244358381007131 -0.018248898720891648 0.017455588127885543 0.069461579660051745 0.036616012954081477 0.0012310430162840269 0.038144035385669892 -0.0013006271090772418 -0.005625702494924719 0.020855021963117868 -0.001362196439642772 0.0033781216449908728
leaf_weight=1972 245 280 1319 71 1331 1558 1807 800 652 202 219 29 1837 1459 835 29 26 42 127 1452 35 38 52 110 259 27 22 659 1202 268
leaf_count=1972 245 280 1319 71 1331 1558 1807 800 652 202 219 29 1837 1459 835 29 26 42 127 1452 35 38 52 110 259 27 22 659 1202 268
internal_value=1.84182e-07 0.0239782 -0.0148767 0.0732846 0.0177528 -0.00729774 -0.0241828 0.0113093 0.0284609 0.0558386 0.104808 -0.00220205 -0.0122655 0.00811004 0.00914564 0.0343911 0.035088 0.0485387 0.0010229 -0.0207211 0.0341873 0.0391506 0.0504841 -0.00985702 0.0356811 0.0167757 -0.0298405 0.019983 7.21861e-05 0.00587733
internal_weight=18964 7261 11703 814 6447 6450 5253 4025 2422 524 290 3184 3266 2539 2294 1091 1062 322 1626 3259 1036 384 90 1947 294 1486 1994 686 1499 297
internal_count=18964 7261 11703 814 6447 6450 5253 4025 2422 524 290 3184 3266 2539 2294 1091 1062 322 1626 3259 1036 384 90 1947 294 1486 1994 686 1499 297
is_linear=0
shrinkage=0.03


Tree=29
num_leaves=31
num_cat=0
split_feature=9 18 9 48 9 9 48 9 48 9 48 51 19 28 52 9 49 49 11 9 8 6 10 6 12 2 27 16 9 27
split_gain=7072.26 2333.65 864.384 546.665 353.806 151.148 119.616 105.57 73.203 59.9068 31.1306 29.8934 29.0679 26.6548 22.6375 21.7811 21.5943 18.8246 18.1349 17.6233 17.6095 22.4813 16.2903 14.4424 14.3074 16.5899 13.7148 13.5867 13.5066 13.2604
threshold=23.94834136962891 27.941645622253425 22.532274246215824 25.357082939147954 31.38391208648682 21.770780563354496 23.344745254516607 26.069210052490238 24.783003997802737 29.486070632934574 22.119951248168949 22.603838952580329 27.298688888549808 23.276631355285648 0.52613907452177833 24.57852935791016 26.899232292175295 23.749592781213138 1.0000000180025095e-35 21.254704474621587 1.5000000000000002 12.500000000000002 3.5000000000000004 14.500000000000002 1.5000000000000002 9.2406990000000011 26.817831993103031 4.2126895000000006 25.070789337158207 23.794483184814457
decision_type=2 2 2 2 2 2 2 2 2 2 2 2 2 2 2 2 2 2 2 2 2 2 2 2 2 2 2 10 2 2
left_child=2 3 5 8 9 19 11 -5 13 16 -7 -4 23 -2 -11 -15 -3 -8 26 -1 21 -13 -19 24 27 -26 -18 -9 -10 -30
right_child=1 4 6 7 -6 10 17 12 28 14 -12 20 -14 15 -16 -17 18 22 -20 -21 -22 -23 -24 -25 25 -27 -28 -29 29 -31
leaf_value=-0.032287235547436607 -0.0015389636697019544 0.030348867528861567 -0.014712978785936092 0.023087839285572911 0.10811591744422913 -0.02163276066209938 -0.0033986858729872079 0.032757743000832638 0.013604592761036474 0.082806784635832326 -0.016164188406548197 -0.0065241268220196528 0.044747920614213517 0.0066598019671073412 0.048311899065971373 0.012735373820175422 0.030256763957440851 0.0009259594614083246 0.07877685737609863 -0.026534075745120397 -0.0090795266770010118 0.0094957333841981986 0.013525503280867665 0.025317428520782878 0.034363510880308847 0.064570174310356374 0.056184924159065952 0.05784742748737335 -0.0012616079631778928 0.020189516666669686
leaf_weight=675 245 31 776 1397 219 1639 1142 676 800 119 2187 292 234 1459 20 835 20 1079 30 1652 2052 108 101 181 36 30 224 20 27 658
leaf_count=675 245 31 776 1397 219 1639 1142 676 800 119 2187 292 234 1459 20 835 20 1079 30 1652 2052 108 101 181 36 30 224 20 27 658
internal_value=1.78643e-07 0.0232589 -0.0144304 0.0178676 0.0769115 -0.0221738 -0.00584578 0.0286646 0.0109612 0.0615201 -0.0185068 -0.00958115 0.0352836 0.00786674 0.0778435 0.00887127 0.0540809 -0.000652934 0.0567659 -0.0282029 -0.00795705 -0.00219876 0.00200439 0.0329351 0.0347446 0.0480938 0.0540597 0.0334787 0.0162521 0.019344
internal_weight=18964 7261 11703 6598 663 6153 5550 2574 4024 444 3826 3228 1177 2539 139 2294 305 2322 274 2327 2452 400 1180 943 762 66 244 696 1485 685
internal_count=18964 7261 11703 6598 663 6153 5550 2574 4024 444 3826 3228 1177 2539 139 2294 305 2322 274 2327 2452 400 1180 943 762 66 244 696 1485 685
is_linear=0
shrinkage=0.03


Tree=30
num_leaves=31
num_cat=0
split_feature=9 9 9 49 21 48 49 48 9 9 48 18 22 6 2 21 9 17 6 43 30 49 9 6 18 36 46 51 19 55
split_gain=6655.86 2023.12 1072.45 397.95 335.172 223.242 104.137 83.9659 48.092 46.1083 38.596 25.4138 24.5487 23.41 38.3451 21.7652 20.137 26.3087 19.0863 17.7536 17.7523 17.5989 16.9968 16.4214 15.9336 15.6533 15.0664 14.1285 16.0961 15.552
threshold=24.239990234375004 27.933975219726566 22.88483810424805 25.72427701964844 30.447418212890629 22.078329277038577 23.749592781213138 24.873814392322757 26.561666488647464 21.472457885742191 32.343348694069348 22.353454589843754 22.655761718750004 11.500000000000002 10.472845000000001 27.530233383178714 25.394895553588871 1.5134995000000002 16.500000000000004 25.704721450805668 26.659757614135742 23.182518386840822 29.008979797363285 13.500000000000002 26.347520828247074 25.659426690952152 24.329497337341312 25.413052272754481 27.711486816406254 1.6797837711283303
decision_type=2 2 2 2 2 2 2 2 2 2 2 2 2 2 2 2 2 10 2 2 2 2 2 2 2 2 2 2 2 2
left_child=2 3 5 7 13 9 21 12 15 -1 -6 -7 -2 22 -15 24 -9 20 25 -16 -18 26 -3 -17 -5 -8 -4 -10 29 -29
right_child=1 4 6 8 10 11 18 16 27 -11 -12 -13 -14 14 19 23 17 -19 -20 -21 -22 -23 -24 -25 -26 -27 -28 28 -30 -31
leaf_value=-0.029157390974853328 -0.018841974188884097 0.054181008265331017 -0.0085066197479174502 0.024671736372356527 0.087588377657661323 -0.017760858198668322 0.0033182581696559526 0.015801797820539167 0.016477655123632685 -0.022316633076545002 0.10960218042940706 -0.012762987885871092 0.0099603715773105093 0.024179638783680277 0.081067692767018862 0.066525360356000332 0.020282837947756049 0.052297489893436432 -0.017750659607023603 0.045495791751891376 0.048921180546283721 -0.0032830023419630687 0.069185923055328169 0.030642417147755618 0.032809898398394127 0.014832882917346021 0.0071196327626640941 0.035417458547118662 0.050209615018564399 0.059302900892037609
leaf_weight=1459 27 164 1305 846 139 1495 1780 1151 26 2261 148 2363 1958 48 23 22 750 25 37 28 20 1729 116 24 291 113 58 435 97 26
leaf_count=1459 27 164 1305 846 139 1495 1780 1151 26 2261 148 2363 1958 48 23 22 750 25 37 28 20 1729 116 24 291 113 58 435 97 26
internal_value=1.73316e-07 0.0250082 -0.0126308 0.0192253 0.0744838 -0.0197559 -0.00187946 0.0139098 0.0310505 -0.0249996 0.0989404 -0.0146997 0.0095686 0.0559639 0.0434249 0.0275731 0.0183381 0.02201 0.00358852 0.061538 0.0210267 -0.00529253 0.0603973 0.0478038 0.0267546 0.00400561 -0.00784167 0.0380946 0.0391018 0.0367646
internal_weight=18964 6364 12600 5698 666 7578 5022 3931 1767 3720 287 3858 1985 379 99 1183 1946 795 1930 51 770 3092 280 46 1137 1893 1363 584 558 461
internal_count=18964 6364 12600 5698 666 7578 5022 3931 1767 3720 287 3858 1985 379 99 1183 1946 795 1930 51 770 3092 280 46 1137 1893 1363 584 558 461
is_linear=0
shrinkage=0.03


Tree=31
num_leaves=31
num_cat=0
split_feature=9 9 9 48 21 9 48 48 48 51 9 40 51 28 6 2 9 40 19 9 56 43 9 21 9 16 19 6 9 27
split_gain=6266.77 2065.85 766.385 486.327 315.363 150.085 96.3649 89.0509 66.2954 39.215 36.5653 29.8018 26.5737 23.5599 22.0265 36.0789 21.8473 19.9957 21.0344 18.2518 17.8336 16.7044 16.3569 14.9426 14.7553 13.5053 12.4727 12.4689 12.3285 12.4997
threshold=23.94834136962891 27.933975219726566 22.352839469909672 25.357082939147954 30.447418212890629 23.052125930786136 21.725830841064454 26.277665710449224 24.783003997802737 23.675042947266444 32.293060301655281 23.290289878845218 22.603838952580329 23.276631355285648 11.500000000000002 10.472845000000001 25.880230903625492 23.952328681945804 27.711486816406254 24.57852935791016 -0.41319847106933588 25.704721450805668 29.486070632934574 23.8373556137085 22.080404281616214 3.3053439999999998 23.430166244506839 15.500000000000002 25.070789337158207 23.794483184814457
decision_type=2 2 2 2 2 2 2 2 2 2 2 2 2 2 2 2 2 2 2 2 2 2 2 2 2 10 2 2 2 2
left_child=2 3 6 8 14 12 25 16 13 -7 -6 23 -4 -2 22 -16 -5 -9 -19 -15 -18 -17 -3 -11 -8 -1 -13 -28 -10 -30
right_child=1 4 5 7 10 9 24 17 28 11 -12 26 -14 19 15 21 20 18 -20 -21 -22 -23 -24 -25 -26 -27 27 -29 29 -31
leaf_value=-0.027546183966030792 -0.0015201833842526911 0.054838933968301272 -0.015119163211125978 0.020064667523862063 0.084999625296365205 -0.0052333926468592744 -0.020584329840586536 0.010808869512984529 0.01279207652598343 0.04310254778712988 0.10642232885166091 -0.0049845352196885694 -0.0093212721803157244 0.0062636932069379458 0.023454249435890234 0.078635661511317539 0.055241398662328717 0.033188688397528344 0.046491642103121594 0.011831664472069511 0.026390027331862097 0.044130918236582405 0.072618822334176394 0.01134372256847564 -0.016475200504559719 -0.0039103331078182571 0.0027218816327853656 -0.0086785388531837055 -0.0017331107209126154 0.019092993350856412
leaf_weight=1972 244 221 1160 1041 140 1926 1933 32 800 20 147 310 1840 1459 48 23 20 821 123 832 537 28 59 40 1326 22 1060 94 27 659
leaf_count=1972 244 221 1160 1041 140 1926 1933 32 800 20 147 310 1840 1459 48 23 20 821 123 832 537 28 59 40 1326 22 1060 94 27 659
internal_value=1.68079e-07 0.0218943 -0.0135838 0.0168092 0.0722493 -0.00665564 -0.0220908 0.0269914 0.0102912 -0.00238826 0.0959722 0.00120735 -0.0115631 0.00734191 0.054285 0.0421221 0.0226305 0.0341314 0.034922 0.00828576 0.027426 0.0596919 0.0585854 0.02193 -0.0189124 -0.0272854 0.000358064 0.00179325 0.0153224 0.0182733
internal_weight=18964 7261 11703 6595 666 6450 5253 2574 4021 3450 287 1524 3000 2535 379 99 1598 976 944 2291 557 51 280 60 3259 1994 1464 1154 1486 686
internal_count=18964 7261 11703 6595 666 6450 5253 2574 4021 3450 287 1524 3000 2535 379 99 1598 976 944 2291 557 51 280 60 3259 1994 1464 1154 1486 686
is_linear=0
shrinkage=0.03


Tree=32
num_leaves=31
num_cat=0
split_feature=48 48 48 48 48 18 48 18 49 18 49 18 56 17 48 53 17 46 52 46 53 50 50 18 21 54 6 53 54 52
split_gain=5898.19 1916.3 753.58 390.228 364.402 122.591 107.776 55.9043 50.4328 39.1223 34.3142 30.9864 19.4371 18.9549 18.3902 18.0198 17.8236 17.7542 21.8938 16.4292 15.9809 15.6767 15.5514 15.5229 14.382 14.2243 14.0587 13.9697 14.114 12.5393
threshold=24.036989212036136 27.425601768493657 22.460111617777837 30.197082900847661 25.357082939147954 23.037331581115726 21.725830841064454 25.976819038391117 24.643437004330814 31.428276062011722 23.411007022857671 28.458469390869144 0.65568923950195324 0.91406800000000021 22.119951248168949 1.8959412000802069 0.93893950000000026 25.871961593627933 1.4061120758328449 24.5092306137085 1.1519340848350235 23.288110160858889 25.909075117134645 24.927285194396976 25.63125038146973 0.75519512204961625 15.500000000000002 0.32440975391439025 0.79014199330266799 1.0786263104494009
decision_type=2 2 2 2 2 2 2 2 2 2 2 2 2 8 2 2 10 2 2 2 2 2 2 2 2 2 2 2 2 2
left_child=2 4 6 11 8 -4 -1 -6 17 -5 19 16 22 -14 -8 23 -3 18 -2 -7 -13 -21 -9 29 25 -24 27 -12 -29 -10
right_child=1 3 5 9 7 10 14 12 15 -11 26 20 13 -15 -16 -17 -18 -19 -20 21 -22 -23 24 -25 -26 -27 -28 28 -30 -31
leaf_value=-0.026378605894816831 0.0065086454605293147 0.045981270122578938 -0.010830578756948145 0.07415469540999485 0.020665437266724537 -0.0062514326713640775 -0.019755185295159641 0.022375631062769071 0.011297129436130914 0.098912033187140008 -0.001015899556211997 0.06114894829609472 0.03540357099455451 0.068380896449089054 -0.015502809247277352 0.041222375248159679 0.024528444187715649 0.019145666214504413 -0.017128371271149564 0.022985275279391894 0.034625283338777395 -0.0015449712632430925 0.030745202316479245 0.015957920818101184 0.029787732397657071 0.065263501576014918 -0.0077726644545664325 0.0064298224062460611 -0.0033644485041389571 -0.0065039261490912048
leaf_weight=2025 1734 271 2481 78 1259 1523 1950 266 951 218 1090 184 62 21 1725 21 40 98 36 33 23 81 22 981 791 21 173 599 170 37
leaf_count=2025 1734 271 2481 78 1259 1523 1950 266 951 218 1090 184 62 21 1725 21 40 98 36 33 23 81 22 981 791 21 173 599 170 37
internal_value=1.63088e-07 0.0215934 -0.0129631 0.06491 0.0159966 -0.00567979 -0.0208213 0.0250654 0.0102563 0.0923881 -0.0021968 0.0492082 0.0297481 0.0437472 -0.0177592 0.0135796 0.0432221 0.00671608 0.00602789 -0.00542918 0.0582019 0.00555589 0.0286918 0.0132847 0.0307063 0.047603 0.000407237 0.00116847 0.00426464 0.0106305
internal_weight=18964 7114 11850 814 6300 6150 5700 2442 3858 296 3669 518 1183 83 3675 1990 311 1868 1770 1637 207 114 1100 1969 834 43 2032 1859 769 988
internal_count=18964 7114 11850 814 6300 6150 5700 2442 3858 296 3669 518 1183 83 3675 1990 311 1868 1770 1637 207 114 1100 1969 834 43 2032 1859 769 988
is_linear=0
shrinkage=0.03


Tree=33
num_leaves=31
num_cat=0
split_feature=48 48 48 48 48 18 48 18 49 20 51 18 53 48 56 16 25 19 56 54 14 16 46 3 14 50 21 54 56 46
split_gain=5549.6 1803.05 709.062 367.166 343.025 111.391 104.3 55.934 45.0299 36.9175 34.4803 29.4887 20.0218 18.4985 18.3222 29.2008 18.3702 17.0735 16.7475 18.9297 15.7368 17.341 15.609 15.5576 15.3014 14.7372 13.532 13.3836 13.1605 14.8804
threshold=24.036989212036136 27.425601768493657 22.477408409306154 30.197082900847661 25.323614501828128 23.037331581115726 21.725830841064454 25.976819038391117 24.525986576104497 32.335674285888679 23.506762727010749 27.941645622253425 1.6946600531907181 22.119951248168949 0.65568923950195324 -1.1375825000000002 26.115293502807621 24.932677268981937 1.5284700393676742 1.1992826704856399 0.83502133836730297 -1.6851744999999994 25.871961593627933 3.1661955000000006 2.9491171553909452 25.909075117134645 25.63125038146973 0.75519512204961625 0.0910282135009748 25.871961593627933
decision_type=2 2 2 2 2 2 2 2 2 2 2 2 2 2 2 8 2 2 2 2 8 10 2 2 8 2 2 2 2 2
left_child=2 4 6 11 8 -4 -1 -6 18 24 -7 23 17 -8 25 -16 -17 -10 19 22 -13 -22 -2 -3 -5 -9 27 -27 -12 -30
right_child=1 3 5 9 7 10 13 14 12 -11 28 20 -14 -15 15 16 -18 -19 -20 -21 21 -23 -24 -25 -26 26 -28 -29 29 -31
leaf_value=-0.025587247759531494 0.0052237959242471361 0.042676882988214496 -0.010433982076638036 0.099917023273614736 0.019881003903403315 -0.0050996344748900331 -0.019162529738741711 0.021698416399338574 0.0098021403454935496 0.10021127251354424 -0.00096524654196214954 0.07280755617401817 0.034984727452908239 -0.014945060831824472 0.023534302622652967 0.078571909449317232 0.039803172091699458 0.015076130090336913 0.03013323339521885 -0.015527881041757369 0.055196492268832408 0.03850183503273874 0.019846357450720539 0.021407954810464827 0.074568622859775044 0.029822846231135455 0.028894100172395725 0.063305596645389275 0.0035423227956840075 0.029265676790050096
leaf_weight=2025 1374 150 2407 26 1331 1795 1950 268 1258 148 1293 33 35 1800 39 22 22 985 25 38 221 75 69 39 122 22 791 21 559 21
leaf_count=2025 1374 150 2407 26 1331 1795 1950 268 1258 148 1293 33 35 1800 39 22 22 985 25 38 221 75 69 39 122 22 791 21 559 21
internal_value=1.58187e-07 0.0209456 -0.0125742 0.0629627 0.0155167 -0.00541922 -0.0201008 0.0241016 0.00980859 0.0896165 -0.00212845 0.047732 0.0124695 -0.0171381 0.0288422 0.0424348 0.0591875 0.0121182 0.00578364 0.00537261 0.0531572 0.0509664 0.005923 0.0382881 0.0790217 0.0278184 0.0297851 0.0461749 0.000718993 0.00447369
internal_weight=18964 7114 11850 814 6300 6075 5775 2516 3784 296 3668 518 2278 3750 1185 83 44 2243 1506 1481 329 296 1443 189 148 1102 834 43 1873 580
internal_count=18964 7114 11850 814 6300 6075 5775 2516 3784 296 3668 518 2278 3750 1185 83 44 2243 1506 1481 329 296 1443 189 148 1102 834 43 1873 580
is_linear=0
shrinkage=0.03


Tree=34
num_leaves=31
num_cat=0
split_feature=9 9 9 48 18 9 18 50 9 29 20 24 48 50 9 18 9 7 18 56 7 26 48 56 9 24 6 55 9 29
split_gain=5241.64 1722.39 640.946 368.288 306.123 116.429 85.3493 65.5051 56.3293 33.3891 32.3968 30.826 22.6563 21.2021 21.2006 20.3114 17.8553 16.7086 16.35 15.8576 15.707 15.6682 15.4214 15.0905 15.0653 14.5553 13.6934 17.7812 12.8248 13.3764
threshold=23.94834136962891 27.681832313537601 22.548346519470218 25.357082939147954 30.254060745239261 21.770780563354496 23.335463523864746 26.165571069698245 24.813960075378422 24.864434242248539 32.335674285888679 22.997415542602543 22.266011809740238 23.327745199211304 22.919258117675785 27.287329673767093 26.339530944824222 50.500000000000007 29.014486314812014 0.24096012115478518 41.500000000000007 23.59543609619141 24.298202324055669 -0.41319847106933588 21.254704474621587 25.956556321838384 15.500000000000002 0.40999879070812995 25.880230903625492 24.140671728706057
decision_type=2 2 2 2 2 2 2 2 2 2 2 2 2 2 2 2 2 2 2 2 2 2 2 2 2 2 2 2 2 2
left_child=2 3 5 8 9 24 14 20 22 -3 23 -10 -7 -8 -4 19 21 -17 -11 -9 28 -13 -2 -6 -1 -21 27 -15 -5 -30
right_child=1 4 6 7 10 12 13 15 11 18 -12 16 -14 26 -16 17 -18 -19 -20 25 -22 -23 -24 -25 -26 -27 -28 -29 29 -31
leaf_value=-0.028093061450144483 0.003896828679236537 0.010931106167180196 -0.010942346410681191 0.019331431034985417 0.054327046166766771 -0.017746345510806262 -0.0057111258883084754 0.025947392818748822 -0.021410939798436383 0.045696016611156305 0.097204931781098639 0.0023400575592007378 -0.013099018992692203 -0.001512201282814438 -0.0059899611263453225 0.043000720665108835 0.031634327620267869 0.016497244120761752 0.058314318848980792 0.056715079809610658 0.014767279935318713 0.014569034222055974 0.0087171643380600378 0.081337855980415971 -0.022773795656765232 0.032424786320648546 -0.0074539720390607864 0.0048216584698252416 0.04887120240113952 0.024802125819353385
leaf_weight=675 1067 21 1369 670 22 2299 545 702 22 293 148 101 1602 744 1802 149 52 25 135 26 381 1420 1357 121 1652 152 155 860 22 375
leaf_count=675 1067 21 1369 670 22 2299 545 702 22 293 148 101 1602 744 1802 149 52 25 135 26 381 1420 1357 121 1652 152 155 860 22 375
internal_value=1.53393e-07 0.0200237 -0.0124232 0.0151016 0.0633977 -0.0190059 -0.00493523 0.0241375 0.00947634 0.047864 0.0873657 0.0138547 -0.0158379 -0.000540964 -0.00812803 0.0298271 0.014348 0.0391927 0.0496761 0.0279753 0.0199961 0.013757 0.00659534 0.0771823 -0.0243168 0.0359728 0.00106093 0.00188376 0.0218632 0.0261359
internal_weight=18964 7261 11703 6521 740 6228 5475 2502 4019 449 291 1595 3901 2304 3171 1054 1573 174 428 880 1448 1521 2424 143 2327 178 1759 1604 1067 397
internal_count=18964 7261 11703 6521 740 6228 5475 2502 4019 449 291 1595 3901 2304 3171 1054 1573 174 428 880 1448 1521 2424 143 2327 178 1759 1604 1067 397
is_linear=0
shrinkage=0.03


Tree=35
num_leaves=31
num_cat=0
split_feature=9 19 9 9 48 49 9 49 49 18 19 9 28 47 55 7 21 7 18 9 53 47 9 31 6 50 54 6 46 41
split_gain=4931.86 1622.42 603.938 349.402 283.038 119.487 77.2274 74.8751 45.7427 33.4434 29.63 28.8913 25.8911 23.8235 20.8451 69.1747 27.0614 22.7487 15.1646 12.9191 14.3424 12.8374 12.7615 14.3098 19.8048 23.226 12.7033 12.6487 12.6164 17.99
threshold=23.94834136962891 27.711486816406254 22.352839469909672 25.277787208557132 30.197082900847661 23.078146743923586 26.027995109558109 21.73947448730469 24.360865974426272 31.428276062011722 23.447838783264164 28.452870368957523 23.774384498596195 23.162712097167972 1.6797837711283303 44.500000000000007 24.059076309204105 22.500000000000004 25.016545294465335 22.064377784729007 1.0457167536228291 25.416500091552738 26.633753776550297 24.278692245483402 9.5000000000000018 25.909075117134645 0.42390623626470009 15.500000000000002 24.741434098227547 24.628669740261234
decision_type=2 2 2 2 2 2 2 2 2 2 2 2 2 2 2 2 2 2 2 2 2 2 2 2 2 2 2 2 2 2
left_child=2 3 7 8 11 13 12 -1 21 -6 -7 -3 -5 -4 16 17 -8 -16 -10 20 -9 -2 -18 -24 -25 -26 -23 -12 -15 -30
right_child=1 4 5 6 9 10 14 19 18 -11 27 -13 -14 28 15 -17 22 -19 -20 -21 -22 26 23 24 25 -27 -28 -29 29 -31
leaf_value=-0.024186735861326157 0.0031750350237783119 0.039623663527252634 -0.011882960563730503 -0.0005807209544582292 0.067470590036648972 -0.0050651265331284091 -0.0014387807288560373 -0.018063178305113548 0.009389705264608212 0.090360631122501617 0.00119299578742288 0.055124471379676833 0.018908719743736778 -0.0065649568732063859 0.04517547819925391 -0.0015014562048017977 0.025304072729957158 0.088362451529662517 0.01446830858579758 -0.014613033196394726 -0.037183622668186825 0.030042819872614927 0.050405966357930619 0.039257313998568119 0.0073749308485318629 0.029574476789816149 0.0067687069480082077 -0.0076580043622942748 0.025529049821197986 -0.012010495886206627
leaf_weight=1991 1188 248 2243 64 78 1691 29 1836 1641 218 1688 192 1480 622 23 20 700 21 781 1390 36 32 34 147 51 252 62 159 27 20
leaf_count=1991 1188 248 2243 64 78 1691 29 1836 1641 218 1688 192 1480 622 23 20 700 21 781 1390 36 32 34 147 51 252 62 159 27 20
internal_value=1.48805e-07 0.019423 -0.0120505 0.0146603 0.0616466 -0.00590028 0.022615 -0.0196022 0.00860184 0.0843288 -0.00219587 0.0463877 0.0181009 -0.010401 0.028073 0.0447597 0.0271926 0.0657874 0.0110274 -0.016804 -0.0184309 0.00401948 0.0278939 0.0316395 0.0302216 0.0258379 0.0146918 0.000431053 -0.00543248 0.00955478
internal_weight=18964 7261 11703 6525 736 6450 2821 5253 3704 296 3538 440 1544 2912 1277 64 1213 44 2422 3262 1872 1282 1184 484 450 303 94 1847 669 47
internal_count=18964 7261 11703 6525 736 6450 2821 5253 3704 296 3538 440 1544 2912 1277 64 1213 44 2422 3262 1872 1282 1184 484 450 303 94 1847 669 47
is_linear=0
shrinkage=0.03


Tree=36
num_leaves=31
num_cat=0
split_feature=9 9 18 49 18 9 9 18 18 9 18 19 23 17 33 21 9 19 3 10 7 18 9 8 26 30 21 14 6 9
split_gain=4642.8 1406.04 752.581 278.83 233.021 142.557 79.5685 61.1945 34.5295 28.8702 25.3975 23.9366 21.7781 21.5888 18.2568 17.8721 17.4573 17.3776 16.827 18.3911 15.8263 15.5381 17.368 14.5276 14.2318 13.8811 12.9239 12.4894 18.0131 13.2021
threshold=24.239990234375004 27.933975219726566 22.826873779296879 25.763342666735358 30.254060745239261 21.925212860107425 23.537122726440433 24.927285194396976 27.287329673767093 32.293060301655281 21.453953742980961 22.356134414672855 24.838911056518558 2.4848370000000006 22.748940467834476 23.367691993713382 26.339530944824222 26.758958816528324 0.33264700000000008 2.5000000000000004 52.500000000000007 23.951406478881839 25.802339553833011 1.5000000000000002 23.036865234375004 26.659757614135742 27.530233383178714 0.76551191591523515 11.500000000000002 29.008979797363285
decision_type=2 2 2 2 2 2 2 2 2 2 2 2 2 10 2 2 2 2 2 2 2 2 2 2 2 2 2 8 2 2
left_child=2 3 5 7 17 10 14 21 16 -6 -1 -7 18 15 -4 -9 26 -3 19 -8 -10 -2 -23 -16 -20 -17 -5 -19 29 -29
right_child=1 4 6 8 9 11 12 13 20 -11 -12 -13 -14 -15 23 25 -18 27 24 -21 -22 22 -24 -25 -26 -27 -28 28 -30 -31
leaf_value=-0.024645449571519106 0.0016837257453880738 0.026093356475672302 -0.0094880591857308145 0.021254316928232098 0.072741237680811976 -0.015413980792038942 0.0056177665837776275 -0.012294004123125757 0.039308243913174133 0.091674197547289796 -0.019204321230397833 -0.010884385617278884 0.011440388438530093 0.045118026249110696 0.00045181995143973045 0.01515810450288581 0.028702709491531687 0.067416131917772626 -0.0075560838113407315 0.030543238160200412 0.014551998030107755 0.0086506042503066219 0.025342474163606247 -0.0051430537707423734 0.0012574283584584486 0.03301995980707579 0.041282196596264836 0.044196779439942199 0.029497852390632032 0.057732299421284647
leaf_weight=1386 288 34 663 868 143 2106 238 21 219 147 1743 2094 215 22 543 1859 552 29 184 30 26 1715 58 1810 1588 40 30 156 46 111
leaf_count=1386 288 34 663 868 143 2106 238 21 219 147 1743 2094 215 22 543 1859 552 29 184 30 26 1715 58 1810 1588 40 30 156 46 111
internal_value=1.44353e-07 0.0208867 -0.0105492 0.0160658 0.0621325 -0.016767 -0.00190375 0.0117474 0.0262643 0.0823383 -0.0216145 -0.0131557 0.00235897 0.0155686 -0.00509091 0.01523 0.0245042 0.0465482 0.00140186 0.00840793 0.0366811 0.0081468 0.00919664 -0.00385193 0.000342256 0.0155343 0.0219234 0.0485817 0.0468367 0.0498239
internal_weight=18964 6364 12600 5698 666 7329 5271 4003 1695 290 3129 4200 2255 1942 3016 1920 1450 376 2040 268 245 2061 1773 2353 1772 1899 898 342 313 267
internal_count=18964 6364 12600 5698 666 7329 5271 4003 1695 290 3129 4200 2255 1942 3016 1920 1450 376 2040 268 245 2061 1773 2353 1772 1899 898 342 313 267
is_linear=0
shrinkage=0.03


Tree=37
num_leaves=31
num_cat=0
split_feature=48 48 48 48 48 48 48 18 49 18 48 18 53 8 16 39 56 54 56 16 18 6 34 52 14 14 3 46 16 52
split_gain=4359.06 1415.7 558.191 286.938 269.596 102.883 63.1878 45.0423 35.6914 30.1518 24.186 23.8819 18.9245 18.2853 21.3229 17.0014 15.3298 16.3917 15.2727 27.0383 15.0161 14.9855 15.8663 14.5225 14.0145 15.5462 13.5027 12.6389 12.4907 12.4736
threshold=24.036989212036136 27.425601768493657 22.620424079895024 30.197082900847661 25.323614501828128 21.725830841064454 23.344745254516607 25.976819038391117 24.506718730810061 31.428276062011722 22.266011809740238 27.941645622253425 1.6946600531907181 1.5000000000000002 -3.7087264999999996 23.342441558837894 1.5284700393676742 1.1992826704856399 0.65568923950195324 -1.1375825000000002 25.105989456176761 15.500000000000002 22.31109714508057 1.1554441099334991 0.83502133836730297 3.9742757699948794 3.1661955000000006 25.871961593627933 3.3053439999999998 1.6599892834646715
decision_type=2 2 2 2 2 2 2 2 2 2 2 2 2 2 8 2 2 2 2 8 2 2 2 2 8 8 2 2 10 2
left_child=2 4 5 11 8 28 13 -6 16 -5 -7 26 20 14 15 -4 17 27 29 -20 23 22 -8 -10 -13 -26 -3 -2 -1 -9
right_child=1 3 6 9 7 10 21 18 12 -11 -12 24 -14 -15 -16 -17 -18 -19 19 -21 -22 -23 -24 -25 25 -27 -28 -29 -30 -31
leaf_value=-0.022949519336532338 0.0044517073544993986 0.037920314671844244 0.036039927518400156 0.063350139294679336 0.01757621936958037 -0.016311356100227891 -0.013143318599809151 0.025188888516922504 0.0094798049079902452 0.08508457621303174 -0.011763741461533936 0.065756565820087085 0.032862056592745437 -0.0079350672906957718 -0.0036688468645983408 0.00063117671507195781 0.028735374687239527 -0.01488027749779193 0.019840546536904112 0.054148222212256354 0.014588041999643401 -0.0081568199192605367 0.00080764468948614 -0.01505502725020051 0.035144770371286493 0.049871921511505962 0.018105754709014522 0.018005673308140385 -0.00022081456401131368 0.004543545949790213
leaf_weight=2003 1306 150 23 78 1331 2700 76 1075 1664 218 1725 33 35 2534 417 26 24 38 39 44 630 205 2119 22 95 201 39 65 22 27
leaf_count=2003 1306 150 23 78 1331 2700 76 1075 1664 218 1725 33 35 2534 417 26 24 38 39 44 630 205 2119 22 95 201 39 65 22 27
internal_value=1.40045e-07 0.0185634 -0.0111441 0.0557947 0.0137529 -0.0171017 -0.00402809 0.0213637 0.00869247 0.0793573 -0.0145386 0.0423304 0.0109672 -0.00693068 -0.00146906 0.0172516 0.00496057 0.00455561 0.0256178 0.0380277 0.0106363 -0.000399851 0.000324605 0.00915966 0.0472127 0.0451453 0.0338316 0.00509431 -0.0227026 0.0246831
internal_weight=18964 7114 11850 814 6300 6450 5400 2516 3784 296 4425 518 2351 3000 466 49 1433 1409 1185 83 2316 2400 2195 1686 329 296 189 1371 2025 1102
internal_count=18964 7114 11850 814 6300 6450 5400 2516 3784 296 4425 518 2351 3000 466 49 1433 1409 1185 83 2316 2400 2195 1686 329 296 189 1371 2025 1102
is_linear=0
shrinkage=0.03


Tree=38
num_leaves=31
num_cat=1
split_feature=48 48 48 48 48 18 49 18 49 48 51 18 53 12 44 0 28 17 18 45 53 56 25 18 8 29 6 53 6 26
split_gain=4101.44 1332.03 525.54 269.98 253.703 87.41 75.7093 40.124 35.6384 28.7467 26.0551 22.8424 15.5262 15.4237 18.1686 15.0106 19.2948 14.1944 14.1099 13.6587 13.4106 13.2228 24.4059 13.2168 13.1304 12.6209 12.4187 12.3159 12.0914 19.8822
threshold=24.036989212036136 27.425601768493657 22.460111617777837 30.197082900847661 25.357082939147954 23.037331581115726 21.73947448730469 26.129032132893069 24.643437004330814 32.343348694069348 23.675042947266444 28.458469390869144 1.8959412000802069 1.5000000000000002 24.301179885864261 0 23.203430175781254 0.93893950000000026 22.080693244934086 23.623627662658695 1.1519340848350235 0.65568923950195324 26.115293502807621 23.5411491394043 1.5000000000000002 24.244905471801761 8.5000000000000018 0.53194087505996035 14.500000000000002 26.025567054748539
decision_type=2 2 2 2 2 2 2 2 2 2 2 2 2 2 2 9 2 10 2 2 2 2 2 2 2 2 2 2 2 2
left_child=2 4 6 11 8 -4 -1 -6 15 26 -7 17 23 14 -9 19 -17 -3 -8 24 -13 25 -23 -10 -2 -16 -5 -26 29 -15
right_child=1 3 5 9 7 10 18 13 12 -11 -12 20 -14 28 21 16 -18 -19 -20 -21 -22 22 -24 -25 27 -27 -28 -29 -30 -31
leaf_value=-0.022029944427539076 0.0269362534157617 0.03838317635752659 -0.0090768673285774228 0.087380481660366049 0.017761576892263802 -0.0039030809103641931 -0.016638978173571597 0.006444812059926335 -0.013192856524139642 0.086325632204880584 0.0012330997898970964 0.051482053203508259 0.037003229801942199 0.068603432433945788 0.0025680786889532336 -0.011631846086255141 0.0045677607583075909 0.019238632986322043 -0.012920836743257634 0.0071509137224532527 0.027184756158486655 0.065031258421284807 0.022863203354179858 0.011319546263310202 -0.011288033392746 0.025122653529778414 0.063804278097325764 0.016732302076998166 0.021665155753493308 0.03270727703370517
leaf_weight=2025 71 271 2481 24 1463 2157 1863 48 20 148 1512 184 21 21 23 70 1210 40 1812 449 23 21 30 1949 20 765 124 48 30 41
leaf_count=2025 71 271 2481 24 1463 2157 1863 48 20 148 1512 184 21 21 23 70 1210 40 1812 449 23 21 30 1949 20 765 124 48 30 41
internal_value=1.35813e-07 0.0180065 -0.0108098 0.0541209 0.0133403 -0.00472751 -0.0173722 0.0209073 0.00855065 0.0769765 -0.00178645 0.0410605 0.0113442 0.0256082 0.0243955 0.00557462 0.0036533 0.0359209 -0.0148057 0.00953282 0.0487824 0.0254225 0.0402265 0.0110706 0.0179127 0.0244643 0.0676274 0.00849103 0.0373003 0.0448657
internal_weight=18964 7114 11850 814 6300 6150 5700 2442 3858 296 3669 518 1990 979 887 1868 1280 311 3675 588 207 839 51 1969 139 788 148 68 92 62
internal_count=18964 7114 11850 814 6300 6150 5700 2442 3858 296 3669 518 1990 979 887 1868 1280 311 3675 588 207 839 51 1969 139 788 148 68 92 62
cat_boundaries=0 1
cat_threshold=10880
is_linear=0
shrinkage=0.03


Tree=39
num_leaves=31
num_cat=0
split_feature=9 19 9 9 48 9 19 48 9 9 9 52 55 48 28 16 28 52 6 48 48 17 7 14 26 46 55 54 7 6
split_gain=3886.15 1274.03 476.023 279.354 221.968 86.8705 63.4238 62.553 40.54 33.0829 23.8478 18.4525 18.4229 17.4442 17.106 16.1209 15.5744 15.1452 13.8334 12.6948 12.5235 12.4554 12.0393 11.1688 11.0843 14.6212 10.8333 16.1696 13.4116 12.2358
threshold=23.94834136962891 27.711486816406254 22.548346519470218 25.610674858093265 31.421253967285161 21.750844955444339 23.447838783264164 24.783003997802737 29.008979797363285 26.339530944824222 22.919258117675785 1.6599892834646715 1.6797837711283303 22.119951248168949 25.174201965332035 -0.33619750000000032 23.276631355285648 0.72036257936428771 16.500000000000004 21.21093788117139 26.227884483337409 -0.99842799999999998 38.500000000000007 0.83502133836730297 24.642268180847172 23.536302566528324 0.48274197861632456 0.34092790347289464 46.500000000000007 8.5000000000000018
decision_type=2 2 2 2 2 2 2 2 2 2 2 2 2 2 2 8 2 2 2 2 2 8 2 8 2 2 2 2 2 2
left_child=2 3 5 7 8 19 10 16 23 14 -4 12 21 -7 22 -14 -2 -10 24 -1 -9 -11 -5 -3 -8 -26 29 28 -28 -18
right_child=1 4 6 9 -6 13 18 20 17 11 -12 -13 15 -15 -16 -17 26 -19 -20 -21 -22 -23 -24 -25 25 -27 27 -29 -30 -31
leaf_value=-0.025597607652016449 -0.0018339997739224743 0.058739429175853723 -0.0096947899066873299 0.016880244856039364 0.07972653885950913 -0.015989636213171406 -0.00027451318820296769 0.012299535670872651 0.057173177222410838 0.033822544483727839 -0.0046516637545862358 0.005822707017262777 0.028533656533275331 -0.011976246140138647 0.02088790423406528 0.065706073492765429 0.014353500194847584 0.03080457542091608 -0.014183533781097601 -0.019955237082643497 0.025582011078288565 0.024654926971974547 0.002831024472766063 0.035565751592360743 0.023040598798997516 0.0031998577588096323 0.014346077534659154 0.007623847142398576 0.042326368074864146 0.0036532282377694891
leaf_weight=448 228 20 1390 155 222 1711 1656 1995 180 172 2148 36 21 2265 930 21 105 22 59 1804 66 594 85 292 41 181 58 893 21 1145
leaf_count=448 228 20 1390 155 222 1711 1656 1995 180 172 2148 36 21 2265 930 21 105 22 59 1804 66 594 85 292 41 181 58 893 21 1145
internal_value=1.31726e-07 0.0172413 -0.010697 0.0130208 0.0546578 -0.0163699 -0.00424386 0.00887318 0.0438305 0.0223108 -0.00663299 0.0268379 0.0277742 -0.0137033 0.0190452 0.0471199 0.00563303 0.0543013 0.000119988 -0.0210777 0.0127249 0.0267135 0.0119045 0.0370512 0.000569353 0.00686414 0.00639923 0.00877471 0.0217839 0.00455205
internal_weight=18964 7261 11703 6525 736 6228 5475 4511 514 2014 3538 844 808 3976 1170 42 2450 202 1937 2252 2061 766 240 312 1878 222 2222 972 79 1250
internal_count=18964 7261 11703 6525 736 6228 5475 4511 514 2014 3538 844 808 3976 1170 42 2450 202 1937 2252 2061 766 240 312 1878 222 2222 972 79 1250
is_linear=0
shrinkage=0.03


Tree=40
num_leaves=31
num_cat=1
split_feature=9 9 9 49 48 9 49 9 21 9 48 23 17 9 21 6 25 6 6 6 0 36 54 41 17 53 40 29 9 16
split_gain=3657.94 1103.88 593.684 219.11 183.16 129.474 50.6614 47.6214 29.7804 26.7757 25.6393 23.6869 22.7107 21.2489 17.0208 15.5453 15.6399 14.5588 14.1922 13.3592 19.928 13.0039 12.8302 12.2389 11.8865 11.5654 11.184 10.6771 10.616 10.5293
threshold=24.239990234375004 27.933975219726566 22.919258117675785 25.763342666735358 31.421253967285161 21.925212860107425 23.749592781213138 25.188035964965824 29.592650413513187 26.561666488647464 22.414015770038088 23.295779228210453 2.0772625000000002 21.372426986694339 27.530233383178714 10.500000000000002 27.80189418792725 16.500000000000004 13.500000000000002 10.500000000000002 0 25.659426690952152 1.1357041280018021 29.511158943176273 2.0772625000000002 0.59988657968480841 24.419768333435062 26.485715866088871 32.756839752197273 -1.5390174999999988
decision_type=2 2 2 2 2 2 2 2 2 2 2 2 10 2 2 2 2 2 2 2 9 2 2 2 10 2 2 2 2 10
left_child=2 3 5 7 8 13 -4 19 15 14 -7 -9 27 -1 24 23 29 21 -16 -2 -21 22 -8 -3 -5 -10 -23 -13 -6 -17
right_child=1 4 6 9 28 10 17 11 25 -11 -12 12 -14 -15 18 16 -18 -19 -20 20 -22 26 -24 -25 -26 -27 -28 -29 -30 -31
leaf_value=-0.022519302777403501 0.01095096954763692 0.040827623959904642 -0.0036251406002912752 0.020304522204156298 0.072742825454513493 -0.013553135886414894 0.0028707634429909544 -0.0089969866299951396 0.059658360284354006 0.028563959709250637 -0.0090619406884185801 0.014276891637099019 0.038197222319676684 -0.017377923262486987 0.055877500501545996 0.0075668692357581226 0.040374098376611649 -0.016260332018136977 0.022518848134204746 0.0087117114940009517 0.0016857680156702744 0.02973306441369156 -0.010709724250464485 0.060383482151909883 -0.0014971198206362515 0.034891881778836245 0.0075696312195676204 0.031056420219796044 0.086707290231365045 0.031709989607334135
leaf_weight=1125 865 119 2956 1050 149 2292 1703 37 112 576 2284 1373 38 2027 22 29 89 36 24 1084 571 27 65 38 23 20 85 35 73 37
leaf_count=1125 865 119 2956 1050 149 2292 1703 37 112 576 2284 1373 38 2027 22 29 89 36 24 1084 571 27 65 38 23 20 85 35 73 37
internal_value=1.2782e-07 0.0185395 -0.00936372 0.0142679 0.0550855 -0.0145342 -0.00116221 0.0104398 0.0439609 0.0233085 -0.0113115 0.0147052 0.0153116 -0.019213 0.0206033 0.0389073 0.0321678 0.00263759 0.038473 0.00792962 0.00635048 0.00299946 0.00237148 0.0455609 0.0198372 0.0559059 0.0129126 0.014694 0.0773347 0.0211016
internal_weight=18964 6364 12600 5698 666 7728 4872 4003 444 1695 4576 1483 1446 3152 1119 312 155 1916 46 2520 1655 1880 1768 157 1073 132 112 1408 222 66
internal_count=18964 6364 12600 5698 666 7728 4872 4003 444 1695 4576 1483 1446 3152 1119 312 155 1916 46 2520 1655 1880 1768 157 1073 132 112 1408 222 66
cat_boundaries=0 1
cat_threshold=25218
is_linear=0
shrinkage=0.03


Tree=41
num_leaves=31
num_cat=0
split_feature=49 18 18 18 48 48 49 18 19 53 49 32 19 26 14 49 8 56 41 6 6 46 52 18 53 32 24 7 26 48
split_gain=3425.5 1013.57 595.728 239.271 116.182 106.588 61.2516 42.8129 41.3754 38.5351 22.9829 21.5209 19.7629 19.6025 22.1593 16.6242 15.23 15.1806 15.2289 14.3122 15.1213 15.6285 13.8946 13.6767 13.4439 16.0443 11.5413 11.0922 10.8218 10.7983
threshold=24.360865974426272 28.458469390869144 22.826873779296879 25.764037132263187 31.421253967285161 21.912070465087893 23.526330470875489 27.287329673767093 24.932677268981937 1.355801169640211 26.499545764711428 26.856539726257328 22.356134414672855 25.43283843994141 0.83502133836730297 21.400191784162114 1.5000000000000002 0.31492137908935552 26.731122970581058 14.500000000000002 12.500000000000002 26.261622428894047 0.62833589347471308 23.695405006408695 0.7321673530125824 24.644095420837406 26.390797615051273 42.500000000000007 24.827337265014652 24.692024421691901
decision_type=2 2 2 2 2 2 2 2 2 2 2 2 2 2 8 2 2 2 2 2 2 2 2 2 2 2 2 2 2 2
left_child=2 3 5 8 9 15 -4 17 19 -3 28 -12 -7 -9 -15 -1 29 -5 -19 20 24 -22 -16 -18 -2 -26 -20 -21 -10 -8
right_child=1 4 6 7 -6 12 16 13 10 -11 11 -13 -14 14 22 -17 23 18 26 27 21 -23 -24 -25 25 -27 -28 -29 -30 -31
leaf_value=-0.021714312034525597 0.0073188203776116886 0.04972545552484469 -0.004490666229808319 0.020004894697615926 0.075014700728493755 -0.013458573610396053 0.0054142822953690481 0.00979767880612804 0.0083870006380891565 0.012123415577742788 0.051519022281799054 0.011025984351124082 -0.0094500103230964159 0.063835857307369057 0.036628439297850153 -0.017063004397911676 -0.0032872188380057778 0.023310787160405699 0.05842247026887807 0.0046078964271065257 0.011823947667284682 0.039020007636398076 0.022577240341342984 0.0022021674196314829 -0.021951787004945798 0.0055886460262093134 0.031707138814205345 -0.0079285740732150355 0.013933114224447287 -0.014563757673650979
leaf_weight=1125 939 268 2750 1311 222 2233 936 31 399 27 27 21 2195 22 226 1795 643 147 22 243 387 20 88 1120 32 47 43 86 1534 25
leaf_count=1125 939 268 2750 1311 222 2233 936 31 399 27 27 21 2195 22 226 1795 643 147 22 243 387 20 88 1120 32 47 43 86 1534 25
internal_value=2.88456e-07 0.0184225 -0.00882432 0.0147278 0.0586209 -0.0144056 -0.00133228 0.0234258 0.0103264 0.0462839 0.0132975 0.0338033 -0.0114715 0.0326238 0.0347298 -0.018855 0.00185625 0.0212093 0.0286575 0.00697076 0.00827288 0.0131604 0.0326905 0.000200083 0.00631884 -0.00556697 0.0407493 0.00133089 0.0127883 0.00489456
internal_weight=18964 6142 12822 5625 517 7348 5474 1890 3735 295 1981 48 4428 367 336 2920 2724 1523 212 1754 1425 407 314 1763 1018 79 65 329 1933 961
internal_count=18964 6142 12822 5625 517 7348 5474 1890 3735 295 1981 48 4428 367 336 2920 2724 1523 212 1754 1425 407 314 1763 1018 79 65 329 1933 961
is_linear=0
shrinkage=0.03


Tree=42
num_leaves=31
num_cat=0
split_feature=9 18 9 9 9 9 48 9 25 9 9 51 51 11 27 21 28 10 26 28 52 54 7 53 48 55 54 7 9 9
split_gain=3246.96 1063.51 398.18 235.693 186.276 79.8763 51.7147 50.3285 34.9406 30.2967 27.6835 19.5039 16.3156 15.2043 15.4976 14.3414 14.2788 14.0829 14.8072 13.4404 13.1467 14.565 12.2948 11.3046 14.7132 10.0243 15.1043 12.7575 10.134 9.93768
threshold=23.94834136962891 27.693171501159672 22.352839469909672 25.610674858093265 31.38391208648682 23.052125930786136 24.783003997802737 21.674090385437015 25.428462028503422 29.486070632934574 26.339530944824222 23.377817471715581 22.603838952580329 1.0000000180025095e-35 26.63007736206055 27.530233383178714 25.327033996582035 3.5000000000000004 24.560965538024906 23.276631355285648 1.6599892834646715 1.7377380911442637 38.500000000000007 0.83641066221078797 26.227884483337409 0.48274197861632456 0.34092790347289464 46.500000000000007 24.472604751586918 21.120005607604984
decision_type=2 2 2 2 2 2 2 2 2 2 2 2 2 2 2 2 2 2 2 2 2 2 2 2 2 2 2 2 2 2
left_child=2 3 7 6 8 12 19 29 -3 13 16 -7 -4 14 -10 23 22 -13 -19 -2 21 -12 -5 24 -8 28 27 -27 -21 -1
right_child=1 4 5 10 -6 11 15 -9 9 -11 20 17 -14 -15 -16 -17 -18 18 -20 25 -22 -23 -24 -25 -26 26 -28 -29 -30 -31
leaf_value=-0.024655082669109107 -0.0017857340298053858 0.0047752258926630018 -0.011150256998664379 0.016255528976121009 0.073134703448373986 -0.0044838658567509914 0.011632059437595668 -0.013582680465515081 0.016228710300156046 0.053771583170670524 0.024638454301164851 -0.00052861252786953034 -0.0066072314997066353 0.055138667610130809 0.037393989563186437 0.036877222336828712 0.019321418659407098 0.0046767193680500628 0.029686543789620583 0.0019818564279657034 0.0060565700957720932 0.047464326849350556 0.0031227335494011638 0.0031215850068256256 0.033540543647749083 0.013466926768165209 0.0070354335123416524 0.040756377205252645 0.0075538033785735514 -0.018739432628373215
leaf_weight=300 228 24 1160 179 219 1350 1876 3227 35 138 778 1956 1840 38 282 20 895 118 26 778 33 26 100 140 28 58 893 21 472 1726
leaf_count=300 228 24 1160 179 219 1350 1876 3227 35 138 778 1956 1840 38 282 20 895 118 26 778 33 26 100 140 28 58 893 21 472 1726
internal_value=2.7981e-07 0.0157599 -0.00977759 0.0119038 0.0499456 -0.00478373 0.00809818 -0.0159094 0.0401228 0.0418435 0.0204462 -0.00167057 -0.00836387 0.0372067 0.0350571 0.0115966 0.0174742 0.00013797 0.00919238 0.00515091 0.0246149 0.0253766 0.0115484 0.0113493 0.0119542 0.00586269 0.00814774 0.0207211 0.00408582 -0.0196154
internal_weight=18964 7261 11703 6525 736 6450 4514 5253 517 493 2011 3450 3000 355 317 2064 1174 2100 144 2450 837 804 279 2044 1904 2222 972 79 1250 2026
internal_count=18964 7261 11703 6525 736 6450 4514 5253 517 493 2011 3450 3000 355 317 2064 1174 2100 144 2450 837 804 279 2044 1904 2222 972 79 1250 2026
is_linear=0
shrinkage=0.03


Tree=43
num_leaves=31
num_cat=0
split_feature=9 9 18 9 18 9 9 18 18 21 18 23 27 32 52 5 15 51 29 12 34 15 28 54 32 26 56 22 16 18
split_gain=3055.16 940.622 463.145 196.321 152.885 94.6278 47.6742 44.8967 26.6882 20.98 20.6536 18.5959 16.2263 19.912 22.4022 15.1562 19.8106 14.9799 13.4478 13.134 19.7638 24.6629 15.7101 14.848 12.9936 12.9366 12.4954 11.9866 11.825 11.5806
threshold=24.159819602966312 27.933975219726566 22.826873779296879 25.674401283264164 30.254060745239261 21.983657836914066 23.42381572723389 24.927285194396976 26.347520828247074 21.527136802673343 32.309156419409184 24.838911056518558 26.477287292480472 26.765561103820804 0.57785479348768765 0.33264700000000008 4.8941091934106833 22.539838314040285 25.034514427185062 1.5000000000000002 25.407472610473636 3.2280783466084704 25.174201965332035 1.2656684765438151 21.929118156433109 23.036865234375004 -0.41319847106933588 22.932985305786136 2.9888180000000002 27.693171501159672
decision_type=2 2 2 2 2 2 2 2 2 2 2 2 2 2 2 2 10 2 2 2 2 10 2 2 2 2 2 2 10 2
left_child=2 3 5 7 18 9 24 27 -5 28 26 15 -9 14 -14 16 -8 -7 -3 20 21 23 -22 -10 -4 -17 -6 -2 -1 -24
right_child=1 4 6 8 10 17 11 12 19 -11 -12 -13 13 -15 -16 25 -18 -19 -20 -21 22 -23 29 -25 -26 -27 -28 -29 -30 -31
leaf_value=-0.020128555235438664 -0.0094928399727425804 0.0149282295121388 -0.017475010854389478 0.017572095632926756 0.036567339990288016 -0.011937931906024558 0.0046758803280137935 0.011669580506183606 0.012124821488237516 -0.015102751762472142 0.074573041662877912 0.0097595783020815313 0.020350093383160305 0.0081183284198244401 0.056381094817444681 -0.0070819356771773916 0.035623547136783597 -0.0081502327698443691 0.03910105958383657 0.035401292825522623 0.050174132754856889 0.025577948441372272 0.022723145595328943 -0.022348739796358607 -0.0042798718335091933 0.00036684556541337744 0.062135296165943141 0.006326139642974263 0.0025371362481798445 0.034916532183135
leaf_weight=1532 44 22 69 1116 20 2332 269 1709 22 1867 147 209 41 45 25 239 20 1574 354 92 22 47 521 23 2526 1720 123 2132 21 81
leaf_count=1532 44 22 69 1116 20 2332 269 1709 22 1867 147 209 41 45 25 239 20 1574 354 92 22 47 521 23 2526 1720 123 2132 21 81
internal_value=2.71408e-07 0.016508 -0.00878305 0.0127053 0.0503099 -0.013602 -0.00179499 0.00891446 0.0205785 -0.0172458 0.0666766 0.00120001 0.0123915 0.0235064 0.0339982 0.000404215 0.00681759 -0.0104116 0.0376867 0.024731 0.0233599 0.0103792 0.0252738 -0.005495 -0.00463073 -0.000541913 0.0585594 0.00600627 -0.0198221 0.0243638
internal_weight=18964 6586 12378 5920 666 7326 5052 3996 1924 3420 290 2457 1820 111 66 2248 289 3906 376 808 716 92 624 45 2595 1959 143 2176 1553 602
internal_count=18964 6586 12378 5920 666 7326 5052 3996 1924 3420 290 2457 1820 111 66 2248 289 3906 376 808 716 92 624 45 2595 1959 143 2176 1553 602
is_linear=0
shrinkage=0.03


Tree=44
num_leaves=31
num_cat=0
split_feature=9 19 9 9 48 9 9 9 9 18 28 51 40 55 7 52 7 51 22 53 37 9 14 9 29 52 16 27 31 54
split_gain=2876.58 943.465 353.708 208.225 162.815 70.9605 46.3669 44.5992 30.7303 24.1808 19.6073 18.4803 26.2064 17.1115 61.259 26.8726 22.2411 16.5811 15.9523 13.5938 10.3598 10.2947 9.77921 9.61963 9.48796 10.1424 10.5316 10.9005 9.37715 14.8828
threshold=23.94834136962891 27.711486816406254 22.352839469909672 25.277787208557132 31.421253967285161 23.107328414916996 26.027995109558109 21.674090385437015 29.008979797363285 24.502873420715336 23.601517677307132 23.675042947266444 23.290289878845218 1.6797837711283303 44.500000000000007 1.6599892834646715 22.500000000000004 22.603838952580329 23.629014015197757 0.87852598012458827 26.069572448730472 27.074039459072271 0.83502133836730297 32.756839752197273 25.507610321044925 0.37040313364737748 -3.5535509999999992 26.817831993103031 24.278692245483402 0.90489585516379611
decision_type=2 2 2 2 2 2 2 2 2 2 2 2 2 2 2 2 2 2 2 2 2 2 8 2 2 2 8 2 2 2
left_child=2 3 7 9 8 17 10 -1 22 20 -5 -7 18 15 16 21 -15 -4 -13 -10 -2 -8 -3 -6 -12 -26 -27 -28 -23 -30
right_child=1 4 5 6 23 11 13 -9 19 -11 24 12 -14 14 -16 -17 -18 -19 -20 -21 -22 28 -24 -25 25 26 27 -29 29 -31
leaf_value=-0.018470961952095653 0.0035303320958998846 0.052151233417913313 -0.010484307347522662 -0.0039133661633564366 0.06413141231808886 -0.0034528718109469764 0.020038721378734466 -0.012791998781757194 0.049526613942818272 0.0087647473873958739 0.011921271640074975 0.04247962544113397 0.00029402274551109569 0.036097970499616605 -0.0068434101529419424 -0.01207990830594843 0.07880031887974058 -0.0060144120700751065 0.0095253477270643289 0.024027868004382721 0.018616734477691351 0.046260286867618558 0.03046700670666138 0.077424393810638009 0.014834001605386699 0.013557414341185773 0.023539704350070988 0.045828401076793673 0.029968823248409476 0.011359900012254141
leaf_weight=2026 1664 20 1175 54 149 1736 967 3227 181 1998 693 20 1430 23 20 22 21 2050 39 21 42 21 292 73 608 70 94 25 151 52
leaf_count=2026 1664 20 1175 54 149 1736 967 3227 181 1998 693 20 1430 23 20 22 21 2050 39 21 42 21 292 73 608 70 94 25 151 52
internal_value=2.63257e-07 0.0148338 -0.00920304 0.0112019 0.0470324 -0.00449632 0.0173428 -0.0149823 0.0377593 0.00652493 0.013845 -0.00134966 0.00110244 0.0215719 0.0366905 0.0207742 0.0564786 -0.00764298 0.0206963 0.0468758 0.00390174 0.0213811 0.031857 0.0685025 0.0144886 0.0167209 0.0227908 0.0282222 0.0271762 0.025202
internal_weight=18964 7261 11703 6525 736 6450 2821 5253 514 3704 1544 3225 1489 1277 64 1213 44 3225 59 202 1706 1191 312 222 1490 797 189 119 224 203
internal_count=18964 7261 11703 6525 736 6450 2821 5253 514 3704 1544 3225 1489 1277 64 1213 44 3225 59 202 1706 1191 312 222 1490 797 189 119 224 203
is_linear=0
shrinkage=0.03


Tree=45
num_leaves=31
num_cat=1
split_feature=9 19 9 48 9 9 18 18 9 9 18 27 48 3 9 52 31 25 6 12 35 54 6 6 36 27 0 52 21 20
split_gain=2707.99 794.983 480.637 150.767 139.826 97.0833 45.6179 37.8143 27.5656 22.6591 14.4892 14.0813 12.9841 12.9514 13.4194 12.2263 11.7677 12.819 11.0086 13.6278 15.5048 10.778 14.7892 12.6687 18.6015 10.7372 10.5697 10.5468 13.661 10.4356
threshold=24.347644805908207 27.711486816406254 22.919258117675785 31.421253967285161 25.841992378234867 22.064377784729007 23.426663398742679 24.957457542419437 29.008979797363285 21.372426986694339 26.347520828247074 23.346258163452152 22.873467445373539 0.33264700000000008 23.648101806640629 0.72036257936428771 29.288993835449222 28.622634888703619 14.500000000000002 1.5000000000000002 25.767339706420902 0.44831437079024455 14.500000000000002 12.500000000000002 25.385665893554691 23.686033248901371 0 1.2615107883420882 25.472916603088382 25.987374305725101
decision_type=2 2 2 2 2 2 2 2 2 2 2 2 2 2 2 2 2 2 2 2 2 2 2 2 2 2 9 2 2 2
left_child=2 4 5 8 7 9 -4 25 -3 -1 -6 13 -7 14 -8 -10 17 18 19 27 -21 -13 23 -23 -25 -2 -9 28 -12 -28
right_child=1 3 6 -5 10 12 11 26 15 -11 16 21 -14 -15 -16 -17 -18 -19 -20 20 -22 22 -24 24 -26 -27 29 -29 -30 -31
leaf_value=-0.019484618226286644 0.00037582164040614601 0.031227072905366034 -0.0039975196899228373 0.066447452038929267 0.017327614231256592 -0.010022055913768388 -0.0071519873280670825 0.0026402450177388692 0.048049764172484473 -0.014417596471960899 0.047225487767295397 0.0010531372565994671 -0.0056166018378984691 -0.0043960466886722978 0.023096344125541773 0.024358073165640235 0.042538361176848415 -0.00073009285011461803 0.013870259776012972 0.058868780327694756 0.027297651091856615 0.0032719139396113917 -0.00054727396458125832 0.0088961728026505753 0.02993949817276971 0.0071340310250756159 0.012050209406463454 0.006078490711027576 0.023034815086406799 0.019260100911353058
leaf_weight=1125 245 310 2177 222 841 3157 22 120 180 2702 22 1493 744 466 33 22 27 21 100 21 42 329 292 313 43 1551 1643 31 467 203
leaf_count=1125 245 310 2177 222 841 3157 22 120 180 2702 22 1493 744 466 33 22 27 21 100 21 42 329 292 313 43 1551 1643 31 467 203
internal_value=2.55367e-07 0.0165269 -0.00777608 0.0457991 0.0124988 -0.0125123 -0.000693776 0.00935898 0.0368461 -0.0159071 0.0200128 0.00171086 -0.00918185 -0.00277106 0.010997 0.0454695 0.0231021 0.0223567 0.0230665 0.0246439 0.0378214 0.00265623 0.00510599 0.00751585 0.0114379 0.00621211 0.0122337 0.0230474 0.0241231 0.0127739
internal_weight=18964 6068 12896 734 5334 7728 5168 3762 512 3827 1572 2991 3901 521 55 202 731 704 683 583 63 2470 977 685 356 1796 1966 520 489 1846
internal_count=18964 6068 12896 734 5334 7728 5168 3762 512 3827 1572 2991 3901 521 55 202 731 704 683 583 63 2470 977 685 356 1796 1966 520 489 1846
cat_boundaries=0 1
cat_threshold=1096
is_linear=0
shrinkage=0.03


Tree=46
num_leaves=31
num_cat=0
split_feature=9 9 18 9 18 50 49 9 49 52 29 54 54 18 47 28 8 54 15 7 52 48 24 7 28 47 9 18 17 54
split_gain=2549.74 879.556 262.994 215.996 147.616 49.8661 48.7741 38.8423 29.4048 23.202 23.0857 18.7786 17.9188 17.9104 16.8903 16.7244 16.16 14.7079 14.6445 13.645 13.8178 13.5547 14.4488 14.0524 12.9775 12.0616 11.5307 11.481 11.7836 10.7509
threshold=23.773359298706058 27.681832313537601 22.353454589843754 25.188035964965824 30.254060745239261 26.165571069698245 22.979575729370122 21.561673164367679 24.360865974426272 1.2615107883420882 24.864434242248539 0.52206763908364529 1.7377380911442637 25.932779312133793 25.416500091552738 24.159768104553226 1.5000000000000002 0.26753348184904485 2.9173188419351161 19.500000000000004 0.18461083765590336 23.383413505554206 23.355682373046879 8.5000000000000018 23.346899986267093 23.214979171752933 32.756839752197273 27.941645622253425 1.3559460000000001 1.1992826704856399
decision_type=2 2 2 2 2 2 2 2 2 2 2 2 2 2 2 2 2 2 10 2 2 2 2 2 2 2 2 2 10 2
left_child=2 3 7 8 10 9 25 -1 14 13 -3 26 27 24 -2 -15 19 -16 -11 20 -8 -22 -23 -24 -5 -4 -6 28 -7 -26
right_child=1 4 6 5 11 12 16 -9 -10 18 -12 -13 -14 15 17 -17 -18 -19 -20 -21 21 22 23 -25 29 -27 -28 -29 -30 -31
leaf_value=-0.017874566637721565 0.0016327216122992145 0.0027058451729161399 -0.009071144036778429 -0.004497778407502465 0.059159368276596069 0.020830609886075119 -0.0025275687142512051 -0.012353892952570233 0.0075677329575111318 -0.023879208124708385 0.034922821858231951 0.032793723176233469 0.042687603878679078 0.042914971558749675 0.033171973823784631 0.017624351599862208 -0.003786185280300437 0.007791003685715437 0.0083282174004448775 -0.001994615937089135 0.020754476029119669 -0.012544212781570174 -0.00075768246574120382 0.020786583968755705 0.012251712682628138 -0.003476580430903365 0.07310824018635162 0.035012576725096146 0.0087290671325945934 0.030698514691200749
leaf_weight=1697 1652 21 2037 41 198 869 118 3539 2311 24 428 20 34 25 26 401 2537 98 27 542 73 33 54 55 1458 418 73 47 79 29
leaf_count=1697 1652 21 2037 41 198 869 118 3539 2311 24 428 20 34 25 26 401 2537 98 27 542 73 33 54 55 1458 418 73 47 79 29
internal_value=2.89469e-07 0.0130736 -0.00925571 0.00983871 0.0442029 0.0159028 -0.00489391 -0.0141432 0.00533699 0.0131476 0.033416 0.0608465 0.0212715 0.0136689 0.00243426 0.0191085 -0.00257369 0.0131128 -0.00682822 0.000941863 0.00572136 0.0102487 0.0048478 0.0101133 0.0121524 -0.00811859 0.0629168 0.0205397 0.0198221 0.0126115
internal_weight=18964 7861 11103 7121 740 3034 5867 5236 4087 2005 449 291 1029 1954 1776 426 3412 124 51 875 333 215 142 109 1528 2455 271 995 948 1487
internal_count=18964 7861 11103 7121 740 3034 5867 5236 4087 2005 449 291 1029 1954 1776 426 3412 124 51 875 333 215 142 109 1528 2455 271 995 948 1487
is_linear=0
shrinkage=0.03


Tree=47
num_leaves=31
num_cat=0
split_feature=9 19 9 48 9 9 18 18 9 55 7 52 7 51 18 51 55 54 9 47 26 52 22 43 50 9 17 25 7 9
split_gain=2399.77 705.154 427.374 133.83 124.239 86.8606 40.7122 33.8847 25.143 18.9917 57.1757 22.1638 21.4471 17.449 15.1399 14.9202 16.8478 15.1412 12.5146 11.7487 10.4024 9.72295 9.69669 9.64521 13.6017 9.59716 9.18549 9.0251 8.39723 8.39403
threshold=24.347644805908207 27.711486816406254 22.919258117675785 31.421253967285161 25.841992378234867 21.925212860107425 23.426663398742679 24.957457542419437 28.452870368957523 1.6797837711283303 44.500000000000007 1.6599892834646715 22.500000000000004 22.539838314040285 21.255327224731449 23.675042947266444 0.47469249764813554 0.26197081500638902 26.633753776550297 25.532672884338385 24.053878784179691 0.5335056894636796 22.952302932739261 23.336125373840336 24.027398538406256 23.773359298706058 1.0968570000000006 28.622634888703619 21.500000000000004 32.756839752197273
decision_type=2 2 2 2 2 2 2 2 2 2 2 2 2 2 2 2 2 2 2 2 2 2 2 2 2 2 10 2 2 2
left_child=2 4 5 8 7 14 -4 22 -3 11 12 18 -11 -7 -1 -8 -17 19 -6 -18 -9 -22 -2 24 -19 -25 -26 -20 -23 -5
right_child=1 3 6 29 9 13 15 20 -10 10 -12 -13 -14 -15 -16 16 17 23 27 -21 21 28 -24 25 26 -27 -28 -29 -30 -31
leaf_value=-0.019646933808905913 -0.010807257434052805 0.027778690342405217 -0.0037628358675961177 0.058497658798458592 0.01670321504174712 -0.010746481091293128 -0.0018528612083475921 0.0028112159035136473 0.041084973237834367 0.033226425424218178 -0.0074803209844976661 -0.0098494716435670853 0.074658506756479087 -0.0070015603986536288 -0.014545332262913262 0.00053140018208032381 0.0064727180544286965 -0.0058184591155837889 0.023455792732865053 0.035320609827500044 0.01111365280705435 0.022238203197096785 0.0061179117780096664 0.00018082523838882999 0.013863213843115689 0.0066660066280372051 0.038383250889368357 0.0037926553020423107 0.012207264650826621 0.070914994298595269
leaf_weight=663 31 246 2177 149 994 2621 808 116 266 23 20 25 22 1955 2489 1199 24 22 466 27 1549 144 1765 350 44 497 20 22 157 73
leaf_count=663 31 246 2177 149 994 2621 808 116 266 23 20 25 22 1955 2489 1199 24 22 466 27 1549 144 1765 350 44 497 20 22 157 73
internal_value=2.8079e-07 0.015558 -0.00732014 0.0431268 0.0117643 -0.0117862 -0.00064178 0.00880465 0.0346917 0.0188471 0.0347244 0.0181623 0.0534821 -0.00914654 -0.0156184 0.00162988 0.00291896 0.00582819 0.0186348 0.0217451 0.0115259 0.0120724 0.00582577 0.00495813 0.0145307 0.00398618 0.0215257 0.0225693 0.0170061 0.0625808
internal_weight=18964 6068 12896 734 5334 7728 5168 3762 512 1572 65 1507 45 4576 3152 2991 2183 984 1482 51 1966 1850 1796 933 86 847 64 488 301 222
internal_count=18964 6068 12896 734 5334 7728 5168 3762 512 1572 65 1507 45 4576 3152 2991 2183 984 1482 51 1966 1850 1796 933 86 847 64 488 301 222
is_linear=0
shrinkage=0.03


Tree=48
num_leaves=31
num_cat=0
split_feature=9 9 18 9 18 49 51 49 49 29 18 54 24 47 8 23 54 21 6 45 6 6 54 53 27 3 9 17 16 42
split_gain=2258.86 779.883 234.02 191.73 131.105 43.3319 42.4162 35.1584 26.0138 21.3234 18.5525 17.2928 17.2737 15.2251 15.0501 14.1433 13.2231 13.0536 11.8121 11.2579 11.0868 20.279 14.328 20.0802 14.0998 14.1498 10.4931 10.5393 10.2824 10.0799
threshold=23.773359298706058 27.681832313537601 22.353454589843754 25.188035964965824 30.254060745239261 22.979575729370122 25.573138395991617 21.73947448730469 24.360865974426272 24.864434242248539 26.347520828247074 0.52206763908364529 22.997415542602543 25.416500091552738 1.5000000000000002 25.275986671447757 0.26753348184904485 27.312244415283207 8.5000000000000018 24.7403678894043 12.500000000000002 14.500000000000002 0.64365714093113069 0.48674625248435982 23.022809028625492 1.2994190000000001 26.561666488647464 1.8578355000000004 3.4269470000000002 26.73416900634766
decision_type=2 2 2 2 2 2 2 2 2 2 2 2 2 2 2 2 2 2 2 2 2 2 2 2 2 2 2 10 10 2
left_child=2 3 7 8 9 19 12 28 13 -3 17 18 -5 -2 20 -12 -15 26 -6 -4 22 24 23 -7 -22 -26 27 -8 -1 -28
right_child=1 4 5 6 11 14 10 -9 -10 -11 15 -13 -14 16 -16 -17 -18 -19 -20 -21 21 -23 -24 -25 25 -27 29 -29 -30 -31
leaf_value=-0.01666382972706126 0.0015266525281203366 0.0019373167838369096 -0.0078253999562552749 -0.017020430060103536 0.07214317849049201 -0.00086346782602816094 0.014538243162890726 -0.011385602883361375 0.0071160622201919639 0.032900146693274131 0.045952575659113273 0.030382859777659178 0.011092522414241759 0.031445829331194268 -0.0035804135461872124 0.020954300891597697 0.0073801381942074822 0.035000275522470474 0.056237720128608081 0.014234645505036626 -0.0050895182054955506 -0.0031391931431817596 -0.0090697705129973542 0.021371874042400499 0.03746790851101927 0.011925682802576311 0.019089951749402478 -0.0074585533887147901 0.0044391691684722906 0.043188051453658512
leaf_weight=1984 1652 21 2434 20 52 337 989 3231 2311 428 21 20 1194 26 2537 678 98 30 219 21 36 145 164 41 23 129 61 20 21 21
leaf_count=1984 1652 21 2434 20 52 337 989 3231 2311 428 21 20 1194 26 2537 678 98 30 219 21 36 145 164 41 23 129 61 20 21 21
internal_value=2.72361e-07 0.0123053 -0.00871176 0.0092592 0.0416177 -0.00459724 0.0149725 -0.0133221 0.00501788 0.031452 0.0178696 0.057303 0.0106294 0.00228765 -0.00241029 0.0217053 0.0124262 0.0154778 0.0592897 -0.0076367 0.000982383 0.0052906 -0.00166455 0.0015483 0.0117923 0.0157906 0.014941 0.0141022 -0.0164428 0.0252614
internal_weight=18964 7861 11103 7121 740 5867 3034 5236 4087 449 1820 291 1214 1776 3412 699 124 1121 271 2455 875 333 542 378 188 152 1091 1009 2005 82
internal_count=18964 7861 11103 7121 740 5867 3034 5236 4087 449 1820 291 1214 1776 3412 699 124 1121 271 2455 875 333 542 378 188 152 1091 1009 2005 82
is_linear=0
shrinkage=0.03


Tree=49
num_leaves=31
num_cat=0
split_feature=9 9 9 9 48 18 18 49 9 41 16 49 22 26 18 6 28 55 6 55 27 6 54 6 44 55 10 26 34 17
split_gain=2127.73 611.397 403.353 135.802 77.6106 72.6009 40.1316 28.6979 22.4161 19.1064 28.7973 17.5377 16.1983 14.0046 20.9475 13.7744 13.6528 19.9709 13.4571 12.7437 14.9888 12.3313 12.3804 11.0519 15.6698 11.5177 10.9867 17.3205 12.0656 10.9639
threshold=24.420802116394047 28.452870368957523 22.919258117675785 25.880230903625492 22.078329277038577 31.428276062011722 23.426663398742679 25.284976291656495 27.074039459072271 26.63049411773682 -0.82855350000000116 21.427929210202638 22.952302932739261 25.802339553833011 26.937316895000002 16.500000000000004 23.601517677307132 1.6797837711283303 10.500000000000002 0.40999879070812995 23.512141227722172 12.500000000000002 0.75519512204961625 15.500000000000002 24.794350624084476 1.2658124336981296 3.5000000000000004 24.87740516662598 24.186425209045414 -0.17983550000000001
decision_type=2 2 2 2 2 2 2 2 2 2 10 2 2 2 2 2 2 2 2 2 2 2 2 2 2 2 2 2 2 10
left_child=2 3 4 7 11 9 -4 12 16 10 -3 -1 -2 14 -10 19 -5 -18 -14 -8 29 22 -20 25 -25 -6 -22 28 -28 -21
right_child=1 5 6 8 23 -7 15 -9 13 -11 -12 -13 18 -15 -16 -17 17 -19 21 20 26 -23 -24 24 -26 -27 27 -29 -30 -31
leaf_value=-0.017075244681162866 -0.014071126031604679 -0.0031268533051013949 -0.0035417782005411442 -0.0045399724391217413 -0.0070575209820086544 0.059343468788968512 -0.00012224047568670668 0.012406148348508077 0.024301298865098128 0.040419019302626036 0.038785378398994604 -0.012734962079091691 0.01007209581341985 0.027196821843299107 -0.0094457068786025049 -0.012047968706829124 0.016877784811801771 0.043967305201292037 0.0031673904789941807 0.0039604579840964958 0.0045498144696662938 0.0073006295779302795 -0.011933189192956144 -0.011241275413047012 0.014922175311616489 -0.028847239051352846 0.00048910668729381128 0.039809657827019687 0.024403252114124339 -0.005408999069638847
leaf_weight=1272 33 25 2187 26 2870 218 1398 1259 49 239 36 2455 862 370 25 64 1207 25 438 213 1186 979 55 1088 21 22 55 20 29 238
leaf_count=1272 33 25 2187 26 2870 218 1398 1259 49 239 36 2455 862 370 25 64 1207 25 438 213 1186 979 55 1088 21 22 55 20 29 238
internal_value=2.64202e-07 0.0150531 -0.00670801 0.0120281 -0.0111013 0.0461682 -0.00040904 0.00874668 0.0190188 0.0365942 0.0216082 -0.0142163 0.00680021 0.0248141 0.0129003 0.00172998 0.0169735 0.0174275 0.00709531 0.0020109 0.00372378 0.00535211 0.00148274 -0.00819967 -0.0107458 -0.00722328 0.00536967 0.0147191 0.00874518 -0.000983956
internal_weight=18964 5846 13118 5328 7728 518 5390 3626 1702 300 61 3727 2367 444 74 3203 1258 1232 2334 3139 1741 1472 493 4001 1109 2892 1290 104 84 451
internal_count=18964 5846 13118 5328 7728 518 5390 3626 1702 300 61 3727 2367 444 74 3203 1258 1232 2334 3139 1741 1472 493 4001 1109 2892 1290 104 84 451
is_linear=0
shrinkage=0.03


Tree=50
num_leaves=31
num_cat=1
split_feature=9 19 18 9 48 49 50 9 49 9 55 28 26 47 8 53 54 6 6 9 40 41 47 0 6 6 6 54 53 28
split_gain=2002.98 690.631 207.815 170.975 113.677 38.5123 33.3674 31.2692 25.5389 22.5264 17.2251 22.9945 17.0617 14.1362 13.9596 13.3871 12.3517 12.3373 11.7203 18.2142 21.2628 11.3388 10.8799 10.5142 11.6811 10.3692 18.9658 13.4288 18.7985 12.7379
threshold=23.773359298706058 27.711486816406254 22.353454589843754 25.277787208557132 31.421253967285161 22.979575729370122 26.165571069698245 21.472457885742191 24.360865974426272 28.452870368957523 1.6797837711283303 27.19608306884766 23.812567710876468 25.416500091552738 1.5000000000000002 0.87852598012458827 0.26753348184904485 13.500000000000002 14.500000000000002 26.339530944824222 26.29428863525391 23.698965073725592 23.214979171752933 0 8.5000000000000018 12.500000000000002 14.500000000000002 0.64365714093113069 0.48674625248435982 22.96708965301514
decision_type=2 2 2 2 2 2 2 2 2 2 2 2 2 2 2 2 2 2 2 2 2 2 2 9 2 2 2 2 2 2
left_child=2 3 7 8 9 22 12 -1 13 -3 -8 -12 17 23 25 -11 -15 -5 19 -14 -21 -19 -4 -2 -25 27 29 28 -7 -27
right_child=1 4 5 6 -6 14 10 -9 -10 15 11 -13 18 16 -16 -17 -18 21 -20 20 -22 -23 -24 24 -26 26 -28 -29 -30 -31
leaf_value=-0.016236149555192137 0.0060459993341255612 0.025001436717162331 -0.0080963239388522623 -0.011615367819865545 0.05719425315767325 -0.00077997734022633523 0.017958570872271963 -0.011090746473761176 0.006924534407914339 0.040232518968374834 0.060940358698368079 0.018823106911565576 0.01267534387376533 0.030372286176716442 -0.0033913788497567502 0.020558640675153582 0.0071376899138770314 -0.0070454060091920514 0.0077611330009257308 0.019185274408012626 0.051416336218161246 0.020070322796702386 -0.002782887486890226 0.013195175359258427 -0.00035275324226471358 -0.0054667465422641144 -0.0029828242932542644 -0.0087259176937102279 0.020734059970553328 0.015060275450529109
leaf_weight=1483 351 248 2037 45 222 337 964 3753 2506 230 20 28 1195 26 2537 36 99 23 340 150 21 35 418 60 1262 33 145 164 41 155
leaf_count=1483 351 248 2037 45 222 337 964 3753 2506 230 20 28 1195 26 2537 36 99 23 340 150 21 35 418 60 1262 33 145 164 41 155
internal_value=2.5626e-07 0.0115874 -0.00820351 0.00872945 0.0392542 -0.00432619 0.0144697 -0.0125481 0.00496709 0.0315057 0.0188319 0.036372 0.0120293 0.00223885 -0.00226445 0.0375699 0.0119705 0.000172091 0.0127452 0.0139858 0.0231435 0.00931753 -0.00719163 0.00151174 0.000260162 0.001003 0.00516946 -0.00155684 0.00155356 0.0114571
internal_weight=18964 7861 11103 7125 736 5867 2821 5236 4304 514 1012 48 1809 1798 3412 266 125 103 1706 1366 171 58 2455 1673 1322 875 333 542 378 188
internal_count=18964 7861 11103 7125 736 5867 2821 5236 4304 514 1012 48 1809 1798 3412 266 125 103 1706 1366 171 58 2455 1673 1322 875 333 542 378 188
cat_boundaries=0 1
cat_threshold=8320
is_linear=0
shrinkage=0.03


Tree=51
num_leaves=31
num_cat=1
split_feature=9 9 9 9 9 18 18 49 9 41 16 9 22 18 6 26 56 36 55 51 19 59 14 23 2 27 0 10 9 17
split_gain=1886.07 540.874 358.198 120.679 69.9001 64.5242 35.6341 25.7884 20.2895 17.2541 26.8206 16.4786 13.3881 13.2218 13.1243 12.7872 20.521 12.2439 11.7252 10.4207 10.0671 12.7089 9.36207 8.92662 14.9115 8.72381 8.26781 11.8879 14.0642 15.0917
threshold=24.420802116394047 28.452870368957523 22.919258117675785 25.880230903625492 22.064377784729007 31.428276062011722 23.426663398742679 24.902844619445563 27.074039459072271 26.63049411773682 -0.82855350000000116 21.372426986694339 22.952302932739261 23.977480888295904 15.500000000000002 25.802339553833011 0.65568923950195324 25.846955299377445 1.6797837711283303 22.539838314040285 26.141921043396 5.5000000000000009 1.0359580275247129 25.956321716308597 5.3020715000000012 25.114328384399418 0 2.5000000000000004 23.561007499694828 -1.0854489999999997
decision_type=2 2 2 2 2 2 2 2 2 2 10 2 2 2 2 2 2 2 2 2 2 2 8 2 2 2 9 2 2 10
left_child=2 3 4 7 11 9 -4 12 13 10 -3 -1 -2 -5 17 16 -10 26 -15 -6 -9 -22 -17 -24 -25 -19 -8 -28 -29 -30
right_child=1 5 6 8 19 -7 14 20 15 -11 -12 -13 -14 18 -16 22 -18 25 -20 -21 21 -23 23 24 -26 -27 27 28 29 -31
leaf_value=-0.016387027312001833 -0.013632939938794483 -0.0036996853603050114 -0.0033315450468980549 -0.0076334027307374142 -0.0091128451752725409 0.055859007313164004 0.00014759766836888096 0.0097732270216948861 -0.0087968463616238703 0.038047129754054991 0.036748524817327655 -0.012065959376252764 0.0056853082428851591 0.015952712297289732 -0.0045930117870917175 0.045670699082314969 0.024020655785162159 0.0048414242418394196 0.036708737325668331 -0.0060087159267530393 0.014391756473627212 0.039840731218457215 0.042632089616001942 0.026881894662347552 0.011850155852018641 0.022025980529496853 0.0024042134057211946 -0.0056342268379797281 0.039066756474785504 0.010983636733182074
leaf_weight=1125 33 25 2187 21 2037 218 1358 1928 27 239 36 2702 1494 1212 278 20 47 63 25 1864 151 20 23 249 78 46 1276 38 20 124
leaf_count=1125 33 25 2187 21 2037 218 1358 1928 27 239 36 2702 1494 1212 278 20 47 63 25 1864 151 20 23 249 78 46 1276 38 20 124
internal_value=3.44204e-07 0.0141726 -0.00631549 0.0113274 -0.0104556 0.0434382 -0.000379563 0.00823406 0.0179174 0.0344124 0.0201714 -0.0133362 0.00526782 0.0159715 0.00163604 0.0234309 0.0120467 0.00222807 0.0163722 -0.00762961 0.010392 0.0173682 0.0257077 0.024567 0.0232963 0.0120936 0.0018462 0.00340394 0.0106 0.0148841
internal_weight=18964 5846 13118 5328 7728 518 5390 3626 1702 300 61 3827 1527 1258 3203 444 74 2925 1237 3901 2099 171 370 350 327 109 2816 1458 182 144
internal_count=18964 5846 13118 5328 7728 518 5390 3626 1702 300 61 3827 1527 1258 3203 444 74 2925 1237 3901 2099 171 370 350 327 109 2816 1458 182 144
cat_boundaries=0 1
cat_threshold=9484
is_linear=0
shrinkage=0.03


Tree=52
num_leaves=31
num_cat=0
split_feature=18 20 18 19 18 48 18 19 27 55 7 54 3 31 47 6 54 56 6 6 6 17 25 43 31 55 54 47 24 17
split_gain=1773.27 545.317 285.189 111.228 88.7184 58.0884 31.7078 25.1184 18.9011 17.9108 31.9864 25.0579 19.6886 17.2766 14.9283 13.9388 12.9234 12.7974 12.7393 12.0782 11.6289 13.6093 11.2967 13.6713 11.2408 14.5226 11.9889 14.8287 10.5415 10.5647
threshold=24.215098381511236 27.960625648498539 22.826873779296879 25.349157333374027 30.254060745239261 21.876921081650881 26.347520828247074 23.447838783264164 23.30985260009766 1.6797837711283303 42.500000000000007 1.3371489458562527 3.1661955000000006 24.301474571228031 22.109875679016117 8.5000000000000018 0.45527500126798576 0.12819099426269712 16.500000000000004 14.500000000000002 11.500000000000002 -0.94912849999999993 27.16061401311768 25.675271987915043 22.28427886962891 0.42344302081067603 0.26197081500638902 25.532672884338385 27.794235229492191 1.9349195000000006
decision_type=2 2 2 2 2 2 2 2 2 2 2 2 2 2 2 2 2 2 2 2 2 8 2 2 2 2 2 2 2 10
left_child=2 3 5 8 19 -1 28 -4 -2 11 -11 13 -13 -8 -7 -6 -17 -10 24 22 21 -15 23 -3 -9 -26 27 -27 29 -5
right_child=1 4 7 6 15 14 9 18 17 10 -12 12 -14 20 -16 16 -18 -19 -20 -21 -22 -23 -24 -25 25 26 -28 -29 -30 -31
leaf_value=-0.013878740551627293 -0.0038817367020317095 0.026647481253370645 -0.003289671588018509 0.012151310111849984 0.064308472432588276 -0.010909236434284717 0.046789990961551661 -0.012074741800980908 0.0053926510060311504 0.050077766737923392 0.0045477090350219181 0.019092321358621118 -0.019334852474608592 0.030856945122653079 -0.0072194171057253778 0.049922697342617409 0.024700507890433075 0.0099128876062983037 -0.01254558753041971 0.01373340606356838 0.013702659702360535 0.018567373975339942 0.028641370601273863 0.060231498181819908 -0.0007867916397354763 0.0060483455301728094 0.0031297946382680139 0.03717969964657511 0.033761378729715942 -0.0064228110973324091
leaf_weight=2696 165 20 2565 1755 57 1420 20 56 2199 41 21 21 28 107 3235 213 20 758 62 42 277 335 287 24 1239 40 1192 21 20 28
leaf_count=2696 165 20 2565 1755 57 1420 20 56 2199 41 21 21 28 107 3235 213 20 758 62 42 277 335 287 24 1239 40 1192 21 20 28
internal_value=3.36237e-07 0.0127963 -0.00657644 0.00983798 0.0385649 -0.0103745 0.0143545 -0.00118134 0.00599997 0.0191311 0.0346563 0.0179096 -0.00286606 0.0192871 -0.00834499 0.0510108 0.0477577 0.00655137 0.000890642 0.0288884 0.0185221 0.0215425 0.0308114 0.044966 0.00121758 0.00151629 0.00379363 0.0167657 0.0121026 0.0118596
internal_weight=18964 6438 12526 5775 663 7351 2653 5175 3122 850 62 788 49 739 4655 290 233 2957 2610 373 719 442 331 44 2548 2492 1253 61 1803 1783
internal_count=18964 6438 12526 5775 663 7351 2653 5175 3122 850 62 788 49 739 4655 290 233 2957 2610 373 719 442 331 44 2548 2492 1253 61 1803 1783
is_linear=0
shrinkage=0.03


Tree=53
num_leaves=31
num_cat=0
split_feature=18 20 18 48 20 48 18 27 18 18 47 19 56 18 6 14 8 56 33 55 27 16 52 37 31 51 56 5 40 26
split_gain=1668.47 513.089 268.334 105 83.9371 55.0049 23.6354 22.6507 17.5445 16.8515 16.2489 15.7369 16.0343 15.4727 15.3277 14.8881 21.2676 12.7943 11.5158 19.6394 10.5931 10.5664 9.84769 14.34 9.82177 11.0218 9.37021 9.26312 15.2613 9.16289
threshold=24.215098381511236 27.960625648498539 22.826873779296879 25.708021354598639 31.479162216186527 21.814066506074223 23.464742660522464 23.29107761383057 27.287329673767093 25.932779312133793 22.109875679016117 24.875797271728519 1.3670377728198242 29.502583503723148 10.500000000000002 1.3387199917564152 1.5000000000000002 0.052052498801272058 23.773839950561527 1.6797837711283303 23.093442916870121 3.3813370000000007 1.0786263104494009 22.8884391784668 24.25387001037598 25.615274175082032 0.24096012115478518 3.1661955000000006 26.244800567626957 24.009381294250492
decision_type=2 2 2 2 2 2 2 2 2 2 2 2 2 2 2 10 2 2 2 2 2 10 2 2 2 2 2 2 2 2
left_child=2 3 5 7 13 21 -4 22 18 11 -7 12 -9 26 -10 16 -16 20 -5 24 -8 -1 23 -2 -20 -26 27 28 -3 -13
right_child=1 4 6 8 -6 10 17 9 14 -11 -12 29 -14 -15 15 -17 -18 -19 19 -21 -22 -23 -24 -25 25 -27 -28 -29 -30 -31
leaf_value=-0.014072267317390396 0.017443364776911274 0.049610837080648965 -0.0031441619970923834 -0.0062051190482452509 0.052452648180360731 -0.010702884385003693 -0.0065778373754525332 0.0046295996024309409 0.030905914912239096 0.017120417917367854 -0.0070902947374524303 0.00020530037358045005 0.030997010405574524 0.038073962324431963 0.050838258517059413 0.0075539356513092144 0.013196236386895179 0.0035523970042369997 0.030956188509421001 0.038770080437883735 0.00026714111430880763 0.0078279442191123965 -0.0200757346195834 -0.0055899984014541959 0.0069902704883070032 0.01489172088080217 0.035617483871589813 0.0075382243487983943 0.022585631165032587 0.0093686246195799471
leaf_weight=2301 31 21 2625 24 222 1685 241 1791 117 152 3345 104 21 140 22 78 35 1002 31 30 1307 20 28 113 182 1251 70 30 180 1765
leaf_count=2301 31 21 2625 24 222 1685 241 1791 117 152 3345 104 21 140 22 78 35 1002 31 30 1307 20 28 113 182 1251 70 30 180 1765
internal_value=3.26143e-07 0.0124124 -0.00637914 0.00954284 0.0374079 -0.0100633 -0.0011459 0.00685363 0.0156277 0.00733155 -0.00830048 0.00692734 0.00493518 0.0298344 0.0229584 0.0160705 0.0277247 0.000911136 0.0144108 0.014742 -0.000798518 -0.0138836 -0.00379678 -0.000631427 0.0142496 0.0138882 0.026002 0.0230883 0.0254092 0.00885873
internal_weight=18964 6438 12526 5775 663 7351 5175 4005 1770 3833 5030 3681 1812 441 252 135 57 2550 1518 1494 1548 2321 172 144 1464 1433 301 231 201 1869
internal_count=18964 6438 12526 5775 663 7351 5175 4005 1770 3833 5030 3681 1812 441 252 135 57 2550 1518 1494 1548 2321 172 144 1464 1433 301 231 201 1869
is_linear=0
shrinkage=0.03


Tree=54
num_leaves=31
num_cat=0
split_feature=9 9 9 9 18 50 51 9 52 49 29 54 53 54 40 54 8 6 7 7 6 56 39 16 51 17 56 52 44 28
split_gain=1578.96 542.777 164.908 134.706 91.4501 32.0708 29.6206 25.8029 21.6131 17.5508 16.8603 15.1346 17.2322 14.5631 14.4391 14.3595 13.5296 11.7536 17.8005 11.2066 12.6007 18.7184 16.6859 11.9547 10.7883 10.6128 11.1006 10.4918 10.2899 9.9918
threshold=23.773359298706058 27.681832313537601 22.352839469909672 25.188035964965824 30.254060745239261 26.165571069698245 22.798372109788335 21.750844955444339 1.2615107883420882 24.360865974426272 24.864434242248539 0.88563497084160703 0.83641066221078797 0.52206763908364529 24.788687705993656 1.7377380911442637 1.5000000000000002 10.500000000000002 41.500000000000007 19.500000000000004 11.500000000000002 0.0910282135009748 23.534179687500004 2.2981935000000004 25.573138395991617 2.1397575000000004 -0.62192821502685536 0.36619668150472867 23.836790084838871 25.725852012634281
decision_type=2 2 2 2 2 2 2 2 2 2 2 2 2 2 2 2 2 2 2 2 2 2 2 8 2 10 2 2 2 2
left_child=2 3 7 9 10 8 -4 -1 11 -2 -3 12 17 -6 -10 25 19 -5 -19 20 -8 23 -23 -22 27 26 -7 -13 -20 -18
right_child=1 4 6 5 13 15 16 -9 14 -11 -12 24 -14 -15 -16 -17 29 18 28 -21 21 22 -24 -25 -26 -27 -28 -29 -30 -31
leaf_value=-0.013568990676229119 0.0019492727372980385 6.9143090929303848e-06 -0.0068897393953009575 0.013167689859115806 0.049665265424225162 0.025769186865848798 -0.001710976707280218 -0.0093204303816121006 -0.023420863007860521 0.0059152582899663683 0.027539445102333405 0.0016353495263804992 -0.0056897379561770154 0.023137874074280262 0.0086590615336013879 0.036012774757383501 -0.0034738400547272633 0.010599349425993833 -0.014363514593911959 -0.0017155215702931484 -0.00064833650094192098 0.046389530992933678 0.010115569368749857 0.016949220492559317 0.035476671162992718 -0.0023653660486969682 0.015565184052318853 0.020137189613749922 0.0035635513309130651 0.016818556741557338
leaf_weight=2252 1776 21 1906 807 271 108 146 3001 28 2311 428 36 61 20 23 34 2972 679 34 598 109 21 25 51 30 27 860 118 189 22
leaf_count=2252 1776 21 1906 807 271 108 146 3001 28 2311 428 36 61 20 23 34 2972 679 34 598 109 21 25 51 30 27 860 118 189 22
internal_value=3.16364e-07 0.0102881 -0.00728352 0.00774693 0.034742 0.0125359 -0.00381897 -0.0111418 0.0103262 0.00419184 0.0262517 0.0108294 0.00997817 0.0478421 -0.00895345 0.0168413 -0.00233497 0.0105374 0.00818416 0.000784344 0.00503127 0.00980976 0.0266754 0.00496088 0.0190183 0.0161862 0.0167036 0.0158121 0.000830277 -0.00332473
internal_weight=18964 7861 11103 7121 740 3034 5850 5253 2005 4087 449 1954 1770 291 51 1029 3944 1709 902 950 352 206 46 160 184 995 968 154 223 2994
internal_count=18964 7861 11103 7121 740 3034 5850 5253 2005 4087 449 1954 1770 291 51 1029 3944 1709 902 950 352 206 46 160 184 995 968 154 223 2994
is_linear=0
shrinkage=0.03


Tree=55
num_leaves=31
num_cat=0
split_feature=9 19 48 9 21 18 9 45 9 49 28 52 55 49 26 47 34 53 55 6 6 46 40 46 26 37 29 6 6 7
split_gain=1485.64 511.794 155.631 126.901 85.29 33.5462 25.4508 19.5922 19.0682 18.3991 13.8216 13.37 15.8544 23.7458 15.7993 12.5095 12.375 11.3921 10.6269 13.6725 10.7391 11.9453 15.2162 12.6815 9.79668 8.83228 8.70995 8.63498 8.34495 12.139
threshold=23.773359298706058 27.711486816406254 22.266011809740238 25.277787208557132 31.528106689453129 22.921377182006839 26.027995109558109 21.490518569946293 28.452870368957523 24.360865974426272 23.774384498596195 1.6599892834646715 1.6797837711283303 26.899232292175295 25.461279869079593 25.416500091552738 22.076736450195316 0.87852598012458827 0.40661825229896958 14.500000000000002 12.500000000000002 23.06331825256348 24.162970542907718 24.582579612731937 24.585799217224125 24.233620643615726 23.403734207153324 8.5000000000000018 8.5000000000000018 49.500000000000007
decision_type=2 2 2 2 2 2 2 2 2 2 2 2 2 2 2 2 2 2 2 2 2 2 2 2 2 2 2 2 2 2
left_child=2 3 7 9 8 -4 10 -1 -3 15 -5 12 -8 -14 -13 27 -7 -10 -18 20 -20 -22 23 24 -23 -17 -11 -2 -6 -30
right_child=1 4 5 6 28 16 11 -9 17 26 -12 14 13 -15 -16 25 18 -19 19 -21 21 22 -24 -25 -26 -27 -28 -29 29 -31
leaf_value=-0.014226227051762678 0.012453159837983547 0.021030058045890563 -0.006348032533587831 -0.0037763862940482793 0.060123645758628844 -0.012228302849248703 0.015482377993559901 -0.0099629899290943121 0.035025846518720039 0.022007027468876915 0.01046338630060829 -0.020326905313879252 0.058007429257035253 0.014527173523719494 0.017381643533706664 0.024431751147759233 -0.0033951763274308175 0.016892861227970568 -0.00069881330702002936 -0.0040389390445190109 8.5104907188076102e-05 0.008450454231191654 -0.00015754017434034919 0.034912616321817039 0.030992769474629311 0.0063407836842310173 0.0057446607165422131 0.00086252587977963873 0.049171913704335289 0.024828607695443289
leaf_weight=1365 60 245 2963 64 50 103 1191 3354 233 30 1480 20 20 26 20 33 1632 36 663 521 230 131 97 24 20 92 2476 1613 151 21
leaf_count=1365 60 245 2963 64 50 103 1191 3354 233 30 1480 20 20 26 20 33 1632 36 663 521 230 131 97 24 20 92 2476 1613 151 21
internal_value=3.06869e-07 0.00997948 -0.00706502 0.00751924 0.0337963 -0.00401131 0.0124646 -0.0111962 0.0270847 0.00427789 0.00987314 0.0155979 0.0161499 0.0334316 -0.00147263 0.0019622 -0.00198743 0.0325991 -0.00166952 8.65927e-07 0.00180751 0.00511765 0.00937311 0.0146558 0.0114362 0.0111168 0.00593934 0.00127821 0.0493358 0.0461998
internal_weight=18964 7861 11103 7125 736 6384 2821 4719 514 4304 1544 1277 1237 46 40 1798 3421 269 3318 1686 1165 502 272 175 151 125 2506 1673 222 172
internal_count=18964 7861 11103 7125 736 6384 2821 4719 514 4304 1544 1277 1237 46 40 1798 3421 269 3318 1686 1165 502 272 175 151 125 2506 1673 222 172
is_linear=0
shrinkage=0.03


Tree=56
num_leaves=31
num_cat=2
split_feature=9 9 9 9 9 18 9 18 9 41 16 32 35 48 0 10 0 49 8 53 7 55 6 53 6 23 47 41 49 55
split_gain=1399.14 400.997 267.109 90.4341 53.0017 47.8328 26.3424 20.1076 15.013 14.2408 24.5411 11.3755 11.3288 11.2505 11.0127 15.9957 10.9517 14.6918 10.9185 12.3181 10.6391 21.2779 10.6124 10.1877 10.1682 9.92188 9.71071 12.0957 9.67917 10.4132
threshold=24.420802116394047 28.452870368957523 22.919258117675785 25.880230903625492 21.925212860107425 31.428276062011722 23.561007499694828 24.957457542419437 27.074039459072271 26.63049411773682 -0.82855350000000116 23.710588455512699 21.907456398010257 21.21093788117139 0 2.5000000000000004 1 26.787231636047366 1.5000000000000002 0.078810069257847185 5.5000000000000009 0.64724937307601438 11.500000000000002 0.90113007969947867 8.5000000000000018 22.918082237243656 26.654498100280765 26.249187469482425 27.866635322556643 1.3915413786032327
decision_type=2 2 2 2 2 2 2 2 2 2 10 2 2 2 9 2 9 2 2 2 2 2 2 2 2 2 2 2 2 2
left_child=2 3 4 7 13 9 12 25 11 10 -3 -5 -4 -1 15 -8 -9 20 19 -6 21 -18 28 -15 -16 -2 -26 -28 29 -10
right_child=1 5 6 8 18 -7 14 16 22 -11 -12 -13 -14 23 24 -17 17 -19 -20 -21 -22 -23 -24 -25 26 -27 27 -29 -30 -31
leaf_value=-0.016411458791221124 -0.014569463483057914 -0.0061375729948282241 -0.016195265324962026 -0.0058496215982505907 0.017643678661149281 0.048099871254568799 0.0037743563887024782 -0.00034408454948495475 0.025878214778602124 0.032936535878691463 0.032553631744037075 0.014202237709223599 -0.0021831468579597297 -0.01107393173789907 0.01345312781382485 0.019842529835077585 0.011059633692320277 0.031208232212479092 -0.0074203376166465645 -0.0036711191911876708 0.0085869832535945424 0.036900778152048591 0.013964276606323127 -0.027845293093811382 0.0002224134307135342 0.0048653330283353483 0.031691899109166109 0.00039088074266910555 0.018055018084520036 0.049192794710397718
leaf_weight=448 24 25 53 26 26 218 433 114 125 239 36 1232 2572 2671 56 64 141 28 4153 397 1700 36 158 33 2167 1583 20 25 141 20
leaf_count=448 24 25 53 26 26 218 433 114 125 239 36 1232 2572 2671 56 64 141 28 4153 397 1700 36 158 33 2167 1583 20 25 141 20
internal_value=2.97665e-07 0.0122068 -0.00543949 0.00975691 -0.00901463 0.0374056 -0.000313586 0.00707916 0.0154617 0.0296344 0.0166966 0.0137878 -0.00246606 -0.0120082 0.0017299 0.00572824 0.00907225 0.00958723 -0.00695266 -0.00236099 0.00931577 0.0163155 0.0202044 -0.0112786 0.000824827 0.00457508 0.000508852 0.0143024 0.0236517 0.029094
internal_weight=18964 5846 13118 5328 7728 518 5390 3626 1702 300 61 1258 2625 3152 2765 497 2019 1905 4576 423 1877 177 444 2704 2268 1607 2212 45 286 145
internal_count=18964 5846 13118 5328 7728 518 5390 3626 1702 300 61 1258 2625 3152 2765 497 2019 1905 4576 423 1877 177 444 2704 2268 1607 2212 45 286 145
cat_boundaries=0 1 2
cat_threshold=704 1096
is_linear=0
shrinkage=0.03


Tree=57
num_leaves=31
num_cat=0
split_feature=9 18 18 9 9 51 9 9 52 18 8 18 27 14 6 7 6 56 16 36 27 52 54 21 7 6 44 44 3 7
split_gain=1316.49 454.531 139.258 112.487 76.7616 27.0636 21.9185 21.5179 20.5512 17.3863 16.0013 14.7641 13.0248 15.3667 12.4438 11.7892 12.2944 14.7958 12.985 11.9965 10.4242 10.3696 10.4987 10.364 10.0448 12.0037 9.716 9.42415 9.46624 11.8421
threshold=23.773359298706058 27.693171501159672 22.353454589843754 25.307363510131839 29.486070632934574 22.603838952580329 21.472457885742191 26.339530944824222 0.5335056894636796 24.502873420715336 1.5000000000000002 23.73917388916016 25.435786247253422 0.83502133836730297 8.5000000000000018 19.500000000000004 11.500000000000002 0.0910282135009748 2.2981935000000004 23.391743659973148 26.63007736206055 1.6599892834646715 1.7377380911442637 27.530233383178714 19.500000000000004 16.500000000000004 25.679025650024418 24.055945396423343 3.5349605000000008 39.500000000000007
decision_type=2 2 2 2 2 2 2 2 2 2 2 2 2 8 2 2 2 2 8 2 2 2 2 2 2 2 2 2 2 2
left_child=2 3 6 9 12 -4 -1 11 14 -2 15 -5 -3 -14 -6 16 -7 18 -18 -19 -15 22 -9 27 25 -12 -26 28 29 -13
right_child=1 4 5 7 8 10 -8 21 -10 -11 24 23 13 20 -16 -17 17 19 -20 -21 -22 -23 -24 -25 26 -27 -28 -29 -30 -31
leaf_value=-0.013294918758901857 0.0022535388977461906 0.00099953501485288126 -0.0072881677893265016 -0.014941762979807599 0.056285050668214494 -0.0015071960270232583 -0.0089870049605361192 0.015892071759646666 0.012205691772513091 0.0060373210150034343 -0.0043375869526535524 0.0064655160218743332 0.044012608978626945 0.0061877688981921359 0.040916391064194924 -0.0015196660191345674 -0.00031068947243139799 0.038636372284591193 0.017637066030699127 0.010044881667542669 0.023749039373819791 -0.00063974645327438001 0.035271505530422124 0.030822654706002633 -0.0023500316683151877 -0.012992676231359322 0.016454612709581849 0.010778647310697356 0.021647206466983662 -0.011851643484006536
leaf_weight=1483 2256 24 1304 21 57 146 3753 778 20 2120 1099 98 31 34 282 628 115 25 53 28 289 33 26 22 2278 166 25 1701 22 47
leaf_count=1483 2256 24 1304 21 57 146 3753 778 20 2120 1099 98 31 34 282 628 115 25 53 28 289 33 26 22 2278 166 25 1701 22 47
internal_value=2.83298e-07 0.00939419 -0.00665067 0.00707394 0.0318223 -0.0034767 -0.0102071 0.011831 0.0417571 0.00408663 -0.00238746 0.0100741 0.0223869 0.0238369 0.0435005 0.000976684 0.00524837 0.00971132 0.0053514 0.0235314 0.0219005 0.0158423 0.0165188 0.0103521 -0.00332562 -0.00547335 -0.0021459 0.010111 0.00331037 0.00052823
internal_weight=18964 7861 11103 7124 737 5867 5236 2748 359 4376 4563 1911 378 354 339 995 367 221 168 53 323 837 804 1890 3568 1265 2303 1868 167 145
internal_count=18964 7861 11103 7124 737 5867 5236 2748 359 4376 4563 1911 378 354 339 995 367 221 168 53 323 837 804 1890 3568 1265 2303 1868 167 145
is_linear=0
shrinkage=0.03


Tree=58
num_leaves=31
num_cat=1
split_feature=9 19 9 48 9 9 18 0 24 18 9 18 55 7 7 52 51 55 54 10 30 51 7 7 7 55 50 55 8 55
split_gain=1239.92 356.583 237.381 68.8342 60.9081 47.7141 23.9374 16.8978 15.5974 14.6341 13.3442 12.7484 12.6968 46.9278 19.5477 17.8975 9.18844 12.4611 13.4492 8.98524 12.4256 10.1714 10.4514 8.94737 8.71961 11.7887 9.71212 8.58329 9.55022 14.1057
threshold=24.420802116394047 27.711486816406254 22.919258117675785 31.421253967285161 25.841992378234867 22.064377784729007 23.426663398742679 0 27.794235229492191 24.957457542419437 29.008979797363285 21.255327224731449 1.6797837711283303 44.500000000000007 22.500000000000004 1.6599892834646715 23.675042947266444 0.47469249764813554 0.26197081500638902 3.5000000000000004 24.145148277282718 25.076431147381999 9.5000000000000018 48.500000000000007 15.500000000000002 0.72737933840424984 24.662537097965703 0.36377204789988976 1.5000000000000002 0.54672842611734074
decision_type=2 2 2 2 2 2 2 9 2 2 2 2 2 2 2 2 2 2 2 2 2 2 2 2 2 2 2 2 2 2
left_child=2 4 5 10 7 11 -4 -2 9 -9 -3 -1 15 14 -14 -6 -8 -18 23 21 -21 22 -20 -19 25 -24 -26 -7 29 -29
right_child=1 3 6 -5 12 27 16 8 -10 -11 -12 -13 13 -15 -16 -17 17 18 19 20 -22 -23 24 -25 26 -27 -28 28 -30 -31
leaf_value=-0.014646572652409099 -0.0048060836554619435 0.021085525659754151 -0.0027078672664498146 0.04499645007522525 0.013462463959175828 -0.0072600154662528288 -0.0013733184562080589 0.004528619944075116 0.033300743512809275 0.0084855556614788444 0.030994879874535655 -0.010076884700799989 0.024235566852452314 -0.011656101912260056 0.063790420646017254 -0.012134014172852038 0.00033573933629649498 0.0094458361534634598 -0.0022998784344821755 -0.00013722200311619686 0.022699596741620233 -0.0030850702266980081 0.0077470180462114509 0.03464709951409272 0.0025375453918056665 0.029874171501611389 0.01273545906607372 0.018632963332746708 -0.0054490458838320132 -0.0018907176400816458
leaf_weight=665 112 310 2187 222 1482 2415 821 1512 20 1896 202 3162 23 20 22 25 1305 32 154 37 51 192 72 21 379 31 108 35 1234 217
leaf_count=665 112 310 2187 222 1482 2415 821 1512 20 1896 202 3162 23 20 22 25 1305 32 154 37 51 192 72 21 379 31 108 35 1234 217
internal_value=2.748e-07 0.0114913 -0.00512065 0.0310445 0.00868374 -0.00849098 -0.000288399 0.00650157 0.00686501 0.00673001 0.0249951 -0.0108709 0.0135978 0.0265798 0.0435735 0.0130378 0.00136361 0.00230694 0.00469544 0.00393275 0.0130978 0.00307108 0.00465976 0.0194312 0.00647635 0.0144066 0.0047991 -0.00615616 -0.00436222 0.000959794
internal_weight=18964 5846 13118 734 5112 7728 5390 3540 3428 3408 512 3827 1572 65 45 1507 3203 2382 1077 1024 88 936 744 53 590 103 487 3901 1486 252
internal_count=18964 5846 13118 734 5112 7728 5390 3540 3428 3408 512 3827 1572 65 45 1507 3203 2382 1077 1024 88 936 744 53 590 103 487 3901 1486 252
cat_boundaries=0 1
cat_threshold=1024
is_linear=0
shrinkage=0.03


Tree=59
num_leaves=31
num_cat=0
split_feature=18 20 18 19 20 48 55 7 26 12 50 51 54 28 40 45 6 39 45 17 52 30 18 46 56 35 6 7 46 45
split_gain=1165.77 359.112 188.53 75.117 58.737 44.3011 22.9191 44.7062 20.6296 18.8432 16.0213 13.9621 13.7597 12.6495 12.5169 16.1179 12.2231 12.0091 11.9032 11.4488 19.5331 18.8031 11.2007 10.771 10.7238 10.3553 11.0206 22.8137 10.1717 10.1257
threshold=24.215098381511236 27.960625648498539 22.921377182006839 25.349157333374027 31.479162216186527 22.078329277038577 1.6797837711283303 46.500000000000007 26.816814422607425 2.5000000000000004 25.86763687126404 23.675042947266444 1.4215506403425544 23.258908269516606 23.515302658081058 24.483597755432132 14.500000000000002 22.928249359130863 21.490518569946293 1.3241850000000006 0.06168493742746254 21.495458602905277 25.885219573974613 25.179690361022953 -1.3521680831909177 23.806256294250492 10.500000000000002 41.500000000000007 24.061112403869632 26.365359306335453
decision_type=2 2 2 2 2 2 2 2 2 2 2 2 2 2 2 2 2 2 2 8 2 2 2 2 2 2 2 2 2 2
left_child=2 3 5 13 16 18 9 8 -8 10 12 23 25 17 15 -13 -3 -2 -1 20 21 -20 24 -4 -15 -5 -27 29 -24 -28
right_child=1 4 11 6 -6 -7 7 -9 -10 -11 -12 14 -14 22 -16 -17 -18 -19 19 -21 -22 -23 28 -25 -26 26 27 -29 -30 -31
leaf_value=-0.012900448716224051 0.0090184913925370376 0.026571539551005663 -0.0023809162755009956 0.020471564243780448 0.043871836706593226 -0.0060317013454548561 0.065844157420098776 -0.0099030645617416927 0.028202100715747004 0.031891990538973077 0.013089128786151668 0.0041252132468292159 -0.015759744516440799 -0.0061449888106677435 0.00031165534736521432 0.025616717266997224 0.009556968399722662 -0.0087881853272223712 0.034750250311834471 -0.010069789325353828 -0.0075947780209066375 -0.0013548397572423494 0.033938023667782542 0.019722969442605969 0.0052051748312849861 0.011619349952729723 0.0075044805389326112 -0.0037919175578012116 0.010354915921005511 0.022342840422187808
leaf_weight=1297 49 399 2495 64 222 3984 20 21 38 39 1364 181 21 77 2066 38 42 112 21 2174 216 34 20 20 2771 454 413 173 93 46
leaf_count=1297 49 399 2495 64 222 3984 20 21 38 39 1364 181 21 77 2066 38 42 112 21 2174 216 34 20 20 2771 454 413 173 93 46
internal_value=1.90532e-07 0.0103753 -0.00533232 0.00797459 0.0312866 -0.00823333 0.0116862 0.0276025 0.0411821 0.0111977 0.0108793 -0.000662906 0.00830532 0.00482055 0.00103456 0.00785433 0.0249511 -0.00336876 -0.0105773 -0.00934499 -0.00353056 0.0124307 0.00526584 -0.00220514 0.00489831 0.00874477 0.00805369 0.00549228 0.0145289 0.00899155
internal_weight=18964 6438 12526 5775 663 7726 2653 79 58 2574 2535 4800 1171 3122 2285 219 441 161 3742 2445 271 55 2961 2515 2848 1150 1086 632 113 459
internal_count=18964 6438 12526 5775 663 7726 2653 79 58 2574 2535 4800 1171 3122 2285 219 441 161 3742 2445 271 55 2961 2515 2848 1150 1086 632 113 459
is_linear=0
shrinkage=0.03


Tree=60
num_leaves=31
num_cat=1
split_feature=18 20 18 19 20 48 55 7 26 12 20 55 27 27 55 6 6 46 48 6 56 7 26 54 0 15 48 18 48 6
split_gain=1096.87 337.888 177.388 70.6776 55.2656 41.6839 21.5646 42.064 19.4103 17.7295 15.5827 19.0977 13.9814 13.1689 15.3925 14.2118 20.4244 21.7054 11.6936 11.5008 10.3936 10.2772 13.7585 9.92513 18.7729 18.7642 14.3562 9.92251 9.43888 9.16771
threshold=24.215098381511236 27.960625648498539 22.921377182006839 25.349157333374027 31.479162216186527 21.938918685913091 1.6797837711283303 46.500000000000007 26.816814422607425 2.5000000000000004 26.041783332824711 1.1440054897441951 23.30985260009766 22.890314102172855 0.37869153297092406 14.500000000000002 12.500000000000002 25.871961593627933 23.00097579956055 14.500000000000002 0.14638519287109378 17.500000000000004 26.553611755371097 0.51364243137500354 0 4.8941091934106833 23.898428726196293 27.693171501159672 21.21093788117139 15.500000000000002
decision_type=2 2 2 2 2 2 2 2 2 2 2 2 2 2 2 2 2 2 2 2 2 2 2 2 9 8 2 2 2 2
left_child=2 3 5 12 19 28 9 8 -8 10 21 27 -2 -4 -15 16 23 -18 -17 -3 -14 22 -5 24 25 -16 -27 -12 -1 -7
right_child=1 4 13 6 -6 29 7 -9 -10 -11 11 -13 20 14 15 18 17 -19 -20 -21 -22 -23 -24 -25 -26 26 -28 -29 -30 -31
leaf_value=-0.014712616706825794 -0.0038229786280373282 0.025774393359993941 -0.0043805549801737304 0.010767307983127507 0.042555681191057571 -0.0053480262845532435 0.063868832459673286 -0.0096059722134045188 0.027356037573986931 0.030935230883411491 0.01380020651770646 0.0028500935829846715 0.004162440193738336 -0.0020570547630267659 0.0037706908043168446 0.015463157357140021 0.0059915253750377631 0.034449744159355755 -0.0028414216363854597 0.0092702593426552717 0.0083528777442129602 0.0067094831271409796 0.031223714613297489 -0.0029454310804521004 -0.00022741828796968451 0.01177749516309372 0.04574255663901567 0.025669859955087304 -0.01000967599160695 -0.0082866718161759972
leaf_weight=450 165 399 721 393 222 3311 20 21 38 39 934 142 2260 1799 55 33 686 25 652 42 697 966 32 452 332 21 24 68 2622 1343
leaf_count=450 165 399 721 393 222 3311 20 21 38 39 934 142 2260 1799 55 33 686 25 652 42 697 966 32 452 332 21 24 68 2622 1343
internal_value=1.84791e-07 0.0100641 -0.00517235 0.00773535 0.030348 -0.00798633 0.0113356 0.0267744 0.0399467 0.0108618 0.010553 0.0131466 0.00467594 -0.000643019 1.76246e-05 0.00165462 0.00320681 0.00699217 -0.0019596 0.0242026 0.00515018 0.00841989 0.0123076 0.000162245 0.0034138 0.014114 0.0298922 0.0146057 -0.0106986 -0.00619603
internal_weight=18964 6438 12526 5775 663 7726 2653 79 58 2574 2535 1144 3122 4800 4079 2280 1595 711 685 441 2957 1391 425 884 432 100 45 1002 3072 4654
internal_count=18964 6438 12526 5775 663 7726 2653 79 58 2574 2535 1144 3122 4800 4079 2280 1595 711 685 441 2957 1391 425 884 432 100 45 1002 3072 4654
cat_boundaries=0 1
cat_threshold=2178
is_linear=0
shrinkage=0.03


Tree=61
num_leaves=31
num_cat=2
split_feature=9 9 9 49 18 0 8 6 6 6 47 24 9 29 19 51 2 54 54 6 54 6 7 6 27 3 49 7 0 27
split_gain=1038.68 357.193 110.748 88.9958 60.5544 20.5066 20.4153 17.3779 18.8002 20.5262 19.3543 16.316 13.8103 13.347 12.9846 12.717 14.6159 12.2348 11.3043 10.9454 15.1517 15.0538 14.9584 13.5248 12.2543 13.5079 12.1185 13.2235 10.7069 10.4082
threshold=23.773359298706058 27.681832313537601 22.352839469909672 25.284976291656495 30.254060745239261 0 1.5000000000000002 14.500000000000002 13.500000000000002 10.500000000000002 26.367280960083011 24.549954416484379 26.069210052490238 24.864434242248539 23.075007438659672 24.187006250957605 7.3900990000000002 0.52206763908364529 0.7457858179766268 12.500000000000002 0.60060214001267065 11.500000000000002 8.5000000000000018 14.500000000000002 22.983825683593754 1.2994190000000001 23.078146743923586 46.500000000000007 1 23.003886222839359
decision_type=2 2 2 2 2 9 2 2 2 2 2 2 2 2 2 2 2 2 2 2 2 2 2 2 2 2 2 2 9 2
left_child=2 3 5 7 13 -1 19 8 9 28 -11 -12 -5 -3 -8 -10 -17 -6 -18 20 21 -4 -23 24 -21 -26 27 -24 -2 -9
right_child=1 4 6 12 17 -7 14 29 15 10 11 -13 -14 -15 -16 16 18 -19 -20 23 -22 22 26 -25 25 -27 -28 -29 -30 -31
leaf_value=-0.011667291588587503 0.0098521698206663465 -0.0020777618459292824 -0.0012420816295959341 0.0088334108880768238 0.040512858665242402 -0.007587235357040663 -0.005299998858755252 -0.014133373563488325 0.0039124606941003609 0.00085811524035602654 0.040664804548490793 0.0063252473257175137 0.013234234244734893 0.022418744375033817 -0.0021485332916523917 0.010084998953966893 0.017049671181011944 0.016198311303276567 0.04262888592870339 -0.0069403462259722271 -0.0078478992143171025 -0.0061023035794196103 -0.0088032295342002596 -0.0014758671914284417 0.034419881873764095 0.010034607102304858 0.032671746045816685 0.024123355694439099 0.004178330610783842 0.000677725305910552
leaf_weight=1861 512 21 390 1571 271 3392 2668 45 215 1607 20 33 1085 428 2105 278 48 20 23 31 228 31 21 159 24 138 32 23 848 836
leaf_count=1861 512 21 390 1571 271 3392 2668 45 215 1607 20 33 1085 428 2105 278 48 20 23 31 228 31 21 159 24 138 32 23 848 836
internal_value=1.75667e-07 0.00834424 -0.00590748 0.00628276 0.0281818 -0.00906935 -0.00306828 0.0036961 0.00462403 0.00368505 0.0014464 0.0192836 0.0106312 0.021273 -0.00391013 0.00965187 0.0131876 0.0388418 0.0253359 0.000662582 -0.00144474 0.00149272 0.0114607 0.00500295 0.0103404 0.0136472 0.0186245 0.00840839 0.00641753 -7.88007e-05
internal_weight=18964 7861 11103 7121 740 5253 5850 4465 3584 3020 1660 53 2656 449 4773 564 349 291 71 1077 725 497 107 352 193 162 76 44 1360 881
internal_count=18964 7861 11103 7121 740 5253 5850 4465 3584 3020 1660 53 2656 449 4773 564 349 291 71 1077 725 497 107 352 193 162 76 44 1360 881
cat_boundaries=0 1 2
cat_threshold=16580 2563
is_linear=0
shrinkage=0.03


Tree=62
num_leaves=31
num_cat=1
split_feature=9 9 9 9 9 18 18 29 6 6 7 55 7 12 2 52 41 16 6 7 54 0 6 6 46 30 6 9 41 50
split_gain=977.477 280.928 187.066 63.3412 38.3134 33.377 19.086 16.3988 14.0986 11.8904 16.1235 12.5207 39.1836 12.3211 16.4459 12.6132 11.5771 21.7142 11.5457 18.0229 14.6061 11.8027 11.3243 16.2139 21.5009 17.6027 11.6549 10.9081 10.8757 10.1628
threshold=24.420802116394047 28.452870368957523 22.919258117675785 25.880230903625492 22.064377784729007 31.428276062011722 23.426663398742679 25.535952568054203 10.500000000000002 14.500000000000002 16.500000000000004 1.6797837711283303 45.500000000000007 1.5000000000000002 10.472845000000001 1.2615107883420882 26.63049411773682 -0.82855350000000116 12.500000000000002 42.500000000000007 0.75519512204961625 0 14.500000000000002 12.500000000000002 25.831351280212406 24.380203247070316 8.5000000000000018 21.254704474621587 23.58795261383057 26.327627277577399
decision_type=2 2 2 2 2 2 2 2 2 2 2 2 2 2 2 2 2 10 2 2 2 9 2 2 2 2 2 2 2 2
left_child=2 3 4 7 27 16 -4 8 -2 11 29 13 -13 15 -15 -5 17 -3 20 21 -10 28 23 26 25 -25 -8 -1 -20 -11
right_child=1 5 6 9 -6 -7 22 -9 18 10 -12 12 -14 14 -16 -17 -18 -19 19 -21 -22 -23 -24 24 -26 -27 -28 -29 -30 -31
leaf_value=-0.013132298963020246 0.0074048450537078257 -0.0083413249567151071 -0.0024174560266679449 0.012980366590996625 -0.0054463903312863653 0.040227535480735911 0.01005542521332946 0.0092309012619062169 0.00095844202107492143 0.0065239826970450252 0.0011980859094976701 0.040271094857521776 -0.0059324370324611662 0.013844733056263067 0.035914695930420133 -0.0061139494332019236 0.027780022001825271 0.028053237274289131 -0.019056632063055242 -0.00149555982765684 -0.015642392134012761 0.0093680573648309527 -0.0018942301441733653 0.0020953297672418152 0.030763202904723584 0.012753937867342522 -9.4797244475341047e-05 -0.0089300738187905824 0.003200253314367428 0.022377787890493286
leaf_weight=675 1041 25 2187 1153 3901 218 109 978 477 69 165 53 24 80 49 32 239 36 22 303 53 558 792 540 30 188 1544 3152 194 77
leaf_count=675 1041 25 2187 1153 3901 218 109 978 477 69 165 53 24 80 49 32 239 36 22 303 53 558 792 540 30 188 1544 3152 194 77
internal_value=8.77531e-08 0.0102028 -0.00454671 0.0081522 -0.0075386 0.0312942 -0.000257035 0.00591117 0.00468508 0.0129266 0.00762356 0.0141122 0.02587 0.0134232 0.0222279 0.0124647 0.0248027 0.0131374 0.00292323 0.00470706 -0.000701641 0.00713522 0.0012181 0.00224048 0.0058735 0.00484783 0.000574516 -0.00967126 0.00089205 0.0148852
internal_weight=18964 5846 13118 5328 7728 518 5390 3626 2648 1702 311 1391 77 1314 129 1185 300 61 1607 1077 530 774 3203 2411 758 728 1653 3827 216 146
internal_count=18964 5846 13118 5328 7728 518 5390 3626 2648 1702 311 1391 77 1314 129 1185 300 61 1607 1077 530 774 3203 2411 758 728 1653 3827 216 146
cat_boundaries=0 1
cat_threshold=17416
is_linear=0
shrinkage=0.03


Tree=63
num_leaves=31
num_cat=1
split_feature=9 19 51 18 9 52 50 23 8 9 0 6 6 22 55 24 6 6 46 54 6 54 53 6 15 17 8 17 26 54
split_gain=921.048 317.74 99.5721 78.874 53.1359 19.6907 17.5238 17.5051 15.616 14.0689 12.0524 15.2233 10.668 10.3779 15.1507 14.5287 9.97137 20.7508 20.8658 11.1239 9.8482 14.6581 14.2306 13.0788 10.9428 10.522 9.68294 20.4706 10.3555 9.67585
threshold=23.773359298706058 27.711486816406254 22.539838314040285 25.281613349914554 29.486070632934574 0.5335056894636796 25.909075117134645 21.750315666198734 1.5000000000000002 21.674090385437015 0 10.500000000000002 8.5000000000000018 28.574729920754397 1.6797837711283303 27.148827552795414 14.500000000000002 12.500000000000002 26.261622428894047 0.75519512204961625 12.500000000000002 0.64365714093113069 0.48674625248435982 14.500000000000002 8.4514472848455835 -0.73477199999999976 2.5000000000000004 2.2598840000000009 24.009381294250492 1.1992826704856399
decision_type=2 2 2 2 2 2 2 2 2 2 9 2 2 2 2 2 2 2 2 2 2 2 2 2 8 10 2 10 2 2
left_child=2 3 7 10 -3 12 26 -1 20 -10 16 -12 -6 14 -8 -16 17 19 -19 -2 21 22 -4 25 -24 -22 27 28 -5 -28
right_child=1 4 8 6 5 -7 13 -9 9 -11 11 -13 -14 -15 15 -17 -18 18 -20 -21 23 -23 24 -25 -26 -27 29 -29 -30 -31
leaf_value=-0.010355115847541691 0.0044110896032751928 0.01875766487545099 -1.5086134486385027e-05 -0.0040769501232231654 0.048427822401649077 0.0059579815138131372 0.012107956084825911 -0.0069732713627087464 -0.018740615680251482 -0.0031846255037937285 0.0046712263806117701 -0.0009938644086283201 0.034197939497497963 -0.0071811652043834327 0.04886072059348226 0.014850348688375491 0.0015542006204855494 0.0087390455240545003 0.0338961349055171 -0.0047512648718035433 0.027181252320962291 -0.0075085843854899564 0.00155284787794309 -0.0014408886798415968 0.030928308105468746 0.0072372032037303548 0.0050076264562437288 0.038625966656420908 0.0094548676957249642 -0.016304852329194545
leaf_weight=2206 1084 377 442 54 57 20 1256 3668 53 4107 750 991 282 24 20 26 672 693 31 134 28 233 21 161 25 159 463 21 886 20
leaf_count=2206 1084 377 442 54 57 20 1256 3668 53 4107 750 991 282 24 20 26 672 693 31 134 28 233 21 161 25 159 463 21 886 20
internal_value=2.33319e-07 0.00785763 -0.00556286 0.00591913 0.0266236 0.034884 0.0098769 -0.00824333 -0.00255174 -0.00338281 0.00340179 0.00143832 0.0365906 0.0123669 0.0127273 0.0296375 0.00468609 0.00579397 0.00981621 0.00340308 0.000682373 -0.0013181 0.0016376 0.00482703 0.0175178 0.0102235 0.00759033 0.00933195 0.00867751 0.00412512
internal_weight=18964 7861 11103 7125 736 359 2770 5874 5229 4160 4355 1741 339 1326 1302 46 2614 1942 724 1218 1069 721 488 348 46 187 1444 961 940 483
internal_count=18964 7861 11103 7125 736 359 2770 5874 5229 4160 4355 1741 339 1326 1302 46 2614 1942 724 1218 1069 721 488 348 46 187 1444 961 940 483
cat_boundaries=0 1
cat_threshold=27266
is_linear=0
shrinkage=0.03


Tree=64
num_leaves=31
num_cat=1
split_feature=9 19 9 21 9 9 18 0 9 29 6 6 7 54 6 6 54 17 52 55 49 36 10 6 47 30 56 53 50 6
split_gain=867.133 249.465 166.415 49.4485 43.5501 34.2617 16.9018 14.76 10.9905 10.9643 14.0296 13.1994 17.3596 13.5162 10.6497 10.4024 9.88154 9.79206 16.734 13.2446 21.6477 9.62623 9.1162 8.97113 13.2828 14.2291 8.91662 8.51781 8.47253 8.31092
threshold=24.420802116394047 27.711486816406254 22.919258117675785 31.528106689453129 25.841992378234867 21.925212860107425 23.426663398742679 0 28.452870368957523 25.535952568054203 10.500000000000002 12.500000000000002 42.500000000000007 0.75519512204961625 15.500000000000002 14.500000000000002 0.65271965045214675 2.5103865000000005 1.6599892834646715 1.6797837711283303 26.899232292175295 25.846955299377445 1.5000000000000002 15.500000000000002 24.25947189331055 23.227375984191898 -1.0727453241894513 0.87852598012458827 21.228180074664799 11.500000000000002
decision_type=2 2 2 2 2 2 2 9 2 2 2 2 2 2 2 2 2 10 2 2 2 2 2 2 2 2 2 2 2 2
left_child=2 4 5 8 7 16 -4 -2 -3 10 -9 13 -13 -12 21 -14 28 18 19 -6 -21 -8 -11 29 -25 -26 -24 -10 -1 -7
right_child=1 3 6 -5 17 23 14 9 27 22 11 12 15 -15 -16 -17 -18 -19 -20 20 -22 -23 26 24 25 -27 -28 -29 -30 -31
leaf_value=-0.013425520273688627 -0.0050913320735982443 0.016212659622600049 -0.0022693160069343541 0.037789722618118332 0.011144781964413132 -0.0066571090773057135 0.0013465916398396614 0.0075612658282133965 0.027113127228783944 0.0060168331814344457 0.00070214842018801002 0.0074238095303093936 0.0028196836988847221 -0.015409887893161235 -0.0044592488433126349 -0.009298563364067489 -0.017991122423099869 0.03227427974715829 -0.0085148640758799087 0.050957653820514676 0.0094427008081514087 0.010432800920509281 0.029787374790757895 -0.00804416711515594 0.027408871516585349 -0.0079482248638357428 0.010908287471252401 0.011433633239163707 -0.0085863259280628997 -0.003473619020365212
leaf_weight=371 112 243 2187 222 1468 1138 2816 977 233 527 474 727 186 52 278 97 119 20 38 20 26 109 24 1297 20 21 364 36 2662 2100
leaf_count=371 112 243 2187 222 1468 1138 2816 977 233 527 474 727 186 52 278 97 119 20 38 20 26 109 24 1297 20 21 364 36 2662 2100
internal_value=2.26325e-07 0.00960978 -0.00428225 0.0259645 0.00726151 -0.00710417 -0.000236269 0.0054163 0.0208372 0.00575767 0.00475068 0.00296296 0.00496991 -0.000890676 0.00115189 -0.00133392 -0.00951098 0.0114167 0.011148 0.0116415 0.0274927 0.00168519 0.00858621 -0.00544633 -0.00751272 0.00929914 0.0120761 0.0250148 -0.00917826 -0.00459246
internal_weight=18964 5846 13118 734 5112 7728 5390 3540 512 3428 2513 1536 1010 526 3203 283 3152 1572 1552 1514 46 2925 915 4576 1338 41 388 269 3033 3238
internal_count=18964 5846 13118 734 5112 7728 5390 3540 512 3428 2513 1536 1010 526 3203 283 3152 1572 1552 1514 46 2925 915 4576 1338 41 388 269 3033 3238
cat_boundaries=0 1
cat_threshold=1024
is_linear=0
shrinkage=0.03


Tree=65
num_leaves=31
num_cat=1
split_feature=9 18 51 9 9 44 44 9 52 19 34 57 31 25 20 45 54 11 25 55 31 8 34 15 0 10 7 47 9 25
split_gain=816.952 282.571 88.7 70.124 48.4764 17.1881 15.76 15.4204 15.2054 14.3702 13.0965 12.4688 14.4803 12.1275 11.2258 16.9199 10.8376 10.3716 10.275 13.223 10.2283 9.81659 9.35353 9.19379 9.15548 11.3194 10.5761 12.0329 9.08381 8.89093
threshold=23.773359298706058 27.693171501159672 22.539838314040285 25.188035964965824 29.486070632934574 24.172856330871586 21.490017890930179 26.478566169738773 0.5335056894636796 23.075007438659672 22.12726974487305 150.00000000000003 23.014029502868656 25.316085815429691 27.302216529846195 26.306880950927738 0.71842493086123682 1.0000000180025095e-35 28.622634888703619 1.5868855998533167 24.745578765869144 1.5000000000000002 26.164352416992191 5.2324731288163058 0 3.5000000000000004 17.500000000000004 23.586192131042484 32.756839752197273 26.626962661743168
decision_type=2 2 2 2 2 2 2 2 2 2 2 2 2 2 2 2 2 2 2 2 2 2 2 10 9 2 2 2 2 2
left_child=2 3 6 24 13 11 -1 14 28 16 -11 12 -5 -3 -7 -16 21 -15 19 20 -9 -4 29 -18 -2 -26 27 -27 -6 -14
right_child=1 4 9 5 8 7 -8 18 -10 10 -12 -13 22 17 15 -17 23 -19 -20 -21 -22 -23 -24 -25 25 26 -28 -29 -30 -31
leaf_value=-0.010459949753337224 0.0011961086405448882 -0.0051487565897405151 0.0023934861424793844 -0.022352560189637268 0.031905974995877065 0.0082615540838168033 -0.0068717068841442968 0.030729786723852157 0.0075600341733370428 -0.018657550424639437 -0.00068976376774607172 0.024002757078117651 0.0029002450600546219 0.017096287653592297 0.042924313311731174 0.0043687461158260698 -0.011494230812748736 0.033673779622308518 -0.0028916089546175733 0.032447233448425927 0.012722805310808745 -0.004066971013941773 -0.015498494347152501 0.0055727141219540496 0.0035536578308818026 0.004716399713702823 0.00652301925332722 0.032495429733147223 0.043852811782327417 0.02367811317485757
leaf_weight=1469 1591 20 238 22 266 2034 4405 30 20 37 2755 23 253 320 21 20 253 38 31 36 529 1914 23 32 2292 23 140 36 73 20
leaf_count=1469 1591 20 238 22 266 2034 4405 30 20 37 2755 23 253 320 21 20 253 38 31 36 529 1914 23 32 2292 23 140 36 73 20
internal_value=1.38978e-07 0.00740021 -0.00523916 0.00557077 0.025084 0.00901863 -0.00776907 0.00981988 0.032979 -0.00239718 -0.000927876 0.00267204 0.00112925 0.0175858 0.00857484 0.0241167 -0.00408053 0.0188559 0.0139468 0.0148241 0.0136892 -0.00335248 0.00287452 -0.00957794 0.00300134 0.00413295 0.0110127 0.0216663 0.0344786 0.00442243
internal_weight=18964 7861 11103 7124 737 3042 5874 2701 359 5229 2792 341 318 378 2075 41 2437 358 626 595 559 2152 296 285 4082 2491 199 59 339 273
internal_count=18964 7861 11103 7124 737 3042 5874 2701 359 5229 2792 341 318 378 2075 41 2437 358 626 595 559 2152 296 285 4082 2491 199 59 339 273
cat_boundaries=0 1
cat_threshold=1289
is_linear=0
shrinkage=0.03


Tree=66
num_leaves=31
num_cat=2
split_feature=9 19 9 21 9 48 18 0 24 6 6 7 54 29 7 7 0 53 6 6 46 30 6 9 17 52 55 49 24 9
split_gain=769.304 221.029 147.443 43.9122 38.71 31.3764 15.0193 13.5617 13.3062 11.2914 15.0705 15.6638 15.1014 14.8918 14.8236 17.5806 13.5505 10.3374 10.04 14.7388 19.25 16.0383 10.8351 9.62424 9.14066 15.6914 12.1256 20.2226 9.01205 15.0464
threshold=24.420802116394047 27.711486816406254 22.919258117675785 31.528106689453129 25.841992378234867 22.119951248168949 23.426663398742679 0 27.794235229492191 10.500000000000002 12.500000000000002 39.500000000000007 0.58451216585017995 26.485715866088871 16.500000000000004 20.500000000000004 1 1.5637347526849001 14.500000000000002 12.500000000000002 25.831351280212406 24.380203247070316 8.5000000000000018 21.085356712341312 2.5103865000000005 1.6599892834646715 1.6797837711283303 26.899232292175295 27.148827552795414 29.486070632934574
decision_type=2 2 2 2 2 2 2 9 2 2 2 2 2 2 2 2 9 2 2 2 2 2 2 2 10 2 2 2 2 2
left_child=2 4 5 17 7 23 -4 -2 9 -9 12 16 -11 -13 -14 -16 -12 28 19 22 21 -21 -8 -1 25 26 -6 -28 -3 -30
right_child=1 3 6 -5 24 -7 18 8 -10 10 11 13 14 -15 15 -17 -18 -19 -20 20 -22 -23 -24 -25 -26 -27 27 -29 29 -31
leaf_value=-0.014586244368056455 -0.0049629089003428812 0.031929507086935795 -0.0021416389199678172 0.035589432728199942 0.010501527986959497 -0.0047371465283773942 0.009599078353804134 0.0075127701749661746 0.029843114778399467 0.0026360777175603576 0.012976433707142762 0.00012692196740172717 0.014613645428960972 0.025987105784671647 -0.035784238249711366 -0.0067487271224586833 0.0050587815483808607 0.0033734594327820971 -0.0018471039399975615 0.0019120511401819788 0.029060794204473495 0.012086011647776838 -0.00018763649083841037 -0.0081968160263192341 0.030910406257957219 -0.0085415658732189946 0.048823023431003094 0.0086978116430915329 0.015356630595779278 0.027525352763095454
leaf_weight=225 112 57 2187 222 1468 3782 109 1291 20 599 327 439 22 21 23 102 584 33 792 540 30 188 1544 3721 20 38 20 26 288 134
leaf_count=225 112 57 2187 222 1468 3782 109 1291 20 599 327 439 22 21 23 102 584 33 792 540 30 188 1544 3721 20 38 20 26 288 134
internal_value=1.53748e-07 0.00905143 -0.00403352 0.0244459 0.00684104 -0.00668972 -0.000225154 0.00510138 0.00542885 0.0053015 0.00395301 0.00582015 0.000521586 0.0013075 -0.00809461 -0.0120913 0.00809876 0.0196141 0.00108342 0.00204608 0.0055099 0.00453939 0.000457706 -0.00856114 0.0107586 0.0104989 0.0109768 0.0261436 0.020733 0.0192206
internal_weight=18964 5846 13118 734 5112 7728 5390 3540 3428 3408 2117 1371 746 460 147 125 911 512 3203 2411 758 728 1653 3946 1572 1552 1514 46 479 422
internal_count=18964 5846 13118 734 5112 7728 5390 3540 3428 3408 2117 1371 746 460 147 125 911 512 3203 2411 758 728 1653 3946 1572 1552 1514 46 479 422
cat_boundaries=0 1 2
cat_threshold=1024 8832
is_linear=0
shrinkage=0.03


Tree=67
num_leaves=31
num_cat=0
split_feature=9 18 18 9 9 26 8 45 9 6 6 8 25 14 6 6 6 40 16 25 18 3 19 53 6 6 46 54 6 17
split_gain=724.386 249.725 81.5277 61.0397 42.354 17.4774 17.2153 14.6705 14.5874 12.1084 11.8234 11.9876 11.0669 12.5646 11.0279 10.2165 10.0436 12.0705 11.442 12.4935 17.6475 11.9896 9.90915 16.0795 9.78394 12.2084 14.5361 11.5424 12.398 15.1001
threshold=23.796839714050297 27.693171501159672 22.353454589843754 25.102458953857425 29.486070632934574 23.621253013610843 1.5000000000000002 21.490518569946293 26.339530944824222 8.5000000000000018 15.500000000000002 3.5000000000000004 25.316085815429691 0.83502133836730297 12.500000000000002 8.5000000000000018 14.500000000000002 29.504385948181156 -1.4758414999999994 26.547993659973148 26.075580596923832 3.5349605000000008 25.162483215332035 0.87852598012458827 12.500000000000002 14.500000000000002 24.61049842834473 0.61260718378158219 11.500000000000002 2.0772625000000002
decision_type=2 2 2 2 2 2 2 2 2 2 2 2 2 8 2 2 2 2 10 2 2 2 2 2 2 2 2 2 2 8
left_child=2 3 7 15 12 -5 24 -1 -7 -6 11 -8 -3 -14 -13 -2 17 18 22 20 -20 -22 -10 -24 27 26 -26 28 -4 -30
right_child=1 4 6 5 9 8 10 -9 16 -11 -12 14 13 -15 -16 -17 -18 -19 19 -21 21 -23 23 -25 25 -27 -28 -29 29 -31
leaf_value=-0.010308600407484218 0.0092439460214640331 -0.0050848192758858202 -0.0011030684634074966 -0.004248048289230132 0.043703131362011559 0.0074798547191049147 -0.0033778498125182212 -0.0066836887863317629 0.03097446312010288 0.028627626642928648 -0.0062171408545907102 -0.0022259114072351767 0.036099750534180672 0.016115770982727921 0.0048634618787734198 0.0023257931015493874 0.0048844290156127282 0.034118585769832128 0.0067652360401276885 0.011000060581291715 0.026744050519634039 0.054227587021887298 0.011573336007932084 -0.0056344367467266107 0.0071982903250027439 -0.0011481895846124487 0.034157634276431051 -0.0067209293845002975 -0.0032338896912077197 0.018956092013775006
leaf_weight=1356 203 20 398 97 57 2350 3053 3880 20 302 972 475 31 327 338 3583 142 25 29 90 50 20 384 56 180 164 20 227 46 69
leaf_count=1356 203 20 398 97 57 2350 3053 3880 20 302 972 475 31 327 338 3583 142 25 29 90 50 20 384 56 180 164 20 227 46 69
internal_value=3.55913e-07 0.00702568 -0.00489311 0.00528842 0.0236416 0.0082955 -0.00248805 -0.00762246 0.00867981 0.0310212 -0.00325942 -0.00251579 0.0166329 0.0178462 0.000721454 0.00269673 0.0121356 0.0136633 0.0128753 0.0190897 0.0264439 0.0345965 0.010322 0.00938326 0.000892284 0.00491907 0.00989422 -0.00108846 0.00140388 0.0100801
internal_weight=18964 7786 11178 7049 737 3263 5942 5236 3166 359 4838 3866 378 358 813 3786 816 674 649 189 99 70 460 440 1104 364 200 740 513 115
internal_count=18964 7786 11178 7049 737 3263 5942 5236 3166 359 4838 3866 378 358 813 3786 816 674 649 189 99 70 460 440 1104 364 200 740 513 115
is_linear=0
shrinkage=0.03


Tree=68
num_leaves=31
num_cat=3
split_feature=9 19 9 21 18 0 51 9 22 12 32 25 0 10 35 53 0 24 21 24 15 9 6 6 15 46 54 9 44 7
split_gain=682.46 196.013 130.955 39.2977 34.4542 28.3567 16.7152 13.362 11.1251 10.994 11.2729 12.2712 9.78492 13.6861 9.45249 9.37902 9.18186 12.6921 8.83699 8.68826 14.709 13.2341 8.42256 8.31647 12.3162 11.1383 10.0038 9.68287 9.12636 9.05103
threshold=24.420802116394047 27.711486816406254 22.919258117675785 31.528106689453129 25.720193862915043 0 22.245288213138107 23.561007499694828 22.655761718750004 1.5000000000000002 28.897459030151371 28.622634888703619 1 2.5000000000000004 21.907456398010257 1.5637347526849001 2 27.565092086791996 24.176889419555668 27.148827552795414 2.3614559169337275 29.486070632934574 10.500000000000002 10.500000000000002 2.7036289626070755 23.289669036865238 0.97180928449517501 27.681832313537601 25.352231979370121 41.500000000000007
decision_type=2 2 2 2 2 9 2 2 2 2 2 2 9 2 2 2 9 2 2 2 10 2 2 2 8 2 2 2 2 2
left_child=2 4 5 15 8 -1 -7 14 -2 10 11 23 13 -9 -4 19 17 -10 -15 20 -3 -21 -18 27 26 -26 -25 -6 29 -27
right_child=1 3 7 -5 9 6 -8 12 16 -11 -12 -13 -14 18 -16 -17 22 -19 -20 21 -22 -23 -24 24 25 28 -28 -29 -30 -31
leaf_value=-0.0097422796887279093 -0.01657931029119275 0.050464417258543628 -0.014283591686695251 0.033564390284638548 0.010891924648316642 -0.0068969804035905226 -0.0037361412375405221 0.0031995234466921409 0.0057285274647633309 0.01711236179740936 0.024429583737094487 -0.014099862192358288 0.00039635211856149042 0.02993007418885827 -0.0014843112096285232 0.0029822290900417348 0.0047567121802915835 0.028627092306586829 0.0075910892144105775 0.014408706352258681 0.018871547086164352 0.025821084028818823 -0.00053659916210364021 0.003428353857213877 0.026795943362771399 0.0060169499657701615 -0.019006783399316999 0.03114805078641935 0.00940715704893752 -0.0086116902669891703
leaf_weight=1705 22 21 53 222 614 3003 3020 433 2230 171 42 21 2268 30 2572 33 645 22 34 288 36 134 466 53 28 129 27 22 566 54
leaf_count=1705 22 21 53 222 614 3003 3020 433 2230 171 42 21 2268 30 2572 33 645 22 34 288 36 134 466 53 28 129 27 22 566 54
internal_value=3.45241e-07 0.00852544 -0.00379884 0.0230226 0.00644389 -0.00630212 -0.00530329 -0.000209721 0.00468469 0.00989199 0.00909849 0.00867319 0.00124567 0.00501261 -0.00174273 0.0184517 0.0048238 0.00592591 0.0180625 0.0195175 0.030511 0.0180325 0.00251385 0.00899351 0.00706466 0.00821865 -0.0041435 0.0115926 0.00752417 0.0017003
internal_weight=18964 5846 13118 734 5112 7728 6023 5390 3385 1727 1556 1514 2765 497 2625 512 3363 2252 64 479 57 422 1111 1493 857 777 80 636 749 183
internal_count=18964 5846 13118 734 5112 7728 6023 5390 3385 1727 1556 1514 2765 497 2625 512 3363 2252 64 479 57 422 1111 1493 857 777 80 636 749 183
cat_boundaries=0 1 2 3
cat_threshold=132 704 27266
is_linear=0
shrinkage=0.03


Tree=69
num_leaves=31
num_cat=1
split_feature=18 18 9 9 53 0 6 18 55 9 55 7 22 34 29 33 21 6 9 53 53 6 7 17 17 6 3 24 57 36
split_gain=642.816 196.35 104.576 55.5765 23.9221 19.3547 18.697 18.0158 16.479 12.9148 12.899 32.0429 14.3247 12.2169 9.78355 19.1329 10.8095 9.66622 11.2597 8.73703 8.68938 8.52901 8.18025 7.92128 12.4789 7.866 10.381 7.8561 7.8342 13.6155
threshold=24.215098381511236 28.458469390869144 22.548346519470218 25.674401283264164 1.5637347526849001 0 15.500000000000002 32.309156419409184 0.32227217985722545 24.889999390187992 1.6797837711283303 45.500000000000007 27.559652328491214 22.12726974487305 26.640708923339847 26.952976226806644 26.044427871704105 9.5000000000000018 26.735161781311039 1.6946600531907181 0.38547034853211143 14.500000000000002 10.500000000000002 -0.84171599999999991 -1.0335454999999998 13.500000000000002 3.1661955000000006 22.037751197814945 150.00000000000003 23.483766555786136
decision_type=2 2 2 2 2 9 2 2 2 2 2 2 2 2 2 2 2 2 2 2 2 2 2 8 10 2 2 2 2 2
left_child=2 3 5 9 7 23 8 -3 -4 19 17 12 -12 20 22 16 -16 18 -5 21 -10 25 -11 24 -1 -2 -27 -7 29 -19
right_child=1 4 6 10 -6 27 -8 -9 13 14 11 -13 -14 -15 15 -17 -18 28 -20 -21 -22 -23 -24 -25 -26 26 -28 -29 -30 -31
leaf_value=-0.0073069659553432918 0.002393966874703037 0.023015356770652928 -0.002691580161185772 0.0097258940240489717 -0.0067542805220000444 -0.0069922262772432117 -0.0054272577717417256 0.035525171878386511 -0.014508003958979169 0.0098240296041163123 0.048085145004093645 -0.0081935276091098779 0.018516539798985265 0.0011722902120995368 0.012928910480439664 -0.0023396815848536786 0.040305132534768841 -0.015372501783792606 0.018562922177549734 0.019095883569014923 -0.0019031649796121127 -0.0016302024161039465 0.0044571351835585183 -0.010270348469870598 0.011581315395101351 0.012418153743997637 -0.0029129252796289773 -0.0044627148455060701 0.02406777354888618 0.0084213573615608533
leaf_weight=211 1433 351 2094 345 20 2048 832 147 74 312 30 23 29 3159 25 32 27 22 208 28 147 413 1414 1524 37 159 53 2400 28 1339
leaf_count=211 1433 351 2094 345 20 2048 832 147 74 312 30 23 29 3159 25 32 27 22 208 28 147 413 1414 1524 37 159 53 2400 28 1339
internal_value=1.87027e-07 0.00770444 -0.00395957 0.00615467 0.025416 -0.00671959 -0.00123719 0.026708 -0.00060034 0.00405959 0.0101875 0.0218425 0.0335514 0.000695239 0.00591386 0.0159118 0.0271435 0.00969538 0.0130498 0.00245066 -0.00612379 0.00222419 0.00542728 -0.00940812 -0.00448896 0.00319189 0.00858538 -0.00561476 0.0083599 0.00803674
internal_weight=18964 6438 12526 5920 518 6220 6306 498 5474 3896 2024 82 59 3380 1810 84 52 1942 553 2086 221 2058 1726 1772 248 1645 212 4448 1389 1361
internal_count=18964 6438 12526 5920 518 6220 6306 498 5474 3896 2024 82 59 3380 1810 84 52 1942 553 2086 221 2058 1726 1772 248 1645 212 4448 1389 1361
cat_boundaries=0 1
cat_threshold=196
is_linear=0
shrinkage=0.03


Tree=70
num_leaves=31
num_cat=0
split_feature=9 9 9 20 18 46 52 6 6 6 26 35 54 55 55 54 50 51 49 37 22 9 24 59 28 6 6 52 2 18
split_gain=606.469 208.879 68.4965 48.2773 43.6289 18.742 13.5822 13.2445 12.56 14.9484 11.8391 14.1968 11.3504 16.3257 10.8036 21.1054 10.5578 10.2109 10.1576 13.5233 10.1055 9.90384 9.89426 9.77662 15.1714 8.69559 13.507 12.2577 16.7014 13.6382
threshold=23.796839714050297 27.074039459072271 22.212726593017585 29.556647300720218 25.191869735717777 22.889352798461918 0.29096789558001684 10.500000000000002 11.500000000000002 15.500000000000002 26.72652626037598 25.767339706420902 0.37558328584815709 0.62143305964614615 0.32227217985722545 0.14592677304122545 25.408308267573492 25.573138395991617 27.866635322556643 28.451020242260746 21.322292327880863 23.262086868286136 25.673052787780765 5.5000000000000009 26.82010650634766 14.500000000000002 13.500000000000002 0.50610064737488936 7.3900990000000002 24.379463194621586
decision_type=2 2 2 2 2 2 2 2 2 2 2 2 2 2 2 2 2 2 2 2 2 2 2 2 2 2 2 2 2 2
left_child=2 4 20 7 25 -4 -5 18 21 14 16 -12 13 -11 -10 -16 -9 -6 19 -3 -1 -7 -18 -19 -25 26 -2 -28 -29 -30
right_child=1 3 5 6 17 8 -8 10 9 12 11 -13 -14 -15 15 -17 22 23 -20 -21 -22 -23 -24 24 -26 -27 27 28 29 -31
leaf_value=-0.010220648253802705 0.0025124914911312996 0.020938501674560427 -0.0043206660933155627 0.03103500438614067 0.00527557253435618 -0.0064852902202385361 0.016482180634823939 0.016418118168684569 -0.0017630179483309313 -0.002239723821748048 0.034593739956617353 0.011166581234869894 -0.0081681080190948649 0.021916576264692206 0.030724863633513448 0.0023309790020020803 -0.02035272822431896 0.0084603432290381569 0.013659025290801834 0.047666438430547714 -0.0066364813421272723 -0.00078410661483464524 0.0030178053364423767 0.011714191147103356 0.041823227289598433 -0.00014296767826780905 0.0043445338794635127 0.0084520824925833141 0.012434779214470282 0.044148540476766911
leaf_weight=880 2765 115 2977 291 1122 584 72 33 701 250 27 169 308 28 24 1287 23 1569 156 20 3622 517 56 61 20 828 291 119 23 26
leaf_count=880 2765 115 2977 291 1122 584 72 33 701 250 27 169 308 28 24 1287 23 1569 156 20 3622 517 56 61 20 828 291 119 23 26
internal_value=1.81435e-07 0.00642832 -0.00447732 0.0195154 0.00458339 -0.00254883 0.0281485 0.0142837 -0.00112283 1.51836e-05 0.00994762 0.0143938 -0.00420144 0.000193285 0.00124329 0.00285078 0.00216681 0.00748359 0.0188731 0.0248982 -0.00733707 -0.00380817 -0.00378627 0.00898504 0.0191485 0.00259935 0.00330365 0.00806954 0.0145218 0.0292625
internal_weight=18964 7786 11178 962 6824 6676 363 599 3699 2598 308 196 586 278 2012 1311 112 2772 291 135 4502 1101 79 1650 81 4052 3224 459 168 49
internal_count=18964 7786 11178 962 6824 6676 363 599 3699 2598 308 196 586 278 2012 1311 112 2772 291 135 4502 1101 79 1650 81 4052 3224 459 168 49
is_linear=0
shrinkage=0.03


Tree=71
num_leaves=31
num_cat=2
split_feature=9 18 9 9 20 8 0 0 6 6 46 6 26 53 6 8 6 15 6 47 44 44 7 48 7 7 23 54 3 7
split_gain=570.838 189.942 74.9204 48.0256 29.5898 16.5962 15.2959 13.6356 11.9251 12.7039 29.6292 25.934 19.0634 11.0266 10.9574 15.1688 12.8944 10.5264 10.2257 9.66871 9.61007 9.81128 9.5767 9.93576 9.46027 19.7304 9.42274 9.25988 13.3313 15.9083
threshold=23.94834136962891 27.941645622253425 22.352839469909672 25.674401283264164 31.479162216186527 1.5000000000000002 0 1 14.500000000000002 12.500000000000002 26.748606681823734 10.500000000000002 26.403758049011234 1.5637347526849001 15.500000000000002 3.5000000000000004 12.500000000000002 2.3811510069423352 10.500000000000002 27.155699729365239 24.194810867309574 23.264201164245609 42.500000000000007 24.192021369934086 29.500000000000004 33.500000000000007 25.422742843627933 0.75519512204961625 0.97096650000000018 46.500000000000007
decision_type=2 2 2 2 2 2 9 9 2 2 2 2 2 2 2 2 2 10 2 2 2 2 2 2 2 2 2 2 2 2
left_child=2 3 6 7 13 19 -1 18 9 11 12 -9 -11 -3 15 -7 24 -18 -2 -4 21 -5 -10 -24 -17 -26 -23 28 29 -13
right_child=1 4 5 20 -6 14 -8 8 22 10 -12 27 -14 -15 -16 16 17 -19 -20 -21 -22 26 23 -25 25 -27 -28 -29 -30 -31
leaf_value=-0.0041267397071926906 0.0032522332591451196 0.01866563328008667 0.00076510241417626374 0.014165284538074681 0.030877759954576037 -0.0030043743294045494 -0.0078014100009291491 0.0071194955054489223 0.0031067181536060542 0.0064827618202743711 0.040368954961001874 0.0053215628912996341 0.032080362922408512 -0.00078676020360684824 -0.0055396349422798096 -0.0057773752872047847 0.0089289103999364242 -0.00095427983523612586 -0.0025172385871476263 0.021287823415228297 0.0097038601351830504 -0.0099861344603391789 0.0047652189926027429 -0.0088213256952440131 0.02255572077793044 -0.0010843200064885119 0.0063616602086732461 -0.0089372388872892613 -0.00064344080444160763 0.034842756975442167
leaf_weight=1522 578 414 1278 46 221 3220 3731 987 598 867 25 92 27 28 987 266 262 154 530 21 1763 65 73 144 37 225 62 94 627 20
leaf_count=1522 578 414 1278 46 221 3220 3731 987 598 867 25 92 27 28 987 266 262 154 530 21 1763 65 73 144 37 225 62 94 627 20
internal_value=1.75973e-07 0.00660807 -0.00409962 0.00506997 0.0219148 -0.00193343 -0.00675942 0.0034206 0.00432132 0.00528141 0.00815664 0.00382958 0.00725584 0.0174334 -0.00269763 -0.00202398 0.00132015 0.00527023 0.000488063 0.00109688 0.00904175 0.00229438 0.00114774 -0.00425074 -0.00179203 0.00225416 -0.00200532 -6.85461e-05 0.00105954 0.0105932
internal_weight=18964 7261 11703 6598 663 6450 5253 4662 3554 2739 919 1820 894 442 5151 4164 944 416 1108 1299 1936 173 815 217 528 262 127 833 739 112
internal_count=18964 7261 11703 6598 663 6450 5253 4662 3554 2739 919 1820 894 442 5151 4164 944 416 1108 1299 1936 173 815 217 528 262 127 833 739 112
cat_boundaries=0 1 2
cat_threshold=8713 1352
is_linear=0
shrinkage=0.03


Tree=72
num_leaves=31
num_cat=0
split_feature=18 19 18 9 21 47 22 7 55 7 53 55 19 41 53 47 6 6 6 51 54 7 23 44 42 52 49 33 21 9
split_gain=537.874 164.474 88.5692 35.3112 31.2786 22.9741 13.7952 12.573 10.6624 27.7251 10.5427 11.1333 12.6389 10.882 10.4899 10.0886 9.57277 13.9377 14.5662 22.1352 10.8359 10.4593 8.75925 17.0363 10.5676 8.56705 8.29694 7.62407 9.84487 7.1927
threshold=24.215098381511236 27.711486816406254 22.921377182006839 25.610674858093265 31.528106689453129 22.14270114898682 22.737637519836429 33.500000000000007 1.6797837711283303 43.500000000000007 1.6946600531907181 1.4931445965129371 26.583355903625492 26.409702300244145 1.6946600531907181 27.598443031311039 10.500000000000002 12.500000000000002 14.500000000000002 25.573138395991617 0.70921875856483474 42.500000000000007 24.838911056518558 25.752305030822757 25.142318725585941 1.6599892834646715 21.400191784162114 22.124615669250492 23.172602653503422 26.633753776550297
decision_type=2 2 2 2 2 2 2 2 2 2 2 2 2 2 2 2 2 2 2 2 2 2 2 2 2 2 2 2 2 2
left_child=2 3 5 6 14 7 -2 26 25 -10 11 12 16 -13 -3 22 -8 20 19 -19 -18 -20 27 24 -24 29 -1 28 -4 -5
right_child=1 4 15 8 -6 -7 10 -9 9 -11 -12 13 -14 -15 -16 -17 17 18 21 -21 -22 -23 23 -25 -26 -27 -28 -29 -30 -31
leaf_value=-0.0085414379833948957 -0.018592592011392114 0.017191786826880429 -0.0019564960411552227 0.0073531331185074352 0.029804355427622792 -0.0040002532643616832 0.0057012779495228426 -0.0091939137626606913 0.036757990843742282 -0.0070829218067228793 0.020912603549659251 -0.02683884731360844 0.021259945572630778 0.0011308486897858882 -0.0049702651128172874 0.019847087369893084 0.00065553418022849905 0.0059701122563532195 0.0029525060137255469 0.033590754543741545 -0.009668024096987209 -0.0060053925430647243 0.0050643167794757601 -0.013996264085274291 0.022627372415484608 -0.009603374496800824 -0.0044646508128228643 -0.00059421408673767881 -0.018180918193915308 0.011625000450549353
leaf_weight=650 25 494 99 1401 222 3924 1294 1697 37 20 32 21 37 31 20 22 712 795 514 27 105 152 185 37 37 24 1455 4369 51 475
leaf_count=650 25 494 99 1401 222 3924 1294 1697 37 20 32 21 37 31 20 22 712 795 514 27 105 152 185 37 37 24 1455 4369 51 475
internal_value=-1.79845e-08 0.00704736 -0.00362216 0.00532462 0.0203939 -0.00561054 0.00361801 -0.00727251 0.00859046 0.0213752 0.00376728 0.00361851 0.00381563 -0.0101646 0.0163295 -0.000421699 0.00363629 0.00247703 0.00420562 0.00687736 -0.000671239 0.000908061 -0.000515025 0.00485038 0.00799149 0.00820691 -0.00572352 -0.000822536 -0.0074728 0.00843476
internal_weight=18964 6438 12526 5702 736 7726 3745 3802 1957 57 3720 3688 3636 52 514 4800 3599 2305 1488 822 817 666 4778 259 222 1900 2105 4519 150 1876
internal_count=18964 6438 12526 5702 736 7726 3745 3802 1957 57 3720 3688 3636 52 514 4800 3599 2305 1488 822 817 666 4778 259 222 1900 2105 4519 150 1876
is_linear=0
shrinkage=0.03


Tree=73
num_leaves=31
num_cat=1
split_feature=9 9 51 21 18 6 49 38 10 26 50 26 6 8 51 7 55 27 55 16 0 6 49 37 7 53 6 56 16 36
split_gain=507.357 176.055 56.5269 41.9541 37.4879 13.7255 12.1669 11.6459 11.1868 13.4334 12.573 11.5458 10.6438 10.5268 10.4096 9.5155 18.1223 9.58751 14.1441 18.1714 9.19681 14.8715 9.09848 12.284 8.70961 10.755 10.4965 13.3906 11.6572 9.7529
threshold=23.773359298706058 27.074039459072271 22.539838314040285 29.592650413513187 25.191869735717777 10.500000000000002 21.73947448730469 21.812260627746586 4.5000000000000009 27.004270553588871 25.408308267573492 25.761793136596683 8.5000000000000018 1.5000000000000002 26.553270657898441 41.500000000000007 1.6797837711283303 27.621239662170414 0.95779024825235581 0.86218100000000064 0 10.500000000000002 27.866635322556643 28.451020242260746 19.500000000000004 0.08016814245496634 11.500000000000002 0.0910282135009748 2.2981935000000004 23.391743659973148
decision_type=2 2 2 2 2 2 2 2 2 2 2 2 2 2 2 2 2 2 2 8 9 2 2 2 2 2 2 2 8 2
left_child=2 4 6 5 20 22 -1 -4 9 10 -7 -12 -5 24 -11 16 -6 18 -17 -20 21 -2 23 -3 26 -26 -9 28 -28 -29
right_child=1 3 7 12 15 8 -8 13 -10 14 11 -13 -14 -15 -16 17 -18 -19 19 -21 -22 -23 -24 -25 25 -27 27 29 -30 -31
leaf_value=-0.0080480447491826871 0.0039169446035423952 0.019592458737690163 -0.024156005824250835 0.037819820893438237 0.0076570015016964848 0.014315726773347704 -0.0051671248490024104 -0.0014697935409808101 0.025092958625067364 0.030731189069540601 -0.024338656231187857 0.00014590791928080412 0.023696527612800174 -0.0024552881053438095 0.0089861085319605013 0.0046346507751896309 0.034442918747663497 0.02017353730596369 -0.023272675154730676 0.0096597786068916315 0.0034785847627922775 -0.0018904011661848366 0.012729256072511467 0.045066240012645725 0.017073123375552571 -0.0019112482765798477 -0.0007435410993244752 0.034388272075189484 0.016193514815619533 0.0091180806301002001
leaf_weight=2001 689 115 21 57 1953 32 3873 156 33 23 26 52 305 4140 143 702 23 32 38 25 2501 936 156 20 28 658 118 27 53 28
leaf_count=2001 689 115 21 57 1953 32 3873 156 33 23 26 52 305 4140 143 702 23 32 38 25 2501 936 156 20 28 658 118 27 53 28
internal_value=-1.74494e-08 0.00583167 -0.00412889 0.0178547 0.00415518 0.0129883 -0.00614852 -0.00186015 0.00858506 0.00661129 -0.00151922 -0.00801561 0.0259204 -0.00177024 0.011999 0.00685269 0.00796878 0.00408558 0.00341262 -0.0102042 0.00234224 0.000568415 0.017664 0.0233664 0.000885268 -0.00113638 0.00451576 0.00864738 0.00450596 0.0215234
internal_weight=18964 7861 11103 962 6899 600 5874 5229 309 276 110 78 362 5208 166 2773 1976 797 765 63 4126 1625 291 135 1068 686 382 226 171 55
internal_count=18964 7861 11103 962 6899 600 5874 5229 309 276 110 78 362 5208 166 2773 1976 797 765 63 4126 1625 291 135 1068 686 382 226 171 55
cat_boundaries=0 1
cat_threshold=1289
is_linear=0
shrinkage=0.03


Tree=74
num_leaves=31
num_cat=2
split_feature=18 20 18 19 20 0 12 55 7 49 52 19 27 7 6 7 7 7 51 22 6 55 45 39 20 6 18 52 16 0
split_gain=477.285 148.726 79.0539 32.2846 24.9738 20.8177 14.3703 12.601 29.8911 16.3805 12.8446 12.0759 9.81509 9.67691 13.1831 9.13578 8.92398 10.218 14.4916 11.9728 8.56021 10.5502 8.53952 8.50972 10.1183 8.47396 8.42066 8.35153 8.73064 8.06174
threshold=24.215098381511236 27.960625648498539 22.921377182006839 25.349157333374027 32.335674285888679 0 2.5000000000000004 1.6797837711283303 46.500000000000007 26.324169445123051 1.6599892834646715 22.356134414672855 23.30985260009766 18.500000000000004 14.500000000000002 33.500000000000007 51.500000000000007 28.500000000000004 26.955186335349939 29.621734619140629 15.500000000000002 0.32227217985722545 22.021859169006351 23.25153732299805 23.936060905456547 11.500000000000002 26.646412849426273 0.7843670739961407 -1.0988559999999994 1
decision_type=2 2 2 2 2 9 2 2 2 2 2 2 2 2 2 2 2 2 2 2 2 2 2 2 2 2 2 2 8 9
left_child=2 3 5 12 16 -1 7 10 9 -9 13 15 23 -5 26 -7 17 27 -19 -20 21 -4 25 24 -2 -23 -15 -3 -29 -24
right_child=1 4 20 6 -6 11 -8 8 -10 -11 -12 -13 -14 14 -16 -17 -18 18 19 -21 -22 22 29 -25 -26 -27 -28 28 -30 -31
leaf_value=-0.0082409543777689238 -0.0056772832343305801 0.01729739572620019 -0.0020315667326272152 0.0097568236961644052 0.030957175069362727 -0.0042088154804257932 0.024935581928917337 0.052567198544740672 -0.011164391455905778 0.018532922974654604 -0.012000332713359967 -0.0027678345143913601 0.0034232715618095714 0.005794255796997611 -5.7524886898943901e-05 -0.0072290895927303667 0.0078335250486378325 0.045606838781386612 0.012912844972492291 0.028791662072762847 -0.0040348043380072337 0.0052261014335516203 0.00024051932060296509 -0.011650111299083643 0.015001201036331409 -0.011066748837474733 0.011503994874176379 -0.0079401364819043207 0.018211344541981818 0.0036497216086892582
leaf_weight=1701 57 192 1448 838 148 2076 42 20 21 35 32 2356 2957 1083 286 1593 81 24 87 84 517 41 1723 74 34 96 296 27 20 975
leaf_count=1701 57 192 1448 838 148 2076 42 20 21 35 32 2356 2957 1083 286 1593 81 24 87 84 517 41 1723 74 34 96 296 27 20 975
internal_value=3.81088e-08 0.00663863 -0.00341201 0.00509366 0.0200959 -0.00529054 0.00752693 0.0072469 0.0192835 0.030909 0.00688604 -0.00443653 0.00302593 0.0071275 0.00580415 -0.00552015 0.0169746 0.0186807 0.0237768 0.020713 -0.000388343 5.1821e-05 0.00111593 -0.00409499 0.00204874 -0.00619079 0.00701984 0.0145228 0.00318815 0.00148695
internal_weight=18964 6438 12526 5775 663 7726 2653 2611 76 55 2535 6025 3122 2503 1665 3669 515 434 195 171 4800 4283 2835 165 91 137 1379 239 47 2698
internal_count=18964 6438 12526 5775 663 7726 2653 2611 76 55 2535 6025 3122 2503 1665 3669 515 434 195 171 4800 4283 2835 165 91 137 1379 239 47 2698
cat_boundaries=0 1 2
cat_threshold=132 25865
is_linear=0
shrinkage=0.03


Tree=75
num_leaves=31
num_cat=4
split_feature=18 20 18 18 20 0 22 6 55 27 55 49 41 23 27 6 6 6 0 15 6 31 24 31 7 0 53 54 20 0
split_gain=449.087 139.936 74.4002 30.8049 23.4979 18.1235 14.5206 11.6227 13.015 11.2659 17.973 26.7656 13.2246 10.5478 10.3739 12.4001 10.2539 11.5682 10.3175 10.0857 10.0673 10.2397 14.4869 10.3562 9.47991 10.5798 12.0271 9.44471 8.89561 8.68243
threshold=24.215098381511236 27.960625648498539 22.826873779296879 25.932779312133793 32.335674285888679 0 22.714262962341312 15.500000000000002 0.32227217985722545 23.686033248901371 1.6797837711283303 26.899232292175295 26.409702300244145 22.067350387573246 25.291508674621586 10.500000000000002 12.500000000000002 14.500000000000002 1 1.3821183400326043 9.5000000000000018 24.278692245483402 25.606258392333988 24.797939300537113 21.500000000000004 2 0.5378393989571344 0.70921875856483474 24.852110862731937 3
decision_type=2 2 2 2 2 9 2 2 2 2 2 2 2 2 2 2 2 2 9 8 2 2 2 2 2 9 2 2 2 9
left_child=2 3 5 6 -3 -1 -2 8 -4 -5 20 -12 -13 -7 15 -8 27 18 -18 -20 -11 22 -22 -23 25 -16 -27 -17 -29 -25
right_child=1 4 7 9 -6 13 14 -9 -10 10 11 12 -14 -15 24 16 17 -19 19 -21 21 23 -24 29 -26 26 -28 28 -30 -31
leaf_value=-0.0080276983339832731 -0.021237298842253428 0.016465401574607613 -0.0022424611589095412 -0.008955318705411627 0.03002845932729542 -0.0059421908661122652 0.0054258798064414889 -0.0045597457641330325 0.0011126835682488975 0.012271265930937053 0.052302653576646527 -0.0053432529826055878 0.027191239130561765 -0.0033248857670944492 2.9937578917686214e-05 -0.00047919698390670913 0.0016222629080675686 -0.00075075879283062539 0.029356784559786318 0.0078886554343341291 0.029814253917608696 -0.010655458342622626 0.0015305992774665355 0.0082155113876159359 0.0039853713756321423 0.0081746250559918514 0.019495595790688759 -0.0039877421445683311 -0.024430979207158088 0.0012918332237994389
leaf_weight=1662 21 515 1592 32 148 2389 965 579 3004 409 21 22 23 3300 108 520 374 486 21 317 39 33 28 647 955 318 115 53 30 238
leaf_count=1662 21 515 1592 32 148 2389 965 579 3004 409 21 22 23 3300 108 520 374 486 21 317 39 33 28 647 955 318 115 53 30 238
internal_value=-3.18679e-08 0.00643947 -0.00330975 0.00494085 0.0194931 -0.00524967 0.00364765 -0.000554124 -4.94989e-05 0.00865317 0.00903911 0.0243364 0.0112855 -0.00441622 0.00377027 0.00268177 0.00121145 0.00281743 0.00525301 0.00895746 0.00831485 0.00667203 0.0179942 0.00584568 0.00578281 0.00895574 0.0109289 -0.00197921 -0.0113769 0.00646098
internal_weight=18964 6438 12526 5775 663 7351 4283 5175 4596 1492 1460 66 45 5689 4262 2766 1801 1198 712 338 1394 985 67 918 1496 541 433 603 83 885
internal_count=18964 6438 12526 5775 663 7351 4283 5175 4596 1492 1460 66 45 5689 4262 2766 1801 1198 712 338 1394 985 67 918 1496 541 433 603 83 885
cat_boundaries=0 1 2 3 4
cat_threshold=132 17418 2312 25216
is_linear=0
shrinkage=0.03


Tree=76
num_leaves=31
num_cat=2
split_feature=9 21 9 18 0 32 9 50 0 33 6 6 48 47 56 14 23 3 27 46 27 53 26 46 12 6 52 29 31 33
split_gain=425.595 109.53 107.45 26.9728 19.8883 14.8698 13.3328 11.9585 11.8436 12.3655 12.215 11.803 11.2813 11.2362 11.1635 11.0122 12.3373 13.6983 10.5143 9.70965 19.2552 9.25531 8.91006 8.79422 8.53768 8.60122 9.90485 8.59807 12.1821 8.01023
threshold=24.813960075378422 29.592650413513187 22.919258117675785 26.347520828247074 0 23.753154754638675 23.537122726440433 23.152325773418095 1 23.384715080261234 8.5000000000000018 14.500000000000002 22.266011809740238 23.758882522199713 -0.42642307281494135 1.2475629654100364 25.214856147766117 3.1661955000000006 23.29107761383057 29.648962020874027 28.068841934204105 0.67457330824521644 27.826723098754886 23.212330820434573 2.5000000000000004 10.500000000000002 0.21122835017336603 25.507610321044925 27.254744529724125 21.917787551879886
decision_type=2 2 2 2 9 2 2 2 9 2 2 2 2 2 2 8 2 2 2 2 2 2 2 2 2 2 2 2 2 2
left_child=2 3 4 7 -1 -5 29 -2 9 13 -10 15 -6 -8 -3 -7 17 -17 21 -18 -21 -12 24 -23 25 -9 -27 -28 -29 -4
right_child=1 14 6 5 12 11 8 22 10 -11 18 -13 -14 -15 -16 16 19 -19 -20 20 -22 23 -24 -25 -26 26 27 28 -30 -31
leaf_value=-0.0078609619323213777 -0.018062246477231383 0.0071819983214578206 -0.012765965975143692 -0.014006023292683743 -0.0053701803871652595 0.022800191182263747 0.0088341487714146474 0.006743860137987453 0.0098324470360558937 0.0030669722010025977 -0.0020117932585223264 0.0037625235637692225 -0.0027675784074606834 0.031018234736357744 0.025230982117509154 0.0099506590291857707 0.0092031437952466138 0.045062624976038933 0.00086137752365668863 0.041941704118251801 0.011823056748792254 -0.0038540646169594548 0.020958688389218876 -0.023397225614637137 0.018998729334427759 0.00012166494318569051 0.002989054382976075 0.009390152496770306 -0.0071161545519928702 -0.0011916003851890741
leaf_weight=1705 20 34 55 22 3214 81 98 1298 123 592 315 176 2809 26 332 20 722 20 2713 25 81 43 32 40 39 536 783 471 44 2495
leaf_count=1705 20 34 55 22 3214 81 98 1298 123 592 315 176 2809 26 332 20 722 20 2713 25 81 43 32 40 39 536 783 471 44 2495
internal_value=1.86292e-08 0.00778972 -0.0025929 0.00646939 -0.00498388 0.0104203 0.000249796 0.00506336 0.00134148 0.00480423 0.000558255 0.0108979 -0.00414949 0.0134857 0.0235543 0.0122212 0.011234 0.0275066 0.000193375 0.0104479 0.0189265 -0.00436012 0.00520776 -0.0132725 0.00504881 0.0048751 0.0035525 0.00496925 0.0079799 -0.00144124
internal_weight=18964 4736 14228 4370 7728 1147 6500 3223 3950 716 3234 1125 6023 124 366 949 868 40 3111 828 106 398 3203 83 3171 3132 1834 1298 515 2550
internal_count=18964 4736 14228 4370 7728 1147 6500 3223 3950 716 3234 1125 6023 124 366 949 868 40 3111 828 106 398 3203 83 3171 3132 1834 1298 515 2550
cat_boundaries=0 1 2
cat_threshold=132 704
is_linear=0
shrinkage=0.03


Tree=77
num_leaves=31
num_cat=0
split_feature=9 9 9 21 19 46 6 6 6 54 46 10 26 50 24 26 52 6 59 52 49 37 7 56 52 49 20 6 28 7
split_gain=400.755 138.74 45.1197 33.3173 29.991 13.67 12.1589 11.717 11.7188 10.8529 12.7402 10.0385 11.8257 11.7451 10.9817 10.8583 9.59892 9.43777 9.11707 8.85618 8.54407 10.6809 8.33813 9.16333 10.0747 9.94135 8.70336 8.49791 13.7899 11.7683
threshold=23.773359298706058 27.074039459072271 22.181776046752933 29.592650413513187 24.963660240173343 22.889352798461918 10.500000000000002 11.500000000000002 15.500000000000002 0.37558328584815709 24.558264732360843 4.5000000000000009 27.004270553588871 25.408308267573492 27.148827552795414 25.761793136596683 0.29096789558001684 10.500000000000002 6.5000000000000009 0.97951775771038574 27.866635322556643 28.451020242260746 41.500000000000007 1.3670377728198242 0.47899899054411071 24.480766391543948 24.779540061950687 11.500000000000002 25.885800361633304 48.500000000000007
decision_type=2 2 2 2 2 2 2 2 2 2 2 2 2 2 2 2 2 2 2 2 2 2 2 2 2 2 2 2 2 2
left_child=2 4 -1 6 -2 -4 20 17 19 10 -10 12 13 -8 -14 -15 -5 -7 22 -9 21 -3 23 24 -6 26 -26 -24 -29 -30
right_child=1 3 5 16 18 7 11 8 9 -11 -12 -13 14 15 -16 -17 -18 -19 -20 -21 -22 -23 27 -25 25 -27 -28 28 29 -31
leaf_value=-0.0060515719434771223 0.0017811969091085318 0.017926919230158725 -0.0036031543403614091 0.025498837663012211 0.0056434432797077862 -0.00084898050185697887 0.013181462937500327 0.0017144371626800564 -0.0009968140049404679 -0.0073774500820306538 0.023854349054396151 0.023012669480998407 0.030835982507893017 -0.024231715104900874 0.0076237568281719388 -0.00048735313762265903 0.013323633279268667 -0.0064319763571279243 0.02416297798976302 -0.0088635756558663129 0.011138045685992647 0.041680466607213015 0.0057562737597969408 -0.0084392316515247024 0.0070624685630594434 0.011473898693783147 -0.017002724119728165 -0.0036273286078838934 -0.0017717713153078442 0.015711650172756476
leaf_weight=4352 3564 115 3091 289 1706 575 32 1905 259 309 20 33 21 26 145 52 73 518 24 74 156 20 547 36 38 534 21 289 63 77
leaf_count=4352 3564 115 3091 289 1706 575 32 1905 259 309 20 33 21 26 145 52 73 518 24 74 156 20 547 36 38 534 21 289 63 77
internal_value=-1.06292e-07 0.00518284 -0.00366967 0.0158559 0.00369458 -0.00213419 0.0115193 -0.000893593 0.000214016 -0.00350463 0.000784631 0.00737495 0.00550522 -0.00212327 0.0105602 -0.00840214 0.0230436 -0.0034949 0.00573936 0.0013189 0.0159201 0.021446 0.00560581 0.00657914 0.00681431 0.0101828 -0.00150311 0.00327721 0.000116265 0.00784411
internal_weight=18964 7861 11103 962 6899 6751 600 3660 2567 588 279 309 276 110 166 78 362 1093 3335 1979 291 135 3311 2335 2299 593 59 976 429 140
internal_count=18964 7861 11103 962 6899 6751 600 3660 2567 588 279 309 276 110 166 78 362 1093 3335 1979 291 135 3311 2335 2299 593 59 976 429 140
is_linear=0
shrinkage=0.03


Tree=78
num_leaves=31
num_cat=1
split_feature=9 21 19 9 47 27 28 6 55 33 6 6 46 54 0 52 10 6 7 56 16 53 53 21 55 7 6 17 4 7
split_gain=377.904 96.8178 96.5205 23.3715 18.9367 13.6186 13.1357 12.9111 12.5062 12.5606 12.9312 18.1363 33.8037 13.1643 22.9955 12.0756 14.5102 11.2869 11.0302 10.2963 8.95738 18.4769 11.0492 15.3634 13.018 8.548 8.46332 12.4485 10.6631 7.90919
threshold=24.813960075378422 29.592650413513187 23.075007438659672 26.339530944824222 22.073082926318364 22.964392662048343 22.830192565917972 8.5000000000000018 0.42344302081067603 21.928968429565433 14.500000000000002 12.500000000000002 26.6499137878418 0.52711702108604175 0 1.6599892834646715 3.5000000000000004 14.500000000000002 32.500000000000007 -0.42642307281494135 -0.78762299999999985 0.77997736678812235 0.87852598012458827 26.365627288818363 1.4931445965129371 10.500000000000002 11.500000000000002 1.8143935000000002 6.8206665000000006 27.500000000000004
decision_type=2 2 2 2 2 2 2 2 2 2 2 2 2 2 9 2 2 2 2 2 10 2 2 2 2 2 2 8 2 2
left_child=2 3 4 5 18 -2 -4 -8 -9 -10 11 13 25 14 -11 17 -17 20 -1 -3 22 -22 24 -24 -5 -13 -16 -28 -29 -23
right_child=1 19 6 15 -6 -7 7 8 9 10 -12 12 -14 -15 26 16 -18 -19 -20 -21 21 29 23 -25 -26 -27 27 28 -30 -31
leaf_value=-0.0046102509009243757 -0.018244262400852598 0.0064381580887471921 -0.0040859910013871107 0.010683782325048149 -0.0032828858750909278 0.004924315220345356 0.0080040654861619938 -0.00089379737974632824 -0.021630717627704143 -0.0026777692971913336 -0.00090671022738647166 -0.00079974994805650504 0.045294666185975073 -0.0025653440748002547 0.0070269400722122394 -0.021549771949648858 0.011439142767339944 0.0031485535000235986 -0.0079465855286336082 0.023771964248651301 0.010133442964272953 0.043343334379792209 0.017247628449861493 -0.0071542542543181252 0.03122121624648571 0.0071897036150493617 -0.00021755602041428738 0.013931771667013244 0.039239776905049997 0.022123716871232487
leaf_weight=1901 23 34 517 659 4724 3157 222 2529 20 211 815 145 20 503 145 24 24 169 1680 332 113 25 35 69 29 714 22 31 29 43
leaf_count=1901 23 34 517 659 4724 3157 222 2529 20 211 815 145 20 503 145 24 24 169 1680 332 113 25 35 69 29 714 22 31 29 43
internal_value=-1.03096e-07 0.00734019 -0.00244343 0.00609884 -0.00453013 0.00475674 0.000482463 0.000919365 0.000615969 0.00205409 0.00223386 0.00364021 0.00673877 0.000745806 0.00454834 0.00968528 -0.00505531 0.0103049 -0.00617547 0.0221617 0.0115478 0.017569 0.0101718 0.00105792 0.0115495 0.00584108 0.0109028 0.019086 0.026164 0.029925
internal_weight=18964 4736 14228 4370 8305 3180 5923 5406 5184 2655 2635 1820 879 941 438 1190 48 1142 3581 366 973 181 792 104 688 859 227 82 60 68
internal_count=18964 4736 14228 4370 8305 3180 5923 5406 5184 2655 2635 1820 879 941 438 1190 48 1142 3581 366 973 181 792 104 688 859 227 82 60 68
cat_boundaries=0 1
cat_threshold=9729
is_linear=0
shrinkage=0.03


Tree=79
num_leaves=31
num_cat=0
split_feature=9 19 19 18 54 9 32 6 50 6 34 6 54 31 54 6 17 17 29 34 12 44 25 9 27 7 18 6 32 20
split_gain=355.574 91.1125 90.811 20.4132 18.4131 18.2586 13.0816 11.5579 10.8454 9.7265 9.32584 10.6767 9.09302 8.89143 10.0823 10.1802 8.72614 8.62199 8.58121 8.56383 7.73187 7.69215 9.85265 7.60599 7.56636 7.38405 12.6227 9.30464 7.31696 6.93051
threshold=24.813960075378422 29.018083572387699 23.075007438659672 26.347520828247074 1.1357041280018021 22.064377784729007 23.753154754638675 16.500000000000004 23.152325773418095 8.5000000000000018 27.74895000457764 8.5000000000000018 0.36868638750698429 24.194485664367679 1.7377380911442637 11.500000000000002 -0.91870249999999976 0.49403600000000003 23.950966835021976 27.958295822143558 2.5000000000000004 29.598188400268558 28.622634888703619 21.085356712341312 28.719320297241214 11.500000000000002 23.845472335815433 14.500000000000002 28.401448249106448 32.335674285888679
decision_type=2 2 2 2 2 2 2 2 2 2 2 2 2 2 2 2 8 10 2 2 2 2 2 2 2 2 2 2 2 2
left_child=2 3 5 8 10 23 -5 9 -2 -4 -3 -12 -9 -8 15 16 -15 -11 -19 -17 25 22 -18 -1 -23 26 -10 -27 -21 -13
right_child=1 4 7 6 -6 -7 13 12 20 17 11 29 -14 14 -16 19 21 18 -20 28 -22 24 -24 -25 -26 27 -28 -29 -30 -31
leaf_value=-0.01127482962111632 -0.017434616988699414 0.041868373453617096 0.0065688709855326851 -0.014670844126492737 -0.00049163203376034888 -0.0031013792938987131 0.025918955117464063 0.0056555477549370958 -0.016049409975763408 0.0012548981978037742 0.032849619294467725 0.015588217759483153 -0.011012750877394476 0.016752084330734558 0.025412295871030756 0.0066378058227005215 0.0089515356646860823 -0.0029967083419671168 0.0012518745892711382 -0.017327899240869249 0.018177765870564862 0.032647852176881355 -0.0079274949497159779 -0.0055882549477567246 0.0090260994957330146 0.0046602698319611023 0.0081590985136405954 -0.00017396294656500013 0.0056984816633326848 0.024694160815842192
leaf_weight=225 20 20 243 20 36 4502 30 38 20 3733 57 214 131 177 34 312 368 1061 717 27 38 23 34 3578 26 2078 630 433 23 116
leaf_count=225 20 20 243 20 36 4502 30 38 20 3733 57 214 131 177 34 312 368 1061 717 27 38 23 34 3578 26 2078 630 433 23 116
internal_value=-1.42361e-07 0.00711998 -0.00237018 0.0057833 0.0200734 -0.00439422 0.00936472 0.000467854 0.00458839 0.00069497 0.0218924 0.02086 -0.00726485 0.0098208 0.00934917 0.00879751 0.0111072 0.000435968 -0.00128342 0.00479063 0.00472607 0.00889182 0.00752396 -0.00592469 0.0201139 0.00456437 0.00741422 0.00382665 -0.00673576 0.0187891
internal_weight=18964 4736 14228 4293 443 8305 1074 5923 3219 5754 407 387 169 1054 1024 990 628 5511 1778 362 3199 451 402 3803 49 3161 650 2511 50 330
internal_count=18964 4736 14228 4293 443 8305 1074 5923 3219 5754 407 387 169 1054 1024 990 628 5511 1778 362 3199 451 402 3803 49 3161 650 2511 50 330
is_linear=0
shrinkage=0.03


Tree=80
num_leaves=31
num_cat=1
split_feature=9 18 23 9 18 0 27 19 6 6 46 6 29 33 54 3 7 55 53 7 52 24 44 44 47 23 7 8 6 27
split_gain=335.698 116.612 38.8105 32.7039 18.5476 11.3018 10.7622 10.4944 9.64434 15.109 29.1079 19.0239 14.2574 9.47277 9.34669 11.3574 13.6401 8.7096 8.6873 8.62088 10.5564 9.06426 8.12055 9.33705 8.74784 8.12561 7.93613 9.72051 8.92219 7.60679
threshold=23.773359298706058 27.941645622253425 22.154624938964847 25.674401283264164 32.309156419409184 0 25.465660095214847 23.075007438659672 14.500000000000002 12.500000000000002 26.748606681823734 10.500000000000002 26.640708923339847 21.904702186584476 0.75519512204961625 0.97096650000000018 46.500000000000007 0.79696682356744064 0.68441711329103405 18.500000000000004 0.70638258820818367 25.101541519165043 24.194810867309574 23.264201164245609 24.157383918762211 25.422742843627933 32.500000000000007 1.5000000000000002 15.500000000000002 24.879459381103519
decision_type=2 2 2 2 2 9 2 2 2 2 2 2 2 2 2 2 2 2 2 2 2 2 2 2 2 2 2 2 2 2
left_child=2 3 26 5 6 18 -3 -4 9 11 12 -7 -11 -9 15 16 -13 -16 -2 21 -21 -10 23 -5 29 -25 28 -28 -1 -24
right_child=1 4 7 22 -6 8 -8 13 19 10 -12 14 -14 -15 17 -17 -18 -19 -20 20 -22 -23 24 25 -26 -27 27 -29 -30 -31
leaf_value=-0.0028522086186570854 0.00062901720962934237 -0.0074884363263845437 -0.0029584584610769867 0.012345360201662001 0.02613510397942485 0.0052355428976400623 0.014957706783400594 -0.016565886180085893 0.00040315269292997462 0.005602565974277298 0.037193391530641488 0.0044017385836091954 0.029506938214535299 -0.00039886471019000931 -0.019741675836920013 -0.00098545696451818364 0.030749071783253125 -0.0022356654099627013 -0.0089872211701963294 -0.00011277035357393584 -0.012274417661717288 0.010815924807339906 0.033695880749395911 -0.010840768577387699 0.007214961925328266 0.0043401720374822619 0.005314151764498092 -0.0074895207379581117 -0.0066038237767299607 0.0099876939685180268
leaf_weight=1318 1193 20 4076 46 148 1098 496 33 189 949 28 112 23 2819 41 715 21 68 91 535 73 125 21 65 1713 62 55 1796 1006 29
leaf_count=1318 1193 20 4076 46 148 1098 496 33 189 949 28 112 23 2819 41 715 21 68 91 535 73 125 21 65 1713 62 55 1796 1006 29
internal_value=-1.38088e-07 0.0047435 -0.00335867 0.00363366 0.016773 0.00240689 0.0140877 -0.00198178 0.00319289 0.00401251 0.00703691 0.00254079 0.0061682 -0.000585931 -0.000551004 0.000511938 0.00856184 -0.0088205 -5.21017e-05 0.000511737 -0.00157297 0.00454836 0.00696736 0.000764898 0.007576 -0.0034296 -0.00564349 -0.00710908 -0.00447619 0.0199451
internal_weight=18964 7861 11103 7197 664 5261 516 6928 3977 3055 1000 2055 972 2852 957 848 133 109 1284 922 608 314 1936 173 1763 127 4175 1851 2324 50
internal_count=18964 7861 11103 7197 664 5261 516 6928 3977 3055 1000 2055 972 2852 957 848 133 109 1284 922 608 314 1936 173 1763 127 4175 1851 2324 50
cat_boundaries=0 1
cat_threshold=1288
is_linear=0
shrinkage=0.03


Tree=81
num_leaves=31
num_cat=1
split_feature=9 18 23 9 18 0 27 8 6 50 27 55 54 6 7 38 6 6 46 6 29 54 3 7 55 53 7 52 25 52
split_gain=315.858 109.72 36.5168 30.7711 17.4514 10.6339 10.1262 10.1047 9.26663 12.8816 17.1186 19.2415 11.1446 13.6361 13.0099 11.3812 9.07436 14.216 27.3876 17.8996 13.4148 8.7943 10.6862 12.8339 8.19486 8.17388 8.11139 9.93251 9.51702 7.84338
threshold=23.773359298706058 27.941645622253425 22.154624938964847 25.674401283264164 32.309156419409184 0 25.465660095214847 1.5000000000000002 12.500000000000002 23.48472719186255 22.721116065979007 0.76381518428244843 0.61260718378158219 11.500000000000002 46.500000000000007 23.899418830871586 14.500000000000002 12.500000000000002 26.748606681823734 10.500000000000002 26.640708923339847 0.75519512204961625 0.97096650000000018 46.500000000000007 0.79696682356744064 0.68441711329103405 18.500000000000004 0.70638258820818367 25.131927490234379 0.7843670739961407
decision_type=2 2 2 2 2 9 2 2 2 2 2 2 2 2 2 2 2 2 2 2 2 2 2 2 2 2 2 2 2 2
left_child=2 3 -1 5 6 25 -3 8 12 10 -10 -12 13 -4 15 -15 17 19 20 -7 -19 22 23 -21 -23 -2 28 -28 -18 -11
right_child=1 4 7 -5 -6 16 -8 -9 9 29 11 -13 -14 14 -16 -17 26 18 -20 21 -22 24 -24 -25 -26 -27 27 -29 -30 -31
leaf_value=-0.0054741824594691591 0.00061014670157078681 -0.0072637827582657331 -0.001267849785994548 0.0067583415589645536 0.02535105036319913 0.0050784766109729608 0.014508975596939805 -0.002435594008369265 -0.012676192168146371 0.0035036099958233534 0.0084903000130955326 0.035641626463107326 -0.0064209003680868139 -0.0031884378917767841 0.028478441432946255 0.01840491423010826 0.0002764799787995883 0.0054344889863484486 0.036077589169809861 0.0042696863401215524 0.028621730911342996 -0.019149425417275687 -0.00095589327941289644 0.029826599806547165 -0.0021685956082964208 -0.0087176045246299474 -0.0001093872497897273 -0.011906185102792958 0.011008100930181879 -0.009539232845672152
leaf_weight=4175 1193 20 433 1936 148 1098 496 5770 21 169 76 34 249 59 27 35 193 949 28 112 23 41 715 21 68 91 535 73 121 55
leaf_count=4175 1193 20 433 1936 148 1098 496 5770 21 169 76 34 249 59 27 35 193 949 28 112 23 41 715 21 68 91 535 73 121 55
internal_value=-1.33954e-07 0.0046012 -0.00325791 0.00352465 0.0162698 0.00233468 0.0136651 -0.00192232 0.000635163 0.00467135 0.0121441 0.0168825 -0.0011492 0.0012202 0.0101237 0.00485164 0.0030971 0.00389214 0.0068258 0.00246456 0.00598316 -0.000534474 0.00049658 0.00830499 -0.00855588 -5.05386e-05 0.000496385 -0.00152578 0.00441191 0.000301126
internal_weight=18964 7861 11103 7197 664 5261 516 6928 1158 355 131 110 803 554 121 94 3977 3055 1000 2055 972 957 848 133 109 1284 922 608 314 224
internal_count=18964 7861 11103 7197 664 5261 516 6928 1158 355 131 110 803 554 121 94 3977 3055 1000 2055 972 957 848 133 109 1284 922 608 314 224
cat_boundaries=0 1
cat_threshold=1288
is_linear=0
shrinkage=0.03


Tree=82
num_leaves=31
num_cat=2
split_feature=9 19 19 9 54 47 0 6 55 33 6 6 47 54 0 6 54 24 6 15 24 36 6 54 6 59 45 53 31 7
split_gain=297.668 80.9868 69.5132 20.0039 16.4057 15.8842 13.3871 10.6795 10.5052 11.3839 10.0319 10.3267 21.4632 10.9529 18.7228 14.28 14.3717 10.9392 10.6426 10.8679 9.8621 9.16442 10.1302 9.11631 8.93494 9.22868 19.5765 8.73014 8.70201 8.69313
threshold=24.658596038818363 29.018083572387699 23.075007438659672 26.339530944824222 1.1357041280018021 21.892194747924808 0 16.500000000000004 0.37303738332370578 22.3106803894043 14.500000000000002 12.500000000000002 26.434495925903324 0.55655629679755647 1 11.500000000000002 0.48148569424015469 23.033941268920898 8.5000000000000018 2.7650081969892537 27.794235229492191 27.980250358581547 8.5000000000000018 0.36868638750698429 14.500000000000002 5.5000000000000009 26.306880950927738 0.87852598012458827 23.768035888671879 16.500000000000004
decision_type=2 2 2 2 2 2 9 2 2 2 2 2 2 2 9 2 2 2 2 8 2 2 2 2 2 2 2 2 2 2
left_child=2 3 5 6 21 -1 -2 8 -4 -10 11 13 -13 14 15 -11 -17 -16 -15 -20 -8 -3 -23 -9 25 28 -27 -12 -5 -26
right_child=1 4 7 24 -6 -7 20 23 9 10 27 12 -14 18 17 16 -18 -19 19 -21 -22 22 -24 -25 29 26 -28 -29 -30 -31
leaf_value=-0.0059022953219665247 -0.0062738846588863764 0.037002670731809399 -0.001093902918441481 -0.0075192902716142793 -0.001014319509267807 -0.0031131239850299658 0.0040827435371717557 0.0059498267145701557 -0.0058772718031392538 0.0061190549036970144 -3.8815514589690499e-06 0.0046945141375881374 0.036079942594282328 0.011235554249463034 0.018119166614229066 0.03502199016821881 0.0069071840709075327 -0.0016246504796142039 -0.012896049951224096 -0.0012553598611165782 0.021958509126145925 0.03057450834073518 0.016856727459152222 -0.010942484028637409 0.0085855234858970494 0.041776313669979567 0.0045382838817507338 -0.012945322430133818 0.0094743179519602202 -0.004770744443669107
leaf_weight=2747 106 27 2111 28 36 5551 3485 37 172 197 760 1006 20 49 27 36 30 391 89 382 28 57 323 129 93 24 27 50 863 83
leaf_count=2747 106 27 2111 28 36 5551 3485 37 172 197 760 1006 20 49 27 36 30 391 89 382 28 57 323 129 93 24 27 50 863 83
internal_value=-1.29931e-07 0.00613106 -0.00230422 0.00498393 0.0183974 -0.00403646 0.00390037 0.00031593 0.000549743 0.00163099 0.00205622 0.00309608 0.00530632 0.0012079 0.00371137 0.0097929 0.0222425 -0.00034117 -0.00207068 -0.00345498 0.00421323 0.0201144 0.0189144 -0.00717733 0.00849145 0.0096507 0.0220621 -0.000802736 0.00894029 0.00228683
internal_weight=18964 5180 13784 4737 443 8298 3619 5486 5320 3209 3037 2227 1026 1201 681 263 66 418 520 471 3513 407 380 166 1118 942 51 810 891 176
internal_count=18964 5180 13784 4737 443 8298 3619 5486 5320 3209 3037 2227 1026 1201 681 263 66 418 520 471 3513 407 380 166 1118 942 51 810 891 176
cat_boundaries=0 1 2
cat_threshold=1088 18634
is_linear=0
shrinkage=0.03


Tree=83
num_leaves=31
num_cat=0
split_feature=18 20 19 9 20 8 23 7 18 6 50 55 25 54 55 7 47 43 6 8 46 29 43 6 52 7 7 6 6 3
split_gain=280.801 94.7508 39.0075 26.9839 15.5231 12.4975 10.0007 9.91291 9.80394 9.12138 11.8913 19.6273 29.76 11.0052 10.7639 10.1854 9.45872 10.7567 9.09138 9.49922 11.0335 8.92643 10.8409 8.7817 11.1545 9.98237 11.7672 8.51291 15.621 12.2961
threshold=23.951406478881839 27.960625648498539 22.356134414672855 25.070789337158207 32.335674285888679 1.5000000000000002 23.295779228210453 32.500000000000007 26.347520828247074 12.500000000000002 23.48472719186255 0.76381518428244843 22.937238693237308 0.60060214001267065 0.3872592721297321 8.5000000000000018 22.90848541259766 24.580389022827152 15.500000000000002 3.5000000000000004 25.622735023498539 22.829759597778324 22.237515449523929 12.500000000000002 0.29096789558001684 14.500000000000002 10.500000000000002 13.500000000000002 10.500000000000002 0.33264700000000008
decision_type=2 2 2 2 2 2 2 2 2 2 2 2 2 2 2 2 2 2 2 2 2 2 2 2 2 2 2 2 2 2
left_child=2 3 7 21 -3 9 -5 -1 -8 13 11 -11 -13 14 -4 -16 -17 -18 19 27 23 22 -2 -21 25 26 -25 28 -7 -29
right_child=1 4 5 6 -6 18 8 -9 -10 10 -12 12 -14 -15 15 16 17 -19 -20 20 -22 -23 -24 24 -26 -27 -28 29 -30 -31
leaf_value=-0.0036221165281512834 0.0073080519541898472 0.012983550644444654 -0.0014267753399799981 -0.015183767676353455 0.024007375906473276 -0.00014013842422268733 0.004616158962072783 -0.0062449402158210651 0.0083454509235000515 0.0046360639323225206 0.0013273601685933817 0.0015111096426844595 0.051061068752314892 -0.0057529058499563588 -0.0065701854588197809 -0.0036157260645536312 0.020474344240728675 0.0044005867785207277 -0.0045607630293265939 -0.0018573799310387436 0.02055181505015263 0.0018721190129238497 -0.01548735976611313 0.0086413502711802717 -0.0001889302130215443 0.0050648918467311142 0.03752731862393293 0.018078442204277963 -0.0056837253100921713 -0.00074778400999312073
leaf_weight=2891 28 515 378 21 148 771 2443 2352 857 104 296 20 24 253 42 38 82 69 992 516 26 3194 57 30 234 117 22 32 1125 1287
leaf_count=2891 28 515 378 21 148 771 2443 2352 857 104 296 20 24 253 42 38 82 69 992 516 26 3194 57 30 234 117 22 32 1125 1287
internal_value=-2.25284e-07 0.00463328 -0.00287631 0.00354725 0.0154444 -0.0013156 0.00545332 -0.00479871 0.00558464 0.00130561 0.00479896 0.0117422 0.0285384 -0.000493753 0.00169108 0.00679304 0.00976264 0.0131294 -0.00198005 -0.00136465 0.00127954 0.00161677 -0.00797828 0.000734294 0.00405267 0.00992564 0.0208623 -0.00214187 -0.00342945 -0.000291045
internal_weight=18964 7263 11701 6600 663 6458 3321 5243 3300 1306 444 148 44 862 609 231 189 151 5152 4160 945 3279 85 919 403 169 52 3215 1896 1319
internal_count=18964 7263 11701 6600 663 6458 3321 5243 3300 1306 444 148 44 862 609 231 189 151 5152 4160 945 3279 85 919 403 169 52 3215 1896 1319
is_linear=0
shrinkage=0.03


Tree=84
num_leaves=31
num_cat=0
split_feature=18 20 18 9 20 6 55 23 18 7 29 39 7 7 51 22 57 23 22 33 6 46 40 55 7 7 24 26 55 35
split_gain=264.206 89.151 36.9012 25.3892 14.6057 10.7192 12.296 9.40962 9.22453 9.20161 8.39888 10.2943 8.17525 8.43967 14.3877 8.90763 8.10903 7.60546 8.24213 7.86195 7.89218 13.6289 12.3359 26.9605 23.0745 9.0357 8.80495 7.03361 10.0606 10.8777
threshold=23.951406478881839 27.960625648498539 22.353454589843754 25.070789337158207 32.335674285888679 15.500000000000002 0.28230560566649526 23.295779228210453 26.347520828247074 33.500000000000007 22.829759597778324 22.317572592282719 51.500000000000007 28.500000000000004 26.955186335349939 29.621734619140629 150.00000000000003 26.887662887573246 25.862777709960941 21.917787551879886 12.500000000000002 23.40046310424805 23.629850387573246 0.54228410241793601 16.500000000000004 48.500000000000007 23.179059028625492 28.656689643859867 1.6797837711283303 27.111243247985843
decision_type=2 2 2 2 2 2 2 2 2 2 2 2 2 2 2 2 2 2 2 2 2 2 2 2 2 2 2 2 2 2
left_child=2 3 9 10 12 6 -4 -5 -9 -1 11 -2 13 -3 -15 -16 -12 18 19 -8 -21 -22 23 -23 -25 -24 -26 28 -10 -30
right_child=1 4 5 7 -6 -7 17 8 27 -11 16 -13 -14 14 15 -17 -18 -19 -20 20 21 22 25 24 26 -27 -28 -29 29 -31
leaf_value=-0.0035583875281448448 0.0063972065094858406 0.010448137885646381 -0.002814325297481862 -0.014728254902043512 0.023287154683289495 -0.004061194880999072 -0.0060739454059512352 0.0044776741798453522 0.0078256344530917721 -0.0060926636049085346 0.0019359467209772109 -0.015449556961147621 0.0038447980310215993 0.040610105542000383 0.0090776212137706324 0.022773851793525472 -0.017226659272564573 0.01825110145977565 -0.014556568219970145 -0.00094907480436960754 -9.5270281835710315e-05 0.003209643826204618 6.7457724606498625e-05 0.042579204446503094 0.027846395200118421 0.010896818545148816 0.003254498886924825 -0.0046994974635340067 0.0098052731721565648 0.038156181557902263
leaf_weight=2973 30 239 1737 21 148 1039 167 2443 770 2277 3174 55 81 24 87 84 20 21 34 1604 1144 168 358 35 20 86 38 37 29 21
leaf_count=2973 30 239 1737 21 148 1039 167 2443 770 2277 3174 55 81 24 87 84 20 21 34 1604 1144 168 358 35 20 86 38 37 29 21
internal_value=-2.18524e-07 0.00449428 -0.00279002 0.00344083 0.014981 -0.00127019 -0.000734372 0.00528972 0.00541711 -0.00465754 0.00156827 -0.00773893 0.012594 0.014227 0.0188585 0.0158056 0.00181596 0.000248725 0.000145263 0.000283346 0.000590809 0.00192665 0.00520761 0.0103835 0.0233427 0.00216504 0.0117345 0.00809509 0.0086724 0.0217127
internal_weight=18964 7263 11701 6600 663 6451 5412 3321 3300 5250 3279 85 515 434 195 171 3194 3675 3654 3620 3453 1849 705 261 93 444 58 857 820 50
internal_count=18964 7263 11701 6600 663 6451 5412 3321 3300 5250 3279 85 515 434 195 171 3194 3675 3654 3620 3453 1849 705 261 93 444 58 857 820 50
is_linear=0
shrinkage=0.03


Tree=85
num_leaves=31
num_cat=1
split_feature=9 18 47 29 53 8 22 0 53 21 32 7 49 9 15 7 7 35 56 52 10 7 21 18 17 7 7 29 32 53
split_gain=248.672 86.7073 30.5511 27.7977 13.2543 11.4038 10.0583 9.9235 9.87263 9.3033 9.06178 8.95494 8.56578 11.6076 8.38306 8.19927 8.23821 15.7934 10.1113 8.16574 10.1079 11.2024 9.54737 10.902 12.6739 8.11396 7.84907 7.24896 11.0406 7.20199
threshold=23.796839714050297 28.458469390869144 22.073082926318364 25.507610321044925 1.355801169640211 1.5000000000000002 23.689078330993656 0 0.078810069257847185 22.400156021118168 23.753154754638675 46.500000000000007 28.060487175183841 29.486070632934574 10.813392899747067 19.500000000000004 8.5000000000000018 22.883049964904789 0.16394424438476388 0.20888079304436222 3.5000000000000004 39.500000000000007 25.596031188964847 25.885219573974613 0.7519895000000002 32.500000000000007 17.500000000000004 24.713252067565922 24.151753425598148 0.38547034853211143
decision_type=2 2 2 2 2 2 2 9 2 2 2 2 2 2 8 2 2 2 2 2 2 2 2 2 10 2 2 2 2 2
left_child=2 3 6 7 12 8 25 19 11 -9 -5 -4 -3 -14 26 16 -10 -18 -19 -2 22 27 23 -21 -25 29 -12 28 -22 -1
right_child=1 4 5 10 -6 -7 -8 9 15 -11 14 -13 13 -15 -16 -17 17 18 -20 20 21 -23 -24 24 -26 -27 -28 -29 -30 -31
leaf_value=-0.0042743215647942706 0.0011918151685256081 0.034592521558515728 -4.2991191958603651e-05 -0.014291612908244131 -0.0044762178893304532 -0.0022765374482920284 -0.020657247137278317 -0.018608214651996437 -0.00085352345007856417 0.00097441918440394591 0.010256392004401264 0.025220579156385998 0.0079898700570077471 0.018940075371800254 0.0035676111972246819 -0.0015024910956328277 -0.0071910387429655808 0.0093035989816396911 0.031130269020795822 0.0045114227144042946 0.01261872025206685 -0.00068515737899220908 -0.0017253807915202253 0.0092360543246091942 0.036930653147399427 -0.0064323578341847877 0.0058124592503740399 0.0092863245748660787 0.039767361736068353 0.001390363395358456
leaf_weight=1713 726 24 23 20 27 6266 37 22 184 2897 526 28 116 350 852 754 49 145 22 698 28 39 195 58 20 1728 1118 44 26 229
leaf_count=1713 726 24 23 20 27 6266 37 22 184 2897 526 28 116 350 852 754 49 145 22 698 28 39 195 58 20 1728 1118 44 26 229
internal_value=-2.11971e-07 0.00411597 -0.00286732 0.00327166 0.0159869 -0.00176255 -0.00509386 0.00192189 0.000910197 0.000824005 0.00582153 0.0138272 0.0171144 0.0162143 0.00598269 0.000339342 0.0038112 0.00778485 0.012179 0.00364492 0.00528518 0.0129135 0.00420889 0.0057001 0.0163372 -0.00493696 0.0072343 0.0183252 0.0256903 -0.00360634
internal_weight=18964 7786 11178 7269 517 7471 3707 4753 1205 2919 2516 51 490 466 2496 1154 400 216 167 1834 1108 137 971 776 78 3670 1644 98 54 1942
internal_count=18964 7786 11178 7269 517 7471 3707 4753 1205 2919 2516 51 490 466 2496 1154 400 216 167 1834 1108 137 971 776 78 3670 1644 98 54 1942
cat_boundaries=0 1
cat_threshold=10944
is_linear=0
shrinkage=0.03


Tree=86
num_leaves=31
num_cat=3
split_feature=9 21 9 0 50 52 0 52 8 23 49 26 6 55 0 54 27 10 40 36 40 56 6 26 6 55 41 6 8 59
split_gain=234.808 61.1225 61.1119 15.7517 15.2348 19.1291 12.8322 12.4706 20.1075 15.9415 12.0483 13.8927 8.7982 8.71421 8.76288 14.2093 11.6322 11.4353 9.93223 8.9232 8.57993 8.44543 8.41899 10.4059 8.22177 12.0832 17.0649 11.7041 8.28519 8.21003
threshold=24.813960075378422 29.592650413513187 22.919258117675785 0 26.165571069698245 1.6599892834646715 1 0.20618562633904666 1.5000000000000002 25.453625679016117 25.194448757163091 24.282781600952152 15.500000000000002 0.37303738332370578 2 0.81992220531334459 23.29107761383057 3.5000000000000004 24.31858062744141 25.472916603088382 24.83409404754639 -0.42642307281494135 10.500000000000002 26.553611755371097 15.500000000000002 0.7179843853919291 24.32204627990723 13.500000000000002 3.5000000000000004 5.5000000000000009
decision_type=2 2 2 9 2 2 9 2 2 2 2 2 2 2 9 2 2 2 2 2 2 2 2 2 2 2 2 2 2 2
left_child=2 4 3 -1 5 6 7 -2 9 10 11 -9 13 -4 15 29 -16 -17 19 -18 -7 -3 -8 -24 27 -26 -27 28 -5 -15
right_child=1 21 12 24 -6 20 22 8 -10 -11 -12 -13 -14 14 16 17 18 -19 -20 -21 -22 -23 23 -25 25 26 -28 -29 -30 -31
leaf_value=-0.0062814281951244404 0.0026146517432444338 0.003321924917091725 -0.00080740300081530469 -0.0036130410726263403 0.0074095651689544788 -0.0280681886523962 0.0050364433243210239 0.039566451900679131 0.0065916630105882536 0.0046570297365227864 0.046255160430446265 0.010025541776006943 -0.0031134824682627102 0.0049601998572772572 -0.0029279705293839085 -0.0050605647059689673 0.0033690965570979674 0.018194169263754573 -0.00058129998779196581 0.019255675578659232 -0.0018106441545699325 0.019020643276134393 0.0008981564595826907 0.018763999268412591 -0.0048536166101234577 0.029719020170582963 -0.0076470479335297237 0.00046587924666475719 0.0030887927279918122 0.01888722303835675
leaf_weight=1705 274 34 2396 2676 1378 24 893 23 292 37 24 38 643 800 641 203 890 21 833 33 21 332 1336 30 2043 22 22 1083 177 40
leaf_count=1705 274 34 2396 2676 1378 24 893 23 292 37 24 38 643 800 641 203 890 21 833 33 21 332 1336 30 2043 22 22 1083 177 40
internal_value=-2.05609e-07 0.0057858 -0.00192616 -0.00372933 0.00479948 0.00359738 0.0038938 0.00747079 0.0108652 0.0210937 0.0282485 0.0211639 0.000217662 0.000583366 0.00154618 0.00379742 0.000528825 -0.00288043 0.00179368 0.00393709 -0.0158147 0.0175623 0.0027591 0.00129052 -0.00299148 -0.00451862 0.011036 -0.00218934 -0.00319726 0.00562339
internal_weight=18964 4736 14228 7728 4370 2992 2947 688 414 122 85 61 6500 5857 3461 1064 2397 224 1756 923 45 366 2259 1366 6023 2087 44 3936 2853 840
internal_count=18964 4736 14228 7728 4370 2992 2947 688 414 122 85 61 6500 5857 3461 1064 2397 224 1756 923 45 366 2259 1366 6023 2087 44 3936 2853 840
cat_boundaries=0 1 2 3
cat_threshold=132 10240 706
is_linear=0
shrinkage=0.03


Tree=87
num_leaves=31
num_cat=2
split_feature=50 18 19 6 9 52 49 47 8 0 54 47 52 27 30 22 25 45 46 6 49 33 7 7 54 6 7 6 39 0
split_gain=221.66 73.259 34.963 16.9935 13.8082 10.1548 16.0268 9.93249 9.79023 12.1971 16.4883 14.3521 8.95044 8.92514 13.5705 8.62365 11.4049 8.61687 7.78328 11.4567 9.32982 7.38704 6.99618 7.52914 11.6188 7.75975 6.91361 14.3583 11.1854 6.87994
threshold=24.156840658113286 27.287329673767093 22.356134414672855 10.500000000000002 25.126186370622563 0.54077862186107417 28.35059328062891 23.272758483886722 1.5000000000000002 0 0.64365714093113069 25.272089004516605 1.2615107883420882 26.817831993103031 26.936803817749027 25.826974868774418 25.642110824584964 21.490518569946293 23.861811637878418 11.500000000000002 23.93688955307007 23.773839950561527 19.500000000000004 50.500000000000007 1.1992826704856399 15.500000000000002 18.500000000000004 14.500000000000002 28.506158828735355 1
decision_type=2 2 2 2 2 2 2 2 2 9 2 2 2 2 2 2 2 2 2 2 2 2 2 2 2 2 2 2 2 9
left_child=2 4 17 5 7 -3 -7 21 9 12 11 18 -4 15 -15 -5 -17 -1 19 -11 -21 -2 -10 24 29 -25 -6 28 -28 -24
right_child=1 3 8 13 26 6 -8 -9 22 10 -12 -13 -14 14 -16 16 -18 -19 -20 20 -22 -23 23 25 -26 -27 27 -29 -30 -31
leaf_value=-0.006324106544859715 0.026040412360073428 0.017061457953483818 -0.00027487923827533838 0.012657608553353282 0.0066266533525926518 0.016664465086287234 -0.010494268360463055 0.0013809558427747106 -0.0031804659567403644 0.0062626449733316205 -0.0028015612100134603 0.028036728125880473 -0.016410421896725893 0.027355306240565636 0.0067679461898903052 -0.025582654854016642 0.0018394196327202593 -0.0035534373832003868 0.0014728869489574043 0.012105891961747637 0.039360195010900496 0.0065110450995659137 0.0016582148346869113 -0.0023171373273533089 -0.019770605052407415 -0.011092905295480576 0.0044020273988545381 -0.0020205262647762885 0.023204250907332732 -0.0012730953137428313
leaf_weight=1365 23 493 934 27 993 48 33 2895 1736 116 160 32 32 34 189 21 39 3887 132 26 20 72 1264 665 27 105 1575 343 29 1649
leaf_count=1365 23 493 934 27 993 48 33 2895 1736 116 160 32 32 34 189 21 39 3887 132 26 20 72 1264 665 27 105 1575 343 29 1649
internal_value=-2.98812e-07 0.00433069 -0.00242922 0.0123873 0.00312967 0.015444 0.0055998 0.00169418 -0.00102498 0.00116384 0.00498341 0.00895712 -0.000801097 0.00672735 0.00990683 -0.00142233 -0.00775831 -0.00427354 0.00688043 0.0112866 0.0239556 0.0112392 -0.00160857 -0.000873034 -0.000181397 -0.00351383 0.00458957 0.00355063 0.00474197 1.71841e-07
internal_weight=18964 6814 12150 884 5930 574 81 2990 6898 1452 486 326 966 310 223 87 60 5252 294 162 46 95 5446 3710 2940 770 2940 1947 1604 2913
internal_count=18964 6814 12150 884 5930 574 81 2990 6898 1452 486 326 966 310 223 87 60 5252 294 162 46 95 5446 3710 2940 770 2940 1947 1604 2913
cat_boundaries=0 1 2
cat_threshold=9484 27266
is_linear=0
shrinkage=0.03


Tree=88
num_leaves=31
num_cat=0
split_feature=18 20 18 9 48 12 52 8 6 39 52 57 55 41 18 15 43 6 50 55 25 54 55 33 46 6 8 46 6 6
split_gain=209.109 71.0531 29.4937 20.0964 12.1698 11.2616 11.3185 10.6843 10.1673 11.2379 11.0005 10.7991 9.57726 8.76657 10.8869 8.47726 8.47577 8.18099 11.134 16.651 28.1428 10.864 9.34871 9.39541 7.95847 7.8503 9.14584 10.1173 8.05571 13.9192
threshold=23.951406478881839 27.960625648498539 22.285271644592289 24.889999390187992 32.343348694069348 2.5000000000000004 0.37040313364737748 1.5000000000000002 10.500000000000002 28.506158828735355 0.21927470356118683 90.000000000000014 1.3915413786032327 23.742153167724613 26.646412849426273 1.9739221369644975 24.812134743986821 12.500000000000002 23.48472719186255 0.76381518428244843 22.937238693237308 0.60060214001267065 0.3872592721297321 24.541103363037113 25.871961593627933 15.500000000000002 3.5000000000000004 25.622735023498539 13.500000000000002 10.500000000000002
decision_type=2 2 2 2 2 2 2 2 2 2 2 2 2 2 2 10 2 2 2 2 2 2 2 2 2 2 2 2 2 2
left_child=2 3 -1 -2 -3 8 -7 17 9 12 16 13 -5 14 -12 -13 -10 21 19 -19 -21 22 -4 -24 -20 26 28 -28 29 -9
right_child=1 4 7 5 -6 6 -8 25 10 -11 11 15 -14 -15 -16 -17 -18 18 24 20 -22 -23 23 -25 -26 -27 27 -29 -30 -31
leaf_value=-0.0042644650382226189 0.0011646995646193458 0.011181348522310499 -0.0012446295118783242 0.0059965879900494195 0.020942145082596186 -0.00023744116304442284 0.027910289037972689 -0.00012376298399625519 -0.0093101895903517674 0.0212731433902369 0.00015409877654747105 0.002875324896183507 -0.014902443934231995 0.0045096716283375988 -0.023453173879534005 0.023675150655210017 0.00098195731094133485 0.004629993747254567 0.0028230931832068512 0.0010788459304187977 0.048633837290108207 -0.0057215808401631539 0.0090257585683285284 -0.0062932045836086303 -0.013241811385077814 -0.0040706141758518255 0.00084175852454279349 0.019813375329742065 -0.00020726525876673145 -0.0051908126191994213
leaf_weight=4875 2860 515 390 1488 148 20 36 814 83 43 108 29 20 1303 21 45 544 105 265 21 24 253 199 44 31 1092 938 26 1406 1218
leaf_count=4875 2860 515 390 1488 148 20 36 814 83 43 108 29 20 1303 21 45 544 105 265 21 24 253 199 44 31 1092 938 26 1406 1218
internal_value=-2.83756e-07 0.0039982 -0.00248221 0.00305774 0.0133602 0.00450537 0.0178575 -0.00120936 0.0043024 0.00615062 0.00295848 0.0043486 0.00571941 0.00377111 -0.00368895 0.0155239 -0.00038048 0.00120113 0.00451489 0.0111734 0.0264415 -0.000466976 0.00163321 0.00625195 0.00114062 -0.00179377 -0.00122895 0.00135344 -0.00195304 -0.003161
internal_weight=18964 7263 11701 6600 663 3740 56 6826 3684 1551 2133 1506 1508 1432 129 74 627 1332 446 150 45 886 633 243 296 5494 4402 964 3438 2032
internal_count=18964 7263 11701 6600 663 3740 56 6826 3684 1551 2133 1506 1508 1432 129 74 627 1332 446 150 45 886 633 243 296 5494 4402 964 3438 2032
is_linear=0
shrinkage=0.03


Tree=89
num_leaves=31
num_cat=2
split_feature=18 18 9 9 25 0 6 55 22 6 49 23 54 47 55 7 22 56 22 52 16 42 7 28 55 29 52 0 54 22
split_gain=196.822 62.2265 33.8586 17.9284 10.4702 9.99209 9.25896 10.3257 8.80028 8.15974 9.41863 8.06791 8.16908 7.56052 7.49135 24.3668 12.646 7.42166 6.92338 6.92153 6.18381 6.13185 6.02989 6.01162 9.4433 6.35135 6.84465 7.63181 8.46062 7.09027
threshold=24.215098381511236 28.458469390869144 22.42689418792725 25.610674858093265 26.71972751617432 0 15.500000000000002 0.28230560566649526 22.714262962341312 8.5000000000000018 28.060487175183841 26.986148834228519 1.2656684765438151 27.155699729365239 1.6797837711283303 45.500000000000007 27.559652328491214 -0.42642307281494135 23.774127960205078 1.6599892834646715 3.4269470000000002 26.417697906494144 50.500000000000007 25.725852012634281 0.73733014994674118 25.597250938415531 0.93439982108634068 1 0.81992220531334459 24.808307647705082
decision_type=2 2 2 2 2 9 2 2 2 2 2 2 2 2 2 2 2 2 2 2 10 2 2 2 2 2 2 9 2 2
left_child=2 3 5 8 -3 -1 7 -4 -2 -6 -11 12 13 21 19 16 -16 -12 20 -5 -7 23 -8 25 -25 26 27 28 -9 -29
right_child=1 4 6 14 9 18 22 11 -10 10 17 -13 -14 -15 15 -17 -18 -19 -20 -21 -22 -23 -24 24 -26 -27 -28 29 -30 -31
leaf_value=-0.0024000135906732745 -0.016364539472953132 -0.0047067268554121253 -0.0022103683379712216 0.005408360140576161 0.025562275379896165 -0.0050288684846994626 -0.0026843852176128388 0.0052920437921705511 0.0022495111190212972 0.032438307479023931 0.0017538145328966938 0.018229030112472726 -0.0075786352959611187 0.017083280260115862 0.037785957390742919 -0.011852977397730169 0.010225044796564456 0.014196439754624026 -0.021788506507873534 -0.0098803416405442279 0.0086550954218255344 -0.013455914149027583 -0.010621550451768071 -0.0024387278636593531 0.024461901383474469 0.011019384478602338 -0.0065418167725950476 -0.00021392834439057563 -0.0070438956408595136 0.0083763958323286487
leaf_weight=2364 23 25 1813 2058 60 3205 924 470 3729 23 49 23 112 25 31 23 29 361 22 27 30 28 95 23 24 51 125 3047 56 89
leaf_count=2364 23 25 1813 2058 60 3205 924 470 3729 23 49 23 112 25 31 23 29 361 22 27 30 28 95 23 24 51 125 3047 56 89
internal_value=-2.75239e-07 0.00426281 -0.00219138 0.00339036 0.0142336 -0.00392009 -0.000784116 -0.000327031 0.00213541 0.0151941 0.0137574 0.000511293 0.000410673 0.000637896 0.00556223 0.0144009 0.0244648 0.0127094 -0.00500068 0.00521038 -0.00490197 0.000532827 -0.00342436 0.000633647 0.0112978 0.000503055 0.00036143 0.000597068 0.00390448 2.9771e-05
internal_weight=18964 6438 12526 5920 518 5621 6905 5886 3752 493 433 4073 4050 3938 2168 83 60 410 3257 2085 3235 3913 1019 3885 47 3838 3787 3662 526 3136
internal_count=18964 6438 12526 5920 518 5621 6905 5886 3752 493 433 4073 4050 3938 2168 83 60 410 3257 2085 3235 3913 1019 3885 47 3838 3787 3662 526 3136
cat_boundaries=0 1 2
cat_threshold=10763 130
is_linear=0
shrinkage=0.03


Tree=90
num_leaves=31
num_cat=1
split_feature=9 18 47 29 39 20 22 0 10 7 20 39 47 28 14 55 7 52 52 7 53 8 53 7 53 55 9 18 14 39
split_gain=185.537 70.9509 19.6112 18.0462 16.3118 12.3589 10.5383 9.77902 8.98035 15.5181 8.97479 8.19779 7.88438 7.70052 7.52318 8.14348 7.81742 11.0692 8.08626 7.48887 7.11299 7.08744 11.1452 7.92227 11.8898 12.0111 6.83916 6.83406 7.81513 7.26128
threshold=23.537122726440433 27.287329673767093 22.073082926318364 25.507610321044925 23.904726982116703 32.335674285888679 23.689078330993656 0 3.5000000000000004 17.500000000000004 27.960625648498539 25.367545128266602 23.586192131042484 23.293101310729984 0.67229838350129179 1.4931445965129371 18.500000000000004 1.0786263104494009 0.1785625640342903 33.500000000000007 0.92737311002860978 1.5000000000000002 0.078810069257847185 17.500000000000004 0.68441711329103405 0.78588943525581212 23.879966735839847 24.215098381511236 2.2780934563144686 22.892723083496097
decision_type=2 2 2 2 2 2 2 9 2 2 2 2 2 2 10 2 2 2 2 2 2 2 2 2 2 2 2 2 8 2
left_child=2 3 6 7 -3 -6 19 8 11 12 14 27 -10 20 15 -5 17 18 -16 -1 -9 22 -4 24 -24 -26 -11 28 -2 -29
right_child=1 4 21 10 5 -7 -8 13 9 26 -12 -13 -14 -15 16 -17 -18 -19 -20 -21 -22 -23 23 -25 25 -27 -28 29 -30 -31
leaf_value=-0.0030889162584349528 -0.0044606574270651183 -0.014226129888133569 0.015950887940664984 0.0026305808751848668 0.010298169963678126 0.019823610859142766 -0.021358423266686837 -0.0025951526563084862 0.010504615435546094 0.020317764491541313 0.020128401308743792 -0.0013864801312122568 0.034698735616273346 0.00090366011177110488 0.0043064773628966099 -0.013837557642587593 0.0041204378171771387 -0.012919905806891618 0.012864324835172483 -0.0058176889990932271 -0.01919770182967186 -0.0021517176181487566 0.0013404358594873754 -0.0018750484378706441 0.034809803611465857 0.0045586574532919463 0.0013102385603377352 0.01998001650104235 0.0030883631072362518 0.0047039294310685783
leaf_weight=1992 167 22 41 776 714 148 33 327 22 20 33 399 27 3158 152 28 928 20 287 1659 25 5646 224 635 21 27 115 29 473 816
leaf_count=1992 167 22 41 776 714 148 33 327 22 20 33 399 27 3158 152 28 928 20 287 1659 25 5646 224 635 21 27 115 29 473 816
internal_value=-3.04953e-07 0.00322757 -0.0027282 0.0023149 0.0112826 0.0119336 -0.0044814 0.00140385 0.0030344 0.009375 0.00459988 0.00243126 0.0238361 0.000433296 0.00436599 0.00205706 0.00570441 0.00890686 0.00990124 -0.00432886 -0.00377431 -0.0017487 0.000651559 -4.00314e-05 0.00424392 0.0177935 0.00412617 0.00345703 0.00111854 0.0052282
internal_weight=18964 8686 10278 7802 884 862 3684 5578 2068 184 2224 1884 49 3510 2191 804 1387 459 439 3651 352 6594 948 907 272 48 135 1485 640 845
internal_count=18964 8686 10278 7802 884 862 3684 5578 2068 184 2224 1884 49 3510 2191 804 1387 459 439 3651 352 6594 948 907 272 48 135 1485 640 845
cat_boundaries=0 1
cat_threshold=10944
is_linear=0
shrinkage=0.03


Tree=91
num_leaves=31
num_cat=0
split_feature=50 18 19 6 28 16 6 6 2 55 26 18 6 44 54 42 55 6 14 55 7 17 7 27 50 16 8 27 17 29
split_gain=174.918 57.8929 28.1151 14.5949 11.7332 9.92698 8.48893 17.4255 18.1158 18.6792 14.4871 10.5181 9.64421 8.48396 13.532 15.0727 8.98537 9.00723 8.67871 8.55176 8.24549 8.16542 11.8306 7.97766 11.7636 11.6973 10.9642 7.89512 7.86122 7.84412
threshold=24.156840658113286 27.287329673767093 22.356134414672855 10.500000000000002 25.438578604089361 -1.7771764999999997 14.500000000000002 13.500000000000002 9.2406990000000011 0.68359556342267103 23.621253013610843 24.843156814575199 10.500000000000002 25.005625724792484 0.40928311286399149 24.322224617004398 1.2925054985735935 15.500000000000002 5.0350020028004723 0.28230560566649526 32.500000000000007 1.4269560000000003 17.500000000000004 26.817831993103031 27.492781019104985 -1.1895070000000001 1.5000000000000002 23.858597755432132 1.8578355000000004 24.396904945373539
decision_type=2 2 2 2 2 8 2 2 2 2 2 2 2 2 2 2 2 2 10 2 2 8 2 2 2 8 2 2 10 2
left_child=2 4 20 5 6 -3 7 10 -9 -10 11 -2 -12 16 15 -15 17 18 19 -4 -1 22 -6 25 -25 -5 -27 -8 -29 -23
right_child=1 3 13 23 21 -7 27 8 9 -11 12 -13 -14 14 -16 -17 -18 -19 -20 -21 -22 29 -24 24 -26 26 -28 28 -30 -31
leaf_value=-0.0027401097535286432 -0.00348319910466671 0.017444524607433676 -0.0018441545225688538 -0.01472884457004634 0.0098249568994206241 0.0095214551644956409 0.010813449889537878 0.0049333540706106432 0.0067851558077911085 0.034929519938986471 0.0037366872927933701 -0.028943709433078765 -0.00013429843730492568 0.030986789369489995 -0.00043729292122750643 0.0030420827042115361 -0.020223798248281872 -0.0036174403900258406 -0.0032267882516350001 0.00086270001079465748 -0.0051302429949430968 0.020337191224098203 0.0039881443580064733 0.023507552018389104 0.0055483124618128429 0.021018788404762744 -0.0071003925579134373 -0.0013347758198290615 -0.01704321562871337 0.0017917152766207397
leaf_weight=2897 40 313 1572 37 454 261 46 353 44 41 1159 23 1158 32 135 38 22 1018 915 3166 2355 21 1003 40 183 26 24 648 30 910
leaf_count=2897 40 313 1572 37 454 261 46 353 44 41 1159 23 1158 32 135 38 22 1018 915 3166 2355 21 1003 40 183 26 24 648 30 910
internal_value=-2.95801e-07 0.00384704 -0.00215797 0.011009 0.00277939 0.0138419 0.00168368 0.00242811 0.00792724 0.0203607 0.00141608 -0.0127783 0.00180203 -0.000898746 0.00511289 0.0158168 -0.00108288 -0.00101975 -0.000551957 -3.53952e-05 -0.00381185 0.0044046 0.00580689 0.00576373 0.0087697 -0.00194124 0.00752158 -0.00121383 -0.00202984 0.00221003
internal_weight=18964 6814 12150 884 5930 574 3542 2818 438 85 2380 63 2317 6898 205 70 6693 6671 5653 4738 5252 2388 1457 310 223 87 50 724 678 931
internal_count=18964 6814 12150 884 5930 574 3542 2818 438 85 2380 63 2317 6898 205 70 6693 6671 5653 4738 5252 2388 1457 310 223 87 50 724 678 931
is_linear=0
shrinkage=0.03


Tree=92
num_leaves=31
num_cat=1
split_feature=9 19 19 54 0 6 52 12 39 55 21 7 36 34 25 54 27 10 7 6 54 28 6 31 33 55 6 6 3 54
split_gain=165.001 46.5723 40.2085 12.3925 12.0772 11.0923 17.6024 17.2936 14.3058 15.2437 10.9584 10.5019 11.7937 11.9687 11.9658 11.3345 9.52525 9.39645 9.31149 11.0546 9.02556 8.95407 9.66522 8.61784 8.5363 9.33133 11.3759 12.275 17.886 10.9404
threshold=24.658596038818363 29.018083572387699 23.075007438659672 1.1357041280018021 0 10.500000000000002 0.21927470356118683 2.5000000000000004 28.506158828735355 1.4931445965129371 21.357341766357425 42.500000000000007 26.538700103759769 23.421737670898441 26.225943565368656 1.7377380911442637 28.719320297241214 1.5000000000000002 45.500000000000007 14.500000000000002 0.25974628641010777 22.830192565917972 8.5000000000000018 23.337762832641605 21.928968429565433 0.41800882919313881 14.500000000000002 12.500000000000002 0.33264700000000008 0.46654460362007127
decision_type=2 2 2 2 9 2 2 2 2 2 2 2 2 2 2 2 2 2 2 2 2 2 2 2 2 2 2 2 2 2
left_child=2 4 10 16 23 8 -7 11 9 20 -1 15 13 -13 -14 -8 -3 -16 -15 -20 -6 -4 -23 -2 -24 -26 27 29 -29 -27
right_child=1 3 21 -5 5 6 7 -9 -10 -11 -12 12 14 18 17 -17 -18 -19 19 -21 -22 22 24 -25 25 26 -28 28 -30 -31
leaf_value=-0.0059006331572320518 -0.01863855041563511 0.035035097769328526 -0.0035047100632453294 -0.0030047585659970836 0.0032641170393722927 -0.00072212671770358495 0.0050990814254100163 0.023821083637999323 0.019089781189686617 -0.015409348313846896 -0.0026186861997870262 0.020246325217054356 0.031052309263497588 -0.012895165937753129 0.018581189704330068 0.025106546039191574 0.014288192006778647 -0.006557667179731652 0.0029616581627481104 -0.0095212227492439717 0.007772654867635489 0.0072474286310046602 -0.018685135774846585 -0.00037564090948639988 -0.00088064660853940031 0.0053814943327701514 -0.0012703615972549365 0.032478822876106608 0.0050561979975980624 -0.0017308559741672979
leaf_weight=1048 25 21 511 36 703 826 1283 41 72 31 7250 21 20 70 23 26 386 32 214 91 926 193 21 333 2316 294 760 22 793 576
leaf_count=1048 25 21 511 36 703 826 1283 41 72 31 7250 21 20 70 23 26 386 32 214 91 926 193 21 333 2316 294 760 22 793 576
internal_value=-2.86922e-07 0.00456452 -0.00171573 0.0138664 0.00369462 0.00412223 0.00291028 0.00455793 0.00599823 0.0054304 -0.00303318 0.00411423 0.000272703 -0.00179325 0.0111809 0.00549648 0.0153587 0.00395495 -0.00302746 -0.000762742 0.00582698 0.000277013 0.000665447 -0.00160612 0.0003998 0.000483981 0.00177661 0.00315091 0.00579644 0.000672628
internal_weight=18964 5180 13784 443 4737 4379 2647 1821 1732 1660 8298 1780 471 396 75 1309 407 55 375 305 1629 5486 4975 358 4782 4761 2445 1685 815 870
internal_count=18964 5180 13784 443 4737 4379 2647 1821 1732 1660 8298 1780 471 396 75 1309 407 55 375 305 1629 5486 4975 358 4782 4761 2445 1685 815 870
cat_boundaries=0 1
cat_threshold=1096
is_linear=0
shrinkage=0.03


Tree=93
num_leaves=31
num_cat=0
split_feature=18 19 47 26 6 48 6 6 6 53 48 19 8 25 7 10 55 52 7 7 8 55 53 6 42 7 6 21 7 53
split_gain=155.193 52.7171 23.0832 15.5219 11.8489 10.953 10.5571 18.3307 17.3689 10.5152 10.4853 10.4098 16.3581 10.1873 9.89824 12.4123 9.66621 10.7691 10.7381 16.2506 27.9506 19.3674 12.6033 12.0486 11.3417 9.81455 9.41648 9.38169 8.52045 9.80593
threshold=23.951406478881839 27.711486816406254 22.272068023681644 25.523788452148441 10.500000000000002 32.343348694069348 11.500000000000002 15.500000000000002 10.500000000000002 1.6946600531907181 26.835441780090335 26.667976379394535 1.5000000000000002 28.622634888703619 18.500000000000004 1.5000000000000002 0.34946366969912235 1.1554441099334991 8.5000000000000018 14.500000000000002 1.5000000000000002 0.66516671619499379 0.10143553787624852 12.500000000000002 23.954916954040531 28.500000000000004 14.500000000000002 24.413035392761234 30.500000000000004 0.37701264427270115
decision_type=2 2 2 2 2 2 2 2 2 2 2 2 2 2 2 2 2 2 2 2 2 2 2 2 2 2 2 2 2 2
left_child=2 3 28 4 -2 -3 8 16 -4 13 11 -6 -13 14 15 -5 -8 18 -18 20 -20 -22 24 25 -21 -24 -16 -27 29 -1
right_child=1 5 6 9 10 -7 7 -9 -10 -11 -12 12 -14 -15 26 -17 17 -19 19 22 21 -23 23 -25 -26 27 -28 -29 -30 -31
leaf_value=-0.0032972632739372756 0.0037689532015482054 0.0092195626366729077 -0.00042111947962473578 0.0033658468007660386 0.00036472902716058568 0.018350308744891269 -0.00094930544081378056 -0.0032349771962800339 -0.0058502065423510271 0.020478553514977967 -0.01854093280692513 0.030443187881834234 -0.0056449983220081771 -0.011704229679490837 0.0043978965904895575 0.011415482249911978 -0.0024677756218692065 -0.009910100871893519 0.02909795237127049 0.016740262458465761 -0.0030199739238247277 0.020002476261282452 -0.011860457453810589 0.0033106583675596383 -0.0008490548662841319 -0.0019826069714200837 -0.0016786503183508388 0.018438915617933326 -0.0050943412285667988 0.002346068068492618
leaf_weight=1988 1426 588 1199 330 2802 148 1552 1385 951 37 26 26 20 35 1179 361 316 64 58 97 100 49 88 921 50 254 285 22 2285 322
leaf_count=1988 1426 588 1199 330 2802 148 1552 1385 951 37 26 26 20 35 1179 361 316 64 58 97 100 49 88 921 50 254 285 22 2285 322
internal_value=-2.78316e-07 0.00344437 -0.00213843 0.00258611 0.00153327 0.0110556 -0.00106694 -0.000305327 -0.00282254 0.00461899 0.000423984 0.000597119 0.0147527 0.00435104 0.0046118 0.00757123 0.000830928 0.00219939 0.00259581 0.00357207 0.011429 0.00455117 0.00243633 0.00148441 0.0107575 -0.00313639 0.00321496 -0.000354804 -0.00379545 -0.00251062
internal_weight=18964 7263 11701 6527 4300 736 7106 4956 2150 2227 2874 2848 46 2190 2155 691 3571 2019 1955 1639 207 149 1432 1285 147 364 1464 276 4595 2310
internal_count=18964 7263 11701 6527 4300 736 7106 4956 2150 2227 2874 2848 46 2190 2155 691 3571 2019 1955 1639 207 149 1432 1285 147 364 1464 276 4595 2310
is_linear=0
shrinkage=0.03


Tree=94
num_leaves=31
num_cat=1
split_feature=9 18 20 47 26 21 21 10 12 39 32 24 31 44 50 23 34 15 17 52 41 23 2 52 8 53 0 15 8 54
split_gain=146.643 56.034 19.5122 16.3119 11.7197 10.509 8.96916 8.49609 8.23803 13.982 10.8686 10.4892 7.95602 7.73623 7.95958 6.86504 10.2754 8.93233 8.67312 6.5557 6.16278 6.31844 8.34923 6.13193 6.0751 10.0991 6.58671 9.15651 7.48215 11.7637
threshold=23.537122726440433 26.347520828247074 29.556647300720218 22.073082926318364 25.289712905883793 27.312244415283207 23.816775321960453 3.5000000000000004 1.5000000000000002 26.815198898315433 23.753154754638675 24.143236160278324 27.481599807739261 24.194810867309574 26.327627277577399 25.214856147766117 25.379217147045903 3.2280783466084704 0.14253150000000001 0.29096789558001684 24.474308013916019 26.392487525939945 9.2406990000000011 0.16883093971716437 1.5000000000000002 0.078810069257847185 0 1.1254452473523784 3.5000000000000004 0.37558328584815709
decision_type=2 2 2 2 2 2 2 2 2 2 2 2 2 2 2 2 2 10 10 2 2 2 2 2 2 2 9 8 2 2
left_child=3 4 8 6 -2 7 -1 12 10 20 -3 -12 -6 14 -13 18 17 -17 -15 -4 -10 -22 -23 -9 25 -5 27 -26 -28 -30
right_child=1 2 19 24 5 -7 -8 23 9 -11 11 13 -14 15 -16 16 -18 -19 -20 -21 21 22 -24 -25 26 -27 28 -29 29 -31
leaf_value=-0.0038995913698216494 0.00095346528440580264 -0.014320960602164267 0.016143271305781942 0.015253721071895574 0.003037156947595931 0.019034451517061544 -0.021582290136676209 -0.0022876639212093624 0.033320901730859824 -1.7440652163178823e-05 0.027212754590436816 -0.020390254722109865 -0.0078897347163048477 0.0033861868721432983 0.0057296510679381227 -0.015597330862166065 0.0061936990950803242 0.0063007267639040949 0.030682701949368823 0.006142928848999577 0.0025461799651384353 0.0069654135287485338 0.031130608268863252 0.011294583932543963 0.014350551706552505 3.1774148638663109e-05 -0.0018128244756995834 -0.0039612418401232972 0.0077480667210649704 -0.0011373112114174669
leaf_weight=3658 4997 25 291 41 1833 39 26 36 22 51 20 21 62 20 21 38 830 30 22 74 24 22 31 177 25 907 3565 1449 200 407
leaf_count=3658 4997 25 291 41 1833 39 26 36 22 51 20 21 62 20 21 38 830 30 22 74 24 22 31 177 25 907 3565 1449 200 407
internal_value=-2.69967e-07 0.0028694 0.00805579 -0.00242544 0.00174994 0.00360367 -0.00402439 0.00331818 0.00617652 0.0127438 0.00521733 0.00570481 0.00267965 0.00526677 -0.0073303 0.00582961 0.00527516 -0.00593642 0.0176844 0.0141158 0.0193177 0.0153168 0.0210998 0.00899899 -0.00153213 0.000690107 -0.00190525 -0.00362606 -0.00128551 0.00179033
internal_weight=18964 8686 1542 10278 7144 2147 3684 2108 1177 150 1027 1002 1895 982 42 940 898 68 42 365 99 77 53 213 6594 948 5646 1474 4172 607
internal_count=18964 8686 1542 10278 7144 2147 3684 2108 1177 150 1027 1002 1895 982 42 940 898 68 42 365 99 77 53 213 6594 948 5646 1474 4172 607
cat_boundaries=0 1
cat_threshold=17604
is_linear=0
shrinkage=0.03


Tree=95
num_leaves=31
num_cat=1
split_feature=18 20 47 6 6 7 0 6 12 6 24 43 6 7 18 54 44 54 8 7 41 6 54 6 6 49 54 43 7 46
split_gain=137.906 47.2226 20.9048 14.7247 14.6178 14.2575 13.5523 11.07 10.4579 9.92046 9.7463 9.61439 9.34669 9.5981 8.74476 8.47697 15.5797 8.40516 11.1276 38.557 16.9093 16.5564 14.6464 7.7237 16.0413 10.6761 17.4509 12.7736 10.4827 9.68217
threshold=23.951406478881839 27.960625648498539 22.989408493041996 11.500000000000002 10.500000000000002 8.5000000000000018 0 15.500000000000002 2.5000000000000004 10.500000000000002 22.640412330627445 29.054553985595707 8.5000000000000018 51.500000000000007 21.339884757995609 0.92871214547611547 23.322744369506839 0.97180928449517501 1.5000000000000002 18.500000000000004 23.404917716979984 13.500000000000002 0.24954957774372602 12.500000000000002 14.500000000000002 26.711582374572757 1.1992826704856399 24.914194107055668 16.500000000000004 27.003560066223148
decision_type=2 2 2 2 2 2 9 2 2 2 2 2 2 2 2 2 2 2 2 2 2 2 2 2 2 2 2 2 2 2
left_child=2 4 7 9 11 -5 8 14 23 -4 -8 -2 -3 -14 -1 -12 -17 18 19 20 -7 -22 -21 -6 25 26 29 -28 -26 -25
right_child=1 12 3 5 6 17 10 -9 -10 -11 15 -13 13 -15 -16 16 -18 -19 -20 22 21 -23 -24 24 28 -27 27 -29 -30 -31
leaf_value=-0.0057623778189170279 0.0041792035616661826 0.020928435089016283 -0.00020288070364659835 -0.0035487063848342699 0.00013974964378244309 0.043835853710770603 -0.020111443270807678 -0.0046074795251674489 0.019067108091499124 -0.0053141784700196067 -0.00099289373349012357 0.024568172738488232 0.011034405526806668 -0.00072749313393371629 -0.0017210245516095491 0.026564997701809322 0.0003027105742298505 -0.0063283380294956683 0.0012943577046174216 0.021130534310359508 0.029180190165837606 -0.001278443264550176 -0.00025236625927644446 0.0056576024646373523 0.0052687345820376227 -0.0058692205392645068 0.042285508727654811 0.011778955586254596 -0.0017845323063442207 0.025412184560428496
leaf_weight=540 2361 74 653 526 811 27 23 2476 35 717 1520 21 518 71 4477 29 68 106 1791 32 36 29 291 766 292 59 21 30 541 23
leaf_count=540 2361 74 653 526 811 27 23 2476 35 717 1520 21 518 71 4477 29 68 106 1791 32 36 29 291 766 292 59 21 30 541 23
internal_value=-2.61869e-07 0.00324688 -0.00201582 -0.00032373 0.00248019 0.000909264 0.00141921 -0.00296608 0.00276932 -0.00287792 -0.000715632 0.00435896 0.0108791 0.00961659 -0.00215601 -0.000444174 0.00815432 0.00192349 0.00232 0.00674631 0.0238802 0.015591 0.00186606 0.0025559 0.00368725 0.00646639 0.00733282 0.0243405 0.000687921 0.00623346
internal_weight=18964 7263 11701 4208 6600 2838 4218 7493 2578 1370 1640 2382 663 589 5017 1617 97 2312 2206 415 92 65 323 2543 1732 899 840 51 833 789
internal_count=18964 7263 11701 4208 6600 2838 4218 7493 2578 1370 1640 2382 663 589 5017 1617 97 2312 2206 415 92 65 323 2543 1732 899 840 51 833 789
cat_boundaries=0 1
cat_threshold=27264
is_linear=0
shrinkage=0.03


Tree=96
num_leaves=31
num_cat=2
split_feature=9 43 19 12 0 22 6 52 59 54 9 24 16 52 6 7 7 17 28 7 55 10 54 7 0 18 35 27 54 49
split_gain=130.896 35.2322 34.7416 12.0888 11.8959 9.62521 8.76494 10.7893 9.55192 8.11711 8.80244 11.0492 8.0344 10.0983 7.9298 7.62746 16.0344 11.2065 7.84834 7.46981 9.46421 8.79131 8.73911 7.68532 7.54229 9.55139 7.41173 7.32529 14.1145 7.23291
threshold=24.813960075378422 30.254060745239261 23.075007438659672 2.5000000000000004 0 21.322292327880863 10.500000000000002 0.21647547102977757 5.5000000000000009 0.25974628641010777 29.486070632934574 28.586996078491214 -1.3301229999999997 0.57785479348768765 8.5000000000000018 41.500000000000007 50.500000000000007 0.97010750000000023 25.885800361633304 25.500000000000004 0.57497925718588128 1.5000000000000002 0.71842493086123682 16.500000000000004 1 22.869781494140629 26.609041213989261 28.068841934204105 0.47463251603821316 22.706826687109135
decision_type=2 2 2 2 9 2 2 2 2 2 2 2 8 2 2 2 2 10 2 2 2 2 2 2 9 2 2 2 2 2
left_child=2 3 5 4 -2 -1 9 -8 15 -6 11 -11 -10 -14 -4 -9 17 26 -18 20 23 22 -22 -7 25 -25 -17 -3 -29 -26
right_child=1 27 14 -5 6 19 7 8 12 10 -12 -13 13 -15 -16 16 18 -19 -20 -21 21 -23 -24 24 29 -27 -28 28 -30 -31
leaf_value=-0.0056270042004416604 -0.0058876526118814944 0.030428090883152823 0.005624193746286134 0.014574137135959144 0.0028113745584933438 -0.0029287125977681431 -0.0006936324500586786 0.0044672519329122815 0.0028877751736973343 0.0069686895164271919 0.020911308951102769 -0.010686670545149933 0.0076803320732254238 0.034121115812315389 9.0107446707358735e-05 -0.0057592872739769515 0.0014402449343885694 -0.021507825605571271 0.013314249864779411 -0.0031628280730759384 0.0047935605760438729 0.011478956116910051 -0.0074987740376418512 0.0036278855910160295 0.00052303205383064761 0.02520307709378275 0.010135070554388221 0.014968343761097314 -0.00092217777932032197 -0.0066620566281855257
leaf_weight=896 115 21 243 88 739 1860 704 1158 39 959 39 33 26 26 5680 151 147 35 76 4221 149 92 80 115 717 22 32 287 61 153
leaf_count=896 115 21 243 88 739 1860 704 1158 39 959 39 33 26 26 5680 151 147 35 76 4221 149 92 80 115 717 22 32 287 61 153
internal_value=-2.54016e-07 0.00431976 -0.00143824 0.00356761 0.00334125 -0.00269015 0.00360162 0.00242678 0.00372665 0.00521099 0.00693099 0.00638136 0.0131809 0.0209007 0.000317152 0.0031886 -0.000168946 -0.00595461 0.00548699 -0.00233499 -0.0012389 0.00364611 0.000499295 -0.00178584 0.000325118 0.00661003 -0.00297995 0.0132213 0.0121829 -0.000732137
internal_weight=18964 4736 14228 4367 4279 8305 4164 2394 1690 1770 1031 992 91 52 5923 1599 441 218 223 7409 3188 321 229 2867 1007 137 183 369 348 870
internal_count=18964 4736 14228 4367 4279 8305 4164 2394 1690 1770 1031 992 91 52 5923 1599 441 218 223 7409 3188 321 229 2867 1007 137 183 369 348 870
cat_boundaries=0 1 2
cat_threshold=1088 18560
is_linear=0
shrinkage=0.03


Tree=97
num_leaves=31
num_cat=2
split_feature=9 40 9 0 12 0 6 29 9 17 28 6 52 9 7 15 36 48 28 6 8 7 41 5 7 10 8 47 10 2
split_gain=123.144 33.5706 32.868 13.0082 12.297 11.0127 8.37718 8.31105 10.5311 7.98776 8.92614 7.64244 10.2614 8.16587 8.03057 13.0239 15.0547 11.2374 11.6298 8.66489 9.26019 10.0237 11.1383 8.16647 7.46127 9.63154 7.37939 17.0708 17.2063 14.1495
threshold=24.813960075378422 29.504385948181156 23.087484359741214 0 2.5000000000000004 1 8.5000000000000018 28.100689888000492 30.239335060119632 -0.19219699999999981 23.313772201538089 10.500000000000002 0.21647547102977757 29.486070632934574 42.500000000000007 7.2403236921481904 26.613097190856937 25.995927048152833 25.885800361633304 12.500000000000002 3.5000000000000004 16.500000000000004 25.346903800964359 3.5349605000000008 8.5000000000000018 3.5000000000000004 1.5000000000000002 25.066113471984867 2.5000000000000004 9.2406990000000011
decision_type=2 2 2 9 2 9 2 2 2 10 2 2 2 2 2 8 2 2 2 2 2 2 2 2 2 2 2 2 2 2
left_child=2 4 3 -1 5 -2 -4 -3 -9 24 -11 13 -13 -7 19 17 -17 18 -16 20 21 -14 -23 -19 25 -8 27 28 29 -21
right_child=1 7 6 -5 -6 11 9 8 -10 10 -12 12 14 -15 15 16 -18 23 -20 26 -22 22 -24 -25 -26 -27 -28 -29 -30 -31
leaf_value=-0.0046659787239033586 -0.0057251535059139134 0.026544808230616831 0.0058130293981320923 -0.0019124036629369968 0.014543372904239543 0.0046505400241818639 -0.0030630261497081156 0.004073445362335084 0.01429152346747367 -0.0041953788644803515 -7.2643637212086674e-05 -0.00079178405096129922 0.0021378642490700534 0.020704007726804963 -0.00362898483373171 0.00173684718729173 0.022688370381410302 -0.0073881112657328864 0.01736885689332017 0.018757259603238333 0.0067830192977255512 -0.032909001052379608 -0.005601038968235981 -0.029204089569191086 0.0016827689603273837 0.018169629938900471 0.0033847396820073767 0.0043936081786854911 0.0083391639673327262 0.04785501541403521
leaf_weight=2061 115 33 241 6342 87 1713 498 136 273 660 1665 686 69 29 156 148 39 47 28 53 91 20 41 23 2741 20 492 325 111 21
leaf_count=2061 115 33 241 6342 87 1713 498 136 273 660 1665 686 69 29 156 148 39 47 28 53 91 20 41 23 2741 20 492 325 111 21
internal_value=-3.39536e-07 0.0041898 -0.00139509 -0.0025956 0.00337944 0.00314857 0.000336741 0.0120623 0.0108938 0.000100389 -0.00124297 0.00340363 0.0022957 0.00491779 0.00356855 9.78932e-05 0.00610642 -0.0043257 -0.000433661 0.00482003 -0.000556811 -0.00569469 -0.0145545 -0.0145562 0.00105875 -0.00224323 0.00600594 0.00853463 0.0158094 0.0270147
internal_weight=18964 4736 14228 8403 4294 4207 5825 442 409 5584 2325 4092 2350 1742 1664 441 187 254 184 1223 221 130 61 70 3259 518 1002 510 185 74
internal_count=18964 4736 14228 8403 4294 4207 5825 442 409 5584 2325 4092 2350 1742 1664 441 187 254 184 1223 221 130 61 70 3259 518 1002 510 185 74
cat_boundaries=0 1 2
cat_threshold=196 1088
is_linear=0
shrinkage=0.03


Tree=98
num_leaves=31
num_cat=2
split_feature=9 9 43 24 0 6 0 22 36 43 14 15 44 27 27 24 41 26 54 53 52 53 7 52 42 51 27 43 14 59
split_gain=116.146 45.1012 13.4939 13.192 10.9308 11.4302 10.6842 18.0024 16.9825 10.0898 9.25673 9.90657 8.77127 9.27634 8.35542 8.08256 8.94987 7.91939 12.1005 7.41555 7.31398 7.89383 7.31198 8.88077 7.07894 6.94515 11.0948 7.08697 6.61689 6.55381
threshold=23.537122726440433 26.633753776550297 30.254060745239261 21.822082519531254 0 8.5000000000000018 1 26.317337989807132 24.354459762573246 24.325133323669437 1.1965937898913681 1.0554724984205033 24.100246429443363 25.169638633728031 24.015155793017581 28.586996078491214 27.361851692199711 29.156111717224125 0.50289662575522787 0.67457330824521644 0.20888079304436222 0.18568067163312091 55.500000000000007 1.0216023162750458 32.067792892456062 24.576358381959228 25.145527839660648 25.996582031250004 2.6016186711948355 6.5000000000000009
decision_type=2 2 2 2 9 2 9 2 2 2 8 10 2 2 2 2 2 2 2 2 2 2 2 2 2 2 2 2 8 2
left_child=3 4 6 -1 10 -6 9 12 -9 -3 11 -2 -8 -14 19 16 28 -4 -19 -7 -12 -22 23 -16 -20 -13 -27 -28 -10 -23
right_child=1 2 17 -5 5 14 7 8 15 -11 20 25 13 -15 22 -17 -18 18 24 -21 21 29 -24 -25 -26 26 27 -29 -30 -31
leaf_value=-0.0040387122725201469 -0.005391438831057813 0.023637860042508691 0.029737655643535695 -0.001544346260187211 0.007514697015515044 -0.00070828255760404764 -0.0035474033709615468 -0.030816724374890327 -0.012084595311566122 0.0072530835849133187 0.00094906742347305539 0.027186053605750202 0.029092770778927309 0.0081889291288929859 0.0013669317287167927 -0.017275424033403396 0.01577157986164093 0.013910025202567339 0.0071384911546483638 -0.0071552690142902978 0.022783315693144686 0.0035725356007517703 -0.0044802316877788611 0.014513544483863293 -0.015903223603963852 -0.0084110014466568812 0.0077464784032875494 0.029460814418271183 0.0030183153703262139 0.019055605869367716
leaf_weight=2532 27 36 23 7746 213 981 30 20 42 560 1190 30 29 56 2879 25 30 288 30 192 20 1557 191 47 20 21 31 24 69 25
leaf_count=2532 27 36 23 7746 213 981 30 20 42 560 1190 30 29 56 2879 25 30 288 30 192 20 1557 191 47 20 21 31 24 69 25
internal_value=-5.2398e-07 0.00255337 0.0078063 -0.00215884 0.00166374 0.000729848 0.0058352 0.00103372 -0.00470087 0.00810675 0.0030884 0.0108314 0.0103987 0.0153208 0.000394679 -0.00155438 0.00123304 0.012704 0.0115449 -0.00176354 0.00273062 0.00405399 0.00120687 0.0015781 -0.00207819 0.0149637 0.0101391 0.0172218 -0.0026963 0.00381721
internal_weight=18964 8686 1258 10278 7428 4503 897 301 186 596 2925 133 115 85 4290 166 141 361 338 1173 2792 1602 3117 2926 50 106 76 55 111 1582
internal_count=18964 8686 1258 10278 7428 4503 897 301 186 596 2925 133 115 85 4290 166 141 361 338 1173 2792 1602 3117 2926 50 106 76 55 111 1582
cat_boundaries=0 1 2
cat_threshold=10880 28930
is_linear=0
shrinkage=0.03


Tree=99
num_leaves=31
num_cat=0
split_feature=9 19 19 45 54 36 9 6 6 7 46 7 12 6 44 25 25 54 28 6 33 55 6 6 46 54 3 50 20 3
split_gain=109.675 29.749 29.3334 10.6952 10.1079 9.03151 8.58832 8.46767 11.342 10.6585 9.17522 18.2523 7.76247 7.91202 13.112 9.06563 8.21984 7.64646 7.55039 8.17226 7.64442 8.47679 8.4338 12.7602 24.5039 9.03176 11.1618 10.1428 9.18092 8.53157
threshold=24.813960075378422 29.018083572387699 23.075007438659672 22.483162879943851 1.1357041280018021 27.980250358581547 21.120005607604984 15.500000000000002 12.500000000000002 29.500000000000004 24.103741645812992 19.500000000000004 2.5000000000000004 10.500000000000002 28.631871224458013 28.622634888703619 24.029350279284671 0.25974628641010777 22.830192565917972 8.5000000000000018 21.928968429565433 0.42344302081067603 14.500000000000002 12.500000000000002 26.6499137878418 0.52711702108604175 0.57410400000000006 23.235843515333624 23.91474533081055 3.5349605000000008
decision_type=2 2 2 2 2 2 2 2 2 2 2 2 2 2 2 2 2 2 2 2 2 2 2 2 2 2 2 2 2 2
left_child=2 3 6 -2 5 -3 -1 8 -8 -10 -9 -12 13 14 15 16 -5 -18 -4 -20 -21 -22 23 25 -25 26 28 -28 -23 -29
right_child=1 4 18 12 -6 -7 7 10 9 -11 11 -13 -14 -15 -16 -17 17 -19 19 20 21 22 -24 24 -26 -27 27 29 -30 -31
leaf_value=-0.0074505277694086542 -0.016780566059751437 0.029468667242262096 -0.0031673946646397942 -0.0099395632222294816 -0.0038813666921729841 0.011512034760222856 -0.0028585776731546463 -0.0039531345981626406 0.0017482817905296109 -0.0022296083386393411 -0.0043641959329446152 0.027606556366011496 0.013069339853318524 0.0020180671605423959 0.018940153525244179 -0.014119580797851085 0.0024230433682563067 0.006528633277617278 0.0062639559271141275 -0.017677453538136819 -0.0007815072033225055 0.0028097471301443875 -0.00088610558616025281 0.0046207006203348271 0.038211580038070674 -0.0023844809993621512 0.021377277629716057 -0.0019762476811678534 0.022562947002549964 0.012346344469967947
leaf_weight=300 24 27 517 35 36 380 2905 2590 1316 1124 45 25 72 2419 56 24 720 943 222 21 2528 40 815 859 20 503 21 289 45 43
leaf_count=300 24 27 517 35 36 380 2905 2590 1316 1124 45 25 72 2419 56 24 720 943 222 21 2528 40 815 859 20 503 21 289 45 43
internal_value=-5.08266e-07 0.00395385 -0.00131678 0.00319007 0.0113555 0.0127033 -0.00246713 -0.00228037 -0.00159205 -8.41561e-05 -0.00366348 0.00705393 0.00330234 0.00313478 0.0046541 0.00418951 0.0044483 0.00475111 0.000296205 0.000627445 0.000386067 0.000459538 0.00165019 0.00278595 0.005385 0.000358139 0.00350777 0.00115773 0.0132673 -0.000121213
internal_weight=18964 4736 14228 4293 443 407 8305 8005 5345 2440 2660 70 4269 4197 1778 1722 1698 1663 5923 5406 5184 5163 2635 1820 879 941 438 353 85 332
internal_count=18964 4736 14228 4293 443 407 8305 8005 5345 2440 2660 70 4269 4197 1778 1722 1698 1663 5923 5406 5184 5163 2635 1820 879 941 438 353 85 332
is_linear=0
shrinkage=0.03


Tree=100
num_leaves=31
num_cat=1
split_feature=9 21 19 45 0 12 6 7 39 3 3 43 59 53 24 10 8 7 6 28 6 52 33 33 17 52 38 50 37 6
split_gain=103.193 28.2497 27.5998 10.1353 8.8137 8.12945 8.2844 13.6597 9.7379 12.6109 8.97439 9.59066 7.97928 9.15522 12.6186 7.4996 11.1202 7.24691 7.38365 7.10416 7.68928 7.68406 7.19263 7.07974 7.05518 6.91285 8.58481 6.402 9.07501 6.29156
threshold=24.813960075378422 29.592650413513187 23.075007438659672 22.483162879943851 0 2.5000000000000004 14.500000000000002 16.500000000000004 28.506158828735355 3.5349605000000008 3.1661955000000006 24.42745399475098 5.5000000000000009 0.37701264427270115 26.983565331215825 2.5000000000000004 1.5000000000000002 33.500000000000007 15.500000000000002 22.830192565917972 8.5000000000000018 0.54077862186107417 21.928968429565433 25.404516220092777 2.5434045000000003 0.3191529132291126 26.47232818603516 26.890842342368899 25.775480270385746 12.500000000000002
decision_type=2 2 2 2 9 2 2 2 2 2 2 2 2 2 2 2 2 2 2 2 2 2 2 2 10 2 2 2 2 2
left_child=2 3 4 -2 -1 6 8 10 12 -10 11 -8 24 -14 -15 16 23 18 29 -4 21 -21 -22 -9 -5 -7 -27 28 -13 -6
right_child=1 -3 19 5 17 25 7 15 9 -11 -12 27 13 14 -16 -17 -18 -19 -20 20 22 -23 -24 -25 -26 26 -28 -29 -30 -31
leaf_value=-0.0011732728346551555 -0.016277148760709681 0.011841370331917385 -0.0030723727914367125 0.002881980875473296 -0.0027379901593177006 -0.00091255120118148613 -0.002376707520743366 -0.021904074523168116 0.0068593463575622685 0.027297931190114467 -0.0093357644361608157 0.0058801392561872489 0.0029805913791542166 0.034061466113531162 0.0047379933357238769 -0.010200162620495747 0.0030351222087831599 -0.0044906254125165121 -0.0043291783511627008 0.003579977089973368 -0.017147130199841092 0.018556337987853062 0.00044575206445671633 -0.0044507934253175405 0.016238813148811457 0.026926877863101058 0.0029114664399198121 -0.0057101612230762841 0.019382376096743557 0.00074120433683343948
leaf_weight=3287 24 366 517 3135 991 24 72 26 180 32 34 96 58 28 25 101 230 2180 961 185 21 37 5163 107 36 37 21 20 84 886
leaf_count=3287 24 366 517 3135 991 24 72 26 180 32 34 96 58 28 25 101 230 2180 961 185 21 37 5163 107 36 37 21 20 84 886
internal_value=-4.93014e-07 0.00383524 -0.00127727 0.0031647 -0.00239312 0.00327206 0.00309213 0.000275314 0.0037129 0.00994442 0.00519566 0.00701208 0.00331038 0.0112166 0.0202296 -0.00296957 -0.000957749 -0.00318348 -0.00219062 0.000287319 0.000608622 0.00607604 0.000374485 -0.00786271 0.00303362 0.0126285 0.0182316 0.010392 0.0121812 -0.00109571
internal_weight=18964 4736 14228 4370 8305 4346 4264 770 3494 212 306 272 3282 111 53 464 363 5018 2838 5923 5406 222 5184 133 3171 82 58 200 180 1877
internal_count=18964 4736 14228 4370 8305 4346 4264 770 3494 212 306 272 3282 111 53 464 363 5018 2838 5923 5406 222 5184 133 3171 82 58 200 180 1877
cat_boundaries=0 1
cat_threshold=10761
is_linear=0
shrinkage=0.03


Tree=101
num_leaves=31
num_cat=0
split_feature=49 46 43 10 53 6 6 6 46 6 7 6 54 48 7 53 53 54 6 42 7 14 55 7 55 7 38 43 7 55
split_gain=96.8021 28.3555 25.312 10.8803 11.4302 8.95819 8.78905 18.1854 24.3843 12.6148 15.9345 19.6183 17.0937 24.8381 17.0784 21.6686 21.1486 12.2335 11.9357 11.8866 11.0175 10.1107 12.39 8.81946 8.70925 7.99939 8.63102 8.21122 7.89863 18.7959
threshold=24.902844619445563 22.944412231445316 30.254060745239261 3.5000000000000004 1.6946600531907181 15.500000000000002 12.500000000000002 14.500000000000002 26.49865818023682 10.500000000000002 30.500000000000004 11.500000000000002 0.59533663954746674 23.921161460876466 16.500000000000004 0.5378393989571344 0.55677043464806686 0.37558328584815709 16.500000000000004 22.548126220703129 20.500000000000004 1.0121415877986411 0.62143305964614615 33.500000000000007 1.228987702458288 50.500000000000007 22.739876747131351 23.336125373840336 43.500000000000007 1.5868855998533167
decision_type=2 2 2 2 2 2 2 2 2 2 2 2 2 2 2 2 2 2 2 2 2 10 2 2 2 2 2 2 2 2
left_child=1 5 3 28 -5 24 9 8 25 -3 14 -12 13 19 16 -16 -11 21 -19 -13 -17 22 -9 -21 -1 26 27 -8 -2 -30
right_child=2 6 -4 4 -6 -7 7 17 -10 10 11 12 -14 -15 15 20 -18 18 -20 23 -22 -23 -24 -25 -26 -27 -28 -29 29 -31
leaf_value=-0.0015936584607734432 0.0034269396763019853 0.0013032201580446534 0.011388687211176933 0.0058822869887596874 0.022521077938377855 -0.0039412896240245479 0.0070789043262068719 0.0032182154156334673 0.035110551518472762 -0.0035887934011170491 -0.0032007272718399312 0.028251060515642166 -0.0017363037490475107 0.032320372138270423 -0.0048883613317314894 -0.031841735035247572 0.013935287251270242 -0.0013292846604753307 -0.0095961962542473224 0.02006322819325659 -0.013558818166798884 -0.0014290646140721871 0.01892830005792134 0.0017023876930192191 -0.012402838530645513 -0.0017700921771830831 0.0035143389276603336 0.025838156409561632 0.00091052133842848637 -0.025458846580982207
leaf_weight=4996 2577 1491 370 523 40 2474 70 396 22 541 629 20 200 38 321 42 70 748 199 27 101 431 51 184 68 236 1139 30 905 25
leaf_count=4996 2577 1491 370 523 40 2474 70 396 22 541 629 20 200 38 321 42 70 748 199 27 101 431 51 184 68 236 1139 30 905 25
internal_value=-4.96787e-07 -0.00118557 0.0038761 0.00319313 0.00706444 -0.00246167 0.00019135 0.00130887 0.00375965 -0.000821861 -0.00227998 0.000261952 0.00490593 0.00984439 -0.0048763 -0.00921543 -0.00158112 -0.000701435 -0.00306647 0.00614705 -0.0189286 0.00184946 0.00501064 0.00405188 -0.00173881 0.00329204 0.00425626 0.0127067 0.00257165 0.000201667
internal_weight=18964 14524 4440 4070 563 7538 6986 3322 1497 3664 2173 1098 469 269 1075 464 611 1825 947 231 143 878 447 211 5064 1475 1239 100 3507 930
internal_count=18964 14524 4440 4070 563 7538 6986 3322 1497 3664 2173 1098 469 269 1075 464 611 1825 947 231 143 878 447 211 5064 1475 1239 100 3507 930
is_linear=0
shrinkage=0.03


Tree=102
num_leaves=31
num_cat=0
split_feature=50 18 47 6 6 6 52 6 6 55 54 54 27 3 22 10 49 53 39 47 16 26 56 14 8 22 27 22 47 23
split_gain=91.4595 31.4145 16.7686 10.3095 8.39865 14.0622 15.421 11.712 11.8816 11.4408 14.0187 8.79853 9.99113 8.64519 7.95158 7.93498 13.0027 12.1163 7.75392 9.42384 7.29452 7.14702 9.59189 6.95414 16.6654 11.764 6.90165 8.9262 6.79211 14.7555
threshold=24.156840658113286 27.287329673767093 22.093097686767582 10.500000000000002 15.500000000000002 12.500000000000002 1.0786263104494009 10.500000000000002 11.500000000000002 0.43593399514600045 0.15927387609520574 0.76550912427142437 24.207068443298343 0.33264700000000008 22.638270378112797 3.5000000000000004 26.899232292175295 1.6946600531907181 23.823339462280277 23.214979171752933 -1.7771764999999997 25.320436477661136 -0.72854995727539051 1.3387199917564152 1.5000000000000002 27.775514602661136 26.817831993103031 26.317337989807132 24.234028816223148 23.067650793264164
decision_type=2 2 2 2 2 2 2 2 2 2 2 2 2 2 2 2 2 2 2 2 8 2 2 10 2 2 2 2 2 2
left_child=2 15 -1 20 5 7 9 -4 -9 13 -11 12 -10 14 -7 -2 17 21 19 -12 -3 -17 -23 24 25 -5 27 -25 -6 -30
right_child=1 3 4 23 28 6 -8 8 11 10 18 -13 -14 -15 -16 16 -18 -19 -20 -21 -22 22 -24 26 -26 -27 -28 -29 29 -31
leaf_value=-0.0032049039582144377 0.0016083468977395848 0.013526432122804593 0.00049575911701358786 0.04034717696439475 -0.0032673354350508787 0.0020842322434627397 -0.015009848719032912 -0.0054041922219365719 -0.00070561964648674109 0.028142114908966634 0.0023859481844311775 -0.0088464123114295624 0.014052586367375455 -0.00035197153726344648 0.024637887545395643 0.0020266159866326326 -0.015275914557278154 0.025645645335316658 -0.00067723237615274746 0.0091070626674512531 0.0067346609474478241 0.027148744555433157 0.0069332624889769084 0.0037291372422542839 0.00039280359263390397 0.010643647095188499 0.0038272839574323547 -0.020047441184520721 0.01665346373221837 -0.0041719846036049387
leaf_weight=3825 5275 313 1461 20 1535 34 52 990 1035 21 491 115 43 1787 24 319 27 27 304 304 261 23 259 27 79 30 124 30 50 79
leaf_count=3825 5275 313 1461 20 1535 34 52 990 1035 21 491 115 43 1787 24 319 27 27 304 304 261 23 259 27 79 30 124 30 50 79
internal_value=-4.81886e-07 0.00278152 -0.00156069 0.0080573 -0.000805246 -0.000328989 0.00118589 -0.00158322 -0.0029746 0.00146993 0.00386174 -0.000958418 -0.000116934 1.79946e-05 0.0114168 0.00199505 0.00510933 0.00598576 0.00339779 0.00495603 0.0104382 0.00510254 0.00858204 0.00364881 0.0089712 0.0225251 -0.000144493 -0.00878485 -0.0027117 0.00389989
internal_weight=18964 6814 12150 884 8325 6661 3017 3644 2183 2965 1120 1193 1078 1845 58 5930 655 628 1099 795 574 601 282 310 129 50 181 57 1664 129
internal_count=18964 6814 12150 884 8325 6661 3017 3644 2183 2965 1120 1193 1078 1845 58 5930 655 628 1099 795 574 601 282 310 129 50 181 57 1664 129
is_linear=0
shrinkage=0.03


Tree=103
num_leaves=31
num_cat=4
split_feature=9 21 9 0 0 18 24 32 21 29 46 0 36 15 53 17 49 17 23 16 16 0 52 31 7 6 26 44 15 6
split_gain=87.0317 23.8358 23.2445 10.2899 9.77532 7.12405 8.10151 7.85122 8.57559 7.16105 9.09373 7.5335 8.49912 8.39008 7.82128 7.84281 7.78383 17.4311 7.43789 6.46147 6.33757 6.16468 9.67931 6.15436 6.13548 7.35826 6.82518 9.45023 6.66539 6.09388
threshold=24.813960075378422 29.592650413513187 22.919258117675785 0 1 26.347520828247074 27.794235229492191 27.737023353576664 27.312244415283207 28.100689888000492 29.648962020874027 2 25.659426690952152 2.7650081969892537 0.85846140550493077 -0.4925574999999997 26.276907348688237 0.33191400000000032 26.887662887573246 3.4269470000000002 -0.78762299999999985 3 0.3575373974666593 23.230937957763675 7.5000000000000009 10.500000000000002 26.172955513000492 26.256447792053226 2.1198425136796852 8.5000000000000018
decision_type=2 2 2 9 9 2 2 2 2 2 2 9 2 8 2 8 2 10 2 10 10 9 2 2 2 2 2 2 8 2
left_child=2 4 3 19 23 6 7 8 21 10 11 14 13 -13 15 -7 17 -14 -15 -1 -16 22 -6 -2 26 -26 -23 -28 -27 -3
right_child=1 29 -4 -5 5 9 -8 -9 -10 -11 -12 12 16 18 20 -17 -18 -19 -20 -21 -22 24 -24 -25 25 28 27 -29 -30 -31
leaf_value=-0.0046261381796365636 -0.021000029258430003 0.019889224799055801 0.00014915735087511935 -0.0016930090146767753 0.0024385937009031191 0.013850009548108434 0.019085291050947629 -0.0085700662129448123 0.018715089439767702 0.0010190914379512911 0.023689975953764385 -0.019152115155011414 0.0039166503857691274 0.004885797622398688 0.008638785997262366 0.0028706645704944856 0.0039231838174808732 0.036272815210420799 -0.015228590853512287 0.0087790786879221819 0.028314581537920543 0.0036550596947528074 0.010145249479662905 -0.0027230296230103253 0.0031179483809672709 -0.0087939328076488271 0.031038715903248106 0.0037400321871042248 7.1196066027092133e-05 0.0092136309534600631
leaf_weight=1672 20 57 6500 6023 457 104 26 59 29 279 27 24 43 78 26 134 336 23 21 33 34 257 216 97 848 82 21 25 1104 309
leaf_count=1672 20 57 6500 6023 457 104 26 59 29 279 27 24 43 78 26 134 336 23 21 33 34 257 216 97 848 82 21 25 1104 309
internal_value=-4.67425e-07 0.00352211 -0.00117301 -0.00228508 0.00290619 0.00313961 0.00240887 0.00226891 0.00247935 0.00518942 0.00655826 0.00599623 0.0035935 -0.00323869 0.00978044 0.00766836 0.00577333 0.0151923 0.000619109 -0.00434122 0.0197884 0.00232292 0.00484013 -0.00538689 0.00157059 0.000984031 0.00555995 0.0162025 -0.000541739 0.0108762
internal_weight=18964 4736 14228 7728 4370 4253 3124 3098 3039 1129 850 823 525 123 298 238 402 66 99 1705 60 3010 673 117 2337 2034 303 46 1186 366
internal_count=18964 4736 14228 7728 4370 4253 3124 3098 3039 1129 850 823 525 123 298 238 402 66 99 1705 60 3010 673 117 2337 2034 303 46 1186 366
cat_boundaries=0 1 2 3 4
cat_threshold=132 1088 12544 10240
is_linear=0
shrinkage=0.03


Tree=104
num_leaves=31
num_cat=1
split_feature=9 18 18 47 22 0 32 6 23 6 6 6 55 54 55 52 53 6 7 50 49 6 41 14 47 52 14 54 6 30
split_gain=82.2662 32.7847 11.1701 10.7371 9.47109 8.26517 8.04037 8.466 15.4181 8.03573 15.412 11.8722 7.9395 14.7708 9.10849 7.84309 11.4295 8.03792 7.61316 9.18059 8.97238 8.60019 8.05873 7.77013 7.72551 7.71571 9.07108 7.6021 7.22038 8.23945
threshold=23.537122726440433 26.347520828247074 32.309156419409184 22.073082926318364 23.689078330993656 0 23.753154754638675 14.500000000000002 25.214856147766117 11.500000000000002 10.500000000000002 15.500000000000002 0.32873578922533175 0.14198380992254797 0.97297735831383003 0.20888079304436222 0.18232354790762464 10.500000000000002 43.500000000000007 26.890842342368899 26.438656520843509 14.500000000000002 26.817171096801761 3.262370824916299 26.209979057312015 0.87192098861240408 2.2780934563144686 0.99558091094281964 13.500000000000002 23.064785957336429
decision_type=2 2 2 2 2 9 2 2 2 2 2 2 2 2 2 2 2 2 2 2 2 2 2 8 2 2 10 2 2 2
left_child=3 5 6 4 -1 15 -3 8 27 10 -5 12 -11 -14 -15 17 -17 -2 19 20 25 22 24 -22 28 -18 -27 -8 29 -20
right_child=1 2 -4 9 -6 -7 7 -9 -10 11 -12 -13 13 14 -16 16 18 -19 21 -21 23 -23 -24 -25 -26 26 -28 -29 -30 -31
leaf_value=-0.0029695662550669904 0.0028026345788403338 -0.0095801533770281822 0.013952260435860906 -0.00031241907342045605 -0.019113829098641871 0.0001478296784274046 0.010887771445393029 -0.00027726539886219702 0.005810322765240526 -0.0010271630404344258 -0.0058180515575600384 -0.0025632307559414788 0.020009668093174695 0.0022245059402524344 -0.0057920182581736356 0.024923643039708787 0.0048109273742599074 -0.0012354362226757684 0.015494815563516956 -0.010678709778003394 0.025944875585701084 -0.0050354353560795708 -0.013800664439052344 0.0065163074319504874 0.019903272407501935 -0.0098586677493884747 0.0060345194064851462 0.032994474055511605 0.0095065991639500802 -0.0017022018409188603
leaf_weight=3651 863 32 148 1026 33 3176 28 188 1118 1435 826 1578 40 1550 139 22 1322 913 28 36 32 186 25 44 25 73 58 28 101 240
leaf_count=3651 863 32 148 1026 33 3176 28 188 1118 1435 826 1578 40 1550 139 22 1322 913 28 36 32 186 25 44 25 73 58 28 101 240
internal_value=-4.80183e-07 0.00214889 0.00611601 -0.00181693 -0.00311418 0.00129261 0.00528404 0.00563327 0.00657976 -0.00109216 -0.00276795 -0.00043768 0.000622409 0.00199149 0.00156477 0.00220296 0.00340907 0.000726757 0.00319095 0.00429577 0.00464834 0.000333004 0.00271613 0.0146968 0.00376415 0.00412276 -0.00282199 0.0219411 0.00267071 9.45015e-05
internal_weight=18964 8686 1542 10278 3684 7144 1394 1362 1174 6594 1852 4742 3164 1729 1689 3968 2192 1776 2170 1565 1529 605 419 76 394 1453 131 56 369 268
internal_count=18964 8686 1542 10278 3684 7144 1394 1362 1174 6594 1852 4742 3164 1729 1689 3968 2192 1776 2170 1565 1529 605 419 76 394 1453 131 56 369 268
cat_boundaries=0 1
cat_threshold=10946
is_linear=0
shrinkage=0.03


Tree=105
num_leaves=31
num_cat=2
split_feature=29 19 9 6 6 6 44 54 15 31 8 36 54 7 0 48 47 54 53 41 49 7 52 6 0 7 53 52 19 49
split_gain=78.3457 30.763 18.9233 9.42581 17.2606 13.6683 17.5711 13.3499 18.5967 14.3775 13.4235 9.22408 8.85974 8.84251 8.46196 9.94748 11.8117 14.622 28.5619 12.5618 8.59285 7.62928 13.3756 10.2824 7.57104 7.40173 9.39607 8.05885 7.21219 9.96827
threshold=25.507610321044925 23.075007438659672 29.486070632934574 14.500000000000002 13.500000000000002 10.500000000000002 21.550275802612308 0.7457858179766268 2.9950195469498802 24.278692245483402 1.5000000000000002 24.557739257812504 0.25598810660578053 48.500000000000007 0 24.743709182739263 25.592166900634769 0.49177916140374489 0.13580224300466998 23.256944656372074 24.643437004330814 19.500000000000004 0.80240272063440876 16.500000000000004 1 22.500000000000004 0.45111319620832135 0.32681910619221616 23.655611991882328 23.50329742451099
decision_type=2 2 2 2 2 2 2 2 8 2 2 2 2 2 9 2 2 2 2 2 2 2 2 2 9 2 2 2 2 2
left_child=1 24 -2 4 5 -3 -7 -6 9 10 -9 -10 13 -5 15 16 19 18 -18 -8 -17 23 -23 -14 -1 26 -16 -27 29 -28
right_child=2 3 -4 12 7 6 14 8 11 -11 -12 -13 21 -15 25 20 17 -19 -20 -21 -22 22 -24 -25 -26 27 28 -29 -30 -31
leaf_value=-0.00098480830488446034 0.0035035989905403456 0.002246144598405329 0.010792058155879624 0.00071397815331062471 0.0030302955935173665 -0.028992186628282068 0.013673054606794086 0.05202540346554347 -0.0025995174567423648 0.0061941761422902343 0.018850711338707932 0.013978937495161185 0.0016062344591511854 0.014531914960326893 -0.0022513721863707224 -0.017647365101147443 0.0012053176593035458 0.0018227705553303969 0.051298892697585474 0.00038033268849836411 -0.0012634232906339879 -0.0028183794297258341 -0.015727414825954768 -0.012223107859773454 -0.0028461967035992978 -0.0026332063639599927 -0.010914751480643947 0.002722477030976667 -0.013550435175643638 0.014369022574113762
leaf_weight=3290 2745 2063 363 163 750 20 73 21 67 25 23 55 556 56 539 32 20 43 21 518 289 844 79 53 5018 602 36 436 141 23
leaf_count=3290 2745 2063 363 163 750 20 73 21 67 25 23 55 556 56 539 32 20 43 21 518 289 844 79 53 5018 602 36 436 141 23
internal_value=-4.63436e-07 -0.000854168 0.00435486 0.000532175 0.00111482 0.000394209 -0.00097369 0.00483353 0.0119143 0.0243617 0.0346841 0.00487438 -0.00139679 0.00424733 -0.000771609 0.00143644 0.00351838 0.0140448 0.026863 0.00202224 -0.00289671 -0.00220361 -0.00392327 0.000402696 -0.00211369 -0.00200601 -0.00431197 -0.000383613 -0.00986527 -0.00105836
internal_weight=18964 15856 3108 7548 5797 4856 2793 941 191 69 44 122 1751 219 2773 996 675 84 41 591 321 1532 923 609 8308 1777 739 1038 200 59
internal_count=18964 15856 3108 7548 5797 4856 2793 941 191 69 44 122 1751 219 2773 996 675 84 41 591 321 1532 923 609 8308 1777 739 1038 200 59
cat_boundaries=0 1 2
cat_threshold=18626 10761
is_linear=0
shrinkage=0.03


Tree=106
num_leaves=31
num_cat=1
split_feature=29 19 9 6 6 6 44 54 12 37 29 54 7 21 0 51 8 54 53 9 7 55 42 46 54 49 7 7 52 6
split_gain=73.7176 28.948 17.8049 8.86875 16.2405 12.8605 16.5326 12.5609 13.1 12.7332 11.5112 8.33613 8.31991 8.19383 7.96186 9.46778 18.2674 22.9475 8.08722 7.4256 7.19967 8.2904 8.85077 8.87799 7.9082 7.39953 7.31793 7.17839 12.5851 9.6747
threshold=25.507610321044925 23.075007438659672 29.486070632934574 14.500000000000002 13.500000000000002 10.500000000000002 21.550275802612308 0.7457858179766268 1.5000000000000002 25.214559555053714 24.766677855351563 0.25598810660578053 48.500000000000007 24.910812377929691 0 24.068968391405683 1.5000000000000002 0.36583453572530911 0.66667354799273781 21.120005607604984 25.500000000000004 0.57497925718588128 23.373358726501468 23.645168304443363 0.37558328584815709 22.545866775318121 16.500000000000004 19.500000000000004 0.80240272063440876 16.500000000000004
decision_type=2 2 2 2 2 2 2 2 2 2 2 2 2 2 9 2 2 2 2 2 2 2 2 2 2 2 2 2 2 2
left_child=1 19 -2 4 5 -3 -7 -6 9 13 -11 12 -5 -9 15 16 17 -8 -17 -1 21 26 23 25 -24 -23 -21 29 -29 -13
right_child=2 3 -4 11 7 6 14 8 -10 10 -12 27 -14 -15 -16 18 -18 -19 -20 20 -22 22 24 -25 -26 -27 -28 28 -30 -31
leaf_value=-0.0066842487249639815 0.0033984910010121942 0.0021787602521059048 0.010468296387534942 0.0006925587667769358 0.0029393867305759339 -0.028122420810163022 0.04505971946194768 0.0088253728300333022 0.027585590922500233 0.033818825792807802 0.0060975956471104702 0.0015580474089482706 0.014095957397283719 -0.0085203718363718942 -0.0019458269245953379 0.0013571468162922474 0.00091071714129655856 0.009086639783404106 -0.0060917329627437795 -0.0023924115194551921 -0.0026692286826515521 -0.0078924000337719912 0.0088265839702664651 0.02259411638433283 -0.0050950438057444985 0.0091558016483316712 0.00063259392351448784 -0.0027338280755881176 -0.015255592559908939 -0.011856414689770283
leaf_weight=300 2745 2063 363 163 750 20 20 57 37 26 28 556 56 43 1777 491 227 79 179 2054 4509 30 52 33 125 97 1108 844 79 53
leaf_count=300 2745 2063 363 163 750 20 20 57 37 26 28 556 56 43 1777 491 227 79 179 2054 4509 30 52 33 125 97 1108 844 79 53
internal_value=-5.10151e-07 -0.000828615 0.00422421 0.00051621 0.00108138 0.000382383 -0.000944479 0.00468852 0.0115569 0.00770579 0.0194449 -0.00135488 0.00411991 0.0013667 -0.000748461 0.00139335 0.00560053 0.0163539 -0.000632927 -0.00205042 -0.00187682 -0.000855688 0.00361735 0.00873092 -0.00100507 0.00512867 -0.00133242 -0.00213751 -0.00380557 0.000390615
internal_weight=18964 15856 3108 7548 5797 4856 2793 941 191 154 54 1751 219 100 2773 996 326 99 670 8308 8008 3499 337 160 177 127 3162 1532 923 609
internal_count=18964 15856 3108 7548 5797 4856 2793 941 191 154 54 1751 219 100 2773 996 326 99 670 8308 8008 3499 337 160 177 127 3162 1532 923 609
cat_boundaries=0 1
cat_threshold=18626
is_linear=0
shrinkage=0.03


Tree=107
num_leaves=31
num_cat=3
split_feature=29 19 9 6 6 6 44 0 17 36 37 17 36 15 28 28 17 8 47 43 0 0 17 49 52 7 26 55 53 53
split_gain=69.3619 27.2355 16.7527 8.34389 15.2815 12.1022 15.5553 11.4424 21.8846 9.6034 9.07992 7.74843 15.1272 9.67072 8.58048 8.16895 7.48247 7.33523 11.8296 7.60386 7.05367 6.9974 7.17886 6.96979 6.88953 13.8214 6.70484 6.56875 6.62291 10.2995
threshold=25.507610321044925 23.075007438659672 29.486070632934574 14.500000000000002 13.500000000000002 10.500000000000002 21.550275802612308 0 0.16154400000000005 24.610670089721683 26.235515594482425 -0.39178299999999988 23.296295166015629 7.5249484904745687 23.346899986267093 23.478210449218754 1.3640750000000001 1.5000000000000002 23.562796592712406 23.409057617187504 1 2 -0.84171599999999991 23.658454132080081 0.80240272063440876 13.500000000000002 23.57425689697266 0.4864501514453296 0.62339677837821961 0.3932641654623597
decision_type=2 2 2 2 2 2 2 9 8 2 2 10 2 8 2 2 10 2 2 2 9 9 10 2 2 2 2 2 2 2
left_child=1 20 -2 4 5 -3 -7 8 -6 -10 -9 12 13 14 -8 -13 24 18 19 -14 -1 22 27 -22 -5 -26 -20 -19 29 -29
right_child=2 3 -4 16 7 6 11 10 9 -11 -12 15 17 -15 -16 -17 -18 21 26 -21 23 -23 -24 -25 25 -27 -28 28 -30 -31
leaf_value=-0.00089974799625871875 0.0032965362939795626 0.002113397451579741 0.010154247433014506 2.8174116589548215e-05 0.041029278144917698 -0.027278748102486133 0.029639868970960378 0.0026188784846881172 0.0030773639082666724 0.026409760683774947 0.020979993027448653 -0.0061487902357097862 0.0032679951740428805 0.0043602392312205402 0.005573657497297972 -0.00083673692207405614 -0.0061534636903003703 -0.00040469331309846113 -0.0084209744857722205 0.027872557585808231 -0.0026304816306870382 -0.0038571041079752378 -0.013349175883664025 -0.020375779252499341 0.0072319537869521546 -0.016028934659213939 0.0028031274881213904 0.0066034604410330454 -0.00022621963421503704 0.032047475416745456
leaf_weight=3290 2745 2063 363 1402 22 20 30 797 77 20 25 385 20 169 24 806 247 206 57 26 4998 612 27 20 35 67 300 45 45 21
leaf_count=3290 2745 2063 363 1402 22 20 30 797 77 20 25 385 20 169 24 806 247 206 57 26 4998 612 27 20 35 67 300 45 45 21
internal_value=-5.25622e-07 -0.000803794 0.00409749 0.000500646 0.00104884 0.000370791 -0.000916354 0.00454787 0.0129287 0.00788817 0.00313912 -0.000726218 0.000649743 0.00789168 0.0189438 -0.0025539 -0.00131424 -0.000538596 0.00285605 0.0171749 -0.00198891 -0.0019696 0.00145813 -0.00269584 -0.000519495 -0.00804726 0.00101104 0.00276532 0.0086484 0.0146993
internal_weight=18964 15856 3108 7548 5797 4856 2793 941 119 97 822 2773 1582 223 54 1191 1751 1359 403 46 8308 956 344 5018 1504 102 357 317 111 66
internal_count=18964 15856 3108 7548 5797 4856 2793 941 119 97 822 2773 1582 223 54 1191 1751 1359 403 46 8308 956 344 5018 1504 102 357 317 111 66
cat_boundaries=0 1 2 3
cat_threshold=8192 10761 18434
is_linear=0
shrinkage=0.03


Tree=108
num_leaves=31
num_cat=0
split_feature=28 19 18 17 24 21 18 17 6 43 17 6 16 6 55 54 54 54 18 6 6 55 46 46 19 51 6 19 40 16
split_gain=65.3268 24.4192 15.6808 8.42926 8.47599 8.11726 10.0764 9.29841 7.31634 15.6184 8.34367 8.07861 9.98583 11.116 14.0969 10.0206 7.98444 6.99101 6.98011 6.77123 9.31102 8.35014 8.2879 7.71677 13.7194 7.55656 6.61259 7.66855 6.51539 9.82086
threshold=25.438578604089361 23.075007438659672 28.458469390869144 1.3760669999999999 23.518456459045414 27.120130538940433 25.932779312133793 1.4775615000000002 10.500000000000002 21.490239143371582 0.47528850000000017 11.500000000000002 -5.2547839999999981 14.500000000000002 0.44094384623225885 0.33296564131178996 0.79014199330266799 0.88563497084160703 21.087455749511722 15.500000000000002 12.500000000000002 0.13453512095950007 23.456758499145511 24.103741645812992 22.650112152099613 21.977895768480636 12.500000000000002 23.655611991882328 23.696707725524906 -4.8218624999999991
decision_type=2 2 2 8 2 2 2 10 2 2 10 2 8 2 2 2 2 2 2 2 2 2 2 2 2 2 2 2 2 10
left_child=1 18 3 4 -2 6 8 -8 -3 -10 11 -11 26 14 -14 -15 -16 -17 -1 20 -20 25 -23 -21 -25 -22 27 -13 29 -24
right_child=2 5 -4 -5 -6 -7 7 -9 9 10 -12 12 13 15 16 17 -18 -19 19 23 21 22 28 24 -26 -27 -28 -29 -30 -31
leaf_value=-0.007130639916596313 0.023745903991162776 0.0019019544944140062 0.0087317044761948629 0.00094732126487898582 0.0040963381604668236 -0.011476304208421531 0.0040142487654144443 0.020171219548210502 -0.026720093423500655 -0.0022805224569253657 -0.002010139813028786 0.001181349859883388 -7.28250198247036e-05 0.0040023050579044072 0.0076434948277309626 -0.0031166357039420912 0.001056168898085662 0.010842466293012394 -0.0022993682014744916 -0.0032684599897004501 0.020843738049297827 -0.00063973726600037573 0.0043270911679560821 0.022625413418843828 -0.004202951975166797 0.0027916800403036176 -0.00088811543616332473 -0.016388267955537567 -0.0033227796789179458 0.022747904796253989
leaf_weight=225 20 1935 504 1104 1628 51 205 38 20 694 1536 36 537 324 689 642 218 34 2940 2617 32 2190 88 29 42 60 383 59 47 37
leaf_count=225 20 1935 504 1104 1628 51 205 38 20 694 1536 36 537 324 689 642 218 34 2940 2617 32 2190 88 29 42 60 383 59 47 37
internal_value=-5.85101e-07 -0.000802233 0.00386682 0.00297587 0.0043348 0.000450918 0.000533679 0.00654085 0.000328284 -0.000260474 -0.000157758 0.000629095 0.00132015 0.00209575 0.00377944 -0.000335489 0.00606021 -0.00241455 -0.00191871 -0.00177361 -0.00116062 0.000203652 -0.000141718 -0.0030037 0.00675511 0.00907066 -0.00264545 -0.00973031 0.00619934 0.00977965
internal_weight=18964 15708 3256 2752 1648 7401 7350 243 7107 5172 5152 3616 2922 2444 1444 1000 907 676 8307 8082 5394 2454 2362 2688 71 92 478 95 172 125
internal_count=18964 15708 3256 2752 1648 7401 7350 243 7107 5172 5152 3616 2922 2444 1444 1000 907 676 8307 8082 5394 2454 2362 2688 71 92 478 95 172 125
is_linear=0
shrinkage=0.03


Tree=109
num_leaves=31
num_cat=1
split_feature=28 8 6 23 55 19 7 18 21 3 53 7 6 7 7 47 40 54 47 55 53 7 15 33 0 40 16 53 45 55
split_gain=61.466 24.063 14.9384 12.1935 10.2821 9.39918 9.26508 8.05702 11.4952 18.2556 8.38362 21.801 14.4289 22.5742 16.3649 10.0577 11.5768 9.09644 8.0298 7.65268 7.62776 7.07913 6.83733 6.7265 9.32158 7.06947 11.1686 6.89875 6.69149 7.03267
threshold=25.438578604089361 1.5000000000000002 8.5000000000000018 22.154624938964847 1.0677520055724321 28.498593330383304 21.500000000000004 25.885219573974613 27.120130538940433 3.5349605000000008 0.58671972518144833 16.500000000000004 12.500000000000002 20.500000000000004 41.500000000000007 23.179885864257816 23.499005317687992 0.62435727381245998 25.720458984375004 0.87395303106109223 0.56306832535011597 42.500000000000007 5.8146965690833303 25.084811210632328 0 23.36635780334473 -0.92026550000000007 0.49119353034906688 23.510468482971195 0.86112211219174195
decision_type=2 2 2 2 2 2 2 2 2 2 2 2 2 2 2 2 2 2 2 2 2 2 8 2 9 2 8 2 2 2
left_child=1 7 -2 -3 -5 6 -4 10 9 -9 20 15 13 -13 28 -12 -17 -15 22 -18 23 -6 -16 24 27 26 -26 -1 29 -14
right_child=2 3 5 4 21 -7 -8 8 -10 -11 11 12 14 17 18 16 19 -19 -20 -21 -22 -23 -24 -25 25 -27 -28 -29 -30 -31
leaf_value=0.00018927932270848891 0.011936545860731885 -0.0027125404607098924 0.0047645781334194779 -0.00055547000810175448 -0.0046201432678050647 0.0072671255517763478 0.0011164796048270752 0.0068544684988280221 -0.010505119026079774 0.03733524840325117 -0.0084099670319721619 -0.030868041953788353 0.02842805296629667 0.0083974799920212145 -0.013668698063492775 0.030964402454820541 0.012617771938468698 -0.008633909726873612 -0.022314057192550255 -0.0044448001704045703 0.014827758543556783 -0.018757375884801149 0.0075742713520303368 -0.001852944472435765 0.027643849380828183 0.0036827515998778225 0.0067155736680989241 0.011695690060946709 0.00072238133050410479 0.0065368103146985438
leaf_weight=1092 189 4094 1037 8243 157 447 1583 112 25 21 29 39 25 33 25 22 73 195 26 35 41 40 30 385 29 709 110 49 41 28
leaf_count=1092 189 4094 1037 8243 157 447 1583 112 25 21 29 39 25 33 25 22 73 195 26 35 41 40 30 385 29 709 110 49 41 28
internal_value=-5.67547e-07 -0.000778166 0.00375082 -0.00136904 -0.000717346 0.00324638 0.0025604 0.00155517 0.00815894 0.0116672 0.00120922 -0.00196139 -0.00538836 -0.00977659 0.00130683 0.00756514 0.0111288 -0.00616884 -0.00857599 0.00708823 0.00199826 -0.00749065 -0.00208162 0.00177669 0.00247925 0.00483853 0.0110819 0.000677482 0.00982287 0.0168629
internal_weight=18964 15708 3256 12534 8440 3067 2620 3174 158 133 3016 601 442 267 175 159 130 228 81 108 2415 197 55 2374 1989 848 139 1141 94 53
internal_count=18964 15708 3256 12534 8440 3067 2620 3174 158 133 3016 601 442 267 175 159 130 228 81 108 2415 197 55 2374 1989 848 139 1141 94 53
cat_boundaries=0 1
cat_threshold=9484
is_linear=0
shrinkage=0.03


Tree=110
num_leaves=31
num_cat=2
split_feature=29 19 9 33 6 6 0 17 41 6 36 47 51 26 53 36 17 28 0 54 55 54 16 53 20 48 7 55 42 47
split_gain=58.5629 22.92 14.2693 7.4633 7.46459 14.3407 11.2897 19.4325 9.63049 8.88598 8.38661 7.2772 7.76677 7.61402 7.60992 7.0362 14.5784 13.6609 7.46165 8.67471 17.6158 18.2447 9.52156 7.94259 8.72191 6.55977 6.81992 7.40174 8.63305 9.21314
threshold=25.507610321044925 23.075007438659672 29.486070632934574 22.3106803894043 14.500000000000002 13.500000000000002 0 0.16154400000000005 26.731122970581058 10.500000000000002 24.610670089721683 26.161549568176273 25.91691134762663 26.172955513000492 1.355801169640211 23.296295166015629 -0.36609750000000002 23.346899986267093 1 0.6763691271289658 0.47469249764813554 0.34679533268873403 1.0097795000000003 0.55677043464806686 24.362578392028812 21.21093788117139 25.500000000000004 0.57497925718588128 23.373358726501468 23.605206489562992
decision_type=2 2 2 2 2 2 9 8 2 2 2 2 2 2 2 2 8 2 9 2 2 2 8 2 2 2 2 2 2 2
left_child=1 25 -2 -3 5 9 7 -7 -8 -5 -9 13 -13 14 -6 16 17 -11 19 20 -17 -22 -21 -23 -25 -1 27 -27 29 -29
right_child=2 3 -4 4 11 6 8 10 -10 15 -12 12 -14 -15 -16 18 -18 -19 -20 22 21 23 -24 24 -26 26 -28 28 -30 -31
leaf_value=-0.0053484509919137051 0.0030257583439764896 -0.005104742719112096 0.0093548002145647582 0.0019812424610157896 -0.00057007523122964488 0.039521668370474466 0.0026545985330067882 0.0035418815691829531 0.023246016739202398 0.034377317931503053 0.025437015160918237 -0.011933811147138476 0.0056996365847740453 0.014945675089423146 -0.017256670397892592 -0.00083340913047694307 0.00086696600958456279 0.0029899984483535472 -0.0026940653139051144 -0.010081178949025096 0.034996907464835955 0.0024844517004385122 0.0020488933197870527 0.027129445426166056 0.0040570104687378331 -0.0010745712249645263 -0.0023993327472361247 0.004781171583196484 -0.00097016974223841873 0.022052370024224124
leaf_weight=450 2745 211 363 2029 1527 22 769 74 21 24 20 100 29 28 25 426 397 26 1377 118 23 128 115 30 29 3085 4441 122 174 36
leaf_count=450 2745 211 363 2029 1527 22 769 74 21 24 20 100 29 28 25 426 397 26 1377 118 23 128 115 30 29 3085 4441 122 174 36
internal_value=-5.50525e-07 -0.000738644 0.00376496 0.000457999 0.000617974 0.00114528 0.0046025 0.0130184 0.00316194 0.000481944 0.00820042 -0.00111851 -0.0079697 -0.000559141 -0.000838867 -0.000647679 0.00278967 0.0180559 -0.00133178 0.000848108 0.00267208 0.00978322 -0.00409423 0.00668207 0.0157888 -0.00182582 -0.00162409 -0.000616527 0.00363969 0.00871638
internal_weight=18964 15856 3108 7548 7337 5628 906 116 790 4722 94 1709 129 1580 1552 2693 447 50 2246 869 636 210 233 187 59 8308 7858 3417 332 158
internal_count=18964 15856 3108 7548 7337 5628 906 116 790 4722 94 1709 129 1580 1552 2693 447 50 2246 869 636 210 233 187 59 8308 7858 3417 332 158
cat_boundaries=0 1 2
cat_threshold=8192 18562
is_linear=0
shrinkage=0.03


Tree=111
num_leaves=31
num_cat=0
split_feature=29 18 20 59 55 54 34 29 53 10 26 52 32 59 3 40 31 27 32 53 39 7 8 51 18 8 3 55 47 54
split_gain=55.1031 20.653 12.5567 8.37552 8.45063 6.97509 6.39652 6.02878 14.071 9.07664 6.01081 6.43373 11.0493 7.45288 9.68386 5.99336 6.90796 5.81608 7.16127 5.72404 8.52733 6.98654 10.9914 9.59319 7.16546 5.9912 5.62418 5.60273 5.56354 6.1399
threshold=25.507610321044925 23.037331581115726 28.169599533081058 6.5000000000000009 0.69504659408691771 0.92871214547611547 21.327874183654789 28.100689888000492 0.46998300886414396 1.5000000000000002 28.656689643859867 0.21927470356118683 23.710588455512699 5.5000000000000009 1.2994190000000001 29.504385948181156 27.935237884521488 22.850330352783207 21.929118156433109 0.37701264427270115 23.823339462280277 21.500000000000004 1.5000000000000002 23.156464036441164 22.114506721496589 2.5000000000000004 3.1661955000000006 0.67680578869122832 23.905474662780765 0.12577293759477939
decision_type=2 2 2 2 2 2 2 2 2 2 2 2 2 2 2 2 2 2 2 2 2 2 2 2 2 2 2 2 2 2
left_child=1 5 10 17 -5 6 -1 9 -9 -4 11 -2 -13 15 -15 16 -14 -3 -19 28 21 22 23 -21 25 -24 -12 -26 -8 -30
right_child=2 3 7 4 -6 -7 19 8 -10 -11 26 12 13 14 -16 -17 -18 18 -20 20 -22 -23 24 -25 27 -27 -28 -29 29 -31
leaf_value=-0.0040631222824301962 0.0012768304243557073 -0.0025761740709944018 0.027646177040005566 0.0024722598610179762 0.025881207616108914 -0.007608440454214967 -0.001918336152581379 0.0085529912558242518 -0.0054905055882409209 0.0074122408580667562 0.00055055143551961064 -0.015023733316383396 0.0046315915402722401 0.0062451374787535208 0.032155119627714154 0.018503965347145612 -0.0033747408510062774 -0.016540491406869313 0.0006023425199553306 0.0077696704151374949 -0.0086059316952630666 -0.00022578621538666725 0.0020009046883112001 0.033815314337611195 -0.0021824108260185566 0.020652336115317957 -0.019854611948132515 0.014232025859611374 0.01739082707395858 0.0011435715235817714
leaf_weight=871 1126 580 32 35 23 180 5653 414 76 53 31 26 1141 37 20 26 106 22 7039 35 85 802 31 20 172 31 20 21 23 233
leaf_count=871 1126 580 32 35 23 180 5653 414 76 53 31 26 1141 37 20 26 106 22 7039 35 85 802 31 20 172 31 20 21 23 233
internal_value=-5.76629e-07 -0.000716536 0.00365201 0.000397924 0.0117551 -0.00176842 -0.00163664 0.00765424 0.00637482 0.0150297 0.00274349 0.00295298 0.00434482 0.00472346 0.0153364 0.00424825 0.00395102 0.000311715 0.00054893 -0.00133922 0.000552555 0.00125262 0.0050774 0.0172408 0.00245392 0.0113266 -0.00745147 -0.000396384 -0.00172244 0.00260329
internal_weight=18964 15856 3108 7699 58 8157 7977 575 490 85 2533 2482 1356 1330 57 1273 1247 7641 7061 7106 1197 1112 310 55 255 62 51 193 5909 256
internal_count=18964 15856 3108 7699 58 8157 7977 575 490 85 2533 2482 1356 1330 57 1273 1247 7641 7061 7106 1197 1112 310 55 255 62 51 193 5909 256
is_linear=0
shrinkage=0.03


Tree=112
num_leaves=31
num_cat=2
split_feature=9 6 40 6 46 6 29 54 16 0 40 4 9 55 12 59 53 16 32 28 6 0 55 17 52 54 50 52 36 55
split_gain=52.0047 15.7013 14.7286 12.679 12.0829 11.5235 8.81271 10.5456 8.40598 8.37919 7.96486 7.68183 13.3287 7.22566 6.97781 6.02437 8.8095 9.70247 12.0245 7.3829 6.32118 5.9335 9.86689 10.7978 8.22147 8.29824 19.8014 7.21438 6.95761 5.84487
threshold=24.813960075378422 15.500000000000002 29.504385948181156 12.500000000000002 22.822782516479496 10.500000000000002 28.100689888000492 0.47463251603821316 -4.365725499999999 0 32.044591904482424 4.0173850000000009 22.956953048706058 0.70338986779962476 2.5000000000000004 5.5000000000000009 0.36554066282033376 -1.3301229999999997 25.316085815429691 26.631394386291507 9.5000000000000018 1 0.79696682356744064 -0.78584999999999994 0.51920757416678731 0.61260718378158219 23.48472719186255 0.90249575866292042 25.687644004821781 1.09768053753281
decision_type=2 2 2 2 2 2 2 2 10 9 2 2 2 2 2 2 2 8 2 2 2 9 2 8 2 2 2 2 2 2
left_child=1 3 9 5 13 8 -4 -8 -1 -2 -9 12 -10 -5 15 20 -17 18 -18 -19 -11 22 27 -24 25 -23 -27 -6 -28 -7
right_child=2 -3 6 4 21 29 7 10 11 14 -12 -13 -14 -15 -16 16 17 19 -20 -21 -22 24 23 -25 -26 26 28 -29 -30 -31
leaf_value=-0.001491008002518953 -0.005463763377189226 -0.0027112419850434245 0.022850114506754005 -0.00025925566434902995 0.0030080651561496777 -0.0021946242797752473 0.0092193640073351905 0.0025873638972675858 0.030072819546542381 0.004085206261773674 -0.018664311755980764 0.001143873185697149 0.0045312728020404126 -0.0062069949786415076 0.010920602992224944 -0.00011531374121487543 0.019045341130346057 0.013699091081262419 -0.01345759427441018 0.036217714050784708 0.001300115542466515 0.0007732530419255506 0.027282796355762653 0.0070694311088779225 -0.0043329057984081302 0.030570952574850929 0.00052507870478414684 -0.012998851817817642 0.019254840184003114 -0.0091630430004858796
leaf_weight=1292 117 3326 33 2152 1000 3306 323 65 22 977 21 1177 112 201 85 74 20 38 21 20 2942 916 28 158 231 29 119 26 21 112
leaf_count=1292 117 3326 33 2152 1000 3306 323 65 22 977 21 1177 112 201 85 74 20 38 21 20 2942 916 28 158 231 29 119 26 21 112
internal_value=-5.59325e-07 -0.000906942 0.00272242 -0.000356483 0.00077981 -0.00127763 0.00793696 0.0067337 0.000226301 0.00218566 -0.002602 0.00191872 0.00872466 -0.000767329 0.00240724 0.00223628 0.00771494 0.0135678 0.0023975 0.0214641 0.00199443 0.00221985 0.00372421 0.0101123 0.000799994 0.00190018 0.00800825 0.00260243 0.00333454 -0.00242296
internal_weight=18964 14228 4736 10902 4881 6021 442 409 2603 4294 86 1311 134 2353 4177 4092 173 99 41 58 3919 2528 1212 186 1316 1085 169 1026 140 3418
internal_count=18964 14228 4736 10902 4881 6021 442 409 2603 4294 86 1311 134 2353 4177 4092 173 99 41 58 3919 2528 1212 186 1316 1085 169 1026 140 3418
cat_boundaries=0 1 2
cat_threshold=1088 8899
is_linear=0
shrinkage=0.03


Tree=113
num_leaves=31
num_cat=2
split_feature=9 9 53 26 25 6 0 16 0 6 54 14 15 25 26 3 41 9 25 52 55 55 15 52 53 36 50 28 52 54
split_gain=49.3854 20.4771 8.32009 10.5964 9.61602 8.38655 8.17878 8.56347 8.06972 9.24557 7.6794 7.47951 8.64565 7.10944 7.18299 7.1096 14.3625 6.94985 6.76007 7.11264 6.32147 6.12654 6.01971 5.99093 6.8262 5.92683 7.2858 6.99747 8.505 6.28386
threshold=23.537122726440433 26.633753776550297 1.5637347526849001 26.816814422607425 24.957457542419437 8.5000000000000018 0 3.3813370000000007 1 8.5000000000000018 0.64365714093113069 1.1965937898913681 1.0554724984205033 25.017596244812015 24.727352142333988 3.1661955000000006 26.561666488647464 24.952445030212406 25.676726341247562 1.0216023162750458 0.36084705715733301 0.97297735831383003 1.1254452473523784 0.20888079304436222 0.18568067163312091 27.775514602661136 26.771514797304444 27.19608306884766 0.87192098861240408 1.0592136766661298
decision_type=2 2 2 2 2 2 9 10 9 2 2 8 10 2 2 2 2 2 2 2 2 2 8 2 2 2 2 2 2 2
left_child=6 8 5 4 -4 -3 7 10 11 -10 22 12 -2 14 -7 18 -17 -14 -15 -20 -8 -22 -1 -13 -25 26 27 28 29 -26
right_child=1 2 3 -5 -6 13 20 -9 9 -11 -12 23 17 15 -16 16 -18 -19 19 -21 21 -23 -24 24 25 -27 -28 -29 -30 -31
leaf_value=0.012012737651914358 -0.005908031090576615 0.013114234376144373 -0.029664284147322178 0.0086311793625354748 -0.00024589026533067227 0.0074051616713404654 -0.0015885637961230185 0.007588196388121856 0.0063660441194726544 -3.7504815811380275e-05 -0.0085503628434786625 0.00035313916394825507 0.024286101792582913 -0.007586456450323264 0.029720093797193838 -0.014512066368386149 0.0089890574706210334 0.0078288901496853212 0.0051687041484528989 0.020033252767287197 0.00056141801197232704 -0.0048529573427144399 -0.002785893167413003 0.020580009880475699 0.0030808277447092209 -0.0060734498083946254 0.017954529840499164 0.01647562871522763 -0.003122637665082808 0.012091591803331834
leaf_weight=25 27 126 20 30 20 37 4670 69 213 4290 215 1190 34 36 20 50 44 72 845 30 2731 202 2366 20 1186 63 30 34 195 74
leaf_count=25 27 126 20 30 20 37 4670 69 213 4290 215 1190 34 36 20 50 44 72 845 30 2731 202 2366 20 1186 63 30 34 195 74
internal_value=-6.2898e-07 0.0016647 0.00520419 -0.00484669 -0.0149551 0.00579642 -0.00140801 -0.00283272 0.00106525 0.000264807 -0.00311951 0.0022888 0.0092473 0.0049282 0.015235 0.00434364 -0.00351154 0.0131076 0.00515416 0.00567835 -0.000901833 0.000188522 -0.00263116 0.00196552 0.00316324 0.00294305 0.00331701 0.00302209 0.00270771 0.00361003
internal_weight=18964 8686 1258 70 40 1188 10278 2675 7428 4503 2606 2925 133 1062 57 1005 94 106 911 875 7603 2933 2391 2792 1602 1582 1519 1489 1455 1260
internal_count=18964 8686 1258 70 40 1188 10278 2675 7428 4503 2606 2925 133 1062 57 1005 94 106 911 875 7603 2933 2391 2792 1602 1582 1519 1489 1455 1260
cat_boundaries=0 1 2
cat_threshold=16580 10880
is_linear=0
shrinkage=0.03


Tree=114
num_leaves=31
num_cat=0
split_feature=29 46 6 8 33 3 21 20 25 21 3 30 31 6 6 54 22 7 7 7 7 6 7 7 15 54 51 34 19 52
split_gain=46.9108 19.1765 11.554 6.59307 7.38867 6.35828 6.27958 6.27785 7.17683 7.17825 7.13511 7.28407 6.07563 9.2022 17.9504 17.7919 15.3512 12.8667 11.5535 11.3062 9.07808 18.3211 12.1674 16.2473 8.87315 8.06359 7.55777 9.83706 6.87524 6.19364
threshold=25.535952568054203 22.944412231445316 8.5000000000000018 1.5000000000000002 25.054808616638187 3.5816770000000004 21.339884757995609 27.733014106750492 27.16061401311768 27.312244415283207 3.1661955000000006 27.068195343017582 25.337034225463871 12.500000000000002 14.500000000000002 0.60060214001267065 23.225317001342777 16.500000000000004 10.500000000000002 20.500000000000004 8.5000000000000018 11.500000000000002 46.500000000000007 16.500000000000004 1.7819918059786077 0.39520412222654383 25.076431147381999 24.999471664428714 24.191696166992191 0.22151606512415251
decision_type=2 2 2 2 2 2 2 2 2 2 2 2 2 2 2 2 2 2 2 2 2 2 2 2 10 2 2 2 2 2
left_child=1 6 -2 4 5 12 -1 -4 9 -9 11 -10 13 15 16 20 -15 -17 28 -19 25 26 23 -23 -18 -3 -22 -28 -16 -26
right_child=2 3 7 -5 -6 -7 -8 8 10 -11 -12 -13 -14 14 18 17 24 19 -20 -21 21 22 -24 -25 29 -27 27 -29 -30 -31
leaf_value=-0.004046280005074075 0.010746911232203633 0.003681276626469168 0.002204258466663795 -0.00026001848836874138 -0.0011661233325349907 -0.00054899286195868628 -0.001422238626639503 0.0041915219584884849 0.021587929762899874 0.02699859742903047 -0.0098428069183538695 0.0046856355764998839 -0.004683026491698843 0.031973530878763527 -0.0012018567619845272 0.011222310336432544 0.026437561748921871 -0.027826447877223076 -0.0080303289327660898 -0.0054456808425963794 0.0027806510930588725 0.023073435177405673 0.030099949249997735 -0.0063057754898909477 -0.0044025907123630701 -0.011517229835551821 0.029811226487667722 0.0011055896590862954 0.020832159721220916 0.0097355011259205627
leaf_weight=937 182 70 2226 5573 692 500 6618 23 24 27 29 523 81 31 25 37 25 23 85 174 612 36 40 32 33 57 22 21 26 180
leaf_count=937 182 70 2226 5573 692 500 6618 23 24 27 29 523 81 31 25 37 25 23 85 174 612 36 40 32 33 57 22 21 26 180
internal_value=-6.10119e-07 -0.000651777 0.00341834 0.000336827 0.00152392 0.00240615 -0.00174768 0.00295067 0.00560483 0.0165073 0.00465843 0.00542724 0.00332389 0.00374806 0.00762527 0.00235103 0.0121161 -0.00500996 -0.00125727 -0.00805866 0.00428639 0.00552252 0.0169709 0.00924792 0.0095296 -0.0031401 0.00363484 0.0157922 0.0100312 0.00754509
internal_weight=18964 15930 3034 8375 2802 2110 7555 2852 626 50 576 547 1610 1529 405 1124 269 234 136 197 890 763 108 68 238 127 655 43 51 213
internal_count=18964 15930 3034 8375 2802 2110 7555 2852 626 50 576 547 1610 1529 405 1124 269 234 136 197 890 763 108 68 238 127 655 43 51 213
is_linear=0
shrinkage=0.03


Tree=115
num_leaves=31
num_cat=3
split_feature=29 46 9 8 33 0 52 53 19 53 23 17 22 51 18 8 59 55 39 45 53 0 42 0 38 52 10 59 38 8
split_gain=44.1383 18.0431 11.1516 6.20342 6.952 7.54344 7.23888 10.0582 7.20448 8.40335 7.60212 6.41256 5.9612 5.73328 10.6115 5.83203 11.3383 10.7096 5.89807 7.14959 5.97341 7.94167 6.56368 5.67174 10.9493 9.67242 5.65301 5.60551 10.1127 10.9893
threshold=25.535952568054203 22.944412231445316 29.486070632934574 1.5000000000000002 25.054808616638187 0 1.1554441099334991 1.1519340848350235 25.938222885131839 1.0457167536228291 25.830846787905276 0.83566550000000028 21.322292327880863 25.825523217577395 26.937316895000002 3.5000000000000004 5.5000000000000009 0.69504659408691771 22.742193222045902 23.248650550842289 0.65751645271001391 1 24.029447555541996 2 24.086310386657718 0.10479225108269742 4.5000000000000009 5.5000000000000009 26.809333801269535 1.5000000000000002
decision_type=2 2 2 2 2 9 2 2 2 2 2 10 2 2 2 2 2 2 2 2 2 9 2 9 2 2 2 2 2 2
left_child=1 12 26 4 5 -3 7 8 9 10 11 -7 -1 14 15 -5 18 -18 19 -17 23 -22 -23 24 25 -20 27 -2 29 -29
right_child=2 3 -4 13 -6 6 -8 -9 -10 -11 -12 -13 -14 -15 -16 16 17 -19 20 -21 21 22 -24 -25 -26 -27 -28 28 -30 -31
leaf_value=-0.0040372830461386719 0.0020503904325006226 -0.000430533499108695 0.0082494059303286679 -0.0011731144901643985 -0.0011311396286609876 0.0052321350996692977 -0.0056946293355846032 0.022128389105200767 0.018701726336564334 -0.015062215269373899 -0.013465803129517515 0.00053168873537726526 -0.0013920377055987878 0.0092134877995244755 -0.019470391497015953 0.0021024576271342675 0.0044578237342648205 0.030914318239582437 0.023042583135621887 0.022824652450888053 -0.0064610925124916167 -0.0038014788117588442 0.0094792191294783886 -0.00016800912380898601 0.0013286663057345033 0.005185625631935321 0.0091519112951810588 0.032941152256998153 -0.0042403814103454352 0.0078535239290954042
leaf_weight=866 2443 631 363 2931 692 945 73 27 28 22 23 361 6689 57 26 43 40 21 42 23 234 68 66 1452 492 78 115 22 36 55
leaf_count=866 2443 631 363 2931 692 945 73 27 28 22 23 361 6689 57 26 43 40 21 42 23 234 68 66 1452 492 78 115 22 36 55
internal_value=-5.91808e-07 -0.000632224 0.00331579 0.000326722 0.0014782 0.00233396 0.0034927 0.00399455 0.0036395 0.00332733 0.00363175 0.00393285 -0.00169525 -0.000252218 -0.000350033 -0.000259481 0.000786967 0.0135658 0.000474914 0.00932383 0.000234771 -0.00328636 0.0025495 0.000862569 0.00325719 0.0114356 0.00264529 0.00235254 0.00888492 0.0150214
internal_weight=18964 15930 3034 8375 2802 2110 1479 1406 1379 1351 1329 1306 7555 5573 5516 5490 2559 61 2498 66 2432 368 134 2064 612 120 2671 2556 113 77
internal_count=18964 15930 3034 8375 2802 2110 1479 1406 1379 1351 1329 1306 7555 5573 5516 5490 2559 61 2498 66 2432 368 134 2064 612 120 2671 2556 113 77
cat_boundaries=0 1 2 3
cat_threshold=268 25610 26626
is_linear=0
shrinkage=0.03


Tree=116
num_leaves=31
num_cat=1
split_feature=26 8 55 20 6 6 16 10 19 51 6 53 6 9 52 26 16 14 53 54 43 23 28 18 32 0 54 55 42 18
split_gain=41.7528 16.4788 11.7714 11.6386 10.1891 12.4468 12.3258 8.71701 14.2176 7.35329 7.31811 13.5007 11.0977 7.15705 7.01245 6.87956 6.52442 9.10498 6.36885 6.25829 6.68026 6.65732 6.31213 6.18235 6.02721 9.78113 8.32005 9.03435 17.4427 11.4872
threshold=25.048339843750004 1.5000000000000002 1.228987702458288 29.556647300720218 15.500000000000002 13.500000000000002 4.0167685000000004 3.5000000000000004 24.027936935424808 27.997896130960697 10.500000000000002 0.5439159516954718 11.500000000000002 26.478566169738773 0.42378403119506786 23.380439758300785 -2.8079834999999993 2.2780934563144686 0.060268006915622133 0.37908998067751415 23.636528968811039 24.347363471984867 24.418146133422855 23.518363952636722 24.58604717254639 0 0.65271965045214675 0.47865285390503426 23.632942199707035 24.32204627990723
decision_type=2 2 2 2 2 2 8 2 2 2 2 2 2 2 2 2 10 10 2 2 2 2 2 2 2 9 2 2 2 2
left_child=1 13 4 7 5 10 -7 23 -9 -10 11 -3 14 18 -12 -13 -15 -18 -1 20 -8 -21 -23 -2 25 -20 27 -27 29 -29
right_child=3 2 -4 -5 -6 6 19 8 9 -11 12 15 -14 16 -16 -17 17 -19 24 21 -22 22 -24 -25 -26 26 -28 28 -30 -31
leaf_value=0.017187217579180881 -0.0064313427980856163 -0.0006322026032698463 -0.0092878032569709851 0.0077284242848785966 -0.0025563738645282439 -0.00064051473229701156 0.0038159211333525975 0.030688002107664938 0.0056999899751782029 -0.012074311658401379 -0.0040003542699375907 0.014004958160640147 -0.001145700919586789 -0.0013637232733890413 -0.012799531144372532 0.0018005286751297087 0.0035944751165807244 0.031562327229502529 0.00051849369827250283 -0.00054664463714371885 0.01138558860471508 0.019196715016441886 0.0018465851520633567 0.0018107892550381669 -0.0014110053538456213 0.003270074665940224 -0.0012378244690870587 0.045222350142896169 0.0068755614576371804 0.015668585955582813
leaf_weight=22 84 1709 161 368 3237 1636 544 20 438 22 969 89 2868 24 89 78 20 22 1411 439 130 32 46 3286 698 208 128 20 137 29
leaf_count=22 84 1709 161 368 3237 1636 544 20 438 22 969 89 2868 24 89 78 20 22 1411 439 130 32 46 3286 698 208 128 20 137 29
internal_value=-6.85734e-07 -0.000753547 -0.00123039 0.00263129 -0.00112106 -0.000582635 0.00104965 0.00214409 0.0059265 0.00484991 -0.00137796 0.000163352 -0.00211446 0.00135567 -0.00474055 0.00830469 0.0111141 0.0182443 0.00111291 0.00337133 0.00527595 0.000888319 0.00896459 0.00160535 0.000978495 0.00184134 0.00530549 0.0075659 0.0123698 0.0277313
internal_weight=18964 14746 12027 4218 11866 8629 2827 3850 480 460 5802 1876 3926 2719 1058 167 66 42 2653 1191 674 517 78 3370 2631 1933 522 394 186 49
internal_count=18964 14746 12027 4218 11866 8629 2827 3850 480 460 5802 1876 3926 2719 1058 167 66 42 2653 1191 674 517 78 3370 2631 1933 522 394 186 49
cat_boundaries=0 1
cat_threshold=9485
is_linear=0
shrinkage=0.03


Tree=117
num_leaves=31
num_cat=1
split_feature=18 20 7 8 9 26 7 9 22 9 0 23 10 56 54 43 53 19 21 54 7 53 7 54 9 7 7 51 38 46
split_gain=39.6758 14.4297 9.33947 8.65062 8.41413 7.77772 11.1444 9.46451 6.11564 5.92238 5.7394 7.15557 6.42337 7.23841 6.0468 12.3666 7.85696 5.76869 5.82867 6.93393 5.94845 5.29704 8.11117 5.11176 5.07594 5.06328 12.3193 9.26461 17.0782 6.47293
threshold=23.951406478881839 27.302216529846195 51.500000000000007 1.5000000000000002 27.484950065612797 25.880069732666019 22.500000000000004 26.40413856506348 25.862777709960941 21.085356712341312 0 22.659710884094242 3.5000000000000004 -1.5368824005126951 0.92871214547611547 23.297866821289066 0.92737311002860978 24.27378082275391 25.11830043792725 1.0949892040960993 26.500000000000004 0.078810069257847185 46.500000000000007 1.1992826704856399 32.756839752197273 18.500000000000004 8.5000000000000018 23.156464036441164 23.340848922729496 25.243760108947757
decision_type=2 2 2 2 2 2 2 2 2 2 9 2 2 2 2 2 2 2 2 2 2 2 2 2 2 2 2 2 2 2
left_child=3 10 5 8 -4 6 -3 -7 21 -5 12 -12 13 -2 16 -16 -13 -14 -19 -20 -21 22 -1 -17 -9 26 -23 -28 -29 -30
right_child=1 2 4 9 -6 7 -8 24 -10 -11 11 14 17 -15 15 23 -18 18 19 20 -22 25 -24 -25 -26 -27 27 28 29 -31
leaf_value=-0.0010112430864206417 -0.0066823361348360777 -0.019491996094584463 -0.017921000808477403 -0.0062061608178618673 0.0016397133712705812 0.023277848992729559 0.010433381093399864 0.005760299644135821 -0.012830857232745204 -0.0012844660209760863 -0.016054526580590756 -4.2964880416588989e-05 0.017272184792567383 0.0016573779600223598 0.023278548955917355 0.0049083566990017584 -0.013487449429929256 -0.0012958721752415914 0.0044539764548137666 0.027860517828198879 0.0072700843201684105 -0.0014600822504563455 0.021426493605149203 -0.01188738444720262 0.01469796132828508 -0.0003538043893487248 -0.0015974881027180413 0.031879100121948264 0.010971665641501252 -0.0034696592810890964
leaf_weight=29 96 24 25 225 95 32 21 620 28 9990 25 1780 33 3853 30 73 40 122 259 23 28 236 29 21 63 917 65 31 114 37
leaf_count=29 96 24 25 225 95 32 21 620 28 9990 25 1780 33 3853 30 73 40 122 259 23 28 236 29 21 63 917 65 31 114 37
internal_value=-6.56961e-07 0.00174104 0.00534237 -0.00108176 -0.00243544 0.00657045 -0.00552682 0.00733182 0.00105691 -0.00139287 0.00124454 -0.000106269 0.00184317 0.00145464 9.82798e-05 0.00650832 -0.000338448 0.00518241 0.00425888 0.00644495 0.016556 0.00132362 0.0102076 0.00115612 0.00658471 0.000955564 0.00344147 0.00812473 0.0115969 0.00743306
internal_weight=18964 7263 880 11701 120 760 45 715 1486 10215 6383 1969 4414 3949 1944 124 1820 465 432 310 51 1458 58 94 683 1400 483 247 182 151
internal_count=18964 7263 880 11701 120 760 45 715 1486 10215 6383 1969 4414 3949 1944 124 1820 465 432 310 51 1458 58 94 683 1400 483 247 182 151
cat_boundaries=0 1
cat_threshold=27266
is_linear=0
shrinkage=0.03


Tree=118
num_leaves=31
num_cat=0
split_feature=28 8 6 55 6 6 16 7 7 25 7 52 6 10 7 15 33 7 17 6 7 6 8 54 7 53 49 55 7 6
split_gain=37.6146 16.0168 11.8108 10.7334 10.4613 13.3663 12.4587 11.9995 8.88052 10.4942 8.91097 8.4086 7.64756 10.6368 14.4561 8.2642 7.56759 7.23928 8.7918 7.09999 9.36318 7.07152 10.4948 12.4162 11.0315 10.1796 9.42394 9.84745 18.636 8.24961
threshold=25.438578604089361 1.5000000000000002 8.5000000000000018 1.228987702458288 15.500000000000002 13.500000000000002 4.0167685000000004 13.500000000000002 25.500000000000004 24.300835609436039 18.500000000000004 0.13511447430496518 14.500000000000002 1.5000000000000002 7.5000000000000009 1.2041350285795038 24.592806816101078 19.500000000000004 0.93893950000000026 14.500000000000002 31.500000000000004 10.500000000000002 3.5000000000000004 0.12577293759477939 9.5000000000000018 0.49119353034906688 25.406364822543949 0.47469249764813554 14.500000000000002 12.500000000000002
decision_type=2 2 2 2 2 2 8 2 2 2 2 2 2 2 2 10 2 2 8 2 2 2 2 2 2 2 2 2 2 2
left_child=1 -1 -2 4 5 21 12 16 10 -10 11 -9 13 14 -7 -15 -8 18 -4 -19 -21 25 23 29 -24 -3 27 -26 -29 -23
right_child=2 3 17 -5 -6 6 7 8 9 -11 -12 -13 -14 15 -16 -17 -18 19 -20 20 -22 22 24 -25 26 -27 -28 28 -30 -31
leaf_value=0.0012947295211397053 0.01021251996324974 -0.00053345850401740138 0.0066291183511774611 -0.0084686410729108118 -0.0024359563958046174 0.029794798899780619 -0.0025766649658687094 -0.0057788278973585332 0.0017593845780775011 0.014740506558279905 0.014774587948325296 0.009294668186361937 -0.0020943627872458204 0.013665559797082096 0.0044833690393186942 -0.0021709666844086581 0.013189789425581694 0.0022131755357982963 0.0011785566037592647 -0.0086137049463339641 0.0015668800650397315 -0.0014580495068994405 -0.0062344928157087283 -0.0042402101333322327 -0.00091579615887286481 0.0064750446159338856 -0.018637563330786568 0.023583568341510239 0.0029768351686262694 0.0061917585397852836
leaf_weight=3174 189 1806 659 175 3289 22 316 49 508 63 149 104 1028 32 264 405 30 1624 447 137 200 509 207 2030 622 208 21 43 485 169
leaf_count=3174 189 1806 659 175 3289 22 316 49 508 63 149 104 1028 32 264 405 30 1624 447 137 200 509 207 2030 622 208 21 43 485 169
internal_value=-6.37249e-07 -0.000608935 0.00293399 -0.001091 -0.000986537 -0.000460943 0.00118954 0.00351828 0.00539211 0.00319163 0.00955264 0.00446721 -0.00043167 0.00193244 0.0064304 -0.00101131 -0.00120963 0.00248546 0.00442622 0.00139087 -0.00257181 -0.00126454 -0.00198166 -0.00306624 0.000149713 0.000190359 0.00127826 0.00164194 0.00465504 0.000448761
internal_weight=18964 15708 3256 12534 12359 9070 2970 1219 873 571 302 153 1751 723 286 437 346 3067 1106 1961 337 6100 4086 2708 1378 2014 1171 1150 528 678
internal_count=18964 15708 3256 12534 12359 9070 2970 1219 873 571 302 153 1751 723 286 437 346 3067 1106 1961 337 6100 4086 2708 1378 2014 1171 1150 528 678
is_linear=0
shrinkage=0.03


Tree=119
num_leaves=31
num_cat=0
split_feature=29 46 17 27 51 59 57 55 10 25 53 36 2 47 50 55 15 33 17 26 53 25 3 24 33 17 17 54 22 29
split_gain=35.6011 15.0281 8.72269 6.92891 8.64953 5.60526 6.64153 6.29677 6.2549 17.6501 9.8166 6.06877 8.33954 8.42263 9.50192 6.53834 6.12471 7.93026 5.42984 5.37335 5.00282 5.63751 6.08312 5.4428 4.74687 4.56235 4.49257 4.40658 8.05371 7.84504
threshold=25.535952568054203 22.867424011230472 -0.88844199999999984 26.729583740234379 26.955186335349939 6.5000000000000009 90.000000000000014 0.65196917262910359 3.5000000000000004 26.71972751617432 0.7321673530125824 25.385665893554691 3.2489465000000002 25.357146263122562 25.323580169532843 1.228987702458288 1.5185188108869812 23.476019859313968 -1.5421184999999997 24.963946342468265 0.37701264427270115 23.721723556518558 1.2994190000000001 24.187727928161625 25.290726661682132 -0.57758899999999991 2.5434045000000003 0.61260718378158219 26.446628570556644 23.350074769941411
decision_type=2 2 8 2 2 2 2 2 2 2 2 2 2 2 2 2 8 2 8 2 2 2 2 2 2 8 10 2 2 2
left_child=1 20 3 4 24 6 8 -7 10 27 -3 15 -13 19 -15 16 17 -12 -18 -14 -1 23 25 -22 -2 -23 -4 -10 29 -29
right_child=2 5 26 -5 -6 7 -8 -9 9 -11 11 12 13 14 -16 -17 18 -19 -20 -21 21 22 -24 -25 -26 -27 -28 28 -30 -31
leaf_value=-0.0019733128293897544 0.010849045313284799 0.00048379000666359942 0.0018661293746938807 0.0083202365281167014 -0.015490572411905634 0.0019516690955920651 -0.0037165085873660957 0.02328439296176657 0.00093988684706833856 0.03086661580670625 0.021122035189066083 -0.014095996862277388 0.0059450200308180812 -0.016411684380810972 0.011800732551650567 -0.01543391793469588 0.010887904469040222 -0.0055935662789270285 -0.0050626035257249824 0.027160704731941224 0.0003759546601919062 -0.0027379527901211986 3.0855237374730083e-05 0.014509143443405627 0.0022363365936841142 -0.01755561097462972 0.015490696839988232 -0.0048119215870372429 -0.010776117853820323 0.012663808289033017
leaf_weight=5780 71 6840 2195 419 22 33 370 20 526 20 20 20 21 21 22 45 20 20 485 22 1287 32 92 25 305 45 22 29 21 114
leaf_count=5780 71 6840 2195 419 22 33 370 20 526 20 20 20 21 21 22 45 20 20 485 22 1287 32 92 25 305 45 22 29 21 114
internal_value=-6.18129e-07 -0.000567886 0.00297782 0.0056276 0.0027929 0.000275409 0.000215579 0.0100018 0.000392013 0.00308386 0.000138402 -0.00325593 0.00335313 0.00741107 -0.00197742 -0.00444332 -0.00353584 0.00776423 -0.0044309 0.0167996 -0.00157471 -1.90385e-05 -0.0051762 0.000645261 0.00386267 -0.0113976 0.00200133 0.00227857 0.00657213 0.00911978
internal_weight=18964 15930 3034 817 398 8669 8616 53 8246 710 7536 696 106 86 43 590 545 40 505 43 7261 1481 169 1312 376 77 2217 690 164 143
internal_count=18964 15930 3034 817 398 8669 8616 53 8246 710 7536 696 106 86 43 590 545 40 505 43 7261 1481 169 1312 376 77 2217 690 164 143
is_linear=0
shrinkage=0.03


Tree=120
num_leaves=31
num_cat=1
split_feature=9 18 6 32 23 0 16 21 52 26 49 44 18 24 14 53 23 44 38 15 14 34 15 8 7 33 46 41 6 9
split_gain=33.6322 14.4465 7.50438 7.54804 13.2405 7.20776 6.99025 6.98473 9.34622 6.75892 6.54496 6.48421 6.04467 5.74871 5.72097 9.37633 14.4663 6.48055 5.91323 5.68395 5.6355 5.52353 5.3406 5.2519 9.98737 7.82529 12.8913 7.20163 7.07432 5.96823
threshold=23.537122726440433 26.347520828247074 14.500000000000002 23.753154754638675 25.214856147766117 0 3.3813370000000007 27.530233383178714 1.4061120758328449 27.826723098754886 23.725015068054201 24.6339225769043 32.761945724487312 25.101541519165043 1.2475629654100364 0.85846140550493077 26.392487525939945 24.840950965881351 25.980715751647953 3.2280783466084704 4.0061566983196624 23.091039657592777 1.1254452473523784 3.5000000000000004 9.5000000000000018 23.861870765686039 24.256436347961429 24.271238327026371 13.500000000000002 23.125016212463382
decision_type=2 2 2 2 2 9 10 2 2 2 2 2 2 2 8 2 2 2 2 8 10 2 8 2 2 2 2 2 2 2
left_child=5 7 3 -3 11 6 10 8 9 -2 22 -5 14 -4 18 -16 -17 -18 -6 -19 -8 -12 -1 -7 -25 26 28 29 -26 -28
right_child=1 2 13 4 12 23 20 -9 -10 -11 21 -13 -14 -15 15 16 17 19 -20 -21 -22 -23 -24 24 25 -27 27 -29 -30 -31
leaf_value=0.0083692899204536597 0.00078123075101499157 -0.010903678867552016 -0.016343675207878858 0.0071667733687259573 0.0207107820486029 -0.0007785167782740132 0.015836837514702762 0.013306333564803935 -0.010768738911886301 0.016105382534532017 -0.023275190471671522 0.027917000230994412 0.012807786888442934 0.00028322398407400998 0.0044315276212449888 0.012642359003557689 0.0031681588220481686 -0.02625180494971573 0.004626504529223893 -0.0085472018666127147 -0.001312156860846752 -0.006204344000635219 -0.0021379565906753627 -0.0068289200959608274 0.0080244689705696974 -0.0023073521966453761 0.035426554239314539 0.003418125182922397 -0.0010395726420728561 0.013814550649334231
leaf_weight=44 7015 27 21 23 36 5286 35 40 63 26 20 33 74 172 972 35 26 24 48 51 34 116 4134 94 154 138 23 21 156 23
leaf_count=44 7015 27 21 23 36 5286 35 40 63 26 20 33 74 172 972 35 26 24 48 51 34 116 4134 94 154 138 23 21 156 23
internal_value=-5.99588e-07 0.00137369 0.00400712 0.00479873 0.00511943 -0.00116202 -0.00208186 0.000805277 0.000734888 0.000837818 -0.00223813 0.0193946 0.00448798 -0.00152592 0.00397148 0.00339923 -0.00397865 -0.0097384 0.0115198 -0.0142127 0.00738661 -0.00871476 -0.0020273 -0.000473777 0.00216353 0.00380487 0.00604223 0.017975 0.00346321 0.0246206
internal_weight=18964 8686 1542 1349 1322 10278 4383 7144 7104 7041 4314 56 1266 193 1192 1108 136 101 84 75 69 136 4178 5895 609 515 377 67 310 46
internal_count=18964 8686 1542 1349 1322 10278 4383 7144 7104 7041 4314 56 1266 193 1192 1108 136 101 84 75 69 136 4178 5895 609 515 377 67 310 46
cat_boundaries=0 1
cat_threshold=17604
is_linear=0
shrinkage=0.03


Tree=121
num_leaves=31
num_cat=0
split_feature=50 9 6 6 52 6 6 54 49 27 6 47 3 54 10 53 16 15 54 51 52 53 26 59 16 9 47 22 34 52
split_gain=31.7752 11.6894 8.16742 9.15991 15.9181 8.2461 8.1223 7.5426 10.6119 8.93578 7.46668 7.35112 9.77781 12.5198 7.26132 9.80991 6.66832 8.87704 6.57816 15.6005 12.8229 6.2219 11.2586 6.21901 7.22854 5.87765 5.73169 11.2388 5.66424 6.04332
threshold=24.156840658113286 26.633753776550297 15.500000000000002 12.500000000000002 1.0786263104494009 10.500000000000002 11.500000000000002 0.76550912427142437 23.749592781213138 24.207068443298343 10.500000000000002 23.142069816589359 0.33264700000000008 0.31549941894198646 3.5000000000000004 1.6946600531907181 -1.1561039999999994 3.4452692449169402 0.59533663954746674 23.484229755482591 0.52613907452177833 0.90113007969947867 28.263021469116214 5.5000000000000009 -0.62538900000000053 23.227375984191898 24.234028816223148 23.013571740830084 27.958295822143558 0.27821250871406444
decision_type=2 2 2 2 2 2 2 2 2 2 2 2 2 2 2 2 8 10 2 2 2 2 2 2 8 2 2 2 2 2
left_child=2 14 3 5 11 23 -7 9 -9 -8 21 -5 13 -13 28 -16 -12 -18 -14 20 -20 -3 -23 -1 -25 -6 -4 -28 -2 -30
right_child=1 10 26 4 25 6 7 8 -10 -11 16 12 18 -15 15 -17 17 -19 19 -21 -22 22 -24 24 -26 -27 27 -29 29 -31
leaf_value=-0.00028175378160502185 0.00081866518971938191 0.0071704112123632813 -0.0025108730122534251 -8.4041742049285873e-05 -0.0045790385023098098 -0.004446909307469357 -0.00092451965125629147 -0.0029950889750205746 -0.022139559522271153 0.012939457786594366 -0.0018923981123634803 0.034048275835812089 0.0011674641463320279 0.0027319055142126874 0.0034023619209088991 0.022613418146967889 0.0026603941670772886 0.018083380005107477 0.034512254495237919 0.0025585381405675684 0.0037306479151759829 0.0069570283253530133 -0.020010137974538586 0.022972872081611837 0.0032706838703142047 -0.022107323768238225 0.016255249845456673 -0.002423193985431948 0.0012806150556675026 -0.014542343162077788
leaf_weight=1934 4907 643 2990 2757 33 1079 1552 102 35 43 256 20 1086 27 555 25 242 39 29 173 21 38 22 21 83 36 44 85 42 45
leaf_count=1934 4907 643 2990 2757 33 1079 1552 102 35 43 256 20 1086 27 555 25 242 39 29 173 21 38 22 21 83 36 44 85 42 45
internal_value=-5.81603e-07 0.00163921 -0.000920212 -0.000463108 0.000565697 -0.0013504 -0.00240379 -0.00113097 -0.00788601 -0.000550757 0.00427365 0.000805426 0.00261388 0.016058 0.00105314 0.00423042 0.00161008 0.00480095 0.00213116 0.00682433 0.021584 0.00630828 -0.00293093 0.000102544 0.00724901 -0.0137242 -0.00224375 0.00394775 0.000684135 -0.00690367
internal_weight=18964 6814 12150 9031 4182 4849 2811 1732 137 1595 1240 4113 1356 47 5574 580 537 281 1309 223 50 703 60 2038 104 69 3119 129 4994 87
internal_count=18964 6814 12150 9031 4182 4849 2811 1732 137 1595 1240 4113 1356 47 5574 580 537 281 1309 223 50 703 60 2038 104 69 3119 129 4994 87
is_linear=0
shrinkage=0.03


Tree=122
num_leaves=31
num_cat=1
split_feature=29 46 6 0 25 40 38 47 6 26 52 37 50 32 55 59 57 55 30 6 53 25 3 9 25 54 52 22 59 38
split_gain=30.4042 12.827 9.29808 5.84178 12.5313 7.35191 7.71072 9.01642 5.55614 8.00535 5.57964 6.26264 5.24315 5.22022 5.18279 5.14859 6.10859 5.81198 4.89963 4.65519 4.60824 5.29273 5.6077 6.5416 5.3089 7.14439 4.9321 4.40862 4.16355 8.00075
threshold=25.535952568054203 22.867424011230472 8.5000000000000018 0 28.622634888703619 29.016542434692386 23.772090911865238 23.402068139301761 9.5000000000000018 26.816814422607425 0.22657336453589297 26.708329200744632 26.621355247497565 26.946234703063968 1.7691089826779509 6.5000000000000009 90.000000000000014 0.65196917262910359 27.068195343017582 13.500000000000002 0.37701264427270115 23.721723556518558 1.2994190000000001 24.631523132324222 22.899726867675785 0.37188761215523453 0.97951775771038574 23.459710121154789 5.5000000000000009 26.71972751617432
decision_type=2 2 2 9 2 2 2 2 2 2 2 2 2 2 2 2 2 2 2 2 2 2 2 2 2 2 2 2 2 2
left_child=1 20 13 14 5 6 7 -5 -8 10 19 -12 -11 -2 28 16 -3 -17 -14 -10 -1 24 23 27 26 -26 -22 -23 -4 -30
right_child=2 15 3 4 -6 -7 8 -9 9 12 11 -13 18 -15 -16 17 -18 -19 -20 -21 21 22 -24 -25 25 -27 -28 -29 29 -31
leaf_value=-0.0018375301902977417 0.0035892028017842676 0.00036616393951910517 0.0029442278528440595 7.8023761002854857e-05 -0.018875049609562447 0.017889995454284161 0.003452695736854128 0.027909528709016741 -0.0010857127836386028 -0.020115953876326483 0.0012984580490804994 0.013870129993531939 0.0065564765386807262 0.013825814749716836 0.018593318838626145 0.0018420330656226725 -0.0035740714330154207 0.022337090782821176 -0.009338095196289942 -0.01174162291618454 -1.2949588525641177e-05 -0.0069136927932500836 4.0565479055500037e-05 0.0033469088116128529 0.018346216119825839 0.0025625014495612541 -0.010297001119205644 -0.023845982075698914 0.018781978288074819 -0.0027506241917610169
leaf_weight=5780 80 8246 1681 22 29 23 321 20 260 27 209 43 24 102 20 33 370 20 64 43 910 25 92 21 28 330 44 31 41 25
leaf_count=5780 80 8246 1681 22 29 23 321 20 260 27 209 43 24 102 20 33 370 20 64 43 910 25 92 21 28 330 44 31 41 25
internal_value=-5.64151e-07 -0.000524796 0.00275191 0.00233237 0.000574905 0.00111449 0.000740975 0.0133311 0.000207387 -0.00134746 0.000145258 0.00344362 -0.00855142 0.00932621 0.00338909 0.000254298 0.000196957 0.00957602 -0.00500321 -0.00259794 -0.00145497 3.80937e-05 -0.00495888 -0.0109322 0.000681759 0.00379698 -0.000487266 -0.0162869 0.00323443 0.0106257
internal_weight=18964 15930 3034 2852 1085 1056 1033 42 991 670 555 252 115 182 1767 8669 8616 53 88 303 7261 1481 169 77 1312 358 954 56 1747 66
internal_count=18964 15930 3034 2852 1085 1056 1033 42 991 670 555 252 115 182 1767 8669 8616 53 88 303 7261 1481 169 77 1312 358 954 56 1747 66
cat_boundaries=0 1
cat_threshold=25216
is_linear=0
shrinkage=0.03


Tree=123
num_leaves=31
num_cat=0
split_feature=26 8 55 6 6 10 10 20 5 26 48 59 53 6 14 8 7 7 7 7 7 55 7 52 56 53 23 6 53 6
split_gain=28.7442 12.2943 9.71269 8.76902 11.1561 9.26875 8.17215 12.6961 10.8838 9.81998 9.52942 9.18506 11.9261 8.12333 8.48566 8.21049 11.9742 10.7903 11.5266 8.07245 10.3179 9.63004 7.69898 7.55976 7.00529 6.88549 7.20904 6.68836 10.7585 9.59872
threshold=25.289712905883793 1.5000000000000002 1.228987702458288 15.500000000000002 13.500000000000002 1.5000000000000002 3.5000000000000004 24.433568954467777 3.1661955000000006 27.385493278503422 26.567572784423831 5.5000000000000009 0.37701264427270115 14.500000000000002 11.048450932004741 2.5000000000000004 18.500000000000004 25.500000000000004 40.500000000000007 48.500000000000007 56.500000000000007 0.45300050987152957 21.500000000000004 0.75072119349861477 -0.24688625335693357 0.97204787553875671 24.040401458740238 10.500000000000002 0.77997736678812235 11.500000000000002
decision_type=2 2 2 2 2 2 2 2 2 2 2 2 2 2 8 2 2 2 2 2 2 2 2 2 2 2 2 2 2 2
left_child=1 -1 3 4 27 13 10 -8 23 -10 22 24 -13 15 -15 16 -6 -18 -19 21 -21 -16 -2 -9 -12 26 -24 28 -3 -29
right_child=6 2 -4 -5 5 -7 7 8 9 -11 11 12 -14 14 19 -17 17 18 -20 20 -22 -23 25 -25 -26 -27 -28 29 -30 -31
leaf_value=0.0011630080408049832 0.0029627638822790894 -9.9792868333118933e-05 -0.0081709541121085059 -0.0022160176093550948 -0.0056436403237026308 -0.0009169546378803875 0.026461406367329448 0.0045914983785419455 0.0041467399777973006 -0.02151017940826714 -0.0013322128873985649 0.0023626512874450004 0.03473229276202619 -0.0029858346544761692 0.0047221804235833787 0.0069576511718490381 0.015494108326288301 -0.0045405675176048779 0.011046994950865273 0.020120093853771687 -0.0021343535495689137 -0.0055107073433697217 0.015839775061234834 0.01512973447379313 0.0049536965296237065 -0.0083324622730706881 -0.00043992090704122143 -0.0042133877153302359 0.012801821794826538 -0.00093753421366519389
leaf_weight=2975 835 1908 167 3269 145 1192 26 316 29 25 201 21 20 373 245 517 67 112 69 50 30 125 25 76 774 99 1179 1111 60 2923
leaf_count=2975 835 1908 167 3269 145 1192 26 316 29 25 201 21 20 373 245 517 67 112 69 50 30 125 25 76 774 99 1179 1111 60 2923
internal_value=-5.47223e-07 -0.000568433 -0.000985082 -0.000886686 -0.000399894 0.00111929 0.00240161 0.0060832 0.00489523 -0.00773146 0.00185066 0.00424276 0.0181527 0.00251987 0.000360089 0.00447317 0.00120477 0.00520889 0.00140165 0.00313349 0.0117747 0.00126512 0.000713902 0.00663463 0.00365783 -0.000727234 -0.000101887 -0.00114025 0.000293549 -0.00183973
internal_weight=18964 15338 12363 12196 8927 2925 3626 472 446 54 3154 1016 41 1733 823 910 393 248 181 450 80 370 2138 392 975 1303 1204 6002 1968 4034
internal_count=18964 15338 12363 12196 8927 2925 3626 472 446 54 3154 1016 41 1733 823 910 393 248 181 450 80 370 2138 392 975 1303 1204 6002 1968 4034
is_linear=0
shrinkage=0.03


Tree=124
num_leaves=31
num_cat=2
split_feature=18 6 9 6 6 0 30 15 8 49 36 17 45 17 54 19 20 17 56 9 17 44 17 6 27 0 43 34 17 6
split_gain=27.2535 10.9608 10.3933 8.70172 13.9681 12.9967 7.65757 7.43935 7.58781 15.9067 20.8279 12.55 12.2962 14.8221 7.27473 7.20798 7.00843 10.9797 6.80783 11.3614 8.70802 6.23464 6.05701 5.88393 6.69758 5.86431 5.96083 10.1498 5.52014 9.32854
threshold=23.775609016418461 10.500000000000002 27.484950065612797 12.500000000000002 14.500000000000002 0 24.380203247070316 1.2041350285795038 1.5000000000000002 26.276907348688237 26.801926610822758 2.0772625000000002 24.279008865356449 1.8578355000000004 0.22368471512948016 25.726375579833988 24.009381294250492 1.2679080000000003 0.40893459320068365 25.215469360351566 0.19644700000000007 21.490017890930179 1.3760669999999999 13.500000000000002 24.782899856567386 1 25.641744613647464 26.108940124511722 -0.36609750000000002 14.500000000000002
decision_type=2 2 2 2 2 9 2 10 2 2 2 10 2 10 2 2 2 8 2 2 10 2 10 2 2 9 2 2 8 2
left_child=21 2 -2 -3 5 7 15 -5 9 10 11 18 -11 -14 -6 -7 17 -8 19 -9 -21 -1 25 -10 -25 26 27 -16 29 -23
right_child=1 3 -4 4 14 6 16 8 23 12 -12 -13 13 -15 22 -17 -18 -19 -20 20 -22 28 -24 24 -26 -27 -28 -29 -30 -31
leaf_value=-0.0027675577530815376 0.0019540691835829111 -0.0012735176906968006 0.0065652630674963765 0.013134024472816324 0.013418957660906016 -0.0010591799368163005 0.0016384361481124703 0.0029752939537866039 -0.0043922713348450507 0.014408177598271258 0.040984464091333481 0.031732688155025245 0.00081408779389482544 -0.026540464608168057 0.0038632103283729015 -0.018675016256218605 0.002194263154942637 0.027705881733160749 -0.0029561975880907001 0.010595054687000812 0.037398261979222296 0.0035513122748286434 -0.0063809700997011767 0.013103013282072628 -0.0012431076807843055 -0.0012341999996725479 0.00026030826238205744 0.027060506381094456 -0.00094105796898238383 -0.0019862067243929141
leaf_weight=1484 2454 1681 536 123 32 420 33 64 107 43 22 21 94 22 58 22 501 26 44 24 20 670 169 54 64 1079 126 24 8484 463
leaf_count=1484 2454 1681 536 123 32 420 33 64 107 43 22 21 94 22 58 22 501 26 44 24 20 670 169 54 64 1079 126 24 8484 463
internal_value=-5.30813e-07 0.00135078 0.00278069 0.000473403 0.00139338 0.00324788 0.00100597 0.00634317 0.00501011 0.00774809 0.0134904 0.0099941 0.00070557 -0.00437384 -0.000730312 -0.00193599 0.00334598 0.0131258 0.00699074 0.0110432 0.0227783 -0.000957682 -0.00104128 0.000702359 0.00532207 -0.000340114 0.00415742 0.0106527 -0.0006784 0.00128841
internal_weight=18964 7863 2990 4873 3192 1704 1002 702 579 354 195 173 159 116 1488 442 560 59 152 108 44 11101 1456 225 118 1287 208 82 9617 1133
internal_count=18964 7863 2990 4873 3192 1704 1002 702 579 354 195 173 159 116 1488 442 560 59 152 108 44 11101 1456 225 118 1287 208 82 9617 1133
cat_boundaries=0 1 2
cat_threshold=11136 8192
is_linear=0
shrinkage=0.03


Tree=125
num_leaves=31
num_cat=0
split_feature=28 6 6 6 6 54 15 6 54 6 55 17 7 7 19 36 19 36 30 7 7 7 17 52 7 24 15 54 14 7
split_gain=25.8778 10.8786 9.53446 8.14396 14.3755 11.2918 16.7397 9.71084 9.7734 13.1843 11.2948 13.1853 10.3411 17.9336 9.26877 10.4745 9.23162 9.27349 9.53182 8.60555 8.10714 22.9503 9.83179 8.05805 7.66495 8.99605 7.48935 7.21468 7.09881 7.11891
threshold=25.438578604089361 15.500000000000002 8.5000000000000018 13.500000000000002 14.500000000000002 0.76550912427142437 2.9950195469498802 10.500000000000002 0.77651002138465341 11.500000000000002 0.4318454053507807 -0.73477199999999976 8.5000000000000018 14.500000000000002 23.869470594680177 23.075207710266117 23.567009925842289 23.702119828364264 24.719723701477054 10.500000000000002 17.500000000000004 30.500000000000004 -0.76620899999999992 0.93439982108634068 50.500000000000007 22.717634201049808 5.2718333331654694 0.11815402832277254 0.83502133836730297 19.500000000000004
decision_type=2 2 2 2 2 2 8 2 2 2 2 10 2 2 2 2 2 2 2 2 2 2 8 2 2 2 10 2 10 2
left_child=1 3 -2 7 5 20 -7 -1 9 19 27 12 -12 14 15 -14 -15 -18 -19 -9 22 -22 -5 28 -3 -26 -8 -11 -6 -30
right_child=2 24 -4 4 23 6 26 8 -10 10 11 -13 13 16 -16 -17 17 18 -20 -21 21 -23 -24 -25 25 -27 -28 -29 29 -31
leaf_value=0.00073650622491973046 0.0089731939261897455 -0.0015162049151584533 0.0020305696983468229 0.011029589541463387 0.0025072157218105971 0.022126359078570947 -0.0018704095137891945 0.0016573330285121969 -0.0051118355830502065 0.0021554810091300547 -0.0054494644100001703 -0.00093984389771845566 0.0069293485615741128 0.00054601091807631418 0.00091346756368875502 0.031927385926246638 0.017241843738532686 -0.0011175167165463789 0.013929734083286632 -0.0041996986509499224 0.010769631458155736 0.00078523292704545274 -0.0025940740645201809 -0.011764969315968061 -0.0032974030077601289 -0.014068231016593543 0.0135050938335586 -0.0020478291936437513 0.0017796727958300351 -0.0030811152202528066
leaf_weight=3214 189 3060 3067 54 558 67 81 273 555 466 72 566 22 266 20 48 77 100 61 1305 298 680 407 57 263 95 44 1739 395 865
leaf_count=3214 189 3060 3067 54 558 67 81 273 555 466 72 566 22 266 20 48 77 100 61 1305 298 680 407 57 263 95 44 1739 395 865
internal_value=-5.34408e-07 -0.000505082 0.00243357 -8.87339e-05 0.00113364 0.00319332 0.010027 -0.000576625 -0.00133433 -0.000916278 0.000125987 0.00242674 0.00528782 0.00658931 0.0189248 0.0240709 0.00438655 0.00867892 0.00458362 -0.00318641 0.00228153 0.00382751 -0.000998244 -0.000658011 -0.00200213 -0.00615558 0.00354177 -0.00115951 -0.000309773 -0.0015573
internal_weight=18964 15708 3256 12290 3506 1631 192 8784 5570 5015 3437 1232 666 594 90 70 504 238 161 1578 1439 978 461 1875 3418 358 125 2205 1818 1260
internal_count=18964 15708 3256 12290 3506 1631 192 8784 5570 5015 3437 1232 666 594 90 70 504 238 161 1578 1439 978 461 1875 3418 358 125 2205 1818 1260
is_linear=0
shrinkage=0.03


Tree=126
num_leaves=31
num_cat=2
split_feature=18 6 9 52 0 54 28 26 36 12 9 34 56 37 50 55 35 51 42 2 33 9 56 15 24 0 49 18 16 15
split_gain=24.5675 11.2741 9.91819 8.51044 8.57823 9.43596 8.29891 7.7143 7.13501 7.13323 9.02389 9.0933 13.0308 8.62603 14.6143 6.37273 10.3248 6.5794 8.3182 9.46499 7.90947 6.18901 5.92429 6.39428 6.03706 5.9014 5.56848 5.81618 5.3836 6.38921
threshold=23.464742660522464 10.500000000000002 27.484950065612797 0.21647547102977757 0 0.17720522495980123 23.258908269516606 28.656689643859867 27.775514602661136 2.5000000000000004 27.484950065612797 25.924077033996586 -1.3521680831909177 27.775514602661136 26.771514797304444 1.2658124336981296 24.398549078715824 25.100463708210533 25.2900505065918 9.2406990000000011 24.910714149475101 26.339530944824222 0.26868534088134771 8.6493356173866385 25.367729187409669 1 23.749592781213138 23.319718360900882 -1.1561039999999994 3.0671168649328835
decision_type=2 2 2 2 9 2 2 2 2 2 2 2 2 2 2 2 2 2 2 2 2 2 2 10 2 9 2 2 10 10
left_child=25 2 7 6 8 -6 -3 -2 9 10 11 12 -5 14 22 17 -17 18 -14 -20 -19 -10 23 -13 -24 -1 -27 -28 -12 -30
right_child=1 3 -4 4 5 -7 -8 -9 21 -11 28 13 15 -15 -16 16 -18 20 19 -21 -22 -23 24 -25 -26 26 27 -29 29 -31
leaf_value=-0.00030763077483484584 0.0019501740204527845 -0.01019850704578285 0.0062722594462013559 -0.010182230540861686 0.020407001338899135 -0.00029823281883929536 -0.00082608157808193019 -0.016750975694507363 -0.014570917542043484 0.016299473029133437 -0.018115896524654493 0.0024906593427715079 0.0026712142435570763 -0.010394135230982846 0.028597066919169117 0.026735529486949627 0.0030837734521407148 -0.014894570931792259 0.0069609621609561141 0.030791601497679948 0.00035210503994419082 0.0011149993489379994 0.02774221996111529 0.019589158797805959 0.0088807478026553446 -0.0016297006359751794 -0.014893314754911537 0.00032922416698892375 -0.012421301156282424 0.011271271940320729
leaf_weight=5089 2681 89 538 72 20 2077 1905 20 38 37 27 187 655 22 31 26 46 36 60 20 205 56 21 22 56 4792 58 37 21 20
leaf_count=5089 2681 89 538 72 20 2077 1905 20 38 37 27 187 655 22 31 26 46 36 60 20 205 56 21 22 56 4792 58 37 21 20
internal_value=-5.18376e-07 0.00113706 0.0025526 0.000339548 0.00118067 -0.00010028 -0.00124441 0.0018117 0.0027846 0.00328386 0.00296849 0.00346637 0.00216337 0.00777127 0.00903196 0.00301154 0.0116247 0.00237614 0.00378658 0.0129186 -0.00192541 -0.00522612 0.00691127 0.0042905 0.0140248 -0.00102544 -0.00176867 -0.00896454 -0.00771399 -0.000863948
internal_weight=18964 8988 3239 5749 3755 2097 1994 2701 1658 1564 1527 1459 1120 339 317 1048 72 976 735 80 241 94 286 209 77 9976 4887 95 68 41
internal_count=18964 8988 3239 5749 3755 2097 1994 2701 1658 1564 1527 1459 1120 339 317 1048 72 976 735 80 241 94 286 209 77 9976 4887 95 68 41
cat_boundaries=0 1 2
cat_threshold=10880 10763
is_linear=0
shrinkage=0.03


Tree=127
num_leaves=31
num_cat=1
split_feature=29 46 6 0 26 40 43 59 57 10 53 53 22 36 4 47 50 8 12 54 38 14 7 4 17 6 7 26 17 7
split_gain=23.4351 10.6482 7.78574 5.22659 10.1677 6.8869 5.553 4.78589 5.44664 5.24602 9.14206 8.92326 14.7662 5.31933 7.72184 7.83091 8.61477 5.11364 5.06992 6.39683 6.0502 5.69506 4.68556 5.71822 4.67539 4.4231 9.76837 7.46641 8.0537 4.37095
threshold=25.535952568054203 22.867424011230472 8.5000000000000018 0 28.656689643859867 29.016542434692386 23.262086868286136 6.5000000000000009 90.000000000000014 3.5000000000000004 0.7321673530125824 1.0928461243803695 23.903439521789554 25.385665893554691 3.2489465000000002 25.357146263122562 25.323580169532843 1.5000000000000002 1.5000000000000002 1.1357041280018021 23.553632736206058 2.6522769069681975 40.500000000000007 7.3900990000000002 -1.5421184999999997 9.5000000000000018 40.500000000000007 26.816814422607425 2.1721440000000007 11.500000000000002
decision_type=2 2 2 9 2 2 2 2 2 2 2 2 2 2 2 2 2 2 2 2 2 8 2 2 8 2 2 2 10 2
left_child=1 -1 22 -4 5 6 -5 8 9 10 -3 29 -13 18 -15 17 -17 -16 19 24 -20 -21 -2 -24 -12 26 -8 28 -27 -11
right_child=2 7 3 4 -6 -7 25 -9 -10 11 13 12 -14 14 15 16 -18 -19 20 21 -22 -23 23 -25 -26 27 -28 -29 -30 -31
leaf_value=-0.0013082473668048847 0.016042838968479863 0.00045463597819696332 0.0030312915033056378 0.013914770834768811 -0.017466387365545545 0.017086065294140057 0.0062511956098923148 0.0092364733419293219 -0.0033670406456143167 0.0072695683791283265 0.010254782987642102 0.034988441084045918 0.0026746009856994661 -0.013757240742444993 0.0256379238192154 -0.015858631902374326 0.011004487066106362 0.0048963627889752389 0.017163136223597188 -0.02694820736135755 -0.0044868970719667582 -0.0074813844341980774 0.0088337752128951237 -0.0060997633366496294 -0.0045594461362590414 -0.0006302394503691042 -0.0054806282710416617 -0.0081694616999573484 0.015869521137792615 0.00073722506264636964
leaf_weight=7261 52 6840 1767 27 28 23 233 53 370 111 20 20 35 20 23 21 22 20 21 21 26 38 100 30 464 542 88 116 28 544
leaf_count=7261 52 6840 1767 27 28 23 233 53 370 111 20 20 35 20 23 21 22 20 21 21 26 38 100 30 464 542 88 116 28 544
internal_value=-5.07698e-07 -0.000460753 0.00241601 0.0020321 0.000373472 0.000849585 0.000488425 0.000249093 0.000193808 0.000353585 0.000121325 0.00281881 0.0144251 -0.00315432 0.00303323 0.00693799 -0.00211471 0.0159907 -0.00426598 -0.00508415 0.00518652 -0.0144103 0.00843194 0.00538757 -0.00394729 0.000128434 0.00303499 -0.00123163 0.000180275 0.00184423
internal_weight=18964 15930 3034 2852 1085 1057 1034 8669 8616 8246 7536 710 55 696 106 86 43 43 590 543 47 59 182 130 484 1007 321 686 570 655
internal_count=18964 15930 3034 2852 1085 1057 1034 8669 8616 8246 7536 710 55 696 106 86 43 43 590 543 47 59 182 130 484 1007 321 686 570 655
cat_boundaries=0 1
cat_threshold=25216
is_linear=0
shrinkage=0.03


Tree=128
num_leaves=31
num_cat=0
split_feature=26 8 55 10 9 6 6 10 6 16 8 20 9 17 33 17 54 26 24 17 3 53 8 6 54 52 6 24 2 32
split_gain=22.1717 10.5162 9.08109 7.31139 13.8104 7.25828 9.98655 8.45493 7.24585 7.72451 7.57548 7.20861 6.96883 10.8242 7.06249 9.67758 6.72775 6.43343 11.8724 17.0756 7.16956 6.04747 5.98448 8.84688 11.4832 11.193 7.27971 9.64825 5.92669 5.84601
threshold=25.289712905883793 1.5000000000000002 1.228987702458288 3.5000000000000004 24.604086875915531 15.500000000000002 13.500000000000002 1.5000000000000002 14.500000000000002 -10.821903999999998 2.5000000000000004 27.302216529846195 26.40413856506348 0.89408399999999999 25.112486839294437 1.0193000000000003 0.32745510628244179 26.233324050903324 27.148827552795414 0.25759150000000014 1.2994190000000001 1.22734178158736 3.5000000000000004 10.500000000000002 0.12577293759477939 0.63847891381461119 12.500000000000002 21.435826301574711 1.4118870000000003 26.365961074829105
decision_type=2 2 2 2 2 2 2 2 2 10 2 2 2 10 2 10 2 2 2 8 2 2 2 2 2 2 2 2 2 2
left_child=1 12 5 11 -5 6 22 8 10 16 -8 21 14 -14 15 -1 -10 -13 19 -19 -20 -2 23 25 26 28 -25 -28 -3 -4
right_child=3 2 29 4 -6 -7 7 -9 9 -11 -12 17 13 -15 -16 -17 -18 18 20 -21 -22 -23 -24 24 -26 -27 27 -29 -30 -31
leaf_value=0.0029068161793064057 0.0011042941995394763 0.012756435384973884 -0.010243135806014563 0.029372710617525236 0.0044842662043369248 -0.0019988098254079883 0.0011338343856836675 -0.00085397118578693079 0.0063176373430655795 -0.0027958139443205405 0.0066597670627794193 -0.009399720294401049 -0.00011685271880456379 0.022653131897694787 -0.0026908217312710436 -0.00099283939513014922 -0.0010747194642156605 0.0014703364790018113 0.0047764044954993487 0.034602142072814916 -0.0051502049910659726 -0.0066176073473731148 0.0005542848628738809 -0.0011054396506279757 -0.0038294741505496615 0.011386319881677627 0.023283991983532905 0.0030939276136147478 -0.00069813935824882738 0.0052383641397150665
leaf_weight=1569 2330 30 141 21 451 3269 393 1192 250 374 517 30 42 34 428 902 199 28 569 28 74 95 1556 509 2009 75 25 144 1654 26
leaf_count=1569 2330 30 141 21 451 3269 393 1192 250 374 517 30 42 34 428 902 199 28 569 28 74 95 1556 509 2009 75 25 144 1654 26
internal_value=-4.44507e-07 -0.000499197 -0.00088454 0.00210928 0.00559159 -0.000789397 -0.000346519 0.00109083 0.00242851 0.000388707 0.00427329 0.00158815 0.00110214 0.0100697 0.000867051 0.00148331 0.00304129 0.00420397 0.00478782 0.0180362 0.003634 0.000801787 -0.00104699 -0.0016074 -0.00269016 4.65859e-05 0.000685777 0.00608062 -0.00045845 -0.00783284
internal_weight=18964 15338 12363 3626 472 12196 8927 2925 1733 823 910 3154 2975 76 2899 2471 449 729 699 56 643 2425 6002 4446 2687 1759 678 169 1684 167
internal_count=18964 15338 12363 3626 472 12196 8927 2925 1733 823 910 3154 2975 76 2899 2471 449 729 699 56 643 2425 6002 4446 2687 1759 678 169 1684 167
is_linear=0
shrinkage=0.03


Tree=129
num_leaves=31
num_cat=1
split_feature=29 8 6 33 0 6 6 16 7 33 7 47 7 9 6 8 54 7 7 10 7 7 6 15 6 6 7 17 7 55
split_gain=20.9649 9.59325 7.22404 6.70529 7.17568 6.32282 10.7712 9.75795 10.628 7.85291 7.30694 8.52869 7.21328 9.3535 6.655 8.44013 11.4651 10.0693 8.2862 12.3517 8.14865 10.1986 18.7469 21.6997 14.2146 13.3967 9.99205 9.15656 8.30756 7.70213
threshold=25.535952568054203 1.5000000000000002 8.5000000000000018 25.054808616638187 0 15.500000000000002 13.500000000000002 4.0167685000000004 13.500000000000002 24.592806816101078 25.500000000000004 25.624260902404789 50.500000000000007 23.904320716857914 10.500000000000002 3.5000000000000004 0.12577293759477939 9.5000000000000018 10.500000000000002 2.5000000000000004 41.500000000000007 29.500000000000004 12.500000000000002 0.56226756454339666 11.500000000000002 12.500000000000002 33.500000000000007 -1.0335454999999998 45.500000000000007 0.28823918777516772
decision_type=2 2 2 2 9 2 2 8 2 2 2 2 2 2 2 2 2 2 2 2 2 2 2 10 2 2 2 10 2 2
left_child=1 3 -2 4 -1 6 14 -8 9 -9 -10 -12 -7 -14 -3 16 -16 29 -18 -20 21 22 -19 -24 -23 26 -26 -22 -29 -17
right_child=2 5 -4 -5 -6 12 7 8 10 -11 11 -13 13 -15 15 17 18 20 19 -21 27 24 23 -25 25 -27 -28 28 -30 -31
leaf_value=-0.000102939228915815 0.0080800407600798898 0.00026065189831895734 0.0019153868692238776 -0.0015948602619611902 0.0030928939586640056 -0.001449589582015226 -0.00035996785302789224 -0.0027367361384948766 0.0086313825164287972 0.012228208467364311 0.0020822927229371007 0.019352086492710644 -0.004492959890259887 -0.021995772033929824 0.00063017262237932161 0.0011875207709038959 6.926103963368487e-05 -0.0045824838240326069 -0.0042363820351951362 -0.017470299366395919 0.0011280547648269597 -0.0037492783166855185 0.022210461204991705 -5.6723082800292304e-05 0.030291941282339394 0.0033356077430317572 0.011889371890810472 -0.018271445138379933 -0.0032927551417859325 -0.010391189279153794
leaf_weight=1118 182 2111 2852 699 1459 2960 1776 321 305 35 550 27 327 30 681 85 396 278 1658 66 289 77 62 108 40 104 79 48 109 132
leaf_count=1118 182 2111 2852 699 1459 2960 1776 321 305 35 550 27 327 30 681 85 396 278 1658 66 289 77 62 108 40 104 79 48 109 132
internal_value=-4.31172e-07 -0.000435746 0.00228518 0.00101115 0.00171802 -0.000810334 -0.000410636 0.00106521 0.00310972 -0.00126546 0.00487567 0.00289041 -0.00193544 -0.00596378 -0.00111413 -0.00180315 -0.0027563 8.89506e-05 -0.00384412 -0.00474302 0.00116935 0.00308307 0.0002165 0.00806425 0.00736382 0.0112011 0.0180751 -0.00204021 -0.00787223 -0.00585575
internal_weight=18964 15930 3034 3276 2577 12654 9337 3014 1238 356 882 577 3317 357 6323 4212 2801 1411 2120 1724 1194 748 448 170 300 223 119 446 157 217
internal_count=18964 15930 3034 3276 2577 12654 9337 3014 1238 356 882 577 3317 357 6323 4212 2801 1411 2120 1724 1194 748 448 170 300 223 119 446 157 217
cat_boundaries=0 1
cat_threshold=1292
is_linear=0
shrinkage=0.03


Tree=130
num_leaves=31
num_cat=1
split_feature=26 8 55 17 7 53 54 52 8 0 24 48 41 38 17 6 6 16 7 7 7 52 7 47 31 54 47 41 3 8
split_gain=19.9992 9.66692 8.91741 7.70867 7.75641 6.81363 6.74396 16.0284 6.53959 6.59274 14.5685 10.5526 9.50963 10.4695 8.22863 5.74401 8.43643 9.1009 8.71373 9.23429 7.24732 7.63051 7.04469 10.0821 5.72461 5.64821 7.40736 7.86737 6.11139 5.62698
threshold=25.048339843750004 1.5000000000000002 1.228987702458288 0.93893950000000026 43.500000000000007 0.92737311002860978 1.8715316376720852 1.4061120758328449 1.5000000000000002 0 26.053834916254889 27.597475814819337 32.667203903198249 27.130558967590336 2.2098880000000003 15.500000000000002 13.500000000000002 4.0167685000000004 13.500000000000002 25.500000000000004 18.500000000000004 0.13511447430496518 47.500000000000007 24.723598480224613 29.288993835449222 1.3371489458562527 25.066113471984867 26.896862983703617 3.5349605000000008 3.5000000000000004
decision_type=2 2 2 8 2 2 2 2 2 9 2 2 2 2 10 2 2 8 2 2 2 2 2 2 2 2 2 2 2 2
left_child=1 -1 15 4 25 -6 7 8 9 12 14 -12 13 -5 -11 16 -3 -18 29 20 21 -20 -21 -24 -15 28 -27 -28 -2 -19
right_child=3 2 -4 6 5 -7 -8 -9 -10 10 11 -13 -14 24 -16 -17 17 18 19 22 -22 -23 23 -25 -26 26 27 -29 -30 -31
leaf_value=0.0010940624420140745 0.0037569760267014227 -0.0010419983141498927 -0.0078995974109597033 -0.00094534428328305726 0.00086321829316660451 -0.011658868890787873 -0.015139461869001388 0.025998899544673885 0.0015270444709287951 -0.0022728987845362873 -0.018918898066372741 -0.00035266229019659316 -0.015290475178509951 0.027654179799556731 0.014464480313311876 -0.0018691561298878362 -0.00049571185304849038 -0.0029108462042825149 -0.0056217733849486216 -3.5581911717982662e-05 0.013387661235296706 0.0087596929911637079 0.0038094631610230342 0.022474180553981569 0.0069155147218185921 0.022211142156053992 -0.0042380180269655943 0.016435378154739735 -0.0092797422375191334 0.0074363189342578767
leaf_weight=2719 1676 5802 161 62 568 42 25 22 1168 299 84 41 20 25 29 3237 1636 278 49 380 152 103 140 32 23 34 37 30 33 57
leaf_count=2719 1676 5802 161 62 568 42 25 22 1168 299 84 41 20 25 29 3237 1636 278 49 380 152 103 140 32 23 34 37 30 33 57
internal_value=-3.70944e-07 -0.00052142 -0.00088664 0.0018212 0.00292667 1.0418e-06 0.000333312 0.000551484 0.000231756 -0.00236326 -0.00402543 -0.0128292 0.00347136 0.00719818 -0.00079307 -0.000791486 -0.00038722 0.000956616 0.00295159 0.00455687 0.00875561 0.00412356 0.00224452 0.00728197 0.0177169 0.00391265 0.0108063 0.00501873 0.00350524 -0.00115028
internal_weight=18964 14746 12027 4218 2420 610 1798 1773 1751 583 453 125 130 110 328 11866 8629 2827 1191 856 304 152 552 172 48 1810 101 67 1709 335
internal_count=18964 14746 12027 4218 2420 610 1798 1773 1751 583 453 125 130 110 328 11866 8629 2827 1191 856 304 152 552 172 48 1810 101 67 1709 335
cat_boundaries=0 1
cat_threshold=16896
is_linear=0
shrinkage=0.03


Tree=131
num_leaves=31
num_cat=0
split_feature=28 36 6 47 39 45 8 51 50 45 18 43 45 21 35 8 17 21 32 9 7 7 50 7 54 6 6 47 8 53
split_gain=18.9877 9.88675 9.55318 8.23037 8.34532 12.6117 6.34197 6.31458 6.06548 9.78826 5.94884 7.6356 10.0613 7.61544 5.51524 10.6207 5.31017 5.16299 4.61748 4.65742 4.60653 8.03685 5.35213 8.20624 14.5333 4.54686 11.1987 8.71369 7.04318 9.05777
threshold=23.241488456726078 21.777645111083988 8.5000000000000018 23.864499092102054 24.371305465698246 25.265646934509281 3.5000000000000004 23.460529740552495 25.439714050327762 25.469796180725101 25.976819038391117 23.242929458618168 23.496333122253422 27.530233383178714 22.520534515380863 2.5000000000000004 2.3904700000000001 21.339884757995609 23.106537818908695 22.825119018554691 30.500000000000004 16.500000000000004 21.573912858963016 22.500000000000004 0.12024800576556605 12.500000000000002 14.500000000000002 26.057362556457523 1.5000000000000002 0.49119353034906688
decision_type=2 2 2 2 2 2 2 2 2 2 2 2 2 2 2 2 10 2 2 2 2 2 2 2 2 2 2 2 2 2
left_child=3 -2 8 7 5 6 14 16 9 -3 13 -12 -13 25 15 -5 17 -1 19 -8 21 -19 23 24 -23 -4 28 -28 29 -27
right_child=1 2 10 4 -6 -7 18 -9 -10 -11 11 12 -14 -15 -16 -17 -18 20 -20 -21 -22 22 -24 -25 -26 26 27 -29 -30 -31
leaf_value=-0.0030480757903810045 -0.019194294499572027 0.0038427230985813229 -0.00040833650075907128 0.022879258292913436 -0.0058917869867261066 0.026488978098268095 0.026770117437200886 -0.0072915865338888542 0.0094174838491510281 -0.017794616382569073 0.017775004665766442 -0.017307216525077818 0.0022427097700292078 0.015691931685111647 -0.0020564332693902539 -0.0060605889738404323 -0.0046864529520311143 -0.0012413792403334165 0.0037914963133100954 0.0083493083845824004 -0.0014379438780524776 0.035670583731494843 0.0010228771783796686 0.00050864922188338831 0.0063726262688578571 0.0015010554878685531 0.00025099079395921384 -0.0057730586497765028 0.0013976462804520802 0.0088563139233564098
leaf_weight=926 22 318 3985 25 77 23 21 151 177 20 28 24 1848 29 168 21 356 1896 63 30 3504 20 1485 96 64 284 1594 250 1138 321
leaf_count=926 22 318 3985 25 77 23 21 151 177 20 28 24 1848 29 168 21 356 1896 63 30 3504 20 1485 96 64 284 1594 250 1138 321
internal_value=-3.59809e-07 0.000894792 0.000938918 -0.00100703 0.00305216 0.00501422 0.00350837 -0.00121147 0.00491842 0.00256241 0.000723209 0.00222466 0.00199207 0.000347896 0.000463684 0.00966759 -0.00110148 -0.000941768 0.00922382 0.0159343 -0.000665697 9.41892e-05 0.00161505 0.0065005 0.0133483 0.00028913 0.00106398 -0.000565719 0.00278812 0.0054036
internal_weight=18964 10038 10016 8926 428 351 328 8498 515 338 9501 1900 1872 7601 214 46 8347 7991 114 51 7065 3561 1665 180 84 7572 3587 1844 1743 605
internal_count=18964 10038 10016 8926 428 351 328 8498 515 338 9501 1900 1872 7601 214 46 8347 7991 114 51 7065 3561 1665 180 84 7572 3587 1844 1743 605
is_linear=0
shrinkage=0.03


Tree=132
num_leaves=31
num_cat=2
split_feature=23 8 7 55 6 59 4 24 55 18 21 17 24 24 22 9 55 32 17 33 46 37 50 7 9 0 0 56 16 6
split_gain=17.9567 7.9522 7.91405 18.0258 8.47477 9.79483 12.1731 8.07074 6.95302 13.7163 10.2157 7.00145 7.28941 6.50315 6.3853 6.69459 6.36836 8.22658 5.62463 7.03108 7.66485 6.26108 5.56947 11.0636 6.91622 5.73988 5.54843 5.31526 5.25255 5.50691
threshold=24.838911056518558 1.5000000000000002 51.500000000000007 1.5868855998533167 9.5000000000000018 5.5000000000000009 7.3900990000000002 25.673052787780765 1.6797837711283303 25.520937919616703 27.530233383178714 1.8143935000000002 24.922283172607425 26.983565331215825 25.74340915679932 26.478566169738773 1.228987702458288 26.946234703063968 1.0193000000000003 25.112486839294437 26.834663391113285 26.545486450195316 22.432916450386845 46.500000000000007 22.532274246215824 0 1 0.063564302568359224 3.4269470000000002 9.5000000000000018
decision_type=2 2 2 2 2 2 2 2 2 2 2 10 2 2 2 2 2 2 10 2 2 2 2 2 2 9 9 2 8 2
left_child=1 14 4 28 26 8 -7 -8 11 -10 -11 27 -13 -9 15 18 -3 -18 19 20 22 -20 23 -1 -24 -26 -2 -6 -4 -30
right_child=2 16 3 -5 5 6 7 13 9 10 -12 12 -14 -15 -16 -17 17 -19 21 -21 -22 -23 24 -25 25 -27 -28 -29 29 -31
leaf_value=0.0014697248457741807 0.006795132052249052 -0.00077884967639653359 0.0017599226217852374 -0.026018413298118572 -1.5098973147866479e-05 -4.076253622770309e-05 0.0036325093125924466 0.035043706648195012 -0.0080801740284077821 0.028605265524820424 0.0053091086136798065 0.0044720631657588859 -0.013344835872431435 0.012597878554037639 -0.0091018314414064976 0.015819365632321152 -0.0095605160720232465 0.011055979695171117 -0.0012377282983407187 -0.0031124827384930095 0.02137823676690459 0.015742378078401089 -0.0058545280196703967 0.023678297305648976 0.0048173793692094105 0.00052944186259487505 0.0021379930968235318 0.0027018771640542213 -0.01016079903530356 -0.00050764094718635589
leaf_weight=52 479 11582 361 26 1805 67 24 26 30 32 36 31 62 21 55 28 135 20 857 198 20 20 90 33 586 552 496 1011 84 145
leaf_count=52 479 11582 361 26 1805 67 24 26 30 32 36 31 62 21 55 28 135 20 857 198 20 20 90 33 586 552 496 1011 84 145
internal_value=-3.49017e-07 -0.000532951 0.00159971 -0.00157185 0.0020739 0.00131632 0.00913146 0.0177869 0.000957662 0.00881726 0.016272 0.000692884 -0.00740587 0.0250147 0.00100657 0.00123479 -0.00085969 -0.00690032 0.00106521 0.00216257 0.00294611 -0.000850497 0.00266535 0.0100919 0.0021513 0.00278445 0.00451758 0.000960349 -0.000494547 -0.00404854
internal_weight=18964 14228 4736 616 4120 3145 138 71 3007 98 68 2909 93 47 2491 2436 11737 155 2408 1531 1333 877 1313 85 1228 1138 975 2816 590 229
internal_count=18964 14228 4736 616 4120 3145 138 71 3007 98 68 2909 93 47 2491 2436 11737 155 2408 1531 1333 877 1313 85 1228 1138 975 2816 590 229
cat_boundaries=0 1 2
cat_threshold=26242 22530
is_linear=0
shrinkage=0.03


Tree=133
num_leaves=31
num_cat=1
split_feature=28 36 6 47 39 45 8 51 32 6 0 39 47 10 48 34 7 45 56 43 16 19 35 8 48 33 18 24 53 7
split_gain=17.15 9.14348 8.83284 7.6199 7.84984 11.7756 6.02913 5.96813 5.64774 5.52783 6.2253 11.4706 6.56009 5.59626 5.52611 19.2712 5.47061 5.44028 5.10389 7.60005 6.17561 5.23778 5.08892 10.0895 5.07097 4.92574 5.27685 4.87 4.67654 4.60937
threshold=23.241488456726078 21.777645111083988 8.5000000000000018 23.864499092102054 24.371305465698246 25.265646934509281 3.5000000000000004 23.460529740552495 26.946234703063968 16.500000000000004 0 22.908539772033695 22.380129814147953 3.5000000000000004 24.546888160438481 24.160701751708988 46.500000000000007 26.7399435043335 0.088263511657711305 24.812134743986821 3.3813370000000007 24.638863563537601 22.505261421203617 2.5000000000000004 24.146457862839849 23.946951866149906 23.670042037963871 21.302879333496097 0.49119353034906688 30.500000000000004
decision_type=2 2 2 2 2 2 2 2 2 2 9 2 2 2 2 2 2 2 2 2 8 2 2 2 2 2 2 2 2 2
left_child=3 -2 8 7 5 6 22 27 17 10 12 24 -4 18 15 -15 -10 28 -14 20 21 -20 23 -5 -12 26 -11 -1 -3 -29
right_child=1 2 9 4 -6 -7 -8 -9 16 25 11 -13 13 14 -16 -17 -18 -19 19 -21 -22 -23 -24 -25 -26 -27 -28 29 -30 -31
leaf_value=-0.0032722890927416302 -0.01846858040736565 0.002140151045145621 -0.0078994806193034423 0.022681256635114548 -0.0057254522940893837 0.025602489214228547 0.0089694702299311767 -0.0070645126157643772 0.017956376320167583 -0.0033854458797435015 0.0047022639080652505 -0.00075237638051903601 0.0005495967234029394 0.0010826110861757222 0.0031385867084460779 0.032818393664828568 0.0044316499947423217 -0.01215596635825932 0.00056701982984214659 0.0042229851934874078 0.0045074758904419185 -0.005912424365646745 -0.0019590800937772149 -0.0057926796084003789 0.019827589379115537 -0.010149819396722774 0.013201023742024387 -7.6221148538545397e-05 0.010105893654858365 -0.0015590944097319758
leaf_weight=800 22 302 68 24 77 23 114 151 51 97 214 3055 3690 51 478 26 57 20 327 996 207 171 169 21 22 78 21 3809 85 3738
leaf_count=800 22 302 68 24 77 23 114 151 51 97 214 3055 3690 51 478 26 57 20 327 996 207 171 169 21 22 78 21 3809 85 3738
internal_value=-1.12642e-07 0.00085062 0.000893054 -0.000956829 0.00294892 0.00485184 0.00339677 -0.00115354 0.00471959 0.000685638 0.000790661 -0.000259321 0.0013634 0.00147162 0.00434006 0.0117986 0.0108183 0.00310125 0.00117632 0.00253588 0.000152395 -0.00165785 0.000428128 0.00939342 0.00611225 -0.00430027 -0.000433617 -0.00104661 0.00388973 -0.000810683
internal_weight=18964 10038 10016 8926 428 351 328 8498 515 9501 9305 3291 6014 5946 555 77 108 407 5391 1701 705 498 214 45 236 196 118 8347 387 7547
internal_count=18964 10038 10016 8926 428 351 328 8498 515 9501 9305 3291 6014 5946 555 77 108 407 5391 1701 705 498 214 45 236 196 118 8347 387 7547
cat_boundaries=0 1
cat_threshold=27266
is_linear=0
shrinkage=0.03


Tree=134
num_leaves=31
num_cat=1
split_feature=29 44 6 6 25 0 52 7 6 6 7 10 54 8 54 7 37 54 7 8 17 7 6 7 10 25 31 52 47 16
split_gain=16.3605 7.66846 6.10928 17.6728 10.4131 9.50441 7.50702 13.6191 6.76846 9.81279 10.5066 11.3248 9.09914 7.88244 33.9133 9.16535 6.9438 12.5724 9.59821 12.8049 18.5878 9.75465 12.0015 6.84468 6.75282 6.71337 11.7627 7.72494 7.44624 6.55667
threshold=25.535952568054203 21.490017890930179 14.500000000000002 13.500000000000002 26.809601783369143 0 0.80240272063440876 13.500000000000002 10.500000000000002 11.500000000000002 10.500000000000002 2.5000000000000004 0.79014199330266799 1.5000000000000002 0.2994721317171341 48.500000000000007 21.624844551086429 0.11815402832277254 28.500000000000004 3.5000000000000004 -1.8788944999999997 41.500000000000007 12.500000000000002 20.500000000000004 1.5000000000000002 22.623141288757328 22.464789390563968 0.50610064737488936 23.328972816467289 2.2981935000000004
decision_type=2 2 2 2 2 9 2 2 2 2 2 2 2 2 2 2 2 2 2 2 10 2 2 2 2 2 2 2 2 8
left_child=1 -1 3 8 5 25 -4 -8 -3 10 -10 -12 13 14 -11 16 17 -15 -18 -20 -21 -22 -23 -14 -7 -5 -27 28 -28 -16
right_child=-2 2 6 4 -6 24 7 -9 9 12 11 -13 23 15 29 -17 18 -19 19 20 21 22 -24 -25 -26 26 27 -29 -30 -31
leaf_value=-0.0024276910919860612 0.0020189786057873181 0.00083004380443079068 -0.00083799635859781315 0.0011473486625316848 0.023708330579102037 0.0037544144954024146 0.0053066785973222815 -0.013503709698302878 0.002263037948695327 0.026147925288726885 -0.0031841189131363266 -0.013620030603436107 -0.011426178090611194 0.022721722106848443 -0.00065285180941740796 -0.0042266930967488573 -0.001694211254447257 0.00099217903561350925 -0.00040956431570853187 0.016709427541794896 0.0066828767231796394 -0.019400355499237774 0.005849948041959578 -0.0021339383485689256 -0.00069876859264616587 0.032601914107799529 -0.0062721451088179683 0.015621453422399892 0.011487750738326991 0.0059839944377027797
leaf_weight=1498 3034 3034 4524 82 22 689 51 108 298 54 1275 101 94 35 438 441 1096 76 482 119 121 36 32 296 552 21 43 77 42 193
leaf_count=1498 3034 3034 4524 82 22 689 51 108 298 54 1275 101 94 35 438 441 1096 76 482 119 121 36 32 296 552 21 43 77 42 193
internal_value=-1.09267e-07 -0.000384661 -0.000172601 0.000255194 0.00321794 0.00291861 -0.00106318 -0.00747019 -0.000295479 -0.000953823 -0.00284408 -0.00395013 -5.30864e-05 0.00048646 0.00332985 -0.000312443 0.000551946 0.00784384 0.000122784 0.00264358 0.00742154 0.00157362 -0.00751786 -0.00437361 0.00175945 0.00797948 0.0114769 0.00873849 0.00250333 0.00137712
internal_weight=18964 15930 14432 9749 1528 1506 4683 159 8221 5187 1674 1376 3513 3123 685 2438 1997 111 1886 790 308 189 68 390 1241 265 183 162 85 631
internal_count=18964 15930 14432 9749 1528 1506 4683 159 8221 5187 1674 1376 3513 3123 685 2438 1997 111 1886 790 308 189 68 390 1241 265 183 162 85 631
cat_boundaries=0 1
cat_threshold=8320
is_linear=0
shrinkage=0.03


Tree=135
num_leaves=31
num_cat=0
split_feature=28 36 6 44 17 32 7 6 55 6 8 20 53 55 10 21 46 20 53 54 36 2 7 45 6 55 46 36 32 53
split_gain=15.5148 8.54629 8.21706 7.25038 6.63117 5.27556 5.23992 18.4044 14.6424 11.5004 15.1051 8.74251 8.29534 17.8087 9.89683 6.4275 5.28364 6.58807 5.22792 11.8345 6.27832 9.90282 5.14747 5.13148 4.86747 6.83259 6.0066 6.38199 7.2503 12.224
threshold=23.241488456726078 21.777645111083988 8.5000000000000018 26.002696037292484 2.3640660000000007 26.946234703063968 51.500000000000007 15.500000000000002 1.5868855998533167 9.5000000000000018 1.5000000000000002 26.594993591308597 1.1519340848350235 1.0372318852923448 3.5000000000000004 25.596031188964847 26.159467697143558 24.195978164672855 0.97204787553875671 0.6996221813505602 26.538700103759769 10.472845000000001 46.500000000000007 26.7399435043335 14.500000000000002 0.97297735831383003 24.796550751044926 25.150801658630375 26.365961074829105 0.85846140550493077
decision_type=2 2 2 2 10 2 2 2 2 2 2 2 2 2 2 2 2 2 2 2 2 2 2 2 2 2 2 2 2 2
left_child=3 -2 5 4 -1 23 11 8 9 10 -8 12 -4 -14 16 -16 17 -15 19 -11 21 -21 -7 -3 26 -26 -13 -28 -29 -30
right_child=1 2 6 -5 -6 22 7 -9 -10 18 -12 24 13 14 15 -17 -18 -19 -20 20 -22 -23 -24 -25 25 -27 27 28 29 -31
leaf_value=-0.00077493775706988038 -0.017868596551812846 0.0037424933539826218 0.00038644515748171735 0.017132551635615528 -0.0047656269104830859 0.017359213812605422 -0.017238870836995743 -0.017551518769903202 -0.025176217619861874 0.00027955111847448219 0.0022735452783071313 0.01223324899479181 0.024854023525348077 -0.0091825799570388836 0.003095412434119245 0.026349409744609146 -0.01437076019921473 0.0094534066059675653 -0.0078610178582229698 0.0021729264067923367 0.023506613809149712 0.021602978041816139 0.0042400083401681558 -0.011841156464070081 0.006257649632771649 -0.0066273547048963924 -0.0087804004363715646 0.011679361617425455 0.0042390922900431699 -0.01039851031291099
leaf_weight=8514 22 387 7098 20 392 51 74 59 21 751 69 79 39 31 23 20 28 38 53 99 24 31 57 20 62 92 36 100 618 56
leaf_count=8514 22 387 7098 20 392 51 74 59 21 751 69 79 39 31 23 20 28 38 53 99 24 31 57 20 62 92 36 100 618 56
internal_value=-1.05989e-07 0.000809054 0.000850079 -0.000910071 -0.000950589 0.00454082 0.000650023 -0.00121995 -0.000361161 0.000112151 -0.00782379 0.000915461 0.000547295 0.00692557 0.00193122 0.0139112 -0.0033795 0.00108072 0.00129674 0.00183305 0.0094089 0.00680625 0.0104352 0.00297671 0.00348415 -0.00143989 0.00433713 0.00356702 0.00414132 0.00302291
internal_weight=18964 10038 10016 8926 8906 515 9501 1181 1122 1101 143 8320 7277 179 140 43 97 69 958 905 154 130 108 407 1043 154 889 810 774 674
internal_count=18964 10038 10016 8926 8906 515 9501 1181 1122 1101 143 8320 7277 179 140 43 97 69 958 905 154 130 108 407 1043 154 889 810 774 674
is_linear=0
shrinkage=0.03


Tree=136
num_leaves=31
num_cat=2
split_feature=26 8 55 7 54 53 7 0 6 0 39 30 14 24 54 9 24 44 6 35 6 6 10 6 44 7 7 10 7 14
split_gain=14.6834 7.47442 7.69968 6.61769 10.182 9.22634 8.75457 6.76097 6.03717 6.65361 9.1573 10.1417 7.00591 7.39986 8.81324 6.48065 5.34987 7.40197 5.23263 5.05455 4.92802 7.51523 7.93903 6.00242 7.95148 7.92761 15.1403 8.12754 13.8819 6.75732
threshold=25.048339843750004 1.5000000000000002 1.228987702458288 43.500000000000007 1.3371489458562527 1.0928461243803695 52.500000000000007 0 9.5000000000000018 1 28.506158828735355 27.682316780090336 1.3387199917564152 26.163289070129398 0.92871214547611547 26.339530944824222 23.906468391418461 23.875202178955082 10.500000000000002 24.83783054351807 15.500000000000002 13.500000000000002 1.5000000000000002 14.500000000000002 24.48219203948975 17.500000000000004 25.500000000000004 1.0000000180025095e-35 8.5000000000000018 11.048450932004741
decision_type=2 2 2 2 2 2 2 9 2 9 2 2 8 2 2 2 2 2 2 2 2 2 2 2 2 2 2 2 2 8
left_child=1 -1 20 8 5 7 -6 -5 -2 12 11 -11 13 15 -15 -10 -14 -18 -13 -9 21 -3 23 24 25 27 -27 -23 -29 -25
right_child=3 2 -4 4 6 -7 -8 19 9 10 -12 18 16 14 -16 -17 17 -19 -20 -21 -22 22 -24 29 -26 26 -28 28 -30 -31
leaf_value=0.00097395337140633435 0.0047344456601773029 -0.00092283542238616651 -0.0072842635729159257 0.0019591942358202076 -0.0018614746765656905 0.019960841887763568 -0.024668440547372612 0.0051621718704700469 0.010888656118798903 0.00018714453502170352 0.013062336621261102 -0.023696379039598547 0.015836627590828215 0.031497036374685192 0.0083912087403810939 -0.0081322786557887286 -0.010271136484308434 0.0026058049850782527 -0.0054745487541564405 -0.0041958729001240402 -0.0016774837105388023 -0.0036237821370527588 -0.0009605363430191438 -0.0026075062265528731 0.013701570780681712 0.013863023968979636 0.0022458769655900033 0.024987985508309472 -0.0022216876757641633 0.0029024087099006049
leaf_weight=2719 697 5802 161 595 33 21 28 60 38 1168 47 23 26 24 39 28 42 925 37 387 3237 221 1147 365 70 139 369 27 45 444
leaf_count=2719 697 5802 161 595 33 21 28 60 38 1168 47 23 26 24 39 28 42 925 37 387 3237 221 1147 365 70 139 369 27 45 444
internal_value=-1.02807e-07 -0.000446566 -0.000767709 0.00156072 -0.000410789 0.000273206 -0.0123302 -0.00012357 0.00227693 0.00156234 6.61009e-05 -0.000430774 0.0032332 0.00983916 0.0171934 0.00281917 0.00240759 0.00204652 -0.0124596 -0.00287543 -0.000679291 -0.000304839 0.000963508 0.00227713 0.00400533 0.00315797 0.00542458 -0.000771864 0.00798194 0.000416477
internal_weight=18964 14746 12027 4218 1124 1063 61 1042 3094 2397 1275 1228 1122 129 63 66 993 967 60 447 11866 8629 2827 1680 871 801 508 293 72 809
internal_count=18964 14746 12027 4218 1124 1063 61 1042 3094 2397 1275 1228 1122 129 63 66 993 967 60 447 11866 8629 2827 1680 871 801 508 293 72 809
cat_boundaries=0 1 2
cat_threshold=18946 25728
is_linear=0
shrinkage=0.03


Tree=137
num_leaves=31
num_cat=1
split_feature=19 43 27 54 59 40 44 42 55 18 17 14 1 31 24 49 9 15 56 31 2 39 27 50 51 16 52 49 39 21
split_gain=13.9415 7.39104 6.85234 8.5001 6.31408 6.04748 5.72339 5.54903 5.86408 4.73371 4.46962 4.29389 9.27459 7.04434 7.65482 8.70712 5.82137 5.10104 7.71926 4.66563 4.28207 6.8379 4.15823 10.2383 10.9197 9.19053 6.57419 4.81304 4.14902 6.31816
threshold=23.447838783264164 30.254060745239261 28.068841934204105 0.47463251603821316 6.5000000000000009 32.044591904482424 21.468225478728034 24.5500602722168 0.67183757061243188 21.087455749511722 2.3904700000000001 1.1754225884752099 0 24.404505729675297 26.213318825620117 27.441886711120606 26.831568716791995 2.7036289626070755 -1.1615667340722629 25.337034225463871 7.9259025000000003 22.872716903686527 26.555933952331547 25.704686403275272 25.825523217577395 0.13848600000000036 1.4061120758328449 26.899232292175295 23.627161980996096 26.197723388671879
decision_type=2 2 2 2 2 2 2 2 2 2 10 8 1 2 2 2 2 8 2 2 2 2 2 2 2 8 2 2 2 2
left_child=9 4 -3 -4 6 -5 -2 8 -6 -1 -11 12 13 -8 19 -16 -14 18 -13 -15 21 -20 27 25 -25 -24 -26 -19 -22 -30
right_child=1 2 3 5 7 -7 11 -9 -10 10 -12 17 16 14 15 -17 -18 22 20 -21 28 -23 23 24 26 -27 -28 -29 29 -31
leaf_value=-0.0050799101398171231 -0.015428181303315795 0.021240277447822416 0.0061378708685414039 0.00040364346975210779 0.0058338693139376114 -0.019718139801174404 0.025606515748160225 -0.0011129381679571592 0.028278860122896727 -0.00054189096873235134 -0.0037279275883960561 -0.014810528064048603 0.0015505485951986262 -0.008219786392524837 0.030299009973691265 0.0063432582778235273 -0.014149869798936628 0.00051741666515238481 0.013863953302868388 0.0064414646923043103 -0.0084137404438774654 -0.00019011804299812101 0.029319123607128857 -0.015246846489608288 0.0021652135373324 0.0030648022540844975 0.019203074891120196 -0.010485172124269108 0.0014927244617342808 -0.0078451938292290052
leaf_weight=225 20 22 287 41 22 20 21 26 20 9263 414 38 627 30 22 36 22 5926 33 56 109 558 24 32 693 24 21 36 199 97
leaf_count=225 20 22 287 41 22 20 21 26 20 9263 414 38 627 30 22 36 22 5926 33 56 109 558 24 32 693 24 21 36 199 97
internal_value=-6.87336e-08 0.000850207 0.00500282 0.00397631 0.000673439 -0.00619366 0.00060164 0.0097792 0.016522 -0.000778214 -0.000678196 0.000638902 0.00271216 0.00883886 0.00700739 0.0154299 0.00100288 0.000422261 -0.00154004 0.00132707 -0.00103374 0.000594627 0.00072259 0.00276206 0.00189793 0.016192 0.00266633 0.00045098 -0.00340995 -0.00156734
internal_weight=18964 9062 370 348 8692 61 8624 68 42 9902 9677 8604 814 165 144 58 649 7790 1034 86 996 591 6756 794 746 48 714 5962 405 296
internal_count=18964 9062 370 348 8692 61 8624 68 42 9902 9677 8604 814 165 144 58 649 7790 1034 86 996 591 6756 794 746 48 714 5962 405 296
cat_boundaries=0 1
cat_threshold=4
is_linear=0
shrinkage=0.03


Tree=138
num_leaves=31
num_cat=1
split_feature=29 44 17 6 6 25 0 47 51 6 6 7 54 52 7 8 54 7 43 7 54 34 52 6 7 28 55 8 7 6
split_gain=13.3008 6.68333 5.62116 5.26293 15.7445 9.59815 8.6884 7.34272 6.32177 6.11736 9.31188 9.84016 8.78472 8.13385 7.60654 9.56997 33.9027 16.8 14.7834 11.263 10.0602 8.0433 7.73001 7.23896 17.3413 6.46086 14.0743 8.29703 8.79759 24.3279
threshold=25.535952568054203 21.490017890930179 -0.88844199999999984 14.500000000000002 13.500000000000002 26.809601783369143 0 26.161549568176273 25.91691134762663 10.500000000000002 11.500000000000002 10.500000000000002 0.79014199330266799 0.58686775523878543 8.5000000000000018 1.5000000000000002 0.30357408243874939 16.500000000000004 23.203467369079593 48.500000000000007 0.517948735530677 23.696707725524906 0.50610064737488936 12.500000000000002 20.500000000000004 21.476148605346683 0.177671983345594 3.5000000000000004 29.500000000000004 12.500000000000002
decision_type=2 2 8 2 2 2 9 2 2 2 2 2 2 2 2 2 2 2 2 2 2 2 2 2 2 2 2 2 2 2
left_child=1 -1 -2 4 9 6 -6 -5 -9 -3 11 -11 14 -13 21 16 -16 18 -18 25 -19 -12 -23 24 -22 26 -17 -27 29 -29
right_child=2 3 -4 7 5 -7 -8 8 -10 10 12 13 -14 -15 15 19 17 20 -20 -21 23 22 -24 -25 -26 27 -28 28 -30 -31
leaf_value=-0.002254092714040565 0.0039476065103053268 0.00079848560291998589 0.0010365669018705848 -0.00076765103874783594 0.0075953635624609892 0.02271694694053043 0.00164968951569247 -0.011195139866969031 0.004174205260651727 0.0022036974532929645 -0.00040612537555196986 -0.0032955974390677916 -0.0042651823566187746 -0.014167871860357431 0.029007216219572307 0.031341339318081737 0.00085534079665584221 0.0049927834526381706 0.021885859698057172 -0.0040553248254156611 -0.03055895923326413 -0.0046713950775031533 -0.020312433850306729 0.0020997182923629012 -0.0037978024674637191 -0.00084049060909001123 0.0028501246418987571 -0.0069997700239797043 0.0073128972423767615 0.010372245049287306
leaf_weight=1498 817 3034 2217 4544 265 22 1241 108 31 298 329 1311 390 65 47 20 56 165 65 441 27 105 39 86 113 960 71 179 298 122
leaf_count=1498 817 3034 2217 4544 265 22 1241 108 31 298 329 1311 390 65 47 20 56 165 65 441 27 105 39 86 113 960 71 179 298 122
internal_value=-6.66684e-08 -0.0003468 0.00182046 -0.000148829 0.000248229 0.00304467 0.0027573 -0.000975418 -0.00776744 -0.000271533 -0.000897413 -0.00273879 -1.99665e-05 -0.00380919 0.000510176 0.00113569 0.00462247 0.00238403 0.0121527 0.000203546 -0.000639024 -0.00299428 -0.00890751 -0.00475074 -0.00895888 0.00134183 0.00911193 0.000888279 0.00365893 4.13789e-05
internal_weight=18964 15930 3034 14432 9749 1528 1506 4683 139 8221 5187 1674 3513 1376 3123 2650 559 512 121 2091 391 473 144 226 140 1650 91 1559 599 301
internal_count=18964 15930 3034 14432 9749 1528 1506 4683 139 8221 5187 1674 3513 1376 3123 2650 559 512 121 2091 391 473 144 226 140 1650 91 1559 599 301
cat_boundaries=0 1
cat_threshold=8320
is_linear=0
shrinkage=0.03


Tree=139
num_leaves=31
num_cat=1
split_feature=28 6 47 39 45 34 51 8 50 45 6 0 40 47 40 55 10 48 34 21 27 56 43 30 44 53 17 24 35 8
split_gain=12.816 7.71066 6.71128 7.13903 11.6185 6.4507 5.6359 5.35785 4.80878 8.38365 4.77735 5.18462 12.0579 5.88372 5.38013 5.32677 4.85389 5.21681 17.8551 5.68602 5.13501 4.56906 6.69076 5.047 5.92467 4.77819 4.36074 4.46399 4.26631 8.71874
threshold=23.241488456726078 8.5000000000000018 23.864499092102054 24.241183280944828 25.265646934509281 21.893909454345707 23.460529740552495 3.5000000000000004 25.439714050327762 25.469796180725101 16.500000000000004 0 22.764878273010257 22.380129814147953 22.646697998046879 0.62584540226009933 3.5000000000000004 24.546888160438481 24.160701751708988 25.11830043792725 24.537788391113285 0.088263511657711305 24.812134743986821 24.401338577270511 25.034163475036625 0.77997736678812235 2.3904700000000001 21.302879333496097 22.505261421203617 2.5000000000000004
decision_type=2 2 2 2 2 2 2 2 2 2 2 9 2 2 2 2 2 2 2 2 2 2 2 2 2 2 10 2 2 2
left_child=2 8 6 4 7 -3 26 28 9 -2 11 13 14 -7 -13 -16 21 18 -18 -19 -21 -15 23 24 25 -23 27 -1 29 -4
right_child=1 5 3 -5 -6 10 -8 -9 -10 -11 -12 12 -14 16 15 -17 17 19 -20 20 -22 22 -24 -25 -26 -27 -28 -29 -30 -31
leaf_value=-0.0029082000847090485 0.003398022741685569 -0.014676774231344461 0.02106882682070136 -0.0049446417350760274 0.025858016274869441 -0.0075703045790193281 -0.0067556639199163639 0.0086897856534659777 0.0083168851134319925 -0.016626753397285938 -0.0040650097468885801 0.004273715232814496 -0.00073314887425319933 0.00043656431601920025 0.0047784468554891643 0.025741720655933019 0.00090801871217348991 -0.0040319390560427069 0.031455560576242325 0.016517882493870525 0.003395390633474259 0.0024722743330166451 0.0038988638487173744 -0.0031230656463337842 0.017634812432474323 -0.0075977393867833597 -0.0041563771810599085 -0.00052857039986586906 -0.0016976770624260317 -0.0054002672274197855
leaf_weight=787 318 25 24 85 22 68 151 110 177 20 195 149 3096 3690 20 24 51 89 26 29 360 364 996 272 21 48 356 7204 166 21
leaf_count=787 318 25 24 85 22 68 151 110 177 20 195 149 3096 3690 20 24 51 89 26 29 360 364 996 272 21 48 356 7204 166 21
internal_value=8.15825e-08 0.000735506 -0.000826962 0.00283853 0.0047673 0.000542149 -0.00101157 0.00332183 0.00431092 0.00221312 0.000582207 0.000679617 -0.000278774 0.00120222 0.00699562 0.016213 0.00130456 0.00397598 0.0112228 0.00280861 0.00437367 0.00102954 0.0023159 7.9537e-05 0.00209133 0.00129907 -0.000907661 -0.00076293 0.000523374 0.00871658
internal_weight=18964 10038 8926 428 343 9523 8498 321 515 338 9498 9303 3289 6014 193 44 5946 555 77 478 389 5391 1701 705 433 412 8347 7991 211 45
internal_count=18964 10038 8926 428 343 9523 8498 321 515 338 9498 9303 3289 6014 193 44 5946 555 77 478 389 5391 1701 705 433 412 8347 7991 211 45
cat_boundaries=0 1
cat_threshold=27266
is_linear=0
shrinkage=0.03


Tree=140
num_leaves=31
num_cat=3
split_feature=26 7 29 17 33 0 17 26 43 41 53 35 0 45 27 6 0 18 18 15 30 7 17 55 27 6 53 16 3 52
split_gain=11.9214 6.33135 11.3901 6.53784 6.71373 6.31726 6.53212 6.29429 6.2049 9.43728 6.01121 14.0453 6.31125 5.7833 5.75361 5.74633 5.49249 5.42009 7.56624 5.80887 5.25355 5.0151 8.94289 9.58628 4.96201 6.46838 6.0324 5.79008 5.36547 4.88783
threshold=25.289712905883793 43.500000000000007 24.546668052673343 0.93893950000000026 24.367539405822757 0 -0.84171599999999991 26.284128189086921 23.549181939335941 24.118779182434086 0.74714267053662931 26.609041213989261 1 26.43046855926514 24.180625915527347 9.5000000000000018 2 26.347520828247074 26.937316895000002 3.1854616777258733 24.325336456298832 14.500000000000002 0.18498600000000023 0.64724937307601438 25.350407600402836 14.500000000000002 1.0928461243803695 -8.2133494999999979 0.57410400000000006 0.97951775771038574
decision_type=2 2 2 8 2 9 8 2 2 2 2 2 9 2 2 2 9 2 2 8 2 2 8 2 2 2 2 10 2 2
left_child=5 3 -3 4 7 17 13 -2 -4 -10 12 -12 -11 -7 -5 -6 -17 -1 19 -19 -16 22 -18 -24 -23 26 28 -27 -26 -8
right_child=1 2 8 14 15 6 29 -9 9 10 11 -13 -14 -15 20 16 21 18 -20 -21 -22 24 23 -25 25 27 -28 -29 -30 -31
leaf_value=0.00021614693066967711 0.0069748363137409532 -0.015115829928697125 0.01671085730055347 0.013454244752880184 0.0064440723357880158 0.00058560332824409897 -0.0011767765704320348 0.024665046118240316 -0.020057940523007085 0.0015447766275944448 0.00070293238454657348 0.025649502384993764 -0.0039930028840614133 0.013474652560253162 -0.012036489422523205 0.0057459763383298224 0.0016885573741876804 0.028003044298716955 -0.0016290587676983132 0.0056893029383250646 0.00049922932765664749 0.0064265320342034096 0.004217731868182974 0.031031363122165201 0.0048827614392220834 0.0056698638520070489 -0.01382142149998496 -0.011921414468218299 -0.0022922495727277161 -0.0060562293015812571
leaf_weight=6833 85 46 20 30 336 1499 6704 23 21 461 82 27 296 32 31 258 249 21 38 21 1023 75 28 21 167 21 27 85 214 190
leaf_count=6833 85 46 20 30 336 1499 6704 23 21 461 82 27 296 32 31 258 249 21 38 21 1023 75 28 21 167 21 27 85 214 190
internal_value=7.91358e-08 0.00154708 -0.000552382 0.0022956 0.00352104 -0.000365642 -0.000916513 0.0107422 0.000186227 -0.000186368 0.000295506 0.00688236 -0.000652931 0.000855002 0.000499269 0.00299445 0.00198215 0.000306596 0.00807044 0.0168462 0.000130532 0.000813427 0.00399398 0.0157093 -0.000781939 -0.00183376 -0.000118379 -0.00843635 0.000852703 -0.00131126
internal_weight=18964 3626 953 2673 1589 15338 8425 108 907 887 866 109 757 1531 1084 1481 1145 6913 80 42 1054 887 298 49 589 514 408 106 381 6894
internal_count=18964 3626 953 2673 1589 15338 8425 108 907 887 866 109 757 1531 1084 1481 1145 6913 80 42 1054 887 298 49 589 514 408 106 381 6894
cat_boundaries=0 1 2 3
cat_threshold=10762 18946 8320
is_linear=0
shrinkage=0.03


Tree=141
num_leaves=31
num_cat=0
split_feature=28 36 6 44 17 52 7 6 55 6 8 20 10 54 22 55 54 7 54 32 7 7 6 55 46 36 33 52 54 55
split_gain=11.5601 7.30555 7.10637 6.56076 5.64437 5.3146 4.57326 17.0001 12.9602 10.7827 14.042 6.87963 5.28681 10.4174 5.70046 4.91108 5.92734 4.73692 4.53472 4.43518 4.58114 4.5654 4.30707 6.20514 5.67198 5.78974 6.77712 5.48485 5.4254 8.03276
threshold=23.241488456726078 21.777645111083988 8.5000000000000018 26.002696037292484 2.3640660000000007 0.51237326189309529 51.500000000000007 15.500000000000002 1.6797837711283303 9.5000000000000018 1.5000000000000002 26.594993591308597 3.5000000000000004 1.1992826704856399 25.633960723876957 0.51191630082546902 1.1992826704856399 10.500000000000002 0.87324209052667723 26.946234703063968 46.500000000000007 31.500000000000004 14.500000000000002 0.97297735831383003 24.796550751044926 25.150801658630375 25.80037879943848 0.70638258820818367 1.0592136766661298 1.0111568970488765
decision_type=2 2 2 2 10 2 2 2 2 2 2 2 2 2 2 2 2 2 2 2 2 2 2 2 2 2 2 2 2 2
left_child=3 -2 19 4 -1 -6 11 8 9 10 -8 12 -4 17 -15 -11 18 -14 -17 21 -21 -3 24 27 -13 -26 -27 -24 29 -28
right_child=1 2 6 -5 5 -7 7 -9 -10 15 -12 22 13 14 -16 16 -18 -19 -20 20 -22 -23 23 -25 25 26 28 -29 -30 -31
leaf_value=-0.00066183383450201211 -0.016570120315406132 0.016356845151167365 0.00020618602294975843 0.016377779561094936 -0.0034319384268780648 -0.017727350878715516 -0.016576535683870314 -0.016892637866943821 -0.02430463680624962 -0.00073283405990885145 0.0021761084969013768 0.011552500175400576 0.0076066781477306354 0.025508602720756942 0.0067258755049922252 0.0034847386522898422 -0.0092796502541750668 0.00070055538340624767 0.014129242396898917 0.016105346763643492 0.0037288531219880831 0.0019935389378201878 -0.0031421725163536685 -0.0064983650116229672 -0.0086294241544480135 0.016032489686530378 0.0027969902099885895 0.014703707877216079 -0.004722093628681175 0.013826378174126148
leaf_weight=8514 22 21 6568 20 367 25 75 59 20 526 69 79 107 26 33 362 30 543 40 51 57 386 31 92 36 38 597 31 73 66
leaf_count=8514 22 21 6568 20 367 25 75 59 20 526 69 79 107 26 33 362 30 543 40 51 57 386 31 92 36 38 597 31 73 66
internal_value=1.28931e-07 0.00069859 0.000736521 -0.000785346 -0.000823889 -0.00434364 0.000550476 -0.0011965 -0.00037112 6.32452e-05 -0.00759089 0.000798454 0.00047186 0.002933 0.015003 0.00121376 0.00358392 0.00183741 0.00454389 0.00416877 0.00957331 0.00273464 0.0030771 -0.00155482 0.00387948 0.00313112 0.00367812 0.00578077 0.00304026 0.00389494
internal_weight=18964 10038 10016 8926 8906 392 9501 1181 1122 1102 144 8320 7277 709 59 958 432 650 402 515 108 407 1043 154 889 810 774 62 736 663
internal_count=18964 10038 10016 8926 8906 392 9501 1181 1122 1102 144 8320 7277 709 59 958 432 650 402 515 108 407 1043 154 889 810 774 62 736 663
is_linear=0
shrinkage=0.03


Tree=142
num_leaves=31
num_cat=0
split_feature=46 43 26 54 40 59 10 54 22 39 14 46 35 55 14 6 40 48 6 30 18 41 53 20 44 42 18 55 55 39
split_gain=10.7539 6.63717 5.76953 7.71117 5.46334 4.86236 5.07421 6.37545 8.59565 11.5061 7.01562 6.8315 7.7458 6.19227 6.61266 8.74075 7.11091 7.44339 6.69136 5.82346 6.12802 8.96538 5.44732 5.42366 5.41008 5.09915 4.9992 4.95287 4.75482 4.28252
threshold=22.867424011230472 30.254060745239261 28.059359550476078 0.47463251603821316 32.044591904482424 6.5000000000000009 3.5000000000000004 0.61260718378158219 25.826974868774418 26.628569602966312 1.403388954284768 24.872007369995121 25.844947817355958 1.1831691056602758 2.679884941678579 14.500000000000002 26.998063086752932 26.653615570068364 12.500000000000002 23.282506941342778 23.977480888295904 23.760626792907718 0.87852598012458827 26.594993591308597 24.326956748962406 24.192667961120609 25.61494064331055 0.63604226657049334 0.70338986779962476 25.600280761718754
decision_type=2 2 2 2 2 2 2 2 2 2 10 2 2 2 10 2 2 2 2 2 2 2 2 2 2 2 2 2 2 2
left_child=-1 5 -3 -4 -5 6 13 27 9 19 -10 -12 -13 23 22 16 17 18 -16 -9 21 -21 -15 -2 25 -22 -25 -8 -7 -29
right_child=1 2 3 4 -6 28 7 8 10 -11 11 12 -14 14 15 -17 -18 -19 -20 20 24 -23 -24 26 -26 -27 -28 29 -30 -31
leaf_value=-0.00090532126774815075 0.00015704321397881559 0.019068645569698315 0.0055980212992229189 0.00017341813445091245 -0.019030102785676718 0.001597920973819617 0.001400946298860208 -0.0053911815506630925 0.0092444689918694829 0.029029507082886992 -0.015336492676287889 0.012988324436329066 -0.0053292118709179614 -0.0021910429769573178 0.0063509934972971679 -0.0063571002230580357 -0.0049422582325621923 -0.0016400788555091077 0.029245455393878121 0.032924896406808069 0.0057846165956421331 0.0058130960514687965 -0.010002943511239031 0.013760687674622277 0.011546419129839966 -0.013412503436207771 0.0023852768506214387 -0.0002950743128146444 0.016796181238023563 -0.015884417233795956
leaf_weight=7276 9043 23 287 40 20 44 629 29 58 24 32 31 63 185 20 70 29 22 27 21 33 23 142 37 63 20 577 35 32 29
leaf_count=7276 9043 23 287 40 20 44 629 29 58 24 32 31 63 185 20 70 29 22 27 21 33 23 142 37 63 20 577 35 32 29
internal_value=1.25062e-07 0.000563782 0.00451769 0.00355322 -0.00622776 0.000434524 0.000383398 0.00232852 0.00535986 0.0094627 0.000610376 -0.00336405 0.000711678 0.000174554 -0.00309802 0.00173954 0.00752286 0.0127618 0.0195031 0.00697802 0.00921994 0.0187528 -0.00558337 0.0003423 0.00560402 -0.00145958 0.00307077 0.000591947 0.00799719 -0.007359
internal_weight=18964 11688 370 347 60 11318 11242 1090 397 213 184 126 94 10152 495 168 98 69 47 189 160 44 327 9657 116 53 614 693 76 64
internal_count=18964 11688 370 347 60 11318 11242 1090 397 213 184 126 94 10152 495 168 98 69 47 189 160 44 327 9657 116 53 614 693 76 64
is_linear=0
shrinkage=0.03


Tree=143
num_leaves=31
num_cat=1
split_feature=6 6 6 8 10 7 10 27 5 45 22 17 20 55 52 10 18 24 0 54 7 7 7 56 50 53 7 52 40 47
split_gain=10.5713 9.54144 19.8658 12.4451 23.9416 16.4054 10.9689 10.7413 10.4508 9.65526 12.0782 8.90019 8.48609 13.6866 8.47191 7.78631 12.0655 12.037 7.71239 7.28821 11.9851 27.2382 9.35808 9.42994 7.95873 7.69202 7.29369 6.94393 6.77043 6.76638
threshold=10.500000000000002 12.500000000000002 14.500000000000002 1.5000000000000002 1.5000000000000002 42.500000000000007 3.5000000000000004 22.942157745361332 1.2994190000000001 25.469796180725101 25.905098915100101 -2.4940664999999993 23.365571022033695 0.71072550284572433 0.84812083641187785 2.5000000000000004 24.894347190856937 25.069439888000492 0 0.54236565831525574 15.500000000000002 20.500000000000004 45.500000000000007 0.98319911956786765 27.492781019104985 0.64770540706894686 47.500000000000007 0.7326568373620147 26.998063086752932 25.066113471984867
decision_type=2 2 2 2 2 2 2 2 2 2 2 10 2 2 2 2 2 2 9 2 2 2 2 2 2 2 2 2 2 2
left_child=11 19 3 4 8 7 14 -6 -3 -7 -11 -1 13 -9 -5 16 -14 -18 -13 -2 24 -22 23 -23 25 -21 -24 -28 -20 -19
right_child=1 2 -4 6 5 9 -8 12 -10 10 -12 18 15 -15 -16 -17 17 29 28 20 21 22 26 -25 -26 -27 27 -29 -30 -31
leaf_value=-0.00039676564396712224 -0.00095980909932548008 0.034447530867724584 -0.0010165278493867987 0.0013223036867182787 -0.010092448283842689 -0.0079475704174882811 -0.010278435902717179 0.0072737135491048798 0.012259842262470295 0.020730937960158499 -0.002731174926426428 0.0039762871993649423 0.0016958245395946856 0.035326347668533743 -0.0082322082245115964 0.003198220573909331 0.034822219234359048 0.023546094017272645 0.0011009477393135348 -0.0015828494398738256 -0.022236715967633894 -0.0049626600981106722 0.014444083639166572 -0.024665421992540359 -0.0097393923602066921 0.017253140415251254 -0.0052598558917581551 0.0058722339133348532 -0.01463466050326824 0.0020671693642031063
leaf_weight=1854 3365 29 5884 2900 37 156 79 49 56 28 67 1295 67 23 86 418 28 22 1573 32 77 442 33 23 24 50 124 85 25 33
leaf_count=1854 3365 29 5884 2900 37 156 79 49 56 28 67 1295 67 23 86 418 28 22 1573 32 77 442 33 23 24 50 124 85 25 33
internal_value=1.21309e-07 -0.000409163 9.8763e-05 0.00170798 0.00459073 0.00319492 0.000755209 0.00562367 0.0198298 -0.00335595 0.00418397 0.00122591 0.00653226 0.016235 0.00104712 0.00530234 0.0111658 0.0188103 0.00226581 -0.00159834 -0.00401258 -0.00529267 -0.00344728 -0.00593721 0.00545529 0.00990251 0.00133708 -0.000732451 0.000849455 0.0106587
internal_weight=18964 14217 9962 4078 1013 928 3065 677 85 251 95 4747 640 72 2986 568 150 83 2893 4255 890 784 707 465 106 82 242 209 1598 55
internal_count=18964 14217 9962 4078 1013 928 3065 677 85 251 95 4747 640 72 2986 568 150 83 2893 4255 890 784 707 465 106 82 242 209 1598 55
cat_boundaries=0 1
cat_threshold=23362
is_linear=0
shrinkage=0.03


Tree=144
num_leaves=31
num_cat=0
split_feature=28 36 6 47 39 45 8 51 48 32 9 7 6 55 6 8 6 6 6 30 17 51 26 8 10 7 10 52 33 34
split_gain=9.98124 6.76354 6.4167 6.21592 6.65557 9.62469 5.46615 5.29142 4.29104 4.26753 4.31597 4.22638 15.8774 11.8328 10.1138 13.0342 6.11589 14.0197 10.9448 11.6997 10.3663 6.58119 8.80834 6.32279 14.1053 10.8352 21.3148 6.19911 7.0839 6.70923
threshold=23.241488456726078 21.777645111083988 8.5000000000000018 23.864499092102054 24.371305465698246 25.265646934509281 3.5000000000000004 23.398025385591314 23.998735046386724 23.106537818908695 22.825119018554691 51.500000000000007 15.500000000000002 1.6797837711283303 9.5000000000000018 1.5000000000000002 10.500000000000002 12.500000000000002 14.500000000000002 26.756443977355961 0.49403600000000003 26.75954847333448 27.385493278503422 1.5000000000000002 1.5000000000000002 43.500000000000007 2.5000000000000004 0.22151606512415251 24.494715691152347 24.317701339025884
decision_type=2 2 2 2 2 2 2 2 2 2 2 2 2 2 2 2 2 2 2 2 8 2 2 2 2 2 2 2 2 2
left_child=3 -2 -3 7 5 6 -5 8 -1 10 -8 16 13 14 15 -13 -4 -18 19 23 -21 22 -20 24 -19 27 -27 -26 29 -29
right_child=1 2 11 4 -6 -7 9 -9 -10 -11 -12 12 -14 -15 -16 -17 17 18 21 20 -22 -23 -24 -25 25 26 -28 28 -30 -31
leaf_value=-0.00084165864660277817 -0.015966576169964601 0.0039471416464640571 0.0020059263462565554 0.00040800400394902818 -0.005189369616915877 0.023310190416548561 0.025423034717594939 -0.0056217620618188519 0.0079735262989997849 0.0033183778294118209 0.0076903162836097182 -0.016027905805408957 -0.016339487051117721 -0.023241681908257306 0.0011564499493139078 0.0020392204683436 -0.0017018167257425699 0.018690556722922028 -5.4089353355811906e-05 0.0052800297999724011 0.025083248228407823 -0.0075672104751440478 0.017876450264453888 0.00092548535357543627 -0.0023628441600149937 -0.032903538346290583 0.0022136076218448575 0.0078195480522425722 0.0028316328263645117 0.021763085048449666
leaf_weight=8239 22 515 2451 214 77 23 21 209 50 63 30 75 59 20 958 69 2157 59 1800 61 39 104 25 1002 89 21 60 170 244 38
leaf_count=8239 22 515 2451 214 77 23 21 209 50 63 30 75 59 20 958 69 2157 59 1800 61 39 104 25 1002 89 21 60 170 244 38
internal_value=1.80569e-07 0.000649194 0.00068569 -0.000729686 0.00279794 0.00455014 0.00323465 -0.000907354 -0.000788485 0.0085408 0.014992 0.000508903 -0.00117051 -0.000372853 4.2189e-05 -0.00737074 0.000747291 0.000221663 0.00133937 0.00303376 0.0130033 -0.00022677 0.000191534 0.00244139 0.00467185 0.0033421 -0.00689084 0.00487421 0.0062992 0.0103669
internal_weight=18964 10038 10016 8926 428 351 328 8498 8289 114 51 9501 1181 1122 1102 144 8320 5869 3712 1783 100 1929 1825 1683 681 622 81 541 452 208
internal_count=18964 10038 10016 8926 428 351 328 8498 8289 114 51 9501 1181 1122 1102 144 8320 5869 3712 1783 100 1929 1825 1683 681 622 81 541 452 208
is_linear=0
shrinkage=0.03


Tree=145
num_leaves=31
num_cat=0
split_feature=29 31 52 19 22 10 6 6 54 55 46 10 47 6 6 54 7 10 55 17 54 7 7 19 54 30 55 48 14 7
split_gain=9.52173 5.42964 5.58434 7.01202 10.3801 5.64903 4.87408 13.7971 7.21486 12.5297 11.7469 8.65314 6.28965 5.7409 6.81187 8.96315 8.4549 11.0806 7.20024 11.4594 8.23667 9.12866 13.987 8.76775 7.13072 9.24466 19.5982 6.20858 6.60389 5.62755
threshold=25.535952568054203 21.282774925231937 1.2615107883420882 26.667976379394535 26.265997886657718 3.5000000000000004 14.500000000000002 13.500000000000002 0.7457858179766268 0.87395303106109223 23.755292892456058 1.5000000000000002 26.161549568176273 10.500000000000002 11.500000000000002 0.79014199330266799 10.500000000000002 2.5000000000000004 0.4318454053507807 -0.19219699999999981 0.14592677304122545 8.5000000000000018 14.500000000000002 23.888624191284183 0.11591363914484674 21.495458602905277 0.11278096108150755 23.083305740356447 6.4191854040038052 17.500000000000004
decision_type=2 2 2 2 2 2 2 2 2 2 2 2 2 2 2 2 2 2 2 10 2 2 2 2 2 2 2 2 10 2
left_child=1 -1 3 6 -5 -4 7 13 11 10 -10 29 -8 -3 16 18 -15 -18 24 20 -20 -22 23 -23 25 26 -16 -24 -29 -9
right_child=-2 2 5 4 -6 -7 12 8 9 -11 -12 -13 -14 14 15 -17 17 -19 19 -21 21 22 27 -25 -26 -27 -28 28 -30 -31
leaf_value=-0.0027849419182608835 0.0015405073538891493 0.00078484471951909864 -0.0080512785681542132 0.023101862776896048 0.00018401857141567315 0.0039756103767001104 -0.00074073242225653792 0.00093318022902848664 0.037046598656611009 0.0014709798830444924 0.0097544599582906812 -0.00074020010825754268 -0.00742709931014822 0.0021415899693897548 -0.0009961939401858088 -0.0045205123994459494 -0.002682830953259933 -0.013155406367031344 0.020450047433841972 -0.0013975290090126381 -0.0054978963719254518 0.021370799458202191 -0.0010355788172515513 -0.00041737397286024957 -0.0016095442691558069 0.0011796052760870183 0.037886421237140894 0.0073516392449896727 -0.0036833587722403219 0.0060646766836764017
leaf_weight=750 3034 3109 149 29 46 46 4864 307 22 80 40 540 130 298 28 373 1260 98 28 491 83 68 194 22 1618 356 20 308 58 515
leaf_count=750 3034 3109 149 29 46 46 4864 307 22 80 40 540 130 298 28 373 1260 98 28 491 83 68 194 22 1618 356 20 308 58 515
internal_value=1.75157e-07 -0.000293194 -0.000170084 -0.000104445 0.00904558 -0.00521417 -0.000150471 0.000234461 0.00288096 0.00931607 0.0194388 0.00221005 -0.000914787 -0.000238713 -0.000838796 -0.000114267 -0.00243442 -0.00343858 0.000387728 0.00217563 0.00448105 0.00387104 0.00506738 0.0160448 -0.000719322 0.00284598 0.0152049 0.00330316 0.00560292 0.00414817
internal_weight=18964 15930 15180 14985 75 195 14910 9916 1504 142 62 1362 4994 8412 5303 3647 1656 1358 3274 1252 761 733 650 90 2022 404 48 560 366 822
internal_count=18964 15930 15180 14985 75 195 14910 9916 1504 142 62 1362 4994 8412 5303 3647 1656 1358 3274 1252 761 733 650 90 2022 404 48 560 366 822
is_linear=0
shrinkage=0.03


Tree=146
num_leaves=31
num_cat=0
split_feature=46 51 29 53 6 6 55 49 17 15 6 55 55 7 51 17 53 26 7 7 53 7 6 53 56 29 53 7 47 49
split_gain=9.18421 5.99786 6.90965 4.70954 4.4743 12.3599 12.764 17.1248 21.4283 11.9429 10.8163 9.88776 12.4331 11.1905 15.6971 9.25927 9.11792 9.01731 8.95747 12.7035 22.3949 11.8239 9.84565 10.3067 8.40489 8.3808 8.24026 11.3206 8.16481 7.96004
threshold=22.867424011230472 28.34307750069198 28.100689888000492 0.55677043464806686 12.500000000000002 14.500000000000002 1.0677520055724321 26.276907348688237 0.12835150000000009 4.2748747148862236 10.500000000000002 0.95779024825235581 0.7179843853919291 39.500000000000007 24.924680773430424 0.18498600000000023 0.65751645271001391 26.72652626037598 30.500000000000004 16.500000000000004 0.5378393989571344 20.500000000000004 11.500000000000002 0.10143553787624852 0.13187217712402347 23.061618804931644 0.55677043464806686 8.5000000000000018 25.799656867980961 26.711582374572757
decision_type=2 2 2 2 2 2 2 2 10 8 2 2 2 2 2 10 2 2 2 2 2 2 2 2 2 2 2 2 2 2
left_child=-1 4 -3 -4 10 6 29 9 17 24 -2 12 -7 15 -15 25 -17 -9 19 26 -21 -22 -20 -24 -8 -14 -12 -28 -11 -6
right_child=1 2 3 -5 5 11 7 8 -10 28 18 -13 13 14 -16 16 -18 -19 22 20 21 -23 23 -25 -26 -27 27 -29 -30 -31
leaf_value=-0.00083659017280313119 0.001032641487560063 0.018749207937015362 0.0039216564196503977 -0.0053930920891844753 0.0020490999411540934 -0.0004850477526993473 0.037989240188151599 0.0027124332671519366 -0.010487789760218628 0.001645636975299567 -0.001708040461111833 -0.0049296525461369591 0.02359605638044221 0.014504537623375655 -0.012148005981708607 0.010844384245329389 0.035476048886775968 0.025414958432647249 -0.0018550919205246393 -0.0029167186088495155 -0.028461100541703078 -0.010727664509176974 0.01297229836870204 0.0016240426101359257 0.014685054286741293 0.0033691229623131797 -0.0082922491675307009 0.013998553063720465 0.023716093446339733 -0.01651544941323144
leaf_weight=7276 3201 26 437 55 2048 2045 30 32 67 48 797 365 21 30 59 38 21 31 788 499 46 128 85 472 26 151 29 70 22 21
leaf_count=7276 3201 26 437 55 2048 2045 30 32 67 48 797 365 21 30 59 38 21 31 788 499 46 128 85 472 26 151 29 70 22 21
internal_value=1.699e-07 0.000521069 0.00367688 0.00288037 0.000374721 0.0010351 0.00264256 0.00896177 0.00132292 0.0168431 -0.000171188 -0.000333884 0.000375399 0.00587419 -0.003164 0.00935644 0.0196116 0.0138835 -0.00149358 -0.00303357 -0.00614828 -0.0154158 0.000302886 0.00335582 0.0271694 0.00583869 -0.000694068 0.00746892 0.00858207 0.00186067
internal_weight=18964 11688 518 492 11170 5055 2325 256 130 126 6115 2730 2365 320 89 231 59 63 2914 1569 673 174 1345 557 56 172 896 99 70 2069
internal_count=18964 11688 518 492 11170 5055 2325 256 130 126 6115 2730 2365 320 89 231 59 63 2914 1569 673 174 1345 557 56 172 896 99 70 2069
is_linear=0
shrinkage=0.03


Tree=147
num_leaves=31
num_cat=0
split_feature=27 52 18 52 10 7 15 52 16 18 53 16 55 33 19 31 28 33 7 8 44 8 53 54 9 54 24 52 54 8
split_gain=8.71079 7.50617 10.6253 8.70936 7.66787 5.97542 6.25298 5.99535 9.63191 6.58368 5.39461 5.31603 5.31027 5.30391 5.18746 4.87931 4.7397 5.02705 4.55513 11.87 4.19615 4.53555 8.70092 4.14428 6.07974 4.57605 3.97176 4.61202 3.92393 3.90617
threshold=25.291508674621586 1.2615107883420882 25.976819038391117 0.90249575866292042 3.5000000000000004 18.500000000000004 9.8841295105400899 1.4061120758328449 -0.82855350000000116 29.014486314812014 0.90113007969947867 -1.4758414999999994 1.3915413786032327 24.367539405822757 26.758958816528324 21.282774925231937 24.542116165161136 23.19958877414307 7.5000000000000009 1.5000000000000002 24.277892112731937 3.5000000000000004 0.92737311002860978 1.0592136766661298 26.231176376342777 0.97180928449517501 24.922283172607425 1.2615107883420882 0.76550912427142437 1.5000000000000002
decision_type=2 2 2 2 2 2 8 2 8 2 2 8 2 2 2 2 2 2 2 2 2 2 2 2 2 2 2 2 2 2
left_child=1 2 15 -4 12 6 13 9 -9 10 23 14 16 -2 -12 -1 17 -3 19 -8 -15 26 -23 25 -25 28 -22 -28 -7 -17
right_child=5 4 3 -5 -6 7 18 8 -10 -11 11 -13 -14 20 -16 29 -18 -19 -20 -21 21 22 -24 24 -26 -27 27 -29 -30 -31
leaf_value=-0.0026819500391632857 0.014159865425527095 -0.0023647157576434856 0.0036555328795638601 0.020529449729559324 0.005024558517445878 -0.00030754932625271642 -0.018249814246709527 -0.0021231428992289762 0.023956755414605142 0.0044010933865285887 -0.0061328652717850419 -0.0010920232574432348 -0.019299604848125262 -0.004711900004388197 -0.023099686160238213 0.00080557865732467423 0.0058243013464886204 -0.017511055240113482 0.0025678215963013755 0.00086117951462093072 0.014905875995010136 0.0063344579000690626 0.027062252190496239 0.016465751582427936 -0.00011524984454808872 -0.010169602670241147 0.0032906550565375901 -0.010776232582601634 0.005067798706585646 -0.00044237734886190555
leaf_weight=748 50 41 117 36 41 1650 39 26 25 303 55 121 38 46 23 2812 23 38 260 117 25 138 21 34 48 40 451 22 132 11444
leaf_count=748 50 41 117 36 41 1650 39 26 25 303 55 121 38 46 23 2812 23 38 260 117 25 138 21 34 48 40 451 22 132 11444
internal_value=1.64803e-07 -0.000312454 -0.00023993 0.00762587 -0.00638559 0.00132254 0.00308812 0.000482509 0.0106611 0.000266753 -0.000328922 -0.00502882 -0.00972714 0.00471894 -0.0111359 -0.00032014 -0.00616093 -0.0096503 0.000136175 -0.00391657 0.00404747 0.00466076 0.00907209 0.000162296 0.0067598 -0.000134627 0.00325232 0.00263638 9.06246e-05 -0.000196218
internal_weight=18964 15338 15157 153 181 3626 1169 2457 51 2406 2103 199 140 753 78 15004 102 79 416 156 703 657 159 1904 82 1822 498 473 1782 14256
internal_count=18964 15338 15157 153 181 3626 1169 2457 51 2406 2103 199 140 753 78 15004 102 79 416 156 703 657 159 1904 82 1822 498 473 1782 14256
is_linear=0
shrinkage=0.03


Tree=148
num_leaves=31
num_cat=0
split_feature=6 6 6 46 7 7 54 6 7 16 25 17 53 16 32 55 49 25 54 10 7 7 38 7 7 17 39 55 19 55
split_gain=8.49158 7.99095 16.5713 13.0056 11.1901 14.0772 11.1707 10.6738 8.99067 9.48031 8.95221 7.8498 7.79737 9.23942 8.07119 7.42738 6.68465 8.85581 6.59561 10.9973 9.13978 21.964 7.96974 6.36245 9.40059 6.29787 6.29409 9.59222 6.03555 5.98938
threshold=10.500000000000002 12.500000000000002 14.500000000000002 27.365855216979984 34.500000000000007 18.500000000000004 0.11591363914484674 13.500000000000002 30.500000000000004 2.2430935000000001 26.809601783369143 -2.4940664999999993 0.62339677837821961 -6.4350019999999999 26.856539726257328 0.82532297461829107 24.549590682983403 23.982168197631839 0.54236565831525574 1.5000000000000002 16.500000000000004 20.500000000000004 28.199048995971683 51.500000000000007 56.500000000000007 0.33191400000000032 28.506158828735355 1.4931445965129371 24.298955917358402 1.1831691056602758
decision_type=2 2 2 2 2 2 2 2 2 8 2 10 2 10 2 2 2 2 2 2 2 2 2 2 2 8 2 2 2 2
left_child=11 18 3 4 5 10 -7 25 -9 -10 -3 -1 15 28 16 -6 -15 -18 -2 22 -21 -22 -20 -23 -25 -8 -13 -28 -14 -17
right_child=1 2 -4 -5 12 6 7 8 9 -11 -12 26 13 14 -16 29 17 -19 19 20 21 23 -24 24 -26 -27 27 -29 -30 -31
leaf_value=-0.00042514042291662339 -0.00084750411662079235 0.00027544269876889586 -0.00092045834149344851 0.019519747673378638 -0.00071011485533831089 0.026434366036502812 0.0071018754971849439 0.010349977940355925 0.0051159772397119186 -0.015942829344421622 0.01840411182940006 0.0016440801941400168 0.0031446639345958827 -0.0047312947001138866 -0.011511697107674301 -0.012751770929159486 0.026123583544045686 0.0042370910253940203 -0.0023622378437404843 0.0015959088236934716 -0.028943688681721685 -0.010813582270500173 0.011659612045444261 0.0097739752612883077 -0.01386659076437354 -2.2600218989352747e-06 0.0048431426244382944 0.026024033206381969 0.022332375721695521 0.0026528483076441673
leaf_weight=1854 3365 1265 5884 36 1291 22 156 373 97 24 25 2642 25 55 37 85 20 99 565 62 50 109 39 41 24 401 230 21 36 31
leaf_count=1854 3365 1265 5884 36 1291 22 156 373 97 24 25 2642 25 55 37 85 20 99 565 62 50 109 39 41 24 401 230 21 36 31
internal_value=1.5986e-07 -0.000366663 9.81659e-05 0.0015679 0.00140801 0.00273857 0.00527745 0.00483459 0.00804487 0.000939024 0.000626773 0.00109877 -0.000464591 0.00418519 0.00121227 -0.00136348 0.00391795 0.00791549 -0.00145494 -0.0037516 -0.00859785 -0.0114193 -0.00145685 -0.0063836 0.00104515 0.00198741 0.00207538 0.00661525 0.0144686 -0.00863502
internal_weight=18964 14217 9962 4078 4042 2363 1073 1051 494 121 1290 4747 1679 272 211 1407 174 119 4255 890 286 224 604 174 65 557 2893 251 61 116
internal_count=18964 14217 9962 4078 4042 2363 1073 1051 494 121 1290 4747 1679 272 211 1407 174 119 4255 890 286 224 604 174 65 557 2893 251 61 116
is_linear=0
shrinkage=0.03


Tree=149
num_leaves=31
num_cat=0
split_feature=28 36 44 6 17 52 50 16 17 42 22 6 53 27 23 36 56 53 54 8 44 50 52 48 44 16 6 33 18 33
split_gain=8.00011 6.07825 5.7767 5.6847 5.25777 4.80065 3.97922 3.93277 6.21336 6.10715 9.61838 5.35114 4.73368 5.40377 5.58866 5.74694 4.83421 4.67319 4.20197 4.05866 7.51479 10.2165 5.64596 5.54385 5.35167 3.93075 3.85971 4.42196 4.86132 4.30267
threshold=23.241488456726078 21.777645111083988 26.002696037292484 8.5000000000000018 2.3640660000000007 0.51237326189309529 21.198670005723759 -3.1491484999999995 -0.17983550000000001 21.468225478728034 21.410959243774414 14.500000000000002 0.19121380214859671 21.836982727050785 22.603779792785648 23.333926200866703 -0.38449954986572082 0.83641066221078797 0.098660434436024042 3.5000000000000004 23.529181482509767 22.939415407317139 0.62833589347471308 23.921161460876466 23.836790084838871 3.5321555000000004 16.500000000000004 23.946951866149906 23.670042037963871 22.975529670715336
decision_type=2 2 2 2 10 2 2 8 8 2 2 2 2 2 2 2 2 2 2 2 2 2 2 2 2 8 2 2 2 2
left_child=2 -2 4 25 6 -6 -1 18 9 -9 -11 12 -12 -14 -15 16 -16 19 -8 22 -21 24 23 -10 -22 -3 29 28 -28 -5
right_child=1 3 -4 26 5 -7 7 8 17 10 11 -13 13 14 15 -17 -18 -19 -20 20 21 -23 -24 -25 -26 -27 27 -29 -30 -31
leaf_value=-0.0039267090955516322 -0.015170334503901275 0.0050987706897969364 0.015451665122061966 0.0038650156677067036 -0.0032200183605645815 -0.016806631046533585 0.0074138047470784689 -0.0030973042736206057 -0.00060140461510498262 0.024963308958336709 -0.0011867767139948659 -0.0013109684345678546 0.022758433323885711 -0.0010773093751509134 0.026879296366657528 -0.00036042078821496527 0.010383304196910293 -0.0061987721512935332 -0.0027921026535960704 9.9375434054892767e-05 0.01071321127945199 0.0025497857052464586 0.0054981234265998108 -0.010837867751251905 0.031354808405041693 -0.0011752697530078124 -0.0028864749978337267 -0.0092591911565082577 0.013033548473779643 0.00041210283795152465
leaf_weight=300 22 399 20 337 367 25 38 117 5954 20 61 131 21 57 21 33 67 124 815 427 26 98 136 48 20 116 97 78 21 8968
leaf_count=300 22 399 20 337 367 25 38 117 5954 20 61 131 21 57 21 33 67 124 815 427 26 98 136 48 20 116 97 78 21 8968
internal_value=1.55067e-07 0.000581199 -0.000653276 0.000615797 -0.000689442 -0.00408651 -0.000533035 -0.000409088 -0.000185628 0.00294986 0.00467131 0.00363336 0.00612454 0.00836569 0.00666767 0.0103161 0.0143198 -0.000427913 -0.00233744 -0.000321253 0.00209799 0.00802444 -0.000546308 -0.000683269 0.0196878 0.00368559 0.0004494 -0.00371684 -5.32505e-05 0.000537157
internal_weight=18964 10038 8926 10016 8906 392 8514 8214 7361 528 411 391 260 199 178 121 88 6833 853 6709 571 144 6138 6002 46 515 9501 196 118 9305
internal_count=18964 10038 8926 10016 8906 392 8514 8214 7361 528 411 391 260 199 178 121 88 6833 853 6709 571 144 6138 6002 46 515 9501 196 118 9305
is_linear=0
shrinkage=0.03


Tree=150
num_leaves=31
num_cat=0
split_feature=46 21 59 47 45 10 52 16 28 36 53 35 57 9 23 34 21 23 42 32 35 14 17 56 27 53 44 54 30 2
split_gain=7.65188 5.30335 4.00021 4.58774 5.96105 4.13942 5.53611 13.9687 9.87875 5.40261 5.07295 4.7253 4.40916 4.0744 5.00776 6.18119 4.70622 4.65641 4.12249 8.20942 5.67826 4.33097 4.37676 3.94182 4.68148 4.56809 3.81148 3.69753 6.76825 7.56534
threshold=22.867424011230472 32.376735689584969 6.5000000000000009 25.592166900634769 24.10299110412598 3.5000000000000004 1.2615107883420882 0.78526900000000011 26.072685241699222 24.691435813903812 1.8959412000802069 32.600326538085945 90.000000000000014 26.561666488647464 27.786350250244144 27.287329673767093 25.299749374389652 26.986148834228519 26.73416900634766 26.308153152465824 25.657931327819828 4.2135759676552977 0.090912000000000118 0.25879669189452953 28.068841934204105 0.85846140550493077 25.868343353271488 0.61260718378158219 26.936803817749027 10.472845000000001
decision_type=2 2 2 2 2 2 2 8 2 2 2 2 2 2 2 2 2 2 2 2 2 10 10 2 2 2 2 2 2 2
left_child=-1 2 5 4 -4 6 11 9 -9 -8 12 13 27 14 15 -2 -15 -17 20 -20 21 22 -18 25 -25 -21 -11 -7 29 -29
right_child=1 -3 3 -5 -6 10 7 8 -10 26 -12 -13 -14 16 -16 17 18 -19 19 23 -22 -23 -24 24 -26 -27 -28 28 -30 -31
leaf_value=-0.00076362212474422476 0.00016490415415055959 0.0061184611605878325 0.0044070134036398182 -0.0047398162071060918 0.024834285467863083 0.00088181063280816569 -0.018114580575715411 -0.0026791291305904878 0.023892291046679021 0.0023727282881736752 0.015733915539458396 -0.014310103540308773 -0.0085340133681893349 0.013187704330638926 0.014398248188028281 -0.0035708000650027253 -0.020246954534202815 -0.017617533926699812 0.018807054491520956 0.0020077840739983139 0.0015147098826578116 0.003576770508661866 -0.0035977821486691632 0.014985929466784001 0.0016481517640873789 -0.010726131689217355 -0.013667060802690683 0.0049575774670390709 -0.0029279801949131778 0.019713656386981408
leaf_weight=7276 9123 148 36 21 20 704 55 34 20 30 24 20 36 34 22 116 30 26 29 416 194 21 27 45 50 27 24 238 82 36
leaf_count=7276 9123 148 36 21 20 704 55 34 20 30 24 20 36 34 22 116 30 26 29 416 194 21 27 45 50 27 24 238 82 36
internal_value=1.50416e-07 0.000475613 0.000403244 0.00721821 0.0117025 0.000357466 0.000169868 -0.00531518 0.00716214 -0.0114966 0.0020899 0.000257694 0.00179112 0.00028637 0.000102177 6.82301e-05 0.00224583 -0.00614274 0.00180242 0.00325893 -0.00123376 -0.0080697 -0.0123605 0.00242083 0.00796605 0.00123168 -0.00475607 0.00214179 0.00463343 0.00689633
internal_weight=18964 11688 11540 77 56 11463 10343 163 54 109 1120 10180 1096 10160 9287 9265 873 142 839 567 272 78 57 538 95 443 54 1060 356 274
internal_count=18964 11688 11540 77 56 11463 10343 163 54 109 1120 10180 1096 10160 9287 9265 873 142 839 567 272 78 57 538 95 443 54 1060 356 274
is_linear=0
shrinkage=0.03


Tree=151
num_leaves=31
num_cat=0
split_feature=6 6 6 46 7 7 54 6 7 25 53 14 32 17 55 54 10 7 7 38 49 25 7 7 56 17 56 39 55 17
split_gain=7.61471 7.64164 15.3042 12.1262 10.4806 13.1868 10.56 9.9858 8.6531 8.24248 7.2504 8.667 7.51156 7.06484 7.02094 6.24704 10.3339 8.55483 20.59 7.38554 6.13571 8.2925 6.01044 8.72029 6.00129 5.84495 5.72994 5.67624 8.98552 5.6744
threshold=10.500000000000002 12.500000000000002 14.500000000000002 27.365855216979984 34.500000000000007 18.500000000000004 0.11591363914484674 13.500000000000002 25.500000000000004 26.809601783369143 0.62339677837821961 6.5167177710406685 26.856539726257328 -2.4940664999999993 0.82532297461829107 0.54236565831525574 1.5000000000000002 16.500000000000004 20.500000000000004 28.199048995971683 24.549590682983403 23.982168197631839 51.500000000000007 56.500000000000007 0.91788101196288896 0.33191400000000032 1.2576656341552737 28.506158828735355 1.4931445965129371 2.0047650000000004
decision_type=2 2 2 2 2 2 2 2 2 2 2 8 2 10 2 2 2 2 2 2 2 2 2 2 2 8 2 2 2 8
left_child=13 15 3 4 5 9 -7 25 -9 -3 14 12 20 -1 -6 26 19 -18 -19 -17 -12 -22 24 -24 -20 -8 -2 -15 -29 -10
right_child=1 2 -4 -5 10 6 7 8 29 -11 11 -13 -14 27 -16 16 17 18 22 -21 21 -23 23 -25 -26 -27 -28 28 -30 -31
leaf_value=-0.00040522245535924451 -0.00095776728331929575 0.00027202124220239486 -0.00087156983380162073 0.018854082043593127 -0.0006784514303184322 0.025680817246902733 0.0068529836115284026 0.012090970093829532 0.0066551658355048851 0.017667240588739513 -0.004518841072578321 0.013996559882879574 -0.011117448538692818 0.0015573975963786787 -0.0083834697952461911 -0.002293709865906966 0.0015177692217572081 -0.028041504165530202 -0.0071671445443284481 0.011204439582159885 0.025217033118009567 0.0040380642156709326 0.0094289669987359416 -0.01334013633430004 -0.025353548325598236 9.0679035671844964e-06 0.010326317617805992 0.0045631237823070712 0.025063226646411099 -0.0034323593423660121
leaf_weight=1854 3324 1265 5884 36 1291 22 156 227 200 25 55 61 37 2642 116 565 62 50 89 39 20 99 41 24 20 401 41 230 21 67
leaf_count=1854 3324 1265 5884 36 1291 22 156 227 200 25 55 61 37 2642 116 565 62 50 89 39 20 99 41 24 20 401 41 230 21 67
internal_value=1.45899e-07 -0.000347221 0.000107335 0.00151976 0.00136537 0.00265306 0.00511034 0.00467975 0.00778485 0.000609138 -0.000446901 0.00403683 0.00115747 0.00104049 -0.00131369 -0.00141145 -0.00364659 -0.00834439 -0.0110741 -0.00142214 0.00376766 0.00759755 -0.0061984 0.00102191 -0.0105041 0.00192586 -0.000820279 0.00196699 0.00627827 0.00412384
internal_weight=18964 14217 9962 4078 4042 2363 1073 1051 494 1290 1679 272 211 4747 1407 4255 890 286 224 604 174 119 174 65 109 557 3365 2893 251 267
internal_count=18964 14217 9962 4078 4042 2363 1073 1051 494 1290 1679 272 211 4747 1407 4255 890 286 224 604 174 119 174 65 109 557 3365 2893 251 267
is_linear=0
shrinkage=0.03


Tree=152
num_leaves=31
num_cat=1
split_feature=6 0 6 6 46 7 7 39 55 25 6 7 16 53 14 32 55 49 25 7 7 53 7 53 55 6 53 47 18 55
split_gain=7.16468 7.22161 7.19002 14.3997 11.4095 9.86124 12.4075 8.95312 8.1597 7.75535 7.28038 9.20629 7.41382 6.8219 8.15479 7.06762 6.76377 5.77309 7.80241 5.76239 8.905 21.3889 14.5425 8.98364 6.60453 6.50519 12.0641 9.80329 13.8645 8.84836
threshold=10.500000000000002 0 12.500000000000002 14.500000000000002 27.365855216979984 34.500000000000007 18.500000000000004 26.628569602966312 0.13453512095950007 26.809601783369143 13.500000000000002 30.500000000000004 -9.3083129999999983 0.62339677837821961 6.5167177710406685 26.856539726257328 0.55782902797872358 24.549590682983403 23.982168197631839 30.500000000000004 16.500000000000004 0.46550125585579299 20.500000000000004 0.68441711329103405 1.09768053753281 11.500000000000002 0.10143553787624852 25.592166900634769 24.580574035644535 0.17121297546008143
decision_type=2 9 2 2 2 2 2 2 2 2 2 2 10 2 8 2 2 2 2 2 2 2 2 2 2 2 2 2 2 2
left_child=1 -1 19 4 5 6 9 8 -8 -4 -10 -12 -13 16 15 17 -7 -15 -19 20 23 -22 -23 -2 25 -21 29 -28 -29 -27
right_child=2 -3 3 -5 -6 13 7 -9 10 -11 11 12 -14 14 -16 -17 -18 18 -20 24 21 22 -24 -25 -26 26 27 28 -30 -31
leaf_value=0.0025091893694373806 -0.0013142177967257374 9.5768388039156615e-05 0.00026386061864868251 -0.00084542273389857166 0.018288459222142894 2.3749077504335808e-06 0.02110435399943246 0.021698273861381623 0.0017248319547206348 0.017137223410606386 0.0091679634277732815 -0.016717637692178999 0.0030176505737378443 -0.0043832759417127814 0.013576663081137249 -0.010783925106673425 -0.0046632195147262379 0.024460522301495074 0.00391692222055457 -0.0015482434734313544 -0.0021185391661375733 -0.025445784023505145 -0.0081460588870669263 0.010687146242392264 -0.0082289575025690405 0.0010115017039228047 -0.00042384741764085206 0.031857589020260743 0.00085450284758254 0.015913996406798733
leaf_weight=1786 1156 2961 1265 5884 36 1022 26 28 546 25 359 21 93 55 61 37 385 20 99 1017 743 59 169 59 89 61 760 21 34 87
leaf_count=1786 1156 2961 1265 5884 36 1022 26 28 546 25 359 21 93 55 61 37 385 20 99 1017 743 59 169 59 89 61 760 21 34 87
internal_value=1.41526e-07 0.00100928 -0.000336804 0.000104115 0.00147417 0.00132441 0.00257347 0.00495703 0.00450846 0.000590864 0.00408501 0.00680945 -0.000617797 -0.000433493 0.00391572 0.00112275 -0.00127428 0.00365463 0.00736963 -0.0013691 -0.00244316 -0.00458503 -0.0126227 -0.000731436 -0.000234308 0.000125048 0.00189217 0.000461274 0.012692 0.00977175
internal_weight=18964 4747 14217 9962 4078 4042 2363 1073 1045 1290 1019 473 114 1679 272 211 1407 174 119 4255 2186 971 228 1215 2069 1980 963 815 55 148
internal_count=18964 4747 14217 9962 4078 4042 2363 1073 1045 1290 1019 473 114 1679 272 211 1407 174 119 4255 2186 971 228 1215 2069 1980 963 815 55 148
cat_boundaries=0 1
cat_threshold=19202
is_linear=0
shrinkage=0.03


Tree=153
num_leaves=31
num_cat=0
split_feature=28 36 47 32 17 8 9 6 51 7 50 51 7 6 53 6 8 55 6 6 6 53 17 19 7 53 16 19 14 13
split_gain=6.80006 5.50644 5.29476 5.89128 6.33395 6.64993 6.49258 5.03423 4.72 4.05764 4.58078 6.5526 3.939 14.3414 10.9511 10.4452 12.6204 5.19181 4.77931 5.44512 7.70647 11.2072 15.1745 11.5785 6.53917 8.42299 8.41568 6.64003 8.60814 6.30837
threshold=23.241488456726078 21.777645111083988 23.864499092102054 23.269923210144047 -0.17983550000000001 3.5000000000000004 22.763787267958985 8.5000000000000018 23.398025385591314 31.500000000000004 25.439714050327762 25.202397251100262 51.500000000000007 15.500000000000002 1.355801169640211 9.5000000000000018 1.5000000000000002 0.51191630082546902 9.5000000000000018 12.500000000000002 14.500000000000002 1.0457167536228291 2.2098880000000003 25.812138557434086 30.500000000000004 0.85846140550493077 -0.92026550000000007 26.355155944824222 2.0281660332442666 1.0000000180025095e-35
decision_type=2 2 2 2 8 2 2 2 2 2 2 2 2 2 2 2 2 2 2 2 2 2 8 2 2 2 8 2 8 2
left_child=2 -2 8 4 -4 -6 -7 9 -1 -3 11 -11 18 14 15 16 -14 -17 -9 24 21 -21 23 29 25 27 -27 -20 -29 -23
right_child=1 7 3 -5 5 6 -8 12 -10 10 -12 -13 13 -15 -16 17 -18 -19 19 20 -22 22 -24 -25 -26 26 -28 28 -30 -31
leaf_value=-0.00065396072509001102 -0.014456453497775577 0.015502146133221685 0.018188183299686397 -0.0017683091803793289 0.00076518879171872376 0.023271394570668538 0.0032958380214404312 0.0025312411265375682 -0.0052188093849161463 0.0020381586331811906 0.0067800534531024508 -0.01341356324031949 -0.015997722566127776 -0.015625664531174352 -0.018033706711064423 -0.00079400974582237124 0.0017803154856032366 0.0036761380867831265 -0.0016316516123644406 0.0018944290550214949 -0.00014188266619484115 0.0055652123583214618 0.029236830192047262 -0.0023550008960179429 0.0011807852509395436 -0.017268872701418424 -0.0027666115923539588 0.021855699521090302 0.0018579583112150432 0.028307412642499676
leaf_weight=8289 22 24 31 166 172 27 32 1053 209 290 174 27 75 59 31 526 69 421 1788 1641 1929 21 31 67 1343 58 95 21 250 23
leaf_count=8289 22 24 31 166 172 27 32 1053 209 290 174 27 75 59 31 526 69 421 1788 1641 1929 21 31 67 1343 58 95 21 250 23
internal_value=1.78485e-07 0.000535873 -0.000602253 0.00265351 0.00545512 0.00374635 0.0124372 0.000568804 -0.000766229 0.00345763 0.0028689 0.000722081 0.000412215 -0.0012091 -0.000451005 4.85954e-05 -0.00747908 0.00119325 0.000642356 0.000368653 0.0011723 0.00259409 0.0106796 0.00549689 -0.000470482 -0.00147304 -0.0082642 -0.000968399 0.0034076 0.0174532
internal_weight=18964 10038 8926 428 262 231 59 10016 8498 515 491 317 9501 1181 1122 1091 144 947 8320 7267 3712 1783 142 111 3555 2212 153 2059 271 44
internal_count=18964 10038 8926 428 262 231 59 10016 8498 515 491 317 9501 1181 1122 1091 144 947 8320 7267 3712 1783 142 111 3555 2212 153 2059 271 44
is_linear=0
shrinkage=0.03


Tree=154
num_leaves=31
num_cat=1
split_feature=43 47 53 9 36 7 54 54 40 17 54 53 19 51 7 55 15 39 44 52 54 25 54 53 0 52 17 55 35 53
split_gain=6.61579 4.72001 6.07669 4.65295 4.442 4.27256 13.6686 6.14438 8.79358 7.17694 6.31325 5.91818 5.31147 6.75038 5.22578 10.3028 10.2905 5.87249 7.78413 4.8986 7.63062 6.6108 4.34076 4.16681 7.49285 6.61724 6.07091 5.53537 6.85727 4.94204
threshold=22.980176925659183 23.499542236328129 0.90113007969947867 32.756839752197273 22.898056030273441 43.500000000000007 1.3371489458562527 0.88563497084160703 26.817171096801761 -0.57758899999999991 1.0949892040960993 0.97204787553875671 27.711486816406254 25.343057537076501 31.500000000000004 1.5868855998533167 3.6502833684427327 22.763162612915043 23.340378761291507 1.2615107883420882 1.7377380911442637 26.71972751617432 0.61840936075622521 0.1933079891514396 0 0.19010432278215386 2.2598840000000009 0.42861384087910676 24.026752471923832 0.58671972518144833
decision_type=2 2 2 2 2 2 2 2 2 8 2 2 2 2 2 2 10 2 2 2 2 2 2 2 9 2 8 2 2 2
left_child=1 -1 4 5 -3 14 7 11 9 -9 -11 23 13 -8 17 -16 -17 18 -2 20 -19 -21 -20 24 25 27 -27 -7 -29 -25
right_child=3 2 -4 -5 -6 6 12 8 -10 10 -12 -13 -14 -15 15 16 -18 19 22 21 -22 -23 -24 29 -26 26 -28 28 -30 -31
leaf_value=-0.00079408336824122756 0.0014818177529565628 0.0062891791154150705 0.01962062181159854 0.0080140633232993613 -0.0034651103754821297 0.00050581140253887073 -0.008875799309867231 -0.0012025215210659163 -0.010044998433440923 0.024970428782204786 0.0042726198743496622 -0.012552397848727801 0.00026832057684659957 -0.028000119180920033 0.0016526656966932925 0.0054654085272923102 0.031820781871676439 0.00017926595419044591 0.008670908135495016 -0.01099071077401995 0.017131023537367583 0.0054474262845131656 0.02619100011885166 -0.0021224531438818503 -0.00071600170556626521 0.0048446271415533764 0.027939496250823141 0.024749522712081671 0.005203482011316477 0.0017693677426895169
leaf_weight=7533 124 99 20 73 73 211 46 28 22 36 21 36 25 26 2227 40 20 5658 35 76 24 31 20 1281 653 21 20 20 84 381
leaf_count=7533 124 99 20 73 73 211 46 28 22 36 21 36 25 26 2227 40 20 5658 35 76 24 31 20 1281 653 21 20 20 84 381
internal_value=1.73138e-07 -0.000675695 0.00396921 0.000464723 0.00214928 0.000415368 -0.000572853 -0.000191184 0.00685981 0.0112352 0.0173449 -0.00046989 -0.0116452 -0.0157818 0.000763849 0.00198317 0.0142505 0.000296591 0.00564831 0.000131112 0.000250868 -0.00622826 0.0150419 -0.000307041 0.0012137 0.004643 0.0161104 0.00329781 0.00896234 -0.00123028
internal_weight=18964 7725 192 11239 172 11166 2911 2814 107 85 57 2707 97 72 8255 2287 60 5968 179 5789 5682 107 55 2671 1009 356 41 315 104 1662
internal_count=18964 7725 192 11239 172 11166 2911 2814 107 85 57 2707 97 72 8255 2287 60 5968 179 5789 5682 107 55 2671 1009 356 41 315 104 1662
cat_boundaries=0 1
cat_threshold=22658
is_linear=0
shrinkage=0.03


Tree=155
num_leaves=31
num_cat=1
split_feature=6 6 6 46 7 7 54 6 7 37 0 53 14 20 32 29 55 49 26 54 7 7 7 56 50 7 53 7 53 34
split_gain=6.48767 6.67494 13.0113 10.6355 9.17945 11.5758 9.53948 8.82451 7.95396 6.9894 6.54064 6.2002 7.54045 6.6698 6.50009 6.35923 11.0993 5.69595 5.6473 5.53154 9.34987 20.2413 7.85577 8.13036 7.13137 6.77929 6.75068 5.47852 14.5879 8.39446
threshold=10.500000000000002 12.500000000000002 14.500000000000002 27.365855216979984 34.500000000000007 18.500000000000004 0.11591363914484674 13.500000000000002 25.500000000000004 26.235515594482425 0 0.62339677837821961 6.5167177710406685 25.026901245117191 26.856539726257328 26.414139747619632 0.93954750417317034 26.220418071738283 24.614245412460942 0.54236565831525574 15.500000000000002 20.500000000000004 45.500000000000007 0.98319911956786765 27.492781019104985 47.500000000000007 0.64770540706894686 43.500000000000007 0.77997736678812235 24.090111730991215
decision_type=2 2 2 2 2 2 2 2 2 2 9 2 8 2 2 2 2 2 2 2 2 2 2 2 2 2 2 2 2 2
left_child=10 19 3 4 5 9 -7 -8 -9 -3 -1 13 14 18 -13 16 -15 -11 -6 -2 24 -22 23 -23 26 -24 -21 28 -12 -30
right_child=1 2 -4 -5 11 6 7 8 -10 17 27 12 -14 15 -16 -17 -18 -19 -20 20 21 22 25 -25 -26 -27 -28 -29 29 -31
leaf_value=0.002387874978538089 -0.00075882743602179159 0.00015718047091132028 -0.00079824314428290986 0.017640635113736303 -0.00095479800168979064 0.024320703341879628 0.001771422265614993 0.0114077041160504 0.0037692071168861363 0.02421736305160448 0.00045009625214410538 0.0034547425471727956 0.013002274630621808 -0.0058042442328915681 -0.010391969808654204 0.0034816795489135779 -0.029409501177258789 0.0015759129971265793 0.006248505412885505 -0.0016058299771975725 -0.019155532261538134 -0.0043346157628683085 0.014061694087629967 -0.022629415418790735 -0.0094391315779648721 -0.00056987316340974497 0.016039991708099843 -0.0018261313721372235 0.0063529883927720436 0.026797045485249586
leaf_weight=1786 3365 1250 5884 36 1053 22 557 227 267 20 1959 174 61 173 37 53 20 20 108 32 77 442 33 23 24 209 50 923 51 28
leaf_count=1786 3365 1250 5884 36 1053 22 557 227 267 20 1959 174 61 173 37 53 20 20 108 32 77 442 33 23 24 209 50 923 51 28
internal_value=1.56608e-07 -0.000320475 0.000104357 0.00140669 0.0012621 0.00246721 0.00476949 0.00436024 0.0072792 0.000552202 0.00096043 -0.000433948 0.00371236 -0.00123551 0.00102665 -0.00572274 -0.00825038 0.0128966 -0.000284723 -0.00131511 -0.00341837 -0.00454901 -0.0029582 -0.00523952 0.00494409 0.00142534 0.00915382 9.10599e-05 0.000959793 0.013599
internal_weight=18964 14217 9962 4078 4042 2363 1073 1051 494 1290 4747 1679 272 1407 211 246 193 40 1161 4255 890 784 707 465 106 242 82 2961 2038 79
internal_count=18964 14217 9962 4078 4042 2363 1073 1051 494 1290 4747 1679 272 1407 211 246 193 40 1161 4255 890 784 707 465 106 242 82 2961 2038 79
cat_boundaries=0 1
cat_threshold=19202
is_linear=0
shrinkage=0.03


Tree=156
num_leaves=31
num_cat=2
split_feature=0 14 0 9 24 7 16 55 54 10 53 14 28 37 44 33 44 53 43 53 22 40 30 56 34 51 37 28 10 49
split_gain=6.16836 5.21376 7.64309 8.29648 7.19761 6.84691 4.89006 8.84152 5.12562 10.2148 9.39483 11.7859 6.40417 13.8097 5.3769 7.19116 6.95414 4.80418 7.54532 6.74012 7.03812 6.16692 5.60812 5.24187 5.03034 8.20604 7.86509 10.465 6.66357 6.22383
threshold=0 1.1552303173889189 1 24.952445030212406 26.213318825620117 31.500000000000004 3.3053439999999998 0.5343887025767543 1.2656684765438151 4.5000000000000009 1.22734178158736 2.9205622963968043 26.908382415771488 26.28277110937012 23.2468376159668 24.062268257141117 22.48073482600098 0.67457330824521644 23.636528968811039 0.50251129205447109 25.700712203283697 30.215341567993168 25.070388793945316 0.0910282135009748 27.958295822143558 27.6018777530516 26.235515594482425 25.974082946777347 1.5000000000000002 27.866635322556643
decision_type=9 8 9 2 2 2 10 2 2 2 2 8 2 2 2 2 2 2 2 2 2 2 2 2 2 2 2 2 2 2
left_child=1 2 3 -1 -5 -6 8 -8 10 14 12 -12 -2 -14 16 -16 -10 19 22 21 -21 -3 -19 -22 26 -26 -20 -28 -29 -27
right_child=6 17 -4 4 5 -7 7 -9 9 -11 11 -13 13 -15 15 -17 -18 18 24 20 23 -23 -24 -25 25 29 27 28 -30 -31
leaf_value=0.023673790538783317 -0.00070730785370511594 6.0425062015629399e-05 0.00099572339310460617 0.00055480348210160937 0.025949492937326429 0.0051354868168180636 0.0014602414722781089 0.023878325847792439 -0.006778948836959898 0.013797559505328535 -0.00010241609480645921 0.030282242305576797 0.029434212924912568 0.00046036228886805472 -0.018382276629997512 -0.0047825749753602122 0.011113241440134829 -0.0050697312052899865 -0.00085372124229454326 0.0043408515422521552 -0.0046254981765841054 0.0042144716469920242 -0.021734933448024095 0.0042503224220126869 -0.019096699305810035 0.010044439825495438 0.020669328783099586 0.0096991053450761755 -0.0079888160030047086 -0.0093229785910807546
leaf_weight=28 8002 7525 481 90 25 33 76 20 60 24 27 20 20 57 59 86 29 199 540 741 165 336 20 94 32 28 38 41 36 32
leaf_count=28 8002 7525 481 90 25 33 76 20 60 24 27 20 20 57 59 86 29 199 540 741 165 336 20 94 32 28 38 41 36 32
internal_value=1.8969e-07 0.000486592 0.00307444 0.00823122 0.00586582 0.014107 -0.000601024 0.00613068 -0.000678822 -0.00484173 -0.000546649 0.0128272 -0.000624453 0.00798604 -0.00675346 -0.0103162 -0.000948909 0.000314072 -0.0016949 0.000533084 0.00285289 0.00023798 -0.00659167 -0.00140416 -0.000259296 -0.0068281 0.000663345 0.00778696 0.00142943 -0.00028485
internal_weight=18964 10484 657 176 148 58 8480 96 8384 258 8126 47 8079 77 234 145 89 9827 966 8861 1000 7861 219 259 747 92 655 115 77 60
internal_count=18964 10484 657 176 148 58 8480 96 8384 258 8126 47 8079 77 234 145 89 9827 966 8861 1000 7861 219 259 747 92 655 115 77 60
cat_boundaries=0 1 2
cat_threshold=31242 8192
is_linear=0
shrinkage=0.03


Tree=157
num_leaves=31
num_cat=1
split_feature=47 7 9 59 8 7 17 53 0 56 20 46 53 39 56 33 52 29 51 52 21 9 52 36 41 29 53 37 39 54
split_gain=5.99756 4.75864 4.55831 4.49347 8.29447 5.57846 6.3969 4.15345 3.77394 5.11833 3.76217 3.72922 4.33723 4.02932 3.75308 3.74519 3.67915 6.47248 8.35696 4.20355 3.56299 6.63417 4.60916 6.24381 7.53395 4.15621 3.55638 3.73041 4.52023 3.66734
threshold=22.093097686767582 32.500000000000007 32.756839752197273 5.5000000000000009 3.5000000000000004 22.500000000000004 -1.0174704999999997 0.61577877816225535 0 0.055727005004882819 23.812567710876468 24.636379241943363 0.75990903280524702 24.211203575134281 0.36360931396484203 24.592806816101078 0.57785479348768765 26.835339546203617 23.634303537969569 0.76617877262896472 26.963724136352543 26.40413856506348 1.1554441099334991 23.890537261962894 24.001358985900882 26.350859642028812 0.39711853506479561 22.000747680664066 21.951918601989746 0.97180928449517501
decision_type=2 2 2 2 2 2 10 2 9 2 2 2 2 2 2 2 2 2 2 2 2 2 2 2 2 2 2 2 2 2
left_child=1 26 3 8 16 6 -6 -7 9 -2 -3 12 -11 15 -14 -13 -5 18 -18 -20 22 -22 -10 -24 -25 -23 -1 28 29 -28
right_child=2 10 -4 4 5 7 -8 -9 20 11 -12 13 14 -15 -16 -17 17 -19 19 -21 21 25 23 24 -26 -27 27 -29 -30 -31
leaf_value=-0.00054395559032789024 -1.2481518163993666e-05 -0.0020289555121932 0.0076958809825402952 0.00052642625529648488 0.028331692568957807 -0.0047773543012758282 0.0064090630233935688 0.012724065923172495 -0.00034469254626366458 0.001049277920596155 -0.01451121756129644 0.0046595451470464464 0.00065285487100481983 0.0023524329572569688 -0.010112567896684332 0.018697153400773041 0.013073691851817644 0.021899067934602497 0.0030677217990159986 -0.015274857791479336 0.016261004961349749 -0.011651771392207593 -0.012277017841520516 0.012897499750057856 -0.0069871306268775718 0.0050976735561853274 0.0060415237631100491 -0.002314318900976282 0.017410828115791081 -0.0052117520790885795
leaf_weight=1762 4387 1782 74 723 25 26 23 23 7032 1011 22 50 55 1282 62 26 39 20 23 22 33 20 69 27 47 40 124 77 25 33
leaf_count=1762 4387 1782 74 723 25 26 23 23 7032 1011 22 50 55 1282 62 26 39 20 23 22 33 20 69 27 47 40 124 77 25 33
internal_value=1.99747e-07 -0.00106119 0.00026837 0.000231886 0.00225878 0.0105582 0.0178271 0.0034376 9.94444e-05 0.000602922 -0.00218118 0.00169134 0.000416443 0.00275031 -0.0050519 0.00946188 0.00128534 0.00656121 0.00290934 -0.00589976 -0.000376981 0.00545682 -0.000453123 -0.00578515 0.000268072 -0.000485475 -6.14649e-05 0.00322096 0.00556281 0.00367619
internal_weight=18964 3825 15139 15065 924 97 48 49 14141 6873 1804 2486 1128 1358 117 76 827 104 84 45 7268 93 7175 143 74 60 2021 259 182 157
internal_count=18964 3825 15139 15065 924 97 48 49 14141 6873 1804 2486 1128 1358 117 76 827 104 84 45 7268 93 7175 143 74 60 2021 259 182 157
cat_boundaries=0 1
cat_threshold=31234
is_linear=0
shrinkage=0.03


Tree=158
num_leaves=31
num_cat=2
split_feature=17 0 28 2 30 14 0 9 54 33 28 16 14 43 44 51 19 31 21 42 25 53 19 21 31 41 31 54 56 28
split_gain=5.7567 7.54525 5.70274 6.76246 5.77688 3.81244 6.95739 9.64851 4.29844 4.22663 3.67954 3.52505 3.5177 3.61338 3.91691 10.411 3.46437 3.39798 3.1498 3.07411 3.27902 4.46874 3.04794 4.75385 3.94247 4.18662 3.58549 3.67328 2.98139 7.61732
threshold=-0.84171599999999991 0 27.026253700256351 7.3900990000000002 27.928047180175785 1.1552303173889189 1 25.102458953857425 0.76550912427142437 25.054808616638187 26.732258796691898 0.10376249999999977 8.4593072911822969 26.633063316345218 24.404648780822757 24.068968391405683 23.805814743041996 25.82744121551514 26.598947525024414 23.954916954040531 25.519486427307132 0.59367820813935779 26.355155944824222 25.11830043792725 26.305415153503422 25.637746810913089 25.278242111206058 0.50674513479964511 0.81250572204589855 22.851274490356449
decision_type=8 9 2 2 2 8 9 2 2 2 2 10 10 2 2 2 2 2 2 2 2 2 2 2 2 2 2 2 2 2
left_child=2 5 4 -4 12 6 7 -2 9 -9 -10 -8 13 14 19 -16 -17 -15 -19 -1 21 -21 23 26 25 -24 -18 -28 -3 -30
right_child=1 28 3 -5 -6 -7 11 8 10 -11 -12 -13 -14 17 15 16 22 18 -20 20 -22 -23 24 -25 -26 -27 27 -29 29 -31
leaf_value=0.0012662794080752961 0.023310192951001226 -0.0010153881269459059 0.0036158223964101181 0.020046071750111878 -0.015340360186994076 7.164942883593137e-05 -0.0010665460818433271 -0.012413662388920783 0.016629540403240495 0.004001196846365929 0.0027725517442997762 0.0032226296715031299 -0.0016462662427321724 -0.011374389275757445 0.0243736990700875 0.012349863451990213 0.0026693564740782249 -0.0056241325763985509 0.0083181677457061596 -0.0020301649566259114 0.0070149914280551928 -0.015182487947806236 0.0046557553736991915 -0.0009629037414590724 0.00069691687696487507 0.023599176010383027 0.021838740841951219 0.00554524065122347 0.0022341396781691424 -0.010517252118858907
leaf_weight=972 30 5098 372 24 20 10140 402 20 35 48 34 302 414 37 21 33 157 35 25 93 23 31 21 294 37 21 20 33 74 98
leaf_count=972 30 5098 372 24 20 10140 402 20 35 48 34 302 414 37 21 33 157 35 25 93 23 31 21 294 37 21 20 33 74 98
internal_value=1.93759e-07 -0.00021199 0.00128777 0.0046116 0.000712242 0.000235042 0.00213992 0.00745418 0.00452617 -0.000826703 0.00980146 0.000762581 0.000853862 0.00141244 0.00172381 0.00360172 0.00289358 -0.00422415 0.000185159 0.000654786 -0.00338856 -0.00531825 0.00235832 0.00149953 0.00783721 0.0141275 0.00494694 0.0116937 -0.00114428 -0.00503119
internal_weight=18964 16281 2683 396 2287 11011 871 167 137 68 69 704 2267 1853 1756 637 616 97 60 1119 147 124 583 504 79 42 210 53 5270 172
internal_count=18964 16281 2683 396 2287 11011 871 167 137 68 69 704 2267 1853 1756 637 616 97 60 1119 147 124 583 504 79 42 210 53 5270 172
cat_boundaries=0 1 2
cat_threshold=27147 8192
is_linear=0
shrinkage=0.03


Tree=159
num_leaves=31
num_cat=1
split_feature=6 7 24 55 7 47 6 17 0 28 2 30 55 53 49 51 49 52 53 31 32 44 30 52 27 34 28 18 46 17
split_gain=5.89183 7.5143 9.49448 5.36193 11.339 6.15648 5.79415 5.34275 5.70174 4.50204 6.3628 5.64228 4.14092 8.68906 5.34737 12.5441 5.87441 5.46637 5.30937 4.04879 4.01728 4.81073 5.22413 3.9777 6.904 5.56314 6.71037 9.11313 6.3242 5.35215
threshold=15.500000000000002 50.500000000000007 22.717634201049808 0.7179843853919291 19.500000000000004 23.387329101562504 16.500000000000004 -0.84171599999999991 0 27.026253700256351 7.3900990000000002 27.928047180175785 1.1831691056602758 1.22734178158736 24.763574027999514 25.343057537076501 24.281740951647464 1.1554441099334991 0.97204787553875671 25.216860771179203 25.793438911437992 23.964981079101566 23.175155639648441 0.21647547102977757 28.719320297241214 25.924077033996586 26.072685241699222 26.565987586975101 26.834663391113285 1.9033090000000004
decision_type=2 2 2 2 2 2 2 8 9 2 2 2 2 2 2 2 2 2 2 2 2 2 2 2 2 2 2 2 2 10
left_child=7 3 -3 -2 6 -6 -5 9 23 11 -11 -1 13 18 16 -16 -14 -17 -10 -4 21 22 -20 -9 25 -25 27 28 -27 -28
right_child=1 2 19 4 5 -7 -8 8 12 10 -12 -13 14 -15 15 17 -18 -19 20 -21 -22 -23 -24 24 -26 26 29 -29 -30 -31
leaf_value=0.0011336094998648791 -0.00095433280893943227 -0.0021020912697705058 -0.0097365730197634531 0.0055123973505687898 0.0059666273742914194 0.027020517163351177 -0.0063062508111553532 -9.4739098765279282e-05 -0.00050320261344404405 0.0035073477237094791 0.019444689212832596 -0.01488014955818653 -0.0054920641129667111 0.014338183574910674 0.016967760334091801 0.00079403785988688461 -0.02277440795302391 -0.018033214295687883 -0.012568776612868532 -0.024193831909109245 0.0056242427118122574 -0.019214960962533952 0.0030714396193522856 0.0010040766775565495 -0.0053853156713561876 0.0031187164875559675 0.0030146713880822061 0.022190986920550868 0.020155854777473472 -0.0098513777938205749
leaf_weight=2001 2957 263 84 80 25 25 70 4201 4841 372 24 20 154 35 31 35 20 23 40 22 20 30 37 2873 135 133 321 37 23 32
leaf_count=2001 2957 263 84 80 25 25 70 4201 4841 372 24 20 154 35 31 35 20 23 40 22 20 30 37 2873 135 133 321 37 23 32
internal_value=1.87943e-07 -0.00110627 -0.00515714 -0.000632794 0.00412116 0.0164936 -2.97179e-06 0.000252901 1.2451e-05 0.00154826 0.00447325 0.000975136 -0.000748574 -0.000557114 -0.00441916 0.00156211 -0.00747854 -0.00667194 -0.000662052 -0.0127371 -0.0067171 -0.00902389 -0.00505335 0.000529504 0.00126888 0.00153162 0.00430752 0.00880539 0.0056306 0.00184834
internal_weight=18964 3526 369 3157 200 50 150 15438 13021 2417 396 2021 5266 5003 263 89 174 58 4968 106 127 107 77 7755 3554 3419 546 193 156 353
internal_count=18964 3526 369 3157 200 50 150 15438 13021 2417 396 2021 5266 5003 263 89 174 58 4968 106 127 107 77 7755 3554 3419 546 193 156 353
cat_boundaries=0 1
cat_threshold=27146
is_linear=0
shrinkage=0.03


Tree=160
num_leaves=31
num_cat=0
split_feature=6 6 6 46 7 7 7 53 16 22 39 7 19 25 25 52 8 29 8 52 15 34 6 55 14 56 15 7 8 57
split_gain=5.74928 6.138 11.7192 9.69781 8.56156 13.0708 7.54076 7.17277 7.85703 6.6643 7.95651 6.90214 6.55032 6.39773 6.34047 6.15254 7.72349 7.49794 6.71803 16.6828 6.09671 5.80758 5.74594 5.73852 6.70724 7.17306 10.1339 6.26164 10.2909 5.73388
threshold=10.500000000000002 12.500000000000002 14.500000000000002 27.365855216979984 32.500000000000007 20.500000000000004 25.500000000000004 0.62339677837821961 3.9083825000000005 26.381707191467289 26.03990364074707 51.500000000000007 24.298955917358402 26.809601783369143 26.809601783369143 0.67843130387878103 1.5000000000000002 24.040473937988285 3.5000000000000004 0.33544957922668223 2.4515125142659833 23.800566673278812 13.500000000000002 0.54228410241793601 2.4519894697552753 -0.059080123901365404 4.0476845664462067 17.500000000000004 2.5000000000000004 90.000000000000014
decision_type=2 2 2 2 2 2 2 2 8 2 2 2 2 2 2 2 2 2 2 2 10 2 2 2 10 2 10 2 2 2
left_child=-1 -2 3 4 5 13 29 14 9 10 -9 -11 -10 15 -6 18 17 -17 23 20 21 -20 -18 27 -25 -26 -27 -3 -29 -7
right_child=1 2 -4 -5 7 6 -8 8 12 11 -12 -13 -14 -15 -16 16 22 -19 19 -21 -22 -23 -24 24 25 26 -28 28 -30 -31
leaf_value=0.00090415897904691143 -0.001255445409404041 -0.0025228981880170958 -0.00075087631592919756 0.016843486437574027 -0.00090695401465725985 0.0077492010770920808 0.002959812029872218 0.0024571661231192672 0.003468694719283477 0.00035946911767773004 0.02166375046045604 -0.020070955524729057 0.02565265527963638 0.015463448218428171 -0.015576283137003578 0.01170942082714576 -0.014908833705203633 -0.0056917693229535443 0.025859026802997839 -0.002648946717828512 0.0039157513071618535 0.010718134665175487 0.00093912955903416035 -0.0014866082967733437 0.00091479354184763177 0.033229318728670479 0.007961988346651197 -0.0029474442752463548 0.016053312279931876 0.022658861888945104
leaf_weight=4747 4255 594 5884 36 1486 325 456 165 23 46 22 22 25 26 27 39 71 52 38 125 51 57 29 106 58 20 50 58 46 25
leaf_count=4747 4255 594 5884 36 1486 325 456 165 23 46 22 22 25 26 27 39 71 52 38 125 51 57 29 106 58 20 50 58 46 25
internal_value=1.823e-07 -0.000301652 0.000105735 0.00134171 0.00120364 0.00245072 0.00550203 -0.000324993 0.00388814 0.00179219 0.00471676 -0.00625037 0.0150228 0.000718786 -0.00116873 0.000443778 -0.0045581 0.00176588 0.00123793 0.00539543 0.0122827 0.0167745 -0.0103129 2.90369e-05 0.00409472 0.00871675 0.0151812 -0.00133396 0.00545674 0.00881418
internal_weight=18964 14217 9962 4078 4042 2226 806 1816 303 255 187 68 48 1420 1513 1394 191 91 1203 271 146 95 100 932 234 128 70 698 104 350
internal_count=18964 14217 9962 4078 4042 2226 806 1816 303 255 187 68 48 1420 1513 1394 191 91 1203 271 146 95 100 932 234 128 70 698 104 350
is_linear=0
shrinkage=0.03


Tree=161
num_leaves=31
num_cat=0
split_feature=6 17 6 6 46 7 7 7 17 17 53 14 37 52 28 51 18 29 47 41 54 27 49 18 48 35 27 2 17 19
split_gain=5.40949 5.86411 5.77525 11.0266 9.12467 8.05557 12.2983 7.0951 8.37778 7.25457 6.74886 6.84227 6.30735 6.26339 6.12494 6.28388 6.07569 6.51004 5.96526 11.3259 5.63846 5.4774 5.2637 12.7364 5.45417 5.21139 5.24801 5.50881 5.19255 5.18866
threshold=10.500000000000002 -2.4940664999999993 12.500000000000002 14.500000000000002 27.365855216979984 32.500000000000007 20.500000000000004 25.500000000000004 1.1616770000000003 0.33191400000000032 0.62339677837821961 6.5167177710406685 26.235515594482425 0.7326568373620147 25.294575691223148 25.042141246696215 25.250033378601078 26.414139747619632 23.629401206970218 23.369927406311039 0.2159297662745728 25.407400131225589 26.711582374572757 27.941645622253425 24.245443915664556 24.47336578369141 24.804519653320316 10.472845000000001 1.9033090000000004 25.048101425170902
decision_type=2 10 2 2 2 2 2 2 10 8 2 8 2 2 2 2 2 2 2 2 2 2 2 2 2 2 2 2 10 2
left_child=1 -1 -2 4 5 6 12 8 20 -9 16 22 13 14 15 18 -7 29 -4 -20 -8 -13 24 -24 -12 -21 27 -27 -5 -18
right_child=2 -3 3 28 -6 10 7 9 -10 -11 11 21 -14 -15 -16 -17 17 -19 19 25 -22 -23 23 -25 -26 26 -28 -29 -30 -31
leaf_value=-0.00044010644717528904 -0.0012177820458002227 0.0017211333781173926 -0.00025286267846788497 -0.00054860325705629633 0.016338181638469298 -0.00041323316115500562 -0.0012979399013420333 0.0079930566827655786 0.01953707992187086 7.5599770942679208e-05 -0.0053557296045758625 0.0052873427105637697 0.01187829041988483 -0.0052010598506226574 0.010507240857360725 -0.012108511724509299 0.00275328069627285 0.0027778956828252324 0.019384548342332428 -0.0013515075867139134 0.008755433237132149 0.023063834795298485 -0.023375419378280637 0.0089390727664743156 0.0063845578273188097 0.0065343487516362608 -0.0044629694845365444 0.025332864180207252 -0.0051469945189702507 -0.012362478011782514
leaf_weight=1854 4255 2893 850 5654 36 1323 64 161 53 295 47 39 44 162 59 34 25 53 41 140 233 26 23 21 147 47 23 20 230 112
leaf_count=1854 4255 2893 850 5654 36 1323 64 161 53 295 47 39 44 162 59 34 25 53 41 140 233 26 23 21 147 47 23 20 230 112
internal_value=1.76837e-07 0.000877034 -0.000292602 0.000102563 0.00130146 0.00116753 0.0023772 0.00533697 0.00854975 0.00287102 -0.000315243 0.00377149 0.000697223 0.000339689 0.00107906 0.000597451 -0.00113367 -0.00615019 0.000982824 0.00485859 0.00658905 0.0123979 0.00141553 -0.00795259 0.00354026 0.00226918 0.00790137 0.0121458 -0.00072835 -0.00960413
internal_weight=18964 4747 14217 9962 4078 4042 2226 806 350 456 1816 303 1420 1376 1214 1155 1513 190 1121 271 297 65 238 44 194 230 90 67 5884 137
internal_count=18964 4747 14217 9962 4078 4042 2226 806 350 456 1816 303 1420 1376 1214 1155 1513 190 1121 271 297 65 238 44 194 230 90 67 5884 137
is_linear=0
shrinkage=0.03


Tree=162
num_leaves=31
num_cat=0
split_feature=47 7 59 8 7 15 51 29 27 53 10 26 9 29 53 36 46 42 33 25 24 56 55 46 25 7 46 34 53 55
split_gain=5.14878 4.25702 4.16605 7.62203 5.12274 6.01784 4.37018 6.69675 4.84062 3.90826 3.68189 6.86218 10.416 7.39166 5.37357 5.50739 7.15391 4.3677 4.57974 4.11161 4.55355 3.74136 3.64107 6.77463 3.59988 3.44271 3.40556 3.92767 3.33227 3.55263
threshold=22.093097686767582 32.500000000000007 5.5000000000000009 3.5000000000000004 22.500000000000004 3.78324559264968 28.34307750069198 28.100689888000492 28.719320297241214 0.61577877816225535 3.5000000000000004 25.348847389221195 24.981026649475101 25.442371368408207 1.0457167536228291 25.472916603088382 25.301039696606448 26.73416900634766 26.521601676940922 24.383718490600589 22.89904880523682 -0.62192821502685536 1.0111568970488765 23.714406013488773 25.80037879943848 11.500000000000002 25.757977485656742 24.913422584533695 0.55677043464806686 0.90657528578574731
decision_type=2 2 2 2 2 10 2 2 2 2 2 2 2 2 2 2 2 2 2 2 2 2 2 2 2 2 2 2 2 2
left_child=1 -1 6 -4 5 -5 8 -8 10 -6 14 24 13 -13 -2 19 -17 -18 -19 20 -16 -14 23 -22 25 -12 27 -21 29 -9
right_child=2 -3 3 4 9 -7 7 28 -10 -11 11 12 21 -15 15 16 17 18 -20 26 22 -23 -24 -25 -26 -27 -28 -29 -30 -31
leaf_value=-3.768441431947665e-05 8.2040904364161104e-06 -0.0020425643983274368 0.0012673986792187729 0.028196117529321621 -0.0046364529781903214 0.006932937651872635 0.017991987758874891 0.0022813635637783701 -0.0085541879229436985 0.012340519940480589 0.0042479413419658704 0.032373279567807917 0.012254597735968795 0.0068897459975310734 -0.013861070593446493 0.012368471197163064 -0.010800535909133031 -0.0078761932351626464 0.011384098076820373 -0.013355317082332105 -0.0051768474541604515 0.0021206003495171898 -0.0057982787916338752 0.019515593748539686 0.011812960696609124 -0.0011166132230898804 -0.021388973457657771 0.00072968207432755393 -0.0048829112265428359 0.013935068075358867
leaf_weight=2021 12153 1804 828 23 26 25 25 404 59 23 129 20 37 21 25 36 40 20 25 49 20 288 38 20 23 651 23 28 55 25
leaf_count=2021 12153 1804 828 23 26 25 25 404 59 23 129 20 37 21 25 36 40 20 25 49 20 288 38 20 23 651 23 28 55 25
internal_value=1.7153e-07 -0.000983254 0.000248643 0.00219949 0.0101559 0.0171215 0.000121688 0.00285125 2.03129e-05 0.00333233 5.73857e-05 0.0016673 0.00507187 0.0193207 -9.34508e-05 -0.00390645 0.00115969 -0.00358756 0.00282397 -0.00692617 -0.00271929 0.00327432 0.000851799 0.00716937 0.000115526 -0.000229398 -0.0112593 -0.0082335 0.00206919 0.00296048
internal_weight=18964 3825 15139 925 97 48 14214 509 13705 49 13646 1169 366 41 12477 324 121 85 45 203 103 325 78 40 803 780 100 77 484 429
internal_count=18964 3825 15139 925 97 48 14214 509 13705 49 13646 1169 366 41 12477 324 121 85 45 203 103 325 78 40 803 780 100 77 484 429
is_linear=0
shrinkage=0.03


Tree=163
num_leaves=31
num_cat=1
split_feature=6 7 9 55 7 10 47 17 0 56 25 18 16 17 37 8 8 56 52 27 53 9 16 24 24 42 12 48 26 43
split_gain=5.05724 6.98439 9.5079 4.97564 10.6076 5.75046 5.7305 4.73256 5.20364 4.31117 8.77557 4.41205 4.13555 3.89367 5.35335 4.09197 3.68911 4.01308 3.66 6.31846 5.28125 5.55652 8.97955 7.43142 5.27951 4.86661 8.24239 6.9837 5.3504 4.35523
threshold=15.500000000000002 50.500000000000007 23.904320716857914 0.7179843853919291 19.500000000000004 1.5000000000000002 23.387329101562504 -0.84171599999999991 0 0.73071765727783256 23.467289924621586 22.295860290527347 -6.0660979999999984 -0.96419749999999993 26.708329200744632 1.5000000000000002 1.5000000000000002 -1.0049238225268551 0.21647547102977757 28.719320297241214 0.18232354790762464 26.561666488647464 1.7403205000000008 27.565092086791996 26.983565331215825 26.998063086752932 1.5000000000000002 26.966468811486816 28.059359550476078 25.613224983215336
decision_type=2 2 2 2 2 2 2 8 9 2 2 2 10 10 2 2 2 2 2 2 2 2 10 2 2 2 2 2 2 2
left_child=7 3 -3 -2 5 -5 -6 12 18 -10 11 -11 -1 16 15 -15 17 -14 -9 20 -20 23 25 24 -22 26 27 -23 -27 -28
right_child=1 2 -4 4 6 -7 -8 8 9 10 -12 -13 13 14 -16 -17 -18 -19 19 -21 21 22 -24 -25 -26 28 29 -29 -30 -31
leaf_value=-0.00055244202107752795 -0.00087819864607142787 -0.0032045201081868017 -0.018367279587047439 -0.0035199515448713845 0.005821543727489188 0.009762911348836497 0.026134004121646282 -9.6850580713039595e-05 -0.000520839707943692 -0.0035118291842249722 -0.0097417420560806777 0.0075834584473208943 0.016836928926408291 -0.0025652039019091024 0.018339175946182673 0.0067017866512701198 0.00054913788394415604 0.0031401485318806274 0.010770091479320803 -0.0051545873149039427 0.0009349888469020037 0.0015948901854987655 0.022375109669566153 0.016038387049117992 -0.0093065824602609083 0.015352574388127562 0.016568752339181418 -0.012758880684986105 -0.0022467378323728386 0.00032602394931018351
leaf_weight=669 2957 327 42 110 25 40 25 4201 4996 78 137 55 20 59 27 157 970 515 54 135 2979 105 25 29 46 53 39 43 22 24
leaf_count=669 2957 327 42 110 25 40 25 4201 4996 78 137 55 20 59 27 157 970 515 54 135 2979 105 25 29 46 53 39 43 22 24
internal_value=1.66385e-07 -0.00102494 -0.00493036 -0.000568458 0.00401105 2.21452e-05 0.0159778 0.000234297 7.99445e-06 -0.000719023 -0.00441278 0.00107645 0.00145345 0.00222115 0.00574482 0.00417053 0.00165221 0.00365218 0.000501953 0.00121118 0.00146253 0.00131317 0.00513336 0.000924146 0.000779249 0.00362621 0.00129307 -0.00257546 0.0101901 0.010381
internal_weight=18964 3526 369 3157 200 150 50 15438 13021 5266 270 133 2417 1748 243 216 1505 535 7755 3554 3419 3365 311 3054 3025 286 211 148 75 63
internal_count=18964 3526 369 3157 200 150 50 15438 13021 5266 270 133 2417 1748 243 216 1505 535 7755 3554 3419 3365 311 3054 3025 286 211 148 75 63
cat_boundaries=0 1
cat_threshold=27146
is_linear=0
shrinkage=0.03


Tree=164
num_leaves=31
num_cat=0
split_feature=6 6 7 51 50 56 52 46 10 16 7 20 52 53 7 6 7 6 7 15 10 15 51 6 55 7 54 42 46 9
split_gain=4.92811 5.59754 8.38526 6.80745 7.77094 15.0603 8.08294 6.1805 5.99523 6.43091 5.39951 6.59176 6.01011 4.97119 10.6347 8.68402 17.8141 6.6078 8.88083 10.5182 6.83272 6.54224 6.75811 6.4122 10.8469 13.5052 6.74393 6.68478 6.61701 6.27456
threshold=10.500000000000002 11.500000000000002 4.5000000000000009 26.955186335349939 26.771514797304444 -0.19028663635253903 1.1554441099334991 22.822782516479496 4.5000000000000009 1.6709570000000002 50.500000000000007 26.766536712646488 0.15258632968713429 0.19805576106357545 18.500000000000004 16.500000000000004 24.500000000000004 16.500000000000004 41.500000000000007 1.3194536107222112 4.5000000000000009 1.0802038142565278 24.987831910464521 12.500000000000002 0.64252204994813811 22.500000000000004 0.7457858179766268 22.793512344360355 23.714406013488773 26.735161781311039
decision_type=2 2 2 2 2 2 2 2 2 10 2 2 2 2 2 2 2 2 2 10 2 10 2 2 2 2 2 2 2 2
left_child=10 2 -2 4 6 -6 7 -3 9 -8 11 12 -1 14 -9 -16 -17 18 23 21 -21 22 -20 24 25 28 29 -28 -15 -25
right_child=1 3 -4 -5 5 -7 8 13 -10 -11 -12 -13 -14 17 15 16 -18 -19 19 20 -22 -23 -24 26 -26 -27 27 -29 -30 -31
leaf_value=-0.00040046964790390449 0.004400670231928785 -0.00060861106756458078 -0.0022846323592271775 -0.0063599995992436311 0.030559583109888166 -0.00094617287628352643 -0.0084978702670456697 -0.001040891776420481 0.010301602933555842 0.0089493547326752101 -0.0013340032519287941 0.004330166994781723 0.0021472275091067908 0.0061209747770970512 0.0033203766527279471 0.02632907921820879 -0.0011863774050143547 -0.0045067792015188205 0.0033681083064787147 -0.0044210769842876569 0.0086291957460343828 0.015472534939646719 -0.0047580679642896242 0.0014363193069626694 -0.0070800491691994441 0.013920525342903353 0.021073014309460465 0.0042132913299819949 -0.0054283233574065172 -0.0098918539993464935
leaf_weight=1761 185 5602 1935 151 22 36 201 544 20 21 847 557 1582 66 844 45 40 245 316 725 38 30 130 1991 201 66 22 558 138 45
leaf_count=1761 185 5602 1935 151 22 36 201 544 20 21 847 557 1582 66 844 45 40 245 316 725 38 30 130 1991 201 66 22 558 138 45
internal_value=1.61392e-07 -0.000279287 -0.00170125 -3.00892e-05 4.99222e-05 0.0110043 -3.52267e-06 0.000109241 -0.00543018 -0.00684746 0.000837095 0.00130861 0.000805171 0.000774597 0.00229023 0.00424085 0.0133806 0.000286187 0.000557633 -0.00158791 -0.00377113 0.00191166 0.000999492 0.00141877 -0.00180352 0.00212456 0.00199893 0.0048528 -0.00169179 0.00118594
internal_weight=18964 14217 2120 12097 11946 58 11888 11646 242 222 4747 3900 3343 6044 1473 929 85 4571 4326 1239 763 476 446 3087 471 270 2616 580 204 2036
internal_count=18964 14217 2120 12097 11946 58 11888 11646 242 222 4747 3900 3343 6044 1473 929 85 4571 4326 1239 763 476 446 3087 471 270 2616 580 204 2036
is_linear=0
shrinkage=0.03


Tree=165
num_leaves=31
num_cat=2
split_feature=33 7 6 9 54 56 30 6 6 6 0 54 25 53 54 10 7 7 0 9 56 52 51 45 25 52 30 24 16 42
split_gain=4.78462 4.83326 6.83296 8.59242 7.51321 6.54201 7.83625 6.5395 10.771 11.0095 7.76555 14.6867 9.66224 12.5271 6.83478 11.9622 12.6084 9.56005 6.30002 5.68601 5.4313 5.42869 8.32638 5.99036 7.11576 5.41725 5.30889 7.50376 5.62998 5.56999
threshold=21.343918800510256 50.500000000000007 15.500000000000002 23.904320716857914 1.4954939798931177 1.2576656341552737 25.392265318105473 10.500000000000002 12.500000000000002 14.500000000000002 0 0.11377910821883137 26.809601783369143 0.75990903280524702 0.54236565831525574 1.5000000000000002 16.500000000000004 20.500000000000004 1 26.924660682678226 -0.11125850677490233 0.97951775771038574 24.528833897950197 22.056207656860355 26.115293502807621 0.45150155019112437 26.756443977355961 26.70685958862305 -2.0487959999999994 25.432813644409183
decision_type=2 2 2 2 2 2 2 2 2 2 9 2 2 2 2 2 2 2 9 2 2 2 2 2 2 2 2 2 10 2
left_child=-1 7 4 -4 5 25 -7 19 14 10 11 -10 21 -14 -9 18 20 -18 -16 -2 -17 23 -23 -13 -25 -3 27 -12 -29 -28
right_child=1 2 3 -5 -6 6 -8 8 9 -11 26 12 13 -15 15 16 17 -19 -20 -21 -22 22 -24 24 -26 -27 29 28 -30 -31
leaf_value=-0.0020466697603529053 0.0009430286250840023 -0.0012650218453433455 -0.0032439594235262855 -0.017728946192988326 -0.012763453886251558 0.017273740715347232 -0.0050172752235084772 -0.00074893324506160406 0.026413409218120461 -0.00034275439313078885 0.00099135271025545149 -0.00013825745947976985 -0.003978667214512825 0.025224173602003318 0.0017617436482852869 -0.011322406545281409 -0.025261088222265242 -0.0093472228634153623 -0.0048194723350090127 0.0043564063086346068 0.0076721648120188285 -0.01150907959219896 0.0082029515376780184 0.006106918500596123 -0.009686663320495021 0.0023940677924679521 0.021926068626344202 -0.00050207504653371866 -0.020844241771101949 0.00057831341231411157
leaf_weight=975 3244 1777 301 42 44 40 22 2754 26 4830 2163 268 20 39 261 20 50 106 247 508 42 54 30 523 27 458 22 24 25 22
leaf_count=975 3244 1777 301 42 44 40 22 2754 26 4830 2163 268 20 39 261 20 50 106 247 508 42 54 30 523 27 458 22 24 25 22
internal_value=1.56551e-07 0.000111094 -0.00106316 -0.00501763 -0.00048376 -0.000248538 0.00936403 0.000317021 -3.63747e-05 0.000565041 0.00191708 0.00412321 0.00356305 0.0153249 -0.00143155 -0.004021 -0.00989944 -0.0144478 -0.00149837 0.00140518 0.00154488 0.00279371 -0.00446907 0.00353952 0.0053316 -0.000515195 0.000929495 0.000728364 -0.0108807 0.0112522
internal_weight=18964 17989 2684 343 2341 2297 62 15305 11553 8073 3243 987 961 59 3480 726 218 156 508 3752 62 902 84 818 550 2235 2256 2212 49 44
internal_count=18964 17989 2684 343 2341 2297 62 15305 11553 8073 3243 987 961 59 3480 726 218 156 508 3752 62 902 84 818 550 2235 2256 2212 49 44
cat_boundaries=0 1 2
cat_threshold=9408 19210
is_linear=0
shrinkage=0.03


Tree=166
num_leaves=31
num_cat=2
split_feature=33 7 55 6 8 6 6 6 0 54 25 53 54 10 7 7 0 48 17 52 53 40 25 48 52 49 45 25 45 17
split_gain=4.50163 4.54721 8.58965 6.19426 8.04674 6.15372 10.1372 10.3589 7.3066 13.8187 9.0912 11.7867 6.43596 11.2502 11.8633 8.99505 5.94176 5.38465 5.36793 5.27773 7.84218 5.15283 5.51675 5.65301 5.10786 9.10784 5.63633 6.69522 5.37309 5.31915
threshold=21.343918800510256 50.500000000000007 1.5868855998533167 15.500000000000002 3.5000000000000004 10.500000000000002 12.500000000000002 14.500000000000002 0 0.11377910821883137 26.809601783369143 0.75990903280524702 0.54236565831525574 1.5000000000000002 16.500000000000004 20.500000000000004 1 26.567572784423831 1.4214645000000004 0.7326568373620147 0.90113007969947867 28.236216543627933 25.316085815429691 23.706357192993167 0.97951775771038574 24.809772777425298 22.056207656860355 26.115293502807621 23.26768779754639 -0.31529750000000017
decision_type=2 2 2 2 2 2 2 2 9 2 2 2 2 2 2 2 9 2 10 2 2 2 2 2 2 2 2 2 2 8
left_child=-1 5 3 19 -5 17 12 8 9 -8 24 -12 -7 16 -15 -16 21 -2 -9 -3 -21 22 23 -14 26 28 -11 29 -26 -28
right_child=1 2 -4 4 -6 6 7 18 -10 10 11 -13 13 14 15 -17 -18 -19 -20 20 -22 -23 -24 -25 25 -27 27 -29 -30 -31
leaf_value=-0.0019852696526500109 0.00087111514572795466 -0.00071193273191129782 -0.015385957475046855 -0.0021136563548882635 -0.013140405922789464 -0.00072646524800358721 0.025621006946939116 -3.4823970802583188e-05 0.00090161049676615681 -0.00013410977656959987 -0.0038593071252107621 0.024467448271237886 -0.0017787976248063524 0.0014985372279320032 -0.024503255537152289 -0.0090668062386454404 -0.0046805140718315808 0.0039887638928580967 -0.0036929379850234975 0.0094242487254488309 -0.0027404470493396123 0.01347324922727421 -0.010190936152480149 0.0087545904326252633 -0.0021559722445761926 0.0085815527848899353 0.014408180626361804 -0.0093960634163684307 -0.021263427982727685 0.0048448667675393148
leaf_weight=975 3160 2110 37 263 77 2754 26 4437 2256 268 20 39 118 62 50 106 247 592 393 116 81 30 38 75 26 31 59 27 27 464
leaf_count=975 3160 2110 37 263 77 2754 26 4437 2256 268 20 39 118 62 50 106 247 592 393 116 81 30 38 75 26 31 59 27 27 464
internal_value=1.03486e-07 0.00010771 -0.00103127 -0.000830617 -0.00461089 0.00030745 -3.53628e-05 0.00054809 0.00185956 0.00399952 0.00345616 0.0148652 -0.00138887 -0.00390164 -0.00960245 -0.0140144 -0.00145522 0.00136303 -0.000332472 -0.00027349 0.00442252 0.00171084 0.000257319 0.00231449 0.0027099 -0.004335 0.00343333 0.00517165 -0.01189 0.00592371
internal_weight=18964 17989 2684 2647 340 15305 11553 8073 3243 987 961 59 3480 726 218 156 508 3752 4830 2307 197 261 231 193 902 84 818 550 53 523
internal_count=18964 17989 2684 2647 340 15305 11553 8073 3243 987 961 59 3480 726 218 156 508 3752 4830 2307 197 261 231 193 902 84 818 550 53 523
cat_boundaries=0 1 2
cat_threshold=9408 19210
is_linear=0
shrinkage=0.03


Tree=167
num_leaves=31
num_cat=1
split_feature=44 20 7 55 6 25 56 30 6 6 6 44 0 25 9 54 39 54 10 7 7 38 34 55 17 54 20 51 29 26
split_gain=4.3245 4.23207 3.941 7.52787 5.68631 6.13317 5.33363 6.87002 4.97625 9.45683 8.85436 6.54899 6.46141 7.88755 9.14554 6.99895 7.82712 6.05098 11.9477 9.14016 7.60933 5.80607 5.48906 5.64686 6.53893 5.62763 5.26711 5.05257 7.898 5.27164
threshold=21.490017890930179 23.399784088134769 50.500000000000007 1.5868855998533167 15.500000000000002 22.698534011840824 1.2576656341552737 25.392265318105473 10.500000000000002 12.500000000000002 14.500000000000002 21.662132261550294 0 26.809601783369143 26.735161781311039 0.11815402832277254 21.985158920288089 0.54648114445230644 1.5000000000000002 16.500000000000004 20.500000000000004 28.199048995971683 21.906339645385746 0.59889619950767348 1.5134995000000002 0.27531862150383263 26.766536712646488 26.75954847333448 27.213384628295902 27.385493278503422
decision_type=2 2 2 2 2 2 2 2 2 2 2 2 9 2 2 2 2 2 2 2 2 2 2 2 10 2 2 2 2 2
left_child=1 -1 8 4 6 -6 -4 -8 26 11 12 -10 13 15 -15 16 -11 -13 21 -20 -21 -19 -17 24 25 -24 -2 28 29 -12
right_child=2 -3 3 -5 5 -7 7 -9 9 10 27 17 -14 14 -16 22 -18 18 19 20 -22 -23 23 -25 -26 -27 -28 -29 -30 -31
leaf_value=-0.0013300084690128489 0.00079949620052686271 -0.01331561495653457 -0.00048081103786727669 -0.013860982575919478 -0.0015038649088757589 -0.010669724197198388 0.016073902020087606 -0.0048923802104863254 0.012895937782615937 0.02875331614539027 -0.00026371337974963278 -0.00077829904170749031 0.0009120727274724397 0.026555412265247314 0.0027299222491424659 -0.0027617801040995551 0.0022120143491774799 -0.0023297628931109762 0.00030527167554412566 -0.023593217797425327 -0.0091384996909111959 0.0098705385169504511 0.0027730564163565368 0.00118599912616728 -0.00058918170674758801 0.012351934399370101 0.0039686762349729395 -0.0068176353607073571 0.016079018687208495 0.015172713339328767
leaf_weight=1473 3092 27 2199 40 188 101 39 22 29 20 4479 2714 2211 29 29 141 20 461 56 49 99 38 84 371 85 161 557 103 27 20
leaf_count=1473 3092 27 2199 40 188 101 39 22 29 20 4479 2714 2211 29 29 141 20 461 56 49 99 38 84 371 85 161 557 103 27 20
internal_value=4.0599e-08 -0.00154575 0.00013281 -0.000947417 -0.000744771 -0.00470716 -0.000238077 0.00851229 0.000320824 7.98689e-06 0.000587482 -0.00130033 0.00181416 0.00388494 0.0146427 0.00322156 0.0154827 -0.00142082 -0.00390131 -0.0100181 -0.0139242 -0.00140068 0.00263909 0.00372543 0.00658036 0.00906775 0.00128325 -0.000247527 -9.80081e-05 -0.000195092
internal_weight=18964 1500 17464 2589 2549 289 2260 61 14875 11226 7780 3446 3151 940 58 882 40 3417 703 204 148 499 842 701 330 245 3649 4629 4526 4499
internal_count=18964 1500 17464 2589 2549 289 2260 61 14875 11226 7780 3446 3151 940 58 882 40 3417 703 204 148 499 842 701 330 245 3649 4629 4526 4499
cat_boundaries=0 1
cat_threshold=9408
is_linear=0
shrinkage=0.03


Tree=168
num_leaves=31
num_cat=0
split_feature=22 9 17 24 18 14 49 30 52 29 45 28 52 14 20 14 20 27 20 8 38 50 28 56 17 17 22 32 56 30
split_gain=4.20397 3.55008 2.86942 5.98067 16.893 9.64888 4.50925 9.11824 4.059 3.22933 6.06227 3.24117 3.67987 4.76493 3.53018 3.20198 5.84288 3.17861 3.17697 3.16507 7.27713 5.52316 5.39775 4.25924 6.66033 6.67149 4.43198 5.32456 5.56946 5.08322
threshold=21.322292327880863 32.756839752197273 1.3241850000000006 26.390797615051273 26.03409576416016 2.6192458764416311 26.07833108901978 25.514725685119632 0.67843130387878103 25.63125038146973 25.529170989990238 23.293101310729984 0.25774626555877617 2.3702351136003337 22.926657676696781 2.2561466788646656 23.639155387878425 25.145527839660648 26.360306738869628 1.5000000000000002 32.64433670043946 22.432916450386845 22.530608177185062 0.81250572204589855 -1.0071629999999996 -0.87212599999999985 29.621734619140629 24.58604717254639 0.24967193603515805 27.928047180175785
decision_type=2 2 10 2 2 10 2 2 2 2 2 2 2 10 2 10 2 2 2 2 2 2 2 2 8 10 2 2 2 2
left_child=-1 2 19 4 8 18 -5 -8 9 10 11 -4 14 -14 -13 16 -10 -12 -6 20 21 -2 -23 26 -25 -26 27 -24 29 -29
right_child=1 -3 3 6 5 -7 7 -9 15 -11 17 12 13 -15 -16 -17 -18 -19 -20 -21 -22 22 23 24 25 -27 -28 28 -30 -31
leaf_value=-0.0020010593602957671 0.0080500242323845173 0.0066571731481550106 -0.0017561414791315054 0.0058614274646554675 -0.0039042795555932182 0.026424985520782009 -0.027680233206599947 -0.0054333717464325358 0.013326011789962648 0.0059196384386582812 -0.014748126116714307 0.010937222351574086 -0.0016657709057441203 0.0050889526247616399 -0.0013070700290250012 -0.0084880410651719078 -0.0070006884682391364 -0.00021710587176494299 0.012802588747814297 -5.1602543238407886e-06 -0.015438706881832329 -0.0069215326370707679 0.0027521451763933601 0.0072627323842607439 -0.017506393382156437 -0.0026836737538775747 0.0077966593252004768 -4.8113385751693092e-05 0.0040595870635360878 -0.0063978139854096354
leaf_weight=900 101 74 993 21 21 31 20 97 20 66 42 22 142 278 577 109 35 20 20 12006 24 77 1197 48 33 159 95 1336 276 124
leaf_count=900 101 74 993 21 21 31 20 97 20 66 42 22 142 278 577 109 35 20 20 12006 24 77 1197 48 33 159 95 1336 276 124
internal_value=5.38054e-08 9.9755e-05 7.27817e-05 -0.000867264 -0.000514626 0.013795 -0.00693878 -0.00923625 -0.0009618 -0.000613218 -0.00082111 -0.000536391 0.000652236 0.00280521 -0.000857363 -0.00551037 0.000390839 -0.0100607 0.00424541 0.000225488 0.00102352 0.00113817 0.00092947 0.00111445 -0.00273252 -0.00523133 0.00141937 0.0012128 0.000151404 -0.000587403
internal_weight=18964 18064 17990 2514 2376 72 138 117 2304 2140 2074 2012 1019 420 599 164 55 62 41 15476 3470 3446 3345 3268 240 192 3028 2933 1736 1460
internal_count=18964 18064 17990 2514 2376 72 138 117 2304 2140 2074 2012 1019 420 599 164 55 62 41 15476 3470 3446 3345 3268 240 192 3028 2933 1736 1460
is_linear=0
shrinkage=0.03


Tree=169
num_leaves=31
num_cat=1
split_feature=9 0 40 28 10 35 14 43 7 33 52 38 52 16 16 26 6 17 10 56 7 6 35 26 7 48 43 2 34 16
split_gain=4.09611 4.18411 3.35449 6.06479 6.10773 5.34926 7.61777 11.075 5.00671 4.68078 5.23161 3.80774 3.64559 3.45582 5.76437 3.44418 3.33707 3.33435 3.28375 3.05981 4.56444 12.6055 5.91432 4.26998 4.04765 4.33458 5.84343 4.81465 3.04984 3.04042
threshold=21.085356712341312 0 23.649876594543461 23.114592552185062 4.5000000000000009 23.279150962829597 1.6832264458288864 23.037331581115726 40.500000000000007 24.18178653717041 0.80240272063440876 23.943924903869632 0.65188793472582651 -3.0337330000000002 -4.7788264999999992 24.851034164428714 13.500000000000002 2.3432460000000006 3.5000000000000004 -0.29409790039062494 19.500000000000004 14.500000000000002 22.162055015563968 22.528436660766605 30.500000000000004 24.108292960714358 25.826696395874027 7.3900990000000002 22.797477722167972 -0.39661600000000025
decision_type=2 9 2 2 2 2 8 2 2 2 2 2 2 8 10 2 2 10 2 2 2 2 2 2 2 2 2 2 2 10
left_child=-1 2 3 17 5 6 7 -5 -6 10 -4 16 15 14 -8 -7 -11 -2 -3 24 29 22 -22 -24 25 -20 27 -27 -25 -21
right_child=1 18 9 4 8 12 13 -9 -10 11 -12 -13 -14 -15 -16 -17 -18 -19 19 20 21 -23 23 28 -26 26 -28 -29 -30 -31
leaf_value=-0.0040236344825786844 -0.00061555612072513157 0.00016779471523298433 -0.0036687440321784034 0.0007026147576315062 0.021561415441907369 -0.00076939726224169137 0.0017430593334138392 0.031160896636587988 0.0015961748063564301 -0.00040439932141453025 -0.016435504723941126 -0.0012002460294986692 -0.0087706968501368738 -0.00023687028583519579 0.020205175962056156 0.011128330262145027 0.015256845568120479 -0.0044809304783868372 -0.010746433177719946 0.0083775269736846292 -0.014227413127029484 -0.01469075612174347 0.015243227184517308 -0.0088972616897752647 0.0088091200627699612 0.0027414311592981809 -0.0071935945933941621 0.020376453251493249 0.0016418066672292092 0.0011731097218806593
leaf_weight=225 2553 13313 424 21 26 250 45 22 20 24 31 472 47 142 23 24 25 218 23 108 22 50 20 26 119 38 29 22 499 103
leaf_count=225 2553 13313 424 21 26 250 45 22 20 24 31 472 47 142 23 24 25 218 23 108 22 50 20 26 119 38 29 22 499 103
internal_value=5.22005e-08 4.83648e-05 -0.000763848 -0.000319526 0.00236265 0.00151973 0.00478188 0.0162859 0.0128809 -0.00231542 -0.00453857 -0.000373897 -0.00105138 0.00242629 0.0079876 0.000272739 0.00758603 -0.000919653 0.000295485 0.00190351 0.00105176 -0.0002508 0.00102256 0.00163816 0.00495653 0.000863162 0.00386339 0.00920761 0.00111987 0.00486068
internal_weight=18964 18739 4367 3391 620 574 253 43 46 976 455 521 321 210 68 274 49 2771 14372 1059 828 617 567 545 231 112 89 60 525 211
internal_count=18964 18739 4367 3391 620 574 253 43 46 976 455 521 321 210 68 274 49 2771 14372 1059 828 617 567 545 231 112 89 60 525 211
cat_boundaries=0 1
cat_threshold=1348
is_linear=0
shrinkage=0.03


Tree=170
num_leaves=31
num_cat=2
split_feature=6 7 31 17 0 56 53 25 14 0 35 14 17 54 14 35 19 50 28 7 45 19 35 38 53 24 24 52 14 52
split_gain=3.95911 5.41297 7.71449 3.98789 4.21157 4.09677 7.92131 5.50063 3.98349 4.72094 3.96309 3.79671 3.75988 4.43553 4.17016 3.93761 3.71789 5.83177 4.79637 4.33302 5.58701 9.26612 3.66495 5.99667 3.60339 4.14291 3.23618 3.14307 3.12972 3.35803
threshold=15.500000000000002 50.500000000000007 25.216860771179203 -0.84171599999999991 0 0.56345272064208818 0.15466221384286438 24.428469657897953 1.2245632698782047 1 24.0736198425293 5.8232014459071744 -0.96419749999999993 0.14198380992254797 1.0359580275247129 26.535851478576664 24.383943557739261 24.929951763090582 24.882040977478031 12.500000000000002 23.712453842163089 22.563936233520511 26.167165756225589 26.47232818603516 0.97204787553875671 25.12595081306641 22.717634201049808 0.57785479348768765 1.7529998025284756 0.21647547102977757
decision_type=2 2 2 8 9 2 2 2 8 9 2 10 10 2 10 2 2 2 2 2 2 2 2 2 2 2 2 2 8 2
left_child=3 16 26 11 8 -6 -7 -8 9 10 -5 12 14 -14 -1 -15 19 -18 -19 -2 -21 -22 -12 -24 25 -9 -3 -20 -10 -30
right_child=1 2 -4 4 5 6 7 24 28 -11 22 -13 13 15 -16 -17 17 18 27 20 21 -23 23 -25 -26 -27 -28 -29 29 -31
leaf_value=-0.011406474881911311 -0.0026026690931778241 -0.0016155424210758166 -0.021572299779562109 0.016057884874753653 -0.00043701856989782859 0.01445538226654753 -0.0025614730631485258 -0.015038443593488583 -0.0020551578300748341 0.0010353141335184496 0.0009891872616883898 -0.00042932359918746728 0.019172422277508303 0.0030470918925129807 0.0017569031633900471 0.016729652068710753 0.0072286283337360362 -0.013781905057840048 0.0051364042142835941 -0.00054700600224992719 0.02121002377347193 0.0021189986066892743 0.023501117378473279 0.0027382387785661604 -0.020510832683907614 0.00060014925897121428 -0.0083792529211911774 -0.0056363304582639382 -0.00017731299461536736 0.0011862949041718241
leaf_weight=22 859 263 22 36 4929 20 229 31 497 466 84 760 20 192 1402 21 136 24 65 1857 27 150 21 31 27 30 84 39 3753 2867
leaf_count=22 859 263 22 36 4929 20 229 31 497 466 84 760 20 192 1402 21 136 24 65 1857 27 150 21 31 27 30 84 39 3753 2867
internal_value=5.06316e-08 -0.000906954 -0.00434508 0.000207208 -5.28501e-07 -0.000654571 -0.00385593 -0.00501122 0.000443868 0.00271535 0.0068109 0.00132634 0.00213159 0.00566443 0.00155354 0.00439608 -0.000505095 0.00290294 -0.0016931 -0.000816095 -6.15879e-05 0.00503119 0.00486397 0.0111232 -0.0113861 -0.00734733 -0.00325287 0.00109663 0.000240865 0.00041324
internal_weight=18964 3526 369 15438 13021 5266 337 317 7755 638 172 2417 1657 233 1424 213 3157 264 128 2893 2034 177 136 52 88 61 347 104 7117 6620
internal_count=18964 3526 369 15438 13021 5266 337 317 7755 638 172 2417 1657 233 1424 213 3157 264 128 2893 2034 177 136 52 88 61 347 104 7117 6620
cat_boundaries=0 1 2
cat_threshold=27146 8192
is_linear=0
shrinkage=0.03


Tree=171
num_leaves=31
num_cat=1
split_feature=18 0 40 28 10 35 15 20 7 33 10 53 53 7 47 38 55 31 6 55 10 53 55 37 10 56 25 17 53 10
split_gain=3.88606 3.73063 3.16472 5.6866 5.74606 4.99417 8.50696 9.4204 4.68837 4.38971 5.10845 4.03564 3.9615 5.41711 3.84327 3.58418 3.44275 3.27877 3.12004 3.08774 3.06463 4.21358 3.98639 7.15299 7.54156 8.17103 5.05727 4.8321 6.44143 4.47711
threshold=21.087455749511722 0 23.649876594543461 23.114592552185062 4.5000000000000009 23.279150962829597 3.1854616777258733 23.16975021362305 40.500000000000007 24.18178653717041 2.5000000000000004 0.97204787553875671 0.74714267053662931 27.500000000000004 23.69606971740723 23.943924903869632 0.80625420854744323 23.786966323852543 13.500000000000002 1.2925054985735935 3.5000000000000004 1.6946600531907181 0.97297735831383003 26.175117492675785 2.5000000000000004 0.31492137908935552 26.225943565368656 1.6742200000000003 0.97204787553875671 1.5000000000000002
decision_type=2 9 2 2 2 2 8 2 2 2 2 2 2 2 2 2 2 2 2 2 2 2 2 2 2 2 2 8 2 2
left_child=-1 2 3 11 5 6 7 -5 -6 10 -4 12 17 -14 -8 18 -12 -2 -11 -17 22 -22 -3 -24 25 27 -26 29 -29 -25
right_child=1 20 9 4 8 -7 14 -9 -10 15 16 -13 13 -15 -16 19 -18 -19 -20 -21 21 -23 23 24 26 -27 -28 28 -30 -31
leaf_value=-0.003919094314038132 -0.00096897031541942266 0.00029078378889675741 -0.0027683372571787831 0.0011502795107662678 0.020911362744294681 -0.00099261817159501079 -0.00019687647129599511 0.023638643983163333 0.0015912689734250308 -0.00034993551438674327 -0.0076298057214254887 -0.009779592012365659 0.01834370547014734 -0.0014690165925357076 0.013728292683139442 -0.00032230366758278947 -0.021678607195615766 0.011223431171849371 0.014793481868505478 -0.0082773786015352419 0.0015342910143920372 0.013762505641923502 -0.0042020572004284702 0.0042871495101857796 0.0010385095039683004 0.013427265736274421 -0.015715385776780107 0.0015403049123974947 0.019584990956188576 -0.010584883641271034
leaf_weight=225 2659 12485 362 30 26 321 165 38 20 24 73 45 23 27 20 423 20 20 25 49 1032 26 485 29 31 60 34 117 21 49
leaf_count=225 2659 12485 362 30 26 321 165 38 20 24 73 45 23 27 20 423 20 20 25 49 1032 26 485 29 31 60 34 117 21 49
internal_value=6.54907e-08 4.7123e-05 -0.000719472 -0.000288189 0.00230927 0.00149169 0.00464371 0.0137173 0.0125113 -0.00222661 -0.00437953 -0.000868732 -0.000721796 0.00764484 0.00130855 -0.000346425 -0.0106511 -0.000877948 0.0073763 -0.00114815 0.000280571 0.0018348 0.000157247 -0.00186117 0.00146826 0.00363335 -0.00772507 0.000912817 0.00428624 -0.00505554
internal_weight=18964 18739 4370 3394 620 574 253 68 46 976 455 2774 2729 50 185 521 93 2679 49 472 14369 1058 13311 826 341 276 65 216 138 78
internal_count=18964 18739 4370 3394 620 574 253 68 46 976 455 2774 2729 50 185 521 93 2679 49 472 14369 1058 13311 826 341 276 65 216 138 78
cat_boundaries=0 1
cat_threshold=1348
is_linear=0
shrinkage=0.03


Tree=172
num_leaves=31
num_cat=0
split_feature=50 6 17 49 29 6 37 37 29 7 16 52 53 27 18 50 16 29 16 40 47 50 45 44 52 40 7 7 28 7
split_gain=3.70971 3.56079 5.04265 6.31406 7.23308 5.04501 7.07464 7.44022 9.00102 6.35893 6.2541 7.43481 6.37029 5.32401 8.45121 7.60665 8.22823 6.26903 6.14625 5.94007 5.93641 6.66036 4.98132 4.96207 7.91863 6.53695 4.69535 10.0655 4.6459 4.44857
threshold=21.198670005723759 10.500000000000002 2.2886035000000002 26.07833108901978 25.563313484191898 11.500000000000002 26.977154731750492 26.175117492675785 24.420706748962406 5.5000000000000009 -1.120668 0.82058040928954312 0.83641066221078797 26.477287292480472 27.494565010070804 25.704686403275272 0.13848600000000036 26.7399435043335 -5.1472324999999994 26.041783332824711 23.121313095092777 22.896344137191775 25.956556321838384 23.76993560791016 0.056154954951951518 23.538314819335941 48.500000000000007 53.500000000000007 23.154749870300297 50.500000000000007
decision_type=2 2 10 2 2 2 2 2 2 2 8 2 2 2 2 2 8 2 8 2 2 2 2 2 2 2 2 2 2 2
left_child=-1 29 5 4 -4 9 7 13 -9 -3 12 -12 -8 14 17 16 -15 18 -7 20 -20 23 -19 28 -25 -26 -10 -28 -22 -2
right_child=1 2 3 -5 -6 6 10 8 26 -11 11 -13 -14 15 -16 -17 -18 22 19 -21 21 -23 -24 24 25 -27 27 -29 -30 -31
leaf_value=-0.0033094807909074008 0.0012009283064890041 0.0037485927994867678 -0.0027077108843092759 -0.015200118564069269 0.015647371790371834 -0.0021357738532514861 -0.0050276192578686671 0.024107912365347147 0.0017958515235888105 -0.0020084025096652716 -0.0050921275471337143 0.0095734229923358991 -0.021644325838847595 0.0269023736508993 -0.013208566784512163 0.0015266611760503042 0.0022691054229179151 0.002766614919528365 -0.00022819590613340946 -0.0054801321444754147 0.0024018781876356081 0.0009136108846608123 0.021817204303079051 -0.0011406778044998646 0.031100205850342042 0.0082263211067765945 0.02453062353086554 -0.0007177966684103011 0.017404736470431087 -0.0012223331627128232
leaf_weight=300 3840 191 570 35 20 1028 56 20 280 1800 120 42 33 26 43 134 23 30 5486 157 261 3472 21 25 23 22 27 30 20 829
leaf_count=300 3840 191 570 35 20 1028 56 20 280 1800 120 42 33 26 43 134 23 30 5486 157 261 3472 21 25 23 22 27 30 20 829
internal_value=6.35188e-08 5.32602e-05 -0.000186081 -0.00281992 -0.0020855 -6.29581e-05 0.000180806 0.00029315 0.00455403 -0.00145612 -0.00479992 -0.00128995 -0.0111889 0.000151925 6.42389e-05 0.00522527 0.0153398 0.000118362 6.7369e-05 0.000306628 0.000404225 0.00131175 0.010611 0.00525001 0.0123967 0.0199174 0.00339356 0.011242 0.0034697 0.000770668
internal_weight=18964 18664 13995 625 590 13370 11379 11128 357 1991 251 162 89 10771 10588 183 49 10545 10494 9466 9309 3823 51 351 70 45 337 57 281 4669
internal_count=18964 18664 13995 625 590 13370 11379 11128 357 1991 251 162 89 10771 10588 183 49 10545 10494 9466 9309 3823 51 351 70 45 337 57 281 4669
is_linear=0
shrinkage=0.03


Tree=173
num_leaves=31
num_cat=2
split_feature=6 7 9 55 7 10 43 17 0 38 30 16 8 14 0 9 54 9 56 25 48 51 2 24 15 36 9 55 53 7
split_gain=3.69034 5.04516 7.36938 4.25432 9.26609 5.22424 4.91308 3.74463 3.73903 4.63215 4.94792 3.62379 4.68148 3.53892 5.15053 9.50983 3.68247 4.18185 3.46373 4.5908 4.19753 8.39175 3.49678 4.89043 4.16444 3.33236 3.27983 3.27757 3.24365 3.40257
threshold=15.500000000000002 50.500000000000007 23.904320716857914 0.7179843853919291 19.500000000000004 1.5000000000000002 23.187602996826175 -0.84171599999999991 0 21.125754356384281 21.30568885803223 3.3813370000000007 1.5000000000000002 1.1552303173889189 1 24.952445030212406 1.8715316376720852 24.159819602966312 0.48863029479980474 23.467289924621586 27.188048934936528 27.224306138335699 7.3900990000000002 25.307836534084476 6.0915690088463874 26.118271827697757 23.390256881713871 1.9157114645368034 0.69484175121152891 13.500000000000002
decision_type=2 2 2 2 2 2 2 8 9 2 2 10 2 8 9 2 2 2 2 2 2 2 2 2 8 2 2 2 2 2
left_child=7 3 -3 25 5 -5 -6 11 9 10 -9 -1 -13 14 15 -11 27 -18 20 26 -10 -22 24 -24 -21 28 -20 -15 29 -2
right_child=1 2 -4 4 6 -7 -8 8 18 13 -12 12 -14 16 -16 -17 17 -19 19 22 21 -23 23 -25 -26 -27 -28 -29 -30 -31
leaf_value=0.0011105941381922399 -0.0022467345493797876 -0.0026754705899463401 -0.016024552446989609 -0.0033573733585124665 0.0038803530976708445 0.0093031596397049731 0.022933852770847491 0.00041004503603882925 -0.00071238864924708166 0.024344110679626461 0.020551246649452615 0.0018196673494821878 0.020048798626022681 0.00012366362442124248 0.00079475722021677276 0.0041771570221990116 0.00016861386183235382 -0.01704225841909647 -0.0038615997788840777 0.0021056166477501389 0.023151946641504766 -0.0010848473450945069 -0.02597298110090196 -0.0049935035482048988 -0.010708362599462271 0.0090101972217821787 0.0064356270382801692 0.011225414236541838 -0.0068739901488658649 -1.078195808934854e-05
leaf_weight=2364 892 327 42 110 21 40 29 23 3266 25 21 32 21 8676 496 133 27 24 73 42 20 36 20 20 50 31 45 24 79 1955
leaf_count=2364 892 327 42 110 21 40 29 23 3266 25 21 32 21 8676 496 133 27 24 73 42 20 36 20 20 50 31 45 24 79 1955
internal_value=6.16188e-08 -0.000875616 -0.00419488 -0.00048765 0.00374692 1.87688e-05 0.0149314 0.000200064 -1.23719e-06 0.000311362 0.0100229 0.00128453 0.00904253 0.000266259 0.00239497 0.00692955 0.000107171 -0.00793062 -0.000826712 -0.00423442 -0.00057275 0.00757115 -0.00807812 -0.0154832 -0.0048585 -0.00077406 6.53088e-05 0.000154289 -0.000877721 -0.000711333
internal_weight=18964 3526 369 3157 200 150 50 15438 13021 9449 44 2417 53 9405 654 158 8751 51 3572 250 3322 56 132 40 92 2957 118 8700 2926 2847
internal_count=18964 3526 369 3157 200 150 50 15438 13021 9449 44 2417 53 9405 654 158 8751 51 3572 250 3322 56 132 40 92 2957 118 8700 2926 2847
cat_boundaries=0 1 2
cat_threshold=28170 8192
is_linear=0
shrinkage=0.03


Tree=174
num_leaves=31
num_cat=1
split_feature=9 0 40 28 10 50 53 29 7 33 10 52 53 53 7 7 46 41 55 31 44 40 51 30 50 35 35 41 56 17
split_gain=3.52916 3.41731 3.02936 5.26985 5.37404 4.86586 19.1641 4.96387 4.37879 4.09263 4.77714 5.19966 3.86861 3.64663 5.08022 3.37425 3.33646 5.02053 3.14404 3.07122 2.9157 6.29712 4.54441 4.19538 7.32358 3.28802 3.39014 4.32872 4.19057 3.79408
threshold=21.085356712341312 0 23.649876594543461 23.114592552185062 4.5000000000000009 23.48472719186255 0.90113007969947867 23.823672294616703 40.500000000000007 24.18178653717041 2.5000000000000004 0.47176818047982044 0.97204787553875671 0.74714267053662931 27.500000000000004 16.500000000000004 23.193545341491703 23.331087112426761 0.95779024825235581 23.786966323852543 23.836790084838871 23.776999473571781 22.737076886492112 26.756443977355961 25.439714050327762 23.404696464538578 23.909134864807132 23.564297676086429 0.088263511657711305 0.14253150000000001
decision_type=2 9 2 2 2 2 2 2 2 2 2 2 2 2 2 2 2 2 2 2 2 2 2 2 2 2 2 2 2 8
left_child=-1 2 3 12 5 6 7 -5 -6 10 -4 -12 13 19 -15 -11 17 -7 -18 -2 23 22 -22 24 -3 -23 -27 -28 -29 -30
right_child=1 20 9 4 8 16 -8 -9 -10 15 11 -13 -14 14 -16 -17 18 -19 -20 -21 21 25 -24 -25 -26 26 27 28 29 -31
leaf_value=-0.0037347857140237464 -0.0009203560844936523 -0.00013597480280519864 -0.0026842078725995175 0.00087233496964093861 0.0202176850518355 -0.0026835641146887635 0.032100200895220039 0.014757301814854145 0.0015463359765708446 0.0033962472040644461 -0.0054119652567342627 -0.020586637780070301 -0.0095506271409491698 0.017705835933270662 -0.0014809231832623481 -0.0019047653724666579 -0.0024555894381566236 0.015681798766766276 -0.013569352375592904 0.010879884052556008 0.017923042765818537 -0.0041843181988224388 0.003334405000955568 0.013230489939451218 -0.01498963962122798 0.0031076293651405924 -0.0097302059221424549 -0.00010785693998795612 0.00013277051654283077 0.0028154196675982584
leaf_weight=225 2656 7134 362 317 26 37 20 25 20 153 63 30 45 23 27 368 126 21 28 20 20 135 491 21 30 434 38 4157 874 1038
leaf_count=225 2656 7134 362 317 26 37 20 25 20 153 63 30 45 23 27 368 126 21 28 20 20 135 491 21 30 434 38 4157 874 1038
internal_value=7.23427e-08 4.49169e-05 -0.000689109 -0.000266784 0.00223344 0.00144276 0.00355654 0.00188732 0.0120997 -0.00216349 -0.00424228 -0.010307 -0.000826199 -0.000682179 0.00734499 -0.000348038 -0.0021666 0.00396596 -0.00447627 -0.000832163 0.000268247 0.000695676 0.00390539 -0.000158927 -0.000198176 0.000449995 0.000545643 0.000363573 0.000426773 0.00158915
internal_weight=18964 18739 4367 3391 620 574 362 342 46 976 455 93 2771 2726 50 521 212 58 154 2676 14372 7187 511 7185 7164 6676 6541 6107 6069 1912
internal_count=18964 18739 4367 3391 620 574 362 342 46 976 455 93 2771 2726 50 521 212 58 154 2676 14372 7187 511 7185 7164 6676 6541 6107 6069 1912
cat_boundaries=0 1
cat_threshold=1348
is_linear=0
shrinkage=0.03


Tree=175
num_leaves=31
num_cat=2
split_feature=6 7 9 55 7 10 47 17 0 38 20 16 14 0 9 56 42 48 39 21 39 45 17 23 53 36 33 56 35 30
split_gain=3.42529 4.71696 6.91444 3.95284 8.68715 4.87067 4.77076 3.50328 3.42921 4.37985 4.67785 3.37684 3.31021 4.83295 8.95487 3.28316 4.83629 3.92558 7.50065 3.25218 3.80821 3.15628 3.15271 3.14286 3.14061 3.21041 3.95718 3.13555 3.06554 4.87735
threshold=15.500000000000002 50.500000000000007 23.904320716857914 0.7179843853919291 19.500000000000004 1.5000000000000002 23.387329101562504 -0.84171599999999991 0 21.125754356384281 21.435713768005375 3.3813370000000007 1.1552303173889189 1 24.952445030212406 0.48863029479980474 23.832795143127445 27.188048934936528 26.993343353271488 26.044427871704105 26.346547126770023 23.510468482971195 -0.2479574999999998 26.986148834228519 0.70963598068520561 26.066856384277347 25.585768699646 0.078015327453616848 24.144039154052738 24.689877510070804
decision_type=2 2 2 2 2 2 2 8 9 2 2 10 8 9 2 2 2 2 2 2 2 2 10 2 2 2 2 2 2 2
left_child=7 3 -3 24 5 -5 -6 11 9 10 -9 -1 13 14 -11 17 -17 23 -19 -16 -21 -13 -15 -10 25 26 -2 -7 -18 -30
right_child=1 2 -4 4 6 27 -8 8 15 12 -12 21 -14 22 19 16 28 18 -20 20 -22 -23 -24 -25 -26 -27 -28 -29 29 -31
leaf_value=0.0010737873427652043 -0.00055195120957970837 -0.0025812988145567407 -0.015511773751516428 -0.0032563697722825138 0.005175962106138467 0.0005688401197548956 0.023709573729336263 -0.00049623070983216165 -0.00059686952247141193 0.023602336833346636 0.019087576293588978 0.0030312877745282919 9.9695192064393713e-05 -0.0086486431453377012 -0.0013019082454386456 -0.00078777434742626027 -0.018651901585981248 0.022060813777148722 -0.00085305933374911545 0.013375784474167417 -0.00060025680710428517 0.018134694367647169 0.0013848165417481772 -0.011068938277267779 -0.0068897513646236936 0.0087145186427303335 -0.0093295263051194066 0.017367643303005022 0.0047874988894909612 -0.011719600228326662
leaf_weight=2364 2804 327 42 110 25 20 25 21 3240 25 23 33 8751 30 58 153 24 20 36 47 28 20 466 26 73 33 47 20 24 49
leaf_count=2364 2804 327 42 110 25 20 25 21 3240 25 23 33 8751 30 58 153 24 20 36 47 28 20 466 26 73 33 47 20 24 49
internal_value=7.01746e-08 -0.000843574 -0.00405306 -0.00046844 0.00361334 3.52662e-06 0.0144428 0.000192756 -1.94957e-06 0.00029742 0.00974076 0.00124169 0.000253557 0.00231234 0.00670478 -0.000792484 -0.00411014 -0.000545197 0.00733047 0.00403266 0.00815806 0.00873069 0.000762579 -0.000680236 -0.000744515 -0.000588967 -0.000696653 0.00896824 -0.00935058 -0.00629261
internal_weight=18964 3526 369 3157 200 150 50 15438 13021 9449 44 2417 9405 654 158 3572 250 3322 56 133 75 53 496 3266 2957 2884 2851 40 97 73
internal_count=18964 3526 369 3157 200 150 50 15438 13021 9449 44 2417 9405 654 158 3572 250 3322 56 133 75 53 496 3266 2957 2884 2851 40 97 73
cat_boundaries=0 1 2
cat_threshold=28170 8192
is_linear=0
shrinkage=0.03


Tree=176
num_leaves=31
num_cat=1
split_feature=31 9 0 38 44 54 14 53 40 48 9 28 42 56 47 53 46 39 56 38 25 18 8 56 10 17 25 34 25 27
split_gain=3.40445 3.14464 2.49793 3.53848 2.6754 5.72777 7.4053 6.35506 5.45276 4.09913 4.23478 4.68095 3.97522 3.45962 3.42819 3.2125 3.16985 3.08864 3.61548 3.46906 4.33192 4.96888 5.65187 3.30829 7.8345 3.06269 4.13512 3.01808 2.88059 2.73989
threshold=21.282774925231937 32.756839752197273 0 21.125754356384281 23.836790084838871 0.55164226065968947 0.80055855412817112 0.56306832535011597 22.975465774536136 24.084901237487795 25.0109977722168 24.039395332336429 23.1298942565918 1.3670377728198242 23.328972816467289 0.59367820813935779 25.094738960266117 23.845113754272464 0.059700965881347663 24.260037422180179 23.635453224182132 24.092183113098148 3.5000000000000004 1.786651611328127 2.5000000000000004 0.19644700000000007 23.701335906982425 23.421737670898441 22.448597908020023 26.555933952331547
decision_type=2 2 9 2 2 2 8 2 2 2 2 2 2 2 2 2 2 2 2 2 2 2 2 2 2 10 2 2 2 2
left_child=-1 2 3 -2 5 7 -7 13 -6 -8 25 -12 28 16 -13 -14 -4 19 -19 20 21 22 -10 29 -25 26 -11 -24 -9 -20
right_child=1 -3 4 -5 8 6 9 12 17 10 11 14 15 -15 -16 -17 -18 18 23 -21 -22 -23 27 24 -26 -27 -28 -29 -30 -31
leaf_value=-0.001980783794427407 0.0095175951839337348 0.0062533616329971189 -4.7805252118587929e-05 -0.00048421601889250083 0.011507502546800033 0.012483046275788339 -0.0044047489943155336 0.007539990482163493 -0.00019855749217845921 0.016282119470326088 0.0041795684060674495 -0.018688871862832458 0.008179491803949248 0.011928948583928022 -0.0042781434394419194 -0.0059412961144899501 0.011921461494639515 -8.9652364784302836e-05 0.0011576425499939134 0.0098933626793701775 -0.00074255898359065905 0.016078626690432429 0.02043326437739389 0.0049394713122058991 -0.016063413479395452 -0.002558095942033821 0.0026648628065330821 0.0053881230098860606 0.020738537177993829 0.0040053183094237469
leaf_weight=750 32 74 4599 6165 42 29 560 46 124 26 33 24 29 22 39 29 20 3729 1608 57 236 32 21 33 31 61 88 28 22 375
leaf_count=750 32 74 4599 6165 42 29 560 46 124 26 33 24 29 22 39 29 20 3729 1608 57 236 32 21 33 31 61 88 28 22 375
internal_value=6.80638e-08 8.16338e-05 5.6457e-05 -0.000431872 0.000309944 -0.000165506 -0.00241896 0.000241033 0.000734018 -0.00293901 8.98318e-05 -0.00497349 0.00688885 6.05494e-05 -0.00976794 0.0011191 4.02097e-06 0.000661898 0.000466449 0.00292879 0.00202861 0.00521883 0.00321009 0.00147949 -0.0052338 0.00286742 0.00577055 0.011836 0.0118101 0.00169616
internal_weight=18964 18214 18140 6197 11943 5627 860 4767 6316 831 271 96 126 4641 63 58 4619 6274 5776 498 441 205 173 2047 64 175 114 49 68 1983
internal_count=18964 18214 18140 6197 11943 5627 860 4767 6316 831 271 96 126 4641 63 58 4619 6274 5776 498 441 205 173 2047 64 175 114 49 68 1983
cat_boundaries=0 1
cat_threshold=1349
is_linear=0
shrinkage=0.03


Tree=177
num_leaves=31
num_cat=0
split_feature=18 6 6 7 7 7 8 10 32 19 7 8 7 7 21 31 17 15 6 54 8 17 7 7 5 19 8 51 28 6
split_gain=3.26384 3.25306 8.50308 5.32137 14.7175 8.42339 10.9016 8.47898 8.27986 6.44525 5.26138 6.72573 8.50256 8.47112 6.39513 5.0432 6.83508 4.95623 4.93669 5.0633 6.21993 11.4684 15.5504 9.90167 9.37592 7.04171 6.73994 6.33209 10.0025 7.66577
threshold=21.087455749511722 14.500000000000002 13.500000000000002 32.500000000000007 17.500000000000004 8.5000000000000018 3.5000000000000004 3.5000000000000004 25.580118179321293 23.589595794677738 44.500000000000007 2.5000000000000004 36.500000000000007 36.500000000000007 26.365627288818363 23.031934738159183 2.1721440000000007 7.6204164403753287 10.500000000000002 0.12577293759477939 1.5000000000000002 -1.5170149999999998 46.500000000000007 19.500000000000004 0.33264700000000008 23.829478261425781 3.5000000000000004 26.507444254653894 27.19608306884766 12.500000000000002
decision_type=2 2 2 2 2 2 2 2 2 2 2 2 2 2 2 2 8 8 2 2 2 10 2 2 2 2 2 2 2 2
left_child=-1 2 18 4 5 6 8 -7 15 -8 11 12 17 -13 -12 16 -4 -5 -2 -20 21 22 23 25 -24 -21 -22 29 -29 -23
right_child=1 -3 3 10 -6 7 9 -9 -10 -11 14 13 -14 -15 -16 -17 -18 -19 19 20 26 27 24 -25 -26 -27 -28 28 -30 -31
leaf_value=-0.0035916557100911933 0.00071963314877201436 -0.00054556831339996165 0.018615626648068425 -0.00094190549909729847 0.0075453606436703688 -0.0049157792162150141 0.028593943879008293 0.012747263712808489 0.018438104561397009 0.0085542702210547692 0.0037715425854861332 0.0028728673210662234 0.0061010491498355033 -0.010426857905906878 -0.0061035539472804349 -0.0071893603464918609 -0.00081329772444653568 -0.017889947444200516 0.0017187063933683587 0.019320167331741408 -0.0026367561533778079 -0.0024458230176286231 0.032732228404842315 -0.0016968561703106387 0.010192895609581349 0.0033295451404924009 -0.00010762016727471351 -0.027063723600336483 -0.0020761873184338862 0.0026889532564630652
leaf_weight=225 4697 5822 20 44 468 260 20 27 21 52 447 64 134 132 68 79 88 24 766 39 2191 659 20 258 98 68 1672 21 46 434
leaf_count=225 4697 5822 20 44 468 260 20 27 21 52 447 64 134 132 68 79 88 24 766 39 2191 659 20 258 98 68 1672 21 46 434
internal_value=6.6025e-08 4.3192e-05 0.00030856 0.00213505 0.00360772 0.000357597 0.00405959 -0.0032541 0.000576842 0.0141208 0.000465601 -0.00212498 0.00171652 -0.00608409 0.00246765 -0.00142897 0.00278465 -0.00692357 -1.58088e-05 -0.00056657 -0.000884499 0.000661607 0.00454587 0.00148522 0.0140131 0.0091579 -0.00154208 -0.000955719 -0.0099081 -0.000406946
internal_weight=18964 18739 12917 1948 1035 567 280 287 208 72 913 398 202 196 515 187 108 68 10969 6272 5506 1643 483 365 118 107 3863 1160 67 1093
internal_count=18964 18739 12917 1948 1035 567 280 287 208 72 913 398 202 196 515 187 108 68 10969 6272 5506 1643 483 365 118 107 3863 1160 67 1093
is_linear=0
shrinkage=0.03


Tree=178
num_leaves=31
num_cat=1
split_feature=51 31 27 0 53 54 12 17 15 7 45 28 28 38 53 17 25 10 48 53 28 14 22 27 31 31 53 54 53 28
split_gain=3.16765 5.95113 3.96476 3.07732 3.67148 7.34819 7.77804 6.21402 5.91071 5.04651 4.75871 4.36308 5.02076 4.09592 3.9246 3.87093 3.85369 4.49421 3.85174 3.62931 4.83663 3.5491 3.49516 4.85733 5.8696 5.06484 4.51082 4.10628 8.81639 5.55059
threshold=28.34307750069198 28.122438430786136 28.719320297241214 0 0.49722596472097808 0.59533663954746674 1.5000000000000002 0.11517800000000024 2.7036289626070755 45.500000000000007 25.651776313781742 25.625025749206547 25.408715248107914 26.986148834228519 0.94668982800692902 1.9033090000000004 27.369404792785648 2.5000000000000004 25.945590591430669 0.56833102797875334 26.12358379364014 7.3371728645527181 28.213761329650882 27.018179893493656 27.254744529724125 25.82744121551514 0.83641066221078797 1.2656684765438151 1.22734178158736 27.026253700256351
decision_type=2 2 2 9 2 2 2 10 8 2 2 2 2 2 2 10 2 2 2 2 2 10 2 2 2 2 2 2 2 2
left_child=2 -2 3 4 -1 11 8 10 13 14 -8 12 21 18 15 19 17 -16 -7 20 -10 -6 23 27 25 -25 -27 28 29 -5
right_child=1 -3 -4 22 5 6 7 -9 9 -11 -12 -13 -14 -15 16 -17 -18 -19 -20 -21 -22 -23 -24 24 -26 26 -28 -29 -30 -31
leaf_value=5.574547702267493e-05 0.017231240670966066 0.001620652974200449 -0.007577965080383278 -0.00047861909848084344 0.0053489441036801266 -0.0046070752313157708 0.019298645973552103 0.001499020035321615 0.0080060480073951851 0.0046104764286592111 0.0023926940657522369 -0.0019179129218361503 0.019369506172581829 0.0064065609340156829 0.0048215399455899992 -0.011516504020404977 0.014354560342617333 -0.0077202821793616741 -0.015417243598827294 -0.0026474453714382812 -0.0084940730580793967 -0.0056513833773455448 -0.010634754104539752 0.0013956000691940707 -0.00080007984492651838 0.0088449531356589155 0.027795691050589086 -0.0045647827429848523 0.014244101346042511 0.010721223987406119
leaf_weight=6993 23 495 63 9113 461 101 43 98 67 187 23 87 22 21 90 37 24 36 42 409 21 28 30 31 81 26 20 215 37 40
leaf_count=6993 23 495 63 9113 461 101 43 98 67 187 23 87 22 21 90 37 24 36 42 409 21 28 30 31 81 26 20 215 37 40
internal_value=6.40416e-08 0.00231379 -6.49099e-05 -3.9162e-05 0.000366135 0.00157605 0.000221241 0.00629133 -0.00074059 0.000243158 0.0134072 0.00429247 0.00534981 -0.00596525 -0.000950831 -0.00215522 0.00333679 0.00123816 -0.00778209 -0.0014583 0.00406852 0.00471907 -0.000410487 -0.000378842 0.00483759 0.0107681 0.0170844 -0.000466476 -0.000370596 -0.000429674
internal_weight=18964 518 18446 18383 8790 1797 1199 164 1035 871 66 598 511 164 684 534 150 126 143 497 88 489 9593 9563 158 77 46 9405 9190 9153
internal_count=18964 518 18446 18383 8790 1797 1199 164 1035 871 66 598 511 164 684 534 150 126 143 497 88 489 9593 9563 158 77 46 9405 9190 9153
cat_boundaries=0 1
cat_threshold=14858
is_linear=0
shrinkage=0.03


Tree=179
num_leaves=31
num_cat=1
split_feature=50 18 59 55 38 29 54 8 35 53 6 6 42 0 22 46 34 49 34 32 52 48 51 38 17 51 54 56 47 29
split_gain=3.11155 2.93329 2.74111 6.81639 8.38785 5.76575 7.02215 4.25329 3.7531 3.74649 2.86323 3.13973 5.58461 7.03678 6.32148 5.35253 6.95725 7.34209 4.43624 6.28156 9.62406 4.92975 10.4245 6.0334 4.81627 8.53272 4.89226 3.92716 4.0381 6.03819
threshold=21.198670005723759 32.761945724487312 5.5000000000000009 0.68359556342267103 26.809333801269535 26.835339546203617 0.43462416610230786 3.5000000000000004 23.672368049621586 0.69484175121152891 15.500000000000002 13.500000000000002 28.583417892456058 0 24.497134208679203 23.117939949035648 24.79029750823975 25.67944211965381 25.924077033996586 25.252242088317875 0.4996501398849364 23.615239524841311 24.961670684686613 24.731017112731937 0.33191400000000032 26.553270657898441 0.83491398219273427 0.063564302568359224 28.074522972106937 27.914534568786625
decision_type=2 2 2 2 2 2 2 2 2 2 2 2 2 9 2 2 2 2 2 2 2 2 2 2 10 2 2 2 2 2
left_child=-1 2 10 -4 5 6 -5 8 -8 -10 11 27 13 18 -15 -16 17 -17 19 20 -13 -22 23 -23 -20 26 -26 -2 -29 -30
right_child=1 -3 3 4 -6 -7 7 -9 9 -11 -12 12 -14 14 15 16 -18 -19 24 -21 21 22 -24 -25 25 -27 -28 28 29 -31
leaf_value=-0.0030309398167235485 -0.00058355461932772118 0.0060097989314109885 0.00049019973879790011 0.022603122345171867 -0.0087391644799047052 0.023994478572692188 0.0085215462790802117 0.013543602016063467 0.0029436786666822926 -0.013533119622455991 -0.00094152123306481155 0.0011313261113865599 -0.0094657325907114963 0.00098723664110662119 0.012331789378076791 -0.005282488977078531 -0.00080550824653300432 -0.022930067619308828 0.003936902253529901 -0.0030525082414703708 0.0015716597829860718 0.014143695893807935 0.0018049051494409259 0.032868261773671421 0.011562347762201997 -0.001189245464199263 0.031806018011910575 0.00043471744729135054 0.013969747441378421 0.0013413723622351912
leaf_weight=300 7007 74 1220 22 27 21 32 31 27 23 2883 496 47 2085 22 183 509 24 161 175 55 59 52 21 22 23 21 3185 50 107
leaf_count=300 7007 74 1220 22 27 21 32 31 27 23 2883 496 47 2085 22 183 509 24 161 175 55 59 52 21 22 23 21 3185 50 107
internal_value=6.2124e-08 4.87816e-05 2.5053e-05 0.00130007 0.0066992 0.00937123 0.0070965 0.00407751 0.000498867 -0.00463565 -7.90285e-05 9.48087e-05 0.000813785 0.000937413 0.000142134 -0.00224352 -0.00269137 -0.00732859 0.00297785 0.0020186 0.00331793 0.00911769 0.0122619 0.0190589 0.00673474 0.0135598 0.0214488 -0.000179957 0.000666245 0.00536315
internal_weight=18964 18664 18590 1403 183 156 135 113 82 50 17187 14304 3955 3908 2823 738 716 207 1085 858 683 187 132 80 227 66 43 10349 3342 157
internal_count=18964 18664 18590 1403 183 156 135 113 82 50 17187 14304 3955 3908 2823 738 716 207 1085 858 683 187 132 80 227 66 43 10349 3342 157
cat_boundaries=0 1
cat_threshold=8832
is_linear=0
shrinkage=0.03


Tree=180
num_leaves=31
num_cat=0
split_feature=7 53 56 54 54 55 16 19 48 32 25 55 55 34 31 56 16 55 20 20 54 32 53 28 17 41 8 46 47 15
split_gain=3.09808 5.87926 5.5452 4.64843 4.93806 4.49842 4.42693 4.11139 3.993 4.29878 4.31407 5.73045 5.66216 3.55572 3.11819 3.17849 7.41512 3.02821 6.54328 3.79922 2.93273 2.87427 2.59663 2.56708 10.5379 2.60501 2.86232 8.39579 4.21502 3.84056
threshold=50.500000000000007 0.97204787553875671 1.2576656341552737 0.88563497084160703 1.1357041280018021 0.51503076409620296 -1.4758414999999994 24.665371894836429 26.567572784423831 27.737023353576664 26.993343353271488 1.2925054985735935 1.0111568970488765 27.958295822143558 21.282774925231937 0.7691144943237288 3.9083825000000005 0.66516671619499379 25.114328384399418 25.658951759338382 0.94964157952365424 28.146989822387699 1.355801169640211 26.908382415771488 -0.078476500000000157 26.995192527771 1.5000000000000002 27.365855216979984 26.057362556457523 7.800888263088436
decision_type=2 2 2 2 2 2 8 2 2 2 2 2 2 2 2 2 10 2 2 2 2 2 2 2 8 2 2 2 2 8
left_child=8 2 3 -2 -5 -4 22 -8 9 10 14 12 -12 21 -1 23 17 -17 -19 -20 -21 -11 -3 25 -25 26 27 28 -16 -30
right_child=1 6 5 4 -6 -7 7 -9 -10 13 11 -13 -14 -15 15 16 -18 18 19 20 -22 -23 -24 24 -26 -27 -28 -29 29 -31
leaf_value=-0.0019861137121889362 -0.0010402384050805572 -0.0076473324266927581 0.019678136905921358 0.016594622043027942 -0.00020343027077615261 0.0021150178927928209 -0.0079929182234991462 0.0074333204685345941 0.0019318737053188751 -0.0096307643077203197 0.0078856973350048057 0.015448721607068653 -0.010403724297881126 -0.013682472263840404 0.0012338649290502665 -0.0012034656161169304 0.011286081795891125 -0.009899304359491299 0.010489796771166416 -0.0094561191532205064 0.0048658482980152417 0.0051676037162542345 -0.022395550107414071 0.018517798402839722 -0.0023250333796881258 -0.0034298700293115638 7.0459464175568808e-06 0.018392715615034104 -0.00751797033155489 0.0013715520609889321
leaf_weight=660 2549 21 21 28 36 35 48 23 1068 21 39 38 25 37 2605 399 36 127 26 31 22 27 22 34 61 177 10546 25 98 79
leaf_count=660 2549 21 21 28 36 35 48 23 1068 21 39 38 25 37 2605 399 36 127 26 31 22 27 22 34 61 177 10546 25 98 79
internal_value=6.02569e-08 -0.000924529 -0.000639556 -0.00083974 0.00714572 0.00870119 -0.0075964 -0.00299569 0.000159082 3.38031e-05 7.18551e-05 0.00622059 0.000741392 -0.00669379 2.98364e-05 0.000123102 -0.00194142 -0.00272851 -0.00568237 0.00109676 -0.00351115 -0.00130668 -0.0151929 0.000220229 0.00513451 0.000185724 0.00023365 0.00108501 0.000929479 -0.00355033
internal_weight=18964 2783 2669 2613 64 56 114 71 16181 15113 15028 102 64 85 14926 14266 641 605 206 79 53 48 43 13625 95 13530 13353 2807 2782 177
internal_count=18964 2783 2669 2613 64 56 114 71 16181 15113 15028 102 64 85 14926 14266 641 605 206 79 53 48 43 13625 95 13530 13353 2807 2782 177
is_linear=0
shrinkage=0.03


end of trees

feature_importances:
source_temp=613
hour=473
minute=345
temp_lag_1=274
temp_roll_mean_5=238
temp_roll_std_20=210
temp_roll_std_30=193
temp_roll_std_10=189
temp_roll_mean_10=166
temp_roll_std_5=154
nearest_person_dy=137
object_id=128
day_of_week=114
temp_lag_2=109
temp_roll_mean_30=95
people_count_total=88
temp_lag_30=88
temp_lag_29=87
nearest_person_dx=86
temp_lag_11=80
temp_delta_1=80
temp_lag_9=76
temp_lag_10=70
temp_roll_mean_20=70
nearest_person_distance=67
temp_lag_8=67
temp_lag_3=66
temp_lag_4=65
temp_lag_12=65
temp_lag_7=57
temp_lag_27=52
mean_person_distance=51
temp_lag_5=50
temp_lag_16=48
temp_lag_19=48
temp_lag_6=42
temp_lag_17=42
temp_lag_23=41
temp_lag_15=40
temp_lag_14=38
display_y=37
temp_lag_22=37
temp_lag_24=37
temp_lag_28=37
temp_lag_26=36
temp_lag_13=34
temp_lag_18=29
temp_lag_21=28
display_x=27
target_minutes_ahead=27
people_count_within_2m=26
temp_lag_25=24
temp_lag_20=23
seconds_since_previous=9
anchor_y=7
anchor_x=5
people_count_within_1m=3
canonical_label=1
people_count_within_3m=1

parameters:
[boosting: gbdt]
[objective: regression]
[metric: rmse,l2]
[tree_learner: serial]
[device_type: cpu]
[data_sample_strategy: bagging]
[data: ]
[valid: ]
[num_iterations: 1200]
[learning_rate: 0.03]
[num_leaves: 31]
[num_threads: 8]
[seed: 42]
[deterministic: 0]
[force_col_wise: 0]
[force_row_wise: 0]
[histogram_pool_size: -1]
[max_depth: -1]
[min_data_in_leaf: 20]
[min_sum_hessian_in_leaf: 0.001]
[bagging_fraction: 0.85]
[pos_bagging_fraction: 1]
[neg_bagging_fraction: 1]
[bagging_freq: 0]
[bagging_seed: 400]
[bagging_by_query: 0]
[feature_fraction: 0.85]
[feature_fraction_bynode: 1]
[feature_fraction_seed: 30056]
[extra_trees: 0]
[extra_seed: 12879]
[early_stopping_round: 0]
[early_stopping_min_delta: 0]
[first_metric_only: 0]
[max_delta_step: 0]
[lambda_l1: 0]
[lambda_l2: 0]
[linear_lambda: 0]
[min_gain_to_split: 0]
[drop_rate: 0.1]
[max_drop: 50]
[skip_drop: 0.5]
[xgboost_dart_mode: 0]
[uniform_drop: 0]
[drop_seed: 17869]
[top_rate: 0.2]
[other_rate: 0.1]
[min_data_per_group: 100]
[max_cat_threshold: 32]
[cat_l2: 10]
[cat_smooth: 10]
[max_cat_to_onehot: 4]
[top_k: 20]
[monotone_constraints: ]
[monotone_constraints_method: basic]
[monotone_penalty: 0]
[feature_contri: ]
[forcedsplits_filename: ]
[refit_decay_rate: 0.9]
[cegb_tradeoff: 1]
[cegb_penalty_split: 0]
[cegb_penalty_feature_lazy: ]
[cegb_penalty_feature_coupled: ]
[path_smooth: 0]
[interaction_constraints: ]
[verbosity: -1]
[saved_feature_importance_type: 0]
[use_quantized_grad: 0]
[num_grad_quant_bins: 4]
[quant_train_renew_leaf: 0]
[stochastic_rounding: 1]
[linear_tree: 0]
[max_bin: 255]
[max_bin_by_feature: ]
[min_data_in_bin: 3]
[bin_construct_sample_cnt: 200000]
[data_random_seed: 175]
[is_enable_sparse: 1]
[enable_bundle: 1]
[use_missing: 1]
[zero_as_missing: 0]
[feature_pre_filter: 1]
[pre_partition: 0]
[two_round: 0]
[header: 0]
[label_column: ]
[weight_column: ]
[group_column: ]
[ignore_column: ]
[categorical_feature: 0,1]
[forcedbins_filename: ]
[precise_float_parser: 0]
[parser_config_file: ]
[objective_seed: 16083]
[num_class: 1]
[is_unbalance: 0]
[scale_pos_weight: 1]
[sigmoid: 1]
[boost_from_average: 1]
[reg_sqrt: 0]
[alpha: 0.9]
[fair_c: 1]
[poisson_max_delta_step: 0.7]
[tweedie_variance_power: 1.5]
[lambdarank_truncation_level: 30]
[lambdarank_norm: 1]
[label_gain: ]
[lambdarank_position_bias_regularization: 0]
[eval_at: ]
[multi_error_top_k: 1]
[auc_mu_weights: ]
[num_machines: 1]
[local_listen_port: 12400]
[time_out: 120]
[machine_list_filename: ]
[machines: ]
[gpu_platform_id: -1]
[gpu_device_id: -1]
[gpu_use_dp: 0]
[num_gpu: 1]

end of parameters

pandas_categorical:[["light_1", "light_2", "light_3", "light_4", "machine_1", "machine_2", "machine_3", "machine_4", "machine_5", "machine_6", "machine_7", "machine_8", "screen_1", "screen_2", "window_1"], ["Light", "Machine", "Screen", "Window"]]
