split,mae,rmse,r2
train,0.8025242339518336,1.2902534411549675,0.7659481241447386
valid,1.0039839449730275,1.4824749424035064,0.4770703545802709
test,1.7170134251777118,2.340243200245269,0.31813268615338464
