split,mae,rmse,r2
train,0.27067223448697786,0.4131182762412091,0.8482410884365087
valid,0.346884454745383,0.5040524942813147,0.6533494426096671
test,0.43826431434186597,0.6456893125048239,0.7170105652444937
